+++ --- Making target/sonic-vs.bin --- +++
./scripts/run_with_retry make BLDENV=trixie -f Makefile.work target/sonic-vs.bin
make[1]: Entering directory '/data/sonic/sonic-dzf-time-measure'
sudo: A terminal is required to authenticate
"SECURE_UPGRADE_PROD_SIGNING_TOOL": ""
/data/sonic/sonic-dzf-time-measure/src/sonic-build-hooks /data/sonic/sonic-dzf-time-measure
make[2]: Entering directory '/data/sonic/sonic-dzf-time-measure/src/sonic-build-hooks'
dpkg-deb: warning: root directory tmp/sonic-build-hooks has unusual owner or group 17388989:983
dpkg-deb: hint: you might need to pass --root-owner-group, see <https://wiki.debian.org/Teams/Dpkg/RootlessBuilds> for further details
dpkg-deb: warning: ignoring 1 warning about the control file(s)
dpkg-deb: building package 'sonic-build-hooks' in 'buildinfo/sonic-build-hooks_1.0_all.deb'.
make[2]: Leaving directory '/data/sonic/sonic-dzf-time-measure/src/sonic-build-hooks'
/data/sonic/sonic-dzf-time-measure
Checking sonic-slave-base image: sonic-slave-trixie:ca17477b760
Checking sonic-slave-user image: sonic-slave-trixie-qiuying.xzc:0e69d80ab15
SONiC Build System

Build Configuration
"CONFIGURED_PLATFORM"             : "vs"
"CONFIGURED_ARCH"                 : "amd64"
"SONIC_CONFIG_PRINT_DEPENDENCIES" : ""
"SONIC_BUILD_JOBS"                : "8"
"SONIC_CONFIG_MAKE_JOBS"          : "192"
"USE_NATIVE_DOCKERD_FOR_BUILD"    : ""
"USE_DOCKER_CACHE"               : ""
"SONIC_CONFIG_USE_CCACHE"         : "n"
"USERNAME"                        : "admin"
"PASSWORD"                        : "YourPaSsWoRd"
"CHANGE_DEFAULT_PASSWORD"         : "n"
"SECURE_UPGRADE_MODE"             : "no_sign"
"SECURE_UPGRADE_DEV_SIGNING_KEY"  : ""
"SECURE_UPGRADE_SIGNING_CERT"     : ""
"SECURE_UPGRADE_KERNEL_CAFILE"    : ""
"SECURE_UPGRADE_PROD_SIGNING_TOOL": ""
"SECURE_UPGRADE_PROD_TOOL_ARGS"   : ""
"ONIE_IMAGE_PART_SIZE"            : ""
"SHUTDOWN_BGP_ON_START"           : ""
"ENABLE_PFCWD_ON_START"           : ""
"SONIC_BUFFER_MODEL"              : ""
"INSTALL_DEBUG_TOOLS"             : ""
"ROUTING_STACK"                   : "frr"
"FRR_USER_UID"                    : "300"
"FRR_USER_GID"                    : "300"
"ENABLE_FRR_TCMALLOC"             : "y"
"ENABLE_SYNCD_RPC"                : ""
"SAITHRIFT_V2"                    : ""
"ENABLE_ORGANIZATION_EXTENSIONS"  : "y"
"HTTP_PROXY"                      : "http://127.0.0.1:9"
"HTTPS_PROXY"                     : "http://127.0.0.1:9"
"NO_PROXY"                        : "localhost,127.0.0.1,0.0.0.0"
"ENABLE_ZTP"                      : ""
"INCLUDE_PDE"                     : ""
"SONIC_DEBUGGING_ON"              : ""
"SONIC_PROFILING_ON"              : ""
"KERNEL_PROCURE_METHOD"           : "build"
"BUILD_TIMESTAMP"                 : "20260906.033359"
"BUILD_LOG_TIMESTAMP"             : "none"
"SONIC_IMAGE_VERSION"             : "master.0-dirty-20260906.033359"
"BLDENV"                          : "trixie"
"VS_PREPARE_MEM"                  : "yes"
"INCLUDE_MGMT_FRAMEWORK"          : "y"
"INCLUDE_ICCPD"                   : "n"
"INCLUDE_STP"                     : ""
"INCLUDE_SYSTEM_TELEMETRY"        : "n"
"INCLUDE_SYSTEM_GNMI"             : "y"
"INCLUDE_SYSTEM_BMP"              : "y"
"INCLUDE_SYSTEM_OTEL"             : "y"
"INCLUDE_SYSTEM_EVENTD"           : "y"
"ENABLE_HOST_SERVICE_ON_START"    : "y"
"INCLUDE_RESTAPI"                 : "n"
"INCLUDE_SFLOW"                   : "y"
"INCLUDE_NAT"                     : "y"
"INCLUDE_DHCP_RELAY"              : "y"
"INCLUDE_DHCP_SERVER"             : "n"
"INCLUDE_P4RT"                    : "n"
"INCLUDE_VS_DASH_SAI"             : "y"
"INCLUDE_KUBERNETES"              : "n"
"INCLUDE_KUBERNETES_MASTER"       : "n"
"INCLUDE_MACSEC"                  : "y"
"INCLUDE_MUX"                     : "y"
"INCLUDE_TEAMD"                   : "y"
"INCLUDE_DASH_HA"                 : "y"
"INCLUDE_ROUTER_ADVERTISER"       : "y"
"INCLUDE_SNMP"                    : "y"
"INCLUDE_LLDP"                    : "y"
"INCLUDE_BOOTCHART                : "y"
"ENABLE_BOOTCHART                 : "n"
"INCLUDE_FIPS"                    : "y"
"ENABLE_TRANSLIB_WRITE"           : ""
"ENABLE_NATIVE_WRITE"             : "y"
"ENABLE_DIALOUT"                  : ""
"ENABLE_AUTO_TECH_SUPPORT"        : "y"
"PDDF_SUPPORT"                    : "y"
"MULTIARCH_QEMU_ENVIRON"          : "n"
"SONIC_VERSION_CONTROL_COMPONENTS": "py2,py3,web,git,docker"
"ENABLE_ASAN"                     : "n"
"DEFAULT_CONTAINER_REGISTRY"      : "publicmirror.azurecr.io/"
"BUILD_MULTIASIC_KVM"             : "n"
"CROSS_BUILD_ENVIRON"             : "n"
"INCLUDE_EXTERNAL_PATCHES"        : "n"
"PTF_ENV_PY_VER"                  : "py3"
"ENABLE_MULTIDB"                  : ""
"ENABLE_SBOM"                     : "n"
"SBOM_FORMAT"                     : "both"
"SBOM_SCAN_TOOL"                  : "syft"
"SBOM_INCLUDE_LICENSES"           : "y"
"SBOM_STRICT"                     : "y"

"SONIC_DPKG_CACHE_METHOD"         : "none"

[ building ] [ target/debs/trixie/systemd-sonic-generator_1.0.0_amd64.deb ] 
[ building ] [ target/debs/trixie/sonic-platform-vs_1.0_amd64.deb ] 
[ building ] [ target/debs/trixie/initramfs-tools_0.142_all.deb ] 
[ building ] [ target/debs/trixie/linux-headers-6.12.41+deb13-common-sonic_6.12.41-1_all.deb ] 
[ building ] [ target/debs/trixie/sonic-device-data_1.0-1_all.deb ] 
[ building ] [ target/debs/trixie/ifupdown2_3.0.0-1_all.deb ] 
[ building ] [ target/debs/trixie/makedumpfile_1.7.7-1_amd64.deb ] 
[ building ] [ target/debs/trixie/kdump-tools_1.10.7_amd64.deb ] 
[ finished ] [ target/debs/trixie/initramfs-tools_0.142_all.deb ] 
[ building ] [ target/debs/trixie/libpam-radius-auth_1.4.1-1_amd64.deb ] 
[ finished ] [ target/debs/trixie/sonic-platform-vs_1.0_amd64.deb ] 
[ building ] [ target/debs/trixie/libnss-radius_1.0.1-1_amd64.deb ] 
[ finished ] [ target/debs/trixie/libnss-radius_1.0.1-1_amd64.deb ] 
[ building ] [ target/debs/trixie/libtac2_1.4.1-1_amd64.deb ] 
[ finished ] [ target/debs/trixie/makedumpfile_1.7.7-1_amd64.deb ] 
[ finished ] [ target/debs/trixie/kdump-tools_1.10.7_amd64.deb ] 
[ finished ] [ target/debs/trixie/ifupdown2_3.0.0-1_all.deb ] 
[ building ] [ target/debs/trixie/monit_5.34.3-1_amd64.deb ] 
[ building ] [ target/debs/trixie/libnl-3-200_3.7.0-0.2+b1sonic1_amd64.deb ] 
[ building ] [ target/debs/trixie/libyang3_3.12.2-1_amd64.deb ] 
[ finished ] [ target/debs/trixie/systemd-sonic-generator_1.0.0_amd64.deb ] 
[ building ] [ target/debs/trixie/sonic-nettools_0.0.1-0_amd64.deb ] 
[ finished ] [ target/debs/trixie/libtac2_1.4.1-1_amd64.deb ] 
[ building ] [ target/python-wheels/trixie/redis_dump_load-1.1-py3-none-any.whl ] 
[ finished ] [ target/debs/trixie/sonic-nettools_0.0.1-0_amd64.deb ] 
[ building ] [ target/debs/trixie/sonic-host-services-data_1.0-1_all.deb ] 
[ finished ] [ target/debs/trixie/sonic-host-services-data_1.0-1_all.deb ] 
[ building ] [ target/debs/trixie/socat_1.7.4.1-3_amd64.deb ] 
[ finished ] [ target/python-wheels/trixie/redis_dump_load-1.1-py3-none-any.whl ] 
[ building ] [ target/debs/trixie/bash_5.2.37-2_amd64.deb ] 
[ finished ] [ target/debs/trixie/libpam-radius-auth_1.4.1-1_amd64.deb ] 
[ finished ] [ target/debs/trixie/libyang3_3.12.2-1_amd64.deb ] 
[ building ] [ target/debs/trixie/libtac2_1.4.1-1_amd64.deb-install ] 
[ building ] [ target/debs/trixie/libyang3_3.12.2-1_amd64.deb-install ] 
[ finished ] [ target/debs/trixie/libtac2_1.4.1-1_amd64.deb-install ] 
[ building ] [ target/debs/trixie/sedutil_1.15-5ad84d8_amd64.deb ] 
[ finished ] [ target/debs/trixie/sedutil_1.15-5ad84d8_amd64.deb ] 
[ building ] [ target/debs/trixie/grub2-common_2.06-13+deb13u1_amd64.deb ] 
[ finished ] [ target/debs/trixie/libyang3_3.12.2-1_amd64.deb-install ] 
[ building ] [ target/files/trixie/swss_vars.j2 ] 
[ finished ] [ target/files/trixie/swss_vars.j2 ] 
[ building ] [ target/files/trixie/rsyslog_plugin.conf.j2 ] 
[ finished ] [ target/files/trixie/rsyslog_plugin.conf.j2 ] 
[ building ] [ target/files/trixie/container ] 
[ finished ] [ target/files/trixie/container ] 
[ building ] [ target/files/trixie/readiness_probe.sh ] 
[ finished ] [ target/files/trixie/readiness_probe.sh ] 
[ building ] [ target/files/trixie/container_startup.py ] 
[ finished ] [ target/files/trixie/container_startup.py ] 
[ building ] [ target/python-wheels/trixie/redis_dump_load-1.1-py3-none-any.whl-install ] 
[ finished ] [ target/python-wheels/trixie/redis_dump_load-1.1-py3-none-any.whl-install ] 
[ building ] [ target/debs/trixie/iproute2_6.15.0-1+sonic.0_amd64.deb ] 
[ finished ] [ target/debs/trixie/libnl-3-200_3.7.0-0.2+b1sonic1_amd64.deb ] 
[ building ] [ target/debs/trixie/libssl3t64_3.5.4-1+fips_amd64.deb ] 
[ finished ] [ target/debs/trixie/libssl3t64_3.5.4-1+fips_amd64.deb ] 
[ building ] [ target/debs/trixie/libssl-dev_3.5.4-1+fips_amd64.deb ] 
[ finished ] [ target/debs/trixie/libssl-dev_3.5.4-1+fips_amd64.deb ] 
[ building ] [ target/debs/trixie/openssl_3.5.4-1+fips_amd64.deb ] 
[ finished ] [ target/debs/trixie/openssl_3.5.4-1+fips_amd64.deb ] 
[ building ] [ target/debs/trixie/libk5crypto3_1.21.3-5+fips_amd64.deb ] 
[ finished ] [ target/debs/trixie/libk5crypto3_1.21.3-5+fips_amd64.deb ] 
[ building ] [ target/debs/trixie/libkrb5support0_1.21.3-5+fips_amd64.deb ] 
[ finished ] [ target/debs/trixie/libkrb5support0_1.21.3-5+fips_amd64.deb ] 
[ building ] [ target/debs/trixie/libkrb5-3_1.21.3-5+fips_amd64.deb ] 
[ finished ] [ target/debs/trixie/libkrb5-3_1.21.3-5+fips_amd64.deb ] 
[ building ] [ target/debs/trixie/libgssapi-krb5-2_1.21.3-5+fips_amd64.deb ] 
[ finished ] [ target/debs/trixie/libgssapi-krb5-2_1.21.3-5+fips_amd64.deb ] 
[ building ] [ target/debs/trixie/libnl-3-200_3.7.0-0.2+b1sonic1_amd64.deb-install ] 
[ finished ] [ target/debs/trixie/libnl-3-200_3.7.0-0.2+b1sonic1_amd64.deb-install ] 
[ building ] [ target/debs/trixie/p4lang-pi_0.1.1-1_amd64.deb ] 
[ finished ] [ target/debs/trixie/monit_5.34.3-1_amd64.deb ] 
[ building ] [ target/debs/trixie/libnexthopgroup_1.0.0_amd64.deb ] 
[ finished ] [ target/debs/trixie/socat_1.7.4.1-3_amd64.deb ] 
[ building ] [ target/debs/trixie/libdashapi_1.0.0_amd64.deb ] 
[ finished ] [ target/debs/trixie/iproute2_6.15.0-1+sonic.0_amd64.deb ] 
[ building ] [ target/files/trixie/90-sonic.conf ] 
[ finished ] [ target/files/trixie/90-sonic.conf ] 
[ finished ] [ target/debs/trixie/libnexthopgroup_1.0.0_amd64.deb ] 
[ building ] [ target/files/trixie/update_chassisdb_config ] 
[ finished ] [ target/files/trixie/update_chassisdb_config ] 
[ building ] [ target/files/trixie/container_checker ] 
[ finished ] [ target/files/trixie/container_checker ] 
[ building ] [ target/files/trixie/gnmi.sh ] 
[ finished ] [ target/files/trixie/gnmi.sh ] 
[ building ] [ target/files/trixie/k8s_pod_control.sh ] 
[ finished ] [ target/files/trixie/k8s_pod_control.sh ] 
[ building ] [ target/debs/trixie/lldpd_1.0.16-1+deb12u1_amd64.deb ] 
[ finished ] [ target/debs/trixie/libdashapi_1.0.0_amd64.deb ] 
[ building ] [ target/files/trixie/arp_update ] 
[ finished ] [ target/files/trixie/arp_update ] 
[ building ] [ target/files/trixie/arp_update_vars.j2 ] 
[ finished ] [ target/files/trixie/arp_update_vars.j2 ] 
[ building ] [ target/python-wheels/trixie/scapy-2.6.1.dev0-py3-none-any.whl ] 
[ finished ] [ target/python-wheels/trixie/scapy-2.6.1.dev0-py3-none-any.whl ] 
[ building ] [ target/debs/trixie/lm-sensors_3.6.0-7.1_amd64.deb ] 
[ building ] [ target/python-wheels/trixie/sonic_platform_pddf_common-1.0-py3-none-any.whl ] 
[ finished ] [ target/debs/trixie/lm-sensors_3.6.0-7.1_amd64.deb ] 
[ building ] [ target/files/trixie/restapi.sh ] 
[ finished ] [ target/files/trixie/restapi.sh ] 
[ building ] [ target/debs/trixie/hsflowd_2.0.51-26_amd64.deb ] 
[ finished ] [ target/python-wheels/trixie/sonic_platform_pddf_common-1.0-py3-none-any.whl ] 
[ building ] [ target/debs/trixie/sflowtool_5.04_amd64.deb ] 
[ finished ] [ target/debs/trixie/lldpd_1.0.16-1+deb12u1_amd64.deb ] 
[ building ] [ target/debs/trixie/psample_1.1-1_amd64.deb ] 
[ finished ] [ target/debs/trixie/psample_1.1-1_amd64.deb ] 
[ finished ] [ target/debs/trixie/bash_5.2.37-2_amd64.deb ] 
[ building ] [ target/docker-dash-engine.gz ] 
[ building ] [ target/debs/trixie/isc-dhcp-relay_4.4.3-P1-2_amd64.deb ] 
[ finished ] [ target/debs/trixie/sflowtool_5.04_amd64.deb ] 
[ building ] [ target/debs/trixie/rasdaemon_0.6.8-1_amd64.deb ] 
[ finished ] [ target/debs/trixie/sonic-device-data_1.0-1_all.deb ] 
[ building ] [ target/files/trixie/remote_ctr.config.json ] 
[ finished ] [ target/files/trixie/remote_ctr.config.json ] 
[ building ] [ target/files/trixie/ctrmgrd.service ] 
[ finished ] [ target/files/trixie/ctrmgrd.service ] 
[ building ] [ target/debs/trixie/libpam-tacplus_1.4.1-1_amd64.deb ] 
[ finished ] [ target/debs/trixie/libpam-tacplus_1.4.1-1_amd64.deb ] 
[ building ] [ target/debs/trixie/libtac-dev_1.4.1-1_amd64.deb ] 
[ finished ] [ target/debs/trixie/libtac-dev_1.4.1-1_amd64.deb ] 
[ building ] [ target/debs/trixie/libnl-3-dev_3.7.0-0.2+b1sonic1_amd64.deb ] 
[ finished ] [ target/debs/trixie/libnl-3-dev_3.7.0-0.2+b1sonic1_amd64.deb ] 
[ building ] [ target/debs/trixie/libnl-route-3-200_3.7.0-0.2+b1sonic1_amd64.deb ] 
[ finished ] [ target/debs/trixie/libnl-route-3-200_3.7.0-0.2+b1sonic1_amd64.deb ] 
[ building ] [ target/debs/trixie/libnl-3-dev_3.7.0-0.2+b1sonic1_amd64.deb-install ] 
[ finished ] [ target/debs/trixie/libnl-3-dev_3.7.0-0.2+b1sonic1_amd64.deb-install ] 
[ building ] [ target/debs/trixie/libnl-route-3-200_3.7.0-0.2+b1sonic1_amd64.deb-install ] 
[ finished ] [ target/debs/trixie/libnl-route-3-200_3.7.0-0.2+b1sonic1_amd64.deb-install ] 
[ building ] [ target/debs/trixie/libyang-dev_3.12.2-1_amd64.deb ] 
[ finished ] [ target/debs/trixie/libyang-dev_3.12.2-1_amd64.deb ] 
[ building ] [ target/debs/trixie/libnl-genl-3-200_3.7.0-0.2+b1sonic1_amd64.deb ] 
[ finished ] [ target/debs/trixie/libnl-genl-3-200_3.7.0-0.2+b1sonic1_amd64.deb ] 
[ building ] [ target/debs/trixie/libyang-dev_3.12.2-1_amd64.deb-install ] 
[ finished ] [ target/debs/trixie/libyang-dev_3.12.2-1_amd64.deb-install ] 
[ building ] [ target/debs/trixie/libnl-genl-3-200_3.7.0-0.2+b1sonic1_amd64.deb-install ] 
[ finished ] [ target/debs/trixie/libnl-genl-3-200_3.7.0-0.2+b1sonic1_amd64.deb-install ] 
[ building ] [ target/python-wheels/trixie/swsssdk-2.0.1-py3-none-any.whl ] 
[ finished ] [ target/python-wheels/trixie/swsssdk-2.0.1-py3-none-any.whl ] 
[ building ] [ target/debs/trixie/libtac-dev_1.4.1-1_amd64.deb-install ] 
[ finished ] [ target/debs/trixie/hsflowd_2.0.51-26_amd64.deb ] 
[ finished ] [ target/debs/trixie/libtac-dev_1.4.1-1_amd64.deb-install ] 
[ building ] [ target/python-wheels/trixie/swsssdk-2.0.1-py3-none-any.whl-install ] 
[ finished ] [ target/python-wheels/trixie/swsssdk-2.0.1-py3-none-any.whl-install ] 
[ building ] [ target/docker-base-trixie.gz ] 
[ finished ] [ target/debs/trixie/rasdaemon_0.6.8-1_amd64.deb ] 
[ building ] [ target/debs/trixie/libnexthopgroup-dev_1.0.0_amd64.deb ] 
[ finished ] [ target/debs/trixie/libnexthopgroup-dev_1.0.0_amd64.deb ] 
[ building ] [ target/debs/trixie/libnexthopgroup_1.0.0_amd64.deb-install ] 
[ building ] [ target/debs/trixie/libdashapi_1.0.0_amd64.deb-install ] 
[ finished ] [ target/debs/trixie/libnexthopgroup_1.0.0_amd64.deb-install ] 
[ building ] [ target/debs/trixie/libsensors5_3.6.0-7.1_amd64.deb ] 
[ finished ] [ target/debs/trixie/libsensors5_3.6.0-7.1_amd64.deb ] 
[ building ] [ target/debs/trixie/fancontrol_3.6.0-7.1_all.deb ] 
[ finished ] [ target/debs/trixie/fancontrol_3.6.0-7.1_all.deb ] 
[ building ] [ target/debs/trixie/sensord_3.6.0-7.1_amd64.deb ] 
[ finished ] [ target/debs/trixie/sensord_3.6.0-7.1_amd64.deb ] 
[ building ] [ target/debs/trixie/libnss-tacplus_1.0.4-1_amd64.deb ] 
[ finished ] [ target/debs/trixie/libdashapi_1.0.0_amd64.deb-install ] 
[ building ] [ target/debs/trixie/libnl-route-3-dev_3.7.0-0.2+b1sonic1_amd64.deb ] 
[ finished ] [ target/debs/trixie/libnl-route-3-dev_3.7.0-0.2+b1sonic1_amd64.deb ] 
[ building ] [ target/debs/trixie/python3-libyang_3.1.0-1_amd64.deb ] 
[ finished ] [ target/debs/trixie/python3-libyang_3.1.0-1_amd64.deb ] 
[ finished ] [ target/debs/trixie/p4lang-pi_0.1.1-1_amd64.deb ] 
[ building ] [ target/debs/trixie/libnl-genl-3-dev_3.7.0-0.2+b1sonic1_amd64.deb ] 
[ finished ] [ target/debs/trixie/libnl-genl-3-dev_3.7.0-0.2+b1sonic1_amd64.deb ] 
[ building ] [ target/debs/trixie/libnl-nf-3-200_3.7.0-0.2+b1sonic1_amd64.deb ] 
[ finished ] [ target/debs/trixie/libnl-nf-3-200_3.7.0-0.2+b1sonic1_amd64.deb ] 
[ building ] [ target/debs/trixie/python3-libyang_3.1.0-1_amd64.deb-install ] 
[ building ] [ target/debs/trixie/libnl-genl-3-dev_3.7.0-0.2+b1sonic1_amd64.deb-install ] 
[ finished ] [ target/debs/trixie/python3-libyang_3.1.0-1_amd64.deb-install ] 
[ building ] [ target/debs/trixie/libnl-route-3-dev_3.7.0-0.2+b1sonic1_amd64.deb-install ] 
[ finished ] [ target/debs/trixie/libnl-genl-3-dev_3.7.0-0.2+b1sonic1_amd64.deb-install ] 
[ building ] [ target/debs/trixie/bash-tacplus_1.0.0_amd64.deb ] 
[ finished ] [ target/debs/trixie/libnl-route-3-dev_3.7.0-0.2+b1sonic1_amd64.deb-install ] 
[ building ] [ target/debs/trixie/audisp-tacplus_1.0.2_amd64.deb ] 
[ finished ] [ target/debs/trixie/libnss-tacplus_1.0.4-1_amd64.deb ] 
[ building ] [ target/debs/trixie/libnl-nf-3-200_3.7.0-0.2+b1sonic1_amd64.deb-install ] 
[ finished ] [ target/debs/trixie/libnl-nf-3-200_3.7.0-0.2+b1sonic1_amd64.deb-install ] 
[ building ] [ target/debs/trixie/p4lang-pi_0.1.1-1_amd64.deb-install ] 
[ finished ] [ target/debs/trixie/p4lang-pi_0.1.1-1_amd64.deb-install ] 
[ building ] [ target/debs/trixie/libnexthopgroup-dev_1.0.0_amd64.deb-install ] 
[ finished ] [ target/debs/trixie/libnexthopgroup-dev_1.0.0_amd64.deb-install ] 
[ building ] [ target/debs/trixie/openssh-server_10.0p1-7_amd64.deb ] 
[ finished ] [ target/debs/trixie/bash-tacplus_1.0.0_amd64.deb ] 
[ building ] [ target/python-wheels/trixie/sonic_yang_models-1.0-py3-none-any.whl ] 
[ finished ] [ target/debs/trixie/audisp-tacplus_1.0.2_amd64.deb ] 
[ building ] [ target/debs/trixie/libnl-nf-3-dev_3.7.0-0.2+b1sonic1_amd64.deb ] 
[ finished ] [ target/debs/trixie/libnl-nf-3-dev_3.7.0-0.2+b1sonic1_amd64.deb ] 
[ building ] [ target/debs/trixie/p4lang-bmv2_1.15.0-9_amd64.deb ] 
[ finished ] [ target/docker-base-trixie.gz ] 
[ FAIL LOG START ] [ target/docker-base-trixie.gz ]
Build start time: Sat Sep 5 19:37:10 UTC 2026
[ REASON ] :      target/docker-base-trixie.gz does not exist   NON-EXISTENT PREREQUISITES: docker-start 
[ FLAGS  FILE    ] : [] 
[ FLAGS  DEPENDS ] : [] 
[ FLAGS  DIFF    ] : [] 
cat: 'files/build/versions/dockers/docker-base-trixie/versions-*-trixie-amd64': No such file or directory
Client: Docker Engine - Community
 Version:    28.5.2
 Context:    default
 Debug Mode: false
 Plugins:
  buildx: Docker Buildx (Docker Inc.)
    Version:  v0.26.1
    Path:     /usr/libexec/docker/cli-plugins/docker-buildx
  compose: Docker Compose (Docker Inc.)
    Version:  v2.39.1
    Path:     /usr/libexec/docker/cli-plugins/docker-compose

Server:
 Containers: 0
  Running: 0
  Paused: 0
  Stopped: 0
 Images: 370
 Server Version: 28.5.2
 Storage Driver: overlay2
  Backing Filesystem: extfs
  Supports d_type: true
  Using metacopy: false
  Native Overlay Diff: true
  userxattr: false
 Logging Driver: json-file
 Cgroup Driver: cgroupfs
 Cgroup Version: 2
 Plugins:
  Volume: local
  Network: bridge host ipvlan macvlan null overlay
  Log: awslogs fluentd gcplogs gelf journald json-file local splunk syslog
 CDI spec directories:
  /etc/cdi
  /var/run/cdi
 Swarm: inactive
 Runtimes: io.containerd.runc.v2 runc
 Default Runtime: runc
 Init Binary: docker-init
 containerd version: b98a3aace656320842a23f4a392a33f46af97866
 runc version: v1.3.3-0-gd842d771
 init version: de40ad0
 Security Options:
  seccomp
   Profile: builtin
  cgroupns
 Kernel Version: 7.0.0-22-generic
 Operating System: Debian GNU/Linux 13 (trixie)
 OSType: linux
 Architecture: x86_64
 CPUs: 192
 Total Memory: 743GiB
 Name: a01eb414e9eb
 ID: 9050de27-efa9-406a-855d-9324d28b5135
 Docker Root Dir: /var/lib/docker
 Debug Mode: false
 HTTP Proxy: http://127.0.0.1:9
 HTTPS Proxy: http://127.0.0.1:9
 No Proxy: localhost,127.0.0.1,0.0.0.0
 Experimental: true
 Insecure Registries:
  ::1/128
  127.0.0.0/8
 Live Restore Enabled: false

#0 building with "default" instance using docker driver

#1 [internal] load build definition from Dockerfile
#1 transferring dockerfile: 4.12kB done
#1 DONE 0.0s

#2 [internal] load metadata for publicmirror.azurecr.io/debian:trixie@sha256:d07d1b51c39f51188e60be9b64e6bf769fa94e187f092bc32b91305cfa34ba5a
#2 DONE 0.0s

#3 [internal] load .dockerignore
#3 transferring context: 2B done
#3 DONE 0.0s

#4 [base  1/26] FROM publicmirror.azurecr.io/debian:trixie@sha256:d07d1b51c39f51188e60be9b64e6bf769fa94e187f092bc32b91305cfa34ba5a
#4 CACHED

#5 [internal] load build context
#5 transferring context: 45.43MB 0.2s done
#5 DONE 0.2s

#6 [base  2/26] COPY [dpkg_01_drop, /etc/dpkg/dpkg.cfg.d/01_drop]
#6 DONE 0.1s

#7 [base  3/26] COPY [sources.list.amd64, /etc/apt/sources.list]
#7 DONE 0.0s

#8 [base  4/26] COPY [files/apt/apt.conf.d/, /etc/apt/apt.conf.d/]
#8 DONE 0.0s

#9 [base  5/26] COPY [buildinfo, /usr/local/share/buildinfo]
#9 DONE 0.0s

#10 [base  6/26] COPY vcache/ /sonic/target/vcache/docker-base-trixie
#10 DONE 0.1s

#11 [base  7/26] RUN dpkg -i /usr/local/share/buildinfo/sonic-build-hooks_1.0_all.deb
#11 0.133 Selecting previously unselected package sonic-build-hooks.
#11 0.135 (Reading database ... 4936 files and directories currently installed.)
#11 0.135 Preparing to unpack .../sonic-build-hooks_1.0_all.deb ...
#11 0.137 Unpacking sonic-build-hooks (1.0) ...
#11 0.149 Setting up sonic-build-hooks (1.0) ...
#11 DONE 0.2s

#12 [base  8/26] RUN pre_run_buildinfo docker-base-trixie
#12 1.452 ./
#12 1.452 ./pip/
#12 1.452 ./pip/http-v2/
#12 1.452 ./pip/http-v2/b/
#12 1.452 ./pip/http-v2/b/1/
#12 1.452 ./pip/http-v2/b/1/4/
#12 1.452 ./pip/http-v2/b/1/4/e/
#12 1.452 ./pip/http-v2/b/1/4/e/c/
#12 1.452 ./pip/http-v2/b/1/4/e/c/b14ec1286f8ec83b268f9c52cdccd1001d22496d6e01ba5b4fd8aeb4
#12 1.452 ./pip/http-v2/b/1/4/e/c/b14ec1286f8ec83b268f9c52cdccd1001d22496d6e01ba5b4fd8aeb4.body
#12 1.452 ./pip/http-v2/b/f/
#12 1.452 ./pip/http-v2/b/f/9/
#12 1.452 ./pip/http-v2/b/f/9/6/
#12 1.452 ./pip/http-v2/b/f/9/6/6/
#12 1.452 ./pip/http-v2/b/f/9/6/6/bf966cc37805df72ac5b20f39e9bbc4548a3fcdd4068107c7f30831f.body
#12 1.452 ./pip/http-v2/b/f/9/6/6/bf966cc37805df72ac5b20f39e9bbc4548a3fcdd4068107c7f30831f
#12 1.452 ./pip/http-v2/b/8/
#12 1.452 ./pip/http-v2/b/8/6/
#12 1.452 ./pip/http-v2/b/8/6/2/
#12 1.452 ./pip/http-v2/b/8/6/2/6/
#12 1.452 ./pip/http-v2/b/8/6/2/6/b862637a242a4033f1ba3be874e038f3a95ab29277da4c878f7c162d.body
#12 1.453 ./pip/http-v2/b/8/6/2/6/b862637a242a4033f1ba3be874e038f3a95ab29277da4c878f7c162d
#12 1.453 ./pip/http-v2/b/3/
#12 1.453 ./pip/http-v2/b/3/2/
#12 1.453 ./pip/http-v2/b/3/2/f/
#12 1.453 ./pip/http-v2/b/3/2/f/0/
#12 1.453 ./pip/http-v2/b/3/2/f/0/b32f017f9c60d09d91ac0bac44002dec28ef8c04355223f13bf00b7a.body
#12 1.453 ./pip/http-v2/b/3/2/f/0/b32f017f9c60d09d91ac0bac44002dec28ef8c04355223f13bf00b7a
#12 1.453 ./pip/http-v2/2/
#12 1.453 ./pip/http-v2/2/5/
#12 1.453 ./pip/http-v2/2/5/a/
#12 1.453 ./pip/http-v2/2/5/a/d/
#12 1.453 ./pip/http-v2/2/5/a/d/9/
#12 1.453 ./pip/http-v2/2/5/a/d/9/25ad9cf66b37dd8e773bc2962198890086c06a58e68e149798c15d42.body
#12 1.453 ./pip/http-v2/2/5/a/d/9/25ad9cf66b37dd8e773bc2962198890086c06a58e68e149798c15d42
#12 1.453 ./pip/http-v2/2/d/
#12 1.453 ./pip/http-v2/2/d/2/
#12 1.453 ./pip/http-v2/2/d/2/2/
#12 1.453 ./pip/http-v2/2/d/2/2/f/
#12 1.453 ./pip/http-v2/2/d/2/2/f/2d22f303d8f1beb19039dafefa8202703980ca37d2c83b5bd791dbf1
#12 1.453 ./pip/http-v2/2/d/2/2/f/2d22f303d8f1beb19039dafefa8202703980ca37d2c83b5bd791dbf1.body
#12 1.453 ./pip/http-v2/e/
#12 1.453 ./pip/http-v2/e/a/
#12 1.453 ./pip/http-v2/e/a/7/
#12 1.453 ./pip/http-v2/e/a/7/6/
#12 1.453 ./pip/http-v2/e/a/7/6/3/
#12 1.453 ./pip/http-v2/e/a/7/6/3/ea763bb324d9e754b326e87af9025956fe6d945f13204443e12f54eb
#12 1.453 ./pip/http-v2/e/a/7/6/3/ea763bb324d9e754b326e87af9025956fe6d945f13204443e12f54eb.body
#12 1.453 ./pip/http-v2/3/
#12 1.453 ./pip/http-v2/3/3/
#12 1.453 ./pip/http-v2/3/3/9/
#12 1.453 ./pip/http-v2/3/3/9/7/
#12 1.453 ./pip/http-v2/3/3/9/7/4/
#12 1.453 ./pip/http-v2/3/3/9/7/4/33974f84394d9a943f68359da08431dab4af9f86c33962982ea21b5f.body
#12 1.453 ./pip/http-v2/3/3/9/7/4/33974f84394d9a943f68359da08431dab4af9f86c33962982ea21b5f
#12 1.453 ./pip/http-v2/5/
#12 1.453 ./pip/http-v2/5/b/
#12 1.453 ./pip/http-v2/5/b/9/
#12 1.453 ./pip/http-v2/5/b/9/a/
#12 1.453 ./pip/http-v2/5/b/9/a/9/
#12 1.453 ./pip/http-v2/5/b/9/a/9/5b9a9fd3c0c45469fcb69cafd8dcbf862b093a20c76a8fbb53eca5af.body
#12 1.453 ./pip/http-v2/5/b/9/a/9/5b9a9fd3c0c45469fcb69cafd8dcbf862b093a20c76a8fbb53eca5af
#12 1.453 ./pip/http-v2/5/3/
#12 1.453 ./pip/http-v2/5/3/1/
#12 1.453 ./pip/http-v2/5/3/1/8/
#12 1.453 ./pip/http-v2/5/3/1/8/1/
#12 1.453 ./pip/http-v2/5/3/1/8/1/53181fe2d7d3737de473ca37cdfff9e4719668d32d832169c1b4bc65.body
#12 1.453 ./pip/http-v2/5/3/1/8/1/53181fe2d7d3737de473ca37cdfff9e4719668d32d832169c1b4bc65
#12 1.454 ./pip/http-v2/5/5/
#12 1.454 ./pip/http-v2/5/5/7/
#12 1.454 ./pip/http-v2/5/5/7/3/
#12 1.454 ./pip/http-v2/5/5/7/3/9/
#12 1.454 ./pip/http-v2/5/5/7/3/9/55739ede7ec3316301bc20f31d2df3cbc96da095e0ab58471de5aee2
#12 1.454 ./pip/http-v2/5/5/7/3/9/55739ede7ec3316301bc20f31d2df3cbc96da095e0ab58471de5aee2.body
#12 1.454 ./pip/http-v2/4/
#12 1.454 ./pip/http-v2/4/3/
#12 1.454 ./pip/http-v2/4/3/8/
#12 1.454 ./pip/http-v2/4/3/8/9/
#12 1.454 ./pip/http-v2/4/3/8/9/9/
#12 1.454 ./pip/http-v2/4/3/8/9/9/43899518c9e441f1a8a0eb0f938280904054b59d4e27584a6aabbac1.body
#12 1.454 ./pip/http-v2/4/3/8/9/9/43899518c9e441f1a8a0eb0f938280904054b59d4e27584a6aabbac1
#12 1.454 ./pip/http-v2/4/5/
#12 1.454 ./pip/http-v2/4/5/9/
#12 1.454 ./pip/http-v2/4/5/9/7/
#12 1.454 ./pip/http-v2/4/5/9/7/6/
#12 1.454 ./pip/http-v2/4/5/9/7/6/45976c194ebb9180bf7410d422bcad653ce13bcb64dda0d07d72b09d
#12 1.454 ./pip/http-v2/4/5/9/7/6/45976c194ebb9180bf7410d422bcad653ce13bcb64dda0d07d72b09d.body
#12 1.454 ./pip/http-v2/f/
#12 1.454 ./pip/http-v2/f/9/
#12 1.454 ./pip/http-v2/f/9/9/
#12 1.454 ./pip/http-v2/f/9/9/b/
#12 1.454 ./pip/http-v2/f/9/9/b/3/
#12 1.454 ./pip/http-v2/f/9/9/b/3/f99b3487d2b9c55edcd311aeafa35cbf852ab2cc5c3f5d1a1a08e2b5.body
#12 1.454 ./pip/http-v2/f/9/9/b/3/f99b3487d2b9c55edcd311aeafa35cbf852ab2cc5c3f5d1a1a08e2b5
#12 1.454 ./pip/http-v2/f/4/
#12 1.454 ./pip/http-v2/f/4/8/
#12 1.454 ./pip/http-v2/f/4/8/b/
#12 1.454 ./pip/http-v2/f/4/8/b/0/
#12 1.454 ./pip/http-v2/f/4/8/b/0/f48b0f6096a49248a1820cd7eec89abbdf62427b393bb5ce079aca62.body
#12 1.456 ./pip/http-v2/f/4/8/b/0/f48b0f6096a49248a1820cd7eec89abbdf62427b393bb5ce079aca62
#12 1.456 ./pip/http-v2/f/a/
#12 1.456 ./pip/http-v2/f/a/f/
#12 1.456 ./pip/http-v2/f/a/f/f/
#12 1.456 ./pip/http-v2/f/a/f/f/d/
#12 1.456 ./pip/http-v2/f/a/f/f/d/faffdb5825619a041feeb4cdd9df76cefb30cce63d480ff0ed1a5dae
#12 1.456 ./pip/http-v2/f/a/f/f/d/faffdb5825619a041feeb4cdd9df76cefb30cce63d480ff0ed1a5dae.body
#12 1.456 ./pip/http-v2/d/
#12 1.456 ./pip/http-v2/d/0/
#12 1.456 ./pip/http-v2/d/0/8/
#12 1.456 ./pip/http-v2/d/0/8/2/
#12 1.456 ./pip/http-v2/d/0/8/2/3/
#12 1.456 ./pip/http-v2/d/0/8/2/3/d0823d926a80fb5fccfb62a7fa9b5e83ce3a3dada11bae12021a29a9
#12 1.456 ./pip/http-v2/d/0/8/2/3/d0823d926a80fb5fccfb62a7fa9b5e83ce3a3dada11bae12021a29a9.body
#12 1.456 ./pip/http-v2/d/c/
#12 1.456 ./pip/http-v2/d/c/c/
#12 1.456 ./pip/http-v2/d/c/c/2/
#12 1.456 ./pip/http-v2/d/c/c/2/6/
#12 1.456 ./pip/http-v2/d/c/c/2/6/dcc26b781e3e58d7e22a65615832539ca5512101a8522c4cbe3a930b.body
#12 1.456 ./pip/http-v2/d/c/c/2/6/dcc26b781e3e58d7e22a65615832539ca5512101a8522c4cbe3a930b
#12 1.456 ./pip/http-v2/0/
#12 1.456 ./pip/http-v2/0/e/
#12 1.456 ./pip/http-v2/0/e/d/
#12 1.456 ./pip/http-v2/0/e/d/3/
#12 1.456 ./pip/http-v2/0/e/d/3/3/
#12 1.456 ./pip/http-v2/0/e/d/3/3/0ed336d749e009fe1267c844e36c442e5b3dc645d5eb9865c545b81a.body
#12 1.457 ./pip/http-v2/0/e/d/3/3/0ed336d749e009fe1267c844e36c442e5b3dc645d5eb9865c545b81a
#12 1.457 ./pip/http-v2/0/6/
#12 1.457 ./pip/http-v2/0/6/7/
#12 1.457 ./pip/http-v2/0/6/7/d/
#12 1.457 ./pip/http-v2/0/6/7/d/e/
#12 1.457 ./pip/http-v2/0/6/7/d/e/067de891d4624fc09de1c690b01d8bf477f69f0ce81f8101b21b3549.body
#12 1.457 ./pip/http-v2/0/6/7/d/e/067de891d4624fc09de1c690b01d8bf477f69f0ce81f8101b21b3549
#12 1.457 ./pip/http-v2/0/6/4/
#12 1.457 ./pip/http-v2/0/6/4/1/
#12 1.457 ./pip/http-v2/0/6/4/1/2/
#12 1.457 ./pip/http-v2/0/6/4/1/2/06412fcf44b9a9522ff6367cabc965d23cb1165807c45516a879c5c4.body
#12 1.457 ./pip/http-v2/0/6/4/1/2/06412fcf44b9a9522ff6367cabc965d23cb1165807c45516a879c5c4
#12 1.457 ./pip/http-v2/c/
#12 1.458 ./pip/http-v2/c/b/
#12 1.458 ./pip/http-v2/c/b/5/
#12 1.458 ./pip/http-v2/c/b/5/2/
#12 1.458 ./pip/http-v2/c/b/5/2/a/
#12 1.458 ./pip/http-v2/c/b/5/2/a/cb52a2d86b549893dbebd3c41cb632b74900e6546f238508e1029e00.body
#12 1.458 ./pip/http-v2/c/b/5/2/a/cb52a2d86b549893dbebd3c41cb632b74900e6546f238508e1029e00
#12 1.458 ./pip/http-v2/c/1/
#12 1.458 ./pip/http-v2/c/1/8/
#12 1.458 ./pip/http-v2/c/1/8/d/
#12 1.458 ./pip/http-v2/c/1/8/d/0/
#12 1.458 ./pip/http-v2/c/1/8/d/0/c18d02f6e7b2bc128a137ad0b421c01673135bb73632621ee88261f5
#12 1.458 ./pip/http-v2/c/1/8/d/0/c18d02f6e7b2bc128a137ad0b421c01673135bb73632621ee88261f5.body
#12 1.458 ./pip/http-v2/c/0/
#12 1.458 ./pip/http-v2/c/0/2/
#12 1.458 ./pip/http-v2/c/0/2/6/
#12 1.458 ./pip/http-v2/c/0/2/6/f/
#12 1.458 ./pip/http-v2/c/0/2/6/f/c026fe7c82450cb738f9bef708a323a721bc89407b938090ded9294a
#12 1.458 ./pip/http-v2/c/0/2/6/f/c026fe7c82450cb738f9bef708a323a721bc89407b938090ded9294a.body
#12 1.462 ./pip/http-v2/c/f/
#12 1.463 ./pip/http-v2/c/f/e/
#12 1.463 ./pip/http-v2/c/f/e/a/
#12 1.463 ./pip/http-v2/c/f/e/a/8/
#12 1.463 ./pip/http-v2/c/f/e/a/8/cfea8709881c23f856c58e03d8c1459ee5cf4b465b369d76c9bed187.body
#12 1.463 ./pip/http-v2/c/f/e/a/8/cfea8709881c23f856c58e03d8c1459ee5cf4b465b369d76c9bed187
#12 1.463 ./pip/http-v2/9/
#12 1.463 ./pip/http-v2/9/3/
#12 1.463 ./pip/http-v2/9/3/1/
#12 1.463 ./pip/http-v2/9/3/1/d/
#12 1.463 ./pip/http-v2/9/3/1/d/d/
#12 1.463 ./pip/http-v2/9/3/1/d/d/931dd4b51a80ffc83a0ce2caffcc883124ae68a310fbc8bfac06086d
#12 1.463 ./pip/http-v2/9/3/1/d/d/931dd4b51a80ffc83a0ce2caffcc883124ae68a310fbc8bfac06086d.body
#12 1.463 ./pip/http-v2/9/4/
#12 1.463 ./pip/http-v2/9/4/5/
#12 1.463 ./pip/http-v2/9/4/5/2/
#12 1.463 ./pip/http-v2/9/4/5/2/4/
#12 1.463 ./pip/http-v2/9/4/5/2/4/9452417670b2e75527d793717779fce5d54e5f21adb3344c273876fa
#12 1.463 ./pip/http-v2/9/4/5/2/4/9452417670b2e75527d793717779fce5d54e5f21adb3344c273876fa.body
#12 1.464 ./pip/http-v2/a/
#12 1.464 ./pip/http-v2/a/b/
#12 1.464 ./pip/http-v2/a/b/d/
#12 1.464 ./pip/http-v2/a/b/d/d/
#12 1.464 ./pip/http-v2/a/b/d/d/d/
#12 1.464 ./pip/http-v2/a/b/d/d/d/abdddc46265b81c7d6dc73a20f1ad8ef043a66e9e79abdc1379bf71e.body
#12 1.464 ./pip/http-v2/a/b/d/d/d/abdddc46265b81c7d6dc73a20f1ad8ef043a66e9e79abdc1379bf71e
#12 1.464 ./pip/http-v2/a/9/
#12 1.464 ./pip/http-v2/a/9/9/
#12 1.464 ./pip/http-v2/a/9/9/4/
#12 1.464 ./pip/http-v2/a/9/9/4/1/
#12 1.464 ./pip/http-v2/a/9/9/4/1/a9941bc105752b6feb6a23eb0c6717c296b4944142da4fccf404e881.body
#12 1.464 ./pip/http-v2/a/9/9/4/1/a9941bc105752b6feb6a23eb0c6717c296b4944142da4fccf404e881
#12 1.464 ./pip/http-v2/a/a/
#12 1.464 ./pip/http-v2/a/a/c/
#12 1.464 ./pip/http-v2/a/a/c/a/
#12 1.464 ./pip/http-v2/a/a/c/a/c/
#12 1.464 ./pip/http-v2/a/a/c/a/c/aacac81bf1d35d08fd880f2e19cbd5a198730437b2c32b1ce1da7aa3.body
#12 1.464 ./pip/http-v2/a/a/c/a/c/aacac81bf1d35d08fd880f2e19cbd5a198730437b2c32b1ce1da7aa3
#12 1.464 ./pip/http-v2/1/
#12 1.464 ./pip/http-v2/1/b/
#12 1.464 ./pip/http-v2/1/b/5/
#12 1.464 ./pip/http-v2/1/b/5/e/
#12 1.464 ./pip/http-v2/1/b/5/e/5/
#12 1.464 ./pip/http-v2/1/b/5/e/5/1b5e5a7ec2469bd2603f897e456dddd563ee5d0ef7634c0f5d7c08b9
#12 1.464 ./pip/http-v2/1/b/5/e/5/1b5e5a7ec2469bd2603f897e456dddd563ee5d0ef7634c0f5d7c08b9.body
#12 1.464 ./pip/http-v2/7/
#12 1.464 ./pip/http-v2/7/6/
#12 1.464 ./pip/http-v2/7/6/3/
#12 1.464 ./pip/http-v2/7/6/3/5/
#12 1.464 ./pip/http-v2/7/6/3/5/d/
#12 1.464 ./pip/http-v2/7/6/3/5/d/7635de8254c82e7e771831915759d7d8b2dc2759e9c5896e246e8b46.body
#12 1.464 ./pip/http-v2/7/6/3/5/d/7635de8254c82e7e771831915759d7d8b2dc2759e9c5896e246e8b46
#12 1.464 ./pip/http-v2/6/
#12 1.464 ./pip/http-v2/6/b/
#12 1.464 ./pip/http-v2/6/b/c/
#12 1.464 ./pip/http-v2/6/b/c/4/
#12 1.464 ./pip/http-v2/6/b/c/4/4/
#12 1.464 ./pip/http-v2/6/b/c/4/4/6bc44665bb603ed852c296157543510833d416bcf304a53eed83717c
#12 1.464 ./pip/http-v2/6/b/c/4/4/6bc44665bb603ed852c296157543510833d416bcf304a53eed83717c.body
#12 1.465 ./deb/
#12 1.465 ./deb/lock
#12 1.465 ./deb/partial/
#12 1.465 ./apt-lists/
#12 1.465 ./apt-lists/debian-archive.trafficmanager.net_debian_dists_trixie-updates_main_source_Sources.lz4
#12 1.465 ./apt-lists/debian-archive.trafficmanager.net_debian-security_dists_trixie-security_non-free-firmware_source_Sources.lz4
#12 1.465 ./apt-lists/debian-archive.trafficmanager.net_debian_dists_trixie_contrib_source_Sources.lz4
#12 1.465 ./apt-lists/debian-archive.trafficmanager.net_debian_dists_trixie-backports_non-free-firmware_binary-amd64_Packages.lz4
#12 1.465 ./apt-lists/debian-archive.trafficmanager.net_debian_dists_trixie_main_source_Sources.lz4
#12 1.673 ./apt-lists/debian-archive.trafficmanager.net_debian-security_dists_trixie-security_main_binary-amd64_Packages.lz4
#12 1.678 ./apt-lists/debian-archive.trafficmanager.net_debian_dists_trixie_non-free-firmware_source_Sources.lz4
#12 1.678 ./apt-lists/debian-archive.trafficmanager.net_debian_dists_trixie-backports_InRelease
#12 1.679 ./apt-lists/debian-archive.trafficmanager.net_debian-security_dists_trixie-security_main_source_Sources.lz4
#12 1.684 ./apt-lists/debian-archive.trafficmanager.net_debian_dists_trixie_main_binary-amd64_Packages.lz4
#12 1.877 ./apt-lists/debian-archive.trafficmanager.net_debian_dists_trixie-updates_InRelease
#12 1.877 ./apt-lists/auxfiles/
#12 1.877 ./apt-lists/debian-archive.trafficmanager.net_debian-security_dists_trixie-security_non-free-firmware_binary-amd64_Packages.lz4
#12 1.877 ./apt-lists/debian-archive.trafficmanager.net_debian_dists_trixie-backports_main_binary-amd64_Packages.lz4
#12 1.883 ./apt-lists/debian-archive.trafficmanager.net_debian_dists_trixie-backports_contrib_binary-amd64_Packages.lz4
#12 1.883 ./apt-lists/debian-archive.trafficmanager.net_debian_dists_trixie_InRelease
#12 1.884 ./apt-lists/debian-archive.trafficmanager.net_debian_dists_trixie_non-free-firmware_binary-amd64_Packages.lz4
#12 1.884 ./apt-lists/debian-archive.trafficmanager.net_debian-security_dists_trixie-security_contrib_binary-amd64_Packages.lz4
#12 1.884 ./apt-lists/debian-archive.trafficmanager.net_debian_dists_trixie_contrib_binary-amd64_Packages.lz4
#12 1.885 ./apt-lists/debian-archive.trafficmanager.net_debian-security_dists_trixie-security_contrib_source_Sources.lz4
#12 1.885 ./apt-lists/debian-archive.trafficmanager.net_debian_dists_trixie-updates_main_binary-amd64_Packages.lz4
#12 1.885 ./apt-lists/debian-archive.trafficmanager.net_debian-security_dists_trixie-security_InRelease
#12 1.885 ./apt-lists/partial/
#12 1.885 ./apt-lists/lock
#12 1.887 cp: -r not specified; omitting directory '/sonic/target/vcache/docker-base-trixie/deb/partial'
#12 1.964 Ign:1 http://debian-archive.trafficmanager.net/debian trixie InRelease
#12 1.964 Ign:2 http://debian-archive.trafficmanager.net/debian trixie-updates InRelease
#12 1.964 Ign:3 http://debian-archive.trafficmanager.net/debian trixie-backports InRelease
#12 1.964 Ign:4 http://debian-archive.trafficmanager.net/debian-security trixie-security InRelease
#12 2.964 Ign:4 http://debian-archive.trafficmanager.net/debian-security trixie-security InRelease
#12 2.964 Ign:3 http://debian-archive.trafficmanager.net/debian trixie-backports InRelease
#12 2.964 Ign:2 http://debian-archive.trafficmanager.net/debian trixie-updates InRelease
#12 2.964 Ign:1 http://debian-archive.trafficmanager.net/debian trixie InRelease
#12 4.965 Ign:1 http://debian-archive.trafficmanager.net/debian trixie InRelease
#12 4.965 Ign:2 http://debian-archive.trafficmanager.net/debian trixie-updates InRelease
#12 4.965 Ign:3 http://debian-archive.trafficmanager.net/debian trixie-backports InRelease
#12 4.965 Ign:4 http://debian-archive.trafficmanager.net/debian-security trixie-security InRelease
#12 8.966 Err:4 http://debian-archive.trafficmanager.net/debian-security trixie-security InRelease
#12 8.966   Unable to connect to 127.0.0.1:9:
#12 8.966 Err:3 http://debian-archive.trafficmanager.net/debian trixie-backports InRelease
#12 8.966   Unable to connect to 127.0.0.1:9:
#12 8.966 Err:2 http://debian-archive.trafficmanager.net/debian trixie-updates InRelease
#12 8.966   Unable to connect to 127.0.0.1:9:
#12 8.966 Err:1 http://debian-archive.trafficmanager.net/debian trixie InRelease
#12 8.966   Could not connect to 127.0.0.1:9 (127.0.0.1). - connect (111: Connection refused)
#12 8.966   Unable to connect to 127.0.0.1:9:
#12 8.970 Reading package lists...
#12 9.390 W: Failed to fetch http://debian-archive.trafficmanager.net/debian/dists/trixie/InRelease  Unable to connect to 127.0.0.1:9:
#12 9.390 W: Failed to fetch http://debian-archive.trafficmanager.net/debian/dists/trixie-updates/InRelease  Unable to connect to 127.0.0.1:9:
#12 9.390 W: Failed to fetch http://debian-archive.trafficmanager.net/debian/dists/trixie-backports/InRelease  Unable to connect to 127.0.0.1:9:
#12 9.390 W: Failed to fetch http://debian-archive.trafficmanager.net/debian-security/dists/trixie-security/InRelease  Unable to connect to 127.0.0.1:9:
#12 9.390 W: Some index files failed to download. They have been ignored, or old ones used instead.
#12 9.423 Reading package lists...
#12 9.845 Building dependency tree...
#12 9.922 Reading state information...
#12 10.05 The following additional packages will be installed:
#12 10.05   libpopt0
#12 10.05 Suggested packages:
#12 10.05   openssh-client openssh-server python3 python3-braceexpand
#12 10.08 The following NEW packages will be installed:
#12 10.08   libpopt0 rsync
#12 10.09 0 upgraded, 2 newly installed, 0 to remove and 13 not upgraded.
#12 10.09 Need to get 477 kB of archives.
#12 10.09 After this operation, 1101 kB of additional disk space will be used.
#12 10.09 Ign:1 http://debian-archive.trafficmanager.net/debian trixie/main amd64 libpopt0 amd64 1.19+dfsg-2
#12 10.09 Ign:2 http://debian-archive.trafficmanager.net/debian trixie/main amd64 rsync amd64 3.4.1+ds1-5+deb13u4
#12 11.09 Ign:2 http://debian-archive.trafficmanager.net/debian trixie/main amd64 rsync amd64 3.4.1+ds1-5+deb13u4
#12 11.09 Ign:1 http://debian-archive.trafficmanager.net/debian trixie/main amd64 libpopt0 amd64 1.19+dfsg-2
#12 13.10 Ign:1 http://debian-archive.trafficmanager.net/debian trixie/main amd64 libpopt0 amd64 1.19+dfsg-2
#12 13.10 Ign:2 http://debian-archive.trafficmanager.net/debian trixie/main amd64 rsync amd64 3.4.1+ds1-5+deb13u4
#12 17.10 Err:2 http://debian-archive.trafficmanager.net/debian trixie/main amd64 rsync amd64 3.4.1+ds1-5+deb13u4
#12 17.10   Unable to connect to 127.0.0.1:9:
#12 17.10 Err:1 http://debian-archive.trafficmanager.net/debian trixie/main amd64 libpopt0 amd64 1.19+dfsg-2
#12 17.10   Could not connect to 127.0.0.1:9 (127.0.0.1). - connect (111: Connection refused)
#12 17.10   Unable to connect to 127.0.0.1:9:
#12 17.10 E: Failed to fetch http://debian-archive.trafficmanager.net/debian/pool/main/p/popt/libpopt0_1.19%2bdfsg-2_amd64.deb  Unable to connect to 127.0.0.1:9:
#12 17.10 E: Failed to fetch http://debian-archive.trafficmanager.net/debian/pool/main/r/rsync/rsync_3.4.1%2bds1-5%2bdeb13u4_amd64.deb  Unable to connect to 127.0.0.1:9:
#12 17.10 E: Unable to fetch some archives, maybe run apt-get update or try with --fix-missing?
#12 DONE 19.9s

#13 [base  9/26] RUN apt -o Acquire::https::Verify-Peer=false update &&     apt -o Acquire::https::Verify-Peer=false install -y ca-certificates
#13 0.183 
#13 0.183 WARNING: apt does not have a stable CLI interface. Use with caution in scripts.
#13 0.183 
#13 0.205 Ign:1 http://debian-archive.trafficmanager.net/debian trixie InRelease
#13 0.205 Ign:2 http://debian-archive.trafficmanager.net/debian trixie-updates InRelease
#13 0.205 Ign:3 http://debian-archive.trafficmanager.net/debian trixie-backports InRelease
#13 0.205 Ign:4 http://debian-archive.trafficmanager.net/debian-security trixie-security InRelease
#13 1.206 Ign:4 http://debian-archive.trafficmanager.net/debian-security trixie-security InRelease
#13 1.206 Ign:3 http://debian-archive.trafficmanager.net/debian trixie-backports InRelease
#13 1.206 Ign:2 http://debian-archive.trafficmanager.net/debian trixie-updates InRelease
#13 1.206 Ign:1 http://debian-archive.trafficmanager.net/debian trixie InRelease
#13 3.207 Ign:1 http://debian-archive.trafficmanager.net/debian trixie InRelease
#13 3.207 Ign:2 http://debian-archive.trafficmanager.net/debian trixie-updates InRelease
#13 3.207 Ign:3 http://debian-archive.trafficmanager.net/debian trixie-backports InRelease
#13 3.207 Ign:4 http://debian-archive.trafficmanager.net/debian-security trixie-security InRelease
#13 7.208 Err:4 http://debian-archive.trafficmanager.net/debian-security trixie-security InRelease
#13 7.208   Unable to connect to 127.0.0.1:9:
#13 7.208 Err:3 http://debian-archive.trafficmanager.net/debian trixie-backports InRelease
#13 7.208   Unable to connect to 127.0.0.1:9:
#13 7.208 Err:2 http://debian-archive.trafficmanager.net/debian trixie-updates InRelease
#13 7.208   Unable to connect to 127.0.0.1:9:
#13 7.208 Err:1 http://debian-archive.trafficmanager.net/debian trixie InRelease
#13 7.208   Could not connect to 127.0.0.1:9 (127.0.0.1). - connect (111: Connection refused)
#13 7.208   Unable to connect to 127.0.0.1:9:
#13 7.212 Reading package lists...
#13 7.638 Building dependency tree...
#13 7.717 Reading state information...
#13 7.730 Warning: Failed to fetch http://debian-archive.trafficmanager.net/debian/dists/trixie/InRelease  Unable to connect to 127.0.0.1:9:
#13 7.730 Warning: Failed to fetch http://debian-archive.trafficmanager.net/debian/dists/trixie-updates/InRelease  Unable to connect to 127.0.0.1:9:
#13 7.730 Warning: Failed to fetch http://debian-archive.trafficmanager.net/debian/dists/trixie-backports/InRelease  Unable to connect to 127.0.0.1:9:
#13 7.730 Warning: Failed to fetch http://debian-archive.trafficmanager.net/debian-security/dists/trixie-security/InRelease  Unable to connect to 127.0.0.1:9:
#13 7.730 Warning: Some index files failed to download. They have been ignored, or old ones used instead.
#13 7.730 13 packages can be upgraded. Run 'apt list --upgradable' to see them.
#13 7.758 
#13 7.758 WARNING: apt does not have a stable CLI interface. Use with caution in scripts.
#13 7.758 
#13 7.772 Reading package lists...
#13 8.197 Building dependency tree...
#13 8.276 Reading state information...
#13 8.423 Upgrading:
#13 8.423   libssl3t64  openssl-provider-legacy
#13 8.423 
#13 8.424 Installing:
#13 8.424   ca-certificates
#13 8.424 
#13 8.424 Installing dependencies:
#13 8.424   openssl
#13 8.424 
#13 8.440 Summary:
#13 8.440   Upgrading: 2, Installing: 2, Removing: 0, Not Upgrading: 11
#13 8.440   Download size: 4439 kB
#13 8.440   Space needed: 2978 kB / 282 GB available
#13 8.440 
#13 8.440 Ign:1 http://debian-archive.trafficmanager.net/debian-security trixie-security/main amd64 openssl-provider-legacy amd64 3.5.7-1~deb13u2
#13 8.440 Ign:2 http://debian-archive.trafficmanager.net/debian-security trixie-security/main amd64 libssl3t64 amd64 3.5.7-1~deb13u2
#13 8.440 Ign:3 http://debian-archive.trafficmanager.net/debian-security trixie-security/main amd64 openssl amd64 3.5.7-1~deb13u2
#13 8.440 Ign:4 http://debian-archive.trafficmanager.net/debian trixie/main amd64 ca-certificates all 20250419
#13 9.441 Ign:4 http://debian-archive.trafficmanager.net/debian trixie/main amd64 ca-certificates all 20250419
#13 9.441 Ign:3 http://debian-archive.trafficmanager.net/debian-security trixie-security/main amd64 openssl amd64 3.5.7-1~deb13u2
#13 9.441 Ign:2 http://debian-archive.trafficmanager.net/debian-security trixie-security/main amd64 libssl3t64 amd64 3.5.7-1~deb13u2
#13 9.441 Ign:1 http://debian-archive.trafficmanager.net/debian-security trixie-security/main amd64 openssl-provider-legacy amd64 3.5.7-1~deb13u2
#13 11.44 Ign:1 http://debian-archive.trafficmanager.net/debian-security trixie-security/main amd64 openssl-provider-legacy amd64 3.5.7-1~deb13u2
#13 11.44 Ign:2 http://debian-archive.trafficmanager.net/debian-security trixie-security/main amd64 libssl3t64 amd64 3.5.7-1~deb13u2
#13 11.44 Ign:3 http://debian-archive.trafficmanager.net/debian-security trixie-security/main amd64 openssl amd64 3.5.7-1~deb13u2
#13 11.44 Ign:4 http://debian-archive.trafficmanager.net/debian trixie/main amd64 ca-certificates all 20250419
#13 15.44 Err:4 http://debian-archive.trafficmanager.net/debian trixie/main amd64 ca-certificates all 20250419
#13 15.44   Unable to connect to 127.0.0.1:9:
#13 15.44 Err:3 http://debian-archive.trafficmanager.net/debian-security trixie-security/main amd64 openssl amd64 3.5.7-1~deb13u2
#13 15.44   Unable to connect to 127.0.0.1:9:
#13 15.44 Err:2 http://debian-archive.trafficmanager.net/debian-security trixie-security/main amd64 libssl3t64 amd64 3.5.7-1~deb13u2
#13 15.44   Unable to connect to 127.0.0.1:9:
#13 15.44 Err:1 http://debian-archive.trafficmanager.net/debian-security trixie-security/main amd64 openssl-provider-legacy amd64 3.5.7-1~deb13u2
#13 15.44   Could not connect to 127.0.0.1:9 (127.0.0.1). - connect (111: Connection refused)
#13 15.44   Unable to connect to 127.0.0.1:9:
#13 15.45 Error: Failed to fetch http://debian-archive.trafficmanager.net/debian-security/pool/updates/main/o/openssl/openssl-provider-legacy_3.5.7-1%7edeb13u2_amd64.deb  Unable to connect to 127.0.0.1:9:
#13 15.45 Error: Failed to fetch http://debian-archive.trafficmanager.net/debian-security/pool/updates/main/o/openssl/libssl3t64_3.5.7-1%7edeb13u2_amd64.deb  Unable to connect to 127.0.0.1:9:
#13 15.45 Error: Failed to fetch http://debian-archive.trafficmanager.net/debian-security/pool/updates/main/o/openssl/openssl_3.5.7-1%7edeb13u2_amd64.deb  Unable to connect to 127.0.0.1:9:
#13 15.45 Error: Failed to fetch http://debian-archive.trafficmanager.net/debian/pool/main/c/ca-certificates/ca-certificates_20250419_all.deb  Unable to connect to 127.0.0.1:9:
#13 15.45 Error: Unable to fetch some archives, maybe run apt-get update or try with --fix-missing?
#13 ERROR: process "/bin/sh -c apt -o Acquire::https::Verify-Peer=false update &&     apt -o Acquire::https::Verify-Peer=false install -y ca-certificates" did not complete successfully: exit code: 100
------
 > [base  9/26] RUN apt -o Acquire::https::Verify-Peer=false update &&     apt -o Acquire::https::Verify-Peer=false install -y ca-certificates:
15.44 Err:2 http://debian-archive.trafficmanager.net/debian-security trixie-security/main amd64 libssl3t64 amd64 3.5.7-1~deb13u2
15.44   Unable to connect to 127.0.0.1:9:
15.44 Err:1 http://debian-archive.trafficmanager.net/debian-security trixie-security/main amd64 openssl-provider-legacy amd64 3.5.7-1~deb13u2
15.44   Could not connect to 127.0.0.1:9 (127.0.0.1). - connect (111: Connection refused)
15.44   Unable to connect to 127.0.0.1:9:
15.45 Error: Failed to fetch http://debian-archive.trafficmanager.net/debian-security/pool/updates/main/o/openssl/openssl-provider-legacy_3.5.7-1%7edeb13u2_amd64.deb  Unable to connect to 127.0.0.1:9:
15.45 Error: Failed to fetch http://debian-archive.trafficmanager.net/debian-security/pool/updates/main/o/openssl/libssl3t64_3.5.7-1%7edeb13u2_amd64.deb  Unable to connect to 127.0.0.1:9:
15.45 Error: Failed to fetch http://debian-archive.trafficmanager.net/debian-security/pool/updates/main/o/openssl/openssl_3.5.7-1%7edeb13u2_amd64.deb  Unable to connect to 127.0.0.1:9:
15.45 Error: Failed to fetch http://debian-archive.trafficmanager.net/debian/pool/main/c/ca-certificates/ca-certificates_20250419_all.deb  Unable to connect to 127.0.0.1:9:
15.45 Error: Unable to fetch some archives, maybe run apt-get update or try with --fix-missing?
------
Dockerfile:29
--------------------
  28 |     
  29 | >>> RUN apt -o Acquire::https::Verify-Peer=false update && \
  30 | >>>     apt -o Acquire::https::Verify-Peer=false install -y ca-certificates
  31 |     
--------------------
ERROR: failed to build: failed to solve: process "/bin/sh -c apt -o Acquire::https::Verify-Peer=false update &&     apt -o Acquire::https::Verify-Peer=false install -y ca-certificates" did not complete successfully: exit code: 100
[  FAIL LOG END  ] [ target/docker-base-trixie.gz ]
make: *** [slave.mk:1406: target/docker-base-trixie.gz] Error 1
make: *** Waiting for unfinished jobs....
[ finished ] [ target/python-wheels/trixie/sonic_yang_models-1.0-py3-none-any.whl ] 
[ finished ] [ target/docker-dash-engine.gz ] 
[ FAIL LOG START ] [ target/docker-dash-engine.gz ]
Build start time: Sat Sep 5 19:36:45 UTC 2026
[ REASON ] :      target/docker-dash-engine.gz does not exist   NON-EXISTENT PREREQUISITES: docker-start 
[ FLAGS  FILE    ] : [] 
[ FLAGS  DEPENDS ] : [] 
[ FLAGS  DIFF    ] : [] 
cat: 'files/build/versions/dockers/docker-dash-engine/versions-*-noble-amd64': No such file or directory
ls: cannot access 'files/build/versions/dockers/docker-dash-engine/versions-*-noble-amd64': No such file or directory
fatal: path 'files/build/versions/default/versions-docker' exists on disk, but not in 'HEAD'
ls: cannot access 'files/build/versions/dockers/docker-dash-engine/versions-*-noble-amd64': No such file or directory
fatal: path 'files/build/versions/default/versions-docker' exists on disk, but not in 'HEAD~1'
ls: cannot access 'files/build/versions/dockers/docker-dash-engine/versions-*-noble-amd64': No such file or directory
fatal: path 'files/build/versions/default/versions-docker' exists on disk, but not in 'HEAD~2'
Client: Docker Engine - Community
 Version:    28.5.2
 Context:    default
 Debug Mode: false
 Plugins:
  buildx: Docker Buildx (Docker Inc.)
    Version:  v0.26.1
    Path:     /usr/libexec/docker/cli-plugins/docker-buildx
  compose: Docker Compose (Docker Inc.)
    Version:  v2.39.1
    Path:     /usr/libexec/docker/cli-plugins/docker-compose

Server:
 Containers: 0
  Running: 0
  Paused: 0
  Stopped: 0
 Images: 370
 Server Version: 28.5.2
 Storage Driver: overlay2
  Backing Filesystem: extfs
  Supports d_type: true
  Using metacopy: false
  Native Overlay Diff: true
  userxattr: false
 Logging Driver: json-file
 Cgroup Driver: cgroupfs
 Cgroup Version: 2
 Plugins:
  Volume: local
  Network: bridge host ipvlan macvlan null overlay
  Log: awslogs fluentd gcplogs gelf journald json-file local splunk syslog
 CDI spec directories:
  /etc/cdi
  /var/run/cdi
 Swarm: inactive
 Runtimes: io.containerd.runc.v2 runc
 Default Runtime: runc
 Init Binary: docker-init
 containerd version: b98a3aace656320842a23f4a392a33f46af97866
 runc version: v1.3.3-0-gd842d771
 init version: de40ad0
 Security Options:
  seccomp
   Profile: builtin
  cgroupns
 Kernel Version: 7.0.0-22-generic
 Operating System: Debian GNU/Linux 13 (trixie)
 OSType: linux
 Architecture: x86_64
 CPUs: 192
 Total Memory: 743GiB
 Name: a01eb414e9eb
 ID: 9050de27-efa9-406a-855d-9324d28b5135
 Docker Root Dir: /var/lib/docker
 Debug Mode: false
 HTTP Proxy: http://127.0.0.1:9
 HTTPS Proxy: http://127.0.0.1:9
 No Proxy: localhost,127.0.0.1,0.0.0.0
 Experimental: true
 Insecure Registries:
  ::1/128
  127.0.0.0/8
 Live Restore Enabled: false

#0 building with "default" instance using docker driver

#1 [internal] load build definition from Dockerfile
#1 transferring dockerfile: 1.45kB done
#1 DONE 0.0s

#2 [internal] load metadata for publicmirror.azurecr.io/p4lang/behavioral-model:latest
#2 DONE 0.0s

#3 [internal] load .dockerignore
#3 transferring context: 2B done
#3 DONE 0.0s

#4 [base  1/12] FROM publicmirror.azurecr.io/p4lang/behavioral-model:latest
#4 CACHED

#5 [internal] load build context
#5 transferring context: 75.51MB 0.3s done
#5 DONE 0.3s

#6 [base  2/12] COPY [buildinfo, /usr/local/share/buildinfo]
#6 DONE 1.3s

#7 [base  3/12] COPY vcache/ /sonic/target/vcache/docker-dash-engine
#7 DONE 0.6s

#8 [base  4/12] RUN dpkg -i /usr/local/share/buildinfo/sonic-build-hooks_1.0_all.deb
#8 0.206 Selecting previously unselected package sonic-build-hooks.
#8 0.223 (Reading database ... 38345 files and directories currently installed.)
#8 0.225 Preparing to unpack .../sonic-build-hooks_1.0_all.deb ...
#8 0.229 Unpacking sonic-build-hooks (1.0) ...
#8 0.251 Setting up sonic-build-hooks (1.0) ...
#8 DONE 1.2s

#9 [base  5/12] RUN pre_run_buildinfo docker-dash-engine
#9 3.995 ./
#9 3.995 ./apt-lists/
#9 3.995 ./apt-lists/archive.ubuntu.com_ubuntu_dists_noble-backports_InRelease
#9 3.995 ./apt-lists/archive.ubuntu.com_ubuntu_dists_noble-updates_main_binary-amd64_Packages.lz4
#9 4.029 ./apt-lists/archive.ubuntu.com_ubuntu_dists_noble_universe_binary-amd64_Packages.lz4
#9 4.434 ./apt-lists/archive.ubuntu.com_ubuntu_dists_noble-updates_restricted_binary-amd64_Packages.lz4
#9 4.475 ./apt-lists/security.ubuntu.com_ubuntu_dists_noble-security_multiverse_binary-amd64_Packages.lz4
#9 4.476 ./apt-lists/archive.ubuntu.com_ubuntu_dists_noble_main_binary-amd64_Packages.lz4
#9 4.511 ./apt-lists/archive.ubuntu.com_ubuntu_dists_noble_InRelease
#9 4.514 ./apt-lists/archive.ubuntu.com_ubuntu_dists_noble-updates_multiverse_binary-amd64_Packages.lz4
#9 4.518 ./apt-lists/archive.ubuntu.com_ubuntu_dists_noble-backports_main_binary-amd64_Packages.lz4
#9 4.518 ./apt-lists/archive.ubuntu.com_ubuntu_dists_noble-backports_multiverse_binary-amd64_Packages.lz4
#9 4.518 ./apt-lists/auxfiles/
#9 4.518 ./apt-lists/security.ubuntu.com_ubuntu_dists_noble-security_InRelease
#9 4.518 ./apt-lists/security.ubuntu.com_ubuntu_dists_noble-security_main_binary-amd64_Packages.lz4
#9 4.543 ./apt-lists/archive.ubuntu.com_ubuntu_dists_noble_restricted_binary-amd64_Packages.lz4
#9 4.546 ./apt-lists/archive.ubuntu.com_ubuntu_dists_noble-updates_universe_binary-amd64_Packages.lz4
#9 4.593 ./apt-lists/security.ubuntu.com_ubuntu_dists_noble-security_universe_binary-amd64_Packages.lz4
#9 4.628 ./apt-lists/security.ubuntu.com_ubuntu_dists_noble-security_restricted_binary-amd64_Packages.lz4
#9 4.668 ./apt-lists/archive.ubuntu.com_ubuntu_dists_noble_multiverse_binary-amd64_Packages.lz4
#9 4.675 ./apt-lists/archive.ubuntu.com_ubuntu_dists_noble-backports_universe_binary-amd64_Packages.lz4
#9 4.675 ./apt-lists/archive.ubuntu.com_ubuntu_dists_noble-updates_InRelease
#9 4.677 ./pip/
#9 4.677 ./pip/http-v2/
#9 4.677 ./pip/http-v2/b/
#9 4.677 ./pip/http-v2/b/3/
#9 4.677 ./pip/http-v2/b/3/2/
#9 4.677 ./pip/http-v2/b/3/2/f/
#9 4.677 ./pip/http-v2/b/3/2/f/0/
#9 4.677 ./pip/http-v2/b/3/2/f/0/b32f017f9c60d09d91ac0bac44002dec28ef8c04355223f13bf00b7a.body
#9 4.677 ./pip/http-v2/b/3/2/f/0/b32f017f9c60d09d91ac0bac44002dec28ef8c04355223f13bf00b7a
#9 4.677 ./pip/http-v2/2/
#9 4.678 ./pip/http-v2/2/8/
#9 4.678 ./pip/http-v2/2/8/7/
#9 4.678 ./pip/http-v2/2/8/7/9/
#9 4.678 ./pip/http-v2/2/8/7/9/6/
#9 4.678 ./pip/http-v2/2/8/7/9/6/28796067d09eb6879940dba05607b65ff5a21bf3f669ab495c6999a9
#9 4.678 ./pip/http-v2/2/8/7/9/6/28796067d09eb6879940dba05607b65ff5a21bf3f669ab495c6999a9.body
#9 4.678 ./pip/http-v2/1/
#9 4.678 ./pip/http-v2/1/b/
#9 4.679 ./pip/http-v2/1/b/5/
#9 4.679 ./pip/http-v2/1/b/5/e/
#9 4.679 ./pip/http-v2/1/b/5/e/5/
#9 4.679 ./pip/http-v2/1/b/5/e/5/1b5e5a7ec2469bd2603f897e456dddd563ee5d0ef7634c0f5d7c08b9
#9 4.679 ./pip/http-v2/1/b/5/e/5/1b5e5a7ec2469bd2603f897e456dddd563ee5d0ef7634c0f5d7c08b9.body
#9 4.679 ./pip/http-v2/f/
#9 4.679 ./pip/http-v2/f/a/
#9 4.679 ./pip/http-v2/f/a/f/
#9 4.679 ./pip/http-v2/f/a/f/f/
#9 4.679 ./pip/http-v2/f/a/f/f/d/
#9 4.679 ./pip/http-v2/f/a/f/f/d/faffdb5825619a041feeb4cdd9df76cefb30cce63d480ff0ed1a5dae
#9 4.679 ./pip/http-v2/f/a/f/f/d/faffdb5825619a041feeb4cdd9df76cefb30cce63d480ff0ed1a5dae.body
#9 4.679 ./pip/http-v2/7/
#9 4.680 ./pip/http-v2/7/6/
#9 4.680 ./pip/http-v2/7/6/3/
#9 4.680 ./pip/http-v2/7/6/3/5/
#9 4.680 ./pip/http-v2/7/6/3/5/d/
#9 4.680 ./pip/http-v2/7/6/3/5/d/7635de8254c82e7e771831915759d7d8b2dc2759e9c5896e246e8b46.body
#9 4.680 ./pip/http-v2/7/6/3/5/d/7635de8254c82e7e771831915759d7d8b2dc2759e9c5896e246e8b46
#9 4.680 ./pip/http-v2/0/
#9 4.680 ./pip/http-v2/0/6/
#9 4.680 ./pip/http-v2/0/6/4/
#9 4.680 ./pip/http-v2/0/6/4/1/
#9 4.680 ./pip/http-v2/0/6/4/1/2/
#9 4.680 ./pip/http-v2/0/6/4/1/2/06412fcf44b9a9522ff6367cabc965d23cb1165807c45516a879c5c4.body
#9 4.680 ./pip/http-v2/0/6/4/1/2/06412fcf44b9a9522ff6367cabc965d23cb1165807c45516a879c5c4
#9 4.680 ./pip/http-v2/a/
#9 4.681 ./pip/http-v2/a/5/
#9 4.681 ./pip/http-v2/a/5/7/
#9 4.681 ./pip/http-v2/a/5/7/6/
#9 4.681 ./pip/http-v2/a/5/7/6/a/
#9 4.681 ./pip/http-v2/a/5/7/6/a/a576adadf536bc11b2719ae2f275733a69215dc284bb6886cbb4384c.body
#9 4.684 ./pip/http-v2/a/5/7/6/a/a576adadf536bc11b2719ae2f275733a69215dc284bb6886cbb4384c
#9 4.684 ./pip/http-v2/a/a/
#9 4.684 ./pip/http-v2/a/a/c/
#9 4.684 ./pip/http-v2/a/a/c/a/
#9 4.685 ./pip/http-v2/a/a/c/a/c/
#9 4.685 ./pip/http-v2/a/a/c/a/c/aacac81bf1d35d08fd880f2e19cbd5a198730437b2c32b1ce1da7aa3.body
#9 4.685 ./pip/http-v2/a/a/c/a/c/aacac81bf1d35d08fd880f2e19cbd5a198730437b2c32b1ce1da7aa3
#9 4.685 ./pip/http-v2/6/
#9 4.685 ./pip/http-v2/6/b/
#9 4.685 ./pip/http-v2/6/b/c/
#9 4.685 ./pip/http-v2/6/b/c/4/
#9 4.685 ./pip/http-v2/6/b/c/4/4/
#9 4.685 ./pip/http-v2/6/b/c/4/4/6bc44665bb603ed852c296157543510833d416bcf304a53eed83717c
#9 4.685 ./pip/http-v2/6/b/c/4/4/6bc44665bb603ed852c296157543510833d416bcf304a53eed83717c.body
#9 4.685 ./deb/
#9 4.685 ./deb/libpopt0_1.19+dfsg-1build1_amd64.deb
#9 4.685 ./deb/lock
#9 4.685 ./deb/rsync_3.2.7-1ubuntu1.5_amd64.deb
#9 4.688 ./deb/partial/
#9 4.688 ./deb/rsyslog_8.2312.0-3ubuntu9.3_amd64.deb
#9 4.692 ./deb/cron-daemon-common_3.0pl1-184ubuntu2_all.deb
#9 4.692 ./deb/libjson-c5_0.17-1build1_amd64.deb
#9 4.693 ./deb/libjs-sphinxdoc_7.2.6-6_all.deb
#9 4.694 ./deb/dbus-session-bus-common_1.14.10-4ubuntu4.1_all.deb
#9 4.695 ./deb/libsystemd0_255.4-1ubuntu8.17_amd64.deb
#9 4.697 ./deb/util-linux_2.39.3-9ubuntu6.6_amd64.deb
#9 4.705 ./deb/libsystemd-shared_255.4-1ubuntu8.17_amd64.deb
#9 4.718 ./deb/libpython3.12-dev_3.12.3-1ubuntu0.16_amd64.deb
#9 4.755 ./deb/zlib1g_1%3a1.3.dfsg-3.1ubuntu2.2_amd64.deb
#9 4.756 ./deb/shared-mime-info_2.4-4_amd64.deb
#9 4.759 ./deb/systemd-resolved_255.4-1ubuntu8.17_amd64.deb
#9 4.761 ./deb/libargon2-1_0~20190702+dfsg-4build1_amd64.deb
#9 4.761 ./deb/javascript-common_11+nmu1_all.deb
#9 4.762 ./deb/cron_3.0pl1-184ubuntu2_amd64.deb
#9 4.762 ./deb/xdg-user-dirs_0.18-1build1_amd64.deb
#9 4.763 ./deb/systemd-dev_255.4-1ubuntu8.17_all.deb
#9 4.763 ./deb/gir1.2-girepository-2.0_1.80.1-1_amd64.deb
#9 4.764 ./deb/python3.12-minimal_3.12.3-1ubuntu0.16_amd64.deb
#9 4.779 ./deb/libfastjson4_1.2304.0-1build1_amd64.deb
#9 4.779 ./deb/systemd-timesyncd_255.4-1ubuntu8.17_amd64.deb
#9 4.779 ./deb/libpython3-dev_3.12.3-0ubuntu2.1_amd64.deb
#9 4.779 ./deb/python3-pkg-resources_68.1.2-2ubuntu1.2_all.deb
#9 4.781 ./deb/libkmod2_31+20240202-2ubuntu7.2_amd64.deb
#9 4.781 ./deb/libpython3.12-stdlib_3.12.3-1ubuntu0.16_amd64.deb
#9 4.795 ./deb/openssl_3.0.13-0ubuntu3.15_amd64.deb
#9 4.800 ./deb/networkd-dispatcher_2.2.4-1_all.deb
#9 4.801 ./deb/ucf_3.0043+nmu1_all.deb
#9 4.801 ./deb/net-tools_2.10-0.1ubuntu4.4_amd64.deb
#9 4.802 ./deb/python3-gi_3.48.2-1_amd64.deb
#9 4.804 ./deb/libestr0_0.1.11-1build1_amd64.deb
#9 4.804 ./deb/libpython3.12-minimal_3.12.3-1ubuntu0.16_amd64.deb
#9 4.809 ./deb/logrotate_3.21.0-2build1_amd64.deb
#9 4.809 ./deb/libdevmapper1.02.1_2%3a1.02.185-3ubuntu3.2_amd64.deb
#9 4.810 ./deb/libjs-jquery_3.6.1+dfsg+~3.5.14-1_all.deb
#9 4.812 ./deb/systemd_255.4-1ubuntu8.17_amd64.deb
#9 4.832 ./deb/python3-wheel_0.42.0-2_all.deb
#9 4.832 ./deb/dbus-daemon_1.14.10-4ubuntu4.1_amd64.deb
#9 4.833 ./deb/python3-pip_24.0+dfsg-1ubuntu1.3_all.deb
#9 4.842 ./deb/libcryptsetup12_2%3a2.7.0-1ubuntu4.2_amd64.deb
#9 4.842 ./deb/dbus-system-bus-common_1.14.10-4ubuntu4.1_all.deb
#9 4.842 ./deb/libmount1_2.39.3-9ubuntu6.6_amd64.deb
#9 4.843 ./deb/libblkid1_2.39.3-9ubuntu6.6_amd64.deb
#9 4.844 ./deb/python3-setuptools_68.1.2-2ubuntu1.2_all.deb
#9 4.846 ./deb/libapparmor1_4.0.1really4.0.1-0ubuntu0.24.04.7_amd64.deb
#9 4.846 ./deb/libssl3t64_3.0.13-0ubuntu3.15_amd64.deb
#9 4.857 ./deb/dmsetup_2%3a1.02.185-3ubuntu3.2_amd64.deb
#9 4.858 ./deb/ca-certificates_20260601~24.04.1_all.deb
#9 4.858 ./deb/zlib1g-dev_1%3a1.3.dfsg-3.1ubuntu2.2_amd64.deb
#9 4.863 ./deb/libsmartcols1_2.39.3-9ubuntu6.6_amd64.deb
#9 4.864 ./deb/libpython3.12t64_3.12.3-1ubuntu0.16_amd64.deb
#9 4.875 ./deb/gir1.2-glib-2.0_2.80.0-6ubuntu3.8_amd64.deb
#9 4.876 ./deb/libjs-underscore_1.13.4~dfsg+~1.11.4-3_all.deb
#9 4.877 ./deb/supervisor_4.2.5-1ubuntu0.1_all.deb
#9 4.878 ./deb/bsdutils_1%3a2.39.3-9ubuntu6.6_amd64.deb
#9 4.879 ./deb/python3-dbus_1.3.2-5build3_amd64.deb
#9 4.879 ./deb/libglib2.0-data_2.80.0-6ubuntu3.8_all.deb
#9 4.880 ./deb/python3.12-dev_3.12.3-1ubuntu0.16_amd64.deb
#9 4.882 ./deb/mount_2.39.3-9ubuntu6.6_amd64.deb
#9 4.883 ./deb/libglib2.0-0t64_2.80.0-6ubuntu3.8_amd64.deb
#9 4.891 ./deb/libexpat1-dev_2.6.1-2ubuntu0.4_amd64.deb
#9 4.892 ./deb/libudev1_255.4-1ubuntu8.17_amd64.deb
#9 4.892 ./deb/libgirepository-1.0-1_1.80.1-1_amd64.deb
#9 4.893 ./deb/libssl-dev_3.0.13-0ubuntu3.15_amd64.deb
#9 4.906 ./deb/dbus_1.14.10-4ubuntu4.1_amd64.deb
#9 4.906 ./deb/dbus-bin_1.14.10-4ubuntu4.1_amd64.deb
#9 4.907 ./deb/libuuid1_2.39.3-9ubuntu6.6_amd64.deb
#9 4.907 ./deb/python3.12_3.12.3-1ubuntu0.16_amd64.deb
#9 4.910 ./deb/python3-dev_3.12.3-0ubuntu2.1_amd64.deb
#9 4.910 ./deb/libfdisk1_2.39.3-9ubuntu6.6_amd64.deb
#9 4.926 cp: -r not specified; omitting directory '/sonic/target/vcache/docker-dash-engine/deb/partial'
#9 5.057 Ign:1 http://archive.ubuntu.com/ubuntu noble InRelease
#9 5.057 Ign:2 http://security.ubuntu.com/ubuntu noble-security InRelease
#9 5.057 Ign:3 http://archive.ubuntu.com/ubuntu noble-updates InRelease
#9 5.057 Ign:4 http://archive.ubuntu.com/ubuntu noble-backports InRelease
#9 6.057 Ign:2 http://security.ubuntu.com/ubuntu noble-security InRelease
#9 6.058 Ign:1 http://archive.ubuntu.com/ubuntu noble InRelease
#9 6.058 Ign:3 http://archive.ubuntu.com/ubuntu noble-updates InRelease
#9 6.058 Ign:4 http://archive.ubuntu.com/ubuntu noble-backports InRelease
#9 8.058 Ign:1 http://archive.ubuntu.com/ubuntu noble InRelease
#9 8.058 Ign:2 http://security.ubuntu.com/ubuntu noble-security InRelease
#9 8.058 Ign:3 http://archive.ubuntu.com/ubuntu noble-updates InRelease
#9 8.058 Ign:4 http://archive.ubuntu.com/ubuntu noble-backports InRelease
#9 12.06 Err:2 http://security.ubuntu.com/ubuntu noble-security InRelease
#9 12.06   Could not connect to 127.0.0.1:9 (127.0.0.1). - connect (111: Connection refused)
#9 12.06 Err:1 http://archive.ubuntu.com/ubuntu noble InRelease
#9 12.06   Could not connect to 127.0.0.1:9 (127.0.0.1). - connect (111: Connection refused)
#9 12.06 Err:3 http://archive.ubuntu.com/ubuntu noble-updates InRelease
#9 12.06   Unable to connect to 127.0.0.1:9:
#9 12.06 Err:4 http://archive.ubuntu.com/ubuntu noble-backports InRelease
#9 12.06   Unable to connect to 127.0.0.1:9:
#9 12.17 Reading package lists...
#9 12.98 W: Failed to fetch http://archive.ubuntu.com/ubuntu/dists/noble/InRelease  Could not connect to 127.0.0.1:9 (127.0.0.1). - connect (111: Connection refused)
#9 12.98 W: Failed to fetch http://archive.ubuntu.com/ubuntu/dists/noble-updates/InRelease  Unable to connect to 127.0.0.1:9:
#9 12.98 W: Failed to fetch http://archive.ubuntu.com/ubuntu/dists/noble-backports/InRelease  Unable to connect to 127.0.0.1:9:
#9 12.98 W: Failed to fetch http://security.ubuntu.com/ubuntu/dists/noble-security/InRelease  Could not connect to 127.0.0.1:9 (127.0.0.1). - connect (111: Connection refused)
#9 12.98 W: Some index files failed to download. They have been ignored, or old ones used instead.
#9 13.09 Reading package lists...
#9 13.10 Building dependency tree...
#9 13.29 Reading state information...
#9 13.48 The following additional packages will be installed:
#9 13.48   libpopt0
#9 13.48 Suggested packages:
#9 13.48   openssh-client openssh-server python3-braceexpand
#9 13.50 The following NEW packages will be installed:
#9 13.50   libpopt0 rsync
#9 14.63 debconf: delaying package configuration, since apt-utils is not installed
#9 15.12 0 upgraded, 2 newly installed, 0 to remove and 33 not upgraded.
#9 15.12 Need to get 0 B/472 kB of archives.
#9 15.12 After this operation, 943 kB of additional disk space will be used.
#9 16.82 Selecting previously unselected package libpopt0:amd64.
#9 16.82 (Reading database ... (Reading database ... 5%(Reading database ... 10%(Reading database ... 15%(Reading database ... 20%(Reading database ... 25%(Reading database ... 30%(Reading database ... 35%(Reading database ... 40%(Reading database ... 45%(Reading database ... 50%(Reading database ... 55%(Reading database ... 60%(Reading database ... 65%(Reading database ... 70%(Reading database ... 75%(Reading database ... 80%(Reading database ... 85%(Reading database ... 90%(Reading database ... 95%(Reading database ... 100%(Reading database ... 38371 files and directories currently installed.)
#9 16.84 Preparing to unpack .../libpopt0_1.19+dfsg-1build1_amd64.deb ...
#9 17.68 Unpacking libpopt0:amd64 (1.19+dfsg-1build1) ...
#9 19.79 Selecting previously unselected package rsync.
#9 19.80 Preparing to unpack .../rsync_3.2.7-1ubuntu1.5_amd64.deb ...
#9 19.85 Unpacking rsync (3.2.7-1ubuntu1.5) ...
#9 20.13 Setting up libpopt0:amd64 (1.19+dfsg-1build1) ...
#9 20.19 Setting up rsync (3.2.7-1ubuntu1.5) ...
#9 20.32 invoke-rc.d: could not determine current runlevel
#9 20.33 invoke-rc.d: policy-rc.d denied execution of start.
#9 20.50 Processing triggers for libc-bin (2.39-0ubuntu8.8) ...
#9 20.77 sending incremental file list
#9 20.77 ./
#9 20.77 bsdutils_1%3a2.39.3-9ubuntu6.6_amd64.deb
#9 20.77 ca-certificates_20260601~24.04.1_all.deb
#9 20.78 cron-daemon-common_3.0pl1-184ubuntu2_all.deb
#9 20.78 cron_3.0pl1-184ubuntu2_amd64.deb
#9 20.78 dbus-bin_1.14.10-4ubuntu4.1_amd64.deb
#9 20.78 dbus-daemon_1.14.10-4ubuntu4.1_amd64.deb
#9 20.78 dbus-session-bus-common_1.14.10-4ubuntu4.1_all.deb
#9 20.79 dbus-system-bus-common_1.14.10-4ubuntu4.1_all.deb
#9 20.79 dbus_1.14.10-4ubuntu4.1_amd64.deb
#9 20.79 dmsetup_2%3a1.02.185-3ubuntu3.2_amd64.deb
#9 20.79 gir1.2-girepository-2.0_1.80.1-1_amd64.deb
#9 20.79 gir1.2-glib-2.0_2.80.0-6ubuntu3.8_amd64.deb
#9 20.80 javascript-common_11+nmu1_all.deb
#9 20.80 libapparmor1_4.0.1really4.0.1-0ubuntu0.24.04.7_amd64.deb
#9 20.80 libargon2-1_0~20190702+dfsg-4build1_amd64.deb
#9 20.80 libblkid1_2.39.3-9ubuntu6.6_amd64.deb
#9 20.80 libcryptsetup12_2%3a2.7.0-1ubuntu4.2_amd64.deb
#9 20.80 libdevmapper1.02.1_2%3a1.02.185-3ubuntu3.2_amd64.deb
#9 20.81 libestr0_0.1.11-1build1_amd64.deb
#9 20.81 libexpat1-dev_2.6.1-2ubuntu0.4_amd64.deb
#9 20.81 libfastjson4_1.2304.0-1build1_amd64.deb
#9 20.81 libfdisk1_2.39.3-9ubuntu6.6_amd64.deb
#9 20.82 libgirepository-1.0-1_1.80.1-1_amd64.deb
#9 20.82 libglib2.0-0t64_2.80.0-6ubuntu3.8_amd64.deb
#9 20.82 libglib2.0-data_2.80.0-6ubuntu3.8_all.deb
#9 20.82 libjs-jquery_3.6.1+dfsg+~3.5.14-1_all.deb
#9 20.83 libjs-sphinxdoc_7.2.6-6_all.deb
#9 20.83 libjs-underscore_1.13.4~dfsg+~1.11.4-3_all.deb
#9 20.84 libjson-c5_0.17-1build1_amd64.deb
#9 20.84 libkmod2_31+20240202-2ubuntu7.2_amd64.deb
#9 20.84 libmount1_2.39.3-9ubuntu6.6_amd64.deb
#9 20.84 libpopt0_1.19+dfsg-1build1_amd64.deb
#9 20.84 libpython3-dev_3.12.3-0ubuntu2.1_amd64.deb
#9 20.85 libpython3.12-dev_3.12.3-1ubuntu0.16_amd64.deb
#9 20.86 libpython3.12-minimal_3.12.3-1ubuntu0.16_amd64.deb
#9 20.86 libpython3.12-stdlib_3.12.3-1ubuntu0.16_amd64.deb
#9 20.87 libpython3.12t64_3.12.3-1ubuntu0.16_amd64.deb
#9 20.89 libsmartcols1_2.39.3-9ubuntu6.6_amd64.deb
#9 20.89 libssl-dev_3.0.13-0ubuntu3.15_amd64.deb
#9 20.91 libssl3t64_3.0.13-0ubuntu3.15_amd64.deb
#9 20.91 libsystemd-shared_255.4-1ubuntu8.17_amd64.deb
#9 20.92 libsystemd0_255.4-1ubuntu8.17_amd64.deb
#9 20.92 libudev1_255.4-1ubuntu8.17_amd64.deb
#9 20.92 libuuid1_2.39.3-9ubuntu6.6_amd64.deb
#9 20.93 lock
#9 20.93 logrotate_3.21.0-2build1_amd64.deb
#9 20.93 mount_2.39.3-9ubuntu6.6_amd64.deb
#9 20.94 net-tools_2.10-0.1ubuntu4.4_amd64.deb
#9 20.94 networkd-dispatcher_2.2.4-1_all.deb
#9 20.94 openssl_3.0.13-0ubuntu3.15_amd64.deb
#9 20.95 python3-dbus_1.3.2-5build3_amd64.deb
#9 20.95 python3-dev_3.12.3-0ubuntu2.1_amd64.deb
#9 20.95 python3-gi_3.48.2-1_amd64.deb
#9 20.95 python3-pip_24.0+dfsg-1ubuntu1.3_all.deb
#9 20.96 python3-pkg-resources_68.1.2-2ubuntu1.2_all.deb
#9 20.97 python3-setuptools_68.1.2-2ubuntu1.2_all.deb
#9 20.97 python3-wheel_0.42.0-2_all.deb
#9 20.97 python3.12-dev_3.12.3-1ubuntu0.16_amd64.deb
#9 20.98 python3.12-minimal_3.12.3-1ubuntu0.16_amd64.deb
#9 21.00 python3.12_3.12.3-1ubuntu0.16_amd64.deb
#9 21.02 rsync_3.2.7-1ubuntu1.5_amd64.deb
#9 21.02 rsyslog_8.2312.0-3ubuntu9.3_amd64.deb
#9 21.03 shared-mime-info_2.4-4_amd64.deb
#9 21.04 supervisor_4.2.5-1ubuntu0.1_all.deb
#9 21.05 systemd-dev_255.4-1ubuntu8.17_all.deb
#9 21.06 systemd-resolved_255.4-1ubuntu8.17_amd64.deb
#9 21.06 systemd-timesyncd_255.4-1ubuntu8.17_amd64.deb
#9 21.06 systemd_255.4-1ubuntu8.17_amd64.deb
#9 21.07 ucf_3.0043+nmu1_all.deb
#9 21.07 util-linux_2.39.3-9ubuntu6.6_amd64.deb
#9 21.09 xdg-user-dirs_0.18-1build1_amd64.deb
#9 21.09 zlib1g-dev_1%3a1.3.dfsg-3.1ubuntu2.2_amd64.deb
#9 21.11 zlib1g_1%3a1.3.dfsg-3.1ubuntu2.2_amd64.deb
#9 21.11 partial/
#9 21.17 
#9 21.17 sent 37.19M bytes  received 1.41K bytes  74.38M bytes/sec
#9 21.17 total size is 37.46M  speedup is 1.01
#9 DONE 25.1s

#10 [base  6/12] RUN sed -i 's|http://.*.ubuntu.com|http://azure.archive.ubuntu.com|g' /etc/apt/sources.list
#10 DONE 0.2s

#11 [base  7/12] RUN apt-get update
#11 0.277 Ign:1 http://archive.ubuntu.com/ubuntu noble InRelease
#11 0.277 Ign:2 http://security.ubuntu.com/ubuntu noble-security InRelease
#11 0.277 Ign:3 http://archive.ubuntu.com/ubuntu noble-updates InRelease
#11 0.277 Ign:4 http://archive.ubuntu.com/ubuntu noble-backports InRelease
#11 1.277 Ign:1 http://archive.ubuntu.com/ubuntu noble InRelease
#11 1.277 Ign:2 http://security.ubuntu.com/ubuntu noble-security InRelease
#11 1.277 Ign:3 http://archive.ubuntu.com/ubuntu noble-updates InRelease
#11 1.277 Ign:4 http://archive.ubuntu.com/ubuntu noble-backports InRelease
#11 3.278 Ign:2 http://security.ubuntu.com/ubuntu noble-security InRelease
#11 3.278 Ign:1 http://archive.ubuntu.com/ubuntu noble InRelease
#11 3.278 Ign:3 http://archive.ubuntu.com/ubuntu noble-updates InRelease
#11 3.278 Ign:4 http://archive.ubuntu.com/ubuntu noble-backports InRelease
#11 7.279 Err:1 http://archive.ubuntu.com/ubuntu noble InRelease
#11 7.279   Could not connect to 127.0.0.1:9 (127.0.0.1). - connect (111: Connection refused)
#11 7.279 Err:2 http://security.ubuntu.com/ubuntu noble-security InRelease
#11 7.279   Could not connect to 127.0.0.1:9 (127.0.0.1). - connect (111: Connection refused)
#11 7.279 Err:3 http://archive.ubuntu.com/ubuntu noble-updates InRelease
#11 7.279   Unable to connect to 127.0.0.1:9:
#11 7.279 Err:4 http://archive.ubuntu.com/ubuntu noble-backports InRelease
#11 7.279   Unable to connect to 127.0.0.1:9:
#11 7.283 sending incremental file list
#11 7.325 
#11 7.325 sent 3.75K bytes  received 13 bytes  7.53K bytes/sec
#11 7.325 total size is 37.46M  speedup is 9,951.12
#11 7.328 sending incremental file list
#11 7.328 ./
#11 7.328 lock
#11 7.329 partial/
#11 7.369 
#11 7.369 sent 1.29K bytes  received 47 bytes  2.68K bytes/sec
#11 7.369 total size is 52.92M  speedup is 39,437.30
#11 7.371 Reading package lists...
#11 8.012 W: Failed to fetch http://archive.ubuntu.com/ubuntu/dists/noble/InRelease  Could not connect to 127.0.0.1:9 (127.0.0.1). - connect (111: Connection refused)
#11 8.012 W: Failed to fetch http://archive.ubuntu.com/ubuntu/dists/noble-updates/InRelease  Unable to connect to 127.0.0.1:9:
#11 8.012 W: Failed to fetch http://archive.ubuntu.com/ubuntu/dists/noble-backports/InRelease  Unable to connect to 127.0.0.1:9:
#11 8.012 W: Failed to fetch http://security.ubuntu.com/ubuntu/dists/noble-security/InRelease  Could not connect to 127.0.0.1:9 (127.0.0.1). - connect (111: Connection refused)
#11 8.012 W: Some index files failed to download. They have been ignored, or old ones used instead.
#11 DONE 21.6s

#12 [base  8/12] RUN apt-get install -f -y net-tools supervisor rsyslog  python3-pip
#12 0.175 Reading package lists...
#12 0.189 Building dependency tree...
#12 0.320 Reading state information...
#12 0.503 The following additional packages will be installed:
#12 0.503   bsdutils ca-certificates cron cron-daemon-common dbus dbus-bin dbus-daemon
#12 0.503   dbus-session-bus-common dbus-system-bus-common dmsetup
#12 0.503   gir1.2-girepository-2.0 gir1.2-glib-2.0 javascript-common libapparmor1
#12 0.503   libargon2-1 libblkid1 libcryptsetup12 libdevmapper1.02.1 libestr0
#12 0.503   libexpat1-dev libfastjson4 libfdisk1 libgirepository-1.0-1 libglib2.0-0t64
#12 0.503   libglib2.0-data libjs-jquery libjs-sphinxdoc libjs-underscore libjson-c5
#12 0.503   libkmod2 libmount1 libpython3-dev libpython3.12-dev libpython3.12-minimal
#12 0.503   libpython3.12-stdlib libpython3.12t64 libsmartcols1 libssl-dev libssl3t64
#12 0.503   libsystemd-shared libsystemd0 libudev1 libuuid1 logrotate mount
#12 0.504   networkd-dispatcher openssl python3-dbus python3-dev python3-gi
#12 0.504   python3-pkg-resources python3-setuptools python3-wheel python3.12
#12 0.504   python3.12-dev python3.12-minimal shared-mime-info systemd systemd-dev
#12 0.504   systemd-resolved systemd-timesyncd ucf util-linux xdg-user-dirs zlib1g
#12 0.504   zlib1g-dev
#12 0.505 Suggested packages:
#12 0.505   anacron checksecurity supercat default-mta | mail-transport-agent
#12 0.505   default-dbus-session-bus | dbus-session-bus apache2 | lighttpd | httpd
#12 0.505   low-memory-monitor cryptsetup-bin libssl-doc bsd-mailx | mailx nfs-common iw
#12 0.505   | wireless-tools python-dbus-doc python-setuptools-doc python3.12-venv
#12 0.505   python3.12-doc binfmt-support rsyslog-mysql | rsyslog-pgsql rsyslog-mongodb
#12 0.505   rsyslog-doc rsyslog-openssl | rsyslog-gnutls rsyslog-gssapi rsyslog-relp
#12 0.505   apparmor supervisor-doc systemd-container systemd-homed systemd-userdbd
#12 0.505   systemd-boot libfido2-1 libip4tc2 libqrencode4 libtss2-esys-3.0.2-0
#12 0.505   libtss2-mu-4.0.1-0 libtss2-rc0 libtss2-tcti-device0 polkitd dosfstools kbd
#12 0.505   util-linux-extra util-linux-locales
#12 0.505 Recommended packages:
#12 0.505   bsdextrautils uuid-runtime
#12 0.607 The following NEW packages will be installed:
#12 0.607   ca-certificates cron cron-daemon-common dbus dbus-bin dbus-daemon
#12 0.607   dbus-session-bus-common dbus-system-bus-common dmsetup
#12 0.607   gir1.2-girepository-2.0 gir1.2-glib-2.0 javascript-common libapparmor1
#12 0.607   libargon2-1 libcryptsetup12 libdevmapper1.02.1 libestr0 libexpat1-dev
#12 0.607   libfastjson4 libfdisk1 libgirepository-1.0-1 libglib2.0-0t64 libglib2.0-data
#12 0.607   libjs-jquery libjs-sphinxdoc libjs-underscore libjson-c5 libkmod2
#12 0.608   libpython3-dev libpython3.12-dev libpython3.12t64 libsystemd-shared
#12 0.608   logrotate net-tools networkd-dispatcher openssl python3-dbus python3-dev
#12 0.608   python3-gi python3-pip python3-pkg-resources python3-setuptools
#12 0.608   python3-wheel python3.12-dev rsyslog shared-mime-info supervisor systemd
#12 0.608   systemd-dev systemd-resolved systemd-timesyncd ucf xdg-user-dirs zlib1g-dev
#12 0.608 The following packages will be upgraded:
#12 0.609   bsdutils libblkid1 libmount1 libpython3.12-minimal libpython3.12-stdlib
#12 0.609   libsmartcols1 libssl-dev libssl3t64 libsystemd0 libudev1 libuuid1 mount
#12 0.609   python3.12 python3.12-minimal util-linux zlib1g
#12 0.718 debconf: delaying package configuration, since apt-utils is not installed
#12 0.739 16 upgraded, 54 newly installed, 0 to remove and 17 not upgraded.
#12 0.739 Need to get 0 B/37.0 MB of archives.
#12 0.739 After this operation, 93.8 MB of additional disk space will be used.
#12 0.751 (Reading database ... (Reading database ... 5%(Reading database ... 10%(Reading database ... 15%(Reading database ... 20%(Reading database ... 25%(Reading database ... 30%(Reading database ... 35%(Reading database ... 40%(Reading database ... 45%(Reading database ... 50%(Reading database ... 55%(Reading database ... 60%(Reading database ... 65%(Reading database ... 70%(Reading database ... 75%(Reading database ... 80%(Reading database ... 85%(Reading database ... 90%(Reading database ... 95%(Reading database ... 100%(Reading database ... 38411 files and directories currently installed.)
#12 0.763 Preparing to unpack .../bsdutils_1%3a2.39.3-9ubuntu6.6_amd64.deb ...
#12 0.767 Unpacking bsdutils (1:2.39.3-9ubuntu6.6) over (1:2.39.3-9ubuntu6.5) ...
#12 0.804 Setting up bsdutils (1:2.39.3-9ubuntu6.6) ...
#12 0.827 (Reading database ... (Reading database ... 5%(Reading database ... 10%(Reading database ... 15%(Reading database ... 20%(Reading database ... 25%(Reading database ... 30%(Reading database ... 35%(Reading database ... 40%(Reading database ... 45%(Reading database ... 50%(Reading database ... 55%(Reading database ... 60%(Reading database ... 65%(Reading database ... 70%(Reading database ... 75%(Reading database ... 80%(Reading database ... 85%(Reading database ... 90%(Reading database ... 95%(Reading database ... 100%(Reading database ... 38411 files and directories currently installed.)
#12 0.837 Preparing to unpack .../util-linux_2.39.3-9ubuntu6.6_amd64.deb ...
#12 0.842 Unpacking util-linux (2.39.3-9ubuntu6.6) over (2.39.3-9ubuntu6.5) ...
#12 1.012 Setting up util-linux (2.39.3-9ubuntu6.6) ...
#12 1.115 (Reading database ... (Reading database ... 5%(Reading database ... 10%(Reading database ... 15%(Reading database ... 20%(Reading database ... 25%(Reading database ... 30%(Reading database ... 35%(Reading database ... 40%(Reading database ... 45%(Reading database ... 50%(Reading database ... 55%(Reading database ... 60%(Reading database ... 65%(Reading database ... 70%(Reading database ... 75%(Reading database ... 80%(Reading database ... 85%(Reading database ... 90%(Reading database ... 95%(Reading database ... 100%(Reading database ... 38411 files and directories currently installed.)
#12 1.124 Preparing to unpack .../mount_2.39.3-9ubuntu6.6_amd64.deb ...
#12 1.127 Unpacking mount (2.39.3-9ubuntu6.6) over (2.39.3-9ubuntu6.5) ...
#12 1.158 Preparing to unpack .../libssl-dev_3.0.13-0ubuntu3.15_amd64.deb ...
#12 1.161 Unpacking libssl-dev:amd64 (3.0.13-0ubuntu3.15) over (3.0.13-0ubuntu3.12) ...
#12 1.397 Preparing to unpack .../libssl3t64_3.0.13-0ubuntu3.15_amd64.deb ...
#12 1.402 Unpacking libssl3t64:amd64 (3.0.13-0ubuntu3.15) over (3.0.13-0ubuntu3.12) ...
#12 1.453 Setting up libssl3t64:amd64 (3.0.13-0ubuntu3.15) ...
#12 1.471 (Reading database ... (Reading database ... 5%(Reading database ... 10%(Reading database ... 15%(Reading database ... 20%(Reading database ... 25%(Reading database ... 30%(Reading database ... 35%(Reading database ... 40%(Reading database ... 45%(Reading database ... 50%(Reading database ... 55%(Reading database ... 60%(Reading database ... 65%(Reading database ... 70%(Reading database ... 75%(Reading database ... 80%(Reading database ... 85%(Reading database ... 90%(Reading database ... 95%(Reading database ... 100%(Reading database ... 38411 files and directories currently installed.)
#12 1.481 Preparing to unpack .../python3.12_3.12.3-1ubuntu0.16_amd64.deb ...
#12 1.512 Unpacking python3.12 (3.12.3-1ubuntu0.16) over (3.12.3-1ubuntu0.15) ...
#12 1.538 Preparing to unpack .../libpython3.12-stdlib_3.12.3-1ubuntu0.16_amd64.deb ...
#12 1.563 Unpacking libpython3.12-stdlib:amd64 (3.12.3-1ubuntu0.16) over (3.12.3-1ubuntu0.15) ...
#12 1.968 Preparing to unpack .../python3.12-minimal_3.12.3-1ubuntu0.16_amd64.deb ...
#12 1.976 Unpacking python3.12-minimal (3.12.3-1ubuntu0.16) over (3.12.3-1ubuntu0.15) ...
#12 2.062 Preparing to unpack .../libpython3.12-minimal_3.12.3-1ubuntu0.16_amd64.deb ...
#12 2.098 Unpacking libpython3.12-minimal:amd64 (3.12.3-1ubuntu0.16) over (3.12.3-1ubuntu0.15) ...
#12 2.427 Preparing to unpack .../zlib1g_1%3a1.3.dfsg-3.1ubuntu2.2_amd64.deb ...
#12 2.431 Unpacking zlib1g:amd64 (1:1.3.dfsg-3.1ubuntu2.2) over (1:1.3.dfsg-3.1ubuntu2.1) ...
#12 2.454 Setting up zlib1g:amd64 (1:1.3.dfsg-3.1ubuntu2.2) ...
#12 2.473 Selecting previously unselected package libapparmor1:amd64.
#12 2.473 (Reading database ... (Reading database ... 5%(Reading database ... 10%(Reading database ... 15%(Reading database ... 20%(Reading database ... 25%(Reading database ... 30%(Reading database ... 35%(Reading database ... 40%(Reading database ... 45%(Reading database ... 50%(Reading database ... 55%(Reading database ... 60%(Reading database ... 65%(Reading database ... 70%(Reading database ... 75%(Reading database ... 80%(Reading database ... 85%(Reading database ... 90%(Reading database ... 95%(Reading database ... 100%(Reading database ... 38411 files and directories currently installed.)
#12 2.482 Preparing to unpack .../libapparmor1_4.0.1really4.0.1-0ubuntu0.24.04.7_amd64.deb ...
#12 2.483 Unpacking libapparmor1:amd64 (4.0.1really4.0.1-0ubuntu0.24.04.7) ...
#12 2.501 Selecting previously unselected package libargon2-1:amd64.
#12 2.503 Preparing to unpack .../libargon2-1_0~20190702+dfsg-4build1_amd64.deb ...
#12 2.504 Unpacking libargon2-1:amd64 (0~20190702+dfsg-4build1) ...
#12 2.523 Preparing to unpack .../libblkid1_2.39.3-9ubuntu6.6_amd64.deb ...
#12 2.526 Unpacking libblkid1:amd64 (2.39.3-9ubuntu6.6) over (2.39.3-9ubuntu6.5) ...
#12 2.551 Setting up libblkid1:amd64 (2.39.3-9ubuntu6.6) ...
#12 2.569 (Reading database ... (Reading database ... 5%(Reading database ... 10%(Reading database ... 15%(Reading database ... 20%(Reading database ... 25%(Reading database ... 30%(Reading database ... 35%(Reading database ... 40%(Reading database ... 45%(Reading database ... 50%(Reading database ... 55%(Reading database ... 60%(Reading database ... 65%(Reading database ... 70%(Reading database ... 75%(Reading database ... 80%(Reading database ... 85%(Reading database ... 90%(Reading database ... 95%(Reading database ... 100%(Reading database ... 38420 files and directories currently installed.)
#12 2.579 Preparing to unpack .../libudev1_255.4-1ubuntu8.17_amd64.deb ...
#12 2.583 Unpacking libudev1:amd64 (255.4-1ubuntu8.17) over (255.4-1ubuntu8.16) ...
#12 2.605 Setting up libudev1:amd64 (255.4-1ubuntu8.17) ...
#12 2.624 Selecting previously unselected package libdevmapper1.02.1:amd64.
#12 2.624 (Reading database ... (Reading database ... 5%(Reading database ... 10%(Reading database ... 15%(Reading database ... 20%(Reading database ... 25%(Reading database ... 30%(Reading database ... 35%(Reading database ... 40%(Reading database ... 45%(Reading database ... 50%(Reading database ... 55%(Reading database ... 60%(Reading database ... 65%(Reading database ... 70%(Reading database ... 75%(Reading database ... 80%(Reading database ... 85%(Reading database ... 90%(Reading database ... 95%(Reading database ... 100%(Reading database ... 38420 files and directories currently installed.)
#12 2.634 Preparing to unpack .../libdevmapper1.02.1_2%3a1.02.185-3ubuntu3.2_amd64.deb ...
#12 2.637 Unpacking libdevmapper1.02.1:amd64 (2:1.02.185-3ubuntu3.2) ...
#12 2.658 Selecting previously unselected package libjson-c5:amd64.
#12 2.660 Preparing to unpack .../libjson-c5_0.17-1build1_amd64.deb ...
#12 2.662 Unpacking libjson-c5:amd64 (0.17-1build1) ...
#12 2.686 Preparing to unpack .../libuuid1_2.39.3-9ubuntu6.6_amd64.deb ...
#12 2.690 Unpacking libuuid1:amd64 (2.39.3-9ubuntu6.6) over (2.39.3-9ubuntu6.5) ...
#12 2.718 Setting up libuuid1:amd64 (2.39.3-9ubuntu6.6) ...
#12 2.740 Selecting previously unselected package libcryptsetup12:amd64.
#12 2.740 (Reading database ... (Reading database ... 5%(Reading database ... 10%(Reading database ... 15%(Reading database ... 20%(Reading database ... 25%(Reading database ... 30%(Reading database ... 35%(Reading database ... 40%(Reading database ... 45%(Reading database ... 50%(Reading database ... 55%(Reading database ... 60%(Reading database ... 65%(Reading database ... 70%(Reading database ... 75%(Reading database ... 80%(Reading database ... 85%(Reading database ... 90%(Reading database ... 95%(Reading database ... 100%(Reading database ... 38431 files and directories currently installed.)
#12 2.750 Preparing to unpack .../libcryptsetup12_2%3a2.7.0-1ubuntu4.2_amd64.deb ...
#12 2.752 Unpacking libcryptsetup12:amd64 (2:2.7.0-1ubuntu4.2) ...
#12 2.774 Selecting previously unselected package libfdisk1:amd64.
#12 2.776 Preparing to unpack .../libfdisk1_2.39.3-9ubuntu6.6_amd64.deb ...
#12 2.777 Unpacking libfdisk1:amd64 (2.39.3-9ubuntu6.6) ...
#12 2.798 Selecting previously unselected package libkmod2:amd64.
#12 2.800 Preparing to unpack .../libkmod2_31+20240202-2ubuntu7.2_amd64.deb ...
#12 2.801 Unpacking libkmod2:amd64 (31+20240202-2ubuntu7.2) ...
#12 2.821 Preparing to unpack .../libmount1_2.39.3-9ubuntu6.6_amd64.deb ...
#12 2.825 Unpacking libmount1:amd64 (2.39.3-9ubuntu6.6) over (2.39.3-9ubuntu6.5) ...
#12 2.850 Setting up libmount1:amd64 (2.39.3-9ubuntu6.6) ...
#12 2.925 Selecting previously unselected package libsystemd-shared:amd64.
#12 2.925 (Reading database ... (Reading database ... 5%(Reading database ... 10%(Reading database ... 15%(Reading database ... 20%(Reading database ... 25%(Reading database ... 30%(Reading database ... 35%(Reading database ... 40%(Reading database ... 45%(Reading database ... 50%(Reading database ... 55%(Reading database ... 60%(Reading database ... 65%(Reading database ... 70%(Reading database ... 75%(Reading database ... 80%(Reading database ... 85%(Reading database ... 90%(Reading database ... 95%(Reading database ... 100%(Reading database ... 38450 files and directories currently installed.)
#12 2.935 Preparing to unpack .../libsystemd-shared_255.4-1ubuntu8.17_amd64.deb ...
#12 2.969 Unpacking libsystemd-shared:amd64 (255.4-1ubuntu8.17) ...
#12 3.158 Preparing to unpack .../libsystemd0_255.4-1ubuntu8.17_amd64.deb ...
#12 3.230 Unpacking libsystemd0:amd64 (255.4-1ubuntu8.17) over (255.4-1ubuntu8.16) ...
#12 3.443 Setting up libsystemd0:amd64 (255.4-1ubuntu8.17) ...
#12 3.537 Selecting previously unselected package systemd-dev.
#12 3.537 (Reading database ... (Reading database ... 5%(Reading database ... 10%(Reading database ... 15%(Reading database ... 20%(Reading database ... 25%(Reading database ... 30%(Reading database ... 35%(Reading database ... 40%(Reading database ... 45%(Reading database ... 50%(Reading database ... 55%(Reading database ... 60%(Reading database ... 65%(Reading database ... 70%(Reading database ... 75%(Reading database ... 80%(Reading database ... 85%(Reading database ... 90%(Reading database ... 95%(Reading database ... 100%(Reading database ... 38458 files and directories currently installed.)
#12 3.547 Preparing to unpack .../systemd-dev_255.4-1ubuntu8.17_all.deb ...
#12 3.548 Unpacking systemd-dev (255.4-1ubuntu8.17) ...
#12 3.572 Selecting previously unselected package systemd.
#12 3.573 Preparing to unpack .../systemd_255.4-1ubuntu8.17_amd64.deb ...
#12 3.582 Unpacking systemd (255.4-1ubuntu8.17) ...
#12 3.663 Selecting previously unselected package cron-daemon-common.
#12 3.665 Preparing to unpack .../cron-daemon-common_3.0pl1-184ubuntu2_all.deb ...
#12 3.667 Unpacking cron-daemon-common (3.0pl1-184ubuntu2) ...
#12 3.684 Setting up libapparmor1:amd64 (4.0.1really4.0.1-0ubuntu0.24.04.7) ...
#12 3.688 Setting up libargon2-1:amd64 (0~20190702+dfsg-4build1) ...
#12 3.691 Setting up libdevmapper1.02.1:amd64 (2:1.02.185-3ubuntu3.2) ...
#12 3.696 Setting up libjson-c5:amd64 (0.17-1build1) ...
#12 3.700 Setting up libcryptsetup12:amd64 (2:2.7.0-1ubuntu4.2) ...
#12 3.707 Setting up libfdisk1:amd64 (2.39.3-9ubuntu6.6) ...
#12 3.711 Setting up libkmod2:amd64 (31+20240202-2ubuntu7.2) ...
#12 3.715 Setting up libsystemd-shared:amd64 (255.4-1ubuntu8.17) ...
#12 3.718 Setting up systemd-dev (255.4-1ubuntu8.17) ...
#12 3.721 Setting up mount (2.39.3-9ubuntu6.6) ...
#12 3.725 Setting up systemd (255.4-1ubuntu8.17) ...
#12 3.740 Created symlink /etc/systemd/system/getty.target.wants/getty@tty1.service → /usr/lib/systemd/system/getty@.service.
#12 3.742 Created symlink /etc/systemd/system/multi-user.target.wants/remote-fs.target → /usr/lib/systemd/system/remote-fs.target.
#12 3.745 Created symlink /etc/systemd/system/sysinit.target.wants/systemd-pstore.service → /usr/lib/systemd/system/systemd-pstore.service.
#12 3.747 Initializing machine ID from random generator.
#12 3.760 /usr/lib/tmpfiles.d/cron-daemon-common.conf:1: Failed to resolve group 'crontab': No such process
#12 3.760 /usr/lib/tmpfiles.d/systemd-network.conf:10: Failed to resolve user 'systemd-network': No such process
#12 3.760 /usr/lib/tmpfiles.d/systemd-network.conf:11: Failed to resolve user 'systemd-network': No such process
#12 3.760 /usr/lib/tmpfiles.d/systemd-network.conf:12: Failed to resolve user 'systemd-network': No such process
#12 3.760 /usr/lib/tmpfiles.d/systemd-network.conf:13: Failed to resolve user 'systemd-network': No such process
#12 3.760 /usr/lib/tmpfiles.d/systemd.conf:22: Failed to resolve group 'systemd-journal': No such process
#12 3.760 /usr/lib/tmpfiles.d/systemd.conf:23: Failed to resolve group 'systemd-journal': No such process
#12 3.760 /usr/lib/tmpfiles.d/systemd.conf:28: Failed to resolve group 'systemd-journal': No such process
#12 3.760 /usr/lib/tmpfiles.d/systemd.conf:29: Failed to resolve group 'systemd-journal': No such process
#12 3.760 /usr/lib/tmpfiles.d/systemd.conf:30: Failed to resolve group 'systemd-journal': No such process
#12 3.765 Creating group 'systemd-journal' with GID 999.
#12 3.765 Creating group 'systemd-network' with GID 998.
#12 3.765 Creating user 'systemd-network' (systemd Network Management) with UID 998 and GID 998.
#12 3.783 Setting up cron-daemon-common (3.0pl1-184ubuntu2) ...
#12 3.797 Creating group 'crontab' with GID 997.
#12 3.825 Selecting previously unselected package cron.
#12 3.825 (Reading database ... (Reading database ... 5%(Reading database ... 10%(Reading database ... 15%(Reading database ... 20%(Reading database ... 25%(Reading database ... 30%(Reading database ... 35%(Reading database ... 40%(Reading database ... 45%(Reading database ... 50%(Reading database ... 55%(Reading database ... 60%(Reading database ... 65%(Reading database ... 70%(Reading database ... 75%(Reading database ... 80%(Reading database ... 85%(Reading database ... 90%(Reading database ... 95%(Reading database ... 100%(Reading database ... 39455 files and directories currently installed.)
#12 3.836 Preparing to unpack .../cron_3.0pl1-184ubuntu2_amd64.deb ...
#12 3.838 Unpacking cron (3.0pl1-184ubuntu2) ...
#12 3.857 Selecting previously unselected package python3-pkg-resources.
#12 3.859 Preparing to unpack .../python3-pkg-resources_68.1.2-2ubuntu1.2_all.deb ...
#12 3.860 Unpacking python3-pkg-resources (68.1.2-2ubuntu1.2) ...
#12 3.881 Selecting previously unselected package supervisor.
#12 3.883 Preparing to unpack .../supervisor_4.2.5-1ubuntu0.1_all.deb ...
#12 3.886 Unpacking supervisor (4.2.5-1ubuntu0.1) ...
#12 3.915 Preparing to unpack .../libsmartcols1_2.39.3-9ubuntu6.6_amd64.deb ...
#12 3.918 Unpacking libsmartcols1:amd64 (2.39.3-9ubuntu6.6) over (2.39.3-9ubuntu6.5) ...
#12 3.942 Setting up libsmartcols1:amd64 (2.39.3-9ubuntu6.6) ...
#12 3.963 Selecting previously unselected package openssl.
#12 3.963 (Reading database ... (Reading database ... 5%(Reading database ... 10%(Reading database ... 15%(Reading database ... 20%(Reading database ... 25%(Reading database ... 30%(Reading database ... 35%(Reading database ... 40%(Reading database ... 45%(Reading database ... 50%(Reading database ... 55%(Reading database ... 60%(Reading database ... 65%(Reading database ... 70%(Reading database ... 75%(Reading database ... 80%(Reading database ... 85%(Reading database ... 90%(Reading database ... 95%(Reading database ... 100%(Reading database ... 39689 files and directories currently installed.)
#12 3.973 Preparing to unpack .../00-openssl_3.0.13-0ubuntu3.15_amd64.deb ...
#12 3.976 Unpacking openssl (3.0.13-0ubuntu3.15) ...
#12 4.002 Selecting previously unselected package ca-certificates.
#12 4.004 Preparing to unpack .../01-ca-certificates_20260601~24.04.1_all.deb ...
#12 4.005 Unpacking ca-certificates (20260601~24.04.1) ...
#12 4.028 Selecting previously unselected package dbus-bin.
#12 4.030 Preparing to unpack .../02-dbus-bin_1.14.10-4ubuntu4.1_amd64.deb ...
#12 4.031 Unpacking dbus-bin (1.14.10-4ubuntu4.1) ...
#12 4.046 Selecting previously unselected package dbus-session-bus-common.
#12 4.047 Preparing to unpack .../03-dbus-session-bus-common_1.14.10-4ubuntu4.1_all.deb ...
#12 4.049 Unpacking dbus-session-bus-common (1.14.10-4ubuntu4.1) ...
#12 4.064 Selecting previously unselected package dbus-daemon.
#12 4.066 Preparing to unpack .../04-dbus-daemon_1.14.10-4ubuntu4.1_amd64.deb ...
#12 4.067 Unpacking dbus-daemon (1.14.10-4ubuntu4.1) ...
#12 4.084 Selecting previously unselected package dbus-system-bus-common.
#12 4.086 Preparing to unpack .../05-dbus-system-bus-common_1.14.10-4ubuntu4.1_all.deb ...
#12 4.087 Unpacking dbus-system-bus-common (1.14.10-4ubuntu4.1) ...
#12 4.107 Selecting previously unselected package dbus.
#12 4.109 Preparing to unpack .../06-dbus_1.14.10-4ubuntu4.1_amd64.deb ...
#12 4.112 Unpacking dbus (1.14.10-4ubuntu4.1) ...
#12 4.131 Selecting previously unselected package dmsetup.
#12 4.133 Preparing to unpack .../07-dmsetup_2%3a1.02.185-3ubuntu3.2_amd64.deb ...
#12 4.135 Unpacking dmsetup (2:1.02.185-3ubuntu3.2) ...
#12 4.157 Selecting previously unselected package libglib2.0-0t64:amd64.
#12 4.159 Preparing to unpack .../08-libglib2.0-0t64_2.80.0-6ubuntu3.8_amd64.deb ...
#12 4.167 Unpacking libglib2.0-0t64:amd64 (2.80.0-6ubuntu3.8) ...
#12 4.199 Selecting previously unselected package gir1.2-glib-2.0:amd64.
#12 4.201 Preparing to unpack .../09-gir1.2-glib-2.0_2.80.0-6ubuntu3.8_amd64.deb ...
#12 4.202 Unpacking gir1.2-glib-2.0:amd64 (2.80.0-6ubuntu3.8) ...
#12 4.222 Selecting previously unselected package libgirepository-1.0-1:amd64.
#12 4.223 Preparing to unpack .../10-libgirepository-1.0-1_1.80.1-1_amd64.deb ...
#12 4.225 Unpacking libgirepository-1.0-1:amd64 (1.80.1-1) ...
#12 4.241 Selecting previously unselected package gir1.2-girepository-2.0:amd64.
#12 4.243 Preparing to unpack .../11-gir1.2-girepository-2.0_1.80.1-1_amd64.deb ...
#12 4.244 Unpacking gir1.2-girepository-2.0:amd64 (1.80.1-1) ...
#12 4.260 Selecting previously unselected package libestr0:amd64.
#12 4.262 Preparing to unpack .../12-libestr0_0.1.11-1build1_amd64.deb ...
#12 4.263 Unpacking libestr0:amd64 (0.1.11-1build1) ...
#12 4.279 Selecting previously unselected package libfastjson4:amd64.
#12 4.280 Preparing to unpack .../13-libfastjson4_1.2304.0-1build1_amd64.deb ...
#12 4.282 Unpacking libfastjson4:amd64 (1.2304.0-1build1) ...
#12 4.297 Selecting previously unselected package libglib2.0-data.
#12 4.299 Preparing to unpack .../14-libglib2.0-data_2.80.0-6ubuntu3.8_all.deb ...
#12 4.300 Unpacking libglib2.0-data (2.80.0-6ubuntu3.8) ...
#12 4.316 Selecting previously unselected package logrotate.
#12 4.318 Preparing to unpack .../15-logrotate_3.21.0-2build1_amd64.deb ...
#12 4.319 Unpacking logrotate (3.21.0-2build1) ...
#12 4.336 Selecting previously unselected package python3-dbus.
#12 4.338 Preparing to unpack .../16-python3-dbus_1.3.2-5build3_amd64.deb ...
#12 4.339 Unpacking python3-dbus (1.3.2-5build3) ...
#12 4.357 Selecting previously unselected package python3-gi.
#12 4.359 Preparing to unpack .../17-python3-gi_3.48.2-1_amd64.deb ...
#12 4.360 Unpacking python3-gi (3.48.2-1) ...
#12 4.382 Selecting previously unselected package networkd-dispatcher.
#12 4.384 Preparing to unpack .../18-networkd-dispatcher_2.2.4-1_all.deb ...
#12 4.385 Unpacking networkd-dispatcher (2.2.4-1) ...
#12 4.406 Selecting previously unselected package ucf.
#12 4.408 Preparing to unpack .../19-ucf_3.0043+nmu1_all.deb ...
#12 4.411 Moving old data out of the way
#12 4.412 Unpacking ucf (3.0043+nmu1) ...
#12 4.432 Selecting previously unselected package rsyslog.
#12 4.434 Preparing to unpack .../20-rsyslog_8.2312.0-3ubuntu9.3_amd64.deb ...
#12 4.442 Unpacking rsyslog (8.2312.0-3ubuntu9.3) ...
#12 4.473 Selecting previously unselected package shared-mime-info.
#12 4.475 Preparing to unpack .../21-shared-mime-info_2.4-4_amd64.deb ...
#12 4.477 Unpacking shared-mime-info (2.4-4) ...
#12 4.507 Selecting previously unselected package systemd-resolved.
#12 4.509 Preparing to unpack .../22-systemd-resolved_255.4-1ubuntu8.17_amd64.deb ...
#12 4.511 Unpacking systemd-resolved (255.4-1ubuntu8.17) ...
#12 4.537 Selecting previously unselected package systemd-timesyncd.
#12 4.539 Preparing to unpack .../23-systemd-timesyncd_255.4-1ubuntu8.17_amd64.deb ...
#12 4.541 Unpacking systemd-timesyncd (255.4-1ubuntu8.17) ...
#12 4.561 Selecting previously unselected package xdg-user-dirs.
#12 4.563 Preparing to unpack .../24-xdg-user-dirs_0.18-1build1_amd64.deb ...
#12 4.567 Unpacking xdg-user-dirs (0.18-1build1) ...
#12 4.586 Selecting previously unselected package javascript-common.
#12 4.588 Preparing to unpack .../25-javascript-common_11+nmu1_all.deb ...
#12 4.597 Unpacking javascript-common (11+nmu1) ...
#12 4.614 Selecting previously unselected package libexpat1-dev:amd64.
#12 4.616 Preparing to unpack .../26-libexpat1-dev_2.6.1-2ubuntu0.4_amd64.deb ...
#12 4.617 Unpacking libexpat1-dev:amd64 (2.6.1-2ubuntu0.4) ...
#12 4.638 Selecting previously unselected package libjs-jquery.
#12 4.640 Preparing to unpack .../27-libjs-jquery_3.6.1+dfsg+~3.5.14-1_all.deb ...
#12 4.645 Unpacking libjs-jquery (3.6.1+dfsg+~3.5.14-1) ...
#12 4.666 Selecting previously unselected package libjs-underscore.
#12 4.668 Preparing to unpack .../28-libjs-underscore_1.13.4~dfsg+~1.11.4-3_all.deb ...
#12 4.671 Unpacking libjs-underscore (1.13.4~dfsg+~1.11.4-3) ...
#12 4.689 Selecting previously unselected package libjs-sphinxdoc.
#12 4.691 Preparing to unpack .../29-libjs-sphinxdoc_7.2.6-6_all.deb ...
#12 4.693 Unpacking libjs-sphinxdoc (7.2.6-6) ...
#12 4.713 Selecting previously unselected package libpython3.12t64:amd64.
#12 4.714 Preparing to unpack .../30-libpython3.12t64_3.12.3-1ubuntu0.16_amd64.deb ...
#12 4.716 Unpacking libpython3.12t64:amd64 (3.12.3-1ubuntu0.16) ...
#12 4.759 Selecting previously unselected package zlib1g-dev:amd64.
#12 4.761 Preparing to unpack .../31-zlib1g-dev_1%3a1.3.dfsg-3.1ubuntu2.2_amd64.deb ...
#12 4.762 Unpacking zlib1g-dev:amd64 (1:1.3.dfsg-3.1ubuntu2.2) ...
#12 4.782 Selecting previously unselected package libpython3.12-dev:amd64.
#12 4.784 Preparing to unpack .../32-libpython3.12-dev_3.12.3-1ubuntu0.16_amd64.deb ...
#12 4.785 Unpacking libpython3.12-dev:amd64 (3.12.3-1ubuntu0.16) ...
#12 4.892 Selecting previously unselected package libpython3-dev:amd64.
#12 4.894 Preparing to unpack .../33-libpython3-dev_3.12.3-0ubuntu2.1_amd64.deb ...
#12 4.896 Unpacking libpython3-dev:amd64 (3.12.3-0ubuntu2.1) ...
#12 4.910 Selecting previously unselected package net-tools.
#12 4.912 Preparing to unpack .../34-net-tools_2.10-0.1ubuntu4.4_amd64.deb ...
#12 4.914 Unpacking net-tools (2.10-0.1ubuntu4.4) ...
#12 4.934 Selecting previously unselected package python3.12-dev.
#12 4.936 Preparing to unpack .../35-python3.12-dev_3.12.3-1ubuntu0.16_amd64.deb ...
#12 4.937 Unpacking python3.12-dev (3.12.3-1ubuntu0.16) ...
#12 4.953 Selecting previously unselected package python3-dev.
#12 4.954 Preparing to unpack .../36-python3-dev_3.12.3-0ubuntu2.1_amd64.deb ...
#12 4.956 Unpacking python3-dev (3.12.3-0ubuntu2.1) ...
#12 4.973 Selecting previously unselected package python3-setuptools.
#12 4.975 Preparing to unpack .../37-python3-setuptools_68.1.2-2ubuntu1.2_all.deb ...
#12 4.976 Unpacking python3-setuptools (68.1.2-2ubuntu1.2) ...
#12 5.007 Selecting previously unselected package python3-wheel.
#12 5.009 Preparing to unpack .../38-python3-wheel_0.42.0-2_all.deb ...
#12 5.013 Unpacking python3-wheel (0.42.0-2) ...
#12 5.034 Selecting previously unselected package python3-pip.
#12 5.036 Preparing to unpack .../39-python3-pip_24.0+dfsg-1ubuntu1.3_all.deb ...
#12 5.039 Unpacking python3-pip (24.0+dfsg-1ubuntu1.3) ...
#12 5.103 Setting up python3-pkg-resources (68.1.2-2ubuntu1.2) ...
#12 5.373 Setting up javascript-common (11+nmu1) ...
#12 5.391 Setting up net-tools (2.10-0.1ubuntu4.4) ...
#12 5.394 Setting up supervisor (4.2.5-1ubuntu0.1) ...
#12 5.661 invoke-rc.d: could not determine current runlevel
#12 5.664 invoke-rc.d: policy-rc.d denied execution of start.
#12 5.741 Created symlink /etc/systemd/system/multi-user.target.wants/supervisor.service → /usr/lib/systemd/system/supervisor.service.
#12 5.745 Setting up python3-setuptools (68.1.2-2ubuntu1.2) ...
#12 6.057 Setting up xdg-user-dirs (0.18-1build1) ...
#12 6.068 Setting up libestr0:amd64 (0.1.11-1build1) ...
#12 6.071 Setting up libfastjson4:amd64 (1.2304.0-1build1) ...
#12 6.075 Setting up cron (3.0pl1-184ubuntu2) ...
#12 6.094 invoke-rc.d: could not determine current runlevel
#12 6.097 invoke-rc.d: policy-rc.d denied execution of start.
#12 6.173 Created symlink /etc/systemd/system/multi-user.target.wants/cron.service → /usr/lib/systemd/system/cron.service.
#12 6.176 Setting up libpython3.12-minimal:amd64 (3.12.3-1ubuntu0.16) ...
#12 6.183 Setting up python3-wheel (0.42.0-2) ...
#12 6.280 Setting up libglib2.0-0t64:amd64 (2.80.0-6ubuntu3.8) ...
#12 6.285 No schema files found: doing nothing.
#12 6.288 Setting up libglib2.0-data (2.80.0-6ubuntu3.8) ...
#12 6.292 Setting up libexpat1-dev:amd64 (2.6.1-2ubuntu0.4) ...
#12 6.297 Setting up shared-mime-info (2.4-4) ...
#12 7.128 Setting up libssl-dev:amd64 (3.0.13-0ubuntu3.15) ...
#12 7.131 Setting up systemd-timesyncd (255.4-1ubuntu8.17) ...
#12 7.139 Creating group 'systemd-timesync' with GID 996.
#12 7.139 Creating user 'systemd-timesync' (systemd Time Synchronization) with UID 996 and GID 996.
#12 7.225 Created symlink /etc/systemd/system/dbus-org.freedesktop.timesync1.service → /usr/lib/systemd/system/systemd-timesyncd.service.
#12 7.225 Created symlink /etc/systemd/system/sysinit.target.wants/systemd-timesyncd.service → /usr/lib/systemd/system/systemd-timesyncd.service.
#12 7.228 Setting up ucf (3.0043+nmu1) ...
#12 7.277 Setting up gir1.2-glib-2.0:amd64 (2.80.0-6ubuntu3.8) ...
#12 7.280 Setting up zlib1g-dev:amd64 (1:1.3.dfsg-3.1ubuntu2.2) ...
#12 7.284 Setting up dmsetup (2:1.02.185-3ubuntu3.2) ...
#12 7.292 Setting up dbus-session-bus-common (1.14.10-4ubuntu4.1) ...
#12 7.295 Setting up libgirepository-1.0-1:amd64 (1.80.1-1) ...
#12 7.299 Setting up libjs-jquery (3.6.1+dfsg+~3.5.14-1) ...
#12 7.307 Setting up dbus-system-bus-common (1.14.10-4ubuntu4.1) ...
#12 7.361 Setting up openssl (3.0.13-0ubuntu3.15) ...
#12 7.366 Setting up dbus-bin (1.14.10-4ubuntu4.1) ...
#12 7.369 Setting up libjs-underscore (1.13.4~dfsg+~1.11.4-3) ...
#12 7.373 Setting up logrotate (3.21.0-2build1) ...
#12 7.458 Created symlink /etc/systemd/system/timers.target.wants/logrotate.timer → /usr/lib/systemd/system/logrotate.timer.
#12 7.461 Setting up python3.12-minimal (3.12.3-1ubuntu0.16) ...
#12 7.932 Setting up python3-dbus (1.3.2-5build3) ...
#12 8.020 Setting up libpython3.12-stdlib:amd64 (3.12.3-1ubuntu0.16) ...
#12 8.023 Setting up python3.12 (3.12.3-1ubuntu0.16) ...
#12 8.657 Setting up rsyslog (8.2312.0-3ubuntu9.3) ...
#12 8.732 info: Adding user `syslog' to group `adm' ...
#12 8.834 
#12 8.834 Creating config file /etc/rsyslog.d/50-default.conf with new version
#12 8.953 Created symlink /etc/systemd/system/multi-user.target.wants/dmesg.service → /usr/lib/systemd/system/dmesg.service.
#12 9.031 Created symlink /etc/systemd/system/syslog.service → /usr/lib/systemd/system/rsyslog.service.
#12 9.031 Created symlink /etc/systemd/system/multi-user.target.wants/rsyslog.service → /usr/lib/systemd/system/rsyslog.service.
#12 9.036 Setting up dbus-daemon (1.14.10-4ubuntu4.1) ...
#12 9.046 Setting up libpython3.12t64:amd64 (3.12.3-1ubuntu0.16) ...
#12 9.049 Setting up ca-certificates (20260601~24.04.1) ...
#12 9.431 Updating certificates in /etc/ssl/certs...
#12 9.880 121 added, 0 removed; done.
#12 9.896 Setting up gir1.2-girepository-2.0:amd64 (1.80.1-1) ...
#12 9.899 Setting up dbus (1.14.10-4ubuntu4.1) ...
#12 9.916 Setting up python3-gi (3.48.2-1) ...
#12 10.03 Setting up python3-pip (24.0+dfsg-1ubuntu1.3) ...
#12 10.85 Setting up libjs-sphinxdoc (7.2.6-6) ...
#12 10.85 Setting up systemd-resolved (255.4-1ubuntu8.17) ...
#12 10.86 Converting /etc/resolv.conf to a symlink to /run/systemd/resolve/stub-resolv.conf...
#12 10.86 mv: cannot move '/etc/resolv.conf' to '/etc/.resolv.conf.systemd-resolved.bak': Device or resource busy
#12 10.86 Cannot take a backup of /etc/resolv.conf.
#12 10.86 ln: failed to create symbolic link '/etc/resolv.conf': Device or resource busy
#12 10.86 Cannot install symlink from /etc/resolv.conf to ../run/systemd/resolve/stub-resolv.conf
#12 10.86 Creating group 'systemd-resolve' with GID 995.
#12 10.86 Creating user 'systemd-resolve' (systemd Resolver) with UID 995 and GID 995.
#12 10.95 Created symlink /etc/systemd/system/dbus-org.freedesktop.resolve1.service → /usr/lib/systemd/system/systemd-resolved.service.
#12 10.95 Created symlink /etc/systemd/system/sysinit.target.wants/systemd-resolved.service → /usr/lib/systemd/system/systemd-resolved.service.
#12 10.95 Setting up networkd-dispatcher (2.2.4-1) ...
#12 11.04 Created symlink /etc/systemd/system/multi-user.target.wants/networkd-dispatcher.service → /usr/lib/systemd/system/networkd-dispatcher.service.
#12 11.04 Setting up libpython3.12-dev:amd64 (3.12.3-1ubuntu0.16) ...
#12 11.04 Setting up python3.12-dev (3.12.3-1ubuntu0.16) ...
#12 11.05 Setting up libpython3-dev:amd64 (3.12.3-0ubuntu2.1) ...
#12 11.05 Setting up python3-dev (3.12.3-0ubuntu2.1) ...
#12 11.05 Processing triggers for libc-bin (2.39-0ubuntu8.8) ...
#12 11.06 Processing triggers for ca-certificates (20260601~24.04.1) ...
#12 11.07 Updating certificates in /etc/ssl/certs...
#12 11.44 0 added, 0 removed; done.
#12 11.44 Running hooks in /etc/ca-certificates/update.d...
#12 11.44 done.
#12 11.63 sending incremental file list
#12 11.67 
#12 11.67 sent 3.75K bytes  received 13 bytes  7.53K bytes/sec
#12 11.67 total size is 37.46M  speedup is 9,951.12
#12 DONE 11.8s

#13 [base  9/12] RUN pip3 install --break-system-packages supervisord-dependent-startup
#13 0.394 WARNING: Retrying (Retry(total=4, connect=None, read=None, redirect=None, status=None)) after connection broken by 'ProxyError('Cannot connect to proxy.', NewConnectionError('<pip._vendor.urllib3.connection.HTTPSConnection object at 0x7f74db6ab470>: Failed to establish a new connection: [Errno 111] Connection refused'))': /simple/supervisord-dependent-startup/
#13 0.895 WARNING: Retrying (Retry(total=3, connect=None, read=None, redirect=None, status=None)) after connection broken by 'ProxyError('Cannot connect to proxy.', NewConnectionError('<pip._vendor.urllib3.connection.HTTPSConnection object at 0x7f74db674d10>: Failed to establish a new connection: [Errno 111] Connection refused'))': /simple/supervisord-dependent-startup/
#13 1.896 WARNING: Retrying (Retry(total=2, connect=None, read=None, redirect=None, status=None)) after connection broken by 'ProxyError('Cannot connect to proxy.', NewConnectionError('<pip._vendor.urllib3.connection.HTTPSConnection object at 0x7f74db6aa0c0>: Failed to establish a new connection: [Errno 111] Connection refused'))': /simple/supervisord-dependent-startup/
#13 3.896 WARNING: Retrying (Retry(total=1, connect=None, read=None, redirect=None, status=None)) after connection broken by 'ProxyError('Cannot connect to proxy.', NewConnectionError('<pip._vendor.urllib3.connection.HTTPSConnection object at 0x7f74db6e2690>: Failed to establish a new connection: [Errno 111] Connection refused'))': /simple/supervisord-dependent-startup/
#13 7.897 WARNING: Retrying (Retry(total=0, connect=None, read=None, redirect=None, status=None)) after connection broken by 'ProxyError('Cannot connect to proxy.', NewConnectionError('<pip._vendor.urllib3.connection.HTTPSConnection object at 0x7f74db6e27e0>: Failed to establish a new connection: [Errno 111] Connection refused'))': /simple/supervisord-dependent-startup/
#13 7.901 ERROR: Cannot install supervisord-dependent-startup because these package versions have conflicting dependencies.
#13 7.902 
#13 7.902 The conflict is caused by:
#13 7.902     The user requested supervisord-dependent-startup
#13 7.902     The user requested (constraint) supervisord-dependent-startup==1.4.0
#13 7.902 
#13 7.902 To fix this you could try to:
#13 7.902 1. loosen the range of package versions you've specified
#13 7.902 2. remove package versions to allow pip attempt to solve the dependency conflict
#13 7.902 
#13 7.902 ERROR: ResolutionImpossible: for help visit https://pip.pypa.io/en/latest/topics/dependency-resolution/#dealing-with-dependency-conflicts
#13 ERROR: process "/bin/sh -c pip3 install --break-system-packages supervisord-dependent-startup" did not complete successfully: exit code: 1
------
 > [base  9/12] RUN pip3 install --break-system-packages supervisord-dependent-startup:
7.902 
7.902 The conflict is caused by:
7.902     The user requested supervisord-dependent-startup
7.902     The user requested (constraint) supervisord-dependent-startup==1.4.0
7.902 
7.902 To fix this you could try to:
7.902 1. loosen the range of package versions you've specified
7.902 2. remove package versions to allow pip attempt to solve the dependency conflict
7.902 
7.902 ERROR: ResolutionImpossible: for help visit https://pip.pypa.io/en/latest/topics/dependency-resolution/#dealing-with-dependency-conflicts
------
Dockerfile:28
--------------------
  26 |     
  27 |     RUN apt-get install -f -y net-tools supervisor rsyslog  python3-pip
  28 | >>> RUN pip3 install --break-system-packages supervisord-dependent-startup
  29 |     
  30 |     COPY ["start.sh", "/usr/bin/"]
--------------------
ERROR: failed to build: failed to solve: process "/bin/sh -c pip3 install --break-system-packages supervisord-dependent-startup" did not complete successfully: exit code: 1
[  FAIL LOG END  ] [ target/docker-dash-engine.gz ]
make: *** [slave.mk:1406: target/docker-dash-engine.gz] Error 1
[ finished ] [ target/debs/trixie/linux-headers-6.12.41+deb13-common-sonic_6.12.41-1_all.deb ] 
[ finished ] [ target/debs/trixie/openssh-server_10.0p1-7_amd64.deb ] 
[ finished ] [ target/debs/trixie/grub2-common_2.06-13+deb13u1_amd64.deb ] 
[ finished ] [ target/debs/trixie/isc-dhcp-relay_4.4.3-P1-2_amd64.deb ] 
[ finished ] [ target/debs/trixie/p4lang-bmv2_1.15.0-9_amd64.deb ] 
make[1]: *** [Makefile.work:751: target/sonic-vs.bin] Error 2
make[1]: Leaving directory '/data/sonic/sonic-dzf-time-measure'
make: *** [Makefile:50: target/sonic-vs.bin] Error 2
