+++ --- Making target/sonic-vs.bin --- +++
./scripts/run_with_retry make BLDENV=trixie -f Makefile.work target/sonic-vs.bin
make[1]: Entering directory '/data/sonic/sonic-dzf-time-measure'
sudo: A terminal is required to authenticate
"SECURE_UPGRADE_PROD_SIGNING_TOOL": ""
/data/sonic/sonic-dzf-time-measure/src/sonic-build-hooks /data/sonic/sonic-dzf-time-measure
make[2]: Entering directory '/data/sonic/sonic-dzf-time-measure/src/sonic-build-hooks'
dpkg-deb: warning: root directory tmp/sonic-build-hooks has unusual owner or group 17388989:983
dpkg-deb: hint: you might need to pass --root-owner-group, see <https://wiki.debian.org/Teams/Dpkg/RootlessBuilds> for further details
dpkg-deb: warning: ignoring 1 warning about the control file(s)
dpkg-deb: building package 'sonic-build-hooks' in 'buildinfo/sonic-build-hooks_1.0_all.deb'.
make[2]: Leaving directory '/data/sonic/sonic-dzf-time-measure/src/sonic-build-hooks'
/data/sonic/sonic-dzf-time-measure
Checking sonic-slave-base image: sonic-slave-trixie:ca17477b760
Checking sonic-slave-user image: sonic-slave-trixie-qiuying.xzc:0e69d80ab15
SONiC Build System

Build Configuration
"CONFIGURED_PLATFORM"             : "vs"
"CONFIGURED_ARCH"                 : "amd64"
"SONIC_CONFIG_PRINT_DEPENDENCIES" : ""
"SONIC_BUILD_JOBS"                : "8"
"SONIC_CONFIG_MAKE_JOBS"          : "192"
"USE_NATIVE_DOCKERD_FOR_BUILD"    : ""
"USE_DOCKER_CACHE"               : ""
"SONIC_CONFIG_USE_CCACHE"         : "n"
"USERNAME"                        : "admin"
"PASSWORD"                        : "YourPaSsWoRd"
"CHANGE_DEFAULT_PASSWORD"         : "n"
"SECURE_UPGRADE_MODE"             : "no_sign"
"SECURE_UPGRADE_DEV_SIGNING_KEY"  : ""
"SECURE_UPGRADE_SIGNING_CERT"     : ""
"SECURE_UPGRADE_KERNEL_CAFILE"    : ""
"SECURE_UPGRADE_PROD_SIGNING_TOOL": ""
"SECURE_UPGRADE_PROD_TOOL_ARGS"   : ""
"ONIE_IMAGE_PART_SIZE"            : ""
"SHUTDOWN_BGP_ON_START"           : ""
"ENABLE_PFCWD_ON_START"           : ""
"SONIC_BUFFER_MODEL"              : ""
"INSTALL_DEBUG_TOOLS"             : ""
"ROUTING_STACK"                   : "frr"
"FRR_USER_UID"                    : "300"
"FRR_USER_GID"                    : "300"
"ENABLE_FRR_TCMALLOC"             : "y"
"ENABLE_SYNCD_RPC"                : ""
"SAITHRIFT_V2"                    : ""
"ENABLE_ORGANIZATION_EXTENSIONS"  : "y"
"HTTP_PROXY"                      : "http://11.161.18.240:3128"
"HTTPS_PROXY"                     : "http://11.161.18.240:3128"
"NO_PROXY"                        : ""
"ENABLE_ZTP"                      : ""
"INCLUDE_PDE"                     : ""
"SONIC_DEBUGGING_ON"              : ""
"SONIC_PROFILING_ON"              : ""
"KERNEL_PROCURE_METHOD"           : "build"
"BUILD_TIMESTAMP"                 : "20260903.072554"
"BUILD_LOG_TIMESTAMP"             : "none"
"SONIC_IMAGE_VERSION"             : "master.0-dirty-20260903.072554"
"BLDENV"                          : "trixie"
"VS_PREPARE_MEM"                  : "yes"
"INCLUDE_MGMT_FRAMEWORK"          : "y"
"INCLUDE_ICCPD"                   : "n"
"INCLUDE_STP"                     : ""
"INCLUDE_SYSTEM_TELEMETRY"        : "n"
"INCLUDE_SYSTEM_GNMI"             : "y"
"INCLUDE_SYSTEM_BMP"              : "y"
"INCLUDE_SYSTEM_OTEL"             : "y"
"INCLUDE_SYSTEM_EVENTD"           : "y"
"ENABLE_HOST_SERVICE_ON_START"    : "y"
"INCLUDE_RESTAPI"                 : "n"
"INCLUDE_SFLOW"                   : "y"
"INCLUDE_NAT"                     : "y"
"INCLUDE_DHCP_RELAY"              : "y"
"INCLUDE_DHCP_SERVER"             : "n"
"INCLUDE_P4RT"                    : "n"
"INCLUDE_VS_DASH_SAI"             : "y"
"INCLUDE_KUBERNETES"              : "n"
"INCLUDE_KUBERNETES_MASTER"       : "n"
"INCLUDE_MACSEC"                  : "y"
"INCLUDE_MUX"                     : "y"
"INCLUDE_TEAMD"                   : "y"
"INCLUDE_DASH_HA"                 : "y"
"INCLUDE_ROUTER_ADVERTISER"       : "y"
"INCLUDE_SNMP"                    : "y"
"INCLUDE_LLDP"                    : "y"
"INCLUDE_BOOTCHART                : "y"
"ENABLE_BOOTCHART                 : "n"
"INCLUDE_FIPS"                    : "y"
"ENABLE_TRANSLIB_WRITE"           : ""
"ENABLE_NATIVE_WRITE"             : "y"
"ENABLE_DIALOUT"                  : ""
"ENABLE_AUTO_TECH_SUPPORT"        : "y"
"PDDF_SUPPORT"                    : "y"
"MULTIARCH_QEMU_ENVIRON"          : "n"
"SONIC_VERSION_CONTROL_COMPONENTS": "py2,py3,web,git,docker"
"ENABLE_ASAN"                     : "n"
"DEFAULT_CONTAINER_REGISTRY"      : "publicmirror.azurecr.io/"
"BUILD_MULTIASIC_KVM"             : "n"
"CROSS_BUILD_ENVIRON"             : "n"
"INCLUDE_EXTERNAL_PATCHES"        : "n"
"PTF_ENV_PY_VER"                  : "py3"
"ENABLE_MULTIDB"                  : ""
"ENABLE_SBOM"                     : "n"
"SBOM_FORMAT"                     : "both"
"SBOM_SCAN_TOOL"                  : "syft"
"SBOM_INCLUDE_LICENSES"           : "y"
"SBOM_STRICT"                     : "y"

"SONIC_DPKG_CACHE_METHOD"         : "none"

[ building ] [ target/debs/trixie/systemd-sonic-generator_1.0.0_amd64.deb ] 
[ building ] [ target/debs/trixie/sonic-platform-vs_1.0_amd64.deb ] 
[ building ] [ target/debs/trixie/initramfs-tools_0.142_all.deb ] 
[ building ] [ target/debs/trixie/linux-headers-6.12.41+deb13-common-sonic_6.12.41-1_all.deb ] 
[ building ] [ target/debs/trixie/sonic-device-data_1.0-1_all.deb ] 
[ building ] [ target/debs/trixie/ifupdown2_3.0.0-1_all.deb ] 
[ building ] [ target/debs/trixie/makedumpfile_1.7.7-1_amd64.deb ] 
[ building ] [ target/debs/trixie/kdump-tools_1.10.7_amd64.deb ] 
[ finished ] [ target/debs/trixie/sonic-platform-vs_1.0_amd64.deb ] 
[ building ] [ target/debs/trixie/libpam-radius-auth_1.4.1-1_amd64.deb ] 
[ finished ] [ target/debs/trixie/initramfs-tools_0.142_all.deb ] 
[ building ] [ target/debs/trixie/libnss-radius_1.0.1-1_amd64.deb ] 
[ finished ] [ target/debs/trixie/libnss-radius_1.0.1-1_amd64.deb ] 
[ building ] [ target/debs/trixie/libtac2_1.4.1-1_amd64.deb ] 
[ finished ] [ target/debs/trixie/makedumpfile_1.7.7-1_amd64.deb ] 
[ finished ] [ target/debs/trixie/kdump-tools_1.10.7_amd64.deb ] 
[ building ] [ target/debs/trixie/monit_5.34.3-1_amd64.deb ] 
[ building ] [ target/debs/trixie/libnl-3-200_3.7.0-0.2+b1sonic1_amd64.deb ] 
[ finished ] [ target/debs/trixie/ifupdown2_3.0.0-1_all.deb ] 
[ finished ] [ target/debs/trixie/systemd-sonic-generator_1.0.0_amd64.deb ] 
[ building ] [ target/debs/trixie/libyang3_3.12.2-1_amd64.deb ] 
[ building ] [ target/debs/trixie/sonic-nettools_0.0.1-0_amd64.deb ] 
[ finished ] [ target/debs/trixie/libtac2_1.4.1-1_amd64.deb ] 
[ building ] [ target/python-wheels/trixie/redis_dump_load-1.1-py3-none-any.whl ] 
[ finished ] [ target/python-wheels/trixie/redis_dump_load-1.1-py3-none-any.whl ] 
[ building ] [ target/debs/trixie/sonic-host-services-data_1.0-1_all.deb ] 
[ finished ] [ target/debs/trixie/sonic-host-services-data_1.0-1_all.deb ] 
[ building ] [ target/debs/trixie/socat_1.7.4.1-3_amd64.deb ] 
[ finished ] [ target/debs/trixie/libpam-radius-auth_1.4.1-1_amd64.deb ] 
[ finished ] [ target/debs/trixie/sonic-nettools_0.0.1-0_amd64.deb ] 
[ finished ] [ target/debs/trixie/monit_5.34.3-1_amd64.deb ] 
[ finished ] [ target/debs/trixie/libnl-3-200_3.7.0-0.2+b1sonic1_amd64.deb ] 
[ building ] [ target/debs/trixie/bash_5.2.37-2_amd64.deb ] 
[ building ] [ target/debs/trixie/libtac2_1.4.1-1_amd64.deb-install ] 
[ building ] [ target/debs/trixie/libnl-3-200_3.7.0-0.2+b1sonic1_amd64.deb-install ] 
[ building ] [ target/debs/trixie/sedutil_1.15-5ad84d8_amd64.deb ] 
[ finished ] [ target/debs/trixie/libtac2_1.4.1-1_amd64.deb-install ] 
[ building ] [ target/debs/trixie/grub2-common_2.06-13+deb13u1_amd64.deb ] 
[ finished ] [ target/debs/trixie/libnl-3-200_3.7.0-0.2+b1sonic1_amd64.deb-install ] 
[ building ] [ target/files/trixie/swss_vars.j2 ] 
[ finished ] [ target/files/trixie/swss_vars.j2 ] 
[ building ] [ target/files/trixie/rsyslog_plugin.conf.j2 ] 
[ finished ] [ target/files/trixie/rsyslog_plugin.conf.j2 ] 
[ building ] [ target/files/trixie/container ] 
[ finished ] [ target/files/trixie/container ] 
[ building ] [ target/files/trixie/readiness_probe.sh ] 
[ finished ] [ target/files/trixie/readiness_probe.sh ] 
[ building ] [ target/files/trixie/container_startup.py ] 
[ finished ] [ target/files/trixie/container_startup.py ] 
[ building ] [ target/python-wheels/trixie/redis_dump_load-1.1-py3-none-any.whl-install ] 
[ finished ] [ target/python-wheels/trixie/redis_dump_load-1.1-py3-none-any.whl-install ] 
[ building ] [ target/debs/trixie/iproute2_6.15.0-1+sonic.0_amd64.deb ] 
[ finished ] [ target/debs/trixie/sedutil_1.15-5ad84d8_amd64.deb ] 
[ building ] [ target/debs/trixie/symcrypt-openssl_1.9.4_amd64.deb ] 
[ finished ] [ target/debs/trixie/socat_1.7.4.1-3_amd64.deb ] 
[ building ] [ target/debs/trixie/p4lang-pi_0.1.1-1_amd64.deb ] 
[ finished ] [ target/debs/trixie/iproute2_6.15.0-1+sonic.0_amd64.deb ] 
[ building ] [ target/debs/trixie/libnexthopgroup_1.0.0_amd64.deb ] 
[ finished ] [ target/debs/trixie/symcrypt-openssl_1.9.4_amd64.deb ] 
[ finished ] [ target/debs/trixie/libnexthopgroup_1.0.0_amd64.deb ] 
[ finished ] [ target/debs/trixie/libyang3_3.12.2-1_amd64.deb ] 
[ building ] [ target/debs/trixie/libdashapi_1.0.0_amd64.deb ] 
[ building ] [ target/files/trixie/90-sonic.conf ] 
[ finished ] [ target/files/trixie/90-sonic.conf ] 
[ building ] [ target/files/trixie/update_chassisdb_config ] 
[ finished ] [ target/files/trixie/update_chassisdb_config ] 
[ building ] [ target/debs/trixie/libyang3_3.12.2-1_amd64.deb-install ] 
[ finished ] [ target/debs/trixie/libyang3_3.12.2-1_amd64.deb-install ] 
[ building ] [ target/debs/trixie/libnexthopgroup_1.0.0_amd64.deb-install ] 
[ finished ] [ target/debs/trixie/libnexthopgroup_1.0.0_amd64.deb-install ] 
[ building ] [ target/files/trixie/container_checker ] 
[ finished ] [ target/files/trixie/container_checker ] 
[ building ] [ target/files/trixie/gnmi.sh ] 
[ finished ] [ target/files/trixie/gnmi.sh ] 
[ building ] [ target/files/trixie/k8s_pod_control.sh ] 
[ finished ] [ target/files/trixie/k8s_pod_control.sh ] 
[ building ] [ target/debs/trixie/lldpd_1.0.16-1+deb12u1_amd64.deb ] 
[ building ] [ target/files/trixie/arp_update ] 
[ finished ] [ target/files/trixie/arp_update ] 
[ building ] [ target/files/trixie/arp_update_vars.j2 ] 
[ finished ] [ target/files/trixie/arp_update_vars.j2 ] 
[ building ] [ target/python-wheels/trixie/scapy-2.6.1.dev0-py3-none-any.whl ] 
[ finished ] [ target/debs/trixie/bash_5.2.37-2_amd64.deb ] 
[ finished ] [ target/debs/trixie/sonic-device-data_1.0-1_all.deb ] 
[ building ] [ target/debs/trixie/lm-sensors_3.6.0-7.1_amd64.deb ] 
[ building ] [ target/python-wheels/trixie/sonic_platform_pddf_common-1.0-py3-none-any.whl ] 
[ finished ] [ target/python-wheels/trixie/scapy-2.6.1.dev0-py3-none-any.whl ] 
[ building ] [ target/files/trixie/restapi.sh ] 
[ finished ] [ target/files/trixie/restapi.sh ] 
[ building ] [ target/debs/trixie/hsflowd_2.0.51-26_amd64.deb ] 
[ finished ] [ target/python-wheels/trixie/sonic_platform_pddf_common-1.0-py3-none-any.whl ] 
[ building ] [ target/debs/trixie/sflowtool_5.04_amd64.deb ] 
[ finished ] [ target/debs/trixie/lm-sensors_3.6.0-7.1_amd64.deb ] 
[ building ] [ target/debs/trixie/psample_1.1-1_amd64.deb ] 
[ finished ] [ target/debs/trixie/sflowtool_5.04_amd64.deb ] 
[ building ] [ target/docker-dash-engine.gz ] 
[ finished ] [ target/debs/trixie/psample_1.1-1_amd64.deb ] 
[ building ] [ target/debs/trixie/isc-dhcp-relay_4.4.3-P1-2_amd64.deb ] 
[ finished ] [ target/debs/trixie/lldpd_1.0.16-1+deb12u1_amd64.deb ] 
[ finished ] [ target/debs/trixie/hsflowd_2.0.51-26_amd64.deb ] 
[ building ] [ target/debs/trixie/rasdaemon_0.6.8-1_amd64.deb ] 
[ building ] [ target/files/trixie/remote_ctr.config.json ] 
[ finished ] [ target/files/trixie/remote_ctr.config.json ] 
[ building ] [ target/files/trixie/ctrmgrd.service ] 
[ finished ] [ target/files/trixie/ctrmgrd.service ] 
[ building ] [ target/debs/trixie/libpam-tacplus_1.4.1-1_amd64.deb ] 
[ finished ] [ target/debs/trixie/libpam-tacplus_1.4.1-1_amd64.deb ] 
[ building ] [ target/debs/trixie/libtac-dev_1.4.1-1_amd64.deb ] 
[ finished ] [ target/debs/trixie/libtac-dev_1.4.1-1_amd64.deb ] 
[ building ] [ target/debs/trixie/libnl-3-dev_3.7.0-0.2+b1sonic1_amd64.deb ] 
[ finished ] [ target/debs/trixie/libnl-3-dev_3.7.0-0.2+b1sonic1_amd64.deb ] 
[ building ] [ target/debs/trixie/libnl-route-3-200_3.7.0-0.2+b1sonic1_amd64.deb ] 
[ finished ] [ target/debs/trixie/libnl-route-3-200_3.7.0-0.2+b1sonic1_amd64.deb ] 
[ building ] [ target/debs/trixie/libnl-3-dev_3.7.0-0.2+b1sonic1_amd64.deb-install ] 
[ finished ] [ target/debs/trixie/libnl-3-dev_3.7.0-0.2+b1sonic1_amd64.deb-install ] 
[ building ] [ target/debs/trixie/libnl-route-3-200_3.7.0-0.2+b1sonic1_amd64.deb-install ] 
[ finished ] [ target/debs/trixie/libnl-route-3-200_3.7.0-0.2+b1sonic1_amd64.deb-install ] 
[ building ] [ target/debs/trixie/libyang-dev_3.12.2-1_amd64.deb ] 
[ finished ] [ target/debs/trixie/libyang-dev_3.12.2-1_amd64.deb ] 
[ building ] [ target/debs/trixie/libnl-genl-3-200_3.7.0-0.2+b1sonic1_amd64.deb ] 
[ finished ] [ target/debs/trixie/libnl-genl-3-200_3.7.0-0.2+b1sonic1_amd64.deb ] 
[ building ] [ target/debs/trixie/libyang-dev_3.12.2-1_amd64.deb-install ] 
[ finished ] [ target/debs/trixie/libyang-dev_3.12.2-1_amd64.deb-install ] 
[ building ] [ target/debs/trixie/libnl-genl-3-200_3.7.0-0.2+b1sonic1_amd64.deb-install ] 
[ finished ] [ target/debs/trixie/libnl-genl-3-200_3.7.0-0.2+b1sonic1_amd64.deb-install ] 
[ building ] [ target/python-wheels/trixie/swsssdk-2.0.1-py3-none-any.whl ] 
[ finished ] [ target/python-wheels/trixie/swsssdk-2.0.1-py3-none-any.whl ] 
[ building ] [ target/debs/trixie/libtac-dev_1.4.1-1_amd64.deb-install ] 
[ finished ] [ target/debs/trixie/libtac-dev_1.4.1-1_amd64.deb-install ] 
[ building ] [ target/python-wheels/trixie/swsssdk-2.0.1-py3-none-any.whl-install ] 
[ finished ] [ target/python-wheels/trixie/swsssdk-2.0.1-py3-none-any.whl-install ] 
[ building ] [ target/debs/trixie/libssl3t64_3.5.4-1+fips_amd64.deb ] 
[ finished ] [ target/debs/trixie/libssl3t64_3.5.4-1+fips_amd64.deb ] 
[ building ] [ target/debs/trixie/libssl-dev_3.5.4-1+fips_amd64.deb ] 
[ finished ] [ target/debs/trixie/libssl-dev_3.5.4-1+fips_amd64.deb ] 
[ building ] [ target/debs/trixie/openssl_3.5.4-1+fips_amd64.deb ] 
[ finished ] [ target/debs/trixie/openssl_3.5.4-1+fips_amd64.deb ] 
[ building ] [ target/debs/trixie/libk5crypto3_1.21.3-5+fips_amd64.deb ] 
[ finished ] [ target/debs/trixie/libk5crypto3_1.21.3-5+fips_amd64.deb ] 
[ building ] [ target/debs/trixie/libkrb5support0_1.21.3-5+fips_amd64.deb ] 
[ finished ] [ target/debs/trixie/libkrb5support0_1.21.3-5+fips_amd64.deb ] 
[ building ] [ target/debs/trixie/libkrb5-3_1.21.3-5+fips_amd64.deb ] 
[ finished ] [ target/debs/trixie/libkrb5-3_1.21.3-5+fips_amd64.deb ] 
[ building ] [ target/debs/trixie/libgssapi-krb5-2_1.21.3-5+fips_amd64.deb ] 
[ finished ] [ target/debs/trixie/libgssapi-krb5-2_1.21.3-5+fips_amd64.deb ] 
[ building ] [ target/debs/trixie/libnexthopgroup-dev_1.0.0_amd64.deb ] 
[ finished ] [ target/debs/trixie/libnexthopgroup-dev_1.0.0_amd64.deb ] 
[ building ] [ target/debs/trixie/libsensors5_3.6.0-7.1_amd64.deb ] 
[ finished ] [ target/debs/trixie/libsensors5_3.6.0-7.1_amd64.deb ] 
[ building ] [ target/debs/trixie/fancontrol_3.6.0-7.1_all.deb ] 
[ finished ] [ target/debs/trixie/fancontrol_3.6.0-7.1_all.deb ] 
[ building ] [ target/debs/trixie/sensord_3.6.0-7.1_amd64.deb ] 
[ finished ] [ target/debs/trixie/sensord_3.6.0-7.1_amd64.deb ] 
[ building ] [ target/debs/trixie/libnss-tacplus_1.0.4-1_amd64.deb ] 
[ finished ] [ target/debs/trixie/rasdaemon_0.6.8-1_amd64.deb ] 
[ finished ] [ target/debs/trixie/libdashapi_1.0.0_amd64.deb ] 
[ building ] [ target/debs/trixie/libnl-route-3-dev_3.7.0-0.2+b1sonic1_amd64.deb ] 
[ finished ] [ target/debs/trixie/libnl-route-3-dev_3.7.0-0.2+b1sonic1_amd64.deb ] 
[ building ] [ target/debs/trixie/python3-libyang_3.1.0-1_amd64.deb ] 
[ building ] [ target/debs/trixie/libnl-genl-3-dev_3.7.0-0.2+b1sonic1_amd64.deb ] 
[ finished ] [ target/debs/trixie/libnl-genl-3-dev_3.7.0-0.2+b1sonic1_amd64.deb ] 
[ building ] [ target/debs/trixie/libnl-nf-3-200_3.7.0-0.2+b1sonic1_amd64.deb ] 
[ finished ] [ target/debs/trixie/libnl-nf-3-200_3.7.0-0.2+b1sonic1_amd64.deb ] 
[ building ] [ target/debs/trixie/libnl-genl-3-dev_3.7.0-0.2+b1sonic1_amd64.deb-install ] 
[ finished ] [ target/debs/trixie/libnl-genl-3-dev_3.7.0-0.2+b1sonic1_amd64.deb-install ] 
[ building ] [ target/debs/trixie/libnl-route-3-dev_3.7.0-0.2+b1sonic1_amd64.deb-install ] 
[ finished ] [ target/debs/trixie/libnl-route-3-dev_3.7.0-0.2+b1sonic1_amd64.deb-install ] 
[ building ] [ target/debs/trixie/bash-tacplus_1.0.0_amd64.deb ] 
[ finished ] [ target/debs/trixie/libnss-tacplus_1.0.4-1_amd64.deb ] 
[ building ] [ target/debs/trixie/audisp-tacplus_1.0.2_amd64.deb ] 
[ finished ] [ target/debs/trixie/python3-libyang_3.1.0-1_amd64.deb ] 
[ building ] [ target/debs/trixie/libnl-nf-3-200_3.7.0-0.2+b1sonic1_amd64.deb-install ] 
[ finished ] [ target/debs/trixie/libnl-nf-3-200_3.7.0-0.2+b1sonic1_amd64.deb-install ] 
[ building ] [ target/debs/trixie/python3-libyang_3.1.0-1_amd64.deb-install ] 
[ finished ] [ target/debs/trixie/python3-libyang_3.1.0-1_amd64.deb-install ] 
[ building ] [ target/docker-base-trixie.gz ] 
[ finished ] [ target/debs/trixie/bash-tacplus_1.0.0_amd64.deb ] 
[ building ] [ target/debs/trixie/libnexthopgroup-dev_1.0.0_amd64.deb-install ] 
[ finished ] [ target/debs/trixie/libnexthopgroup-dev_1.0.0_amd64.deb-install ] 
[ building ] [ target/debs/trixie/libdashapi_1.0.0_amd64.deb-install ] 
[ finished ] [ target/debs/trixie/libdashapi_1.0.0_amd64.deb-install ] 
[ building ] [ target/debs/trixie/frr_10.5.4-sonic-0_amd64.deb ] 
[ finished ] [ target/debs/trixie/audisp-tacplus_1.0.2_amd64.deb ] 
[ building ] [ target/debs/trixie/openssh-server_10.0p1-7_amd64.deb ] 
[ finished ] [ target/debs/trixie/linux-headers-6.12.41+deb13-common-sonic_6.12.41-1_all.deb ] 
[ building ] [ target/python-wheels/trixie/sonic_yang_models-1.0-py3-none-any.whl ] 
[ finished ] [ target/docker-base-trixie.gz ] 
[ building ] [ target/debs/trixie/libnl-nf-3-dev_3.7.0-0.2+b1sonic1_amd64.deb ] 
[ finished ] [ target/debs/trixie/libnl-nf-3-dev_3.7.0-0.2+b1sonic1_amd64.deb ] 
[ building ] [ target/docker-base-trixie.gz-load ] 
[ finished ] [ target/docker-base-trixie.gz-load ] 
[ building ] [ target/debs/trixie/libnl-nf-3-dev_3.7.0-0.2+b1sonic1_amd64.deb-install ] 
[ finished ] [ target/debs/trixie/libnl-nf-3-dev_3.7.0-0.2+b1sonic1_amd64.deb-install ] 
[ building ] [ target/debs/trixie/linux-headers-6.12.41+deb13-common-sonic_6.12.41-1_all.deb-install ] 
[ finished ] [ target/debs/trixie/linux-headers-6.12.41+deb13-common-sonic_6.12.41-1_all.deb-install ] 
[ building ] [ target/debs/trixie/linux-image-6.12.41+deb13-sonic-amd64-unsigned_6.12.41-1_amd64.deb ] 
[ finished ] [ target/debs/trixie/linux-image-6.12.41+deb13-sonic-amd64-unsigned_6.12.41-1_amd64.deb ] 
[ building ] [ target/debs/trixie/linux-kbuild-6.12.41+deb13_6.12.41-1_amd64.deb ] 
[ finished ] [ target/debs/trixie/linux-kbuild-6.12.41+deb13_6.12.41-1_amd64.deb ] 
[ building ] [ target/debs/trixie/libnl-cli-3-200_3.7.0-0.2+b1sonic1_amd64.deb ] 
[ finished ] [ target/debs/trixie/libnl-cli-3-200_3.7.0-0.2+b1sonic1_amd64.deb ] 
[ building ] [ target/debs/trixie/linux-kbuild-6.12.41+deb13_6.12.41-1_amd64.deb-install ] 
[ finished ] [ target/debs/trixie/linux-kbuild-6.12.41+deb13_6.12.41-1_amd64.deb-install ] 
[ building ] [ target/debs/trixie/libnl-cli-3-dev_3.7.0-0.2+b1sonic1_amd64.deb ] 
[ finished ] [ target/debs/trixie/libnl-cli-3-dev_3.7.0-0.2+b1sonic1_amd64.deb ] 
[ building ] [ target/debs/trixie/libnl-cli-3-200_3.7.0-0.2+b1sonic1_amd64.deb-install ] 
[ finished ] [ target/debs/trixie/libnl-cli-3-200_3.7.0-0.2+b1sonic1_amd64.deb-install ] 
[ building ] [ target/debs/trixie/libnl-cli-3-dev_3.7.0-0.2+b1sonic1_amd64.deb-install ] 
[ finished ] [ target/debs/trixie/libnl-cli-3-dev_3.7.0-0.2+b1sonic1_amd64.deb-install ] 
[ building ] [ target/debs/trixie/libteam5_1.31-1_amd64.deb ] 
[ finished ] [ target/debs/trixie/p4lang-pi_0.1.1-1_amd64.deb ] 
[ building ] [ target/debs/trixie/p4lang-pi_0.1.1-1_amd64.deb-install ] 
[ finished ] [ target/debs/trixie/p4lang-pi_0.1.1-1_amd64.deb-install ] 
[ building ] [ target/debs/trixie/p4lang-bmv2_1.15.0-9_amd64.deb ] 
[ finished ] [ target/docker-dash-engine.gz ] 
[ finished ] [ target/debs/trixie/libteam5_1.31-1_amd64.deb ] 
[ building ] [ target/debs/trixie/libteamdctl0_1.31-1_amd64.deb ] 
[ finished ] [ target/debs/trixie/libteamdctl0_1.31-1_amd64.deb ] 
[ building ] [ target/debs/trixie/libteam5_1.31-1_amd64.deb-install ] 
[ building ] [ target/debs/trixie/libteam-dev_1.31-1_amd64.deb ] 
[ finished ] [ target/debs/trixie/libteam-dev_1.31-1_amd64.deb ] 
[ building ] [ target/debs/trixie/libteam-utils_1.31-1_amd64.deb ] 
[ finished ] [ target/debs/trixie/libteam-utils_1.31-1_amd64.deb ] 
[ finished ] [ target/debs/trixie/libteam5_1.31-1_amd64.deb-install ] 
[ building ] [ target/debs/trixie/libteamdctl0_1.31-1_amd64.deb-install ] 
[ finished ] [ target/debs/trixie/libteamdctl0_1.31-1_amd64.deb-install ] 
[ building ] [ target/debs/trixie/libteam-dev_1.31-1_amd64.deb-install ] 
[ building ] [ target/debs/trixie/libteam-utils_1.31-1_amd64.deb-install ] 
[ finished ] [ target/debs/trixie/libteam-dev_1.31-1_amd64.deb-install ] 
[ finished ] [ target/debs/trixie/libteam-utils_1.31-1_amd64.deb-install ] 
[ finished ] [ target/debs/trixie/frr_10.5.4-sonic-0_amd64.deb ] 
[ building ] [ target/debs/trixie/frr-snmp_10.5.4-sonic-0_amd64.deb ] 
[ finished ] [ target/debs/trixie/frr-snmp_10.5.4-sonic-0_amd64.deb ] 
[ finished ] [ target/debs/trixie/openssh-server_10.0p1-7_amd64.deb ] 
[ finished ] [ target/python-wheels/trixie/sonic_yang_models-1.0-py3-none-any.whl ] 
[ building ] [ target/python-wheels/trixie/sonic_yang_models-1.0-py3-none-any.whl-install ] 
[ finished ] [ target/python-wheels/trixie/sonic_yang_models-1.0-py3-none-any.whl-install ] 
[ building ] [ target/python-wheels/trixie/sonic_yang_mgmt-1.0-py3-none-any.whl ] 
[ building ] [ target/debs/trixie/sonic-mgmt-common_1.0.0_amd64.deb ] 
[ finished ] [ target/python-wheels/trixie/sonic_yang_mgmt-1.0-py3-none-any.whl ] 
[ building ] [ target/python-wheels/trixie/sonic_yang_mgmt-1.0-py3-none-any.whl-install ] 
[ finished ] [ target/python-wheels/trixie/sonic_yang_mgmt-1.0-py3-none-any.whl-install ] 
[ building ] [ target/debs/trixie/libswsscommon_1.0.0_amd64.deb ] 
[ finished ] [ target/debs/trixie/sonic-mgmt-common_1.0.0_amd64.deb ] 
[ building ] [ target/debs/trixie/sonic-mgmt-common-codegen_1.0.0_amd64.deb ] 
[ finished ] [ target/debs/trixie/sonic-mgmt-common-codegen_1.0.0_amd64.deb ] 
[ building ] [ target/debs/trixie/sonic-mgmt-common_1.0.0_amd64.deb-install ] 
[ finished ] [ target/debs/trixie/sonic-mgmt-common_1.0.0_amd64.deb-install ] 
[ building ] [ target/debs/trixie/sonic-mgmt-common-codegen_1.0.0_amd64.deb-install ] 
[ finished ] [ target/debs/trixie/sonic-mgmt-common-codegen_1.0.0_amd64.deb-install ] 
[ building ] [ target/debs/trixie/sonic-mgmt-framework_1.0-01_amd64.deb ] 
[ finished ] [ target/debs/trixie/isc-dhcp-relay_4.4.3-P1-2_amd64.deb ] 
[ finished ] [ target/debs/trixie/sonic-mgmt-framework_1.0-01_amd64.deb ] 
[ finished ] [ target/debs/trixie/libswsscommon_1.0.0_amd64.deb ] 
[ building ] [ target/debs/trixie/python3-swsscommon_1.0.0_amd64.deb ] 
[ finished ] [ target/debs/trixie/python3-swsscommon_1.0.0_amd64.deb ] 
[ building ] [ target/debs/trixie/sonic-db-cli_1.0.0_amd64.deb ] 
[ finished ] [ target/debs/trixie/sonic-db-cli_1.0.0_amd64.deb ] 
[ building ] [ target/debs/trixie/libswsscommon-dev_1.0.0_amd64.deb ] 
[ finished ] [ target/debs/trixie/libswsscommon-dev_1.0.0_amd64.deb ] 
[ building ] [ target/debs/trixie/libswsscommon_1.0.0_amd64.deb-install ] 
[ finished ] [ target/debs/trixie/libswsscommon_1.0.0_amd64.deb-install ] 
[ building ] [ target/debs/trixie/libswsscommon-dev_1.0.0_amd64.deb-install ] 
[ building ] [ target/debs/trixie/python3-swsscommon_1.0.0_amd64.deb-install ] 
[ finished ] [ target/debs/trixie/libswsscommon-dev_1.0.0_amd64.deb-install ] 
[ building ] [ target/debs/trixie/sonic-eventd_1.0.0-0_amd64.deb ] 
[ building ] [ target/debs/trixie/sonic-ctrmgrd-rs_1.0.0_amd64.deb ] 
[ finished ] [ target/debs/trixie/python3-swsscommon_1.0.0_amd64.deb-install ] 
[ building ] [ target/debs/trixie/sonic-host-services-rs_1.0.0_amd64.deb ] 
[ building ] [ target/debs/trixie/syslog-counter_1.0.0_amd64.deb ] 
[ building ] [ target/debs/trixie/sonic-supervisord-utilities-rs_1.0.0_amd64.deb ] 
[ building ] [ target/debs/trixie/sonic-bmp_0.1_amd64.deb ] 
[ finished ] [ target/debs/trixie/sonic-eventd_1.0.0-0_amd64.deb ] 
[ building ] [ target/debs/trixie/dash-ha_1.0.0_amd64.deb ] 
[ finished ] [ target/debs/trixie/sonic-bmp_0.1_amd64.deb ] 
[ building ] [ target/debs/trixie/stp_1.0.0_amd64.deb ] 
[ finished ] [ target/debs/trixie/stp_1.0.0_amd64.deb ] 
[ building ] [ target/debs/trixie/sonic-gnmi_0.1_amd64.deb ] 
[ finished ] [ target/debs/trixie/sonic-gnmi_0.1_amd64.deb ] 
[ finished ] [ target/debs/trixie/sonic-supervisord-utilities-rs_1.0.0_amd64.deb ] 
[ finished ] [ target/debs/trixie/syslog-counter_1.0.0_amd64.deb ] 
[ finished ] [ target/debs/trixie/sonic-host-services-rs_1.0.0_amd64.deb ] 
[ building ] [ target/debs/trixie/sonic-linkmgrd_1.0.0-1_amd64.deb ] 
[ building ] [ target/debs/trixie/sysmgr_1.0.0_amd64.deb ] 
[ finished ] [ target/debs/trixie/sonic-ctrmgrd-rs_1.0.0_amd64.deb ] 
[ building ] [ target/debs/trixie/sonic-dhcpmon_1.0.0-0_amd64.deb ] 
[ building ] [ target/debs/trixie/sonic-dhcp4relay_1.0.0-0_amd64.deb ] 
[ finished ] [ target/debs/trixie/sonic-dhcpmon_1.0.0-0_amd64.deb ] 
[ building ] [ target/debs/trixie/sonic-dhcp6relay_1.0.0-0_amd64.deb ] 
[ building ] [ target/debs/trixie/wpasupplicant_2.9.0-14_amd64.deb ] 
[ finished ] [ target/debs/trixie/sysmgr_1.0.0_amd64.deb ] 
[ building ] [ target/debs/trixie/sonic-rsyslog-plugin_1.0.0-0_amd64.deb ] 
[ finished ] [ target/debs/trixie/sonic-rsyslog-plugin_1.0.0-0_amd64.deb ] 
[ building ] [ target/python-wheels/trixie/sonic_py_common-1.0-py3-none-any.whl ] 
/sonic/src/sonic-dash-ha /sonic
Removing patch ../sonic-dash-ha.patch/0001-build-use-relative-path-when-building-cargo-dependen.patch
Restoring Cargo.toml

No patches applied
/sonic
[ finished ] [ target/debs/trixie/dash-ha_1.0.0_amd64.deb ] 
[ building ] [ target/debs/trixie/sonic-bmp_0.1_amd64.deb-install ] 
[ finished ] [ target/debs/trixie/sonic-bmp_0.1_amd64.deb-install ] 
[ building ] [ target/debs/trixie/stp_1.0.0_amd64.deb-install ] 
[ finished ] [ target/debs/trixie/stp_1.0.0_amd64.deb-install ] 
[ finished ] [ target/python-wheels/trixie/sonic_py_common-1.0-py3-none-any.whl ] 
[ building ] [ target/python-wheels/trixie/sonic_py_common-1.0-py3-none-any.whl-install ] 
[ finished ] [ target/python-wheels/trixie/sonic_py_common-1.0-py3-none-any.whl-install ] 
[ building ] [ target/python-wheels/trixie/sonic_config_engine-1.0-py3-none-any.whl ] 
[ building ] [ target/python-wheels/trixie/sonic_containercfgd-1.0-py3-none-any.whl ] 
[ finished ] [ target/python-wheels/trixie/sonic_containercfgd-1.0-py3-none-any.whl ] 
[ building ] [ target/python-wheels/trixie/sonic_supervisord_utilities-1.0-py3-none-any.whl ] 
[ finished ] [ target/debs/trixie/wpasupplicant_2.9.0-14_amd64.deb ] 
[ building ] [ target/python-wheels/trixie/sonic_d-2.0.0-py3-none-any.whl ] 
[ finished ] [ target/debs/trixie/sonic-dhcp6relay_1.0.0-0_amd64.deb ] 
[ building ] [ target/python-wheels/trixie/sonic_ledd-1.1-py3-none-any.whl ] 
[ finished ] [ target/python-wheels/trixie/sonic_d-2.0.0-py3-none-any.whl ] 
[ building ] [ target/python-wheels/trixie/sonic_pcied-1.0-py3-none-any.whl ] 
[ finished ] [ target/python-wheels/trixie/sonic_ledd-1.1-py3-none-any.whl ] 
[ building ] [ target/python-wheels/trixie/sonic_stormond-1.0-py3-none-any.whl ] 
[ finished ] [ target/python-wheels/trixie/sonic_supervisord_utilities-1.0-py3-none-any.whl ] 
[ building ] [ target/python-wheels/trixie/sonic_dhcp_utilities-1.0-py3-none-any.whl ] 
[ finished ] [ target/python-wheels/trixie/sonic_pcied-1.0-py3-none-any.whl ] 
[ building ] [ target/python-wheels/trixie/sonic_ctrmgrd-1.0.0-py3-none-any.whl ] 
[ finished ] [ target/python-wheels/trixie/sonic_dhcp_utilities-1.0-py3-none-any.whl ] 
[ finished ] [ target/python-wheels/trixie/sonic_stormond-1.0-py3-none-any.whl ] 
[ finished ] [ target/debs/trixie/sonic-dhcp4relay_1.0.0-0_amd64.deb ] 
[ finished ] [ target/python-wheels/trixie/sonic_ctrmgrd-1.0.0-py3-none-any.whl ] 
[ finished ] [ target/debs/trixie/grub2-common_2.06-13+deb13u1_amd64.deb ] 
[ building ] [ target/sonic-vs.bin__vs__rfs.squashfs ] 
[ finished ] [ target/debs/trixie/sonic-linkmgrd_1.0.0-1_amd64.deb ] 
[ finished ] [ target/python-wheels/trixie/sonic_config_engine-1.0-py3-none-any.whl ] 
[ building ] [ target/python-wheels/trixie/sonic_config_engine-1.0-py3-none-any.whl-install ] 
[ finished ] [ target/python-wheels/trixie/sonic_config_engine-1.0-py3-none-any.whl-install ] 
[ building ] [ target/docker-config-engine-trixie.gz ] 
[ building ] [ target/python-wheels/trixie/sonic_bgpcfgd-1.0-py3-none-any.whl ] 
[ building ] [ target/python-wheels/trixie/sonic_frr_mgmt_framework-1.0-py3-none-any.whl ] 
[ building ] [ target/python-wheels/trixie/system_health-1.0-py3-none-any.whl ] 
[ building ] [ target/python-wheels/trixie/sonic_platform_common-1.0-py3-none-any.whl ] 
[ finished ] [ target/debs/trixie/p4lang-bmv2_1.15.0-9_amd64.deb ] 
[ building ] [ target/debs/trixie/p4lang-bmv2_1.15.0-9_amd64.deb-install ] 
[ finished ] [ target/debs/trixie/p4lang-bmv2_1.15.0-9_amd64.deb-install ] 
[ building ] [ target/debs/trixie/p4lang-p4c_1.2.4.2-2_amd64.deb ] 
[ finished ] [ target/python-wheels/trixie/sonic_frr_mgmt_framework-1.0-py3-none-any.whl ] 
[ finished ] [ target/python-wheels/trixie/system_health-1.0-py3-none-any.whl ] 
[ finished ] [ target/python-wheels/trixie/sonic_platform_common-1.0-py3-none-any.whl ] 
[ building ] [ target/python-wheels/trixie/sonic_platform_common-1.0-py3-none-any.whl-install ] 
[ finished ] [ target/python-wheels/trixie/sonic_platform_common-1.0-py3-none-any.whl-install ] 
[ building ] [ target/python-wheels/trixie/sonic_utilities-1.2-py3-none-any.whl ] 
[ building ] [ target/python-wheels/trixie/sonic_psud-1.0-py3-none-any.whl ] 
[ building ] [ target/python-wheels/trixie/sonic_syseepromd-1.0-py3-none-any.whl ] 
[ building ] [ target/python-wheels/trixie/sonic_thermalctld-1.0-py3-none-any.whl ] 
[ finished ] [ target/python-wheels/trixie/sonic_syseepromd-1.0-py3-none-any.whl ] 
[ building ] [ target/python-wheels/trixie/sonic_sensormond-1.0-py3-none-any.whl ] 
[ finished ] [ target/python-wheels/trixie/sonic_thermalctld-1.0-py3-none-any.whl ] 
[ building ] [ target/python-wheels/trixie/sonic_xcvrd-1.0-py3-none-any.whl ] 
[ finished ] [ target/python-wheels/trixie/sonic_psud-1.0-py3-none-any.whl ] 
[ building ] [ target/python-wheels/trixie/sonic_ycabled-1.0-py3-none-any.whl ] 
[ finished ] [ target/python-wheels/trixie/sonic_bgpcfgd-1.0-py3-none-any.whl ] 
[ building ] [ target/python-wheels/trixie/sonic_chassisd-1.0-py3-none-any.whl ] 
[ finished ] [ target/python-wheels/trixie/sonic_chassisd-1.0-py3-none-any.whl ] 
[ building ] [ target/python-wheels/trixie/sonic_bmcctld-1.0-py3-none-any.whl ] 
[ finished ] [ target/python-wheels/trixie/sonic_sensormond-1.0-py3-none-any.whl ] 
[ building ] [ target/python-wheels/trixie/asyncsnmp-2.1.0-py3-none-any.whl ] 
[ finished ] [ target/python-wheels/trixie/sonic_bmcctld-1.0-py3-none-any.whl ] 
[ finished ] [ target/python-wheels/trixie/sonic_xcvrd-1.0-py3-none-any.whl ] 
[ finished ] [ target/python-wheels/trixie/sonic_utilities-1.2-py3-none-any.whl ] 
[ FAIL LOG START ] [ target/python-wheels/trixie/sonic_utilities-1.2-py3-none-any.whl ]
Build start time: Wed Sep 2 23:47:55 UTC 2026
[ REASON ] :      target/python-wheels/trixie/sonic_utilities-1.2-py3-none-any.whl does not exist   NON-EXISTENT PREREQUISITES: target/python-wheels/trixie/sonic_py_common-1.0-py3-none-any.whl-install target/python-wheels/trixie/sonic_config_engine-1.0-py3-none-any.whl-install target/python-wheels/trixie/sonic_platform_common-1.0-py3-none-any.whl-install target/python-wheels/trixie/sonic_yang_mgmt-1.0-py3-none-any.whl-install target/python-wheels/trixie/sonic_yang_models-1.0-py3-none-any.whl-install target/debs/trixie/libyang3_3.12.2-1_amd64.deb-install target/debs/trixie/python3-libyang_3.1.0-1_amd64.deb-install target/debs/trixie/libswsscommon_1.0.0_amd64.deb-install target/debs/trixie/python3-swsscommon_1.0.0_amd64.deb-install 
[ FLAGS  FILE    ] : [] 
[ FLAGS  DEPENDS ] : [] 
[ FLAGS  DIFF    ] : [] 
/sonic/src/sonic-utilities /sonic
Defaulting to user installation because normal site-packages is not writeable
Processing /sonic/src/sonic-utilities
  Preparing metadata (setup.py): started
  Preparing metadata (setup.py): finished with status 'done'
Requirement already satisfied: bcrypt>=3.2.2 in /usr/lib/python3/dist-packages (from sonic-utilities==1.2) (4.2.0)
Requirement already satisfied: click<8.2,>=8.0 in /usr/lib/python3/dist-packages (from sonic-utilities==1.2) (8.1.8)
Requirement already satisfied: cryptography>=3.3.2 in /usr/lib/python3/dist-packages (from sonic-utilities==1.2) (43.0.0)
Requirement already satisfied: urllib3>=2 in /usr/lib/python3/dist-packages (from sonic-utilities==1.2) (2.3.0)
Collecting click-log>=0.3.2 (from sonic-utilities==1.2)
  Downloading click_log-0.4.0-py2.py3-none-any.whl.metadata (1.2 kB)
Requirement already satisfied: docker>=4.4.4 in /var/qiuying.xzc/.local/lib/python3.13/site-packages (from sonic-utilities==1.2) (7.1.0)
Collecting docker-image-py>=0.1.10 (from sonic-utilities==1.2)
  Downloading docker_image_py-0.1.13-py3-none-any.whl.metadata (223 bytes)
Collecting filelock>=3.0.12 (from sonic-utilities==1.2)
  Downloading filelock-3.29.4-py3-none-any.whl.metadata (2.0 kB)
Requirement already satisfied: enlighten>=1.8.0 in /usr/lib/python3/dist-packages (from sonic-utilities==1.2) (1.11.2)
Requirement already satisfied: ijson>=3.2.3 in /var/qiuying.xzc/.local/lib/python3.13/site-packages (from sonic-utilities==1.2) (3.5.0)
Collecting ipaddress>=1.0.23 (from sonic-utilities==1.2)
  Downloading ipaddress-1.0.23-py2.py3-none-any.whl.metadata (923 bytes)
Requirement already satisfied: protobuf in /usr/local/lib/python3.13/dist-packages (from sonic-utilities==1.2) (5.29.6)
Requirement already satisfied: jinja2>=2.11.3 in /usr/lib/python3/dist-packages (from sonic-utilities==1.2) (3.1.6)
Requirement already satisfied: jsondiff>=1.2.0 in /var/qiuying.xzc/.local/lib/python3.13/site-packages (from sonic-utilities==1.2) (2.2.1)
Collecting jsonpatch>=1.32.0 (from sonic-utilities==1.2)
  Downloading jsonpatch-1.33-py2.py3-none-any.whl.metadata (3.0 kB)
Requirement already satisfied: jsonpointer>=1.9 in /var/qiuying.xzc/.local/lib/python3.13/site-packages (from sonic-utilities==1.2) (3.1.1)
Requirement already satisfied: m2crypto>=0.31.0 in /usr/lib/python3/dist-packages (from sonic-utilities==1.2) (0.42.0)
Requirement already satisfied: natsort>=8.0 in /usr/lib/python3/dist-packages (from sonic-utilities==1.2) (8.0.2)
Requirement already satisfied: netaddr>=0.8.0 in /var/qiuying.xzc/.local/lib/python3.13/site-packages (from sonic-utilities==1.2) (0.8.0)
Requirement already satisfied: netifaces>=0.10.7 in /usr/lib/python3/dist-packages (from sonic-utilities==1.2) (0.11.0)
Requirement already satisfied: paramiko>=3.0 in /usr/lib/python3/dist-packages (from sonic-utilities==1.2) (3.5.1)
Requirement already satisfied: pexpect>=4.8.0 in /usr/lib/python3/dist-packages (from sonic-utilities==1.2) (4.9.0)
Collecting semantic-version>=2.8.5 (from sonic-utilities==1.2)
  Downloading semantic_version-2.10.0-py2.py3-none-any.whl.metadata (9.7 kB)
Collecting prettyprinter>=0.18.0 (from sonic-utilities==1.2)
  Downloading prettyprinter-0.18.0-py2.py3-none-any.whl.metadata (12 kB)
Collecting pyroute2>=0.7.7 (from sonic-utilities==1.2)
  Downloading pyroute2-0.9.6-py3-none-any.whl.metadata (8.8 kB)
Requirement already satisfied: requests>=2.25.0 in /usr/lib/python3/dist-packages (from sonic-utilities==1.2) (2.32.3)
Requirement already satisfied: tabulate==0.9.0 in /var/qiuying.xzc/.local/lib/python3.13/site-packages (from sonic-utilities==1.2) (0.9.0)
Collecting toposort==1.6 (from sonic-utilities==1.2)
  Downloading toposort-1.6-py2.py3-none-any.whl.metadata (6.0 kB)
Collecting www-authenticate==0.9.2 (from sonic-utilities==1.2)
  Downloading www-authenticate-0.9.2.tar.gz (2.4 kB)
  Preparing metadata (setup.py): started
  Preparing metadata (setup.py): finished with status 'done'
Collecting xmltodict==0.12.0 (from sonic-utilities==1.2)
  Downloading xmltodict-0.12.0-py2.py3-none-any.whl.metadata (6.3 kB)
Collecting lazy-object-proxy (from sonic-utilities==1.2)
  Downloading lazy_object_proxy-1.12.0-cp313-cp313-manylinux1_x86_64.manylinux_2_28_x86_64.manylinux_2_5_x86_64.whl.metadata (5.1 kB)
Requirement already satisfied: six>=1.16.0 in /usr/lib/python3/dist-packages (from sonic-utilities==1.2) (1.17.0)
Collecting scp==0.14.5 (from sonic-utilities==1.2)
  Downloading scp-0.14.5-py2.py3-none-any.whl.metadata (4.3 kB)
Requirement already satisfied: sonic-config-engine in /usr/local/lib/python3.13/dist-packages (from sonic-utilities==1.2) (1.0)
Requirement already satisfied: sonic-platform-common in /usr/local/lib/python3.13/dist-packages (from sonic-utilities==1.2) (1.0)
Requirement already satisfied: sonic-py-common in /usr/local/lib/python3.13/dist-packages (from sonic-utilities==1.2) (1.0)
Requirement already satisfied: sonic-yang-mgmt in /usr/local/lib/python3.13/dist-packages (from sonic-utilities==1.2) (1.0)
Requirement already satisfied: regex>=2019.4.14 in /usr/lib/python3/dist-packages (from docker-image-py>=0.1.10->sonic-utilities==1.2) (2024.11.6)
Requirement already satisfied: MarkupSafe>=2.0 in /usr/lib/python3/dist-packages (from jinja2>=2.11.3->sonic-utilities==1.2) (2.1.5)
Requirement already satisfied: pyyaml in /usr/lib/python3/dist-packages (from jsondiff>=1.2.0->sonic-utilities==1.2) (6.0.2)
Requirement already satisfied: pynacl>=1.5 in /usr/lib/python3/dist-packages (from paramiko>=3.0->sonic-utilities==1.2) (1.5.0)
Requirement already satisfied: ptyprocess>=0.5 in /usr/lib/python3/dist-packages (from pexpect>=4.8.0->sonic-utilities==1.2) (0.7.0)
Requirement already satisfied: Pygments>=2.2.0 in /usr/lib/python3/dist-packages (from prettyprinter>=0.18.0->sonic-utilities==1.2) (2.18.0)
Collecting colorful>=0.4.0 (from prettyprinter>=0.18.0->sonic-utilities==1.2)
  Downloading colorful-0.5.8-py2.py3-none-any.whl.metadata (17 kB)
Requirement already satisfied: cffi>=1.4.1 in /usr/lib/python3/dist-packages (from pynacl>=1.5->paramiko>=3.0->sonic-utilities==1.2) (1.17.1)
Requirement already satisfied: pycparser in /usr/lib/python3/dist-packages (from cffi>=1.4.1->pynacl>=1.5->paramiko>=3.0->sonic-utilities==1.2) (2.22)
Requirement already satisfied: charset_normalizer<4,>=2 in /usr/lib/python3/dist-packages (from requests>=2.25.0->sonic-utilities==1.2) (3.4.2)
Requirement already satisfied: idna<4,>=2.5 in /usr/lib/python3/dist-packages (from requests>=2.25.0->sonic-utilities==1.2) (3.10)
Requirement already satisfied: certifi>=2017.4.17 in /usr/lib/python3/dist-packages (from requests>=2.25.0->sonic-utilities==1.2) (2025.1.31)
Requirement already satisfied: bitarray==2.8.1 in /var/qiuying.xzc/.local/lib/python3.13/site-packages (from sonic-config-engine->sonic-utilities==1.2) (2.8.1)
Requirement already satisfied: lxml>=4.9.1 in /usr/lib/python3/dist-packages (from sonic-config-engine->sonic-utilities==1.2) (5.4.0)
Requirement already satisfied: sonic-yang-models>=1.0 in /usr/local/lib/python3.13/dist-packages (from sonic-config-engine->sonic-utilities==1.2) (1.0)
Requirement already satisfied: redis in /usr/local/lib/python3.13/dist-packages (from sonic-platform-common->sonic-utilities==1.2) (8.0.1)
Requirement already satisfied: redis-dump-load in /usr/local/lib/python3.13/dist-packages (from sonic-py-common->sonic-utilities==1.2) (1.1)
Downloading scp-0.14.5-py2.py3-none-any.whl (8.7 kB)
Downloading toposort-1.6-py2.py3-none-any.whl (9.5 kB)
Downloading xmltodict-0.12.0-py2.py3-none-any.whl (9.2 kB)
Downloading click_log-0.4.0-py2.py3-none-any.whl (4.3 kB)
Downloading docker_image_py-0.1.13-py3-none-any.whl (8.9 kB)
Downloading filelock-3.29.4-py3-none-any.whl (42 kB)
Downloading ipaddress-1.0.23-py2.py3-none-any.whl (18 kB)
Downloading jsonpatch-1.33-py2.py3-none-any.whl (12 kB)
Downloading prettyprinter-0.18.0-py2.py3-none-any.whl (48 kB)
Downloading colorful-0.5.8-py2.py3-none-any.whl (201 kB)
Downloading pyroute2-0.9.6-py3-none-any.whl (483 kB)
Downloading semantic_version-2.10.0-py2.py3-none-any.whl (15 kB)
Downloading lazy_object_proxy-1.12.0-cp313-cp313-manylinux1_x86_64.manylinux_2_28_x86_64.manylinux_2_5_x86_64.whl (71 kB)
Building wheels for collected packages: sonic-utilities, www-authenticate
  DEPRECATION: Building 'sonic-utilities' using the legacy setup.py bdist_wheel mechanism, which will be removed in a future version. pip 25.3 will enforce this behaviour change. A possible replacement is to use the standardized build interface by setting the `--use-pep517` option, (possibly combined with `--no-build-isolation`), or adding a `pyproject.toml` file to the source tree of 'sonic-utilities'. Discussion can be found at https://github.com/pypa/pip/issues/6334
  Building wheel for sonic-utilities (setup.py): started
  Building wheel for sonic-utilities (setup.py): finished with status 'done'
  Created wheel for sonic-utilities: filename=sonic_utilities-1.2-py3-none-any.whl size=3223777 sha256=f9cac58e8b66feca7dea2d589377c9f303c0e8b05ffa11c23d59b03f4c040ed3
  Stored in directory: /var/qiuying.xzc/.cache/pip/wheels/7c/2b/98/62db1d06f6a1981f5197ed6c2d8682e4984505c0063847ba0c
  DEPRECATION: Building 'www-authenticate' using the legacy setup.py bdist_wheel mechanism, which will be removed in a future version. pip 25.3 will enforce this behaviour change. A possible replacement is to use the standardized build interface by setting the `--use-pep517` option, (possibly combined with `--no-build-isolation`), or adding a `pyproject.toml` file to the source tree of 'www-authenticate'. Discussion can be found at https://github.com/pypa/pip/issues/6334
  Building wheel for www-authenticate (setup.py): started
  Building wheel for www-authenticate (setup.py): finished with status 'done'
  Created wheel for www-authenticate: filename=www_authenticate-0.9.2-py3-none-any.whl size=2949 sha256=51c461b4cfffd459ba11a4414f08bb69806eff6e265eeea1f5ff9a07aefcb2ce
  Stored in directory: /var/qiuying.xzc/.cache/pip/wheels/e9/76/16/2bb26bb2492830e8145bcc67fdbefed7785f3bf73f6b91f17c
Successfully built sonic-utilities www-authenticate
Installing collected packages: www-authenticate, toposort, ipaddress, colorful, xmltodict, semantic-version, pyroute2, prettyprinter, lazy-object-proxy, jsonpatch, filelock, docker-image-py, click-log, scp, sonic-utilities
  WARNING: The scripts dhcp-server-detector, pyroute2-decoder, pyroute2-dhcp-client, pyroute2-test-platform and ss2 are installed in '/var/qiuying.xzc/.local/bin' which is not on PATH.
  Consider adding this directory to PATH or, if you prefer to suppress this warning, use --no-warn-script-location.
  WARNING: The scripts acl-loader, config, connect, consutil, counterpoll, crm, debug, dump, filter_fdb_entries, fwutil, pcieutil, pddf_fanutil, pddf_ledutil, pddf_psuutil, pddf_thermalutil, pfc, pfcwd, psuutil, rexec, rshell, sfputil, show, sonic-clear, sonic-cli-gen, sonic-installer, sonic-package-manager, sonic_installer, spm, ssdutil, undebug and watchdogutil are installed in '/var/qiuying.xzc/.local/bin' which is not on PATH.
  Consider adding this directory to PATH or, if you prefer to suppress this warning, use --no-warn-script-location.

Successfully installed click-log-0.4.0 colorful-0.5.8 docker-image-py-0.1.13 filelock-3.29.4 ipaddress-1.0.23 jsonpatch-1.33 lazy-object-proxy-1.12.0 prettyprinter-0.18.0 pyroute2-0.9.6 scp-0.14.5 semantic-version-2.10.0 sonic-utilities-1.2 toposort-1.6 www-authenticate-0.9.2 xmltodict-0.12.0
/usr/local/lib/python3.13/dist-packages/fastentrypoints.py:51: SyntaxWarning: invalid escape sequence '\.'
  sys.argv[0] = re.sub(r'(-script\.pyw?|\.exe)?$', '', sys.argv[0])
/usr/local/lib/python3.13/dist-packages/fastentrypoints.py:90: SyntaxWarning: invalid escape sequence '\.'
  filename = re.sub('\.pyc$', '.py', __file__)
/usr/local/lib/python3.13/dist-packages/setuptools/__init__.py:94: _DeprecatedInstaller: setuptools.installer and fetch_build_eggs are deprecated.
!!

        ********************************************************************************
        Requirements should be satisfied by a PEP 517 installer.
        If you are using pip, you can try `pip install --use-pep517`.
        ********************************************************************************

!!
  dist.fetch_build_eggs(dist.setup_requires)
/usr/local/lib/python3.13/dist-packages/setuptools/_distutils/dist.py:270: UserWarning: Unknown distribution option: 'tests_require'
  warnings.warn(msg)
/usr/local/lib/python3.13/dist-packages/setuptools/_distutils/dist.py:270: UserWarning: Unknown distribution option: 'test_suite'
  warnings.warn(msg)
Found existing installation: sonic-utilities 1.2
Uninstalling sonic-utilities-1.2:
  Successfully uninstalled sonic-utilities-1.2
Building Wheels package target/python-wheels/trixie/sonic_utilities-1.2-py3-none-any.whl
Defaulting to user installation because normal site-packages is not writeable
Processing /sonic/src/sonic-utilities
  Preparing metadata (setup.py): started
  Preparing metadata (setup.py): finished with status 'done'
Requirement already satisfied: bcrypt>=3.2.2 in /usr/lib/python3/dist-packages (from sonic-utilities==1.2) (4.2.0)
Requirement already satisfied: click<8.2,>=8.0 in /usr/lib/python3/dist-packages (from sonic-utilities==1.2) (8.1.8)
Requirement already satisfied: cryptography>=3.3.2 in /usr/lib/python3/dist-packages (from sonic-utilities==1.2) (43.0.0)
Requirement already satisfied: urllib3>=2 in /usr/lib/python3/dist-packages (from sonic-utilities==1.2) (2.3.0)
Requirement already satisfied: click-log>=0.3.2 in /var/qiuying.xzc/.local/lib/python3.13/site-packages (from sonic-utilities==1.2) (0.4.0)
Requirement already satisfied: docker>=4.4.4 in /var/qiuying.xzc/.local/lib/python3.13/site-packages (from sonic-utilities==1.2) (7.1.0)
Requirement already satisfied: docker-image-py>=0.1.10 in /var/qiuying.xzc/.local/lib/python3.13/site-packages (from sonic-utilities==1.2) (0.1.13)
Requirement already satisfied: filelock>=3.0.12 in /var/qiuying.xzc/.local/lib/python3.13/site-packages (from sonic-utilities==1.2) (3.29.4)
Requirement already satisfied: enlighten>=1.8.0 in /usr/lib/python3/dist-packages (from sonic-utilities==1.2) (1.11.2)
Requirement already satisfied: ijson>=3.2.3 in /var/qiuying.xzc/.local/lib/python3.13/site-packages (from sonic-utilities==1.2) (3.5.0)
Requirement already satisfied: ipaddress>=1.0.23 in /var/qiuying.xzc/.local/lib/python3.13/site-packages (from sonic-utilities==1.2) (1.0.23)
Requirement already satisfied: protobuf in /usr/local/lib/python3.13/dist-packages (from sonic-utilities==1.2) (5.29.6)
Requirement already satisfied: jinja2>=2.11.3 in /usr/lib/python3/dist-packages (from sonic-utilities==1.2) (3.1.6)
Requirement already satisfied: jsondiff>=1.2.0 in /var/qiuying.xzc/.local/lib/python3.13/site-packages (from sonic-utilities==1.2) (2.2.1)
Requirement already satisfied: jsonpatch>=1.32.0 in /var/qiuying.xzc/.local/lib/python3.13/site-packages (from sonic-utilities==1.2) (1.33)
Requirement already satisfied: jsonpointer>=1.9 in /var/qiuying.xzc/.local/lib/python3.13/site-packages (from sonic-utilities==1.2) (3.1.1)
Requirement already satisfied: m2crypto>=0.31.0 in /usr/lib/python3/dist-packages (from sonic-utilities==1.2) (0.42.0)
Requirement already satisfied: natsort>=8.0 in /usr/lib/python3/dist-packages (from sonic-utilities==1.2) (8.0.2)
Requirement already satisfied: netaddr>=0.8.0 in /var/qiuying.xzc/.local/lib/python3.13/site-packages (from sonic-utilities==1.2) (0.8.0)
Requirement already satisfied: netifaces>=0.10.7 in /usr/lib/python3/dist-packages (from sonic-utilities==1.2) (0.11.0)
Requirement already satisfied: paramiko>=3.0 in /usr/lib/python3/dist-packages (from sonic-utilities==1.2) (3.5.1)
Requirement already satisfied: pexpect>=4.8.0 in /usr/lib/python3/dist-packages (from sonic-utilities==1.2) (4.9.0)
Requirement already satisfied: semantic-version>=2.8.5 in /var/qiuying.xzc/.local/lib/python3.13/site-packages (from sonic-utilities==1.2) (2.10.0)
Requirement already satisfied: prettyprinter>=0.18.0 in /var/qiuying.xzc/.local/lib/python3.13/site-packages (from sonic-utilities==1.2) (0.18.0)
Requirement already satisfied: pyroute2>=0.7.7 in /var/qiuying.xzc/.local/lib/python3.13/site-packages (from sonic-utilities==1.2) (0.9.6)
Requirement already satisfied: requests>=2.25.0 in /usr/lib/python3/dist-packages (from sonic-utilities==1.2) (2.32.3)
Requirement already satisfied: tabulate==0.9.0 in /var/qiuying.xzc/.local/lib/python3.13/site-packages (from sonic-utilities==1.2) (0.9.0)
Requirement already satisfied: toposort==1.6 in /var/qiuying.xzc/.local/lib/python3.13/site-packages (from sonic-utilities==1.2) (1.6)
Requirement already satisfied: www-authenticate==0.9.2 in /var/qiuying.xzc/.local/lib/python3.13/site-packages (from sonic-utilities==1.2) (0.9.2)
Requirement already satisfied: xmltodict==0.12.0 in /var/qiuying.xzc/.local/lib/python3.13/site-packages (from sonic-utilities==1.2) (0.12.0)
Requirement already satisfied: lazy-object-proxy in /var/qiuying.xzc/.local/lib/python3.13/site-packages (from sonic-utilities==1.2) (1.12.0)
Requirement already satisfied: six>=1.16.0 in /usr/lib/python3/dist-packages (from sonic-utilities==1.2) (1.17.0)
Requirement already satisfied: scp==0.14.5 in /var/qiuying.xzc/.local/lib/python3.13/site-packages (from sonic-utilities==1.2) (0.14.5)
Requirement already satisfied: sonic-config-engine in /usr/local/lib/python3.13/dist-packages (from sonic-utilities==1.2) (1.0)
Requirement already satisfied: sonic-platform-common in /usr/local/lib/python3.13/dist-packages (from sonic-utilities==1.2) (1.0)
Requirement already satisfied: sonic-py-common in /usr/local/lib/python3.13/dist-packages (from sonic-utilities==1.2) (1.0)
Requirement already satisfied: sonic-yang-mgmt in /usr/local/lib/python3.13/dist-packages (from sonic-utilities==1.2) (1.0)
Requirement already satisfied: pyfakefs in /usr/local/lib/python3.13/dist-packages (from sonic-utilities==1.2) (6.2.0)
Collecting responses (from sonic-utilities==1.2)
  Downloading responses-0.26.1-py3-none-any.whl.metadata (48 kB)
Requirement already satisfied: pytest in /usr/lib/python3/dist-packages (from sonic-utilities==1.2) (8.3.5)
Collecting pytest-xdist (from sonic-utilities==1.2)
  Downloading pytest_xdist-3.8.0-py3-none-any.whl.metadata (3.0 kB)
Requirement already satisfied: mockredispy>=2.9.3 in /usr/local/lib/python3.13/dist-packages (from sonic-utilities==1.2) (2.9.3)
Requirement already satisfied: deepdiff>=6.2.2 in /usr/lib/python3/dist-packages (from sonic-utilities==1.2) (8.1.1)
Requirement already satisfied: orderly-set<6,>=5.2.3 in /usr/lib/python3/dist-packages (from deepdiff>=6.2.2->sonic-utilities==1.2) (5.3.2)
Requirement already satisfied: regex>=2019.4.14 in /usr/lib/python3/dist-packages (from docker-image-py>=0.1.10->sonic-utilities==1.2) (2024.11.6)
Requirement already satisfied: MarkupSafe>=2.0 in /usr/lib/python3/dist-packages (from jinja2>=2.11.3->sonic-utilities==1.2) (2.1.5)
Requirement already satisfied: pyyaml in /usr/lib/python3/dist-packages (from jsondiff>=1.2.0->sonic-utilities==1.2) (6.0.2)
Requirement already satisfied: pynacl>=1.5 in /usr/lib/python3/dist-packages (from paramiko>=3.0->sonic-utilities==1.2) (1.5.0)
Requirement already satisfied: ptyprocess>=0.5 in /usr/lib/python3/dist-packages (from pexpect>=4.8.0->sonic-utilities==1.2) (0.7.0)
Requirement already satisfied: Pygments>=2.2.0 in /usr/lib/python3/dist-packages (from prettyprinter>=0.18.0->sonic-utilities==1.2) (2.18.0)
Requirement already satisfied: colorful>=0.4.0 in /var/qiuying.xzc/.local/lib/python3.13/site-packages (from prettyprinter>=0.18.0->sonic-utilities==1.2) (0.5.8)
Requirement already satisfied: cffi>=1.4.1 in /usr/lib/python3/dist-packages (from pynacl>=1.5->paramiko>=3.0->sonic-utilities==1.2) (1.17.1)
Requirement already satisfied: pycparser in /usr/lib/python3/dist-packages (from cffi>=1.4.1->pynacl>=1.5->paramiko>=3.0->sonic-utilities==1.2) (2.22)
Requirement already satisfied: charset_normalizer<4,>=2 in /usr/lib/python3/dist-packages (from requests>=2.25.0->sonic-utilities==1.2) (3.4.2)
Requirement already satisfied: idna<4,>=2.5 in /usr/lib/python3/dist-packages (from requests>=2.25.0->sonic-utilities==1.2) (3.10)
Requirement already satisfied: certifi>=2017.4.17 in /usr/lib/python3/dist-packages (from requests>=2.25.0->sonic-utilities==1.2) (2025.1.31)
Requirement already satisfied: iniconfig in /usr/lib/python3/dist-packages (from pytest->sonic-utilities==1.2) (1.1.1)
Requirement already satisfied: packaging in /usr/lib/python3/dist-packages (from pytest->sonic-utilities==1.2) (25.0)
Requirement already satisfied: pluggy<2,>=1.5 in /usr/lib/python3/dist-packages (from pytest->sonic-utilities==1.2) (1.5.0)
Collecting execnet>=2.1 (from pytest-xdist->sonic-utilities==1.2)
  Downloading execnet-2.1.2-py3-none-any.whl.metadata (2.9 kB)
Requirement already satisfied: bitarray==2.8.1 in /var/qiuying.xzc/.local/lib/python3.13/site-packages (from sonic-config-engine->sonic-utilities==1.2) (2.8.1)
Requirement already satisfied: lxml>=4.9.1 in /usr/lib/python3/dist-packages (from sonic-config-engine->sonic-utilities==1.2) (5.4.0)
Requirement already satisfied: sonic-yang-models>=1.0 in /usr/local/lib/python3.13/dist-packages (from sonic-config-engine->sonic-utilities==1.2) (1.0)
Requirement already satisfied: redis in /usr/local/lib/python3.13/dist-packages (from sonic-platform-common->sonic-utilities==1.2) (8.0.1)
Requirement already satisfied: redis-dump-load in /usr/local/lib/python3.13/dist-packages (from sonic-py-common->sonic-utilities==1.2) (1.1)
Downloading pytest_xdist-3.8.0-py3-none-any.whl (46 kB)
Downloading execnet-2.1.2-py3-none-any.whl (40 kB)
Downloading responses-0.26.1-py3-none-any.whl (35 kB)
Building wheels for collected packages: sonic-utilities
  DEPRECATION: Building 'sonic-utilities' using the legacy setup.py bdist_wheel mechanism, which will be removed in a future version. pip 25.3 will enforce this behaviour change. A possible replacement is to use the standardized build interface by setting the `--use-pep517` option, (possibly combined with `--no-build-isolation`), or adding a `pyproject.toml` file to the source tree of 'sonic-utilities'. Discussion can be found at https://github.com/pypa/pip/issues/6334
  Building wheel for sonic-utilities (setup.py): started
  Building wheel for sonic-utilities (setup.py): finished with status 'done'
  Created wheel for sonic-utilities: filename=sonic_utilities-1.2-py3-none-any.whl size=3223777 sha256=f9cac58e8b66feca7dea2d589377c9f303c0e8b05ffa11c23d59b03f4c040ed3
  Stored in directory: /var/qiuying.xzc/.cache/pip/wheels/7c/2b/98/62db1d06f6a1981f5197ed6c2d8682e4984505c0063847ba0c
Successfully built sonic-utilities
Installing collected packages: execnet, responses, pytest-xdist, sonic-utilities
  WARNING: The scripts acl-loader, config, connect, consutil, counterpoll, crm, debug, dump, filter_fdb_entries, fwutil, pcieutil, pddf_fanutil, pddf_ledutil, pddf_psuutil, pddf_thermalutil, pfc, pfcwd, psuutil, rexec, rshell, sfputil, show, sonic-clear, sonic-cli-gen, sonic-installer, sonic-package-manager, sonic_installer, spm, ssdutil, undebug and watchdogutil are installed in '/var/qiuying.xzc/.local/bin' which is not on PATH.
  Consider adding this directory to PATH or, if you prefer to suppress this warning, use --no-warn-script-location.

Successfully installed execnet-2.1.2 pytest-xdist-3.8.0 responses-0.26.1 sonic-utilities-1.2
/usr/local/lib/python3.13/dist-packages/fastentrypoints.py:51: SyntaxWarning: invalid escape sequence '\.'
  sys.argv[0] = re.sub(r'(-script\.pyw?|\.exe)?$', '', sys.argv[0])
/usr/local/lib/python3.13/dist-packages/fastentrypoints.py:90: SyntaxWarning: invalid escape sequence '\.'
  filename = re.sub('\.pyc$', '.py', __file__)
/usr/local/lib/python3.13/dist-packages/setuptools/__init__.py:94: _DeprecatedInstaller: setuptools.installer and fetch_build_eggs are deprecated.
!!

        ********************************************************************************
        Requirements should be satisfied by a PEP 517 installer.
        If you are using pip, you can try `pip install --use-pep517`.
        ********************************************************************************

!!
  dist.fetch_build_eggs(dist.setup_requires)
/usr/local/lib/python3.13/dist-packages/setuptools/_distutils/dist.py:270: UserWarning: Unknown distribution option: 'tests_require'
  warnings.warn(msg)
/usr/local/lib/python3.13/dist-packages/setuptools/_distutils/dist.py:270: UserWarning: Unknown distribution option: 'test_suite'
  warnings.warn(msg)
Found existing installation: sonic-utilities 1.2
Uninstalling sonic-utilities-1.2:
  Successfully uninstalled sonic-utilities-1.2
ImportError while loading conftest '/sonic/src/sonic-utilities/tests/conftest.py'.
tests/conftest.py:27: in <module>
    import config.main as config
config/main.py:53: in <module>
    from . import chassis_modules
config/chassis_modules.py:144: in <module>
    type=click.Choice(get_all_dpus(), case_sensitive=False) if is_smartswitch() else str
utilities_common/chassis.py:26: in is_smartswitch
    return hasattr(device_info, 'is_smartswitch') and device_info.is_smartswitch()
/usr/local/lib/python3.13/dist-packages/sonic_py_common/device_info.py:680: in is_smartswitch
    platform_data = get_platform_json_data()
/usr/local/lib/python3.13/dist-packages/sonic_py_common/device_info.py:187: in get_platform_json_data
    platform_path = get_path_to_platform_dir()
/usr/local/lib/python3.13/dist-packages/sonic_py_common/device_info.py:292: in get_path_to_platform_dir
    raise OSError("Failed to locate platform directory")
E   OSError: Failed to locate platform directory
[  FAIL LOG END  ] [ target/python-wheels/trixie/sonic_utilities-1.2-py3-none-any.whl ]
make: *** [slave.mk:1164: target/python-wheels/trixie/sonic_utilities-1.2-py3-none-any.whl] Error 1
make: *** Waiting for unfinished jobs....
[ finished ] [ target/python-wheels/trixie/sonic_ycabled-1.0-py3-none-any.whl ] 
[ FAIL LOG START ] [ target/python-wheels/trixie/sonic_ycabled-1.0-py3-none-any.whl ]
Build start time: Wed Sep 2 23:48:06 UTC 2026
[ REASON ] :      target/python-wheels/trixie/sonic_ycabled-1.0-py3-none-any.whl does not exist   NON-EXISTENT PREREQUISITES: target/python-wheels/trixie/sonic_py_common-1.0-py3-none-any.whl-install target/python-wheels/trixie/sonic_platform_common-1.0-py3-none-any.whl-install target/debs/trixie/libswsscommon_1.0.0_amd64.deb-install target/debs/trixie/python3-swsscommon_1.0.0_amd64.deb-install 
[ FLAGS  FILE    ] : [] 
[ FLAGS  DEPENDS ] : [] 
[ FLAGS  DIFF    ] : [] 
/sonic/src/sonic-platform-daemons/sonic-ycabled /sonic
Defaulting to user installation because normal site-packages is not writeable
Processing /sonic/src/sonic-platform-daemons/sonic-ycabled
  Preparing metadata (setup.py): started
  Preparing metadata (setup.py): finished with status 'done'
Requirement already satisfied: sonic-py-common in /usr/local/lib/python3.13/dist-packages (from sonic-ycabled==1.0) (1.0)
Requirement already satisfied: grpcio in /usr/local/lib/python3.13/dist-packages (from sonic-ycabled==1.0) (1.71.0)
Requirement already satisfied: protobuf>=5.26.0 in /usr/local/lib/python3.13/dist-packages (from sonic-ycabled==1.0) (5.29.6)
Requirement already satisfied: natsort in /usr/lib/python3/dist-packages (from sonic-py-common->sonic-ycabled==1.0) (8.0.2)
Requirement already satisfied: pyyaml in /usr/lib/python3/dist-packages (from sonic-py-common->sonic-ycabled==1.0) (6.0.2)
Requirement already satisfied: redis-dump-load in /usr/local/lib/python3.13/dist-packages (from sonic-py-common->sonic-ycabled==1.0) (1.1)
Requirement already satisfied: redis in /usr/local/lib/python3.13/dist-packages (from redis-dump-load->sonic-py-common->sonic-ycabled==1.0) (8.0.1)
Building wheels for collected packages: sonic-ycabled
  DEPRECATION: Building 'sonic-ycabled' using the legacy setup.py bdist_wheel mechanism, which will be removed in a future version. pip 25.3 will enforce this behaviour change. A possible replacement is to use the standardized build interface by setting the `--use-pep517` option, (possibly combined with `--no-build-isolation`), or adding a `pyproject.toml` file to the source tree of 'sonic-ycabled'. Discussion can be found at https://github.com/pypa/pip/issues/6334
  Building wheel for sonic-ycabled (setup.py): started
  Building wheel for sonic-ycabled (setup.py): finished with status 'done'
  Created wheel for sonic-ycabled: filename=sonic_ycabled-1.0-py3-none-any.whl size=62942 sha256=8f32f799d03c793e29b7eb92af71ab8516d2c80ebf6b9cc552446a640787bc35
  Stored in directory: /var/qiuying.xzc/.cache/pip/wheels/4a/72/a4/7983728a9377cb43e3869270b0e8eef8093010a8c006d7bd7d
Successfully built sonic-ycabled
Installing collected packages: sonic-ycabled
  WARNING: The script ycabled is installed in '/var/qiuying.xzc/.local/bin' which is not on PATH.
  Consider adding this directory to PATH or, if you prefer to suppress this warning, use --no-warn-script-location.
Successfully installed sonic-ycabled-1.0
/usr/local/lib/python3.13/dist-packages/setuptools/__init__.py:94: _DeprecatedInstaller: setuptools.installer and fetch_build_eggs are deprecated.
!!

        ********************************************************************************
        Requirements should be satisfied by a PEP 517 installer.
        If you are using pip, you can try `pip install --use-pep517`.
        ********************************************************************************

!!
  dist.fetch_build_eggs(dist.setup_requires)
/usr/local/lib/python3.13/dist-packages/setuptools/_distutils/dist.py:270: UserWarning: Unknown distribution option: 'tests_require'
  warnings.warn(msg)
Found existing installation: sonic-ycabled 1.0
Uninstalling sonic-ycabled-1.0:
  Successfully uninstalled sonic-ycabled-1.0
Building Wheels package target/python-wheels/trixie/sonic_ycabled-1.0-py3-none-any.whl
Defaulting to user installation because normal site-packages is not writeable
Processing /sonic/src/sonic-platform-daemons/sonic-ycabled
  Preparing metadata (setup.py): started
  Preparing metadata (setup.py): finished with status 'done'
Requirement already satisfied: sonic-py-common in /usr/local/lib/python3.13/dist-packages (from sonic-ycabled==1.0) (1.0)
Requirement already satisfied: grpcio in /usr/local/lib/python3.13/dist-packages (from sonic-ycabled==1.0) (1.71.0)
Requirement already satisfied: protobuf>=5.26.0 in /usr/local/lib/python3.13/dist-packages (from sonic-ycabled==1.0) (5.29.6)
WARNING: sonic-ycabled 1.0 does not provide the extra 'testing'
Requirement already satisfied: natsort in /usr/lib/python3/dist-packages (from sonic-py-common->sonic-ycabled==1.0) (8.0.2)
Requirement already satisfied: pyyaml in /usr/lib/python3/dist-packages (from sonic-py-common->sonic-ycabled==1.0) (6.0.2)
Requirement already satisfied: redis-dump-load in /usr/local/lib/python3.13/dist-packages (from sonic-py-common->sonic-ycabled==1.0) (1.1)
Requirement already satisfied: redis in /usr/local/lib/python3.13/dist-packages (from redis-dump-load->sonic-py-common->sonic-ycabled==1.0) (8.0.1)
Building wheels for collected packages: sonic-ycabled
  DEPRECATION: Building 'sonic-ycabled' using the legacy setup.py bdist_wheel mechanism, which will be removed in a future version. pip 25.3 will enforce this behaviour change. A possible replacement is to use the standardized build interface by setting the `--use-pep517` option, (possibly combined with `--no-build-isolation`), or adding a `pyproject.toml` file to the source tree of 'sonic-ycabled'. Discussion can be found at https://github.com/pypa/pip/issues/6334
  Building wheel for sonic-ycabled (setup.py): started
  Building wheel for sonic-ycabled (setup.py): finished with status 'done'
  Created wheel for sonic-ycabled: filename=sonic_ycabled-1.0-py3-none-any.whl size=62942 sha256=8f32f799d03c793e29b7eb92af71ab8516d2c80ebf6b9cc552446a640787bc35
  Stored in directory: /var/qiuying.xzc/.cache/pip/wheels/4a/72/a4/7983728a9377cb43e3869270b0e8eef8093010a8c006d7bd7d
Successfully built sonic-ycabled
Installing collected packages: sonic-ycabled
  WARNING: The script ycabled is installed in '/var/qiuying.xzc/.local/bin' which is not on PATH.
  Consider adding this directory to PATH or, if you prefer to suppress this warning, use --no-warn-script-location.
Successfully installed sonic-ycabled-1.0
/usr/local/lib/python3.13/dist-packages/setuptools/__init__.py:94: _DeprecatedInstaller: setuptools.installer and fetch_build_eggs are deprecated.
!!

        ********************************************************************************
        Requirements should be satisfied by a PEP 517 installer.
        If you are using pip, you can try `pip install --use-pep517`.
        ********************************************************************************

!!
  dist.fetch_build_eggs(dist.setup_requires)
/usr/local/lib/python3.13/dist-packages/setuptools/_distutils/dist.py:270: UserWarning: Unknown distribution option: 'tests_require'
  warnings.warn(msg)
Found existing installation: sonic-ycabled 1.0
Uninstalling sonic-ycabled-1.0:
  Successfully uninstalled sonic-ycabled-1.0
============================= test session starts ==============================
platform linux -- Python 3.13.5, pytest-8.3.5, pluggy-1.5.0 -- /usr/bin/python3
cachedir: .pytest_cache
rootdir: /sonic/src/sonic-platform-daemons/sonic-ycabled
configfile: pytest.ini
plugins: pyfakefs-6.2.0, cov-5.0.0, typeguard-4.4.2
collecting ... collected 273 items

tests/test_y_cable_helper.py::TestYCableScript::test_xcvrd_helper_class_run PASSED [  0%]
tests/test_y_cable_helper.py::TestYCableScript::test_y_cable_helper_format_mapping_identifier1 PASSED [  0%]
tests/test_y_cable_helper.py::TestYCableScript::test_y_cable_helper_format_mapping_identifier_no_instance PASSED [  1%]
tests/test_y_cable_helper.py::TestYCableScript::test_gather_arg_from_db_and_check_for_type PASSED [  1%]
tests/test_y_cable_helper.py::TestYCableScript::test_gather_arg_from_db_and_check_for_none_type PASSED [  1%]
tests/test_y_cable_helper.py::TestYCableScript::test_y_cable_wrapper_get_transceiver_info PASSED [  2%]
tests/test_y_cable_helper.py::TestYCableScript::test_y_cable_wrapper_get_transceiver_info_with_platform_chassis PASSED [  2%]
tests/test_y_cable_helper.py::TestYCableScript::test_y_cable_wrapper_get_transceiver_info_with_platform_chassis_not_implemented PASSED [  2%]
tests/test_y_cable_helper.py::TestYCableScript::test_y_cable_wrapper_get_presence PASSED [  3%]
tests/test_y_cable_helper.py::TestYCableScript::test_y_cable_wrapper_get_presence_with_platform_chassis PASSED [  3%]
tests/test_y_cable_helper.py::TestYCableScript::test_y_cable_wrapper_get_presence_with_platform_chassis_raise_exception PASSED [  4%]
tests/test_y_cable_helper.py::TestYCableScript::test_post_port_mux_info_to_db PASSED [  4%]
tests/test_y_cable_helper.py::TestYCableScript::test_post_port_mux_static_info_to_db PASSED [  4%]
tests/test_y_cable_helper.py::TestYCableScript::test_y_cable_toggle_mux_torA_update_status_true PASSED [  5%]
tests/test_y_cable_helper.py::TestYCableScript::test_y_cable_toggle_mux_torA_no_port_instance PASSED [  5%]
tests/test_y_cable_helper.py::TestYCableScript::test_y_cable_toggle_mux_torA_update_status_exception PASSED [  5%]
tests/test_y_cable_helper.py::TestYCableScript::test_y_cable_toggle_mux_torB_no_port_instance PASSED [  6%]
tests/test_y_cable_helper.py::TestYCableScript::test_y_cable_toggle_mux_torB_update_status_exception PASSED [  6%]
tests/test_y_cable_helper.py::TestYCableScript::test_y_cable_toggle_mux_torB_update_status_true PASSED [  6%]
tests/test_y_cable_helper.py::TestYCableScript::test_update_tor_active_side_1_active PASSED [  7%]
tests/test_y_cable_helper.py::TestYCableScript::test_update_tor_active_side_2_active PASSED [  7%]
tests/test_y_cable_helper.py::TestYCableScript::test_update_tor_active_side_1_standby PASSED [  8%]
tests/test_y_cable_helper.py::TestYCableScript::test_update_tor_active_side_2_standby PASSED [  8%]
tests/test_y_cable_helper.py::TestYCableScript::test_update_tor_active_side_no_cable_presence PASSED [  8%]
tests/test_y_cable_helper.py::TestYCableScript::test_update_tor_active_side_multiple_mappings PASSED [  9%]
tests/test_y_cable_helper.py::TestYCableScript::test_update_tor_active_side_with_read_update PASSED [  9%]
tests/test_y_cable_helper.py::TestYCableScript::test_update_tor_active_side_with_read_update_with_exception PASSED [  9%]
tests/test_y_cable_helper.py::TestYCableScript::test_get_mux_cable_info_without_presence PASSED [ 10%]
tests/test_y_cable_helper.py::TestYCableScript::test_get_ycable_physical_port_from_logical_port PASSED [ 10%]
tests/test_y_cable_helper.py::TestYCableScript::test_get_ycable_physical_port_from_logical_port_physical_port_not_present PASSED [ 10%]
tests/test_y_cable_helper.py::TestYCableScript::test_get_ycable_physical_port_from_logical_port_physical_port_list_empty PASSED [ 11%]
tests/test_y_cable_helper.py::TestYCableScript::test_get_ycable_port_instance_from_logical_port PASSED [ 11%]
tests/test_y_cable_helper.py::TestYCableScript::test_get_ycable_port_instance_from_logical_port_no_presence PASSED [ 12%]
tests/test_y_cable_helper.py::TestYCableScript::test_get_ycable_port_instance_from_logical_port_no_port_instance PASSED [ 12%]
tests/test_y_cable_helper.py::TestYCableScript::test_get_ycable_port_instance_from_logical_port_multiple_mapping PASSED [ 12%]
tests/test_y_cable_helper.py::TestYCableScript::test_update_table_mux_status_for_response_tbl PASSED [ 13%]
tests/test_y_cable_helper.py::TestYCableScript::test_set_result_and_delete_port PASSED [ 13%]
tests/test_y_cable_helper.py::TestYCableScript::test_delete_port_from_y_cable_table PASSED [ 13%]
tests/test_y_cable_helper.py::TestYCableScript::test_update_appdb_port_mux_cable_response_table_port_instance_none PASSED [ 14%]
tests/test_y_cable_helper.py::TestYCableScript::test_update_appdb_port_mux_cable_response_table_read_side_none PASSED [ 14%]
tests/test_y_cable_helper.py::TestYCableScript::test_update_appdb_port_mux_cable_response_table_active_side_none PASSED [ 15%]
tests/test_y_cable_helper.py::TestYCableScript::test_update_appdb_port_mux_cable_response_table_active_side_is_read_side PASSED [ 15%]
tests/test_y_cable_helper.py::TestYCableScript::test_update_appdb_port_mux_cable_response_table_active_side_not_read_side PASSED [ 15%]
tests/test_y_cable_helper.py::TestYCableScript::test_update_appdb_port_mux_cable_response_table_active_side_status_unknown PASSED [ 16%]
tests/test_y_cable_helper.py::TestYCableScript::test_update_appdb_port_mux_cable_response_table_no_presence_status_unknown PASSED [ 16%]
tests/test_y_cable_helper.py::TestYCableScript::test_update_appdb_port_mux_cable_response_table_invalid_ycable_mapping PASSED [ 16%]
tests/test_y_cable_helper.py::TestYCableScript::test_read_y_cable_and_update_statedb_port_tbl_invalid_ycable_mapping PASSED [ 17%]
tests/test_y_cable_helper.py::TestYCableScript::test_read_y_cable_and_update_statedb_port_tbl_port_instance_none PASSED [ 17%]
tests/test_y_cable_helper.py::TestYCableScript::test_read_y_cable_and_update_statedb_port_tbl_get_presence_false PASSED [ 17%]
tests/test_y_cable_helper.py::TestYCableScript::test_read_y_cable_and_update_statedb_port_tbl_port_instance_get_read_side_exception PASSED [ 18%]
tests/test_y_cable_helper.py::TestYCableScript::test_read_y_cable_and_update_statedb_port_tbl_port_instance_get_mux_dir_exception PASSED [ 18%]
tests/test_y_cable_helper.py::TestYCableScript::test_read_y_cable_and_update_statedb_port_tbl_port_instance_status_active PASSED [ 19%]
tests/test_y_cable_helper.py::TestYCableScript::test_read_y_cable_and_update_statedb_port_tbl_port_instance_status_standby PASSED [ 19%]
tests/test_y_cable_helper.py::TestYCableScript::test_read_y_cable_and_update_statedb_port_tbl_port_instance_status_unknown PASSED [ 19%]
tests/test_y_cable_helper.py::TestYCableScript::test_create_tables_and_insert_mux_unknown_entries PASSED [ 20%]
tests/test_y_cable_helper.py::TestYCableScript::test_check_identifier_presence_and_update_mux_table_entry_status_false PASSED [ 20%]
tests/test_y_cable_helper.py::TestYCableScript::test_check_identifier_presence_and_update_mux_table_entry_state_absent PASSED [ 20%]
tests/test_y_cable_helper.py::TestYCableScript::test_check_identifier_presence_and_update_mux_table_entry_bad_state_value PASSED [ 21%]
tests/test_y_cable_helper.py::TestYCableScript::test_check_identifier_presence_and_update_mux_table_entry_no_presence PASSED [ 21%]
tests/test_y_cable_helper.py::TestYCableScript::test_check_identifier_presence_and_update_mux_table_entry_no_port_info PASSED [ 21%]
tests/test_y_cable_helper.py::TestYCableScript::test_check_identifier_presence_and_update_mux_table_entry_multiple_port_instances PASSED [ 22%]
tests/test_y_cable_helper.py::TestYCableScript::test_check_identifier_presence_and_update_mux_table_entry_no_vendor_port_info PASSED [ 22%]
tests/test_y_cable_helper.py::TestYCableScript::test_check_identifier_presence_and_update_mux_table_entry_no_model_port_info PASSED [ 23%]
tests/test_y_cable_helper.py::TestYCableScript::test_check_identifier_presence_and_update_mux_table_entry_invalid_vendor_port_info PASSED [ 23%]
tests/test_y_cable_helper.py::TestYCableScript::test_check_identifier_presence_and_update_mux_table_entry_invalid_model_port_info PASSED [ 23%]
tests/test_y_cable_helper.py::TestYCableScript::test_check_identifier_presence_and_update_mux_table_entry_module_dir_none PASSED [ 24%]
tests/test_y_cable_helper.py::TestYCableScript::test_check_identifier_presence_and_update_mux_table_entry_module_none PASSED [ 24%]
tests/test_y_cable_helper.py::TestYCableScript::test_check_identifier_presence_and_update_mux_table_entry_module_microsoft PASSED [ 24%]
tests/test_y_cable_helper.py::TestYCableScript::test_check_identifier_presence_and_update_mux_table_entry_module_microsoft_y_cable_presence_false PASSED [ 25%]
tests/test_y_cable_helper.py::TestYCableScript::test_check_identifier_presence_and_delete_mux_table_entry PASSED [ 25%]
tests/test_y_cable_helper.py::TestYCableScript::test_init_ports_status_for_y_cable PASSED [ 26%]
tests/test_y_cable_helper.py::TestYCableScript::test_change_ports_status_for_y_cable_change_event PASSED [ 26%]
tests/test_y_cable_helper.py::TestYCableScript::test_change_ports_status_for_y_cable_change_event_sfp_removed PASSED [ 26%]
tests/test_y_cable_helper.py::TestYCableScript::test_change_ports_status_for_y_cable_change_event_sfp_removed_with_false PASSED [ 27%]
tests/test_y_cable_helper.py::TestYCableScript::test_change_ports_status_for_y_cable_change_event_sfp_removed_with_removal PASSED [ 27%]
tests/test_y_cable_helper.py::TestYCableScript::test_change_ports_status_for_y_cable_change_event_sfp_unknown PASSED [ 27%]
tests/test_y_cable_helper.py::TestYCableScript::test_delete_ports_status_for_y_cable PASSED [ 28%]
tests/test_y_cable_helper.py::TestYCableScript::test_check_identifier_presence_and_update_mux_info_entry PASSED [ 28%]
tests/test_y_cable_helper.py::TestYCableScript::test_check_identifier_presence_and_update_mux_info_entry_with_false PASSED [ 28%]
tests/test_y_cable_helper.py::TestYCableScript::test_get_firmware_dict PASSED [ 29%]
tests/test_y_cable_helper.py::TestYCableScript::test_get_firmware_dict_asic_error PASSED [ 29%]
tests/test_y_cable_helper.py::TestYCableScript::test_get_firmware_dict_download_status_failed_exception PASSED [ 30%]
tests/test_y_cable_helper.py::TestYCableScript::test_get_firmware_dict_download_status_failed PASSED [ 30%]
tests/test_y_cable_helper.py::TestYCableScript::test_get_muxcable_info PASSED [ 30%]
tests/test_y_cable_helper.py::TestYCableScript::test_get_muxcable_info_with_false PASSED [ 31%]
tests/test_y_cable_helper.py::TestYCableScript::test_get_muxcable_info_peer_side PASSED [ 31%]
tests/test_y_cable_helper.py::TestYCableScript::test_get_muxcable_info_exceptions PASSED [ 31%]
tests/test_y_cable_helper.py::TestYCableScript::test_get_muxcable_info_true_exceptions_peer_side PASSED [ 32%]
tests/test_y_cable_helper.py::TestYCableScript::test_get_muxcable_info_true_exceptions PASSED [ 32%]
tests/test_y_cable_helper.py::TestYCableScript::test_get_muxcable_info_exceptions_peer_side PASSED [ 32%]
tests/test_y_cable_helper.py::TestYCableScript::test_get_muxcable_static_info PASSED [ 33%]
tests/test_y_cable_helper.py::TestYCableScript::test_get_muxcable_static_info_read_side_peer PASSED [ 33%]
tests/test_y_cable_helper.py::TestYCableScript::test_get_muxcable_static_info_read_side_peer_exceptions PASSED [ 34%]
tests/test_y_cable_helper.py::TestYCableScript::test_task_download_firmware_worker PASSED [ 34%]
tests/test_y_cable_helper.py::TestYCableScript::test_set_show_firmware_fields PASSED [ 34%]
tests/test_y_cable_helper.py::TestYCableScript::test_DaemonYcable_init_deinit FAILED [ 35%]
tests/test_y_cable_helper.py::TestYCableScript::test_handle_config_prbs_cmd_arg_tbl_notification_no_port FAILED [ 35%]
tests/test_y_cable_helper.py::TestYCableScript::test_handle_config_prbs_cmd_arg_tbl_notification_no_instance FAILED [ 35%]
tests/test_y_cable_helper.py::TestYCableScript::test_handle_config_prbs_cmd_arg_tbl_notification_with_instance_enable PASSED [ 36%]
tests/test_y_cable_helper.py::TestYCableScript::test_handle_config_prbs_cmd_arg_tbl_notification_with_instance_disable PASSED [ 36%]
tests/test_y_cable_helper.py::TestYCableScript::test_handle_config_prbs_cmd_arg_tbl_notification_with_instance_reset PASSED [ 36%]
tests/test_y_cable_helper.py::TestYCableScript::test_handle_config_prbs_cmd_arg_tbl_notification_with_instance_anlt_enable PASSED [ 37%]
tests/test_y_cable_helper.py::TestYCableScript::test_handle_config_prbs_cmd_arg_tbl_notification_with_instance_anlt_disable PASSED [ 37%]
tests/test_y_cable_helper.py::TestYCableScript::test_handle_config_prbs_cmd_arg_tbl_notification_with_instance_fec_enable PASSED [ 38%]
tests/test_y_cable_helper.py::TestYCableScript::test_handle_config_prbs_cmd_arg_tbl_notification_with_instance_fec_disable PASSED [ 38%]
tests/test_y_cable_helper.py::TestYCableScript::test_handle_config_prbs_cmd_arg_tbl_notification_else_value PASSED [ 38%]
tests/test_y_cable_helper.py::TestYCableScript::test_handle_config_loop_cmd_arg_tbl_notification_else_value PASSED [ 39%]
tests/test_y_cable_helper.py::TestYCableScript::test_handle_config_loop_cmd_arg_tbl_notification_no_port FAILED [ 39%]
tests/test_y_cable_helper.py::TestYCableScript::test_handle_config_loop_cmd_arg_tbl_notification_no_instance FAILED [ 39%]
tests/test_y_cable_helper.py::TestYCableScript::test_handle_config_loop_cmd_arg_tbl_notification_enable PASSED [ 40%]
tests/test_y_cable_helper.py::TestYCableScript::test_handle_config_loop_cmd_arg_tbl_notification_disable PASSED [ 40%]
tests/test_y_cable_helper.py::TestYCableScript::test_handle_show_event_cmd_arg_tbl_notification_else_value PASSED [ 41%]
tests/test_y_cable_helper.py::TestYCableScript::test_handle_show_event_cmd_arg_tbl_notification_get_log PASSED [ 41%]
tests/test_y_cable_helper.py::TestYCableScript::test_handle_show_event_cmd_arg_tbl_notification_get_actual_log PASSED [ 41%]
tests/test_y_cable_helper.py::TestYCableScript::test_handle_show_event_cmd_arg_tbl_notification_get_no_log PASSED [ 42%]
tests/test_y_cable_helper.py::TestYCableScript::test_handle_show_event_cmd_arg_tbl_notification_no_port FAILED [ 42%]
tests/test_y_cable_helper.py::TestYCableScript::test_handle_show_event_cmd_arg_tbl_notification_no_instance FAILED [ 42%]
tests/test_y_cable_helper.py::TestYCableScript::test_handle_get_fec_cmd_arg_tbl_notification_no_status PASSED [ 43%]
tests/test_y_cable_helper.py::TestYCableScript::test_handle_get_fec_cmd_arg_tbl_notification_no_port FAILED [ 43%]
tests/test_y_cable_helper.py::TestYCableScript::test_handle_get_fec_cmd_arg_tbl_notification_no_instance FAILED [ 43%]
tests/test_y_cable_helper.py::TestYCableScript::test_handle_get_fec_cmd_arg_tbl_notification_get_result PASSED [ 44%]
tests/test_y_cable_helper.py::TestYCableScript::test_handle_get_fec_cmd_arg_tbl_notification_get_ber PASSED [ 44%]
tests/test_y_cable_helper.py::TestYCableScript::test_handle_get_fec_cmd_arg_tbl_notification_get_ber_no_target PASSED [ 45%]
tests/test_y_cable_helper.py::TestYCableScript::test_handle_get_fec_cmd_arg_tbl_notification_get_ber_with_exception PASSED [ 45%]
tests/test_y_cable_helper.py::TestYCableScript::test_handle_get_fec_cmd_arg_tbl_notification_get_ber_with_no_target PASSED [ 45%]
tests/test_y_cable_helper.py::TestYCableScript::test_handle_get_fec_cmd_arg_tbl_notification_get_eye_with_with_correct_values PASSED [ 46%]
tests/test_y_cable_helper.py::TestYCableScript::test_handle_get_fec_cmd_arg_tbl_notification_get_eye_with_with_exception PASSED [ 46%]
tests/test_y_cable_helper.py::TestYCableScript::test_handle_get_fec_cmd_arg_tbl_notification_get_eye_with_with_no_target PASSED [ 46%]
tests/test_y_cable_helper.py::TestYCableScript::test_handle_get_fec_cmd_arg_tbl_notification_get_fec_stats_with_with_correct_values PASSED [ 47%]
tests/test_y_cable_helper.py::TestYCableScript::test_handle_get_fec_cmd_arg_tbl_notification_get_fec_stats_with_with_exception PASSED [ 47%]
tests/test_y_cable_helper.py::TestYCableScript::test_handle_get_fec_cmd_arg_tbl_notification_get_fec_stats_with_with_no_target PASSED [ 47%]
tests/test_y_cable_helper.py::TestYCableScript::test_handle_get_fec_cmd_arg_tbl_notification_get_pcs_stats_with_with_correct_values PASSED [ 48%]
tests/test_y_cable_helper.py::TestYCableScript::test_handle_get_fec_cmd_arg_tbl_notification_get_pcs_stats_with_with_exception PASSED [ 48%]
tests/test_y_cable_helper.py::TestYCableScript::test_handle_get_fec_cmd_arg_tbl_notification_get_pcs_stats_with_with_no_target PASSED [ 49%]
tests/test_y_cable_helper.py::TestYCableScript::test_handle_get_fec_cmd_arg_tbl_notification_get_alive_status_with_with_exception PASSED [ 49%]
tests/test_y_cable_helper.py::TestYCableScript::test_handle_get_fec_cmd_arg_tbl_notification_get_health_check_with_with_exception PASSED [ 49%]
tests/test_y_cable_helper.py::TestYCableScript::test_handle_get_fec_cmd_arg_tbl_notification_get_reset_cause_with_with_exception PASSED [ 50%]
tests/test_y_cable_helper.py::TestYCableScript::test_handle_get_fec_cmd_arg_tbl_notification_get_operation_time_with_with_exception PASSED [ 50%]
tests/test_y_cable_helper.py::TestYCableScript::test_handle_get_fec_cmd_arg_tbl_notification_get_debug_dump_with_with_exception PASSED [ 50%]
tests/test_y_cable_helper.py::TestYCableScript::test_handle_get_fec_cmd_arg_tbl_notification_get_debug_dump_with_correct_values PASSED [ 51%]
tests/test_y_cable_helper.py::TestYCableScript::test_handle_get_fec_cmd_arg_tbl_notification_get_queue_info_with_correct_values PASSED [ 51%]
tests/test_y_cable_helper.py::TestYCableScript::test_handle_get_fec_cmd_arg_tbl_notification_get_queue_info_with_exception PASSED [ 52%]
tests/test_y_cable_helper.py::TestYCableScript::test_handle_get_fec_cmd_arg_tbl_notification_get_ber_with_with_correct_values PASSED [ 52%]
tests/test_y_cable_helper.py::TestYCableScript::test_handle_get_fec_cmd_arg_tbl_notification_get_eye PASSED [ 52%]
tests/test_y_cable_helper.py::TestYCableScript::test_handle_get_fec_cmd_arg_tbl_notification_get_eye_with_exception PASSED [ 53%]
tests/test_y_cable_helper.py::TestYCableScript::test_handle_get_fec_cmd_arg_tbl_notification_get_fec_stats PASSED [ 53%]
tests/test_y_cable_helper.py::TestYCableScript::test_handle_get_fec_cmd_arg_tbl_notification_get_pcs_stats PASSED [ 53%]
tests/test_y_cable_helper.py::TestYCableScript::test_handle_get_fec_cmd_arg_tbl_notification_get_alive_status PASSED [ 54%]
tests/test_y_cable_helper.py::TestYCableScript::test_handle_get_fec_cmd_arg_tbl_notification_get_cable_health PASSED [ 54%]
tests/test_y_cable_helper.py::TestYCableScript::test_handle_get_fec_cmd_arg_tbl_notification_get_reset_cause_correct_values PASSED [ 54%]
tests/test_y_cable_helper.py::TestYCableScript::test_handle_get_fec_cmd_arg_tbl_notification_get_operation_time PASSED [ 55%]
tests/test_y_cable_helper.py::TestYCableScript::test_handle_get_fec_cmd_arg_tbl_notification_get_queue_info PASSED [ 55%]
tests/test_y_cable_helper.py::TestYCableScript::test_handle_get_fec_cmd_arg_tbl_notification_get_debug_dump_registers PASSED [ 56%]
tests/test_y_cable_helper.py::TestYCableScript::test_handle_config_firmware_roll_cmd_arg_tbl_notification_no_port FAILED [ 56%]
tests/test_y_cable_helper.py::TestYCableScript::test_handle_config_firmware_roll_cmd_arg_tbl_notification_no_instance FAILED [ 56%]
tests/test_y_cable_helper.py::TestYCableScript::test_handle_config_firmware_roll_cmd_arg_tbl_notification_with_instance FAILED [ 57%]
tests/test_y_cable_helper.py::TestYCableScript::test_handle_config_firmware_roll_cmd_arg_tbl_notification_no_port_and_instance FAILED [ 57%]
tests/test_y_cable_helper.py::TestYCableScript::test_handle_config_firmware_down_cmd_arg_tbl_notification_no_port FAILED [ 57%]
tests/test_y_cable_helper.py::TestYCableScript::test_handle_config_firmware_down_cmd_arg_tbl_notification_else_condition PASSED [ 58%]
tests/test_y_cable_helper.py::TestYCableScript::test_handle_config_firmware_down_cmd_arg_tbl_notification_with_instance PASSED [ 58%]
tests/test_y_cable_helper.py::TestYCableScript::test_handle_config_firmware_down_cmd_arg_tbl_notification_no_instance FAILED [ 58%]
tests/test_y_cable_helper.py::TestYCableScript::test_handle_config_firmware_acti_cmd_arg_tbl_notification_no_port FAILED [ 59%]
tests/test_y_cable_helper.py::TestYCableScript::test_handle_config_firmware_acti_cmd_arg_tbl_notification_else_condition PASSED [ 59%]
tests/test_y_cable_helper.py::TestYCableScript::test_handle_config_firmware_acti_cmd_arg_tbl_notification_with_instance PASSED [ 60%]
tests/test_y_cable_helper.py::TestYCableScript::test_handle_config_firmware_acti_cmd_arg_tbl_notification_no_instance FAILED [ 60%]
tests/test_y_cable_helper.py::TestYCableScript::test_handle_show_firmware_show_cmd_arg_tbl_notification_no_port FAILED [ 60%]
tests/test_y_cable_helper.py::TestYCableScript::test_handle_show_firmware_show_cmd_arg_tbl_notification_else_condition PASSED [ 61%]
tests/test_y_cable_helper.py::TestYCableScript::test_handle_show_firmware_show_cmd_arg_tbl_notification_with_instance PASSED [ 61%]
tests/test_y_cable_helper.py::TestYCableScript::test_handle_show_firmware_show_cmd_arg_tbl_notification_no_instance FAILED [ 61%]
tests/test_y_cable_helper.py::TestYCableScript::test_handle_config_mux_switchmode_cmd_arg_tbl_notification_no_port FAILED [ 62%]
tests/test_y_cable_helper.py::TestYCableScript::test_handle_config_mux_switchmode_cmd_arg_tbl_notification_else_condition PASSED [ 62%]
tests/test_y_cable_helper.py::TestYCableScript::test_handle_config_mux_switchmode_cmd_arg_tbl_notification_with_instance_manual PASSED [ 63%]
tests/test_y_cable_helper.py::TestYCableScript::test_handle_config_mux_switchmode_cmd_arg_tbl_notification_with_instance_manual_with_exception PASSED [ 63%]
tests/test_y_cable_helper.py::TestYCableScript::test_handle_config_mux_switchmode_cmd_arg_tbl_notification_no_instance FAILED [ 63%]
tests/test_y_cable_helper.py::TestYCableScript::test_handle_config_mux_switchmode_cmd_arg_tbl_notification_with_instance_auto PASSED [ 64%]
tests/test_y_cable_helper.py::TestYCableScript::test_handle_show_mux_switchmode_cmd_arg_tbl_notification_no_port FAILED [ 64%]
tests/test_y_cable_helper.py::TestYCableScript::test_handle_show_mux_switchmode_cmd_arg_tbl_notification_else_condition PASSED [ 64%]
tests/test_y_cable_helper.py::TestYCableScript::test_handle_show_mux_switchmode_cmd_arg_tbl_notification_with_instance_manual PASSED [ 65%]
tests/test_y_cable_helper.py::TestYCableScript::test_handle_show_mux_switchmode_cmd_arg_tbl_notification_no_instance FAILED [ 65%]
tests/test_y_cable_helper.py::TestYCableScript::test_handle_show_mux_switchmode_cmd_arg_tbl_notification_with_instance_auto PASSED [ 65%]
tests/test_y_cable_helper.py::TestYCableScript::test_handle_config_mux_state_cmd_arg_tbl_notification_no_port FAILED [ 66%]
tests/test_y_cable_helper.py::TestYCableScript::test_handle_config_mux_state_cmd_arg_tbl_notification_with_instance_manual PASSED [ 66%]
tests/test_y_cable_helper.py::TestYCableScript::test_handle_config_mux_state_cmd_arg_tbl_notification_with_instance_cmd_arg PASSED [ 67%]
tests/test_y_cable_helper.py::TestYCableScript::test_handle_config_mux_state_cmd_arg_tbl_notification_no_instance FAILED [ 67%]
tests/test_y_cable_helper.py::TestYCableScript::test_handle_config_mux_state_cmd_arg_tbl_notification_with_instance_auto PASSED [ 67%]
tests/test_y_cable_helper.py::TestYCableScript::test_handle_show_mux_state_cmd_arg_tbl_notification_no_port FAILED [ 68%]
tests/test_y_cable_helper.py::TestYCableScript::test_handle_show_mux_state_cmd_arg_tbl_notification_else_condition PASSED [ 68%]
tests/test_y_cable_helper.py::TestYCableScript::test_handle_show_mux_state_cmd_arg_tbl_notification_with_instance_manual PASSED [ 68%]
tests/test_y_cable_helper.py::TestYCableScript::test_handle_show_mux_state_cmd_arg_tbl_notification_no_instance FAILED [ 69%]
tests/test_y_cable_helper.py::TestYCableScript::test_handle_show_mux_state_cmd_arg_tbl_notification_with_instance_auto_active_standby PASSED [ 69%]
tests/test_y_cable_helper.py::TestYCableScript::test_handle_show_mux_state_cmd_arg_tbl_notification_with_instance_auto_active_active_none PASSED [ 69%]
tests/test_y_cable_helper.py::TestYCableScript::test_handle_show_mux_state_cmd_arg_tbl_notification_with_instance_auto_active_active PASSED [ 70%]
tests/test_y_cable_helper.py::TestYCableScript::test_retry_setup_grpc_channel_for_port_incorrect PASSED [ 70%]
tests/test_y_cable_helper.py::TestYCableScript::test_retry_setup_grpc_channel_for_port_correct_none_val PASSED [ 71%]
tests/test_y_cable_helper.py::TestYCableScript::test_process_loopback_interface_and_get_read_side_rc PASSED [ 71%]
tests/test_y_cable_helper.py::TestYCableScript::test_retry_setup_grpc_channel_for_port_correct PASSED [ 71%]
tests/test_y_cable_helper.py::TestYCableScript::test_process_loopback_interface_and_get_read_side_rc_true PASSED [ 72%]
tests/test_y_cable_helper.py::TestYCableScript::test_process_loopback_interface_and_get_read_side_false PASSED [ 72%]
tests/test_y_cable_helper.py::TestYCableScript::test_check_identifier_presence_and_setup_channel FAILED [ 72%]
tests/test_y_cable_helper.py::TestYCableScript::test_check_identifier_presence_and_setup_channel_with_false_status PASSED [ 73%]
tests/test_y_cable_helper.py::TestYCableScript::test_check_identifier_presence_and_setup_channel_with_mock FAILED [ 73%]
tests/test_y_cable_helper.py::TestYCableScript::test_check_identifier_presence_and_setup_channel_with_mock_not_none PASSED [ 73%]
tests/test_y_cable_helper.py::TestYCableScript::test_setup_grpc_channel_for_port PASSED [ 74%]
tests/test_y_cable_helper.py::TestYCableScript::test_setup_grpc_channel_for_port_get_false PASSED [ 74%]
tests/test_y_cable_helper.py::TestYCableScript::test_connect_channel PASSED [ 75%]
tests/test_y_cable_helper.py::TestYCableScript::test_setup_grpc_channels PASSED [ 75%]
tests/test_y_cable_helper.py::TestYCableScript::test_check_mux_cable_port_type_get_none PASSED [ 75%]
tests/test_y_cable_helper.py::TestYCableScript::test_check_mux_cable_port_type_get_correct PASSED [ 76%]
tests/test_y_cable_helper.py::TestYCableScript::test_check_mux_cable_port_type_get_correct_standby PASSED [ 76%]
tests/test_y_cable_helper.py::TestYCableScript::test_parse_grpc_response_hw_mux_cable_change_state PASSED [ 76%]
tests/test_y_cable_helper.py::TestYCableScript::test_parse_grpc_response_hw_mux_cable_change_state_standby PASSED [ 77%]
tests/test_y_cable_helper.py::TestYCableScript::test_parse_grpc_response_hw_mux_cable_change_state_unknown PASSED [ 77%]
tests/test_y_cable_helper.py::TestYCableScript::test_parse_grpc_response_hw_mux_cable_change_state_unknown_false PASSED [ 78%]
tests/test_y_cable_helper.py::TestYCableScript::test_parse_grpc_response_forwarding_state_unknown_false PASSED [ 78%]
tests/test_y_cable_helper.py::TestYCableScript::test_parse_grpc_response_forwarding_state_active_standby_true PASSED [ 78%]
tests/test_y_cable_helper.py::TestYCableScript::test_parse_grpc_response_forwarding_state_active_active_true PASSED [ 79%]
tests/test_y_cable_helper.py::TestYCableScript::test_parse_grpc_response_forwarding_state_active_standby_true_read_side PASSED [ 79%]
tests/test_y_cable_helper.py::TestYCableScript::test_parse_grpc_response_forwarding_state_active_active_true_read_side PASSED [ 79%]
tests/test_y_cable_helper.py::TestYCableScript::test_parse_grpc_response_forwarding_state_standby_standby_true PASSED [ 80%]
tests/test_y_cable_helper.py::TestYCableScript::test_parse_grpc_response_forwarding_state_active_active_with_true_read_side PASSED [ 80%]
tests/test_y_cable_helper.py::TestYCableScript::test_parse_grpc_response_forwarding_state_standby_standby_with_true_read_side PASSED [ 80%]
tests/test_y_cable_helper.py::TestYCableScript::test_get_mux_cable_static_info_without_presence PASSED [ 81%]
tests/test_y_cable_helper.py::TestYCableScript::test_get_grpc_credentials PASSED [ 81%]
tests/test_y_cable_helper.py::TestYCableScript::test_get_grpc_credentials_root PASSED [ 82%]
tests/test_y_cable_helper.py::TestYCableScript::test_handle_ycable_enable_disable_tel_notification PASSED [ 82%]
tests/test_y_cable_helper.py::TestYCableScript::test_handle_ycable_enable_disable_tel_notification_probe PASSED [ 82%]
tests/test_y_cable_helper.py::TestYCableScript::test_apply_grpc_secrets_configuration PASSED [ 83%]
tests/test_y_cable_helper.py::TestYCableScript::test_handle_ycable_active_standby_probe_notification FAILED [ 83%]
tests/test_y_cable_helper.py::TestYCableScript::test_parse_grpc_response_link_and_oper_state_down_down PASSED [ 83%]
tests/test_y_cable_helper.py::TestYCableScript::test_parse_grpc_response_link_and_oper_state_up_down PASSED [ 84%]
tests/test_y_cable_helper.py::TestYCableScript::test_parse_grpc_response_link_and_oper_state_up_up PASSED [ 84%]
tests/test_y_cable_helper.py::TestYCableScript::test_parse_grpc_response_link_and_oper_state_down_down_read_side_zero PASSED [ 84%]
tests/test_y_cable_helper.py::TestYCableScript::test_parse_grpc_response_link_and_oper_state_up_down_read_side_zero PASSED [ 85%]
tests/test_y_cable_helper.py::TestYCableScript::test_parse_grpc_response_link_and_oper_state_up_up_read_side_zero PASSED [ 85%]
tests/test_y_cable_helper.py::TestYCableScript::test_parse_grpc_response_link_and_oper_state_down_down_read_side_zero_unknown PASSED [ 86%]
tests/test_y_cable_helper.py::TestYCableScript::test_parse_grpc_response_link_and_oper_state_down_down_read_side_zero_link_state PASSED [ 86%]
tests/test_y_cable_helper.py::TestYCableScript::test_parse_grpc_response_link_and_oper_state_up_down_read_side_zero_link_state PASSED [ 86%]
tests/test_y_cable_helper.py::TestYCableScript::test_parse_grpc_response_link_and_oper_state_up_up_read_side_zero_link_state PASSED [ 87%]
tests/test_y_cable_helper.py::TestYCableScript::test_get_muxcable_info_for_active_active PASSED [ 87%]
tests/test_y_cable_helper.py::TestYCableScript::test_get_muxcable_info_for_active_active_with_false PASSED [ 87%]
tests/test_y_cable_helper.py::TestYCableScript::test_ycable_graceful_client PASSED [ 88%]
tests/test_y_cable_helper.py::TestYcableScriptExecution::test_ycable_helper_cli_worker PASSED [ 88%]
tests/test_y_cable_helper.py::TestYcableScriptExecution::test_ycable_helper_cli_worker_execution PASSED [ 89%]
tests/test_y_cable_helper.py::TestYcableScriptExecution::test_ycable_helper_table_worker PASSED [ 89%]
tests/test_y_cable_helper.py::TestYcableScriptExecution::test_ycable_helper_table_worker_active_active PASSED [ 89%]
tests/test_y_cable_helper.py::TestYcableScriptExecution::test_ycable_helper_table_worker_probe_active_active PASSED [ 90%]
tests/test_y_cable_helper.py::TestYcableScriptExecution::test_ycable_helper_table_worker_probe_active PASSED [ 90%]
tests/test_y_cable_helper.py::TestYcableScriptExecution::test_ycable_helper_table_worker_probe PASSED [ 90%]
tests/test_y_cable_helper.py::TestYcableScriptExecution::test_ycable_helper_table_worker_toggle FAILED [ 91%]
tests/test_y_cable_helper.py::TestYcableScriptExecution::test_ycable_helper_table_worker_toggle_active_active PASSED [ 91%]
tests/test_y_cable_helper.py::TestYcableScriptExecution::test_ycable_wait_for_state_change PASSED [ 91%]
tests/test_ycable.py::TestYcableScript::test_ycable_info_helper_class_run PASSED [ 92%]
tests/test_ycable.py::TestYcableScript::test_ycable_helper_class_run_loop PASSED [ 92%]
tests/test_ycable.py::TestYcableScript::test_ycable_helper_class_run PASSED [ 93%]
tests/test_ycable.py::TestYcableScript::test_detect_port_in_error_status PASSED [ 93%]
tests/test_ycable.py::TestYcableScript::test_put_all_values_from_list_to_db PASSED [ 93%]
tests/test_ycable.py::TestYcableScript::test_put_all_values_from_dict_to_db PASSED [ 94%]
tests/test_ycable.py::TestYcableScript::test_post_port_mux_info_to_db PASSED [ 94%]
tests/test_ycable.py::TestYcableScript::test_post_port_mux_static_info_to_db PASSED [ 94%]
tests/test_ycable.py::TestYcableScript::test_y_cable_helper_format_mapping_identifier1 PASSED [ 95%]
tests/test_ycable.py::TestYcableScript::test_y_cable_wrapper_get_transceiver_info PASSED [ 95%]
tests/test_ycable.py::TestYcableScript::test_y_cable_wrapper_get_presence PASSED [ 95%]
tests/test_ycable.py::TestYcableScript::test_get_ycable_physical_port_from_logical_port PASSED [ 96%]
tests/test_ycable.py::TestYcableScript::test_get_ycable_port_instance_from_logical_port PASSED [ 96%]
tests/test_ycable.py::TestYcableScript::test_set_show_firmware_fields PASSED [ 97%]
tests/test_ycable.py::TestYcableScript::test_DaemonYcable_init_deinit FAILED [ 97%]
tests/test_ycable.py::TestYcableScript::test_DaemonYcable_init_deinit_full PASSED [ 97%]
tests/test_ycable.py::TestYcableScript::test_handle_state_update_task PASSED [ 98%]
tests/test_ycable.py::TestYcableScript::test_handle_state_update_task_with_delete PASSED [ 98%]
tests/test_ycable.py::TestYcableScript::test_ycable_helper_state_update_task PASSED [ 98%]
tests/test_ycable.py::TestYcableScriptException::test_ycable_helper_class_run_loop_with_exception PASSED [ 99%]
tests/test_ycable.py::TestYcableAsyncScript::test_ycable_helper_async_client_run_loop_with_exception PASSED [ 99%]
tests/test_ycable.py::TestYcableActiveActiveHelper::test_check_presence_for_active_active_cable_type PASSED [100%]

=================================== FAILURES ===================================
________________ TestYCableScript.test_DaemonYcable_init_deinit ________________

self = <ycable.ycable.DaemonYcable object at 0x709235f3a120>

    def init(self):
        global platform_sfputil
        global platform_chassis
    
        self.log_info("Start daemon init...")
        is_vs = False
    
    
        (status, fvs) = self.table_helper.get_metadata_tbl()[0].get("localhost")
    
        if status is False:
            helper_logger.log_debug("Could not retreive fieldvalue pairs for {}, inside config_db table {}".format('localhost', self.table_helper.get_metadata_tbl()[0].getTableName()))
            return
    
        else:
            # Convert list of tuples to a dictionary
            metadata_dict = dict(fvs)
            if "platform" in metadata_dict:
                val = metadata_dict.get("platform", None)
                if val == "x86_64-kvm_x86_64-r0":
                    is_vs = True
    
    
        # Load new platform api class
        try:
            if is_vs is False:
                import sonic_platform.platform
                platform_chassis = sonic_platform.platform.Platform().get_chassis()
                self.log_info("chassis loaded {}".format(platform_chassis))
            # we have to make use of sfputil for some features
            # even though when new platform api is used for all vendors.
            # in this sense, we treat it as a part of new platform api.
            # we have already moved sfputil to sonic_platform_base
            # which is the root of new platform api.
            import sonic_platform_base.sonic_sfp.sfputilhelper
            platform_sfputil = sonic_platform_base.sonic_sfp.sfputilhelper.SfpUtilHelper()
        except Exception as e:
            self.log_warning("Failed to load chassis due to {}".format(repr(e)))
    
        # Load platform specific sfputil class
        if platform_chassis is None or platform_sfputil is None:
            if is_vs is False:
                try:
                    platform_sfputil = self.load_platform_util(PLATFORM_SPECIFIC_MODULE_NAME, PLATFORM_SPECIFIC_CLASS_NAME)
                except Exception as e:
                    self.log_error("Failed to load sfputil: {}".format(str(e)), True)
                    sys.exit(SFPUTIL_LOAD_ERROR)
    
        if multi_asic.is_multi_asic():
            # Load the namespace details first from the database_global.json file.
            swsscommon.SonicDBConfig.initializeGlobalConfig()
    
        # Load port info
        try:
            if multi_asic.is_multi_asic():
                # For multi ASIC platforms we pass DIR of port_config_file_path and the number of asics
                (platform_path, hwsku_path) = device_info.get_paths_to_platform_and_hwsku_dirs()
                platform_sfputil.read_all_porttab_mappings(hwsku_path, self.num_asics)
            else:
                # For single ASIC platforms we pass port_config_file_path and the asic_inst as 0
>               port_config_file_path = device_info.get_path_to_port_config_file()

ycable/ycable.py:348: 
_ _ _ _ _ _ _ _ _ _ _ _ _ _ _ _ _ _ _ _ _ _ _ _ _ _ _ _ _ _ _ _ _ _ _ _ _ _ _ _ 

hwsku = None, asic = None

    def get_path_to_port_config_file(hwsku=None, asic=None):
        """
        Retrieves the path to the device's port configuration file
    
        Args:
            hwsku: a string, it is allowed to be passed in args because when loading the
                  initial configuration on the device, the HwSKU is not yet present in ConfigDB.
            asic: a string , asic argument should be passed on multi-ASIC devices only,
                  it should be omitted on single-ASIC platforms.
    
        Returns:
            A string containing the path the the device's port configuration file
        """
    
        """
        This platform check is performed to make sure we return a None
        in case of unit-tests within sonic-cfggen where platform is not expected to be
        present because tests are not run on actual Hardware/Container.
        TODO: refactor sonic-cfggen such that we can remove this check
        """
    
        platform = get_platform()
        if not platform:
            return None
    
        if hwsku:
            platform_path = get_path_to_platform_dir()
            hwsku_path = os.path.join(platform_path, hwsku)
        else:
            (platform_path, hwsku_path) = get_paths_to_platform_and_hwsku_dirs()
    
        port_config_candidates = []
    
        # Check for 'hwsku.json' file presence first
>       hwsku_json_file = os.path.join(hwsku_path, HWSKU_JSON_FILE)
E       TypeError: expected str, bytes or os.PathLike object, not NoneType

/usr/local/lib/python3.13/dist-packages/sonic_py_common/device_info.py:479: TypeError

During handling of the above exception, another exception occurred:

self = <tests.test_y_cable_helper.TestYCableScript object at 0x7092355ba490>

    @patch('sonic_py_common.device_info.get_paths_to_platform_and_hwsku_dirs', MagicMock(return_value=('/tmp', None)))
    @patch('swsscommon.swsscommon.WarmStart', MagicMock())
    @patch('ycable.ycable.platform_sfputil', MagicMock())
    @patch('ycable.ycable.DaemonYcable.load_platform_util', MagicMock())
    def test_DaemonYcable_init_deinit(self):
        ycable = DaemonYcable(SYSLOG_IDENTIFIER)
>       ycable.init()

tests/test_y_cable_helper.py:2988: 
_ _ _ _ _ _ _ _ _ _ _ _ _ _ _ _ _ _ _ _ _ _ _ _ _ _ _ _ _ _ _ _ _ _ _ _ _ _ _ _ 

self = <ycable.ycable.DaemonYcable object at 0x709235f3a120>

    def init(self):
        global platform_sfputil
        global platform_chassis
    
        self.log_info("Start daemon init...")
        is_vs = False
    
    
        (status, fvs) = self.table_helper.get_metadata_tbl()[0].get("localhost")
    
        if status is False:
            helper_logger.log_debug("Could not retreive fieldvalue pairs for {}, inside config_db table {}".format('localhost', self.table_helper.get_metadata_tbl()[0].getTableName()))
            return
    
        else:
            # Convert list of tuples to a dictionary
            metadata_dict = dict(fvs)
            if "platform" in metadata_dict:
                val = metadata_dict.get("platform", None)
                if val == "x86_64-kvm_x86_64-r0":
                    is_vs = True
    
    
        # Load new platform api class
        try:
            if is_vs is False:
                import sonic_platform.platform
                platform_chassis = sonic_platform.platform.Platform().get_chassis()
                self.log_info("chassis loaded {}".format(platform_chassis))
            # we have to make use of sfputil for some features
            # even though when new platform api is used for all vendors.
            # in this sense, we treat it as a part of new platform api.
            # we have already moved sfputil to sonic_platform_base
            # which is the root of new platform api.
            import sonic_platform_base.sonic_sfp.sfputilhelper
            platform_sfputil = sonic_platform_base.sonic_sfp.sfputilhelper.SfpUtilHelper()
        except Exception as e:
            self.log_warning("Failed to load chassis due to {}".format(repr(e)))
    
        # Load platform specific sfputil class
        if platform_chassis is None or platform_sfputil is None:
            if is_vs is False:
                try:
                    platform_sfputil = self.load_platform_util(PLATFORM_SPECIFIC_MODULE_NAME, PLATFORM_SPECIFIC_CLASS_NAME)
                except Exception as e:
                    self.log_error("Failed to load sfputil: {}".format(str(e)), True)
                    sys.exit(SFPUTIL_LOAD_ERROR)
    
        if multi_asic.is_multi_asic():
            # Load the namespace details first from the database_global.json file.
            swsscommon.SonicDBConfig.initializeGlobalConfig()
    
        # Load port info
        try:
            if multi_asic.is_multi_asic():
                # For multi ASIC platforms we pass DIR of port_config_file_path and the number of asics
                (platform_path, hwsku_path) = device_info.get_paths_to_platform_and_hwsku_dirs()
                platform_sfputil.read_all_porttab_mappings(hwsku_path, self.num_asics)
            else:
                # For single ASIC platforms we pass port_config_file_path and the asic_inst as 0
                port_config_file_path = device_info.get_path_to_port_config_file()
                platform_sfputil.read_porttab_mappings(port_config_file_path, 0)
        except Exception as e:
            self.log_error("Failed to read port info: {}".format(str(e)), True)
>           sys.exit(PORT_CONFIG_LOAD_ERROR)
E           SystemExit: 2

ycable/ycable.py:352: SystemExit
----------------------------- Captured stdout call -----------------------------
Failed to read port info: expected str, bytes or os.PathLike object, not NoneType
----------------------------- Captured stderr call -----------------------------
--- Logging error ---
Traceback (most recent call last):
  File "/sonic/src/sonic-platform-daemons/sonic-ycabled/ycable/ycable.py", line 314, in init
    import sonic_platform.platform
ModuleNotFoundError: No module named 'sonic_platform'

During handling of the above exception, another exception occurred:

Traceback (most recent call last):
  File "/usr/lib/python3.13/logging/handlers.py", line 1013, in emit
    self.socket.send(msg)
    ~~~~~~~~~~~~~~~~^^^^^
OSError: [Errno 9] Bad file descriptor

During handling of the above exception, another exception occurred:

Traceback (most recent call last):
  File "/usr/lib/python3.13/logging/handlers.py", line 1016, in emit
    self._connect_unixsocket(self.address)
    ~~~~~~~~~~~~~~~~~~~~~~~~^^^^^^^^^^^^^^
  File "/usr/lib/python3.13/logging/handlers.py", line 884, in _connect_unixsocket
    self.socket.connect(address)
    ~~~~~~~~~~~~~~~~~~~^^^^^^^^^
FileNotFoundError: [Errno 2] No such file or directory
Call stack:
  File "<frozen runpy>", line 198, in _run_module_as_main
  File "<frozen runpy>", line 88, in _run_code
  File "/usr/lib/python3/dist-packages/pytest/__main__.py", line 9, in <module>
    raise SystemExit(pytest.console_main())
  File "/usr/lib/python3/dist-packages/_pytest/config/__init__.py", line 201, in console_main
    code = main()
  File "/usr/lib/python3/dist-packages/_pytest/config/__init__.py", line 175, in main
    ret: ExitCode | int = config.hook.pytest_cmdline_main(config=config)
  File "/usr/lib/python3/dist-packages/pluggy/_hooks.py", line 513, in __call__
    return self._hookexec(self.name, self._hookimpls.copy(), kwargs, firstresult)
  File "/usr/lib/python3/dist-packages/pluggy/_manager.py", line 120, in _hookexec
    return self._inner_hookexec(hook_name, methods, kwargs, firstresult)
  File "/usr/lib/python3/dist-packages/pluggy/_callers.py", line 103, in _multicall
    res = hook_impl.function(*args)
  File "/usr/lib/python3/dist-packages/_pytest/main.py", line 330, in pytest_cmdline_main
    return wrap_session(config, _main)
  File "/usr/lib/python3/dist-packages/_pytest/main.py", line 283, in wrap_session
    session.exitstatus = doit(config, session) or 0
  File "/usr/lib/python3/dist-packages/_pytest/main.py", line 337, in _main
    config.hook.pytest_runtestloop(session=session)
  File "/usr/lib/python3/dist-packages/pluggy/_hooks.py", line 513, in __call__
    return self._hookexec(self.name, self._hookimpls.copy(), kwargs, firstresult)
  File "/usr/lib/python3/dist-packages/pluggy/_manager.py", line 120, in _hookexec
    return self._inner_hookexec(hook_name, methods, kwargs, firstresult)
  File "/usr/lib/python3/dist-packages/pluggy/_callers.py", line 103, in _multicall
    res = hook_impl.function(*args)
  File "/usr/lib/python3/dist-packages/_pytest/main.py", line 362, in pytest_runtestloop
    item.config.hook.pytest_runtest_protocol(item=item, nextitem=nextitem)
  File "/usr/lib/python3/dist-packages/pluggy/_hooks.py", line 513, in __call__
    return self._hookexec(self.name, self._hookimpls.copy(), kwargs, firstresult)
  File "/usr/lib/python3/dist-packages/pluggy/_manager.py", line 120, in _hookexec
    return self._inner_hookexec(hook_name, methods, kwargs, firstresult)
  File "/usr/lib/python3/dist-packages/pluggy/_callers.py", line 103, in _multicall
    res = hook_impl.function(*args)
  File "/usr/lib/python3/dist-packages/_pytest/runner.py", line 113, in pytest_runtest_protocol
    runtestprotocol(item, nextitem=nextitem)
  File "/usr/lib/python3/dist-packages/_pytest/runner.py", line 132, in runtestprotocol
    reports.append(call_and_report(item, "call", log))
  File "/usr/lib/python3/dist-packages/_pytest/runner.py", line 241, in call_and_report
    call = CallInfo.from_call(
  File "/usr/lib/python3/dist-packages/_pytest/runner.py", line 341, in from_call
    result: TResult | None = func()
  File "/usr/lib/python3/dist-packages/_pytest/runner.py", line 242, in <lambda>
    lambda: runtest_hook(item=item, **kwds), when=when, reraise=reraise
  File "/usr/lib/python3/dist-packages/pluggy/_hooks.py", line 513, in __call__
    return self._hookexec(self.name, self._hookimpls.copy(), kwargs, firstresult)
  File "/usr/lib/python3/dist-packages/pluggy/_manager.py", line 120, in _hookexec
    return self._inner_hookexec(hook_name, methods, kwargs, firstresult)
  File "/usr/lib/python3/dist-packages/pluggy/_callers.py", line 103, in _multicall
    res = hook_impl.function(*args)
  File "/usr/lib/python3/dist-packages/_pytest/runner.py", line 174, in pytest_runtest_call
    item.runtest()
  File "/usr/lib/python3/dist-packages/_pytest/python.py", line 1627, in runtest
    self.ihook.pytest_pyfunc_call(pyfuncitem=self)
  File "/usr/lib/python3/dist-packages/pluggy/_hooks.py", line 513, in __call__
    return self._hookexec(self.name, self._hookimpls.copy(), kwargs, firstresult)
  File "/usr/lib/python3/dist-packages/pluggy/_manager.py", line 120, in _hookexec
    return self._inner_hookexec(hook_name, methods, kwargs, firstresult)
  File "/usr/lib/python3/dist-packages/pluggy/_callers.py", line 103, in _multicall
    res = hook_impl.function(*args)
  File "/usr/lib/python3/dist-packages/_pytest/python.py", line 159, in pytest_pyfunc_call
    result = testfunction(**testargs)
  File "/usr/lib/python3.13/unittest/mock.py", line 1426, in patched
    return func(*newargs, **newkeywargs)
  File "/sonic/src/sonic-platform-daemons/sonic-ycabled/tests/test_y_cable_helper.py", line 2988, in test_DaemonYcable_init_deinit
    ycable.init()
  File "/sonic/src/sonic-platform-daemons/sonic-ycabled/ycable/ycable.py", line 325, in init
    self.log_warning("Failed to load chassis due to {}".format(repr(e)))
  File "/usr/local/lib/python3.13/dist-packages/sonic_py_common/daemon_base.py", line 82, in log_warning
    self.logger_instance.log_warning(message, also_print_to_console)
  File "/usr/local/lib/python3.13/dist-packages/sonic_py_common/syslogger.py", line 131, in log_warning
    self.log(logging.WARNING, msg, also_print_to_console)
  File "/usr/local/lib/python3.13/dist-packages/sonic_py_common/syslogger.py", line 121, in log
    self.logger.log(priority, msg)
Message: 'Failed to load chassis due to ModuleNotFoundError("No module named \'sonic_platform\'")'
Arguments: ()
--- Logging error ---
Traceback (most recent call last):
  File "/sonic/src/sonic-platform-daemons/sonic-ycabled/ycable/ycable.py", line 348, in init
    port_config_file_path = device_info.get_path_to_port_config_file()
  File "/usr/local/lib/python3.13/dist-packages/sonic_py_common/device_info.py", line 479, in get_path_to_port_config_file
    hwsku_json_file = os.path.join(hwsku_path, HWSKU_JSON_FILE)
  File "<frozen posixpath>", line 77, in join
TypeError: expected str, bytes or os.PathLike object, not NoneType

During handling of the above exception, another exception occurred:

Traceback (most recent call last):
  File "/usr/lib/python3.13/logging/handlers.py", line 1013, in emit
    self.socket.send(msg)
    ~~~~~~~~~~~~~~~~^^^^^
OSError: [Errno 9] Bad file descriptor

During handling of the above exception, another exception occurred:

Traceback (most recent call last):
  File "/usr/lib/python3.13/logging/handlers.py", line 1016, in emit
    self._connect_unixsocket(self.address)
    ~~~~~~~~~~~~~~~~~~~~~~~~^^^^^^^^^^^^^^
  File "/usr/lib/python3.13/logging/handlers.py", line 884, in _connect_unixsocket
    self.socket.connect(address)
    ~~~~~~~~~~~~~~~~~~~^^^^^^^^^
FileNotFoundError: [Errno 2] No such file or directory
Call stack:
  File "<frozen runpy>", line 198, in _run_module_as_main
  File "<frozen runpy>", line 88, in _run_code
  File "/usr/lib/python3/dist-packages/pytest/__main__.py", line 9, in <module>
    raise SystemExit(pytest.console_main())
  File "/usr/lib/python3/dist-packages/_pytest/config/__init__.py", line 201, in console_main
    code = main()
  File "/usr/lib/python3/dist-packages/_pytest/config/__init__.py", line 175, in main
    ret: ExitCode | int = config.hook.pytest_cmdline_main(config=config)
  File "/usr/lib/python3/dist-packages/pluggy/_hooks.py", line 513, in __call__
    return self._hookexec(self.name, self._hookimpls.copy(), kwargs, firstresult)
  File "/usr/lib/python3/dist-packages/pluggy/_manager.py", line 120, in _hookexec
    return self._inner_hookexec(hook_name, methods, kwargs, firstresult)
  File "/usr/lib/python3/dist-packages/pluggy/_callers.py", line 103, in _multicall
    res = hook_impl.function(*args)
  File "/usr/lib/python3/dist-packages/_pytest/main.py", line 330, in pytest_cmdline_main
    return wrap_session(config, _main)
  File "/usr/lib/python3/dist-packages/_pytest/main.py", line 283, in wrap_session
    session.exitstatus = doit(config, session) or 0
  File "/usr/lib/python3/dist-packages/_pytest/main.py", line 337, in _main
    config.hook.pytest_runtestloop(session=session)
  File "/usr/lib/python3/dist-packages/pluggy/_hooks.py", line 513, in __call__
    return self._hookexec(self.name, self._hookimpls.copy(), kwargs, firstresult)
  File "/usr/lib/python3/dist-packages/pluggy/_manager.py", line 120, in _hookexec
    return self._inner_hookexec(hook_name, methods, kwargs, firstresult)
  File "/usr/lib/python3/dist-packages/pluggy/_callers.py", line 103, in _multicall
    res = hook_impl.function(*args)
  File "/usr/lib/python3/dist-packages/_pytest/main.py", line 362, in pytest_runtestloop
    item.config.hook.pytest_runtest_protocol(item=item, nextitem=nextitem)
  File "/usr/lib/python3/dist-packages/pluggy/_hooks.py", line 513, in __call__
    return self._hookexec(self.name, self._hookimpls.copy(), kwargs, firstresult)
  File "/usr/lib/python3/dist-packages/pluggy/_manager.py", line 120, in _hookexec
    return self._inner_hookexec(hook_name, methods, kwargs, firstresult)
  File "/usr/lib/python3/dist-packages/pluggy/_callers.py", line 103, in _multicall
    res = hook_impl.function(*args)
  File "/usr/lib/python3/dist-packages/_pytest/runner.py", line 113, in pytest_runtest_protocol
    runtestprotocol(item, nextitem=nextitem)
  File "/usr/lib/python3/dist-packages/_pytest/runner.py", line 132, in runtestprotocol
    reports.append(call_and_report(item, "call", log))
  File "/usr/lib/python3/dist-packages/_pytest/runner.py", line 241, in call_and_report
    call = CallInfo.from_call(
  File "/usr/lib/python3/dist-packages/_pytest/runner.py", line 341, in from_call
    result: TResult | None = func()
  File "/usr/lib/python3/dist-packages/_pytest/runner.py", line 242, in <lambda>
    lambda: runtest_hook(item=item, **kwds), when=when, reraise=reraise
  File "/usr/lib/python3/dist-packages/pluggy/_hooks.py", line 513, in __call__
    return self._hookexec(self.name, self._hookimpls.copy(), kwargs, firstresult)
  File "/usr/lib/python3/dist-packages/pluggy/_manager.py", line 120, in _hookexec
    return self._inner_hookexec(hook_name, methods, kwargs, firstresult)
  File "/usr/lib/python3/dist-packages/pluggy/_callers.py", line 103, in _multicall
    res = hook_impl.function(*args)
  File "/usr/lib/python3/dist-packages/_pytest/runner.py", line 174, in pytest_runtest_call
    item.runtest()
  File "/usr/lib/python3/dist-packages/_pytest/python.py", line 1627, in runtest
    self.ihook.pytest_pyfunc_call(pyfuncitem=self)
  File "/usr/lib/python3/dist-packages/pluggy/_hooks.py", line 513, in __call__
    return self._hookexec(self.name, self._hookimpls.copy(), kwargs, firstresult)
  File "/usr/lib/python3/dist-packages/pluggy/_manager.py", line 120, in _hookexec
    return self._inner_hookexec(hook_name, methods, kwargs, firstresult)
  File "/usr/lib/python3/dist-packages/pluggy/_callers.py", line 103, in _multicall
    res = hook_impl.function(*args)
  File "/usr/lib/python3/dist-packages/_pytest/python.py", line 159, in pytest_pyfunc_call
    result = testfunction(**testargs)
  File "/usr/lib/python3.13/unittest/mock.py", line 1426, in patched
    return func(*newargs, **newkeywargs)
  File "/sonic/src/sonic-platform-daemons/sonic-ycabled/tests/test_y_cable_helper.py", line 2988, in test_DaemonYcable_init_deinit
    ycable.init()
  File "/sonic/src/sonic-platform-daemons/sonic-ycabled/ycable/ycable.py", line 351, in init
    self.log_error("Failed to read port info: {}".format(str(e)), True)
  File "/usr/local/lib/python3.13/dist-packages/sonic_py_common/daemon_base.py", line 79, in log_error
    self.logger_instance.log_error(message, also_print_to_console)
  File "/usr/local/lib/python3.13/dist-packages/sonic_py_common/syslogger.py", line 128, in log_error
    self.log(logging.ERROR, msg, also_print_to_console)
  File "/usr/local/lib/python3.13/dist-packages/sonic_py_common/syslogger.py", line 121, in log
    self.logger.log(priority, msg)
Message: 'Failed to read port info: expected str, bytes or os.PathLike object, not NoneType'
Arguments: ()
------------------------------ Captured log call -------------------------------
WARNING  ycable:syslogger.py:121 Failed to load chassis due to ModuleNotFoundError("No module named 'sonic_platform'")
ERROR    ycable:syslogger.py:121 Failed to read port info: expected str, bytes or os.PathLike object, not NoneType
__ TestYCableScript.test_handle_config_prbs_cmd_arg_tbl_notification_no_port ___

self = <tests.test_y_cable_helper.TestYCableScript object at 0x7092355ba4e0>
port_instance = <MagicMock name='Table' id='123773272701792'>
mock_swsscommon_table = <MagicMock name='y_cable_port_instances' id='123773272696752'>

    @patch('ycable.ycable_utilities.y_cable_helper.y_cable_port_instances')
    @patch('swsscommon.swsscommon.Table')
    @patch('ycable.ycable_utilities.y_cable_helper.gather_arg_from_db_and_check_for_type', MagicMock(return_value=(0, "enable", {"mode_value": "0",
                                                                                                                                 "lane_mask": "0",
                                                                                                                                 "direction": "0"})))
    def test_handle_config_prbs_cmd_arg_tbl_notification_no_port(self, port_instance, mock_swsscommon_table):
    
        mock_table = MagicMock()
        mock_swsscommon_table.return_value = mock_table
    
        xcvrd_config_prbs_cmd_arg_tbl = mock_swsscommon_table
        xcvrd_config_prbs_cmd_sts_tbl = mock_swsscommon_table
        xcvrd_config_prbs_rsp_tbl = mock_swsscommon_table
        asic_index = 0
        port = "Ethernet0"
        fvp = {"config_prbs": True}
    
>       rc = handle_config_prbs_cmd_arg_tbl_notification(
            fvp, xcvrd_config_prbs_cmd_arg_tbl, xcvrd_config_prbs_cmd_sts_tbl, xcvrd_config_prbs_rsp_tbl, asic_index, port)

tests/test_y_cable_helper.py:3008: 
_ _ _ _ _ _ _ _ _ _ _ _ _ _ _ _ _ _ _ _ _ _ _ _ _ _ _ _ _ _ _ _ _ _ _ _ _ _ _ _ 
ycable/ycable_utilities/y_cable_helper.py:2393: in handle_config_prbs_cmd_arg_tbl_notification
    physical_port = get_ycable_physical_port_from_logical_port(port)
ycable/ycable_utilities/y_cable_helper.py:228: in get_ycable_physical_port_from_logical_port
    physical_port_list = logical_port_name_to_physical_port_list(logical_port_name)
_ _ _ _ _ _ _ _ _ _ _ _ _ _ _ _ _ _ _ _ _ _ _ _ _ _ _ _ _ _ _ _ _ _ _ _ _ _ _ _ 

port_name = 'Ethernet0'

    def logical_port_name_to_physical_port_list(port_name):
        if port_name.startswith("Ethernet"):
>           if y_cable_platform_sfputil.is_logical_port(port_name):
E           AttributeError: 'NoneType' object has no attribute 'is_logical_port'

ycable/ycable_utilities/y_cable_helper.py:163: AttributeError
_ TestYCableScript.test_handle_config_prbs_cmd_arg_tbl_notification_no_instance _

self = <tests.test_y_cable_helper.TestYCableScript object at 0x7092355ba530>
mock_swsscommon_table = <MagicMock name='Table' id='123773272697088'>

    @patch('swsscommon.swsscommon.Table')
    @patch('ycable.ycable_utilities.y_cable_helper.gather_arg_from_db_and_check_for_type', MagicMock(return_value=(0, "enable", {"mode_value": "0",
                                                                                                                                 "lane_mask": "0",
                                                                                                                                 "direction": "0"})))
    @patch('ycable.ycable_utilities.y_cable_helper.get_ycable_physical_port_from_logical_port', MagicMock(return_value=(0)))
    def test_handle_config_prbs_cmd_arg_tbl_notification_no_instance(self, mock_swsscommon_table):
    
        mock_table = MagicMock()
        mock_swsscommon_table.return_value = mock_table
    
        xcvrd_config_prbs_cmd_arg_tbl = mock_swsscommon_table
        xcvrd_config_prbs_cmd_sts_tbl = mock_swsscommon_table
        xcvrd_config_prbs_rsp_tbl = mock_swsscommon_table
        asic_index = 0
        port = "Ethernet0"
        fvp = {"config_prbs": True}
    
>       rc = handle_config_prbs_cmd_arg_tbl_notification(
            fvp, xcvrd_config_prbs_cmd_arg_tbl, xcvrd_config_prbs_cmd_sts_tbl, xcvrd_config_prbs_rsp_tbl, asic_index, port)

tests/test_y_cable_helper.py:3029: 
_ _ _ _ _ _ _ _ _ _ _ _ _ _ _ _ _ _ _ _ _ _ _ _ _ _ _ _ _ _ _ _ _ _ _ _ _ _ _ _ 
ycable/ycable_utilities/y_cable_helper.py:2400: in handle_config_prbs_cmd_arg_tbl_notification
    port_instance = get_ycable_port_instance_from_logical_port(port)
ycable/ycable_utilities/y_cable_helper.py:251: in get_ycable_port_instance_from_logical_port
    physical_port_list = logical_port_name_to_physical_port_list(logical_port_name)
_ _ _ _ _ _ _ _ _ _ _ _ _ _ _ _ _ _ _ _ _ _ _ _ _ _ _ _ _ _ _ _ _ _ _ _ _ _ _ _ 

port_name = 'Ethernet0'

    def logical_port_name_to_physical_port_list(port_name):
        if port_name.startswith("Ethernet"):
>           if y_cable_platform_sfputil.is_logical_port(port_name):
E           AttributeError: 'NoneType' object has no attribute 'is_logical_port'

ycable/ycable_utilities/y_cable_helper.py:163: AttributeError
__ TestYCableScript.test_handle_config_loop_cmd_arg_tbl_notification_no_port ___

self = <tests.test_y_cable_helper.TestYCableScript object at 0x7092355bab70>
port_instance = <MagicMock id='123773272701792'>
mock_swsscommon_table = <MagicMock name='Table' id='123773270874432'>
port_instance_helper = <MagicMock id='123773272701792'>

    @patch('ycable.ycable_utilities.y_cable_helper.y_cable_port_instances')
    @patch('swsscommon.swsscommon.Table')
    @patch('ycable.ycable_utilities.y_cable_helper.get_ycable_port_instance_from_logical_port')
    @patch('ycable.ycable_utilities.y_cable_helper.gather_arg_from_db_and_check_for_type', MagicMock(return_value=(0, "fec", {"modex": "0",
                                                                                                                              "lane_mask": "0",
                                                                                                                              "direction": "0"})))
    def test_handle_config_loop_cmd_arg_tbl_notification_no_port(self, port_instance, mock_swsscommon_table, port_instance_helper):
    
        mock_table = MagicMock()
        mock_swsscommon_table.return_value = mock_table
    
        xcvrd_config_loop_cmd_arg_tbl = mock_swsscommon_table
        xcvrd_config_loop_cmd_sts_tbl = mock_swsscommon_table
        xcvrd_config_loop_rsp_tbl = mock_swsscommon_table
        port_instance = MagicMock()
        port_instance.FIRMWARE_DOWNLOAD_STATUS_INPROGRESS = 1
        port_instance.PRBS_DIRECTION_BOTH = 2
        port_instance.enable_prbs_mode.return_value = True
        port_instance.disable_prbs_mode.return_value = True
        port_instance.reset.return_value = True
        port_instance.set_fec_mode.return_value = True
        port_instance_helper = port_instance
    
        asic_index = 0
        port = "Ethernet0"
        fvp = {"config_loop": True}
    
>       rc = handle_config_loop_cmd_arg_tbl_notification(
            fvp, xcvrd_config_loop_cmd_arg_tbl, xcvrd_config_loop_cmd_sts_tbl, xcvrd_config_loop_rsp_tbl, asic_index, port)

tests/test_y_cable_helper.py:3385: 
_ _ _ _ _ _ _ _ _ _ _ _ _ _ _ _ _ _ _ _ _ _ _ _ _ _ _ _ _ _ _ _ _ _ _ _ _ _ _ _ 
ycable/ycable_utilities/y_cable_helper.py:2497: in handle_config_loop_cmd_arg_tbl_notification
    physical_port = get_ycable_physical_port_from_logical_port(port)
ycable/ycable_utilities/y_cable_helper.py:228: in get_ycable_physical_port_from_logical_port
    physical_port_list = logical_port_name_to_physical_port_list(logical_port_name)
_ _ _ _ _ _ _ _ _ _ _ _ _ _ _ _ _ _ _ _ _ _ _ _ _ _ _ _ _ _ _ _ _ _ _ _ _ _ _ _ 

port_name = 'Ethernet0'

    def logical_port_name_to_physical_port_list(port_name):
        if port_name.startswith("Ethernet"):
>           if y_cable_platform_sfputil.is_logical_port(port_name):
E           AttributeError: 'NoneType' object has no attribute 'is_logical_port'

ycable/ycable_utilities/y_cable_helper.py:163: AttributeError
_ TestYCableScript.test_handle_config_loop_cmd_arg_tbl_notification_no_instance _

self = <tests.test_y_cable_helper.TestYCableScript object at 0x7092355babc0>
port_instance = <MagicMock id='123773270876112'>
mock_swsscommon_table = <MagicMock name='y_cable_port_instances' id='123773267491680'>

    @patch('ycable.ycable_utilities.y_cable_helper.y_cable_port_instances')
    @patch('swsscommon.swsscommon.Table')
    @patch('ycable.ycable_utilities.y_cable_helper.gather_arg_from_db_and_check_for_type', MagicMock(return_value=(0, "fec", {"modex": "0",
                                                                                                                              "lane_mask": "0",
                                                                                                                              "direction": "0"})))
    @patch('ycable.ycable_utilities.y_cable_helper.get_ycable_physical_port_from_logical_port', MagicMock(return_value=(0)))
    @patch('ycable.ycable_utilities.y_cable_helper.y_cable_port_locks', MagicMock(return_value=[0]))
    def test_handle_config_loop_cmd_arg_tbl_notification_no_instance(self, port_instance, mock_swsscommon_table):
    
        mock_table = MagicMock()
        mock_swsscommon_table.return_value = mock_table
    
        xcvrd_config_loop_cmd_arg_tbl = mock_swsscommon_table
        xcvrd_config_loop_cmd_sts_tbl = mock_swsscommon_table
        xcvrd_config_loop_rsp_tbl = mock_swsscommon_table
        port_instance = MagicMock()
        port_instance.FIRMWARE_DOWNLOAD_STATUS_INPROGRESS = 1
        port_instance.PRBS_DIRECTION_BOTH = 2
        port_instance.enable_prbs_mode.return_value = True
        port_instance.disable_prbs_mode.return_value = True
        port_instance.reset.return_value = True
        port_instance.set_fec_mode.return_value = True
        port_instance_helper = port_instance
    
        asic_index = 0
        port = "Ethernet0"
        fvp = {"config_loop": True}
    
>       rc = handle_config_loop_cmd_arg_tbl_notification(
            fvp, xcvrd_config_loop_cmd_arg_tbl, xcvrd_config_loop_cmd_sts_tbl, xcvrd_config_loop_rsp_tbl, asic_index, port)

tests/test_y_cable_helper.py:3417: 
_ _ _ _ _ _ _ _ _ _ _ _ _ _ _ _ _ _ _ _ _ _ _ _ _ _ _ _ _ _ _ _ _ _ _ _ _ _ _ _ 
ycable/ycable_utilities/y_cable_helper.py:2504: in handle_config_loop_cmd_arg_tbl_notification
    port_instance = get_ycable_port_instance_from_logical_port(port)
ycable/ycable_utilities/y_cable_helper.py:251: in get_ycable_port_instance_from_logical_port
    physical_port_list = logical_port_name_to_physical_port_list(logical_port_name)
_ _ _ _ _ _ _ _ _ _ _ _ _ _ _ _ _ _ _ _ _ _ _ _ _ _ _ _ _ _ _ _ _ _ _ _ _ _ _ _ 

port_name = 'Ethernet0'

    def logical_port_name_to_physical_port_list(port_name):
        if port_name.startswith("Ethernet"):
>           if y_cable_platform_sfputil.is_logical_port(port_name):
E           AttributeError: 'NoneType' object has no attribute 'is_logical_port'

ycable/ycable_utilities/y_cable_helper.py:163: AttributeError
___ TestYCableScript.test_handle_show_event_cmd_arg_tbl_notification_no_port ___

self = <tests.test_y_cable_helper.TestYCableScript object at 0x7092355bb020>
port_instance = <MagicMock id='123773270185968'>
mock_swsscommon_table = <MagicMock name='Table' id='123773270186304'>
port_instance_helper = <MagicMock id='123773270185968'>

    @patch('ycable.ycable_utilities.y_cable_helper.y_cable_port_instances')
    @patch('swsscommon.swsscommon.Table')
    @patch('ycable.ycable_utilities.y_cable_helper.get_ycable_port_instance_from_logical_port')
    @patch('ycable.ycable_utilities.y_cable_helper.gather_arg_from_db_and_check_for_type', MagicMock(return_value=(0, "fec", {"modex": "0",
                                                                                                                              "lane_mask": "0",
                                                                                                                              "direction": "0"})))
    @patch('ycable.ycable_utilities.y_cable_helper.y_cable_port_locks', MagicMock(return_value=[0]))
    def test_handle_show_event_cmd_arg_tbl_notification_no_port(self, port_instance, mock_swsscommon_table, port_instance_helper):
    
        mock_table = MagicMock()
        mock_swsscommon_table.return_value = mock_table
    
        xcvrd_show_event_cmd_sts_tbl = mock_swsscommon_table
        xcvrd_show_event_rsp_tbl = mock_swsscommon_table
        xcvrd_show_event_res_tbl = mock_swsscommon_table
        port_instance = MagicMock()
        port_instance.get_event_log.return_value = ["log 1", "log 2"]
        port_instance_helper = port_instance
    
        asic_index = 0
        port = "Ethernet0"
        fvp = {"show_event": True}
    
>       rc = handle_show_event_cmd_arg_tbl_notification(
            fvp, xcvrd_show_event_cmd_sts_tbl, xcvrd_show_event_rsp_tbl, xcvrd_show_event_res_tbl, asic_index, port)

tests/test_y_cable_helper.py:3627: 
_ _ _ _ _ _ _ _ _ _ _ _ _ _ _ _ _ _ _ _ _ _ _ _ _ _ _ _ _ _ _ _ _ _ _ _ _ _ _ _ 
ycable/ycable_utilities/y_cable_helper.py:2551: in handle_show_event_cmd_arg_tbl_notification
    physical_port = get_ycable_physical_port_from_logical_port(port)
ycable/ycable_utilities/y_cable_helper.py:228: in get_ycable_physical_port_from_logical_port
    physical_port_list = logical_port_name_to_physical_port_list(logical_port_name)
_ _ _ _ _ _ _ _ _ _ _ _ _ _ _ _ _ _ _ _ _ _ _ _ _ _ _ _ _ _ _ _ _ _ _ _ _ _ _ _ 

port_name = 'Ethernet0'

    def logical_port_name_to_physical_port_list(port_name):
        if port_name.startswith("Ethernet"):
>           if y_cable_platform_sfputil.is_logical_port(port_name):
E           AttributeError: 'NoneType' object has no attribute 'is_logical_port'

ycable/ycable_utilities/y_cable_helper.py:163: AttributeError
_ TestYCableScript.test_handle_show_event_cmd_arg_tbl_notification_no_instance _

self = <tests.test_y_cable_helper.TestYCableScript object at 0x7092355bb070>
port_instance = <MagicMock id='123773270188992'>
mock_swsscommon_table = <MagicMock name='y_cable_port_instances' id='123773270184960'>

    @patch('ycable.ycable_utilities.y_cable_helper.y_cable_port_instances')
    @patch('swsscommon.swsscommon.Table')
    @patch('ycable.ycable_utilities.y_cable_helper.gather_arg_from_db_and_check_for_type', MagicMock(return_value=(0, "fec", {"modex": "0",
                                                                                                                              "lane_mask": "0",
                                                                                                                              "direction": "0"})))
    @patch('ycable.ycable_utilities.y_cable_helper.y_cable_port_locks', MagicMock(return_value=[0]))
    @patch('ycable.ycable_utilities.y_cable_helper.get_ycable_physical_port_from_logical_port', MagicMock(return_value=(0)))
    def test_handle_show_event_cmd_arg_tbl_notification_no_instance(self, port_instance, mock_swsscommon_table):
    
        mock_table = MagicMock()
        mock_swsscommon_table.return_value = mock_table
    
        xcvrd_show_event_cmd_sts_tbl = mock_swsscommon_table
        xcvrd_show_event_rsp_tbl = mock_swsscommon_table
        xcvrd_show_event_res_tbl = mock_swsscommon_table
        port_instance = MagicMock()
        port_instance.get_event_log.return_value = ["log 1", "log 2"]
    
        asic_index = 0
        port = "Ethernet0"
        fvp = {"show_event": True}
    
>       rc = handle_show_event_cmd_arg_tbl_notification(
            fvp, xcvrd_show_event_cmd_sts_tbl, xcvrd_show_event_rsp_tbl, xcvrd_show_event_res_tbl, asic_index, port)

tests/test_y_cable_helper.py:3653: 
_ _ _ _ _ _ _ _ _ _ _ _ _ _ _ _ _ _ _ _ _ _ _ _ _ _ _ _ _ _ _ _ _ _ _ _ _ _ _ _ 
ycable/ycable_utilities/y_cable_helper.py:2558: in handle_show_event_cmd_arg_tbl_notification
    port_instance = get_ycable_port_instance_from_logical_port(port)
ycable/ycable_utilities/y_cable_helper.py:251: in get_ycable_port_instance_from_logical_port
    physical_port_list = logical_port_name_to_physical_port_list(logical_port_name)
_ _ _ _ _ _ _ _ _ _ _ _ _ _ _ _ _ _ _ _ _ _ _ _ _ _ _ _ _ _ _ _ _ _ _ _ _ _ _ _ 

port_name = 'Ethernet0'

    def logical_port_name_to_physical_port_list(port_name):
        if port_name.startswith("Ethernet"):
>           if y_cable_platform_sfputil.is_logical_port(port_name):
E           AttributeError: 'NoneType' object has no attribute 'is_logical_port'

ycable/ycable_utilities/y_cable_helper.py:163: AttributeError
____ TestYCableScript.test_handle_get_fec_cmd_arg_tbl_notification_no_port _____

self = <tests.test_y_cable_helper.TestYCableScript object at 0x7092355bb1b0>
port_instance = <MagicMock id='123773270881824'>
mock_swsscommon_table = <MagicMock name='Table' id='123773270180256'>
port_instance_helper = <MagicMock name='y_cable_port_instances' id='123773270879808'>

    @patch('ycable.ycable_utilities.y_cable_helper.y_cable_port_instances')
    @patch('swsscommon.swsscommon.Table')
    @patch('ycable.ycable_utilities.y_cable_helper.get_ycable_port_instance_from_logical_port')
    @patch('ycable.ycable_utilities.y_cable_helper.gather_arg_from_db_and_check_for_type', MagicMock(return_value=(0, "fec", {"modex": "0",
                                                                                                                              "lane_mask": "0",
                                                                                                                              "direction": "0"})))
    @patch('ycable.ycable_utilities.y_cable_helper.y_cable_port_locks', MagicMock(return_value=[0]))
    def test_handle_get_fec_cmd_arg_tbl_notification_no_port(self, port_instance, mock_swsscommon_table, port_instance_helper):
    
        mock_table = MagicMock()
        mock_swsscommon_table.return_value = mock_table
    
        xcvrd_show_ber_cmd_arg_tbl = mock_swsscommon_table
        xcvrd_show_ber_rsp_tbl = mock_swsscommon_table
        xcvrd_show_ber_cmd_sts_tbl = mock_swsscommon_table
        xcvrd_show_ber_res_tbl = mock_swsscommon_table
        port_instance = MagicMock()
    
        asic_index = 0
        port = "Ethernet0"
        fvp = {"get_ber": True}
    
>       rc = handle_show_ber_cmd_arg_tbl_notification(
            fvp, xcvrd_show_ber_cmd_arg_tbl, xcvrd_show_ber_rsp_tbl, xcvrd_show_ber_cmd_sts_tbl, xcvrd_show_ber_res_tbl, asic_index, port)

tests/test_y_cable_helper.py:3803: 
_ _ _ _ _ _ _ _ _ _ _ _ _ _ _ _ _ _ _ _ _ _ _ _ _ _ _ _ _ _ _ _ _ _ _ _ _ _ _ _ 
ycable/ycable_utilities/y_cable_helper.py:2732: in handle_show_ber_cmd_arg_tbl_notification
    physical_port = get_ycable_physical_port_from_logical_port(port)
ycable/ycable_utilities/y_cable_helper.py:228: in get_ycable_physical_port_from_logical_port
    physical_port_list = logical_port_name_to_physical_port_list(logical_port_name)
_ _ _ _ _ _ _ _ _ _ _ _ _ _ _ _ _ _ _ _ _ _ _ _ _ _ _ _ _ _ _ _ _ _ _ _ _ _ _ _ 

port_name = 'Ethernet0'

    def logical_port_name_to_physical_port_list(port_name):
        if port_name.startswith("Ethernet"):
>           if y_cable_platform_sfputil.is_logical_port(port_name):
E           AttributeError: 'NoneType' object has no attribute 'is_logical_port'

ycable/ycable_utilities/y_cable_helper.py:163: AttributeError
__ TestYCableScript.test_handle_get_fec_cmd_arg_tbl_notification_no_instance ___

self = <tests.test_y_cable_helper.TestYCableScript object at 0x7092355bb200>
port_instance = <MagicMock id='123773270182944'>
mock_swsscommon_table = <MagicMock name='y_cable_port_instances' id='123773270182272'>

    @patch('ycable.ycable_utilities.y_cable_helper.y_cable_port_instances')
    @patch('swsscommon.swsscommon.Table')
    @patch('ycable.ycable_utilities.y_cable_helper.gather_arg_from_db_and_check_for_type', MagicMock(return_value=(0, "fec", {"modex": "0",
                                                                                                                              "lane_mask": "0",
                                                                                                                              "direction": "0"})))
    @patch('ycable.ycable_utilities.y_cable_helper.get_ycable_physical_port_from_logical_port', MagicMock(return_value=(0)))
    @patch('ycable.ycable_utilities.y_cable_helper.y_cable_port_locks', MagicMock(return_value=[0]))
    def test_handle_get_fec_cmd_arg_tbl_notification_no_instance(self, port_instance, mock_swsscommon_table):
    
        mock_table = MagicMock()
        mock_swsscommon_table.return_value = mock_table
    
        xcvrd_show_ber_cmd_arg_tbl = mock_swsscommon_table
        xcvrd_show_ber_rsp_tbl = mock_swsscommon_table
        xcvrd_show_ber_cmd_sts_tbl = mock_swsscommon_table
        xcvrd_show_ber_res_tbl = mock_swsscommon_table
        port_instance = MagicMock()
    
        asic_index = 0
        port = "Ethernet0"
        fvp = {"get_ber": True}
    
>       rc = handle_show_ber_cmd_arg_tbl_notification(
            fvp, xcvrd_show_ber_cmd_arg_tbl, xcvrd_show_ber_rsp_tbl, xcvrd_show_ber_cmd_sts_tbl, xcvrd_show_ber_res_tbl, asic_index, port)

tests/test_y_cable_helper.py:3829: 
_ _ _ _ _ _ _ _ _ _ _ _ _ _ _ _ _ _ _ _ _ _ _ _ _ _ _ _ _ _ _ _ _ _ _ _ _ _ _ _ 
ycable/ycable_utilities/y_cable_helper.py:2739: in handle_show_ber_cmd_arg_tbl_notification
    port_instance = get_ycable_port_instance_from_logical_port(port)
ycable/ycable_utilities/y_cable_helper.py:251: in get_ycable_port_instance_from_logical_port
    physical_port_list = logical_port_name_to_physical_port_list(logical_port_name)
_ _ _ _ _ _ _ _ _ _ _ _ _ _ _ _ _ _ _ _ _ _ _ _ _ _ _ _ _ _ _ _ _ _ _ _ _ _ _ _ 

port_name = 'Ethernet0'

    def logical_port_name_to_physical_port_list(port_name):
        if port_name.startswith("Ethernet"):
>           if y_cable_platform_sfputil.is_logical_port(port_name):
E           AttributeError: 'NoneType' object has no attribute 'is_logical_port'

ycable/ycable_utilities/y_cable_helper.py:163: AttributeError
_ TestYCableScript.test_handle_config_firmware_roll_cmd_arg_tbl_notification_no_port _

self = <tests.test_y_cable_helper.TestYCableScript object at 0x7092352ec0f0>
port_instance = <MagicMock id='123773205906832'>
mock_swsscommon_table = <MagicMock name='Table' id='123773205915232'>
port_instance_helper = <MagicMock name='y_cable_port_instances' id='123773205913888'>

    @patch('ycable.ycable_utilities.y_cable_helper.y_cable_port_instances')
    @patch('swsscommon.swsscommon.Table')
    @patch('ycable.ycable_utilities.y_cable_helper.get_ycable_port_instance_from_logical_port')
    @patch('ycable.ycable_utilities.y_cable_helper.gather_arg_from_db_and_check_for_type', MagicMock(return_value=(0, "fec", {"modex": "0",
                                                                                                                              "lane_mask": "0",
                                                                                                                              "direction": "0"})))
    @patch('ycable.ycable_utilities.y_cable_helper.y_cable_port_locks', MagicMock(return_value=[0]))
    def test_handle_config_firmware_roll_cmd_arg_tbl_notification_no_port(self, port_instance, mock_swsscommon_table, port_instance_helper):
    
        mock_table = MagicMock()
        mock_swsscommon_table.return_value = mock_table
    
        xcvrd_down_fw_cmd_sts_tbl = mock_swsscommon_table
        xcvrd_down_fw_rsp_tbl = mock_swsscommon_table
        port_instance = MagicMock()
    
        asic_index = 0
        port = "Ethernet0"
        fvp = {"rollback_firmware": "null"}
    
>       rc = handle_config_firmware_roll_cmd_arg_tbl_notification(
            fvp, xcvrd_down_fw_cmd_sts_tbl, xcvrd_down_fw_rsp_tbl, asic_index, port)

tests/test_y_cable_helper.py:5047: 
_ _ _ _ _ _ _ _ _ _ _ _ _ _ _ _ _ _ _ _ _ _ _ _ _ _ _ _ _ _ _ _ _ _ _ _ _ _ _ _ 
ycable/ycable_utilities/y_cable_helper.py:2652: in handle_config_firmware_roll_cmd_arg_tbl_notification
    physical_port = get_ycable_physical_port_from_logical_port(port)
ycable/ycable_utilities/y_cable_helper.py:228: in get_ycable_physical_port_from_logical_port
    physical_port_list = logical_port_name_to_physical_port_list(logical_port_name)
_ _ _ _ _ _ _ _ _ _ _ _ _ _ _ _ _ _ _ _ _ _ _ _ _ _ _ _ _ _ _ _ _ _ _ _ _ _ _ _ 

port_name = 'Ethernet0'

    def logical_port_name_to_physical_port_list(port_name):
        if port_name.startswith("Ethernet"):
>           if y_cable_platform_sfputil.is_logical_port(port_name):
E           AttributeError: 'NoneType' object has no attribute 'is_logical_port'

ycable/ycable_utilities/y_cable_helper.py:163: AttributeError
_ TestYCableScript.test_handle_config_firmware_roll_cmd_arg_tbl_notification_no_instance _

self = <tests.test_y_cable_helper.TestYCableScript object at 0x7092352ec140>
mock_swsscommon_table = <MagicMock name='Table' id='123773205906496'>

    @patch('swsscommon.swsscommon.Table')
    @patch('ycable.ycable_utilities.y_cable_helper.gather_arg_from_db_and_check_for_type', MagicMock(return_value=(0, "fec", {"modex": "0",
                                                                                                                              "lane_mask": "0",
                                                                                                                              "direction": "0"})))
    @patch('ycable.ycable_utilities.y_cable_helper.y_cable_port_locks', MagicMock(return_value=[0]))
    def test_handle_config_firmware_roll_cmd_arg_tbl_notification_no_instance(self, mock_swsscommon_table):
    
        mock_table = MagicMock()
        mock_swsscommon_table.return_value = mock_table
    
        xcvrd_down_fw_cmd_sts_tbl = mock_swsscommon_table
        xcvrd_down_fw_rsp_tbl = mock_swsscommon_table
    
        asic_index = 0
        port = "Ethernet0"
        fvp = {"rollback_firmware": "null"}
    
>       rc = handle_config_firmware_roll_cmd_arg_tbl_notification(
            fvp, xcvrd_down_fw_cmd_sts_tbl, xcvrd_down_fw_rsp_tbl, asic_index, port)

tests/test_y_cable_helper.py:5068: 
_ _ _ _ _ _ _ _ _ _ _ _ _ _ _ _ _ _ _ _ _ _ _ _ _ _ _ _ _ _ _ _ _ _ _ _ _ _ _ _ 
ycable/ycable_utilities/y_cable_helper.py:2652: in handle_config_firmware_roll_cmd_arg_tbl_notification
    physical_port = get_ycable_physical_port_from_logical_port(port)
ycable/ycable_utilities/y_cable_helper.py:228: in get_ycable_physical_port_from_logical_port
    physical_port_list = logical_port_name_to_physical_port_list(logical_port_name)
_ _ _ _ _ _ _ _ _ _ _ _ _ _ _ _ _ _ _ _ _ _ _ _ _ _ _ _ _ _ _ _ _ _ _ _ _ _ _ _ 

port_name = 'Ethernet0'

    def logical_port_name_to_physical_port_list(port_name):
        if port_name.startswith("Ethernet"):
>           if y_cable_platform_sfputil.is_logical_port(port_name):
E           AttributeError: 'NoneType' object has no attribute 'is_logical_port'

ycable/ycable_utilities/y_cable_helper.py:163: AttributeError
_ TestYCableScript.test_handle_config_firmware_roll_cmd_arg_tbl_notification_with_instance _

self = <tests.test_y_cable_helper.TestYCableScript object at 0x7092352ec190>
port_instance = <MagicMock id='123773199411120'>
mock_swsscommon_table = <MagicMock name='y_cable_port_instances' id='123773205910192'>

    @patch('ycable.ycable_utilities.y_cable_helper.y_cable_port_instances')
    @patch('swsscommon.swsscommon.Table')
    @patch('ycable.ycable_utilities.y_cable_helper.gather_arg_from_db_and_check_for_type', MagicMock(return_value=(0, "fec", {"modex": "0",
                                                                                                                              "lane_mask": "0",
                                                                                                                              "direction": "0"})))
    @patch('ycable.ycable_utilities.y_cable_helper.get_ycable_physical_port_from_logical_port', MagicMock(return_value=(0)))
    @patch('ycable.ycable_utilities.y_cable_helper.y_cable_port_locks', MagicMock(return_value=[0]))
    def test_handle_config_firmware_roll_cmd_arg_tbl_notification_with_instance(self, port_instance, mock_swsscommon_table):
    
        mock_table = MagicMock()
        mock_swsscommon_table.return_value = mock_table
    
        xcvrd_down_fw_cmd_sts_tbl = mock_swsscommon_table
        xcvrd_down_fw_rsp_tbl = mock_swsscommon_table
        port_instance = MagicMock()
    
        asic_index = 0
        port = "Ethernet0"
        fvp = {"rollback_firmware": "null"}
    
>       rc = handle_config_firmware_roll_cmd_arg_tbl_notification(
            fvp, xcvrd_down_fw_cmd_sts_tbl, xcvrd_down_fw_rsp_tbl, asic_index, port)

tests/test_y_cable_helper.py:5092: 
_ _ _ _ _ _ _ _ _ _ _ _ _ _ _ _ _ _ _ _ _ _ _ _ _ _ _ _ _ _ _ _ _ _ _ _ _ _ _ _ 
ycable/ycable_utilities/y_cable_helper.py:2659: in handle_config_firmware_roll_cmd_arg_tbl_notification
    port_instance = get_ycable_port_instance_from_logical_port(port)
ycable/ycable_utilities/y_cable_helper.py:251: in get_ycable_port_instance_from_logical_port
    physical_port_list = logical_port_name_to_physical_port_list(logical_port_name)
_ _ _ _ _ _ _ _ _ _ _ _ _ _ _ _ _ _ _ _ _ _ _ _ _ _ _ _ _ _ _ _ _ _ _ _ _ _ _ _ 

port_name = 'Ethernet0'

    def logical_port_name_to_physical_port_list(port_name):
        if port_name.startswith("Ethernet"):
>           if y_cable_platform_sfputil.is_logical_port(port_name):
E           AttributeError: 'NoneType' object has no attribute 'is_logical_port'

ycable/ycable_utilities/y_cable_helper.py:163: AttributeError
_ TestYCableScript.test_handle_config_firmware_roll_cmd_arg_tbl_notification_no_port_and_instance _

self = <tests.test_y_cable_helper.TestYCableScript object at 0x7092352ec230>
port_instance = <MagicMock id='123773199410784'>
mock_swsscommon_table = <MagicMock name='Table' id='123773199416832'>
port_instance_helper = <MagicMock name='y_cable_port_instances' id='123773199415152'>

    @patch('ycable.ycable_utilities.y_cable_helper.y_cable_port_instances')
    @patch('swsscommon.swsscommon.Table')
    @patch('ycable.ycable_utilities.y_cable_helper.get_ycable_port_instance_from_logical_port')
    @patch('ycable.ycable_utilities.y_cable_helper.gather_arg_from_db_and_check_for_type', MagicMock(return_value=(0, "fec", {"modex": "0",
                                                                                                                              "lane_mask": "0",
                                                                                                                              "direction": "0"})))
    @patch('ycable.ycable_utilities.y_cable_helper.y_cable_port_locks', MagicMock(return_value=[0]))
    def test_handle_config_firmware_roll_cmd_arg_tbl_notification_no_port_and_instance(self, port_instance, mock_swsscommon_table, port_instance_helper):
    
        mock_table = MagicMock()
        mock_swsscommon_table.return_value = mock_table
    
        xcvrd_down_fw_cmd_sts_tbl = mock_swsscommon_table
        xcvrd_down_fw_rsp_tbl = mock_swsscommon_table
        port_instance = MagicMock()
    
        asic_index = 0
        port = "Ethernet0"
        fvp = {"rollback_firmware": "null"}
    
>       rc = handle_config_firmware_roll_cmd_arg_tbl_notification(
            fvp, xcvrd_down_fw_cmd_sts_tbl, xcvrd_down_fw_rsp_tbl, asic_index, port)

tests/test_y_cable_helper.py:5116: 
_ _ _ _ _ _ _ _ _ _ _ _ _ _ _ _ _ _ _ _ _ _ _ _ _ _ _ _ _ _ _ _ _ _ _ _ _ _ _ _ 
ycable/ycable_utilities/y_cable_helper.py:2652: in handle_config_firmware_roll_cmd_arg_tbl_notification
    physical_port = get_ycable_physical_port_from_logical_port(port)
ycable/ycable_utilities/y_cable_helper.py:228: in get_ycable_physical_port_from_logical_port
    physical_port_list = logical_port_name_to_physical_port_list(logical_port_name)
_ _ _ _ _ _ _ _ _ _ _ _ _ _ _ _ _ _ _ _ _ _ _ _ _ _ _ _ _ _ _ _ _ _ _ _ _ _ _ _ 

port_name = 'Ethernet0'

    def logical_port_name_to_physical_port_list(port_name):
        if port_name.startswith("Ethernet"):
>           if y_cable_platform_sfputil.is_logical_port(port_name):
E           AttributeError: 'NoneType' object has no attribute 'is_logical_port'

ycable/ycable_utilities/y_cable_helper.py:163: AttributeError
_ TestYCableScript.test_handle_config_firmware_down_cmd_arg_tbl_notification_no_port _

self = <tests.test_y_cable_helper.TestYCableScript object at 0x7092352ec280>
mock_swsscommon_table = <MagicMock name='Table' id='123773199405744'>

    @patch('swsscommon.swsscommon.Table')
    @patch('ycable.ycable_utilities.y_cable_helper.gather_arg_from_db_and_check_for_type', MagicMock(return_value=(0, "fec", {"modex": "0",
                                                                                                                              "lane_mask": "0",
                                                                                                                              "direction": "0"})))
    @patch('ycable.ycable_utilities.y_cable_helper.y_cable_port_locks', MagicMock(return_value=[0]))
    @patch('os.path.isfile', MagicMock(return_value=True))
    def test_handle_config_firmware_down_cmd_arg_tbl_notification_no_port(self, mock_swsscommon_table):
    
        mock_table = MagicMock()
        mock_swsscommon_table.return_value = mock_table
    
        xcvrd_down_fw_cmd_sts_tbl = mock_swsscommon_table
        xcvrd_down_fw_rsp_tbl = mock_swsscommon_table
    
        asic_index = 0
        task_download_firmware_thread = {}
        port = "Ethernet0"
        fvp = {"download_firmware": "null"}
    
>       rc = handle_config_firmware_down_cmd_arg_tbl_notification(
            fvp, xcvrd_down_fw_cmd_sts_tbl, xcvrd_down_fw_rsp_tbl, asic_index, port, task_download_firmware_thread)

tests/test_y_cable_helper.py:5139: 
_ _ _ _ _ _ _ _ _ _ _ _ _ _ _ _ _ _ _ _ _ _ _ _ _ _ _ _ _ _ _ _ _ _ _ _ _ _ _ _ 
ycable/ycable_utilities/y_cable_helper.py:2696: in handle_config_firmware_down_cmd_arg_tbl_notification
    physical_port = get_ycable_physical_port_from_logical_port(port)
ycable/ycable_utilities/y_cable_helper.py:228: in get_ycable_physical_port_from_logical_port
    physical_port_list = logical_port_name_to_physical_port_list(logical_port_name)
_ _ _ _ _ _ _ _ _ _ _ _ _ _ _ _ _ _ _ _ _ _ _ _ _ _ _ _ _ _ _ _ _ _ _ _ _ _ _ _ 

port_name = 'Ethernet0'

    def logical_port_name_to_physical_port_list(port_name):
        if port_name.startswith("Ethernet"):
>           if y_cable_platform_sfputil.is_logical_port(port_name):
E           AttributeError: 'NoneType' object has no attribute 'is_logical_port'

ycable/ycable_utilities/y_cable_helper.py:163: AttributeError
_ TestYCableScript.test_handle_config_firmware_down_cmd_arg_tbl_notification_no_instance _

self = <tests.test_y_cable_helper.TestYCableScript object at 0x7092352ec3c0>
mock_swsscommon_table = <MagicMock name='Table' id='123773199401040'>

    @patch('swsscommon.swsscommon.Table')
    @patch('ycable.ycable_utilities.y_cable_helper.gather_arg_from_db_and_check_for_type', MagicMock(return_value=(0, "fec", {"modex": "0",
                                                                                                                              "lane_mask": "0",
                                                                                                                              "direction": "0"})))
    @patch('ycable.ycable_utilities.y_cable_helper.get_ycable_physical_port_from_logical_port', MagicMock(return_value=(0)))
    @patch('ycable.ycable_utilities.y_cable_helper.y_cable_port_locks', MagicMock(return_value=[0]))
    @patch('os.path.isfile', MagicMock(return_value=True))
    def test_handle_config_firmware_down_cmd_arg_tbl_notification_no_instance(self, mock_swsscommon_table):
    
        mock_table = MagicMock()
        mock_swsscommon_table.return_value = mock_table
    
        xcvrd_down_fw_cmd_sts_tbl = mock_swsscommon_table
        xcvrd_down_fw_rsp_tbl = mock_swsscommon_table
    
        asic_index = 0
        task_download_firmware_thread = {}
        port = "Ethernet0"
        fvp = {"download_firmware": "null"}
    
>       rc = handle_config_firmware_down_cmd_arg_tbl_notification(
            fvp, xcvrd_down_fw_cmd_sts_tbl, xcvrd_down_fw_rsp_tbl, asic_index, port, task_download_firmware_thread)

tests/test_y_cable_helper.py:5219: 
_ _ _ _ _ _ _ _ _ _ _ _ _ _ _ _ _ _ _ _ _ _ _ _ _ _ _ _ _ _ _ _ _ _ _ _ _ _ _ _ 
ycable/ycable_utilities/y_cable_helper.py:2704: in handle_config_firmware_down_cmd_arg_tbl_notification
    port_instance = get_ycable_port_instance_from_logical_port(port)
ycable/ycable_utilities/y_cable_helper.py:251: in get_ycable_port_instance_from_logical_port
    physical_port_list = logical_port_name_to_physical_port_list(logical_port_name)
_ _ _ _ _ _ _ _ _ _ _ _ _ _ _ _ _ _ _ _ _ _ _ _ _ _ _ _ _ _ _ _ _ _ _ _ _ _ _ _ 

port_name = 'Ethernet0'

    def logical_port_name_to_physical_port_list(port_name):
        if port_name.startswith("Ethernet"):
>           if y_cable_platform_sfputil.is_logical_port(port_name):
E           AttributeError: 'NoneType' object has no attribute 'is_logical_port'

ycable/ycable_utilities/y_cable_helper.py:163: AttributeError
_ TestYCableScript.test_handle_config_firmware_acti_cmd_arg_tbl_notification_no_port _

self = <tests.test_y_cable_helper.TestYCableScript object at 0x7092352ec410>
mock_swsscommon_table = <MagicMock name='Table' id='123773199405408'>

    @patch('swsscommon.swsscommon.Table')
    @patch('ycable.ycable_utilities.y_cable_helper.gather_arg_from_db_and_check_for_type', MagicMock(return_value=(0, "fec", {"modex": "0",
                                                                                                                              "lane_mask": "0",
                                                                                                                              "direction": "0"})))
    @patch('ycable.ycable_utilities.y_cable_helper.y_cable_port_locks', MagicMock(return_value=[0]))
    @patch('os.path.isfile', MagicMock(return_value=True))
    def test_handle_config_firmware_acti_cmd_arg_tbl_notification_no_port(self, mock_swsscommon_table):
    
        mock_table = MagicMock()
        mock_swsscommon_table.return_value = mock_table
    
        xcvrd_down_fw_cmd_sts_tbl = mock_swsscommon_table
        xcvrd_down_fw_rsp_tbl = mock_swsscommon_table
        xcvrd_acti_fw_cmd_arg_tbl = mock_swsscommon_table
    
        asic_index = 0
        task_download_firmware_thread = {}
        port = "Ethernet0"
        fvp = {"activate_firmware": "null"}
    
>       rc = handle_config_firmware_acti_cmd_arg_tbl_notification(
            fvp, xcvrd_down_fw_cmd_sts_tbl, xcvrd_down_fw_rsp_tbl, xcvrd_acti_fw_cmd_arg_tbl, asic_index, port)

tests/test_y_cable_helper.py:5243: 
_ _ _ _ _ _ _ _ _ _ _ _ _ _ _ _ _ _ _ _ _ _ _ _ _ _ _ _ _ _ _ _ _ _ _ _ _ _ _ _ 
ycable/ycable_utilities/y_cable_helper.py:3039: in handle_config_firmware_acti_cmd_arg_tbl_notification
    physical_port = get_ycable_physical_port_from_logical_port(port)
ycable/ycable_utilities/y_cable_helper.py:228: in get_ycable_physical_port_from_logical_port
    physical_port_list = logical_port_name_to_physical_port_list(logical_port_name)
_ _ _ _ _ _ _ _ _ _ _ _ _ _ _ _ _ _ _ _ _ _ _ _ _ _ _ _ _ _ _ _ _ _ _ _ _ _ _ _ 

port_name = 'Ethernet0'

    def logical_port_name_to_physical_port_list(port_name):
        if port_name.startswith("Ethernet"):
>           if y_cable_platform_sfputil.is_logical_port(port_name):
E           AttributeError: 'NoneType' object has no attribute 'is_logical_port'

ycable/ycable_utilities/y_cable_helper.py:163: AttributeError
_ TestYCableScript.test_handle_config_firmware_acti_cmd_arg_tbl_notification_no_instance _

self = <tests.test_y_cable_helper.TestYCableScript object at 0x7092352ec550>
mock_swsscommon_table = <MagicMock name='Table' id='123773198679552'>

    @patch('swsscommon.swsscommon.Table')
    @patch('ycable.ycable_utilities.y_cable_helper.gather_arg_from_db_and_check_for_type', MagicMock(return_value=(0, "fec", {"modex": "0",
                                                                                                                              "lane_mask": "0",
                                                                                                                              "direction": "0"})))
    @patch('ycable.ycable_utilities.y_cable_helper.get_ycable_physical_port_from_logical_port', MagicMock(return_value=(0)))
    @patch('ycable.ycable_utilities.y_cable_helper.y_cable_port_locks', MagicMock(return_value=[0]))
    @patch('os.path.isfile', MagicMock(return_value=True))
    def test_handle_config_firmware_acti_cmd_arg_tbl_notification_no_instance(self, mock_swsscommon_table):
    
        mock_table = MagicMock()
        mock_swsscommon_table.return_value = mock_table
    
        xcvrd_down_fw_cmd_sts_tbl = mock_swsscommon_table
        xcvrd_down_fw_rsp_tbl = mock_swsscommon_table
        xcvrd_acti_fw_cmd_arg_tbl = mock_swsscommon_table
    
        asic_index = 0
        task_download_firmware_thread = {}
        port = "Ethernet0"
        fvp = {"activate_firmware": "null"}
    
>       rc = handle_config_firmware_acti_cmd_arg_tbl_notification(
            fvp, xcvrd_down_fw_cmd_sts_tbl, xcvrd_down_fw_rsp_tbl, xcvrd_acti_fw_cmd_arg_tbl, asic_index, port)

tests/test_y_cable_helper.py:5327: 
_ _ _ _ _ _ _ _ _ _ _ _ _ _ _ _ _ _ _ _ _ _ _ _ _ _ _ _ _ _ _ _ _ _ _ _ _ _ _ _ 
ycable/ycable_utilities/y_cable_helper.py:3046: in handle_config_firmware_acti_cmd_arg_tbl_notification
    port_instance = get_ycable_port_instance_from_logical_port(port)
ycable/ycable_utilities/y_cable_helper.py:251: in get_ycable_port_instance_from_logical_port
    physical_port_list = logical_port_name_to_physical_port_list(logical_port_name)
_ _ _ _ _ _ _ _ _ _ _ _ _ _ _ _ _ _ _ _ _ _ _ _ _ _ _ _ _ _ _ _ _ _ _ _ _ _ _ _ 

port_name = 'Ethernet0'

    def logical_port_name_to_physical_port_list(port_name):
        if port_name.startswith("Ethernet"):
>           if y_cable_platform_sfputil.is_logical_port(port_name):
E           AttributeError: 'NoneType' object has no attribute 'is_logical_port'

ycable/ycable_utilities/y_cable_helper.py:163: AttributeError
_ TestYCableScript.test_handle_show_firmware_show_cmd_arg_tbl_notification_no_port _

self = <tests.test_y_cable_helper.TestYCableScript object at 0x7092352ec5a0>
mock_swsscommon_table = <MagicMock name='Table' id='123773198668464'>

    @patch('swsscommon.swsscommon.Table')
    @patch('ycable.ycable_utilities.y_cable_helper.gather_arg_from_db_and_check_for_type', MagicMock(return_value=(0, "fec", {"modex": "0",
                                                                                                                              "lane_mask": "0",
                                                                                                                              "direction": "0"})))
    @patch('ycable.ycable_utilities.y_cable_helper.y_cable_port_locks', MagicMock(return_value=[0]))
    @patch('os.path.isfile', MagicMock(return_value=True))
    def test_handle_show_firmware_show_cmd_arg_tbl_notification_no_port(self, mock_swsscommon_table):
    
        mock_table = MagicMock()
        mock_swsscommon_table.return_value = mock_table
    
        xcvrd_down_fw_cmd_sts_tbl = mock_swsscommon_table
        xcvrd_down_fw_rsp_tbl = mock_swsscommon_table
        xcvrd_acti_fw_cmd_arg_tbl = mock_swsscommon_table
        xcvrd_show_fw_res_tbl = mock_swsscommon_table
        mux_tbl = mock_swsscommon_table
    
        asic_index = 0
        task_download_firmware_thread = {}
        port = "Ethernet0"
        fvp = {"firmware_version": "null"}
    
>       rc = handle_show_firmware_show_cmd_arg_tbl_notification(
            fvp, xcvrd_down_fw_cmd_sts_tbl, xcvrd_down_fw_rsp_tbl, xcvrd_show_fw_res_tbl, asic_index, port, mux_tbl)

tests/test_y_cable_helper.py:5353: 
_ _ _ _ _ _ _ _ _ _ _ _ _ _ _ _ _ _ _ _ _ _ _ _ _ _ _ _ _ _ _ _ _ _ _ _ _ _ _ _ 
ycable/ycable_utilities/y_cable_helper.py:2966: in handle_show_firmware_show_cmd_arg_tbl_notification
    physical_port = get_ycable_physical_port_from_logical_port(port)
ycable/ycable_utilities/y_cable_helper.py:228: in get_ycable_physical_port_from_logical_port
    physical_port_list = logical_port_name_to_physical_port_list(logical_port_name)
_ _ _ _ _ _ _ _ _ _ _ _ _ _ _ _ _ _ _ _ _ _ _ _ _ _ _ _ _ _ _ _ _ _ _ _ _ _ _ _ 

port_name = 'Ethernet0'

    def logical_port_name_to_physical_port_list(port_name):
        if port_name.startswith("Ethernet"):
>           if y_cable_platform_sfputil.is_logical_port(port_name):
E           AttributeError: 'NoneType' object has no attribute 'is_logical_port'

ycable/ycable_utilities/y_cable_helper.py:163: AttributeError
_ TestYCableScript.test_handle_show_firmware_show_cmd_arg_tbl_notification_no_instance _

self = <tests.test_y_cable_helper.TestYCableScript object at 0x7092352ec690>
mock_swsscommon_table = <MagicMock name='Table' id='123773198669808'>

    @patch('swsscommon.swsscommon.Table')
    @patch('ycable.ycable_utilities.y_cable_helper.gather_arg_from_db_and_check_for_type', MagicMock(return_value=(0, "fec", {"modex": "0",
                                                                                                                              "lane_mask": "0",
                                                                                                                              "direction": "0"})))
    @patch('ycable.ycable_utilities.y_cable_helper.get_ycable_physical_port_from_logical_port', MagicMock(return_value=(0)))
    @patch('ycable.ycable_utilities.y_cable_helper.y_cable_port_locks', MagicMock(return_value=[0]))
    @patch('os.path.isfile', MagicMock(return_value=True))
    def test_handle_show_firmware_show_cmd_arg_tbl_notification_no_instance(self, mock_swsscommon_table):
    
        mock_table = MagicMock()
        mock_swsscommon_table.return_value = mock_table
    
        xcvrd_down_fw_cmd_sts_tbl = mock_swsscommon_table
        xcvrd_down_fw_rsp_tbl = mock_swsscommon_table
        xcvrd_acti_fw_cmd_arg_tbl = mock_swsscommon_table
        xcvrd_show_fw_res_tbl = mock_swsscommon_table
        mux_tbl = mock_swsscommon_table
    
        asic_index = 0
        task_download_firmware_thread = {}
        port = "Ethernet0"
        fvp = {"firmware_version": "null"}
    
>       rc = handle_show_firmware_show_cmd_arg_tbl_notification(
            fvp, xcvrd_down_fw_cmd_sts_tbl, xcvrd_down_fw_rsp_tbl, xcvrd_show_fw_res_tbl, asic_index, port, mux_tbl)

tests/test_y_cable_helper.py:5464: 
_ _ _ _ _ _ _ _ _ _ _ _ _ _ _ _ _ _ _ _ _ _ _ _ _ _ _ _ _ _ _ _ _ _ _ _ _ _ _ _ 
ycable/ycable_utilities/y_cable_helper.py:2974: in handle_show_firmware_show_cmd_arg_tbl_notification
    port_instance = get_ycable_port_instance_from_logical_port(port)
ycable/ycable_utilities/y_cable_helper.py:251: in get_ycable_port_instance_from_logical_port
    physical_port_list = logical_port_name_to_physical_port_list(logical_port_name)
_ _ _ _ _ _ _ _ _ _ _ _ _ _ _ _ _ _ _ _ _ _ _ _ _ _ _ _ _ _ _ _ _ _ _ _ _ _ _ _ 

port_name = 'Ethernet0'

    def logical_port_name_to_physical_port_list(port_name):
        if port_name.startswith("Ethernet"):
>           if y_cable_platform_sfputil.is_logical_port(port_name):
E           AttributeError: 'NoneType' object has no attribute 'is_logical_port'

ycable/ycable_utilities/y_cable_helper.py:163: AttributeError
_ TestYCableScript.test_handle_config_mux_switchmode_cmd_arg_tbl_notification_no_port _

self = <tests.test_y_cable_helper.TestYCableScript object at 0x7092352ec6e0>
mock_swsscommon_table = <MagicMock name='Table' id='123773264334528'>

    @patch('swsscommon.swsscommon.Table')
    @patch('ycable.ycable_utilities.y_cable_helper.gather_arg_from_db_and_check_for_type', MagicMock(return_value=(0, "fec", {"modex": "0",
                                                                                                                              "lane_mask": "0",
                                                                                                                              "direction": "0"})))
    @patch('ycable.ycable_utilities.y_cable_helper.y_cable_port_locks', MagicMock(return_value=[0]))
    @patch('os.path.isfile', MagicMock(return_value=True))
    def test_handle_config_mux_switchmode_cmd_arg_tbl_notification_no_port(self, mock_swsscommon_table):
    
        mock_table = MagicMock()
        mock_swsscommon_table.return_value = mock_table
    
        xcvrd_config_hwmode_swmode_cmd_sts_tbl = mock_swsscommon_table
        xcvrd_config_hwmode_swmode_rsp_tbl = mock_swsscommon_table
        xcvrd_acti_fw_cmd_arg_tbl = mock_swsscommon_table
        xcvrd_show_fw_res_tbl = mock_swsscommon_table
    
        asic_index = 0
        task_download_firmware_thread = {}
        port = "Ethernet0"
        fvp = {"config": "null"}
    
>       rc = handle_config_mux_switchmode_arg_tbl_notification(
            fvp, xcvrd_config_hwmode_swmode_cmd_sts_tbl, xcvrd_config_hwmode_swmode_rsp_tbl, asic_index, port)

tests/test_y_cable_helper.py:5489: 
_ _ _ _ _ _ _ _ _ _ _ _ _ _ _ _ _ _ _ _ _ _ _ _ _ _ _ _ _ _ _ _ _ _ _ _ _ _ _ _ 
ycable/ycable_utilities/y_cable_helper.py:2889: in handle_config_mux_switchmode_arg_tbl_notification
    physical_port = get_ycable_physical_port_from_logical_port(port)
ycable/ycable_utilities/y_cable_helper.py:228: in get_ycable_physical_port_from_logical_port
    physical_port_list = logical_port_name_to_physical_port_list(logical_port_name)
_ _ _ _ _ _ _ _ _ _ _ _ _ _ _ _ _ _ _ _ _ _ _ _ _ _ _ _ _ _ _ _ _ _ _ _ _ _ _ _ 

port_name = 'Ethernet0'

    def logical_port_name_to_physical_port_list(port_name):
        if port_name.startswith("Ethernet"):
>           if y_cable_platform_sfputil.is_logical_port(port_name):
E           AttributeError: 'NoneType' object has no attribute 'is_logical_port'

ycable/ycable_utilities/y_cable_helper.py:163: AttributeError
_ TestYCableScript.test_handle_config_mux_switchmode_cmd_arg_tbl_notification_no_instance _

self = <tests.test_y_cable_helper.TestYCableScript object at 0x7092352ec820>
mock_swsscommon_table = <MagicMock name='Table' id='123773206548832'>

    @patch('swsscommon.swsscommon.Table')
    @patch('ycable.ycable_utilities.y_cable_helper.gather_arg_from_db_and_check_for_type', MagicMock(return_value=(0, "fec", {"modex": "0",
                                                                                                                              "lane_mask": "0",
                                                                                                                              "direction": "0"})))
    @patch('ycable.ycable_utilities.y_cable_helper.get_ycable_physical_port_from_logical_port', MagicMock(return_value=(0)))
    @patch('ycable.ycable_utilities.y_cable_helper.y_cable_port_locks', MagicMock(return_value=[0]))
    @patch('os.path.isfile', MagicMock(return_value=True))
    def test_handle_config_mux_switchmode_cmd_arg_tbl_notification_no_instance(self, mock_swsscommon_table):
    
        mock_table = MagicMock()
        mock_swsscommon_table.return_value = mock_table
    
        xcvrd_config_hwmode_swmode_cmd_sts_tbl = mock_swsscommon_table
        xcvrd_config_hwmode_swmode_rsp_tbl = mock_swsscommon_table
        xcvrd_show_hwmode_swmode_cmd_sts_tbl = mock_swsscommon_table
        xcvrd_show_hwmode_swmode_rsp_tbl = mock_swsscommon_table
    
        asic_index = 0
        task_download_firmware_thread = {}
        port = "Ethernet0"
        fvp = {"config": "manual"}
    
>       rc = handle_config_mux_switchmode_arg_tbl_notification(
            fvp, xcvrd_config_hwmode_swmode_cmd_sts_tbl, xcvrd_config_hwmode_swmode_rsp_tbl, asic_index, port)

tests/test_y_cable_helper.py:5713: 
_ _ _ _ _ _ _ _ _ _ _ _ _ _ _ _ _ _ _ _ _ _ _ _ _ _ _ _ _ _ _ _ _ _ _ _ _ _ _ _ 
ycable/ycable_utilities/y_cable_helper.py:2897: in handle_config_mux_switchmode_arg_tbl_notification
    port_instance = get_ycable_port_instance_from_logical_port(port)
ycable/ycable_utilities/y_cable_helper.py:251: in get_ycable_port_instance_from_logical_port
    physical_port_list = logical_port_name_to_physical_port_list(logical_port_name)
_ _ _ _ _ _ _ _ _ _ _ _ _ _ _ _ _ _ _ _ _ _ _ _ _ _ _ _ _ _ _ _ _ _ _ _ _ _ _ _ 

port_name = 'Ethernet0'

    def logical_port_name_to_physical_port_list(port_name):
        if port_name.startswith("Ethernet"):
>           if y_cable_platform_sfputil.is_logical_port(port_name):
E           AttributeError: 'NoneType' object has no attribute 'is_logical_port'

ycable/ycable_utilities/y_cable_helper.py:163: AttributeError
_ TestYCableScript.test_handle_show_mux_switchmode_cmd_arg_tbl_notification_no_port _

self = <tests.test_y_cable_helper.TestYCableScript object at 0x7092352ec8c0>
mock_swsscommon_table = <MagicMock name='Table' id='123773206550176'>

    @patch('swsscommon.swsscommon.Table')
    @patch('ycable.ycable_utilities.y_cable_helper.gather_arg_from_db_and_check_for_type', MagicMock(return_value=(0, "fec", {"modex": "0",
                                                                                                                              "lane_mask": "0",
                                                                                                                              "direction": "0"})))
    @patch('ycable.ycable_utilities.y_cable_helper.y_cable_port_locks', MagicMock(return_value=[0]))
    @patch('os.path.isfile', MagicMock(return_value=True))
    def test_handle_show_mux_switchmode_cmd_arg_tbl_notification_no_port(self, mock_swsscommon_table):
    
        mock_table = MagicMock()
        mock_swsscommon_table.return_value = mock_table
    
        xcvrd_config_hwmode_swmode_cmd_sts_tbl = mock_swsscommon_table
        xcvrd_config_hwmode_swmode_rsp_tbl = mock_swsscommon_table
        xcvrd_show_hwmode_swmode_cmd_sts_tbl = mock_swsscommon_table
        xcvrd_show_hwmode_swmode_rsp_tbl = mock_swsscommon_table
        hw_mux_cable_tbl = mock_swsscommon_table
    
        asic_index = 0
        task_download_firmware_thread = {}
        port = "Ethernet0"
        fvp = {"state": "null"}
    
>       rc = handle_show_hwmode_swmode_cmd_arg_tbl_notification(
            fvp, xcvrd_show_hwmode_swmode_cmd_sts_tbl, xcvrd_show_hwmode_swmode_rsp_tbl, asic_index, port)

tests/test_y_cable_helper.py:5796: 
_ _ _ _ _ _ _ _ _ _ _ _ _ _ _ _ _ _ _ _ _ _ _ _ _ _ _ _ _ _ _ _ _ _ _ _ _ _ _ _ 
ycable/ycable_utilities/y_cable_helper.py:3075: in handle_show_hwmode_swmode_cmd_arg_tbl_notification
    physical_port = get_ycable_physical_port_from_logical_port(port)
ycable/ycable_utilities/y_cable_helper.py:228: in get_ycable_physical_port_from_logical_port
    physical_port_list = logical_port_name_to_physical_port_list(logical_port_name)
_ _ _ _ _ _ _ _ _ _ _ _ _ _ _ _ _ _ _ _ _ _ _ _ _ _ _ _ _ _ _ _ _ _ _ _ _ _ _ _ 

port_name = 'Ethernet0'

    def logical_port_name_to_physical_port_list(port_name):
        if port_name.startswith("Ethernet"):
>           if y_cable_platform_sfputil.is_logical_port(port_name):
E           AttributeError: 'NoneType' object has no attribute 'is_logical_port'

ycable/ycable_utilities/y_cable_helper.py:163: AttributeError
_ TestYCableScript.test_handle_show_mux_switchmode_cmd_arg_tbl_notification_no_instance _

self = <tests.test_y_cable_helper.TestYCableScript object at 0x7092352ec9b0>
mock_swsscommon_table = <MagicMock name='Table' id='123773206554208'>

    @patch('swsscommon.swsscommon.Table')
    @patch('ycable.ycable_utilities.y_cable_helper.gather_arg_from_db_and_check_for_type', MagicMock(return_value=(0, "fec", {"modex": "0",
                                                                                                                              "lane_mask": "0",
                                                                                                                              "direction": "0"})))
    @patch('ycable.ycable_utilities.y_cable_helper.get_ycable_physical_port_from_logical_port', MagicMock(return_value=(0)))
    @patch('ycable.ycable_utilities.y_cable_helper.y_cable_port_locks', MagicMock(return_value=[0]))
    @patch('os.path.isfile', MagicMock(return_value=True))
    def test_handle_show_mux_switchmode_cmd_arg_tbl_notification_no_instance(self, mock_swsscommon_table):
    
        mock_table = MagicMock()
        mock_swsscommon_table.return_value = mock_table
    
        xcvrd_config_hwmode_swmode_cmd_sts_tbl = mock_swsscommon_table
        xcvrd_config_hwmode_swmode_rsp_tbl = mock_swsscommon_table
        xcvrd_show_hwmode_swmode_cmd_sts_tbl = mock_swsscommon_table
        xcvrd_show_hwmode_swmode_rsp_tbl = mock_swsscommon_table
    
        asic_index = 0
        task_download_firmware_thread = {}
        port = "Ethernet0"
        fvp = {"state": "manual"}
    
>       rc = handle_show_hwmode_swmode_cmd_arg_tbl_notification(
            fvp, xcvrd_show_hwmode_swmode_cmd_sts_tbl, xcvrd_show_hwmode_swmode_rsp_tbl, asic_index, port)

tests/test_y_cable_helper.py:5905: 
_ _ _ _ _ _ _ _ _ _ _ _ _ _ _ _ _ _ _ _ _ _ _ _ _ _ _ _ _ _ _ _ _ _ _ _ _ _ _ _ 
ycable/ycable_utilities/y_cable_helper.py:3084: in handle_show_hwmode_swmode_cmd_arg_tbl_notification
    port_instance = get_ycable_port_instance_from_logical_port(port)
ycable/ycable_utilities/y_cable_helper.py:251: in get_ycable_port_instance_from_logical_port
    physical_port_list = logical_port_name_to_physical_port_list(logical_port_name)
_ _ _ _ _ _ _ _ _ _ _ _ _ _ _ _ _ _ _ _ _ _ _ _ _ _ _ _ _ _ _ _ _ _ _ _ _ _ _ _ 

port_name = 'Ethernet0'

    def logical_port_name_to_physical_port_list(port_name):
        if port_name.startswith("Ethernet"):
>           if y_cable_platform_sfputil.is_logical_port(port_name):
E           AttributeError: 'NoneType' object has no attribute 'is_logical_port'

ycable/ycable_utilities/y_cable_helper.py:163: AttributeError
_ TestYCableScript.test_handle_config_mux_state_cmd_arg_tbl_notification_no_port _

self = <tests.test_y_cable_helper.TestYCableScript object at 0x7092352eca50>
mock_swsscommon_table = <MagicMock name='Table' id='123773205105360'>

    @patch('swsscommon.swsscommon.Table')
    @patch('ycable.ycable_utilities.y_cable_helper.gather_arg_from_db_and_check_for_type', MagicMock(return_value=(0, "fec", {"modex": "0",
                                                                                                                              "lane_mask": "0",
                                                                                                                              "direction": "0"})))
    @patch('ycable.ycable_utilities.y_cable_helper.y_cable_port_locks', MagicMock(return_value=[0]))
    @patch('os.path.isfile', MagicMock(return_value=True))
    def test_handle_config_mux_state_cmd_arg_tbl_notification_no_port(self, mock_swsscommon_table):
    
        mock_table = MagicMock()
        mock_swsscommon_table.return_value = mock_table
    
        xcvrd_config_hwmode_state_cmd_sts_tbl = mock_swsscommon_table
        xcvrd_config_hwmode_state_rsp_tbl = mock_swsscommon_table
        hw_mux_cable_tbl = mock_swsscommon_table
    
        asic_index = 0
        task_download_firmware_thread = {}
        port = "Ethernet0"
        fvp = {"config": "active"}
    
>       rc = handle_config_hwmode_state_cmd_arg_tbl_notification(
            fvp, xcvrd_config_hwmode_state_cmd_sts_tbl,  xcvrd_config_hwmode_state_rsp_tbl, hw_mux_cable_tbl, asic_index, port)

tests/test_y_cable_helper.py:5986: 
_ _ _ _ _ _ _ _ _ _ _ _ _ _ _ _ _ _ _ _ _ _ _ _ _ _ _ _ _ _ _ _ _ _ _ _ _ _ _ _ 
ycable/ycable_utilities/y_cable_helper.py:3127: in handle_config_hwmode_state_cmd_arg_tbl_notification
    physical_port = get_ycable_physical_port_from_logical_port(port)
ycable/ycable_utilities/y_cable_helper.py:228: in get_ycable_physical_port_from_logical_port
    physical_port_list = logical_port_name_to_physical_port_list(logical_port_name)
_ _ _ _ _ _ _ _ _ _ _ _ _ _ _ _ _ _ _ _ _ _ _ _ _ _ _ _ _ _ _ _ _ _ _ _ _ _ _ _ 

port_name = 'Ethernet0'

    def logical_port_name_to_physical_port_list(port_name):
        if port_name.startswith("Ethernet"):
>           if y_cable_platform_sfputil.is_logical_port(port_name):
E           AttributeError: 'NoneType' object has no attribute 'is_logical_port'

ycable/ycable_utilities/y_cable_helper.py:163: AttributeError
_ TestYCableScript.test_handle_config_mux_state_cmd_arg_tbl_notification_no_instance _

self = <tests.test_y_cable_helper.TestYCableScript object at 0x7092352ecb40>
mock_swsscommon_table = <MagicMock name='Table' id='123773205912544'>

    @patch('swsscommon.swsscommon.Table')
    @patch('ycable.ycable_utilities.y_cable_helper.gather_arg_from_db_and_check_for_type', MagicMock(return_value=(0, "fec", {"modex": "0",
                                                                                                                              "lane_mask": "0",
                                                                                                                              "direction": "0"})))
    @patch('ycable.ycable_utilities.y_cable_helper.get_ycable_physical_port_from_logical_port', MagicMock(return_value=(0)))
    @patch('ycable.ycable_utilities.y_cable_helper.y_cable_port_locks', MagicMock(return_value=[0]))
    @patch('os.path.isfile', MagicMock(return_value=True))
    def test_handle_config_mux_state_cmd_arg_tbl_notification_no_instance(self, mock_swsscommon_table):
    
        mock_table = MagicMock()
        mock_swsscommon_table.return_value = mock_table
    
        xcvrd_config_hwmode_state_cmd_sts_tbl = mock_swsscommon_table
        xcvrd_config_hwmode_state_rsp_tbl = mock_swsscommon_table
        hw_mux_cable_tbl = mock_swsscommon_table
    
        asic_index = 0
        task_download_firmware_thread = {}
        port = "Ethernet0"
        fvp = {"config": "active"}
    
>       rc = handle_config_hwmode_state_cmd_arg_tbl_notification(
            fvp, xcvrd_config_hwmode_state_cmd_sts_tbl,  xcvrd_config_hwmode_state_rsp_tbl, hw_mux_cable_tbl, asic_index, port)

tests/test_y_cable_helper.py:6148: 
_ _ _ _ _ _ _ _ _ _ _ _ _ _ _ _ _ _ _ _ _ _ _ _ _ _ _ _ _ _ _ _ _ _ _ _ _ _ _ _ 
ycable/ycable_utilities/y_cable_helper.py:3135: in handle_config_hwmode_state_cmd_arg_tbl_notification
    port_instance = get_ycable_port_instance_from_logical_port(port)
ycable/ycable_utilities/y_cable_helper.py:251: in get_ycable_port_instance_from_logical_port
    physical_port_list = logical_port_name_to_physical_port_list(logical_port_name)
_ _ _ _ _ _ _ _ _ _ _ _ _ _ _ _ _ _ _ _ _ _ _ _ _ _ _ _ _ _ _ _ _ _ _ _ _ _ _ _ 

port_name = 'Ethernet0'

    def logical_port_name_to_physical_port_list(port_name):
        if port_name.startswith("Ethernet"):
>           if y_cable_platform_sfputil.is_logical_port(port_name):
E           AttributeError: 'NoneType' object has no attribute 'is_logical_port'

ycable/ycable_utilities/y_cable_helper.py:163: AttributeError
_ TestYCableScript.test_handle_show_mux_state_cmd_arg_tbl_notification_no_port _

self = <tests.test_y_cable_helper.TestYCableScript object at 0x7092352ecbe0>
mock_swsscommon_table = <MagicMock name='Table' id='123773206553200'>

    @patch('swsscommon.swsscommon.Table')
    @patch('ycable.ycable_utilities.y_cable_helper.gather_arg_from_db_and_check_for_type', MagicMock(return_value=(0, "fec", {"modex": "0",
                                                                                                                              "lane_mask": "0",
                                                                                                                              "direction": "0"})))
    @patch('ycable.ycable_utilities.y_cable_helper.y_cable_port_locks', MagicMock(return_value=[0]))
    @patch('os.path.isfile', MagicMock(return_value=True))
    def test_handle_show_mux_state_cmd_arg_tbl_notification_no_port(self, mock_swsscommon_table):
    
        mock_table = MagicMock()
        mock_swsscommon_table.return_value = mock_table
    
        xcvrd_show_hwmode_dir_cmd_sts_tbl = mock_swsscommon_table
        xcvrd_show_hwmode_dir_rsp_tbl = mock_swsscommon_table
        xcvrd_show_hwmode_dir_res_tbl = mock_swsscommon_table
        hw_mux_cable_tbl =mock_swsscommon_table
        port_tbl = mock_swsscommon_table
    
        asic_index = 0
        task_download_firmware_thread = {}
        port = "Ethernet0"
        fvp = {"state": "active"}
    
>       rc = handle_show_hwmode_state_cmd_arg_tbl_notification(
            fvp, port_tbl, xcvrd_show_hwmode_dir_cmd_sts_tbl, xcvrd_show_hwmode_dir_rsp_tbl, xcvrd_show_hwmode_dir_res_tbl, hw_mux_cable_tbl, asic_index, port)

tests/test_y_cable_helper.py:6230: 
_ _ _ _ _ _ _ _ _ _ _ _ _ _ _ _ _ _ _ _ _ _ _ _ _ _ _ _ _ _ _ _ _ _ _ _ _ _ _ _ 
ycable/ycable_utilities/y_cable_helper.py:3208: in handle_show_hwmode_state_cmd_arg_tbl_notification
    physical_port = get_ycable_physical_port_from_logical_port(port)
ycable/ycable_utilities/y_cable_helper.py:228: in get_ycable_physical_port_from_logical_port
    physical_port_list = logical_port_name_to_physical_port_list(logical_port_name)
_ _ _ _ _ _ _ _ _ _ _ _ _ _ _ _ _ _ _ _ _ _ _ _ _ _ _ _ _ _ _ _ _ _ _ _ _ _ _ _ 

port_name = 'Ethernet0'

    def logical_port_name_to_physical_port_list(port_name):
        if port_name.startswith("Ethernet"):
>           if y_cable_platform_sfputil.is_logical_port(port_name):
E           AttributeError: 'NoneType' object has no attribute 'is_logical_port'

ycable/ycable_utilities/y_cable_helper.py:163: AttributeError
_ TestYCableScript.test_handle_show_mux_state_cmd_arg_tbl_notification_no_instance _

self = <tests.test_y_cable_helper.TestYCableScript object at 0x7092352eccd0>
mock_swsscommon_table = <MagicMock name='Table' id='123773205106368'>

    @patch('swsscommon.swsscommon.Table')
    @patch('ycable.ycable_utilities.y_cable_helper.gather_arg_from_db_and_check_for_type', MagicMock(return_value=(0, "fec", {"modex": "0",
                                                                                                                              "lane_mask": "0",
                                                                                                                              "direction": "0"})))
    @patch('ycable.ycable_utilities.y_cable_helper.get_ycable_physical_port_from_logical_port', MagicMock(return_value=(0)))
    @patch('ycable.ycable_utilities.y_cable_helper.check_mux_cable_port_type', MagicMock(return_value=(True,"active-standby")))
    @patch('ycable.ycable_utilities.y_cable_helper.y_cable_port_locks', MagicMock(return_value=[0]))
    @patch('os.path.isfile', MagicMock(return_value=True))
    def test_handle_show_mux_state_cmd_arg_tbl_notification_no_instance(self, mock_swsscommon_table):
    
        mock_table = MagicMock()
        mock_table.get = MagicMock(
            side_effect=[(True, (('state', "auto"), ("soc_ipv4", "192.168.0.1/32"))), (True, (('index', 2), ))])
        mock_swsscommon_table.return_value = mock_table
    
        xcvrd_show_hwmode_dir_cmd_sts_tbl = mock_swsscommon_table
        xcvrd_show_hwmode_dir_rsp_tbl = mock_swsscommon_table
        xcvrd_show_hwmode_dir_res_tbl = mock_swsscommon_table
        hw_mux_cable_tbl =mock_swsscommon_table
        port_tbl = mock_swsscommon_table
    
        asic_index = 0
        task_download_firmware_thread = {}
        port = "Ethernet0"
        fvp = {"state": "active"}
    
>       rc = handle_show_hwmode_state_cmd_arg_tbl_notification(
            fvp, port_tbl, xcvrd_show_hwmode_dir_cmd_sts_tbl, xcvrd_show_hwmode_dir_rsp_tbl, xcvrd_show_hwmode_dir_res_tbl, hw_mux_cable_tbl, asic_index, port)

tests/test_y_cable_helper.py:6348: 
_ _ _ _ _ _ _ _ _ _ _ _ _ _ _ _ _ _ _ _ _ _ _ _ _ _ _ _ _ _ _ _ _ _ _ _ _ _ _ _ 
ycable/ycable_utilities/y_cable_helper.py:3209: in handle_show_hwmode_state_cmd_arg_tbl_notification
    if physical_port is not None and y_cable_wrapper_get_presence(physical_port):
_ _ _ _ _ _ _ _ _ _ _ _ _ _ _ _ _ _ _ _ _ _ _ _ _ _ _ _ _ _ _ _ _ _ _ _ _ _ _ _ 

physical_port = 0

    def y_cable_wrapper_get_presence(physical_port):
        if y_cable_platform_chassis is not None:
            try:
                return y_cable_platform_chassis.get_sfp(physical_port).get_presence()
            except NotImplementedError:
                pass
        if y_cable_is_platform_vs is True:
            return True
>       return y_cable_platform_sfputil.get_presence(physical_port)
E       AttributeError: 'NoneType' object has no attribute 'get_presence'

ycable/ycable_utilities/y_cable_helper.py:180: AttributeError
______ TestYCableScript.test_check_identifier_presence_and_setup_channel _______

self = <tests.test_y_cable_helper.TestYCableScript object at 0x7092352ecff0>

    @patch('ycable.ycable_utilities.y_cable_helper.logical_port_name_to_physical_port_list', MagicMock(return_value=[0]))
    def test_check_identifier_presence_and_setup_channel(self):
    
        status = True
        fvs = [('state', "auto"), ('read_side', 1), ('cable_type','active-active'), ('soc_ipv4','192.168.0.1')]
    
        state_db = {}
        test_db = "TEST_DB"
        y_cable_tbl = {}
        static_tbl = {}
        mux_tbl = {}
        hw_mux_cable_tbl = {}
        hw_mux_cable_tbl_peer = {}
        port_tbl = {}
        read_side = 0
        asic_index = 0
        y_cable_presence = [True]
        delete_change_event = [True]
    
        port_tbl[asic_index] = swsscommon.Table(
            test_db[asic_index], "PORT_INFO_TABLE")
        port_tbl[asic_index].get.return_value = (status, fvs)
        hw_mux_cable_tbl[asic_index] = swsscommon.Table(
            test_db[asic_index], "HW_TABLE1")
        hw_mux_cable_tbl_peer[asic_index] = swsscommon.Table(
            test_db[asic_index], "HW_TABLE2")
        grpc_client , fwd_state_response_tbl = {}, {}
        mux_tbl[asic_index] = swsscommon.Table(
            test_db[asic_index], "MUX_INFO_TABLE")
    
>       rc = check_identifier_presence_and_setup_channel("Ethernet0", port_tbl, hw_mux_cable_tbl, hw_mux_cable_tbl_peer, asic_index, read_side, mux_tbl, y_cable_presence, grpc_client)

tests/test_y_cable_helper.py:6622: 
_ _ _ _ _ _ _ _ _ _ _ _ _ _ _ _ _ _ _ _ _ _ _ _ _ _ _ _ _ _ _ _ _ _ _ _ _ _ _ _ 
ycable/ycable_utilities/y_cable_helper.py:690: in check_identifier_presence_and_setup_channel
    if y_cable_wrapper_get_presence(physical_port):
_ _ _ _ _ _ _ _ _ _ _ _ _ _ _ _ _ _ _ _ _ _ _ _ _ _ _ _ _ _ _ _ _ _ _ _ _ _ _ _ 

physical_port = 0

    def y_cable_wrapper_get_presence(physical_port):
        if y_cable_platform_chassis is not None:
            try:
                return y_cable_platform_chassis.get_sfp(physical_port).get_presence()
            except NotImplementedError:
                pass
        if y_cable_is_platform_vs is True:
            return True
>       return y_cable_platform_sfputil.get_presence(physical_port)
E       AttributeError: 'NoneType' object has no attribute 'get_presence'

ycable/ycable_utilities/y_cable_helper.py:180: AttributeError
_ TestYCableScript.test_check_identifier_presence_and_setup_channel_with_mock __

self = <tests.test_y_cable_helper.TestYCableScript object at 0x7092352ed090>

    @patch('ycable.ycable_utilities.y_cable_helper.logical_port_name_to_physical_port_list', MagicMock(return_value=[0]))
    @patch('ycable.ycable_utilities.y_cable_helper.setup_grpc_channel_for_port', MagicMock(return_value=(None, None)))
    def test_check_identifier_presence_and_setup_channel_with_mock(self):
    
        status = True
        fvs = [('state', "auto"), ('read_side', 1), ('cable_type','active-active'), ('soc_ipv4','192.168.0.1')]
    
        state_db = {}
        test_db = "TEST_DB"
        y_cable_tbl = {}
        static_tbl = {}
        mux_tbl = {}
        hw_mux_cable_tbl = {}
        hw_mux_cable_tbl_peer = {}
        port_tbl = {}
        read_side = 0
        asic_index = 0
        y_cable_presence = [True]
        delete_change_event = [True]
    
        port_tbl[asic_index] = swsscommon.Table(
            test_db[asic_index], "PORT_INFO_TABLE")
        port_tbl[asic_index].get.return_value = (status, fvs)
        hw_mux_cable_tbl[asic_index] = swsscommon.Table(
            test_db[asic_index], "HW_TABLE1")
        hw_mux_cable_tbl_peer[asic_index] = swsscommon.Table(
            test_db[asic_index], "HW_TABLE2")
        grpc_client , fwd_state_response_tbl = {}, {}
    
        mux_tbl[asic_index] = swsscommon.Table(
            test_db[asic_index], "MUX_INFO_TABLE")
    
>       rc = check_identifier_presence_and_setup_channel("Ethernet0", port_tbl, hw_mux_cable_tbl, hw_mux_cable_tbl_peer, asic_index, read_side, mux_tbl, y_cable_presence, grpc_client)

tests/test_y_cable_helper.py:6695: 
_ _ _ _ _ _ _ _ _ _ _ _ _ _ _ _ _ _ _ _ _ _ _ _ _ _ _ _ _ _ _ _ _ _ _ _ _ _ _ _ 
ycable/ycable_utilities/y_cable_helper.py:690: in check_identifier_presence_and_setup_channel
    if y_cable_wrapper_get_presence(physical_port):
_ _ _ _ _ _ _ _ _ _ _ _ _ _ _ _ _ _ _ _ _ _ _ _ _ _ _ _ _ _ _ _ _ _ _ _ _ _ _ _ 

physical_port = 0

    def y_cable_wrapper_get_presence(physical_port):
        if y_cable_platform_chassis is not None:
            try:
                return y_cable_platform_chassis.get_sfp(physical_port).get_presence()
            except NotImplementedError:
                pass
        if y_cable_is_platform_vs is True:
            return True
>       return y_cable_platform_sfputil.get_presence(physical_port)
E       AttributeError: 'NoneType' object has no attribute 'get_presence'

ycable/ycable_utilities/y_cable_helper.py:180: AttributeError
____ TestYCableScript.test_handle_ycable_active_standby_probe_notification _____

self = <tests.test_y_cable_helper.TestYCableScript object at 0x7092352ed900>

    def test_handle_ycable_active_standby_probe_notification(self):
    
        test_db = "TEST_DB"
        status = True
        port_m = "Ethernet0"
        fvp_m = [('command', "probe"), ('read_side', 1), ('cable_type','active-standby'), ('soc_ipv4','192.168.0.1')]
        fvp_dict = {"command": "probe"}
        hw_mux_cable_tbl = {}
        y_cable_response_tbl = {}
        asic_index = 0
        hw_mux_cable_tbl[asic_index] = swsscommon.Table(
            test_db[asic_index], "PORT_INFO_TABLE")
        y_cable_response_tbl[asic_index] = swsscommon.Table(
            test_db[asic_index], "PORT_INFO_TABLE")
        hw_mux_cable_tbl[asic_index].get.return_value = (status, fvp_m)
    
>       rc = handle_ycable_active_standby_probe_notification("active-standby", fvp_dict, test_db, hw_mux_cable_tbl, port_m, asic_index, y_cable_response_tbl)

tests/test_y_cable_helper.py:7231: 
_ _ _ _ _ _ _ _ _ _ _ _ _ _ _ _ _ _ _ _ _ _ _ _ _ _ _ _ _ _ _ _ _ _ _ _ _ _ _ _ 
ycable/ycable_utilities/y_cable_helper.py:3585: in handle_ycable_active_standby_probe_notification
    update_appdb_port_mux_cable_response_table(port_m, asic_index, appl_db, int(read_side), y_cable_response_tbl)
ycable/ycable_utilities/y_cable_helper.py:1015: in update_appdb_port_mux_cable_response_table
    physical_port_list = logical_port_name_to_physical_port_list(
_ _ _ _ _ _ _ _ _ _ _ _ _ _ _ _ _ _ _ _ _ _ _ _ _ _ _ _ _ _ _ _ _ _ _ _ _ _ _ _ 

port_name = 'Ethernet0'

    def logical_port_name_to_physical_port_list(port_name):
        if port_name.startswith("Ethernet"):
>           if y_cable_platform_sfputil.is_logical_port(port_name):
E           AttributeError: 'NoneType' object has no attribute 'is_logical_port'

ycable/ycable_utilities/y_cable_helper.py:163: AttributeError
_______ TestYcableScriptExecution.test_ycable_helper_table_worker_toggle _______

self = <tests.test_y_cable_helper.TestYcableScriptExecution object at 0x709235134f50>
mock_select = <MagicMock name='select' id='123773214765616'>
mock_sub_table = <MagicMock name='SubscriberStateTable' id='123773214765952'>

    @patch('swsscommon.swsscommon.Select.addSelectable', MagicMock())
    @patch('swsscommon.swsscommon.Select.TIMEOUT', MagicMock(return_value=None))
    @patch('swsscommon.swsscommon.CastSelectableToRedisSelectObj', MagicMock())
    #@patch('swsscommon.swsscommon.CastSelectableToRedisSelectObj.getDbConnector', MagicMock())
    @patch('swsscommon.swsscommon.SubscriberStateTable')
    @patch('swsscommon.swsscommon.Select.select')
    #@patch('swsscommon.swsscommon.Table')
    def test_ycable_helper_table_worker_toggle(self, mock_select, mock_sub_table):
    
        mock_selectable = MagicMock()
        mock_selectable.pop = MagicMock(
            side_effect=[('Ethernet0', swsscommon.SET_COMMAND, (('state', 'active'), )), (False, False, False), (False, False, False), (False, False, False), (False, False, False), (False, False, False), (False, False, False), (False, False, False), (False, False, False), (False, False, False), (False, False, False), (False, False, False), (False, False, False), (False, False, False)])
        mock_select.return_value = (swsscommon.Select.OBJECT, mock_selectable)
        mock_sub_table.return_value = mock_selectable
    
    
        Y_cable_task = YCableTableUpdateTask()
        Y_cable_task.task_stopping_event.is_set = MagicMock(side_effect=[False, True])
        #mock_table = MagicMock()
        #mock_table.getKeys = MagicMock(return_value=['Ethernet0', 'Ethernet4'])
        swsscommon.Table.return_value.get.return_value = (
                True, {"read_side": "1", "state":"active"})
        #mock_table.get = MagicMock(
        #    side_effect=[(True, (('index', 1), )), (True, (('index', 2), ))])
        swsscommon.Table.return_value.getKeys.return_value = (
            ['Ethernet0', 'Ethernet4'])
        #mock_swsscommon_table.return_value = mock_table
    
>       Y_cable_task.task_worker()

tests/test_y_cable_helper.py:7727: 
_ _ _ _ _ _ _ _ _ _ _ _ _ _ _ _ _ _ _ _ _ _ _ _ _ _ _ _ _ _ _ _ _ _ _ _ _ _ _ _ 
ycable/ycable_utilities/y_cable_helper.py:3711: in task_worker
    (active_side, read_side) = update_tor_active_side(read_side, new_status, port)
ycable/ycable_utilities/y_cable_helper.py:981: in update_tor_active_side
    physical_port_list = logical_port_name_to_physical_port_list(
_ _ _ _ _ _ _ _ _ _ _ _ _ _ _ _ _ _ _ _ _ _ _ _ _ _ _ _ _ _ _ _ _ _ _ _ _ _ _ _ 

port_name = 'Ethernet0'

    def logical_port_name_to_physical_port_list(port_name):
        if port_name.startswith("Ethernet"):
>           if y_cable_platform_sfputil.is_logical_port(port_name):
E           AttributeError: 'NoneType' object has no attribute 'is_logical_port'

ycable/ycable_utilities/y_cable_helper.py:163: AttributeError
________________ TestYcableScript.test_DaemonYcable_init_deinit ________________

self = <ycable.ycable.DaemonYcable object at 0x709235cb6490>

    def init(self):
        global platform_sfputil
        global platform_chassis
    
        self.log_info("Start daemon init...")
        is_vs = False
    
    
        (status, fvs) = self.table_helper.get_metadata_tbl()[0].get("localhost")
    
        if status is False:
            helper_logger.log_debug("Could not retreive fieldvalue pairs for {}, inside config_db table {}".format('localhost', self.table_helper.get_metadata_tbl()[0].getTableName()))
            return
    
        else:
            # Convert list of tuples to a dictionary
            metadata_dict = dict(fvs)
            if "platform" in metadata_dict:
                val = metadata_dict.get("platform", None)
                if val == "x86_64-kvm_x86_64-r0":
                    is_vs = True
    
    
        # Load new platform api class
        try:
            if is_vs is False:
                import sonic_platform.platform
                platform_chassis = sonic_platform.platform.Platform().get_chassis()
                self.log_info("chassis loaded {}".format(platform_chassis))
            # we have to make use of sfputil for some features
            # even though when new platform api is used for all vendors.
            # in this sense, we treat it as a part of new platform api.
            # we have already moved sfputil to sonic_platform_base
            # which is the root of new platform api.
            import sonic_platform_base.sonic_sfp.sfputilhelper
            platform_sfputil = sonic_platform_base.sonic_sfp.sfputilhelper.SfpUtilHelper()
        except Exception as e:
            self.log_warning("Failed to load chassis due to {}".format(repr(e)))
    
        # Load platform specific sfputil class
        if platform_chassis is None or platform_sfputil is None:
            if is_vs is False:
                try:
                    platform_sfputil = self.load_platform_util(PLATFORM_SPECIFIC_MODULE_NAME, PLATFORM_SPECIFIC_CLASS_NAME)
                except Exception as e:
                    self.log_error("Failed to load sfputil: {}".format(str(e)), True)
                    sys.exit(SFPUTIL_LOAD_ERROR)
    
        if multi_asic.is_multi_asic():
            # Load the namespace details first from the database_global.json file.
            swsscommon.SonicDBConfig.initializeGlobalConfig()
    
        # Load port info
        try:
            if multi_asic.is_multi_asic():
                # For multi ASIC platforms we pass DIR of port_config_file_path and the number of asics
                (platform_path, hwsku_path) = device_info.get_paths_to_platform_and_hwsku_dirs()
                platform_sfputil.read_all_porttab_mappings(hwsku_path, self.num_asics)
            else:
                # For single ASIC platforms we pass port_config_file_path and the asic_inst as 0
>               port_config_file_path = device_info.get_path_to_port_config_file()

ycable/ycable.py:348: 
_ _ _ _ _ _ _ _ _ _ _ _ _ _ _ _ _ _ _ _ _ _ _ _ _ _ _ _ _ _ _ _ _ _ _ _ _ _ _ _ 

hwsku = None, asic = None

    def get_path_to_port_config_file(hwsku=None, asic=None):
        """
        Retrieves the path to the device's port configuration file
    
        Args:
            hwsku: a string, it is allowed to be passed in args because when loading the
                  initial configuration on the device, the HwSKU is not yet present in ConfigDB.
            asic: a string , asic argument should be passed on multi-ASIC devices only,
                  it should be omitted on single-ASIC platforms.
    
        Returns:
            A string containing the path the the device's port configuration file
        """
    
        """
        This platform check is performed to make sure we return a None
        in case of unit-tests within sonic-cfggen where platform is not expected to be
        present because tests are not run on actual Hardware/Container.
        TODO: refactor sonic-cfggen such that we can remove this check
        """
    
        platform = get_platform()
        if not platform:
            return None
    
        if hwsku:
            platform_path = get_path_to_platform_dir()
            hwsku_path = os.path.join(platform_path, hwsku)
        else:
            (platform_path, hwsku_path) = get_paths_to_platform_and_hwsku_dirs()
    
        port_config_candidates = []
    
        # Check for 'hwsku.json' file presence first
>       hwsku_json_file = os.path.join(hwsku_path, HWSKU_JSON_FILE)
E       TypeError: expected str, bytes or os.PathLike object, not NoneType

/usr/local/lib/python3.13/dist-packages/sonic_py_common/device_info.py:479: TypeError

During handling of the above exception, another exception occurred:

self = <tests.test_ycable.TestYcableScript object at 0x7092352bc1d0>

    @patch('sonic_py_common.device_info.get_paths_to_platform_and_hwsku_dirs', MagicMock(return_value=('/tmp', None)))
    @patch('swsscommon.swsscommon.WarmStart', MagicMock())
    @patch('ycable.ycable.platform_sfputil', MagicMock())
    @patch('ycable.ycable.DaemonYcable.load_platform_util', MagicMock())
    def test_DaemonYcable_init_deinit(self):
        ycable = DaemonYcable(SYSLOG_IDENTIFIER)
>       ycable.init()

tests/test_ycable.py:281: 
_ _ _ _ _ _ _ _ _ _ _ _ _ _ _ _ _ _ _ _ _ _ _ _ _ _ _ _ _ _ _ _ _ _ _ _ _ _ _ _ 

self = <ycable.ycable.DaemonYcable object at 0x709235cb6490>

    def init(self):
        global platform_sfputil
        global platform_chassis
    
        self.log_info("Start daemon init...")
        is_vs = False
    
    
        (status, fvs) = self.table_helper.get_metadata_tbl()[0].get("localhost")
    
        if status is False:
            helper_logger.log_debug("Could not retreive fieldvalue pairs for {}, inside config_db table {}".format('localhost', self.table_helper.get_metadata_tbl()[0].getTableName()))
            return
    
        else:
            # Convert list of tuples to a dictionary
            metadata_dict = dict(fvs)
            if "platform" in metadata_dict:
                val = metadata_dict.get("platform", None)
                if val == "x86_64-kvm_x86_64-r0":
                    is_vs = True
    
    
        # Load new platform api class
        try:
            if is_vs is False:
                import sonic_platform.platform
                platform_chassis = sonic_platform.platform.Platform().get_chassis()
                self.log_info("chassis loaded {}".format(platform_chassis))
            # we have to make use of sfputil for some features
            # even though when new platform api is used for all vendors.
            # in this sense, we treat it as a part of new platform api.
            # we have already moved sfputil to sonic_platform_base
            # which is the root of new platform api.
            import sonic_platform_base.sonic_sfp.sfputilhelper
            platform_sfputil = sonic_platform_base.sonic_sfp.sfputilhelper.SfpUtilHelper()
        except Exception as e:
            self.log_warning("Failed to load chassis due to {}".format(repr(e)))
    
        # Load platform specific sfputil class
        if platform_chassis is None or platform_sfputil is None:
            if is_vs is False:
                try:
                    platform_sfputil = self.load_platform_util(PLATFORM_SPECIFIC_MODULE_NAME, PLATFORM_SPECIFIC_CLASS_NAME)
                except Exception as e:
                    self.log_error("Failed to load sfputil: {}".format(str(e)), True)
                    sys.exit(SFPUTIL_LOAD_ERROR)
    
        if multi_asic.is_multi_asic():
            # Load the namespace details first from the database_global.json file.
            swsscommon.SonicDBConfig.initializeGlobalConfig()
    
        # Load port info
        try:
            if multi_asic.is_multi_asic():
                # For multi ASIC platforms we pass DIR of port_config_file_path and the number of asics
                (platform_path, hwsku_path) = device_info.get_paths_to_platform_and_hwsku_dirs()
                platform_sfputil.read_all_porttab_mappings(hwsku_path, self.num_asics)
            else:
                # For single ASIC platforms we pass port_config_file_path and the asic_inst as 0
                port_config_file_path = device_info.get_path_to_port_config_file()
                platform_sfputil.read_porttab_mappings(port_config_file_path, 0)
        except Exception as e:
            self.log_error("Failed to read port info: {}".format(str(e)), True)
>           sys.exit(PORT_CONFIG_LOAD_ERROR)
E           SystemExit: 2

ycable/ycable.py:352: SystemExit
----------------------------- Captured stdout call -----------------------------
Failed to read port info: expected str, bytes or os.PathLike object, not NoneType
----------------------------- Captured stderr call -----------------------------
--- Logging error ---
Traceback (most recent call last):
  File "/sonic/src/sonic-platform-daemons/sonic-ycabled/ycable/ycable.py", line 314, in init
    import sonic_platform.platform
ModuleNotFoundError: No module named 'sonic_platform'

During handling of the above exception, another exception occurred:

Traceback (most recent call last):
  File "/usr/lib/python3.13/logging/handlers.py", line 1013, in emit
    self.socket.send(msg)
    ~~~~~~~~~~~~~~~~^^^^^
OSError: [Errno 9] Bad file descriptor

During handling of the above exception, another exception occurred:

Traceback (most recent call last):
  File "/usr/lib/python3.13/logging/handlers.py", line 1016, in emit
    self._connect_unixsocket(self.address)
    ~~~~~~~~~~~~~~~~~~~~~~~~^^^^^^^^^^^^^^
  File "/usr/lib/python3.13/logging/handlers.py", line 884, in _connect_unixsocket
    self.socket.connect(address)
    ~~~~~~~~~~~~~~~~~~~^^^^^^^^^
FileNotFoundError: [Errno 2] No such file or directory
Call stack:
  File "<frozen runpy>", line 198, in _run_module_as_main
  File "<frozen runpy>", line 88, in _run_code
  File "/usr/lib/python3/dist-packages/pytest/__main__.py", line 9, in <module>
    raise SystemExit(pytest.console_main())
  File "/usr/lib/python3/dist-packages/_pytest/config/__init__.py", line 201, in console_main
    code = main()
  File "/usr/lib/python3/dist-packages/_pytest/config/__init__.py", line 175, in main
    ret: ExitCode | int = config.hook.pytest_cmdline_main(config=config)
  File "/usr/lib/python3/dist-packages/pluggy/_hooks.py", line 513, in __call__
    return self._hookexec(self.name, self._hookimpls.copy(), kwargs, firstresult)
  File "/usr/lib/python3/dist-packages/pluggy/_manager.py", line 120, in _hookexec
    return self._inner_hookexec(hook_name, methods, kwargs, firstresult)
  File "/usr/lib/python3/dist-packages/pluggy/_callers.py", line 103, in _multicall
    res = hook_impl.function(*args)
  File "/usr/lib/python3/dist-packages/_pytest/main.py", line 330, in pytest_cmdline_main
    return wrap_session(config, _main)
  File "/usr/lib/python3/dist-packages/_pytest/main.py", line 283, in wrap_session
    session.exitstatus = doit(config, session) or 0
  File "/usr/lib/python3/dist-packages/_pytest/main.py", line 337, in _main
    config.hook.pytest_runtestloop(session=session)
  File "/usr/lib/python3/dist-packages/pluggy/_hooks.py", line 513, in __call__
    return self._hookexec(self.name, self._hookimpls.copy(), kwargs, firstresult)
  File "/usr/lib/python3/dist-packages/pluggy/_manager.py", line 120, in _hookexec
    return self._inner_hookexec(hook_name, methods, kwargs, firstresult)
  File "/usr/lib/python3/dist-packages/pluggy/_callers.py", line 103, in _multicall
    res = hook_impl.function(*args)
  File "/usr/lib/python3/dist-packages/_pytest/main.py", line 362, in pytest_runtestloop
    item.config.hook.pytest_runtest_protocol(item=item, nextitem=nextitem)
  File "/usr/lib/python3/dist-packages/pluggy/_hooks.py", line 513, in __call__
    return self._hookexec(self.name, self._hookimpls.copy(), kwargs, firstresult)
  File "/usr/lib/python3/dist-packages/pluggy/_manager.py", line 120, in _hookexec
    return self._inner_hookexec(hook_name, methods, kwargs, firstresult)
  File "/usr/lib/python3/dist-packages/pluggy/_callers.py", line 103, in _multicall
    res = hook_impl.function(*args)
  File "/usr/lib/python3/dist-packages/_pytest/runner.py", line 113, in pytest_runtest_protocol
    runtestprotocol(item, nextitem=nextitem)
  File "/usr/lib/python3/dist-packages/_pytest/runner.py", line 132, in runtestprotocol
    reports.append(call_and_report(item, "call", log))
  File "/usr/lib/python3/dist-packages/_pytest/runner.py", line 241, in call_and_report
    call = CallInfo.from_call(
  File "/usr/lib/python3/dist-packages/_pytest/runner.py", line 341, in from_call
    result: TResult | None = func()
  File "/usr/lib/python3/dist-packages/_pytest/runner.py", line 242, in <lambda>
    lambda: runtest_hook(item=item, **kwds), when=when, reraise=reraise
  File "/usr/lib/python3/dist-packages/pluggy/_hooks.py", line 513, in __call__
    return self._hookexec(self.name, self._hookimpls.copy(), kwargs, firstresult)
  File "/usr/lib/python3/dist-packages/pluggy/_manager.py", line 120, in _hookexec
    return self._inner_hookexec(hook_name, methods, kwargs, firstresult)
  File "/usr/lib/python3/dist-packages/pluggy/_callers.py", line 103, in _multicall
    res = hook_impl.function(*args)
  File "/usr/lib/python3/dist-packages/_pytest/runner.py", line 174, in pytest_runtest_call
    item.runtest()
  File "/usr/lib/python3/dist-packages/_pytest/python.py", line 1627, in runtest
    self.ihook.pytest_pyfunc_call(pyfuncitem=self)
  File "/usr/lib/python3/dist-packages/pluggy/_hooks.py", line 513, in __call__
    return self._hookexec(self.name, self._hookimpls.copy(), kwargs, firstresult)
  File "/usr/lib/python3/dist-packages/pluggy/_manager.py", line 120, in _hookexec
    return self._inner_hookexec(hook_name, methods, kwargs, firstresult)
  File "/usr/lib/python3/dist-packages/pluggy/_callers.py", line 103, in _multicall
    res = hook_impl.function(*args)
  File "/usr/lib/python3/dist-packages/_pytest/python.py", line 159, in pytest_pyfunc_call
    result = testfunction(**testargs)
  File "/usr/lib/python3.13/unittest/mock.py", line 1426, in patched
    return func(*newargs, **newkeywargs)
  File "/sonic/src/sonic-platform-daemons/sonic-ycabled/tests/test_ycable.py", line 281, in test_DaemonYcable_init_deinit
    ycable.init()
  File "/sonic/src/sonic-platform-daemons/sonic-ycabled/ycable/ycable.py", line 325, in init
    self.log_warning("Failed to load chassis due to {}".format(repr(e)))
  File "/usr/local/lib/python3.13/dist-packages/sonic_py_common/daemon_base.py", line 82, in log_warning
    self.logger_instance.log_warning(message, also_print_to_console)
  File "/usr/local/lib/python3.13/dist-packages/sonic_py_common/syslogger.py", line 131, in log_warning
    self.log(logging.WARNING, msg, also_print_to_console)
  File "/usr/local/lib/python3.13/dist-packages/sonic_py_common/syslogger.py", line 121, in log
    self.logger.log(priority, msg)
Message: 'Failed to load chassis due to ModuleNotFoundError("No module named \'sonic_platform\'")'
Arguments: ()
--- Logging error ---
Traceback (most recent call last):
  File "/sonic/src/sonic-platform-daemons/sonic-ycabled/ycable/ycable.py", line 348, in init
    port_config_file_path = device_info.get_path_to_port_config_file()
  File "/usr/local/lib/python3.13/dist-packages/sonic_py_common/device_info.py", line 479, in get_path_to_port_config_file
    hwsku_json_file = os.path.join(hwsku_path, HWSKU_JSON_FILE)
  File "<frozen posixpath>", line 77, in join
TypeError: expected str, bytes or os.PathLike object, not NoneType

During handling of the above exception, another exception occurred:

Traceback (most recent call last):
  File "/usr/lib/python3.13/logging/handlers.py", line 1013, in emit
    self.socket.send(msg)
    ~~~~~~~~~~~~~~~~^^^^^
OSError: [Errno 9] Bad file descriptor

During handling of the above exception, another exception occurred:

Traceback (most recent call last):
  File "/usr/lib/python3.13/logging/handlers.py", line 1016, in emit
    self._connect_unixsocket(self.address)
    ~~~~~~~~~~~~~~~~~~~~~~~~^^^^^^^^^^^^^^
  File "/usr/lib/python3.13/logging/handlers.py", line 884, in _connect_unixsocket
    self.socket.connect(address)
    ~~~~~~~~~~~~~~~~~~~^^^^^^^^^
FileNotFoundError: [Errno 2] No such file or directory
Call stack:
  File "<frozen runpy>", line 198, in _run_module_as_main
  File "<frozen runpy>", line 88, in _run_code
  File "/usr/lib/python3/dist-packages/pytest/__main__.py", line 9, in <module>
    raise SystemExit(pytest.console_main())
  File "/usr/lib/python3/dist-packages/_pytest/config/__init__.py", line 201, in console_main
    code = main()
  File "/usr/lib/python3/dist-packages/_pytest/config/__init__.py", line 175, in main
    ret: ExitCode | int = config.hook.pytest_cmdline_main(config=config)
  File "/usr/lib/python3/dist-packages/pluggy/_hooks.py", line 513, in __call__
    return self._hookexec(self.name, self._hookimpls.copy(), kwargs, firstresult)
  File "/usr/lib/python3/dist-packages/pluggy/_manager.py", line 120, in _hookexec
    return self._inner_hookexec(hook_name, methods, kwargs, firstresult)
  File "/usr/lib/python3/dist-packages/pluggy/_callers.py", line 103, in _multicall
    res = hook_impl.function(*args)
  File "/usr/lib/python3/dist-packages/_pytest/main.py", line 330, in pytest_cmdline_main
    return wrap_session(config, _main)
  File "/usr/lib/python3/dist-packages/_pytest/main.py", line 283, in wrap_session
    session.exitstatus = doit(config, session) or 0
  File "/usr/lib/python3/dist-packages/_pytest/main.py", line 337, in _main
    config.hook.pytest_runtestloop(session=session)
  File "/usr/lib/python3/dist-packages/pluggy/_hooks.py", line 513, in __call__
    return self._hookexec(self.name, self._hookimpls.copy(), kwargs, firstresult)
  File "/usr/lib/python3/dist-packages/pluggy/_manager.py", line 120, in _hookexec
    return self._inner_hookexec(hook_name, methods, kwargs, firstresult)
  File "/usr/lib/python3/dist-packages/pluggy/_callers.py", line 103, in _multicall
    res = hook_impl.function(*args)
  File "/usr/lib/python3/dist-packages/_pytest/main.py", line 362, in pytest_runtestloop
    item.config.hook.pytest_runtest_protocol(item=item, nextitem=nextitem)
  File "/usr/lib/python3/dist-packages/pluggy/_hooks.py", line 513, in __call__
    return self._hookexec(self.name, self._hookimpls.copy(), kwargs, firstresult)
  File "/usr/lib/python3/dist-packages/pluggy/_manager.py", line 120, in _hookexec
    return self._inner_hookexec(hook_name, methods, kwargs, firstresult)
  File "/usr/lib/python3/dist-packages/pluggy/_callers.py", line 103, in _multicall
    res = hook_impl.function(*args)
  File "/usr/lib/python3/dist-packages/_pytest/runner.py", line 113, in pytest_runtest_protocol
    runtestprotocol(item, nextitem=nextitem)
  File "/usr/lib/python3/dist-packages/_pytest/runner.py", line 132, in runtestprotocol
    reports.append(call_and_report(item, "call", log))
  File "/usr/lib/python3/dist-packages/_pytest/runner.py", line 241, in call_and_report
    call = CallInfo.from_call(
  File "/usr/lib/python3/dist-packages/_pytest/runner.py", line 341, in from_call
    result: TResult | None = func()
  File "/usr/lib/python3/dist-packages/_pytest/runner.py", line 242, in <lambda>
    lambda: runtest_hook(item=item, **kwds), when=when, reraise=reraise
  File "/usr/lib/python3/dist-packages/pluggy/_hooks.py", line 513, in __call__
    return self._hookexec(self.name, self._hookimpls.copy(), kwargs, firstresult)
  File "/usr/lib/python3/dist-packages/pluggy/_manager.py", line 120, in _hookexec
    return self._inner_hookexec(hook_name, methods, kwargs, firstresult)
  File "/usr/lib/python3/dist-packages/pluggy/_callers.py", line 103, in _multicall
    res = hook_impl.function(*args)
  File "/usr/lib/python3/dist-packages/_pytest/runner.py", line 174, in pytest_runtest_call
    item.runtest()
  File "/usr/lib/python3/dist-packages/_pytest/python.py", line 1627, in runtest
    self.ihook.pytest_pyfunc_call(pyfuncitem=self)
  File "/usr/lib/python3/dist-packages/pluggy/_hooks.py", line 513, in __call__
    return self._hookexec(self.name, self._hookimpls.copy(), kwargs, firstresult)
  File "/usr/lib/python3/dist-packages/pluggy/_manager.py", line 120, in _hookexec
    return self._inner_hookexec(hook_name, methods, kwargs, firstresult)
  File "/usr/lib/python3/dist-packages/pluggy/_callers.py", line 103, in _multicall
    res = hook_impl.function(*args)
  File "/usr/lib/python3/dist-packages/_pytest/python.py", line 159, in pytest_pyfunc_call
    result = testfunction(**testargs)
  File "/usr/lib/python3.13/unittest/mock.py", line 1426, in patched
    return func(*newargs, **newkeywargs)
  File "/sonic/src/sonic-platform-daemons/sonic-ycabled/tests/test_ycable.py", line 281, in test_DaemonYcable_init_deinit
    ycable.init()
  File "/sonic/src/sonic-platform-daemons/sonic-ycabled/ycable/ycable.py", line 351, in init
    self.log_error("Failed to read port info: {}".format(str(e)), True)
  File "/usr/local/lib/python3.13/dist-packages/sonic_py_common/daemon_base.py", line 79, in log_error
    self.logger_instance.log_error(message, also_print_to_console)
  File "/usr/local/lib/python3.13/dist-packages/sonic_py_common/syslogger.py", line 128, in log_error
    self.log(logging.ERROR, msg, also_print_to_console)
  File "/usr/local/lib/python3.13/dist-packages/sonic_py_common/syslogger.py", line 121, in log
    self.logger.log(priority, msg)
Message: 'Failed to read port info: expected str, bytes or os.PathLike object, not NoneType'
Arguments: ()
------------------------------ Captured log call -------------------------------
WARNING  ycable:syslogger.py:121 Failed to load chassis due to ModuleNotFoundError("No module named 'sonic_platform'")
ERROR    ycable:syslogger.py:121 Failed to read port info: expected str, bytes or os.PathLike object, not NoneType
=============================== warnings summary ===============================
tests/test_y_cable_helper.py:69
  /sonic/src/sonic-platform-daemons/sonic-ycabled/tests/test_y_cable_helper.py:69: PytestAssertRewriteWarning: assertion is always true, perhaps remove parentheses?
    assert(rc == (None, "value"), {'abcd': 'x', 'def': 'y'})

<frozen importlib._bootstrap>:488
  <frozen importlib._bootstrap>:488: DeprecationWarning: builtin type SwigPyPacked has no __module__ attribute

<frozen importlib._bootstrap>:488
  <frozen importlib._bootstrap>:488: DeprecationWarning: builtin type SwigPyObject has no __module__ attribute

<frozen importlib._bootstrap>:488
  <frozen importlib._bootstrap>:488: DeprecationWarning: builtin type swigvarlink has no __module__ attribute

tests/test_y_cable_helper.py::TestYCableScript::test_y_cable_toggle_mux_torA_update_status_true
tests/test_y_cable_helper.py::TestYCableScript::test_y_cable_toggle_mux_torA_update_status_exception
tests/test_y_cable_helper.py::TestYCableScript::test_update_tor_active_side_1_active
tests/test_y_cable_helper.py::TestYCableScript::test_update_tor_active_side_2_standby
  /sonic/src/sonic-platform-daemons/sonic-ycabled/ycable/ycable_utilities/y_cable_helper.py:859: DeprecationWarning: currentThread() is deprecated, use current_thread() instead
    helper_logger.log_debug("Y_CABLE_DEBUG: Status of toggling mux to ToR A for port {} status {} {}".format(physical_port, update_status, threading.currentThread().getName()))

tests/test_y_cable_helper.py::TestYCableScript::test_y_cable_toggle_mux_torA_update_status_true
tests/test_y_cable_helper.py::TestYCableScript::test_y_cable_toggle_mux_torA_update_status_exception
tests/test_y_cable_helper.py::TestYCableScript::test_update_tor_active_side_1_active
tests/test_y_cable_helper.py::TestYCableScript::test_update_tor_active_side_2_standby
  /sonic/src/sonic-platform-daemons/sonic-ycabled/ycable/ycable_utilities/y_cable_helper.py:859: DeprecationWarning: getName() is deprecated, get the name attribute instead
    helper_logger.log_debug("Y_CABLE_DEBUG: Status of toggling mux to ToR A for port {} status {} {}".format(physical_port, update_status, threading.currentThread().getName()))

tests/test_y_cable_helper.py::TestYCableScript::test_y_cable_toggle_mux_torA_no_port_instance
  /sonic/src/sonic-platform-daemons/sonic-ycabled/ycable/ycable_utilities/y_cable_helper.py:850: DeprecationWarning: currentThread() is deprecated, use current_thread() instead
    "Error: Could not get port instance for read side for  Y cable port {} {}".format(physical_port, threading.currentThread().getName()))

tests/test_y_cable_helper.py::TestYCableScript::test_y_cable_toggle_mux_torA_no_port_instance
  /sonic/src/sonic-platform-daemons/sonic-ycabled/ycable/ycable_utilities/y_cable_helper.py:850: DeprecationWarning: getName() is deprecated, get the name attribute instead
    "Error: Could not get port instance for read side for  Y cable port {} {}".format(physical_port, threading.currentThread().getName()))

tests/test_y_cable_helper.py::TestYCableScript::test_y_cable_toggle_mux_torA_update_status_exception
  /sonic/src/sonic-platform-daemons/sonic-ycabled/ycable/ycable_utilities/y_cable_helper.py:857: DeprecationWarning: currentThread() is deprecated, use current_thread() instead
    helper_logger.log_warning("Failed to execute the toggle mux ToR A API for port {} due to {} {}".format(physical_port, repr(e) , threading.currentThread().getName()))

tests/test_y_cable_helper.py::TestYCableScript::test_y_cable_toggle_mux_torA_update_status_exception
  /sonic/src/sonic-platform-daemons/sonic-ycabled/ycable/ycable_utilities/y_cable_helper.py:857: DeprecationWarning: getName() is deprecated, get the name attribute instead
    helper_logger.log_warning("Failed to execute the toggle mux ToR A API for port {} due to {} {}".format(physical_port, repr(e) , threading.currentThread().getName()))

tests/test_y_cable_helper.py::TestYCableScript::test_y_cable_toggle_mux_torB_no_port_instance
  /sonic/src/sonic-platform-daemons/sonic-ycabled/ycable/ycable_utilities/y_cable_helper.py:871: DeprecationWarning: currentThread() is deprecated, use current_thread() instead
    helper_logger.log_error("Error: Could not get port instance for read side for  Y cable port {} {}".format(physical_port, threading.currentThread().getName()))

tests/test_y_cable_helper.py::TestYCableScript::test_y_cable_toggle_mux_torB_no_port_instance
  /sonic/src/sonic-platform-daemons/sonic-ycabled/ycable/ycable_utilities/y_cable_helper.py:871: DeprecationWarning: getName() is deprecated, get the name attribute instead
    helper_logger.log_error("Error: Could not get port instance for read side for  Y cable port {} {}".format(physical_port, threading.currentThread().getName()))

tests/test_y_cable_helper.py::TestYCableScript::test_y_cable_toggle_mux_torB_update_status_exception
  /sonic/src/sonic-platform-daemons/sonic-ycabled/ycable/ycable_utilities/y_cable_helper.py:878: DeprecationWarning: currentThread() is deprecated, use current_thread() instead
    helper_logger.log_warning("Failed to execute the toggle mux ToR B API for port {} due to {} {}".format(physical_port,repr(e), threading.currentThread().getName()))

tests/test_y_cable_helper.py::TestYCableScript::test_y_cable_toggle_mux_torB_update_status_exception
  /sonic/src/sonic-platform-daemons/sonic-ycabled/ycable/ycable_utilities/y_cable_helper.py:878: DeprecationWarning: getName() is deprecated, get the name attribute instead
    helper_logger.log_warning("Failed to execute the toggle mux ToR B API for port {} due to {} {}".format(physical_port,repr(e), threading.currentThread().getName()))

tests/test_y_cable_helper.py::TestYCableScript::test_y_cable_toggle_mux_torB_update_status_exception
tests/test_y_cable_helper.py::TestYCableScript::test_y_cable_toggle_mux_torB_update_status_true
tests/test_y_cable_helper.py::TestYCableScript::test_update_tor_active_side_2_active
tests/test_y_cable_helper.py::TestYCableScript::test_update_tor_active_side_1_standby
  /sonic/src/sonic-platform-daemons/sonic-ycabled/ycable/ycable_utilities/y_cable_helper.py:880: DeprecationWarning: currentThread() is deprecated, use current_thread() instead
    helper_logger.log_debug("Y_CABLE_DEBUG: Status of toggling mux to ToR B for port {} {} {}".format(physical_port, update_status, threading.currentThread().getName()))

tests/test_y_cable_helper.py::TestYCableScript::test_y_cable_toggle_mux_torB_update_status_exception
tests/test_y_cable_helper.py::TestYCableScript::test_y_cable_toggle_mux_torB_update_status_true
tests/test_y_cable_helper.py::TestYCableScript::test_update_tor_active_side_2_active
tests/test_y_cable_helper.py::TestYCableScript::test_update_tor_active_side_1_standby
  /sonic/src/sonic-platform-daemons/sonic-ycabled/ycable/ycable_utilities/y_cable_helper.py:880: DeprecationWarning: getName() is deprecated, get the name attribute instead
    helper_logger.log_debug("Y_CABLE_DEBUG: Status of toggling mux to ToR B for port {} {} {}".format(physical_port, update_status, threading.currentThread().getName()))

tests/test_y_cable_helper.py: 12 warnings
  /sonic/src/sonic-platform-daemons/sonic-ycabled/ycable/ycable_utilities/y_cable_helper.py:1800: DeprecationWarning: datetime.datetime.utcnow() is deprecated and scheduled for removal in a future version. Use timezone-aware objects to represent datetimes in UTC: datetime.datetime.now(datetime.UTC).
    time_post = datetime.datetime.utcnow().strftime("%Y-%b-%d %H:%M:%S.%f")

tests/test_y_cable_helper.py::TestYCableScript::test_get_muxcable_info
tests/test_y_cable_helper.py::TestYCableScript::test_get_muxcable_info_peer_side
tests/test_y_cable_helper.py::TestYCableScript::test_get_muxcable_info_exceptions
tests/test_y_cable_helper.py::TestYCableScript::test_get_muxcable_info_true_exceptions_peer_side
tests/test_y_cable_helper.py::TestYCableScript::test_get_muxcable_info_true_exceptions
tests/test_y_cable_helper.py::TestYCableScript::test_get_muxcable_info_exceptions_peer_side
  /sonic/src/sonic-platform-daemons/sonic-ycabled/ycable/ycable_utilities/y_cable_helper.py:1875: DeprecationWarning: datetime.datetime.utcnow() is deprecated and scheduled for removal in a future version. Use timezone-aware objects to represent datetimes in UTC: datetime.datetime.now(datetime.UTC).
    time_post = datetime.datetime.utcnow().strftime("%Y-%b-%d %H:%M:%S.%f")

tests/test_y_cable_helper.py::TestYCableScript::test_setup_grpc_channel_for_port
  /sonic/src/sonic-platform-daemons/sonic-ycabled/ycable/ycable_utilities/y_cable_table_helper.py:554: DeprecationWarning: currentThread() is deprecated, use current_thread() instead
    helper_logger.log_notice('created table instance from tid {}'.format(threading.currentThread().getName()))

tests/test_y_cable_helper.py::TestYCableScript::test_setup_grpc_channel_for_port
  /sonic/src/sonic-platform-daemons/sonic-ycabled/ycable/ycable_utilities/y_cable_table_helper.py:554: DeprecationWarning: getName() is deprecated, get the name attribute instead
    helper_logger.log_notice('created table instance from tid {}'.format(threading.currentThread().getName()))

tests/test_y_cable_helper.py::TestYCableScript::test_setup_grpc_channel_for_port
tests/test_y_cable_helper.py::TestYCableScript::test_setup_grpc_channel_for_port_get_false
  /sonic/src/sonic-platform-daemons/sonic-ycabled/ycable/ycable_utilities/y_cable_helper.py:490: DeprecationWarning: currentThread() is deprecated, use current_thread() instead
    helper_logger.log_notice("gRPC port {} state changed to IDLE tid {}".format(port, threading.currentThread().getName()))

tests/test_y_cable_helper.py::TestYCableScript::test_setup_grpc_channel_for_port
tests/test_y_cable_helper.py::TestYCableScript::test_setup_grpc_channel_for_port_get_false
  /sonic/src/sonic-platform-daemons/sonic-ycabled/ycable/ycable_utilities/y_cable_helper.py:490: DeprecationWarning: getName() is deprecated, get the name attribute instead
    helper_logger.log_notice("gRPC port {} state changed to IDLE tid {}".format(port, threading.currentThread().getName()))

tests/test_y_cable_helper.py::TestYCableScript::test_parse_grpc_response_forwarding_state_standby_standby_with_true_read_side
  /sonic/src/sonic-platform-daemons/sonic-ycabled/ycable/ycable_utilities/y_cable_helper.py:618: DeprecationWarning: currentThread() is deprecated, use current_thread() instead
    "initial forwarding state RPC received response port ids = {} port {} tid {}".format(fwd_response_port_ids, port, threading.currentThread().getName()))

tests/test_y_cable_helper.py::TestYCableScript::test_parse_grpc_response_forwarding_state_standby_standby_with_true_read_side
  /sonic/src/sonic-platform-daemons/sonic-ycabled/ycable/ycable_utilities/y_cable_helper.py:618: DeprecationWarning: getName() is deprecated, get the name attribute instead
    "initial forwarding state RPC received response port ids = {} port {} tid {}".format(fwd_response_port_ids, port, threading.currentThread().getName()))

tests/test_y_cable_helper.py::TestYCableScript::test_parse_grpc_response_forwarding_state_standby_standby_with_true_read_side
  /sonic/src/sonic-platform-daemons/sonic-ycabled/ycable/ycable_utilities/y_cable_helper.py:620: DeprecationWarning: currentThread() is deprecated, use current_thread() instead
    "initial forwarding state RPC received response state values = {} port {} tid {}".format(fwd_response_port_ids_state, port, threading.currentThread().getName()))

tests/test_y_cable_helper.py::TestYCableScript::test_parse_grpc_response_forwarding_state_standby_standby_with_true_read_side
  /sonic/src/sonic-platform-daemons/sonic-ycabled/ycable/ycable_utilities/y_cable_helper.py:620: DeprecationWarning: getName() is deprecated, get the name attribute instead
    "initial forwarding state RPC received response state values = {} port {} tid {}".format(fwd_response_port_ids_state, port, threading.currentThread().getName()))

tests/test_y_cable_helper.py::TestYCableScript::test_get_muxcable_info_for_active_active
tests/test_y_cable_helper.py::TestYCableScript::test_get_muxcable_info_for_active_active_with_false
  /sonic/src/sonic-platform-daemons/sonic-ycabled/ycable/ycable_utilities/y_cable_helper.py:1710: DeprecationWarning: datetime.datetime.utcnow() is deprecated and scheduled for removal in a future version. Use timezone-aware objects to represent datetimes in UTC: datetime.datetime.now(datetime.UTC).
    time_post = datetime.datetime.utcnow().strftime("%Y-%b-%d %H:%M:%S.%f")

tests/test_y_cable_helper.py: 17 warnings
  /sonic/src/sonic-platform-daemons/sonic-ycabled/ycable/ycable_utilities/y_cable_helper.py:3678: DeprecationWarning: currentThread() is deprecated, use current_thread() instead
    helper_logger.log_debug("Y_CABLE_DEBUG: received an event for port transition {} {}".format(port, threading.currentThread().getName()))

tests/test_y_cable_helper.py: 17 warnings
  /sonic/src/sonic-platform-daemons/sonic-ycabled/ycable/ycable_utilities/y_cable_helper.py:3678: DeprecationWarning: getName() is deprecated, get the name attribute instead
    helper_logger.log_debug("Y_CABLE_DEBUG: received an event for port transition {} {}".format(port, threading.currentThread().getName()))

tests/test_y_cable_helper.py: 17 warnings
  /sonic/src/sonic-platform-daemons/sonic-ycabled/ycable/ycable_utilities/y_cable_helper.py:3682: DeprecationWarning: datetime.datetime.utcnow() is deprecated and scheduled for removal in a future version. Use timezone-aware objects to represent datetimes in UTC: datetime.datetime.now(datetime.UTC).
    time_start = datetime.datetime.utcnow().strftime("%Y-%b-%d %H:%M:%S.%f")

tests/test_y_cable_helper.py::TestYcableScriptExecution::test_ycable_helper_table_worker_probe_active_active
tests/test_y_cable_helper.py::TestYcableScriptExecution::test_ycable_helper_table_worker_toggle_active_active
  /sonic/src/sonic-platform-daemons/sonic-ycabled/ycable/ycable_utilities/y_cable_helper.py:3472: DeprecationWarning: datetime.datetime.utcnow() is deprecated and scheduled for removal in a future version. Use timezone-aware objects to represent datetimes in UTC: datetime.datetime.now(datetime.UTC).
    time_start = datetime.datetime.utcnow().strftime("%Y-%b-%d %H:%M:%S.%f")

tests/test_y_cable_helper.py::TestYcableScriptExecution::test_ycable_helper_table_worker_probe_active_active
tests/test_y_cable_helper.py::TestYcableScriptExecution::test_ycable_helper_table_worker_toggle_active_active
  /sonic/src/sonic-platform-daemons/sonic-ycabled/ycable/ycable_utilities/y_cable_helper.py:3539: DeprecationWarning: currentThread() is deprecated, use current_thread() instead
    "Set admin state RPC received response port {} port ids = {} curr_read_side {} read_side {} tid {}".format(port, hw_response_port_ids, curr_read_side, read_side, threading.currentThread().getName()))

tests/test_y_cable_helper.py::TestYcableScriptExecution::test_ycable_helper_table_worker_probe_active_active
tests/test_y_cable_helper.py::TestYcableScriptExecution::test_ycable_helper_table_worker_toggle_active_active
  /sonic/src/sonic-platform-daemons/sonic-ycabled/ycable/ycable_utilities/y_cable_helper.py:3539: DeprecationWarning: getName() is deprecated, get the name attribute instead
    "Set admin state RPC received response port {} port ids = {} curr_read_side {} read_side {} tid {}".format(port, hw_response_port_ids, curr_read_side, read_side, threading.currentThread().getName()))

tests/test_y_cable_helper.py::TestYcableScriptExecution::test_ycable_helper_table_worker_probe_active_active
tests/test_y_cable_helper.py::TestYcableScriptExecution::test_ycable_helper_table_worker_toggle_active_active
  /sonic/src/sonic-platform-daemons/sonic-ycabled/ycable/ycable_utilities/y_cable_helper.py:3541: DeprecationWarning: currentThread() is deprecated, use current_thread() instead
    "Set admin state RPC received response port {} state values = {} curr_read_side {} read_side {} tid {}".format(port, hw_response_port_ids_state, curr_read_side, read_side, threading.currentThread().getName()))

tests/test_y_cable_helper.py::TestYcableScriptExecution::test_ycable_helper_table_worker_probe_active_active
tests/test_y_cable_helper.py::TestYcableScriptExecution::test_ycable_helper_table_worker_toggle_active_active
  /sonic/src/sonic-platform-daemons/sonic-ycabled/ycable/ycable_utilities/y_cable_helper.py:3541: DeprecationWarning: getName() is deprecated, get the name attribute instead
    "Set admin state RPC received response port {} state values = {} curr_read_side {} read_side {} tid {}".format(port, hw_response_port_ids_state, curr_read_side, read_side, threading.currentThread().getName()))

tests/test_y_cable_helper.py::TestYcableScriptExecution::test_ycable_helper_table_worker_probe_active_active
tests/test_y_cable_helper.py::TestYcableScriptExecution::test_ycable_helper_table_worker_toggle_active_active
  /sonic/src/sonic-platform-daemons/sonic-ycabled/ycable/ycable_utilities/y_cable_helper.py:3552: DeprecationWarning: datetime.datetime.utcnow() is deprecated and scheduled for removal in a future version. Use timezone-aware objects to represent datetimes in UTC: datetime.datetime.now(datetime.UTC).
    time_end = datetime.datetime.utcnow().strftime("%Y-%b-%d %H:%M:%S.%f")

tests/test_y_cable_helper.py::TestYcableScriptExecution::test_ycable_helper_table_worker_probe_active
  /sonic/src/sonic-platform-daemons/sonic-ycabled/ycable/ycable_utilities/y_cable_helper.py:3765: DeprecationWarning: currentThread() is deprecated, use current_thread() instead
    helper_logger.log_debug("Y_CABLE_DEBUG: received a probe for Forwarding state using gRPC port status {} {}".format(port_m, threading.currentThread().getName()))

tests/test_y_cable_helper.py::TestYcableScriptExecution::test_ycable_helper_table_worker_probe_active
  /sonic/src/sonic-platform-daemons/sonic-ycabled/ycable/ycable_utilities/y_cable_helper.py:3765: DeprecationWarning: getName() is deprecated, get the name attribute instead
    helper_logger.log_debug("Y_CABLE_DEBUG: received a probe for Forwarding state using gRPC port status {} {}".format(port_m, threading.currentThread().getName()))

tests/test_y_cable_helper.py::TestYcableScriptExecution::test_ycable_helper_table_worker_probe_active
  /sonic/src/sonic-platform-daemons/sonic-ycabled/ycable/ycable_utilities/y_cable_helper.py:3426: DeprecationWarning: currentThread() is deprecated, use current_thread() instead
    "processing request for fwd_state calling RPC for getting forwarding state port = {} portid {} peer portid {} read_side {} tid {}".format(port, read_side, 1 - int(read_side), read_side, threading.currentThread().getName()))

tests/test_y_cable_helper.py::TestYcableScriptExecution::test_ycable_helper_table_worker_probe_active
  /sonic/src/sonic-platform-daemons/sonic-ycabled/ycable/ycable_utilities/y_cable_helper.py:3426: DeprecationWarning: getName() is deprecated, get the name attribute instead
    "processing request for fwd_state calling RPC for getting forwarding state port = {} portid {} peer portid {} read_side {} tid {}".format(port, read_side, 1 - int(read_side), read_side, threading.currentThread().getName()))

tests/test_y_cable_helper.py::TestYcableScriptExecution::test_ycable_helper_table_worker_probe_active
  /sonic/src/sonic-platform-daemons/sonic-ycabled/ycable/ycable_utilities/y_cable_helper.py:3451: DeprecationWarning: currentThread() is deprecated, use current_thread() instead
    "processing request for fwd_state forwarding state RPC received response port = {} portids {} read_side {} tid {}".format(port, fwd_response_port_ids, read_side, threading.currentThread().getName()))

tests/test_y_cable_helper.py::TestYcableScriptExecution::test_ycable_helper_table_worker_probe_active
  /sonic/src/sonic-platform-daemons/sonic-ycabled/ycable/ycable_utilities/y_cable_helper.py:3451: DeprecationWarning: getName() is deprecated, get the name attribute instead
    "processing request for fwd_state forwarding state RPC received response port = {} portids {} read_side {} tid {}".format(port, fwd_response_port_ids, read_side, threading.currentThread().getName()))

tests/test_y_cable_helper.py::TestYcableScriptExecution::test_ycable_helper_table_worker_probe_active
  /sonic/src/sonic-platform-daemons/sonic-ycabled/ycable/ycable_utilities/y_cable_helper.py:3453: DeprecationWarning: currentThread() is deprecated, use current_thread() instead
    "processing request for fwd state forwarding state RPC received response port = {} state values = {} read_side {} tid {}".format(port, fwd_response_port_ids_state, read_side, threading.currentThread().getName()))

tests/test_y_cable_helper.py::TestYcableScriptExecution::test_ycable_helper_table_worker_probe_active
  /sonic/src/sonic-platform-daemons/sonic-ycabled/ycable/ycable_utilities/y_cable_helper.py:3453: DeprecationWarning: getName() is deprecated, get the name attribute instead
    "processing request for fwd state forwarding state RPC received response port = {} state values = {} read_side {} tid {}".format(port, fwd_response_port_ids_state, read_side, threading.currentThread().getName()))

tests/test_y_cable_helper.py::TestYcableScriptExecution::test_ycable_helper_table_worker_probe
  /sonic/src/sonic-platform-daemons/sonic-ycabled/ycable/ycable_utilities/y_cable_helper.py:3744: DeprecationWarning: currentThread() is deprecated, use current_thread() instead
    helper_logger.log_debug("Y_CABLE_DEBUG: received a probe for port status {} {}".format(port_m, threading.currentThread().getName()))

tests/test_y_cable_helper.py::TestYcableScriptExecution::test_ycable_helper_table_worker_probe
  /sonic/src/sonic-platform-daemons/sonic-ycabled/ycable/ycable_utilities/y_cable_helper.py:3744: DeprecationWarning: getName() is deprecated, get the name attribute instead
    helper_logger.log_debug("Y_CABLE_DEBUG: received a probe for port status {} {}".format(port_m, threading.currentThread().getName()))

tests/test_y_cable_helper.py::TestYcableScriptExecution::test_ycable_wait_for_state_change
  /sonic/src/sonic-platform-daemons/sonic-ycabled/ycable/ycable_utilities/y_cable_helper.py:477: DeprecationWarning: currentThread() is deprecated, use current_thread() instead
    helper_logger.log_notice("gRPC port {} state changed to TRANSIENT_FAILURE tid {}".format(port, threading.currentThread().getName()))

tests/test_y_cable_helper.py::TestYcableScriptExecution::test_ycable_wait_for_state_change
  /sonic/src/sonic-platform-daemons/sonic-ycabled/ycable/ycable_utilities/y_cable_helper.py:477: DeprecationWarning: getName() is deprecated, get the name attribute instead
    helper_logger.log_notice("gRPC port {} state changed to TRANSIENT_FAILURE tid {}".format(port, threading.currentThread().getName()))

tests/test_y_cable_helper.py::TestYcableScriptExecution::test_ycable_wait_for_state_change
  /sonic/src/sonic-platform-daemons/sonic-ycabled/ycable/ycable_utilities/y_cable_helper.py:484: DeprecationWarning: currentThread() is deprecated, use current_thread() instead
    helper_logger.log_notice("gRPC port {} state changed to CONNECTING tid {}".format(port, threading.currentThread().getName()))

tests/test_y_cable_helper.py::TestYcableScriptExecution::test_ycable_wait_for_state_change
  /sonic/src/sonic-platform-daemons/sonic-ycabled/ycable/ycable_utilities/y_cable_helper.py:484: DeprecationWarning: getName() is deprecated, get the name attribute instead
    helper_logger.log_notice("gRPC port {} state changed to CONNECTING tid {}".format(port, threading.currentThread().getName()))

tests/test_y_cable_helper.py::TestYcableScriptExecution::test_ycable_wait_for_state_change
  /sonic/src/sonic-platform-daemons/sonic-ycabled/ycable/ycable_utilities/y_cable_helper.py:487: DeprecationWarning: currentThread() is deprecated, use current_thread() instead
    helper_logger.log_notice("gRPC port {} state changed to READY tid {}".format(port, threading.currentThread().getName()))

tests/test_y_cable_helper.py::TestYcableScriptExecution::test_ycable_wait_for_state_change
  /sonic/src/sonic-platform-daemons/sonic-ycabled/ycable/ycable_utilities/y_cable_helper.py:487: DeprecationWarning: getName() is deprecated, get the name attribute instead
    helper_logger.log_notice("gRPC port {} state changed to READY tid {}".format(port, threading.currentThread().getName()))

tests/test_y_cable_helper.py::TestYcableScriptExecution::test_ycable_wait_for_state_change
  /sonic/src/sonic-platform-daemons/sonic-ycabled/ycable/ycable_utilities/y_cable_helper.py:497: DeprecationWarning: currentThread() is deprecated, use current_thread() instead
    helper_logger.log_notice("gRPC port {} state changed to SHUTDOWN tid {}".format(port, threading.currentThread().getName()))

tests/test_y_cable_helper.py::TestYcableScriptExecution::test_ycable_wait_for_state_change
  /sonic/src/sonic-platform-daemons/sonic-ycabled/ycable/ycable_utilities/y_cable_helper.py:497: DeprecationWarning: getName() is deprecated, get the name attribute instead
    helper_logger.log_notice("gRPC port {} state changed to SHUTDOWN tid {}".format(port, threading.currentThread().getName()))

tests/test_ycable.py::TestYcableAsyncScript::test_ycable_helper_async_client_run_loop_with_exception
  /sonic/src/sonic-platform-daemons/sonic-ycabled/tests/test_ycable.py:427: RuntimeWarning: coroutine 'YCableAsyncNotificationTask.task_worker' was never awaited
    Y_cable_async_task.task_worker()
  Enable tracemalloc to get traceback where the object was allocated.
  See https://docs.pytest.org/en/stable/how-to/capture-warnings.html#resource-warnings for more info.

-- Docs: https://docs.pytest.org/en/stable/how-to/capture-warnings.html
- generated xml file: /sonic/src/sonic-platform-daemons/sonic-ycabled/test-results.xml -

---------- coverage: platform linux, python 3.13.5-final-0 -----------
Name                                              Stmts   Miss  Cover
---------------------------------------------------------------------
ycable/__init__.py                                    0      0   100%
ycable/ycable.py                                    270     94    65%
ycable/ycable_utilities/__init__.py                   0      0   100%
ycable/ycable_utilities/y_cable_helper.py          2621    630    76%
ycable/ycable_utilities/y_cable_table_helper.py     365     33    91%
---------------------------------------------------------------------
TOTAL                                              3256    757    77%
Coverage HTML written to dir htmlcov
Coverage XML written to file coverage.xml

=========================== short test summary info ============================
FAILED tests/test_y_cable_helper.py::TestYCableScript::test_DaemonYcable_init_deinit - SystemExit: 2
FAILED tests/test_y_cable_helper.py::TestYCableScript::test_handle_config_prbs_cmd_arg_tbl_notification_no_port - AttributeError: 'NoneType' object has no attribute 'is_logical_port'
FAILED tests/test_y_cable_helper.py::TestYCableScript::test_handle_config_prbs_cmd_arg_tbl_notification_no_instance - AttributeError: 'NoneType' object has no attribute 'is_logical_port'
FAILED tests/test_y_cable_helper.py::TestYCableScript::test_handle_config_loop_cmd_arg_tbl_notification_no_port - AttributeError: 'NoneType' object has no attribute 'is_logical_port'
FAILED tests/test_y_cable_helper.py::TestYCableScript::test_handle_config_loop_cmd_arg_tbl_notification_no_instance - AttributeError: 'NoneType' object has no attribute 'is_logical_port'
FAILED tests/test_y_cable_helper.py::TestYCableScript::test_handle_show_event_cmd_arg_tbl_notification_no_port - AttributeError: 'NoneType' object has no attribute 'is_logical_port'
FAILED tests/test_y_cable_helper.py::TestYCableScript::test_handle_show_event_cmd_arg_tbl_notification_no_instance - AttributeError: 'NoneType' object has no attribute 'is_logical_port'
FAILED tests/test_y_cable_helper.py::TestYCableScript::test_handle_get_fec_cmd_arg_tbl_notification_no_port - AttributeError: 'NoneType' object has no attribute 'is_logical_port'
FAILED tests/test_y_cable_helper.py::TestYCableScript::test_handle_get_fec_cmd_arg_tbl_notification_no_instance - AttributeError: 'NoneType' object has no attribute 'is_logical_port'
FAILED tests/test_y_cable_helper.py::TestYCableScript::test_handle_config_firmware_roll_cmd_arg_tbl_notification_no_port - AttributeError: 'NoneType' object has no attribute 'is_logical_port'
FAILED tests/test_y_cable_helper.py::TestYCableScript::test_handle_config_firmware_roll_cmd_arg_tbl_notification_no_instance - AttributeError: 'NoneType' object has no attribute 'is_logical_port'
FAILED tests/test_y_cable_helper.py::TestYCableScript::test_handle_config_firmware_roll_cmd_arg_tbl_notification_with_instance - AttributeError: 'NoneType' object has no attribute 'is_logical_port'
FAILED tests/test_y_cable_helper.py::TestYCableScript::test_handle_config_firmware_roll_cmd_arg_tbl_notification_no_port_and_instance - AttributeError: 'NoneType' object has no attribute 'is_logical_port'
FAILED tests/test_y_cable_helper.py::TestYCableScript::test_handle_config_firmware_down_cmd_arg_tbl_notification_no_port - AttributeError: 'NoneType' object has no attribute 'is_logical_port'
FAILED tests/test_y_cable_helper.py::TestYCableScript::test_handle_config_firmware_down_cmd_arg_tbl_notification_no_instance - AttributeError: 'NoneType' object has no attribute 'is_logical_port'
FAILED tests/test_y_cable_helper.py::TestYCableScript::test_handle_config_firmware_acti_cmd_arg_tbl_notification_no_port - AttributeError: 'NoneType' object has no attribute 'is_logical_port'
FAILED tests/test_y_cable_helper.py::TestYCableScript::test_handle_config_firmware_acti_cmd_arg_tbl_notification_no_instance - AttributeError: 'NoneType' object has no attribute 'is_logical_port'
FAILED tests/test_y_cable_helper.py::TestYCableScript::test_handle_show_firmware_show_cmd_arg_tbl_notification_no_port - AttributeError: 'NoneType' object has no attribute 'is_logical_port'
FAILED tests/test_y_cable_helper.py::TestYCableScript::test_handle_show_firmware_show_cmd_arg_tbl_notification_no_instance - AttributeError: 'NoneType' object has no attribute 'is_logical_port'
FAILED tests/test_y_cable_helper.py::TestYCableScript::test_handle_config_mux_switchmode_cmd_arg_tbl_notification_no_port - AttributeError: 'NoneType' object has no attribute 'is_logical_port'
FAILED tests/test_y_cable_helper.py::TestYCableScript::test_handle_config_mux_switchmode_cmd_arg_tbl_notification_no_instance - AttributeError: 'NoneType' object has no attribute 'is_logical_port'
FAILED tests/test_y_cable_helper.py::TestYCableScript::test_handle_show_mux_switchmode_cmd_arg_tbl_notification_no_port - AttributeError: 'NoneType' object has no attribute 'is_logical_port'
FAILED tests/test_y_cable_helper.py::TestYCableScript::test_handle_show_mux_switchmode_cmd_arg_tbl_notification_no_instance - AttributeError: 'NoneType' object has no attribute 'is_logical_port'
FAILED tests/test_y_cable_helper.py::TestYCableScript::test_handle_config_mux_state_cmd_arg_tbl_notification_no_port - AttributeError: 'NoneType' object has no attribute 'is_logical_port'
FAILED tests/test_y_cable_helper.py::TestYCableScript::test_handle_config_mux_state_cmd_arg_tbl_notification_no_instance - AttributeError: 'NoneType' object has no attribute 'is_logical_port'
FAILED tests/test_y_cable_helper.py::TestYCableScript::test_handle_show_mux_state_cmd_arg_tbl_notification_no_port - AttributeError: 'NoneType' object has no attribute 'is_logical_port'
FAILED tests/test_y_cable_helper.py::TestYCableScript::test_handle_show_mux_state_cmd_arg_tbl_notification_no_instance - AttributeError: 'NoneType' object has no attribute 'get_presence'
FAILED tests/test_y_cable_helper.py::TestYCableScript::test_check_identifier_presence_and_setup_channel - AttributeError: 'NoneType' object has no attribute 'get_presence'
FAILED tests/test_y_cable_helper.py::TestYCableScript::test_check_identifier_presence_and_setup_channel_with_mock - AttributeError: 'NoneType' object has no attribute 'get_presence'
FAILED tests/test_y_cable_helper.py::TestYCableScript::test_handle_ycable_active_standby_probe_notification - AttributeError: 'NoneType' object has no attribute 'is_logical_port'
FAILED tests/test_y_cable_helper.py::TestYcableScriptExecution::test_ycable_helper_table_worker_toggle - AttributeError: 'NoneType' object has no attribute 'is_logical_port'
FAILED tests/test_ycable.py::TestYcableScript::test_DaemonYcable_init_deinit - SystemExit: 2
================ 32 failed, 241 passed, 140 warnings in 15.17s =================
[  FAIL LOG END  ] [ target/python-wheels/trixie/sonic_ycabled-1.0-py3-none-any.whl ]
make: *** [slave.mk:1164: target/python-wheels/trixie/sonic_ycabled-1.0-py3-none-any.whl] Error 1
[ finished ] [ target/python-wheels/trixie/asyncsnmp-2.1.0-py3-none-any.whl ] 
[ finished ] [ target/docker-config-engine-trixie.gz ] 
[ finished ] [ target/sonic-vs.bin__vs__rfs.squashfs ] 
[ finished ] [ target/debs/trixie/p4lang-p4c_1.2.4.2-2_amd64.deb ] 
make[1]: *** [Makefile.work:751: target/sonic-vs.bin] Error 2
make[1]: Leaving directory '/data/sonic/sonic-dzf-time-measure'
make: *** [Makefile:50: target/sonic-vs.bin] Error 2
