+++ --- Making target/sonic-vs.bin --- +++
./scripts/run_with_retry make BLDENV=trixie -f Makefile.work target/sonic-vs.bin
make[1]: Entering directory '/data/sonic/sonic-dzf-time-measure'
sudo: timed out
"SECURE_UPGRADE_PROD_SIGNING_TOOL": ""
/data/sonic/sonic-dzf-time-measure/src/sonic-build-hooks /data/sonic/sonic-dzf-time-measure
make[2]: Entering directory '/data/sonic/sonic-dzf-time-measure/src/sonic-build-hooks'
dpkg-deb: warning: root directory tmp/sonic-build-hooks has unusual owner or group 17388989:983
dpkg-deb: hint: you might need to pass --root-owner-group, see <https://wiki.debian.org/Teams/Dpkg/RootlessBuilds> for further details
dpkg-deb: warning: ignoring 1 warning about the control file(s)
dpkg-deb: building package 'sonic-build-hooks' in 'buildinfo/sonic-build-hooks_1.0_all.deb'.
make[2]: Leaving directory '/data/sonic/sonic-dzf-time-measure/src/sonic-build-hooks'
/data/sonic/sonic-dzf-time-measure
Checking sonic-slave-base image: sonic-slave-trixie:d80ffb598b0
Checking sonic-slave-user image: sonic-slave-trixie-qiuying.xzc:8488ce23328
SONiC Build System

Build Configuration
"CONFIGURED_PLATFORM"             : "vs"
"CONFIGURED_ARCH"                 : "amd64"
"SONIC_CONFIG_PRINT_DEPENDENCIES" : ""
"SONIC_BUILD_JOBS"                : "8"
"SONIC_CONFIG_MAKE_JOBS"          : "192"
"USE_NATIVE_DOCKERD_FOR_BUILD"    : ""
"USE_DOCKER_CACHE"               : ""
"SONIC_CONFIG_USE_CCACHE"         : "n"
"USERNAME"                        : "admin"
"PASSWORD"                        : "YourPaSsWoRd"
"CHANGE_DEFAULT_PASSWORD"         : "n"
"SECURE_UPGRADE_MODE"             : "no_sign"
"SECURE_UPGRADE_DEV_SIGNING_KEY"  : ""
"SECURE_UPGRADE_SIGNING_CERT"     : ""
"SECURE_UPGRADE_KERNEL_CAFILE"    : ""
"SECURE_UPGRADE_PROD_SIGNING_TOOL": ""
"SECURE_UPGRADE_PROD_TOOL_ARGS"   : ""
"ONIE_IMAGE_PART_SIZE"            : ""
"SHUTDOWN_BGP_ON_START"           : ""
"ENABLE_PFCWD_ON_START"           : ""
"SONIC_BUFFER_MODEL"              : ""
"INSTALL_DEBUG_TOOLS"             : ""
"ROUTING_STACK"                   : "frr"
"FRR_USER_UID"                    : "300"
"FRR_USER_GID"                    : "300"
"ENABLE_FRR_TCMALLOC"             : "y"
"ENABLE_SYNCD_RPC"                : ""
"SAITHRIFT_V2"                    : ""
"ENABLE_ORGANIZATION_EXTENSIONS"  : "y"
"HTTP_PROXY"                      : ""
"HTTPS_PROXY"                     : ""
"NO_PROXY"                        : ""
"ENABLE_ZTP"                      : ""
"INCLUDE_PDE"                     : ""
"SONIC_DEBUGGING_ON"              : ""
"SONIC_PROFILING_ON"              : ""
"KERNEL_PROCURE_METHOD"           : "build"
"BUILD_TIMESTAMP"                 : "20260902.055835"
"BUILD_LOG_TIMESTAMP"             : "none"
"SONIC_IMAGE_VERSION"             : "master.0-dirty-20260902.055835"
"BLDENV"                          : "trixie"
"VS_PREPARE_MEM"                  : "yes"
"INCLUDE_MGMT_FRAMEWORK"          : "y"
"INCLUDE_ICCPD"                   : "n"
"INCLUDE_STP"                     : ""
"INCLUDE_SYSTEM_TELEMETRY"        : "n"
"INCLUDE_SYSTEM_GNMI"             : "y"
"INCLUDE_SYSTEM_BMP"              : "y"
"INCLUDE_SYSTEM_OTEL"             : "y"
"INCLUDE_SYSTEM_EVENTD"           : "y"
"ENABLE_HOST_SERVICE_ON_START"    : "y"
"INCLUDE_RESTAPI"                 : "n"
"INCLUDE_SFLOW"                   : "y"
"INCLUDE_NAT"                     : "y"
"INCLUDE_DHCP_RELAY"              : "y"
"INCLUDE_DHCP_SERVER"             : "n"
"INCLUDE_P4RT"                    : "n"
"INCLUDE_VS_DASH_SAI"             : "y"
"INCLUDE_KUBERNETES"              : "n"
"INCLUDE_KUBERNETES_MASTER"       : "n"
"INCLUDE_MACSEC"                  : "y"
"INCLUDE_MUX"                     : "y"
"INCLUDE_TEAMD"                   : "y"
"INCLUDE_DASH_HA"                 : "y"
"INCLUDE_ROUTER_ADVERTISER"       : "y"
"INCLUDE_SNMP"                    : "y"
"INCLUDE_LLDP"                    : "y"
"INCLUDE_BOOTCHART                : "y"
"ENABLE_BOOTCHART                 : "n"
"INCLUDE_FIPS"                    : "y"
"ENABLE_TRANSLIB_WRITE"           : ""
"ENABLE_NATIVE_WRITE"             : "y"
"ENABLE_DIALOUT"                  : ""
"ENABLE_AUTO_TECH_SUPPORT"        : "y"
"PDDF_SUPPORT"                    : "y"
"MULTIARCH_QEMU_ENVIRON"          : "n"
"SONIC_VERSION_CONTROL_COMPONENTS": "py2,py3,web,git,docker"
"ENABLE_ASAN"                     : "n"
"DEFAULT_CONTAINER_REGISTRY"      : "publicmirror.azurecr.io/"
"BUILD_MULTIASIC_KVM"             : "n"
"CROSS_BUILD_ENVIRON"             : "n"
"INCLUDE_EXTERNAL_PATCHES"        : "n"
"PTF_ENV_PY_VER"                  : "py3"
"ENABLE_MULTIDB"                  : ""
"ENABLE_SBOM"                     : "n"
"SBOM_FORMAT"                     : "both"
"SBOM_SCAN_TOOL"                  : "syft"
"SBOM_INCLUDE_LICENSES"           : "y"
"SBOM_STRICT"                     : "y"

"SONIC_DPKG_CACHE_METHOD"         : "none"

[ 01 ] [ target/debs/trixie/systemd-sonic-generator_1.0.0_amd64.deb ]
[A[K[ 01 ] [ target/debs/trixie/systemd-sonic-generator_1.0.0_amd64.deb ]
[ 02 ] [ target/debs/trixie/sonic-platform-vs_1.0_amd64.deb ]
[A[K[A[K[ 01 ] [ target/debs/trixie/systemd-sonic-generator_1.0.0_amd64.deb ]
[ 02 ] [ target/debs/trixie/sonic-platform-vs_1.0_amd64.deb ]
[ 03 ] [ target/debs/trixie/initramfs-tools_0.142_all.deb ]
[A[K[A[K[A[K[ 01 ] [ target/debs/trixie/systemd-sonic-generator_1.0.0_amd64.deb ]
[ 02 ] [ target/debs/trixie/sonic-platform-vs_1.0_amd64.deb ]
[ 03 ] [ target/debs/trixie/initramfs-tools_0.142_all.deb ]
[ 04 ] [ target/debs/trixie/linux-headers-6.12.41+deb13-common-sonic_6.12.41-1_all.deb ]
[A[K[A[K[A[K[A[K[ 01 ] [ target/debs/trixie/systemd-sonic-generator_1.0.0_amd64.deb ]
[ 02 ] [ target/debs/trixie/sonic-platform-vs_1.0_amd64.deb ]
[ 03 ] [ target/debs/trixie/initramfs-tools_0.142_all.deb ]
[ 04 ] [ target/debs/trixie/linux-headers-6.12.41+deb13-common-sonic_6.12.41-1_all.deb ]
[ 05 ] [ target/debs/trixie/sonic-device-data_1.0-1_all.deb ]
[A[K[A[K[A[K[A[K[A[K[ 01 ] [ target/debs/trixie/systemd-sonic-generator_1.0.0_amd64.deb ]
[ 02 ] [ target/debs/trixie/sonic-platform-vs_1.0_amd64.deb ]
[ 03 ] [ target/debs/trixie/initramfs-tools_0.142_all.deb ]
[ 04 ] [ target/debs/trixie/linux-headers-6.12.41+deb13-common-sonic_6.12.41-1_all.deb ]
[ 05 ] [ target/debs/trixie/sonic-device-data_1.0-1_all.deb ]
[ 06 ] [ target/debs/trixie/ifupdown2_3.0.0-1_all.deb ]
[A[K[A[K[A[K[A[K[A[K[A[K[ 01 ] [ target/debs/trixie/systemd-sonic-generator_1.0.0_amd64.deb ]
[ 02 ] [ target/debs/trixie/sonic-platform-vs_1.0_amd64.deb ]
[ 03 ] [ target/debs/trixie/initramfs-tools_0.142_all.deb ]
[ 04 ] [ target/debs/trixie/linux-headers-6.12.41+deb13-common-sonic_6.12.41-1_all.deb ]
[ 05 ] [ target/debs/trixie/sonic-device-data_1.0-1_all.deb ]
[ 06 ] [ target/debs/trixie/ifupdown2_3.0.0-1_all.deb ]
[ 07 ] [ target/debs/trixie/makedumpfile_1.7.7-1_amd64.deb ]
[A[K[A[K[A[K[A[K[A[K[A[K[A[K[ 01 ] [ target/debs/trixie/systemd-sonic-generator_1.0.0_amd64.deb ]
[ 02 ] [ target/debs/trixie/sonic-platform-vs_1.0_amd64.deb ]
[ 03 ] [ target/debs/trixie/initramfs-tools_0.142_all.deb ]
[ 04 ] [ target/debs/trixie/linux-headers-6.12.41+deb13-common-sonic_6.12.41-1_all.deb ]
[ 05 ] [ target/debs/trixie/sonic-device-data_1.0-1_all.deb ]
[ 06 ] [ target/debs/trixie/ifupdown2_3.0.0-1_all.deb ]
[ 07 ] [ target/debs/trixie/makedumpfile_1.7.7-1_amd64.deb ]
[ 08 ] [ target/debs/trixie/kdump-tools_1.10.7_amd64.deb ]
[A[K[A[K[A[K[A[K[A[K[A[K[A[K[A[K[ 01 ] [ target/debs/trixie/systemd-sonic-generator_1.0.0_amd64.deb ]
[ 02 ] [ target/debs/trixie/initramfs-tools_0.142_all.deb ]
[ 03 ] [ target/debs/trixie/linux-headers-6.12.41+deb13-common-sonic_6.12.41-1_all.deb ]
[ 04 ] [ target/debs/trixie/sonic-device-data_1.0-1_all.deb ]
[ 05 ] [ target/debs/trixie/ifupdown2_3.0.0-1_all.deb ]
[ 06 ] [ target/debs/trixie/makedumpfile_1.7.7-1_amd64.deb ]
[ 07 ] [ target/debs/trixie/kdump-tools_1.10.7_amd64.deb ]
[A[K[A[K[A[K[A[K[A[K[A[K[A[K[ 01 ] [ target/debs/trixie/systemd-sonic-generator_1.0.0_amd64.deb ]
[ 02 ] [ target/debs/trixie/initramfs-tools_0.142_all.deb ]
[ 03 ] [ target/debs/trixie/linux-headers-6.12.41+deb13-common-sonic_6.12.41-1_all.deb ]
[ 04 ] [ target/debs/trixie/sonic-device-data_1.0-1_all.deb ]
[ 05 ] [ target/debs/trixie/ifupdown2_3.0.0-1_all.deb ]
[ 06 ] [ target/debs/trixie/makedumpfile_1.7.7-1_amd64.deb ]
[ 07 ] [ target/debs/trixie/kdump-tools_1.10.7_amd64.deb ]
[ 08 ] [ target/debs/trixie/libpam-radius-auth_1.4.1-1_amd64.deb ]
[A[K[A[K[A[K[A[K[A[K[A[K[A[K[A[K[ 01 ] [ target/debs/trixie/systemd-sonic-generator_1.0.0_amd64.deb ]
[ 02 ] [ target/debs/trixie/linux-headers-6.12.41+deb13-common-sonic_6.12.41-1_all.deb ]
[ 03 ] [ target/debs/trixie/sonic-device-data_1.0-1_all.deb ]
[ 04 ] [ target/debs/trixie/ifupdown2_3.0.0-1_all.deb ]
[ 05 ] [ target/debs/trixie/makedumpfile_1.7.7-1_amd64.deb ]
[ 06 ] [ target/debs/trixie/kdump-tools_1.10.7_amd64.deb ]
[ 07 ] [ target/debs/trixie/libpam-radius-auth_1.4.1-1_amd64.deb ]
[A[K[A[K[A[K[A[K[A[K[A[K[A[K[ 01 ] [ target/debs/trixie/systemd-sonic-generator_1.0.0_amd64.deb ]
[ 02 ] [ target/debs/trixie/linux-headers-6.12.41+deb13-common-sonic_6.12.41-1_all.deb ]
[ 03 ] [ target/debs/trixie/sonic-device-data_1.0-1_all.deb ]
[ 04 ] [ target/debs/trixie/ifupdown2_3.0.0-1_all.deb ]
[ 05 ] [ target/debs/trixie/makedumpfile_1.7.7-1_amd64.deb ]
[ 06 ] [ target/debs/trixie/kdump-tools_1.10.7_amd64.deb ]
[ 07 ] [ target/debs/trixie/libpam-radius-auth_1.4.1-1_amd64.deb ]
[ 08 ] [ target/debs/trixie/libnss-radius_1.0.1-1_amd64.deb ]
[A[K[A[K[A[K[A[K[A[K[A[K[A[K[A[K[ 01 ] [ target/debs/trixie/systemd-sonic-generator_1.0.0_amd64.deb ]
[ 02 ] [ target/debs/trixie/linux-headers-6.12.41+deb13-common-sonic_6.12.41-1_all.deb ]
[ 03 ] [ target/debs/trixie/sonic-device-data_1.0-1_all.deb ]
[ 04 ] [ target/debs/trixie/ifupdown2_3.0.0-1_all.deb ]
[ 05 ] [ target/debs/trixie/makedumpfile_1.7.7-1_amd64.deb ]
[ 06 ] [ target/debs/trixie/kdump-tools_1.10.7_amd64.deb ]
[ 07 ] [ target/debs/trixie/libpam-radius-auth_1.4.1-1_amd64.deb ]
[A[K[A[K[A[K[A[K[A[K[A[K[A[K[ 01 ] [ target/debs/trixie/systemd-sonic-generator_1.0.0_amd64.deb ]
[ 02 ] [ target/debs/trixie/linux-headers-6.12.41+deb13-common-sonic_6.12.41-1_all.deb ]
[ 03 ] [ target/debs/trixie/sonic-device-data_1.0-1_all.deb ]
[ 04 ] [ target/debs/trixie/ifupdown2_3.0.0-1_all.deb ]
[ 05 ] [ target/debs/trixie/makedumpfile_1.7.7-1_amd64.deb ]
[ 06 ] [ target/debs/trixie/kdump-tools_1.10.7_amd64.deb ]
[ 07 ] [ target/debs/trixie/libpam-radius-auth_1.4.1-1_amd64.deb ]
[ 08 ] [ target/debs/trixie/libtac2_1.4.1-1_amd64.deb ]
[A[K[A[K[A[K[A[K[A[K[A[K[A[K[A[K[ 01 ] [ target/debs/trixie/systemd-sonic-generator_1.0.0_amd64.deb ]
[ 02 ] [ target/debs/trixie/linux-headers-6.12.41+deb13-common-sonic_6.12.41-1_all.deb ]
[ 03 ] [ target/debs/trixie/sonic-device-data_1.0-1_all.deb ]
[ 04 ] [ target/debs/trixie/ifupdown2_3.0.0-1_all.deb ]
[ 05 ] [ target/debs/trixie/kdump-tools_1.10.7_amd64.deb ]
[ 06 ] [ target/debs/trixie/libpam-radius-auth_1.4.1-1_amd64.deb ]
[ 07 ] [ target/debs/trixie/libtac2_1.4.1-1_amd64.deb ]
[A[K[A[K[A[K[A[K[A[K[A[K[A[K[ 01 ] [ target/debs/trixie/systemd-sonic-generator_1.0.0_amd64.deb ]
[ 02 ] [ target/debs/trixie/linux-headers-6.12.41+deb13-common-sonic_6.12.41-1_all.deb ]
[ 03 ] [ target/debs/trixie/sonic-device-data_1.0-1_all.deb ]
[ 04 ] [ target/debs/trixie/ifupdown2_3.0.0-1_all.deb ]
[ 05 ] [ target/debs/trixie/kdump-tools_1.10.7_amd64.deb ]
[ 06 ] [ target/debs/trixie/libpam-radius-auth_1.4.1-1_amd64.deb ]
[ 07 ] [ target/debs/trixie/libtac2_1.4.1-1_amd64.deb ]
[ 08 ] [ target/debs/trixie/monit_5.34.3-1_amd64.deb ]
[A[K[A[K[A[K[A[K[A[K[A[K[A[K[A[K[ 01 ] [ target/debs/trixie/systemd-sonic-generator_1.0.0_amd64.deb ]
[ 02 ] [ target/debs/trixie/linux-headers-6.12.41+deb13-common-sonic_6.12.41-1_all.deb ]
[ 03 ] [ target/debs/trixie/sonic-device-data_1.0-1_all.deb ]
[ 04 ] [ target/debs/trixie/ifupdown2_3.0.0-1_all.deb ]
[ 05 ] [ target/debs/trixie/libpam-radius-auth_1.4.1-1_amd64.deb ]
[ 06 ] [ target/debs/trixie/libtac2_1.4.1-1_amd64.deb ]
[ 07 ] [ target/debs/trixie/monit_5.34.3-1_amd64.deb ]
[A[K[A[K[A[K[A[K[A[K[A[K[A[K[ 01 ] [ target/debs/trixie/systemd-sonic-generator_1.0.0_amd64.deb ]
[ 02 ] [ target/debs/trixie/linux-headers-6.12.41+deb13-common-sonic_6.12.41-1_all.deb ]
[ 03 ] [ target/debs/trixie/sonic-device-data_1.0-1_all.deb ]
[ 04 ] [ target/debs/trixie/ifupdown2_3.0.0-1_all.deb ]
[ 05 ] [ target/debs/trixie/libpam-radius-auth_1.4.1-1_amd64.deb ]
[ 06 ] [ target/debs/trixie/libtac2_1.4.1-1_amd64.deb ]
[ 07 ] [ target/debs/trixie/monit_5.34.3-1_amd64.deb ]
[ 08 ] [ target/debs/trixie/libnl-3-200_3.7.0-0.2+b1sonic1_amd64.deb ]
[A[K[A[K[A[K[A[K[A[K[A[K[A[K[A[K[ 01 ] [ target/debs/trixie/linux-headers-6.12.41+deb13-common-sonic_6.12.41-1_all.deb ]
[ 02 ] [ target/debs/trixie/sonic-device-data_1.0-1_all.deb ]
[ 03 ] [ target/debs/trixie/ifupdown2_3.0.0-1_all.deb ]
[ 04 ] [ target/debs/trixie/libpam-radius-auth_1.4.1-1_amd64.deb ]
[ 05 ] [ target/debs/trixie/libtac2_1.4.1-1_amd64.deb ]
[ 06 ] [ target/debs/trixie/monit_5.34.3-1_amd64.deb ]
[ 07 ] [ target/debs/trixie/libnl-3-200_3.7.0-0.2+b1sonic1_amd64.deb ]
[A[K[A[K[A[K[A[K[A[K[A[K[A[K[ 01 ] [ target/debs/trixie/linux-headers-6.12.41+deb13-common-sonic_6.12.41-1_all.deb ]
[ 02 ] [ target/debs/trixie/sonic-device-data_1.0-1_all.deb ]
[ 03 ] [ target/debs/trixie/ifupdown2_3.0.0-1_all.deb ]
[ 04 ] [ target/debs/trixie/libpam-radius-auth_1.4.1-1_amd64.deb ]
[ 05 ] [ target/debs/trixie/libtac2_1.4.1-1_amd64.deb ]
[ 06 ] [ target/debs/trixie/monit_5.34.3-1_amd64.deb ]
[ 07 ] [ target/debs/trixie/libnl-3-200_3.7.0-0.2+b1sonic1_amd64.deb ]
[ 08 ] [ target/debs/trixie/libyang3_3.12.2-1_amd64.deb ]
[A[K[A[K[A[K[A[K[A[K[A[K[A[K[A[K[ 01 ] [ target/debs/trixie/linux-headers-6.12.41+deb13-common-sonic_6.12.41-1_all.deb ]
[ 02 ] [ target/debs/trixie/sonic-device-data_1.0-1_all.deb ]
[ 03 ] [ target/debs/trixie/libpam-radius-auth_1.4.1-1_amd64.deb ]
[ 04 ] [ target/debs/trixie/libtac2_1.4.1-1_amd64.deb ]
[ 05 ] [ target/debs/trixie/monit_5.34.3-1_amd64.deb ]
[ 06 ] [ target/debs/trixie/libnl-3-200_3.7.0-0.2+b1sonic1_amd64.deb ]
[ 07 ] [ target/debs/trixie/libyang3_3.12.2-1_amd64.deb ]
[A[K[A[K[A[K[A[K[A[K[A[K[A[K[ 01 ] [ target/debs/trixie/linux-headers-6.12.41+deb13-common-sonic_6.12.41-1_all.deb ]
[ 02 ] [ target/debs/trixie/sonic-device-data_1.0-1_all.deb ]
[ 03 ] [ target/debs/trixie/libpam-radius-auth_1.4.1-1_amd64.deb ]
[ 04 ] [ target/debs/trixie/libtac2_1.4.1-1_amd64.deb ]
[ 05 ] [ target/debs/trixie/monit_5.34.3-1_amd64.deb ]
[ 06 ] [ target/debs/trixie/libnl-3-200_3.7.0-0.2+b1sonic1_amd64.deb ]
[ 07 ] [ target/debs/trixie/libyang3_3.12.2-1_amd64.deb ]
[ 08 ] [ target/debs/trixie/sonic-nettools_0.0.1-0_amd64.deb ]
[A[K[A[K[A[K[A[K[A[K[A[K[A[K[A[K[ 01 ] [ target/debs/trixie/linux-headers-6.12.41+deb13-common-sonic_6.12.41-1_all.deb ]
[ 02 ] [ target/debs/trixie/sonic-device-data_1.0-1_all.deb ]
[ 03 ] [ target/debs/trixie/libpam-radius-auth_1.4.1-1_amd64.deb ]
[ 04 ] [ target/debs/trixie/monit_5.34.3-1_amd64.deb ]
[ 05 ] [ target/debs/trixie/libnl-3-200_3.7.0-0.2+b1sonic1_amd64.deb ]
[ 06 ] [ target/debs/trixie/libyang3_3.12.2-1_amd64.deb ]
[ 07 ] [ target/debs/trixie/sonic-nettools_0.0.1-0_amd64.deb ]
[A[K[A[K[A[K[A[K[A[K[A[K[A[K[ 01 ] [ target/debs/trixie/linux-headers-6.12.41+deb13-common-sonic_6.12.41-1_all.deb ]
[ 02 ] [ target/debs/trixie/sonic-device-data_1.0-1_all.deb ]
[ 03 ] [ target/debs/trixie/libpam-radius-auth_1.4.1-1_amd64.deb ]
[ 04 ] [ target/debs/trixie/monit_5.34.3-1_amd64.deb ]
[ 05 ] [ target/debs/trixie/libnl-3-200_3.7.0-0.2+b1sonic1_amd64.deb ]
[ 06 ] [ target/debs/trixie/libyang3_3.12.2-1_amd64.deb ]
[ 07 ] [ target/debs/trixie/sonic-nettools_0.0.1-0_amd64.deb ]
[ 08 ] [ target/python-wheels/trixie/redis_dump_load-1.1-py3-none-any.whl ]
[A[K[A[K[A[K[A[K[A[K[A[K[A[K[A[K[ 01 ] [ target/debs/trixie/linux-headers-6.12.41+deb13-common-sonic_6.12.41-1_all.deb ]
[ 02 ] [ target/debs/trixie/sonic-device-data_1.0-1_all.deb ]
[ 03 ] [ target/debs/trixie/libpam-radius-auth_1.4.1-1_amd64.deb ]
[ 04 ] [ target/debs/trixie/monit_5.34.3-1_amd64.deb ]
[ 05 ] [ target/debs/trixie/libnl-3-200_3.7.0-0.2+b1sonic1_amd64.deb ]
[ 06 ] [ target/debs/trixie/libyang3_3.12.2-1_amd64.deb ]
[ 07 ] [ target/debs/trixie/sonic-nettools_0.0.1-0_amd64.deb ]
[A[K[A[K[A[K[A[K[A[K[A[K[A[K[ 01 ] [ target/debs/trixie/linux-headers-6.12.41+deb13-common-sonic_6.12.41-1_all.deb ]
[ 02 ] [ target/debs/trixie/sonic-device-data_1.0-1_all.deb ]
[ 03 ] [ target/debs/trixie/libpam-radius-auth_1.4.1-1_amd64.deb ]
[ 04 ] [ target/debs/trixie/monit_5.34.3-1_amd64.deb ]
[ 05 ] [ target/debs/trixie/libnl-3-200_3.7.0-0.2+b1sonic1_amd64.deb ]
[ 06 ] [ target/debs/trixie/libyang3_3.12.2-1_amd64.deb ]
[ 07 ] [ target/debs/trixie/sonic-nettools_0.0.1-0_amd64.deb ]
[ 08 ] [ target/debs/trixie/sonic-host-services-data_1.0-1_all.deb ]
[A[K[A[K[A[K[A[K[A[K[A[K[A[K[A[K[ 01 ] [ target/debs/trixie/linux-headers-6.12.41+deb13-common-sonic_6.12.41-1_all.deb ]
[ 02 ] [ target/debs/trixie/sonic-device-data_1.0-1_all.deb ]
[ 03 ] [ target/debs/trixie/libpam-radius-auth_1.4.1-1_amd64.deb ]
[ 04 ] [ target/debs/trixie/monit_5.34.3-1_amd64.deb ]
[ 05 ] [ target/debs/trixie/libnl-3-200_3.7.0-0.2+b1sonic1_amd64.deb ]
[ 06 ] [ target/debs/trixie/libyang3_3.12.2-1_amd64.deb ]
[ 07 ] [ target/debs/trixie/sonic-nettools_0.0.1-0_amd64.deb ]
[A[K[A[K[A[K[A[K[A[K[A[K[A[K[ 01 ] [ target/debs/trixie/linux-headers-6.12.41+deb13-common-sonic_6.12.41-1_all.deb ]
[ 02 ] [ target/debs/trixie/sonic-device-data_1.0-1_all.deb ]
[ 03 ] [ target/debs/trixie/libpam-radius-auth_1.4.1-1_amd64.deb ]
[ 04 ] [ target/debs/trixie/monit_5.34.3-1_amd64.deb ]
[ 05 ] [ target/debs/trixie/libnl-3-200_3.7.0-0.2+b1sonic1_amd64.deb ]
[ 06 ] [ target/debs/trixie/libyang3_3.12.2-1_amd64.deb ]
[ 07 ] [ target/debs/trixie/sonic-nettools_0.0.1-0_amd64.deb ]
[ 08 ] [ target/debs/trixie/socat_1.7.4.1-3_amd64.deb ]
[A[K[A[K[A[K[A[K[A[K[A[K[A[K[A[K[ 01 ] [ target/debs/trixie/linux-headers-6.12.41+deb13-common-sonic_6.12.41-1_all.deb ]
[ 02 ] [ target/debs/trixie/sonic-device-data_1.0-1_all.deb ]
[ 03 ] [ target/debs/trixie/libpam-radius-auth_1.4.1-1_amd64.deb ]
[ 04 ] [ target/debs/trixie/monit_5.34.3-1_amd64.deb ]
[ 05 ] [ target/debs/trixie/libnl-3-200_3.7.0-0.2+b1sonic1_amd64.deb ]
[ 06 ] [ target/debs/trixie/libyang3_3.12.2-1_amd64.deb ]
[ 07 ] [ target/debs/trixie/socat_1.7.4.1-3_amd64.deb ]
[A[K[A[K[A[K[A[K[A[K[A[K[A[K[ 01 ] [ target/debs/trixie/linux-headers-6.12.41+deb13-common-sonic_6.12.41-1_all.deb ]
[ 02 ] [ target/debs/trixie/sonic-device-data_1.0-1_all.deb ]
[ 03 ] [ target/debs/trixie/libpam-radius-auth_1.4.1-1_amd64.deb ]
[ 04 ] [ target/debs/trixie/monit_5.34.3-1_amd64.deb ]
[ 05 ] [ target/debs/trixie/libnl-3-200_3.7.0-0.2+b1sonic1_amd64.deb ]
[ 06 ] [ target/debs/trixie/libyang3_3.12.2-1_amd64.deb ]
[ 07 ] [ target/debs/trixie/socat_1.7.4.1-3_amd64.deb ]
[ 08 ] [ target/debs/trixie/bash_5.2.37-2_amd64.deb ]
[A[K[A[K[A[K[A[K[A[K[A[K[A[K[A[K[ 01 ] [ target/debs/trixie/linux-headers-6.12.41+deb13-common-sonic_6.12.41-1_all.deb ]
[ 02 ] [ target/debs/trixie/sonic-device-data_1.0-1_all.deb ]
[ 03 ] [ target/debs/trixie/libpam-radius-auth_1.4.1-1_amd64.deb ]
[ 04 ] [ target/debs/trixie/monit_5.34.3-1_amd64.deb ]
[ 05 ] [ target/debs/trixie/libyang3_3.12.2-1_amd64.deb ]
[ 06 ] [ target/debs/trixie/socat_1.7.4.1-3_amd64.deb ]
[ 07 ] [ target/debs/trixie/bash_5.2.37-2_amd64.deb ]
[A[K[A[K[A[K[A[K[A[K[A[K[A[K[ 01 ] [ target/debs/trixie/linux-headers-6.12.41+deb13-common-sonic_6.12.41-1_all.deb ]
[ 02 ] [ target/debs/trixie/sonic-device-data_1.0-1_all.deb ]
[ 03 ] [ target/debs/trixie/libpam-radius-auth_1.4.1-1_amd64.deb ]
[ 04 ] [ target/debs/trixie/monit_5.34.3-1_amd64.deb ]
[ 05 ] [ target/debs/trixie/libyang3_3.12.2-1_amd64.deb ]
[ 06 ] [ target/debs/trixie/socat_1.7.4.1-3_amd64.deb ]
[ 07 ] [ target/debs/trixie/bash_5.2.37-2_amd64.deb ]
[ 08 ] [ target/debs/trixie/libtac2_1.4.1-1_amd64.deb-install ]
[A[K[A[K[A[K[A[K[A[K[A[K[A[K[A[K[ 01 ] [ target/debs/trixie/linux-headers-6.12.41+deb13-common-sonic_6.12.41-1_all.deb ]
[ 02 ] [ target/debs/trixie/sonic-device-data_1.0-1_all.deb ]
[ 03 ] [ target/debs/trixie/libpam-radius-auth_1.4.1-1_amd64.deb ]
[ 04 ] [ target/debs/trixie/libyang3_3.12.2-1_amd64.deb ]
[ 05 ] [ target/debs/trixie/socat_1.7.4.1-3_amd64.deb ]
[ 06 ] [ target/debs/trixie/bash_5.2.37-2_amd64.deb ]
[ 07 ] [ target/debs/trixie/libtac2_1.4.1-1_amd64.deb-install ]
[A[K[A[K[A[K[A[K[A[K[A[K[A[K[ 01 ] [ target/debs/trixie/linux-headers-6.12.41+deb13-common-sonic_6.12.41-1_all.deb ]
[ 02 ] [ target/debs/trixie/sonic-device-data_1.0-1_all.deb ]
[ 03 ] [ target/debs/trixie/libpam-radius-auth_1.4.1-1_amd64.deb ]
[ 04 ] [ target/debs/trixie/libyang3_3.12.2-1_amd64.deb ]
[ 05 ] [ target/debs/trixie/socat_1.7.4.1-3_amd64.deb ]
[ 06 ] [ target/debs/trixie/bash_5.2.37-2_amd64.deb ]
[ 07 ] [ target/debs/trixie/libtac2_1.4.1-1_amd64.deb-install ]
[ 08 ] [ target/debs/trixie/libnl-3-200_3.7.0-0.2+b1sonic1_amd64.deb-install ]
[A[K[A[K[A[K[A[K[A[K[A[K[A[K[A[K[ 01 ] [ target/debs/trixie/linux-headers-6.12.41+deb13-common-sonic_6.12.41-1_all.deb ]
[ 02 ] [ target/debs/trixie/sonic-device-data_1.0-1_all.deb ]
[ 03 ] [ target/debs/trixie/libpam-radius-auth_1.4.1-1_amd64.deb ]
[ 04 ] [ target/debs/trixie/libyang3_3.12.2-1_amd64.deb ]
[ 05 ] [ target/debs/trixie/socat_1.7.4.1-3_amd64.deb ]
[ 06 ] [ target/debs/trixie/bash_5.2.37-2_amd64.deb ]
[ 07 ] [ target/debs/trixie/libnl-3-200_3.7.0-0.2+b1sonic1_amd64.deb-install ]
[A[K[A[K[A[K[A[K[A[K[A[K[A[K[ 01 ] [ target/debs/trixie/linux-headers-6.12.41+deb13-common-sonic_6.12.41-1_all.deb ]
[ 02 ] [ target/debs/trixie/sonic-device-data_1.0-1_all.deb ]
[ 03 ] [ target/debs/trixie/libpam-radius-auth_1.4.1-1_amd64.deb ]
[ 04 ] [ target/debs/trixie/libyang3_3.12.2-1_amd64.deb ]
[ 05 ] [ target/debs/trixie/socat_1.7.4.1-3_amd64.deb ]
[ 06 ] [ target/debs/trixie/bash_5.2.37-2_amd64.deb ]
[ 07 ] [ target/debs/trixie/libnl-3-200_3.7.0-0.2+b1sonic1_amd64.deb-install ]
[ 08 ] [ target/debs/trixie/sedutil_1.15-5ad84d8_amd64.deb ]
[A[K[A[K[A[K[A[K[A[K[A[K[A[K[A[K[ 01 ] [ target/debs/trixie/linux-headers-6.12.41+deb13-common-sonic_6.12.41-1_all.deb ]
[ 02 ] [ target/debs/trixie/sonic-device-data_1.0-1_all.deb ]
[ 03 ] [ target/debs/trixie/libpam-radius-auth_1.4.1-1_amd64.deb ]
[ 04 ] [ target/debs/trixie/libyang3_3.12.2-1_amd64.deb ]
[ 05 ] [ target/debs/trixie/socat_1.7.4.1-3_amd64.deb ]
[ 06 ] [ target/debs/trixie/bash_5.2.37-2_amd64.deb ]
[ 07 ] [ target/debs/trixie/sedutil_1.15-5ad84d8_amd64.deb ]
[A[K[A[K[A[K[A[K[A[K[A[K[A[K[ 01 ] [ target/debs/trixie/linux-headers-6.12.41+deb13-common-sonic_6.12.41-1_all.deb ]
[ 02 ] [ target/debs/trixie/sonic-device-data_1.0-1_all.deb ]
[ 03 ] [ target/debs/trixie/libpam-radius-auth_1.4.1-1_amd64.deb ]
[ 04 ] [ target/debs/trixie/libyang3_3.12.2-1_amd64.deb ]
[ 05 ] [ target/debs/trixie/socat_1.7.4.1-3_amd64.deb ]
[ 06 ] [ target/debs/trixie/bash_5.2.37-2_amd64.deb ]
[ 07 ] [ target/debs/trixie/sedutil_1.15-5ad84d8_amd64.deb ]
[ 08 ] [ target/debs/trixie/grub2-common_2.06-13+deb13u1_amd64.deb ]
[A[K[A[K[A[K[A[K[A[K[A[K[A[K[A[K[ 01 ] [ target/debs/trixie/linux-headers-6.12.41+deb13-common-sonic_6.12.41-1_all.deb ]
[ 02 ] [ target/debs/trixie/sonic-device-data_1.0-1_all.deb ]
[ 03 ] [ target/debs/trixie/libpam-radius-auth_1.4.1-1_amd64.deb ]
[ 04 ] [ target/debs/trixie/libyang3_3.12.2-1_amd64.deb ]
[ 05 ] [ target/debs/trixie/socat_1.7.4.1-3_amd64.deb ]
[ 06 ] [ target/debs/trixie/bash_5.2.37-2_amd64.deb ]
[ 07 ] [ target/debs/trixie/grub2-common_2.06-13+deb13u1_amd64.deb ]
[A[K[A[K[A[K[A[K[A[K[A[K[A[K[ 01 ] [ target/debs/trixie/linux-headers-6.12.41+deb13-common-sonic_6.12.41-1_all.deb ]
[ 02 ] [ target/debs/trixie/sonic-device-data_1.0-1_all.deb ]
[ 03 ] [ target/debs/trixie/libpam-radius-auth_1.4.1-1_amd64.deb ]
[ 04 ] [ target/debs/trixie/libyang3_3.12.2-1_amd64.deb ]
[ 05 ] [ target/debs/trixie/socat_1.7.4.1-3_amd64.deb ]
[ 06 ] [ target/debs/trixie/bash_5.2.37-2_amd64.deb ]
[ 07 ] [ target/debs/trixie/grub2-common_2.06-13+deb13u1_amd64.deb ]
[ 08 ] [ target/files/trixie/swss_vars.j2 ]
[A[K[A[K[A[K[A[K[A[K[A[K[A[K[A[K[ 01 ] [ target/debs/trixie/linux-headers-6.12.41+deb13-common-sonic_6.12.41-1_all.deb ]
[ 02 ] [ target/debs/trixie/sonic-device-data_1.0-1_all.deb ]
[ 03 ] [ target/debs/trixie/libpam-radius-auth_1.4.1-1_amd64.deb ]
[ 04 ] [ target/debs/trixie/libyang3_3.12.2-1_amd64.deb ]
[ 05 ] [ target/debs/trixie/socat_1.7.4.1-3_amd64.deb ]
[ 06 ] [ target/debs/trixie/bash_5.2.37-2_amd64.deb ]
[ 07 ] [ target/debs/trixie/grub2-common_2.06-13+deb13u1_amd64.deb ]
[A[K[A[K[A[K[A[K[A[K[A[K[A[K[ 01 ] [ target/debs/trixie/linux-headers-6.12.41+deb13-common-sonic_6.12.41-1_all.deb ]
[ 02 ] [ target/debs/trixie/sonic-device-data_1.0-1_all.deb ]
[ 03 ] [ target/debs/trixie/libpam-radius-auth_1.4.1-1_amd64.deb ]
[ 04 ] [ target/debs/trixie/libyang3_3.12.2-1_amd64.deb ]
[ 05 ] [ target/debs/trixie/socat_1.7.4.1-3_amd64.deb ]
[ 06 ] [ target/debs/trixie/bash_5.2.37-2_amd64.deb ]
[ 07 ] [ target/debs/trixie/grub2-common_2.06-13+deb13u1_amd64.deb ]
[ 08 ] [ target/files/trixie/rsyslog_plugin.conf.j2 ]
[A[K[A[K[A[K[A[K[A[K[A[K[A[K[A[K[ 01 ] [ target/debs/trixie/linux-headers-6.12.41+deb13-common-sonic_6.12.41-1_all.deb ]
[ 02 ] [ target/debs/trixie/sonic-device-data_1.0-1_all.deb ]
[ 03 ] [ target/debs/trixie/libpam-radius-auth_1.4.1-1_amd64.deb ]
[ 04 ] [ target/debs/trixie/libyang3_3.12.2-1_amd64.deb ]
[ 05 ] [ target/debs/trixie/socat_1.7.4.1-3_amd64.deb ]
[ 06 ] [ target/debs/trixie/bash_5.2.37-2_amd64.deb ]
[ 07 ] [ target/debs/trixie/grub2-common_2.06-13+deb13u1_amd64.deb ]
[A[K[A[K[A[K[A[K[A[K[A[K[A[K[ 01 ] [ target/debs/trixie/linux-headers-6.12.41+deb13-common-sonic_6.12.41-1_all.deb ]
[ 02 ] [ target/debs/trixie/sonic-device-data_1.0-1_all.deb ]
[ 03 ] [ target/debs/trixie/libpam-radius-auth_1.4.1-1_amd64.deb ]
[ 04 ] [ target/debs/trixie/libyang3_3.12.2-1_amd64.deb ]
[ 05 ] [ target/debs/trixie/socat_1.7.4.1-3_amd64.deb ]
[ 06 ] [ target/debs/trixie/bash_5.2.37-2_amd64.deb ]
[ 07 ] [ target/debs/trixie/grub2-common_2.06-13+deb13u1_amd64.deb ]
[ 08 ] [ target/files/trixie/container ]
[A[K[A[K[A[K[A[K[A[K[A[K[A[K[A[K[ 01 ] [ target/debs/trixie/linux-headers-6.12.41+deb13-common-sonic_6.12.41-1_all.deb ]
[ 02 ] [ target/debs/trixie/sonic-device-data_1.0-1_all.deb ]
[ 03 ] [ target/debs/trixie/libpam-radius-auth_1.4.1-1_amd64.deb ]
[ 04 ] [ target/debs/trixie/libyang3_3.12.2-1_amd64.deb ]
[ 05 ] [ target/debs/trixie/socat_1.7.4.1-3_amd64.deb ]
[ 06 ] [ target/debs/trixie/bash_5.2.37-2_amd64.deb ]
[ 07 ] [ target/debs/trixie/grub2-common_2.06-13+deb13u1_amd64.deb ]
[A[K[A[K[A[K[A[K[A[K[A[K[A[K[ 01 ] [ target/debs/trixie/linux-headers-6.12.41+deb13-common-sonic_6.12.41-1_all.deb ]
[ 02 ] [ target/debs/trixie/sonic-device-data_1.0-1_all.deb ]
[ 03 ] [ target/debs/trixie/libpam-radius-auth_1.4.1-1_amd64.deb ]
[ 04 ] [ target/debs/trixie/libyang3_3.12.2-1_amd64.deb ]
[ 05 ] [ target/debs/trixie/socat_1.7.4.1-3_amd64.deb ]
[ 06 ] [ target/debs/trixie/bash_5.2.37-2_amd64.deb ]
[ 07 ] [ target/debs/trixie/grub2-common_2.06-13+deb13u1_amd64.deb ]
[ 08 ] [ target/files/trixie/readiness_probe.sh ]
[A[K[A[K[A[K[A[K[A[K[A[K[A[K[A[K[ 01 ] [ target/debs/trixie/linux-headers-6.12.41+deb13-common-sonic_6.12.41-1_all.deb ]
[ 02 ] [ target/debs/trixie/sonic-device-data_1.0-1_all.deb ]
[ 03 ] [ target/debs/trixie/libpam-radius-auth_1.4.1-1_amd64.deb ]
[ 04 ] [ target/debs/trixie/libyang3_3.12.2-1_amd64.deb ]
[ 05 ] [ target/debs/trixie/socat_1.7.4.1-3_amd64.deb ]
[ 06 ] [ target/debs/trixie/bash_5.2.37-2_amd64.deb ]
[ 07 ] [ target/debs/trixie/grub2-common_2.06-13+deb13u1_amd64.deb ]
[A[K[A[K[A[K[A[K[A[K[A[K[A[K[ 01 ] [ target/debs/trixie/linux-headers-6.12.41+deb13-common-sonic_6.12.41-1_all.deb ]
[ 02 ] [ target/debs/trixie/sonic-device-data_1.0-1_all.deb ]
[ 03 ] [ target/debs/trixie/libpam-radius-auth_1.4.1-1_amd64.deb ]
[ 04 ] [ target/debs/trixie/libyang3_3.12.2-1_amd64.deb ]
[ 05 ] [ target/debs/trixie/socat_1.7.4.1-3_amd64.deb ]
[ 06 ] [ target/debs/trixie/bash_5.2.37-2_amd64.deb ]
[ 07 ] [ target/debs/trixie/grub2-common_2.06-13+deb13u1_amd64.deb ]
[ 08 ] [ target/files/trixie/container_startup.py ]
[A[K[A[K[A[K[A[K[A[K[A[K[A[K[A[K[ 01 ] [ target/debs/trixie/linux-headers-6.12.41+deb13-common-sonic_6.12.41-1_all.deb ]
[ 02 ] [ target/debs/trixie/sonic-device-data_1.0-1_all.deb ]
[ 03 ] [ target/debs/trixie/libpam-radius-auth_1.4.1-1_amd64.deb ]
[ 04 ] [ target/debs/trixie/libyang3_3.12.2-1_amd64.deb ]
[ 05 ] [ target/debs/trixie/socat_1.7.4.1-3_amd64.deb ]
[ 06 ] [ target/debs/trixie/bash_5.2.37-2_amd64.deb ]
[ 07 ] [ target/debs/trixie/grub2-common_2.06-13+deb13u1_amd64.deb ]
[A[K[A[K[A[K[A[K[A[K[A[K[A[K[ 01 ] [ target/debs/trixie/linux-headers-6.12.41+deb13-common-sonic_6.12.41-1_all.deb ]
[ 02 ] [ target/debs/trixie/sonic-device-data_1.0-1_all.deb ]
[ 03 ] [ target/debs/trixie/libpam-radius-auth_1.4.1-1_amd64.deb ]
[ 04 ] [ target/debs/trixie/libyang3_3.12.2-1_amd64.deb ]
[ 05 ] [ target/debs/trixie/socat_1.7.4.1-3_amd64.deb ]
[ 06 ] [ target/debs/trixie/bash_5.2.37-2_amd64.deb ]
[ 07 ] [ target/debs/trixie/grub2-common_2.06-13+deb13u1_amd64.deb ]
[ 08 ] [ target/python-wheels/trixie/redis_dump_load-1.1-py3-none-any.whl-install ]
[A[K[A[K[A[K[A[K[A[K[A[K[A[K[A[K[ 01 ] [ target/debs/trixie/linux-headers-6.12.41+deb13-common-sonic_6.12.41-1_all.deb ]
[ 02 ] [ target/debs/trixie/sonic-device-data_1.0-1_all.deb ]
[ 03 ] [ target/debs/trixie/libpam-radius-auth_1.4.1-1_amd64.deb ]
[ 04 ] [ target/debs/trixie/libyang3_3.12.2-1_amd64.deb ]
[ 05 ] [ target/debs/trixie/socat_1.7.4.1-3_amd64.deb ]
[ 06 ] [ target/debs/trixie/bash_5.2.37-2_amd64.deb ]
[ 07 ] [ target/debs/trixie/grub2-common_2.06-13+deb13u1_amd64.deb ]
[A[K[A[K[A[K[A[K[A[K[A[K[A[K[ 01 ] [ target/debs/trixie/linux-headers-6.12.41+deb13-common-sonic_6.12.41-1_all.deb ]
[ 02 ] [ target/debs/trixie/sonic-device-data_1.0-1_all.deb ]
[ 03 ] [ target/debs/trixie/libpam-radius-auth_1.4.1-1_amd64.deb ]
[ 04 ] [ target/debs/trixie/libyang3_3.12.2-1_amd64.deb ]
[ 05 ] [ target/debs/trixie/socat_1.7.4.1-3_amd64.deb ]
[ 06 ] [ target/debs/trixie/bash_5.2.37-2_amd64.deb ]
[ 07 ] [ target/debs/trixie/grub2-common_2.06-13+deb13u1_amd64.deb ]
[ 08 ] [ target/debs/trixie/iproute2_6.15.0-1+sonic.0_amd64.deb ]
[A[K[A[K[A[K[A[K[A[K[A[K[A[K[A[K[ 01 ] [ target/debs/trixie/linux-headers-6.12.41+deb13-common-sonic_6.12.41-1_all.deb ]
[ 02 ] [ target/debs/trixie/sonic-device-data_1.0-1_all.deb ]
[ 03 ] [ target/debs/trixie/libpam-radius-auth_1.4.1-1_amd64.deb ]
[ 04 ] [ target/debs/trixie/libyang3_3.12.2-1_amd64.deb ]
[ 05 ] [ target/debs/trixie/bash_5.2.37-2_amd64.deb ]
[ 06 ] [ target/debs/trixie/grub2-common_2.06-13+deb13u1_amd64.deb ]
[ 07 ] [ target/debs/trixie/iproute2_6.15.0-1+sonic.0_amd64.deb ]
[A[K[A[K[A[K[A[K[A[K[A[K[A[K[ 01 ] [ target/debs/trixie/linux-headers-6.12.41+deb13-common-sonic_6.12.41-1_all.deb ]
[ 02 ] [ target/debs/trixie/sonic-device-data_1.0-1_all.deb ]
[ 03 ] [ target/debs/trixie/libpam-radius-auth_1.4.1-1_amd64.deb ]
[ 04 ] [ target/debs/trixie/libyang3_3.12.2-1_amd64.deb ]
[ 05 ] [ target/debs/trixie/bash_5.2.37-2_amd64.deb ]
[ 06 ] [ target/debs/trixie/grub2-common_2.06-13+deb13u1_amd64.deb ]
[ 07 ] [ target/debs/trixie/iproute2_6.15.0-1+sonic.0_amd64.deb ]
[ 08 ] [ target/debs/trixie/symcrypt-openssl_1.9.4_amd64.deb ]
[A[K[A[K[A[K[A[K[A[K[A[K[A[K[A[K[ 01 ] [ target/debs/trixie/linux-headers-6.12.41+deb13-common-sonic_6.12.41-1_all.deb ]
[ 02 ] [ target/debs/trixie/sonic-device-data_1.0-1_all.deb ]
[ 03 ] [ target/debs/trixie/libpam-radius-auth_1.4.1-1_amd64.deb ]
[ 04 ] [ target/debs/trixie/libyang3_3.12.2-1_amd64.deb ]
[ 05 ] [ target/debs/trixie/bash_5.2.37-2_amd64.deb ]
[ 06 ] [ target/debs/trixie/grub2-common_2.06-13+deb13u1_amd64.deb ]
[ 07 ] [ target/debs/trixie/symcrypt-openssl_1.9.4_amd64.deb ]
[A[K[A[K[A[K[A[K[A[K[A[K[A[K[ 01 ] [ target/debs/trixie/linux-headers-6.12.41+deb13-common-sonic_6.12.41-1_all.deb ]
[ 02 ] [ target/debs/trixie/sonic-device-data_1.0-1_all.deb ]
[ 03 ] [ target/debs/trixie/libpam-radius-auth_1.4.1-1_amd64.deb ]
[ 04 ] [ target/debs/trixie/libyang3_3.12.2-1_amd64.deb ]
[ 05 ] [ target/debs/trixie/bash_5.2.37-2_amd64.deb ]
[ 06 ] [ target/debs/trixie/grub2-common_2.06-13+deb13u1_amd64.deb ]
[ 07 ] [ target/debs/trixie/symcrypt-openssl_1.9.4_amd64.deb ]
[ 08 ] [ target/debs/trixie/p4lang-pi_0.1.1-1_amd64.deb ]
[A[K[A[K[A[K[A[K[A[K[A[K[A[K[A[K[ 01 ] [ target/debs/trixie/linux-headers-6.12.41+deb13-common-sonic_6.12.41-1_all.deb ]
[ 02 ] [ target/debs/trixie/sonic-device-data_1.0-1_all.deb ]
[ 03 ] [ target/debs/trixie/libpam-radius-auth_1.4.1-1_amd64.deb ]
[ 04 ] [ target/debs/trixie/libyang3_3.12.2-1_amd64.deb ]
[ 05 ] [ target/debs/trixie/bash_5.2.37-2_amd64.deb ]
[ 06 ] [ target/debs/trixie/grub2-common_2.06-13+deb13u1_amd64.deb ]
[ 07 ] [ target/debs/trixie/p4lang-pi_0.1.1-1_amd64.deb ]
[A[K[A[K[A[K[A[K[A[K[A[K[A[K[ 01 ] [ target/debs/trixie/linux-headers-6.12.41+deb13-common-sonic_6.12.41-1_all.deb ]
[ 02 ] [ target/debs/trixie/sonic-device-data_1.0-1_all.deb ]
[ 03 ] [ target/debs/trixie/libpam-radius-auth_1.4.1-1_amd64.deb ]
[ 04 ] [ target/debs/trixie/bash_5.2.37-2_amd64.deb ]
[ 05 ] [ target/debs/trixie/grub2-common_2.06-13+deb13u1_amd64.deb ]
[ 06 ] [ target/debs/trixie/p4lang-pi_0.1.1-1_amd64.deb ]
[A[K[A[K[A[K[A[K[A[K[A[K[ FAIL LOG START ] [ target/debs/trixie/bash_5.2.37-2_amd64.deb ]
Build start time: Tue Sep 1 22:04:19 UTC 2026
[ REASON ] :      target/debs/trixie/bash_5.2.37-2_amd64.deb does not exist  
[ FLAGS  FILE    ] : [] 
[ FLAGS  DEPENDS ] : [] 
[ FLAGS  DIFF    ] : [] 
make[1]: Entering directory '/sonic/src/bash'
make[1]: warning: -j192 forced in submake: resetting jobserver mode.
# Quilt store applied patches info in .pc folder, if this folder not clean, quilt can't apply patches correctly.
rm -rf .pc
rm -rf bash-5.2.37
dget -u https://deb.debian.org/debian/pool/main/b/bash/bash_5.2.37-2.dsc
# Apply plugin suport patches
quilt push -a
pushd bash-5.2.37
# build package
DEB_BUILD_OPTIONS=nocheck dpkg-buildpackage -us -uc -b -j192 --admindir /sonic/dpkg/tmp.PaFOyveosx
# copy UT code.
cp -a ../Files/. ./
# generate config.h which need by UT
./configure
# generate 'pathnames.h' by make bash again, which is needed by UT.
make
# run UT after config.h ready.
make -C unittest && make test -C unittest
popd
mv bash-dbgsym_5.2.37-2_amd64.deb bash_5.2.37-2_amd64.deb /sonic/target/debs/trixie/
dget: retrieving https://deb.debian.org/debian/pool/main/b/bash/bash_5.2.37-2.dsc
mkdir: cannot create directory '/vcache/sonic-slave-trixie/web': Permission denied
  % Total    % Received % Xferd  Average Speed   Time    Time     Time  Current
                                 Dload  Upload   Total   Spent    Left  Speed
  0     0    0     0    0     0      0      0 --:--:-- --:--:-- --:--:--     0100  2162  100  2162    0     0   3421      0 --:--:-- --:--:-- --:--:--  3420100  2162  100  2162    0     0   3413      0 --:--:-- --:--:-- --:--:--  3410
dget: retrieving https://deb.debian.org/debian/pool/main/b/bash/bash_5.2.37.orig.tar.xz
mkdir: cannot create directory '/vcache/sonic-slave-trixie/web': Permission denied
  % Total    % Received % Xferd  Average Speed   Time    Time     Time  Current
                                 Dload  Upload   Total   Spent    Left  Speed
  0     0    0     0    0     0      0      0 --:--:-- --:--:-- --:--:--     0  0     0    0     0    0     0      0      0 --:--:-- --:--:-- --:--:--     0 11 5469k   11  641k    0     0   486k      0  0:00:11  0:00:01  0:00:10  486k100 5469k  100 5469k    0     0  2626k      0  0:00:02  0:00:02 --:--:-- 2627k
dget: retrieving https://deb.debian.org/debian/pool/main/b/bash/bash_5.2.37-2.debian.tar.xz
mkdir: cannot create directory '/vcache/sonic-slave-trixie/web': Permission denied
  % Total    % Received % Xferd  Average Speed   Time    Time     Time  Current
                                 Dload  Upload   Total   Spent    Left  Speed
  0     0    0     0    0     0      0      0 --:--:-- --:--:-- --:--:--     0  0     0    0     0    0     0      0      0 --:--:-- --:--:-- --:--:--     0100 88360  100 88360    0     0  98173      0 --:--:-- --:--:-- --:--:-- 98177
dpkg-source: info: extracting bash in bash-5.2.37
dpkg-source: info: unpacking bash_5.2.37.orig.tar.xz
dpkg-source: info: unpacking bash_5.2.37-2.debian.tar.xz
dpkg-source: info: using patch list from debian/patches/series
dpkg-source: info: applying bashbug-editor.diff
dpkg-source: info: applying deb-bash-config.diff
dpkg-source: info: applying deb-examples.diff
dpkg-source: info: applying man-arithmetic.diff
dpkg-source: info: applying man-fignore.diff
dpkg-source: info: applying man-bashrc.diff
dpkg-source: info: applying man-bashlogout.diff
dpkg-source: info: applying man-nocaseglob.diff
dpkg-source: info: applying man-test.diff
dpkg-source: info: applying man-test2.diff
dpkg-source: info: applying rbash-manpage.diff
dpkg-source: info: applying bash-default-editor.diff
dpkg-source: info: applying input-err.diff
dpkg-source: info: applying exec-redirections-doc.diff
dpkg-source: info: applying bash-aliases-repeat.diff
dpkg-source: info: applying use-system-texi2html.diff
dpkg-source: info: applying man-macro-warnings.diff
dpkg-source: info: applying man-vx-opts.diff
dpkg-source: info: applying fix-rl_do_undo-crash.diff
Applying patch patches/0001-Add-plugin-support-to-bash.patch
patching file bash-5.2.37/Makefile.in
patching file bash-5.2.37/config.h.in
patching file bash-5.2.37/configure
patching file bash-5.2.37/configure.ac
patching file bash-5.2.37/execute_cmd.c
patching file bash-5.2.37/plugin.c
patching file bash-5.2.37/plugin.h
patching file bash-5.2.37/shell.c

Now at patch patches/0001-Add-plugin-support-to-bash.patch
/sonic/src/bash/bash-5.2.37 /sonic/src/bash
dpkg-buildpackage: info: source package bash
dpkg-buildpackage: info: source version 5.2.37-2
dpkg-buildpackage: info: source distribution unstable
dpkg-buildpackage: info: source changed by Matthias Klose <doko@debian.org>
 dpkg-source --before-build .
dpkg-buildpackage: info: host architecture amd64
 fakeroot debian/rules clean
make[2]: Entering directory '/sonic/src/bash/bash-5.2.37'
dh_testdir
dh_testroot
rm -rf stamps build-*
rm -f debian/README.Debian
rm -rf locales
rm -f clear_console
rm -fr doc/bash.info doc/bash.pdf doc/bash.html doc/bashref.info doc/bashref.pdf doc/bashref.html
dh_autotools-dev_restoreconfig
dh_autotools-dev_restoreconfig: warning: dh_autotools-dev_restoreconfig is deprecated; please see dh_autotools-dev_restoreconfig(1) for a replacement
dh_autotools-dev_restoreconfig: warning: This feature will be removed in compat 12.
dh_clean
make[2]: Leaving directory '/sonic/src/bash/bash-5.2.37'
 debian/rules build
make[2]: Entering directory '/sonic/src/bash/bash-5.2.37'
dh_testdir
dh_autotools-dev_updateconfig
dh_autotools-dev_updateconfig: warning: dh_autotools-dev_updateconfig is deprecated; please see dh_autotools-dev_updateconfig(1) for a replacement
dh_autotools-dev_updateconfig: warning: This feature will be removed in compat 12.
mkdir -p stamps
: # see #327477, needed to have HAVE_DEV_STDIN defined
(test -d /dev/fd && test -r /dev/stdin < /dev/null) \
  || (test -d /proc/self/fd && test -r /dev/stdin < /dev/null)
gcc -g -O2 -Werror=implicit-function-declaration -ffile-prefix-map=/sonic/src/bash/bash-5.2.37=. -fstack-protector-strong -fstack-clash-protection -Wformat -Werror=format-security -fcf-protection -Wall -Wl,-z,relro -Wl,-z,now -Wdate-time -D_FORTIFY_SOURCE=2 -o clear_console \
    debian/clear_console.c  -ltinfo
debian/clear_console.c: In function 'clear_console':
debian/clear_console.c:179:3: warning: ignoring return value of 'write' declared with attribute 'warn_unused_result' [-Wunused-result]
  179 |   write(1, "\e[3J", 4);
      |   ^~~~~~~~~~~~~~~~~~~~
touch stamps/before-build
/usr/bin/make -f debian/rules do-build-bash \
    bash_src=. \
    build=bash \
    configure_args="--enable-largefile --prefix=/usr --infodir=/usr/share/info --mandir=/usr/share/man --without-bash-malloc --build x86_64-linux-gnu"
make[3]: Entering directory '/sonic/src/bash/bash-5.2.37'
dh_testdir
rm -rf build-bash
mkdir build-bash
cd build-bash && \
    CC="gcc" \
    CFLAGS="-g -O2 -Werror=implicit-function-declaration -ffile-prefix-map=/sonic/src/bash/bash-5.2.37=. -fstack-protector-strong -fstack-clash-protection -Wformat -Werror=format-security -fcf-protection -Wall" CPPFLAGS="-Wdate-time -D_FORTIFY_SOURCE=2" LDFLAGS="-Wl,-z,relro -Wl,-z,now" \
    YACC="bison -y" \
	.././configure --enable-largefile --prefix=/usr --infodir=/usr/share/info --mandir=/usr/share/man --without-bash-malloc --build x86_64-linux-gnu
checking build system type... x86_64-pc-linux-gnu
checking host system type... x86_64-pc-linux-gnu

Beginning configuration for bash-5.2-release for x86_64-pc-linux-gnu

checking for gcc... gcc
checking whether the C compiler works... yes
checking for C compiler default output file name... a.out
checking for suffix of executables... 
checking whether we are cross compiling... no
checking for suffix of object files... o
checking whether the compiler supports GNU C... yes
checking whether gcc accepts -g... yes
checking for gcc option to enable C11 features... none needed
checking for stdio.h... yes
checking for stdlib.h... yes
checking for string.h... yes
checking for inttypes.h... yes
checking for stdint.h... yes
checking for strings.h... yes
checking for sys/stat.h... yes
checking for sys/types.h... yes
checking for unistd.h... yes
checking for wchar.h... yes
checking for minix/config.h... no
checking for sys/param.h... yes
checking for xlocale.h... no
checking for sys/time.h... yes
checking whether it is safe to define __EXTENSIONS__... yes
checking whether _XOPEN_SOURCE should be defined... no
checking for special C compiler options needed for large files... no
checking for _FILE_OFFSET_BITS value needed for large files... no
checking how to run the C preprocessor... gcc -E
checking for grep that handles long lines and -e... /usr/bin/grep
checking for egrep... /usr/bin/grep -E
checking whether gcc needs -traditional... no
checking for a BSD-compatible install... /usr/bin/install -c
checking for ar... ar
checking for ranlib... ranlib
checking for bison... bison -y
checking whether make sets $(MAKE)... yes
checking for an ANSI C-conforming const... yes
checking for inline... inline
checking whether byte ordering is bigendian... no
checking for preprocessor stringizing operator... yes
checking for long double... yes
checking whether char is unsigned... no
checking for working volatile... yes
checking for C/C++ restrict keyword... __restrict__
checking for a race-free mkdir -p... /usr/bin/mkdir -p
checking for a sed that does not truncate output... /usr/bin/sed
checking whether NLS is requested... yes
checking for msgfmt... /usr/bin/msgfmt
checking for gmsgfmt... /usr/bin/msgfmt
checking for xgettext... /usr/bin/xgettext
checking for msgmerge... /usr/bin/msgmerge
checking whether we are using the GNU C Library 2 or newer... yes
checking whether the -Werror option is usable... yes
checking for simple visibility declarations... yes
checking for size_t... yes
checking for stdint.h... yes
checking for working alloca.h... yes
checking for alloca... yes
checking for getpagesize... yes
checking for symlink... yes
checking for uselocale... yes
checking for vprintf... yes
checking for alarm... yes
checking for fpurge... no
checking for __fpurge... yes
checking for snprintf... yes
checking for vsnprintf... yes
checking for working mmap... yes
checking whether integer division by zero raises SIGFPE... yes
checking for inttypes.h... yes
checking for unsigned long long int... yes
checking for inttypes.h... (cached) yes
checking whether the inttypes.h PRIxNN macros are broken... no
checking for ld used by gcc... /usr/bin/ld
checking if the linker (/usr/bin/ld) is GNU ld... yes
checking for shared library run path origin... done
checking 32-bit host C ABI... no
checking for the common suffixes of directories in the library search path... lib,lib
checking whether imported symbols can be declared weak... yes
checking for pthread.h... yes
checking for pthread_kill in -lpthread... yes
checking for multithread API to use... posix
checking for pthread_rwlock_t... yes
checking whether pthread_rwlock_rdlock prefers a writer to a reader... no
checking for gcc options needed to detect all undeclared functions... none needed
checking for iconv... yes
checking for working iconv... yes
checking for iconv declaration... 
         extern size_t iconv (iconv_t cd, char * *inbuf, size_t *inbytesleft, char * *outbuf, size_t *outbytesleft);
checking for argz.h... yes
checking for inttypes.h... (cached) yes
checking for limits.h... yes
checking for unistd.h... (cached) yes
checking for sys/param.h... (cached) yes
checking for getcwd... yes
checking for getegid... yes
checking for geteuid... yes
checking for getgid... yes
checking for getuid... yes
checking for mempcpy... yes
checking for munmap... yes
checking for stpcpy... yes
checking for strcasecmp... yes
checking for strdup... yes
checking for strtoul... yes
checking for tsearch... yes
checking for argz_count... yes
checking for argz_stringify... yes
checking for argz_next... yes
checking for __fsetlocking... yes
checking for localeconv... yes
checking whether feof_unlocked is declared... yes
checking whether fgets_unlocked is declared... yes
checking for bison... bison
checking version of bison... 3.8.2, ok
checking for long long int... yes
checking for wchar_t... yes
checking for wint_t... yes
checking whether wint_t is too small... no
checking for intmax_t... yes
checking whether printf() supports POSIX/XSI format strings... yes
checking whether we are using the GNU C Library >= 2.1 or uClibc... yes
checking for stdint.h... (cached) yes
checking for SIZE_MAX... yes
checking for stdint.h... (cached) yes
checking for working fcntl.h... yes
checking whether uselocale works... yes
checking for fake locale system (OpenBSD)... no
checking for Solaris 11.4 locale system... no
checking for getlocalename_l... no
checking for CFPreferencesCopyAppValue... no
checking for CFLocaleCopyCurrent... no
checking for CFLocaleCopyPreferredLanguages... no
checking for flexible array members... yes
checking for ar... (cached) ar
checking for ptrdiff_t... yes
checking for features.h... yes
checking for stddef.h... yes
checking for stdlib.h... (cached) yes
checking for string.h... (cached) yes
checking for asprintf... yes
checking for fwprintf... yes
checking for newlocale... yes
checking for putenv... yes
checking for setenv... yes
checking for setlocale... yes
checking for snprintf... (cached) yes
checking for strnlen... yes
checking for uselocale... (cached) yes
checking for wcslen... yes
checking for wcsnlen... yes
checking for mbrtowc... yes
checking for wcrtomb... yes
checking whether _snprintf is declared... no
checking whether _snwprintf is declared... no
checking whether getc_unlocked is declared... yes
checking for nl_langinfo and CODESET... yes
checking for LC_MESSAGES... yes
checking for CFPreferencesCopyAppValue... (cached) no
checking for CFLocaleCopyCurrent... (cached) no
checking for CFLocaleCopyPreferredLanguages... (cached) no
checking whether included gettext is requested... no
checking for GNU gettext in libc... yes
checking whether to use NLS... yes
checking where the gettext function comes from... libc
checking for dirent.h that defines DIR... yes
checking for library containing opendir... none required
checking for sys/mkdev.h... no
checking for sys/sysmacros.h... yes
checking for inttypes.h... (cached) yes
checking for unistd.h... (cached) yes
checking for stdlib.h... (cached) yes
checking for stdarg.h... yes
checking for varargs.h... no
checking for limits.h... (cached) yes
checking for string.h... (cached) yes
checking for memory.h... yes
checking for locale.h... yes
checking for termcap.h... yes
checking for termio.h... yes
checking for termios.h... yes
checking for dlfcn.h... yes
checking for stdbool.h... yes
checking for stddef.h... (cached) yes
checking for stdint.h... (cached) yes
checking for netdb.h... yes
checking for pwd.h... yes
checking for grp.h... yes
checking for strings.h... (cached) yes
checking for regex.h... yes
checking for syslog.h... yes
checking for ulimit.h... yes
checking for sys/pte.h... no
checking for sys/stream.h... no
checking for sys/select.h... yes
checking for sys/file.h... yes
checking for sys/ioctl.h... yes
checking for sys/mman.h... yes
checking for sys/param.h... (cached) yes
checking for sys/random.h... yes
checking for sys/socket.h... yes
checking for sys/stat.h... (cached) yes
checking for sys/time.h... (cached) yes
checking for sys/times.h... yes
checking for sys/types.h... (cached) yes
checking for sys/wait.h... yes
checking for netinet/in.h... yes
checking for arpa/inet.h... yes
checking for sys/ptem.h... no
checking for sys/resource.h... yes
checking for working alloca.h... (cached) yes
checking for alloca... (cached) checking for uid_t in sys/types.h... yes
checking for working chown... yes
checking whether getpgrp requires zero arguments... yes
checking for working strcoll... yes
checking for __setostype... no
checking for wait3... yes
checking for mkfifo... yes
checking for dup2... yes
checking for eaccess... yes
checking for fcntl... yes
checking for getdtablesize... yes
checking for getentropy... yes
checking for getgroups... yes
checking for gethostname... yes
checking for getpagesize... (cached) yes
checking for getpeername... yes
checking for getrandom... yes
checking for getrlimit... yes
checking for getrusage... yes
checking for gettimeofday... yes
checking for kill... yes
checking for killpg... yes
checking for lstat... yes
checking for pselect... yes
checking for readlink... yes
checking for select... yes
checking for setdtablesize... no
checking for setitimer... yes
checking for tcgetpgrp... yes
checking for uname... yes
checking for ulimit... yes
checking for waitpid... yes
checking for rename... yes
checking for bcopy... yes
checking for bzero... yes
checking for confstr... yes
checking for faccessat... yes
checking for fnmatch... yes
checking for getaddrinfo... yes
checking for gethostbyname... yes
checking for getservbyname... yes
checking for getservent... yes
checking for inet_aton... yes
checking for imaxdiv... yes
checking for memmove... yes
checking for pathconf... yes
checking for putenv... (cached) yes
checking for raise... yes
checking for random... yes
checking for regcomp... yes
checking for regexec... yes
checking for setenv... (cached) yes
checking for setlinebuf... yes
checking for setlocale... (cached) yes
checking for setvbuf... yes
checking for siginterrupt... yes
checking for strchr... yes
checking for sysconf... yes
checking for syslog... yes
checking for tcgetattr... yes
checking for times... yes
checking for ttyname... yes
checking for tzset... yes
checking for unsetenv... yes
checking for vasprintf... yes
checking for asprintf... (cached) yes
checking for isascii... yes
checking for isblank... yes
checking for isgraph... yes
checking for isprint... yes
checking for isspace... yes
checking for isxdigit... yes
checking for getpwent... yes
checking for getpwnam... yes
checking for getpwuid... yes
checking for mkstemp... yes
checking for mkdtemp... yes
checking for arc4random... yes
checking for getcwd... (cached) yes
checking for memset... yes
checking for strcasecmp... (cached) yes
checking for strcasestr... yes
checking for strerror... yes
checking for strftime... yes
checking for strnlen... (cached) yes
checking for strpbrk... yes
checking for strstr... yes
checking for strtod... yes
checking for strtol... yes
checking for strtoul... (cached) yes
checking for strtoll... yes
checking for strtoull... yes
checking for strtoumax... yes
checking for dprintf... yes
checking for strchrnul... yes
checking for strdup... (cached) yes
checking for libaudit.h... yes
checking whether AUDIT_USER_TTY is declared... yes
checking whether confstr is declared... yes
checking whether printf is declared... yes
checking whether sbrk is declared... yes
checking whether setregid is declared... yes
checking whether strcpy is declared... yes
checking whether strsignal is declared... yes
checking for setresuid... yes
checking for setresgid... yes
checking whether strtold is declared... yes
checking for broken strtold... no
checking whether strtol is declared... yes
checking whether strtoll is declared... yes
checking whether strtoul is declared... yes
checking whether strtoull is declared... yes
checking whether strtoumax is declared... yes
checking for working mktime... yes
checking for argz.h... (cached) yes
checking for errno.h... yes
checking for fcntl.h... yes
checking for malloc.h... yes
checking for stdio_ext.h... yes
checking for working mmap... (cached) yes
checking for __argz_count... yes
checking for __argz_next... yes
checking for __argz_stringify... yes
checking for dcgettext... yes
checking for mempcpy... (cached) yes
checking for munmap... (cached) yes
checking for mremap... yes
checking for stpcpy... (cached) yes
checking for strcspn... yes
checking for wctype.h... yes
checking for wchar.h... (cached) yes
checking for langinfo.h... yes
checking for mbstr.h... no
checking for mbrlen... yes
checking for mbscasecmp... no
checking for mbscmp... no
checking for mbsnrtowcs... yes
checking for mbsrtowcs... yes
checking for mbschr... no
checking for wcrtomb... (cached) yes
checking for wcscoll... yes
checking for wcsdup... yes
checking for wcwidth... yes
checking for wctype... yes
checking for wcswidth... yes
checking whether mbrtowc and mbstate_t are properly declared... (cached) yes
checking for iswlower... yes
checking for iswupper... yes
checking for towlower... yes
checking for towupper... yes
checking for iswctype... yes
checking for wchar_t in wchar.h... yes
checking for wctype_t in wctype.h... yes
checking for wint_t in wctype.h... yes
checking for wcwidth broken with unicode combining characters... yes
checking for locale_charset... no
checking size of wchar_t... 4
checking for dlopen in -ldl... yes
checking for dlopen... yes
checking for dlclose... yes
checking for dlsym... yes
checking type of array argument to getgroups... gid_t
checking for off_t... yes
checking for mode_t... yes
checking for uid_t in sys/types.h... (cached) yes
checking for pid_t... yes
checking for size_t... (cached) yes
checking for uintptr_t... yes
checking for ssize_t... yes
checking for time_t... yes
checking for long long int... (cached) yes
checking for unsigned long long int... (cached) yes
checking for sig_atomic_t in signal.h... yes
checking size of char... 1
checking size of short... 2
checking size of int... 4
checking size of long... 8
checking size of char *... 8
checking size of size_t... 8
checking size of double... 8
checking size of long long... 8
checking for u_int... yes
checking for u_long... yes
checking for bits16_t... no
checking for u_bits16_t... no
checking for bits32_t... no
checking for u_bits32_t... no
checking for bits64_t... no
checking for ptrdiff_t... (cached) yes
checking whether stat file-mode macros are broken... no
checking whether #! works in shell scripts... yes
checking if dup2 fails to clear the close-on-exec flag... no
checking whether pgrps need synchronization... no
checking for type of signal functions... posix
checking for sys_errlist and sys_nerr... yes
checking whether sys_siglist is declared... no
checking for sys_siglist in system C library... no
checking for _sys_siglist in signal.h or unistd.h... no
checking for _sys_siglist in system C library... no
checking for clock_t... yes
checking for sigset_t... yes
checking for socklen_t... yes
checking for quad_t... yes
checking for type of struct rlimit fields... rlim_t
checking for intmax_t... yes
checking for uintmax_t... yes
checking size of intmax_t... 8
checking for struct termios.c_line... yes
checking for struct termio.c_line... yes
checking for struct dirent.d_ino... checking for struct dirent.d_ino... yes
yes
checking for struct dirent.d_fileno... checking for struct dirent.d_fileno... yes
yes
checking for struct dirent.d_namlen... checking for struct dirent.d_namlen... no
no
checking for struct winsize in sys/ioctl.h and termios.h... sys/ioctl.h
checking for struct timeval in sys/time.h and time.h... yes
checking for struct stat.st_blocks... yes
checking whether struct tm is in sys/time.h or time.h... time.h
checking for struct tm.tm_zone... yes
checking for struct timezone in sys/time.h and time.h... yes
checking for offset of exit status in return status from wait... 8
checking for struct timespec in <time.h>... yes
checking for struct stat.st_atim.tv_nsec... yes
checking whether struct stat.st_atim is of type struct timespec... yes
checking for sbrk... yes
checking for working sbrk... yes
checking for the existence of strsignal... yes
checking if opendir() opens non-directories... no
checking whether ulimit can substitute for getdtablesize... yes
checking whether fpurge is declared... no
checking to see if getenv can be redefined... yes
checking if getcwd() will dynamically allocate memory with 0 size... yes
checking for presence of POSIX-style sigsetjmp/siglongjmp... present
checking whether or not strcoll and strcmp differ... no
checking for standard-conformant snprintf... yes
checking for standard-conformant vsnprintf... yes
checking for usable strtoimax... checking for strtoimax... yes
checking whether strtoimax is declared... yes
yes
checking for standard-conformant putenv declaration... yes
checking for standard-conformant unsetenv declaration... yes
checking for printf floating point output in hex notation... yes
checking whether fnmatch can be used to check bracket equivalence classes... no
checking if signal handlers must be reinstalled when invoked... no
checking for presence of necessary job control definitions... present
checking for presence of named pipes... present
checking whether termios.h defines TIOCGWINSZ... no
checking whether sys/ioctl.h defines TIOCGWINSZ... yes
checking for TIOCSTAT in sys/ioctl.h... no
checking for FIONREAD in sys/ioctl.h... yes
checking whether WCONTINUED flag to waitpid is unavailable or available but broken... no
checking for speed_t in sys/types.h... no
checking whether getpw functions are declared in pwd.h... yes
checking for unusable real-time signals due to large values... no
checking for tgetent... no
checking for tgetent in -ltermcap... yes
checking which library has the termcap functions... using libtermcap
checking whether /dev/fd is available... standard
checking whether /dev/stdin stdout stderr are available... present
checking for default mail directory... /var/mail
checking shared object configuration for loadable builtins... supported
configure: creating ./config.status
config.status: creating Makefile
config.status: creating builtins/Makefile
config.status: creating lib/readline/Makefile
config.status: creating lib/glob/Makefile
config.status: creating lib/intl/Makefile
config.status: creating lib/malloc/Makefile
config.status: creating lib/sh/Makefile
config.status: creating lib/termcap/Makefile
config.status: creating lib/tilde/Makefile
config.status: creating doc/Makefile
config.status: creating support/Makefile
config.status: creating po/Makefile.in
config.status: creating examples/loadables/Makefile
config.status: creating examples/loadables/Makefile.inc
config.status: creating examples/loadables/Makefile.sample
config.status: creating examples/loadables/perl/Makefile
config.status: creating support/bash.pc
config.status: creating support/bashbug.sh
config.status: creating config.h
config.status: executing po-directories commands
config.status: creating po/POTFILES
config.status: creating po/Makefile
config.status: executing stamp-h commands
if ! grep -q '#define HAVE_DEV_STDIN 1' build-bash/config.h; then \
  echo "HAVE_DEV_STDIN not defined, abortig build"; \
  exit 1; \
fi
touch stamps/stamp-configure-bash
dh_testdir
/usr/bin/make -C build-bash \
	YACC="bison -y" \
	TERMCAP_LIB=" -ltinfo" \
	deb_builddir=build-bash/ \
	
make[4]: Entering directory '/sonic/src/bash/bash-5.2.37/build-bash'
cd ../. && autoconf
configure.ac:255: warning: The macro 'AC_HELP_STRING' is obsolete.
configure.ac:255: You should run autoupdate.
./lib/autoconf/general.m4:204: AC_HELP_STRING is expanded from...
configure.ac:255: the top level
configure.ac:575: warning: The macro 'AC_PROG_GCC_TRADITIONAL' is obsolete.
configure.ac:575: You should run autoupdate.
./lib/autoconf/c.m4:1676: AC_PROG_GCC_TRADITIONAL is expanded from...
configure.ac:575: the top level
/bin/sh ./config.status --recheck
running CONFIG_SHELL=/bin/bash /bin/bash .././configure --enable-largefile --prefix=/usr --infodir=/usr/share/info --mandir=/usr/share/man --without-bash-malloc --build x86_64-linux-gnu build_alias=x86_64-linux-gnu CC=gcc CFLAGS=-g -O2 -Werror=implicit-function-declaration -ffile-prefix-map=/sonic/src/bash/bash-5.2.37=. -fstack-protector-strong -fstack-clash-protection -Wformat -Werror=format-security -fcf-protection -Wall LDFLAGS=-Wl,-z,relro -Wl,-z,now CPPFLAGS=-Wdate-time -D_FORTIFY_SOURCE=2 YACC=bison -y --no-create --no-recursion
checking build system type... x86_64-pc-linux-gnu
checking host system type... x86_64-pc-linux-gnu

Beginning configuration for bash-5.2-release for x86_64-pc-linux-gnu

checking for gcc... gcc
checking whether the C compiler works... yes
checking for C compiler default output file name... a.out
checking for suffix of executables... 
checking whether we are cross compiling... no
checking for suffix of object files... o
checking whether the compiler supports GNU C... yes
checking whether gcc accepts -g... yes
checking for gcc option to enable C11 features... none needed
checking for stdio.h... yes
checking for stdlib.h... yes
checking for string.h... yes
checking for inttypes.h... yes
checking for stdint.h... yes
checking for strings.h... yes
checking for sys/stat.h... yes
checking for sys/types.h... yes
checking for unistd.h... yes
checking for wchar.h... yes
checking for minix/config.h... no
checking for sys/param.h... yes
checking for xlocale.h... no
checking for sys/time.h... yes
checking whether it is safe to define __EXTENSIONS__... yes
checking whether _XOPEN_SOURCE should be defined... no
checking for -Wdate-time -D_FORTIFY_SOURCE=2 option for large files... none needed
checking for a BSD-compatible install... /usr/bin/install -c
checking for ar... ar
checking for ranlib... ranlib
checking for bison... bison -y
checking whether make sets $(MAKE)... yes
checking for an ANSI C-conforming const... yes
checking for inline... inline
checking whether byte ordering is bigendian... no
checking for long double... yes
checking whether char is unsigned... no
checking for working volatile... yes
checking for C/C++ restrict keyword... __restrict__
checking for a race-free mkdir -p... /usr/bin/mkdir -p
checking for a sed that does not truncate output... /usr/bin/sed
checking whether NLS is requested... yes
checking for msgfmt... /usr/bin/msgfmt
checking for gmsgfmt... /usr/bin/msgfmt
checking for xgettext... /usr/bin/xgettext
checking for msgmerge... /usr/bin/msgmerge
checking how to run the C preprocessor... gcc -E
checking for egrep -e... /usr/bin/grep -E
checking whether we are using the GNU C Library 2 or newer... yes
checking whether the -Werror option is usable... yes
checking for simple visibility declarations... yes
checking for size_t... yes
checking for stdint.h... yes
checking for working alloca.h... yes
checking for alloca... yes
checking for getpagesize... yes
checking for symlink... yes
checking for uselocale... yes
checking for vprintf... yes
checking for alarm... yes
checking for fpurge... no
checking for __fpurge... yes
checking for snprintf... yes
checking for vsnprintf... yes
checking for working mmap... yes
checking whether integer division by zero raises SIGFPE... yes
checking for inttypes.h... yes
checking for unsigned long long int... yes
checking for inttypes.h... (cached) yes
checking whether the inttypes.h PRIxNN macros are broken... no
checking for ld used by gcc... /usr/bin/ld
checking if the linker (/usr/bin/ld) is GNU ld... yes
checking for shared library run path origin... done
checking 32-bit host C ABI... no
checking for the common suffixes of directories in the library search path... lib,lib
checking whether imported symbols can be declared weak... yes
checking for pthread.h... yes
checking for pthread_kill in -lpthread... yes
checking for multithread API to use... posix
checking for pthread_rwlock_t... yes
checking whether pthread_rwlock_rdlock prefers a writer to a reader... no
checking for gcc options needed to detect all undeclared functions... none needed
checking for iconv... yes
checking for working iconv... yes
checking for iconv declaration... 
         extern size_t iconv (iconv_t cd, char * *inbuf, size_t *inbytesleft, char * *outbuf, size_t *outbytesleft);
checking for argz.h... yes
checking for inttypes.h... (cached) yes
checking for limits.h... yes
checking for unistd.h... (cached) yes
checking for sys/param.h... (cached) yes
checking for getcwd... yes
checking for getegid... yes
checking for geteuid... yes
checking for getgid... yes
checking for getuid... yes
checking for mempcpy... yes
checking for munmap... yes
checking for stpcpy... yes
checking for strcasecmp... yes
checking for strdup... yes
checking for strtoul... yes
checking for tsearch... yes
checking for argz_count... yes
checking for argz_stringify... yes
checking for argz_next... yes
checking for __fsetlocking... yes
checking for localeconv... yes
checking whether feof_unlocked is declared... yes
checking whether fgets_unlocked is declared... yes
checking for bison... bison
checking version of bison... 3.8.2, ok
checking for long long int... yes
checking for wchar_t... yes
checking for wint_t... yes
checking whether wint_t is too small... no
checking for intmax_t... yes
checking whether printf() supports POSIX/XSI format strings... yes
checking whether we are using the GNU C Library >= 2.1 or uClibc... yes
checking for stdint.h... (cached) yes
checking for SIZE_MAX... yes
checking for stdint.h... (cached) yes
checking for working fcntl.h... yes
checking whether uselocale works... yes
checking for fake locale system (OpenBSD)... no
checking for Solaris 11.4 locale system... no
checking for getlocalename_l... no
checking for CFPreferencesCopyAppValue... no
checking for CFLocaleCopyCurrent... no
checking for CFLocaleCopyPreferredLanguages... no
checking for flexible array members... yes
checking for ar... (cached) ar
checking for ptrdiff_t... yes
checking for features.h... yes
checking for stddef.h... yes
checking for stdlib.h... (cached) yes
checking for string.h... (cached) yes
checking for asprintf... yes
checking for fwprintf... yes
checking for newlocale... yes
checking for putenv... yes
checking for setenv... yes
checking for setlocale... yes
checking for snprintf... (cached) yes
checking for strnlen... yes
checking for uselocale... (cached) yes
checking for wcslen... yes
checking for wcsnlen... yes
checking for mbrtowc... yes
checking for wcrtomb... yes
checking whether _snprintf is declared... no
checking whether _snwprintf is declared... no
checking whether getc_unlocked is declared... yes
checking for nl_langinfo and CODESET... yes
checking for LC_MESSAGES... yes
checking for CFPreferencesCopyAppValue... (cached) no
checking for CFLocaleCopyCurrent... (cached) no
checking for CFLocaleCopyPreferredLanguages... (cached) no
checking whether included gettext is requested... no
checking for GNU gettext in libc... yes
checking whether to use NLS... yes
checking where the gettext function comes from... libc
checking for dirent.h that defines DIR... yes
checking for library containing opendir... none required
checking for sys/mkdev.h... no
checking for sys/sysmacros.h... yes
checking for inttypes.h... (cached) yes
checking for unistd.h... (cached) yes
checking for stdlib.h... (cached) yes
checking for stdarg.h... yes
checking for varargs.h... no
checking for limits.h... (cached) yes
checking for string.h... (cached) yes
checking for memory.h... yes
checking for locale.h... yes
checking for termcap.h... yes
checking for termio.h... yes
checking for termios.h... yes
checking for dlfcn.h... yes
checking for stdbool.h... yes
checking for stddef.h... (cached) yes
checking for stdint.h... (cached) yes
checking for netdb.h... yes
checking for pwd.h... yes
checking for grp.h... yes
checking for strings.h... (cached) yes
checking for regex.h... yes
checking for syslog.h... yes
checking for ulimit.h... yes
checking for sys/pte.h... no
checking for sys/stream.h... no
checking for sys/select.h... yes
checking for sys/file.h... yes
checking for sys/ioctl.h... yes
checking for sys/mman.h... yes
checking for sys/param.h... (cached) yes
checking for sys/random.h... yes
checking for sys/socket.h... yes
checking for sys/stat.h... (cached) yes
checking for sys/time.h... (cached) yes
checking for sys/times.h... yes
checking for sys/types.h... (cached) yes
checking for sys/wait.h... yes
checking for netinet/in.h... yes
checking for arpa/inet.h... yes
checking for sys/ptem.h... no
checking for sys/resource.h... yes
checking for working alloca.h... (cached) yes
checking for alloca... (cached) yes
checking for uid_t... yes
checking for gid_t... yes
checking for working chown... yes
checking whether getpgrp requires zero arguments... yes
checking for working strcoll... yes
checking for __setostype... no
checking for wait3... yes
checking for mkfifo... yes
checking for dup2... yes
checking for eaccess... yes
checking for fcntl... yes
checking for getdtablesize... yes
checking for getentropy... yes
checking for getgroups... yes
checking for gethostname... yes
checking for getpagesize... (cached) yes
checking for getpeername... yes
checking for getrandom... yes
checking for getrlimit... yes
checking for getrusage... yes
checking for gettimeofday... yes
checking for kill... yes
checking for killpg... yes
checking for lstat... yes
checking for pselect... yes
checking for readlink... yes
checking for select... yes
checking for setdtablesize... no
checking for setitimer... yes
checking for tcgetpgrp... yes
checking for uname... yes
checking for ulimit... yes
checking for waitpid... yes
checking for rename... yes
checking for bcopy... yes
checking for bzero... yes
checking for confstr... yes
checking for faccessat... yes
checking for fnmatch... yes
checking for getaddrinfo... yes
checking for gethostbyname... yes
checking for getservbyname... yes
checking for getservent... yes
checking for inet_aton... yes
checking for imaxdiv... yes
checking for memmove... yes
checking for pathconf... yes
checking for putenv... (cached) yes
checking for raise... yes
checking for random... yes
checking for regcomp... yes
checking for regexec... yes
checking for setenv... (cached) yes
checking for setlinebuf... yes
checking for setlocale... (cached) yes
checking for setvbuf... yes
checking for siginterrupt... yes
checking for strchr... yes
checking for sysconf... yes
checking for syslog... yes
checking for tcgetattr... yes
checking for times... yes
checking for ttyname... yes
checking for tzset... yes
checking for unsetenv... yes
checking for vasprintf... yes
checking for asprintf... (cached) yes
checking for isascii... yes
checking for isblank... yes
checking for isgraph... yes
checking for isprint... yes
checking for isspace... yes
checking for isxdigit... yes
checking for getpwent... yes
checking for getpwnam... yes
checking for getpwuid... yes
checking for mkstemp... yes
checking for mkdtemp... yes
checking for arc4random... yes
checking for getcwd... (cached) yes
checking for memset... yes
checking for strcasecmp... (cached) yes
checking for strcasestr... yes
checking for strerror... yes
checking for strftime... yes
checking for strnlen... (cached) yes
checking for strpbrk... yes
checking for strstr... yes
checking for strtod... yes
checking for strtol... yes
checking for strtoul... (cached) yes
checking for strtoll... yes
checking for strtoull... yes
checking for strtoumax... yes
checking for dprintf... yes
checking for strchrnul... yes
checking for strdup... (cached) yes
checking for libaudit.h... yes
checking whether AUDIT_USER_TTY is declared... yes
checking whether confstr is declared... yes
checking whether printf is declared... yes
checking whether sbrk is declared... yes
checking whether setregid is declared... yes
checking whether strcpy is declared... yes
checking whether strsignal is declared... yes
checking for setresuid... yes
checking for setresgid... yes
checking whether strtold is declared... yes
checking for broken strtold... no
checking whether strtol is declared... yes
checking whether strtoll is declared... yes
checking whether strtoul is declared... yes
checking whether strtoull is declared... yes
checking whether strtoumax is declared... yes
checking for working mktime... yes
checking for argz.h... (cached) yes
checking for errno.h... yes
checking for fcntl.h... yes
checking for malloc.h... yes
checking for stdio_ext.h... yes
checking for working mmap... (cached) yes
checking for __argz_count... yes
checking for __argz_next... yes
checking for __argz_stringify... yes
checking for dcgettext... yes
checking for mempcpy... (cached) yes
checking for munmap... (cached) yes
checking for mremap... yes
checking for stpcpy... (cached) yes
checking for strcspn... yes
checking for wctype.h... yes
checking for wchar.h... (cached) yes
checking for langinfo.h... yes
checking for mbstr.h... no
checking for mbrlen... yes
checking for mbscasecmp... no
checking for mbscmp... no
checking for mbsnrtowcs... yes
checking for mbsrtowcs... yes
checking for mbschr... no
checking for wcrtomb... (cached) yes
checking for wcscoll... yes
checking for wcsdup... yes
checking for wcwidth... yes
checking for wctype... yes
checking for wcswidth... yes
checking whether mbrtowc and mbstate_t are properly declared... (cached) yes
checking for iswlower... yes
checking for iswupper... yes
checking for towlower... yes
checking for towupper... yes
checking for iswctype... yes
checking for wchar_t in wchar.h... yes
checking for wctype_t in wctype.h... yes
checking for wint_t in wctype.h... yes
checking for wcwidth broken with unicode combining characters... yes
checking for locale_charset... no
checking size of wchar_t... 4
checking for dlopen in -ldl... yes
checking for dlopen... yes
checking for dlclose... yes
checking for dlsym... yes
checking type of array argument to getgroups... gid_t
checking for off_t... yes
checking for mode_t... yes
checking for uid_t... (cached) yes
checking for gid_t... (cached) yes
checking for pid_t... yes
checking for size_t... (cached) yes
checking for uintptr_t... yes
checking for ssize_t... yes
checking for time_t... yes
checking for long long int... (cached) yes
checking for unsigned long long int... (cached) yes
checking for sig_atomic_t in signal.h... yes
checking size of char... 1
checking size of short... 2
checking size of int... 4
checking size of long... 8
checking size of char *... 8
checking size of size_t... 8
checking size of double... 8
checking size of long long... 8
checking for u_int... yes
checking for u_long... yes
checking for bits16_t... no
checking for u_bits16_t... no
checking for bits32_t... no
checking for u_bits32_t... no
checking for bits64_t... no
checking for ptrdiff_t... (cached) yes
checking whether stat file-mode macros are broken... no
checking whether #! works in shell scripts... yes
checking if dup2 fails to clear the close-on-exec flag... no
checking whether pgrps need synchronization... no
checking for type of signal functions... posix
checking for sys_errlist and sys_nerr... yes
checking whether sys_siglist is declared... no
checking for sys_siglist in system C library... no
checking for _sys_siglist in signal.h or unistd.h... no
checking for _sys_siglist in system C library... no
checking for clock_t... yes
checking for sigset_t... yes
checking for socklen_t... yes
checking for quad_t... yes
checking for type of struct rlimit fields... rlim_t
checking for intmax_t... yes
checking for uintmax_t... yes
checking size of intmax_t... 8
checking for struct termios.c_line... yes
checking for struct termio.c_line... yes
checking for struct dirent.d_ino... checking for struct dirent.d_ino... yes
yes
checking for struct dirent.d_fileno... checking for struct dirent.d_fileno... yes
yes
checking for struct dirent.d_namlen... checking for struct dirent.d_namlen... no
no
checking for struct winsize in sys/ioctl.h and termios.h... sys/ioctl.h
checking for struct timeval in sys/time.h and time.h... yes
checking for struct stat.st_blocks... yes
checking whether struct tm is in sys/time.h or time.h... time.h
checking for struct tm.tm_zone... yes
checking for struct timezone in sys/time.h and time.h... yes
checking for offset of exit status in return status from wait... 8
checking for struct timespec in <time.h>... yes
checking for struct stat.st_atim.tv_nsec... yes
checking whether struct stat.st_atim is of type struct timespec... yes
checking for sbrk... yes
checking for working sbrk... yes
checking for the existence of strsignal... yes
checking if opendir() opens non-directories... no
checking whether ulimit can substitute for getdtablesize... yes
checking whether fpurge is declared... no
checking to see if getenv can be redefined... yes
checking if getcwd() will dynamically allocate memory with 0 size... yes
checking for presence of POSIX-style sigsetjmp/siglongjmp... present
checking whether or not strcoll and strcmp differ... no
checking for standard-conformant snprintf... yes
checking for standard-conformant vsnprintf... yes
checking for usable strtoimax... checking for strtoimax... yes
checking whether strtoimax is declared... yes
yes
checking for standard-conformant putenv declaration... yes
checking for standard-conformant unsetenv declaration... yes
checking for printf floating point output in hex notation... yes
checking whether fnmatch can be used to check bracket equivalence classes... no
checking if signal handlers must be reinstalled when invoked... no
checking for presence of necessary job control definitions... present
checking for presence of named pipes... present
checking whether termios.h defines TIOCGWINSZ... no
checking whether sys/ioctl.h defines TIOCGWINSZ... yes
checking for TIOCSTAT in sys/ioctl.h... no
checking for FIONREAD in sys/ioctl.h... yes
checking whether WCONTINUED flag to waitpid is unavailable or available but broken... no
checking for speed_t in sys/types.h... no
checking whether getpw functions are declared in pwd.h... yes
checking for unusable real-time signals due to large values... no
checking for tgetent... no
checking for tgetent in -ltermcap... yes
checking which library has the termcap functions... using libtermcap
checking whether /dev/fd is available... standard
checking whether /dev/stdin stdout stderr are available... present
checking for default mail directory... /var/mail
checking shared object configuration for loadable builtins... supported
configure: creating ./config.status
CONFIG_FILES=Makefile CONFIG_HEADERS= /bin/sh ./config.status
config.status: creating Makefile
config.status: executing po-directories commands
config.status: executing stamp-h commands
rm -f mksyntax
make[5]: Entering directory '/sonic/src/bash/bash-5.2.37/build-bash/builtins'
make[5]: warning: -j192 forced in submake: resetting jobserver mode.
rm -f mksignames.o
gcc -DPROGRAM='"bash"' -DCONF_HOSTTYPE='"x86_64"' -DCONF_OSTYPE='"linux-gnu"' -DCONF_MACHTYPE='"x86_64-pc-linux-gnu"' -DCONF_VENDOR='"pc"' -DLOCALEDIR='"/usr/share/locale"' -DPACKAGE='"bash"' -DSHELL -DHAVE_CONFIG_H   -I.  -I../. -I.././include -I.././lib   -Wdate-time -D_FORTIFY_SOURCE=2 -g -O2 -Werror=implicit-function-declaration -ffile-prefix-map=/sonic/src/bash/bash-5.2.37=. -fstack-protector-strong -fstack-clash-protection -Wformat -Werror=format-security -fcf-protection -Wall   -Wl,-z,relro -Wl,-z,now -rdynamic -g -O2 -Werror=implicit-function-declaration -ffile-prefix-map=/sonic/src/bash/bash-5.2.37=. -fstack-protector-strong -fstack-clash-protection -Wformat -Werror=format-security -fcf-protection -Wall   -rdynamic -g -O2 -Werror=implicit-function-declaration -ffile-prefix-map=/sonic/src/bash/bash-5.2.37=. -fstack-protector-strong -fstack-clash-protection -Wformat -Werror=format-security -fcf-protection -Wall  -o mksyntax .././mksyntax.c 
rm -f buildsignames.o
rm -f mkbuiltins.o
gcc -DPROGRAM='"bash"' -DCONF_HOSTTYPE='"x86_64"' -DCONF_OSTYPE='"linux-gnu"' -DCONF_MACHTYPE='"x86_64-pc-linux-gnu"' -DCONF_VENDOR='"pc"' -DLOCALEDIR='"/usr/share/locale"' -DPACKAGE='"bash"' -DSHELL -DHAVE_CONFIG_H   -I.  -I../. -I.././include -I.././lib   -Wdate-time -D_FORTIFY_SOURCE=2 -g -O2 -Werror=implicit-function-declaration -ffile-prefix-map=/sonic/src/bash/bash-5.2.37=. -fstack-protector-strong -fstack-clash-protection -Wformat -Werror=format-security -fcf-protection -Wall  -DBUILDTOOL -c .././support/mksignames.c
gcc -DPROGRAM='"bash"' -DCONF_HOSTTYPE='"x86_64"' -DCONF_OSTYPE='"linux-gnu"' -DCONF_MACHTYPE='"x86_64-pc-linux-gnu"' -DCONF_VENDOR='"pc"' -DLOCALEDIR='"/usr/share/locale"' -DPACKAGE='"bash"' -DSHELL -DHAVE_CONFIG_H   -I.  -I../. -I.././include -I.././lib   -Wdate-time -D_FORTIFY_SOURCE=2 -g -O2 -Werror=implicit-function-declaration -ffile-prefix-map=/sonic/src/bash/bash-5.2.37=. -fstack-protector-strong -fstack-clash-protection -Wformat -Werror=format-security -fcf-protection -Wall  -DBUILDTOOL -o buildsignames.o -c .././support/signames.c
gcc -c  -DHAVE_CONFIG_H -DSHELL  -I. -I..  -I../../. -I../.././include -I../.././lib -I../.././builtins    -Wdate-time -D_FORTIFY_SOURCE=2 -g -O2 -Werror=implicit-function-declaration -ffile-prefix-map=/sonic/src/bash/bash-5.2.37=. -fstack-protector-strong -fstack-clash-protection -Wformat -Werror=format-security -fcf-protection -Wall  ../.././builtins/mkbuiltins.c
rm -f unwind_prot.o
rm -f pathexp.o
gcc  -DPROGRAM='"bash"' -DCONF_HOSTTYPE='"x86_64"' -DCONF_OSTYPE='"linux-gnu"' -DCONF_MACHTYPE='"x86_64-pc-linux-gnu"' -DCONF_VENDOR='"pc"' -DLOCALEDIR='"/usr/share/locale"' -DPACKAGE='"bash"' -DSHELL -DHAVE_CONFIG_H   -I.  -I../. -I.././include -I.././lib    -Wdate-time -D_FORTIFY_SOURCE=2 -g -O2 -Werror=implicit-function-declaration -ffile-prefix-map=/sonic/src/bash/bash-5.2.37=. -fstack-protector-strong -fstack-clash-protection -Wformat -Werror=format-security -fcf-protection -Wall -c .././unwind_prot.c
rm -f test.o
gcc  -DPROGRAM='"bash"' -DCONF_HOSTTYPE='"x86_64"' -DCONF_OSTYPE='"linux-gnu"' -DCONF_MACHTYPE='"x86_64-pc-linux-gnu"' -DCONF_VENDOR='"pc"' -DLOCALEDIR='"/usr/share/locale"' -DPACKAGE='"bash"' -DSHELL -DHAVE_CONFIG_H   -I.  -I../. -I.././include -I.././lib    -Wdate-time -D_FORTIFY_SOURCE=2 -g -O2 -Werror=implicit-function-declaration -ffile-prefix-map=/sonic/src/bash/bash-5.2.37=. -fstack-protector-strong -fstack-clash-protection -Wformat -Werror=format-security -fcf-protection -Wall -c .././pathexp.c
rm -f alias.o
gcc  -DPROGRAM='"bash"' -DCONF_HOSTTYPE='"x86_64"' -DCONF_OSTYPE='"linux-gnu"' -DCONF_MACHTYPE='"x86_64-pc-linux-gnu"' -DCONF_VENDOR='"pc"' -DLOCALEDIR='"/usr/share/locale"' -DPACKAGE='"bash"' -DSHELL -DHAVE_CONFIG_H   -I.  -I../. -I.././include -I.././lib    -Wdate-time -D_FORTIFY_SOURCE=2 -g -O2 -Werror=implicit-function-declaration -ffile-prefix-map=/sonic/src/bash/bash-5.2.37=. -fstack-protector-strong -fstack-clash-protection -Wformat -Werror=format-security -fcf-protection -Wall -c .././test.c
rm -f array.o
gcc  -DPROGRAM='"bash"' -DCONF_HOSTTYPE='"x86_64"' -DCONF_OSTYPE='"linux-gnu"' -DCONF_MACHTYPE='"x86_64-pc-linux-gnu"' -DCONF_VENDOR='"pc"' -DLOCALEDIR='"/usr/share/locale"' -DPACKAGE='"bash"' -DSHELL -DHAVE_CONFIG_H   -I.  -I../. -I.././include -I.././lib    -Wdate-time -D_FORTIFY_SOURCE=2 -g -O2 -Werror=implicit-function-declaration -ffile-prefix-map=/sonic/src/bash/bash-5.2.37=. -fstack-protector-strong -fstack-clash-protection -Wformat -Werror=format-security -fcf-protection -Wall -c .././alias.c
rm -f arrayfunc.o
gcc  -DPROGRAM='"bash"' -DCONF_HOSTTYPE='"x86_64"' -DCONF_OSTYPE='"linux-gnu"' -DCONF_MACHTYPE='"x86_64-pc-linux-gnu"' -DCONF_VENDOR='"pc"' -DLOCALEDIR='"/usr/share/locale"' -DPACKAGE='"bash"' -DSHELL -DHAVE_CONFIG_H   -I.  -I../. -I.././include -I.././lib    -Wdate-time -D_FORTIFY_SOURCE=2 -g -O2 -Werror=implicit-function-declaration -ffile-prefix-map=/sonic/src/bash/bash-5.2.37=. -fstack-protector-strong -fstack-clash-protection -Wformat -Werror=format-security -fcf-protection -Wall -c .././array.c
rm -f assoc.o
gcc  -DPROGRAM='"bash"' -DCONF_HOSTTYPE='"x86_64"' -DCONF_OSTYPE='"linux-gnu"' -DCONF_MACHTYPE='"x86_64-pc-linux-gnu"' -DCONF_VENDOR='"pc"' -DLOCALEDIR='"/usr/share/locale"' -DPACKAGE='"bash"' -DSHELL -DHAVE_CONFIG_H   -I.  -I../. -I.././include -I.././lib    -Wdate-time -D_FORTIFY_SOURCE=2 -g -O2 -Werror=implicit-function-declaration -ffile-prefix-map=/sonic/src/bash/bash-5.2.37=. -fstack-protector-strong -fstack-clash-protection -Wformat -Werror=format-security -fcf-protection -Wall -c .././arrayfunc.c
rm -f braces.o
gcc  -DPROGRAM='"bash"' -DCONF_HOSTTYPE='"x86_64"' -DCONF_OSTYPE='"linux-gnu"' -DCONF_MACHTYPE='"x86_64-pc-linux-gnu"' -DCONF_VENDOR='"pc"' -DLOCALEDIR='"/usr/share/locale"' -DPACKAGE='"bash"' -DSHELL -DHAVE_CONFIG_H   -I.  -I../. -I.././include -I.././lib    -Wdate-time -D_FORTIFY_SOURCE=2 -g -O2 -Werror=implicit-function-declaration -ffile-prefix-map=/sonic/src/bash/bash-5.2.37=. -fstack-protector-strong -fstack-clash-protection -Wformat -Werror=format-security -fcf-protection -Wall -c .././assoc.c
rm -f bracecomp.o
gcc  -DPROGRAM='"bash"' -DCONF_HOSTTYPE='"x86_64"' -DCONF_OSTYPE='"linux-gnu"' -DCONF_MACHTYPE='"x86_64-pc-linux-gnu"' -DCONF_VENDOR='"pc"' -DLOCALEDIR='"/usr/share/locale"' -DPACKAGE='"bash"' -DSHELL -DHAVE_CONFIG_H   -I.  -I../. -I.././include -I.././lib    -Wdate-time -D_FORTIFY_SOURCE=2 -g -O2 -Werror=implicit-function-declaration -ffile-prefix-map=/sonic/src/bash/bash-5.2.37=. -fstack-protector-strong -fstack-clash-protection -Wformat -Werror=format-security -fcf-protection -Wall -c .././braces.c
rm -f bashhist.o
gcc  -DPROGRAM='"bash"' -DCONF_HOSTTYPE='"x86_64"' -DCONF_OSTYPE='"linux-gnu"' -DCONF_MACHTYPE='"x86_64-pc-linux-gnu"' -DCONF_VENDOR='"pc"' -DLOCALEDIR='"/usr/share/locale"' -DPACKAGE='"bash"' -DSHELL -DHAVE_CONFIG_H   -I.  -I../. -I.././include -I.././lib    -Wdate-time -D_FORTIFY_SOURCE=2 -g -O2 -Werror=implicit-function-declaration -ffile-prefix-map=/sonic/src/bash/bash-5.2.37=. -fstack-protector-strong -fstack-clash-protection -Wformat -Werror=format-security -fcf-protection -Wall -c .././bracecomp.c
gcc  -DPROGRAM='"bash"' -DCONF_HOSTTYPE='"x86_64"' -DCONF_OSTYPE='"linux-gnu"' -DCONF_MACHTYPE='"x86_64-pc-linux-gnu"' -DCONF_VENDOR='"pc"' -DLOCALEDIR='"/usr/share/locale"' -DPACKAGE='"bash"' -DSHELL -DHAVE_CONFIG_H   -I.  -I../. -I.././include -I.././lib    -Wdate-time -D_FORTIFY_SOURCE=2 -g -O2 -Werror=implicit-function-declaration -ffile-prefix-map=/sonic/src/bash/bash-5.2.37=. -fstack-protector-strong -fstack-clash-protection -Wformat -Werror=format-security -fcf-protection -Wall -c .././bashhist.c
rm -f list.o
rm -f stringlib.o
rm -f locale.o
gcc  -DPROGRAM='"bash"' -DCONF_HOSTTYPE='"x86_64"' -DCONF_OSTYPE='"linux-gnu"' -DCONF_MACHTYPE='"x86_64-pc-linux-gnu"' -DCONF_VENDOR='"pc"' -DLOCALEDIR='"/usr/share/locale"' -DPACKAGE='"bash"' -DSHELL -DHAVE_CONFIG_H   -I.  -I../. -I.././include -I.././lib    -Wdate-time -D_FORTIFY_SOURCE=2 -g -O2 -Werror=implicit-function-declaration -ffile-prefix-map=/sonic/src/bash/bash-5.2.37=. -fstack-protector-strong -fstack-clash-protection -Wformat -Werror=format-security -fcf-protection -Wall -c .././list.c
gcc  -DPROGRAM='"bash"' -DCONF_HOSTTYPE='"x86_64"' -DCONF_OSTYPE='"linux-gnu"' -DCONF_MACHTYPE='"x86_64-pc-linux-gnu"' -DCONF_VENDOR='"pc"' -DLOCALEDIR='"/usr/share/locale"' -DPACKAGE='"bash"' -DSHELL -DHAVE_CONFIG_H   -I.  -I../. -I.././include -I.././lib    -Wdate-time -D_FORTIFY_SOURCE=2 -g -O2 -Werror=implicit-function-declaration -ffile-prefix-map=/sonic/src/bash/bash-5.2.37=. -fstack-protector-strong -fstack-clash-protection -Wformat -Werror=format-security -fcf-protection -Wall -c .././stringlib.c
gcc  -DPROGRAM='"bash"' -DCONF_HOSTTYPE='"x86_64"' -DCONF_OSTYPE='"linux-gnu"' -DCONF_MACHTYPE='"x86_64-pc-linux-gnu"' -DCONF_VENDOR='"pc"' -DLOCALEDIR='"/usr/share/locale"' -DPACKAGE='"bash"' -DSHELL -DHAVE_CONFIG_H   -I.  -I../. -I.././include -I.././lib    -Wdate-time -D_FORTIFY_SOURCE=2 -g -O2 -Werror=implicit-function-declaration -ffile-prefix-map=/sonic/src/bash/bash-5.2.37=. -fstack-protector-strong -fstack-clash-protection -Wformat -Werror=format-security -fcf-protection -Wall -c .././locale.c
rm -f findcmd.o
rm -f pcomplib.o
gcc  -DPROGRAM='"bash"' -DCONF_HOSTTYPE='"x86_64"' -DCONF_OSTYPE='"linux-gnu"' -DCONF_MACHTYPE='"x86_64-pc-linux-gnu"' -DCONF_VENDOR='"pc"' -DLOCALEDIR='"/usr/share/locale"' -DPACKAGE='"bash"' -DSHELL -DHAVE_CONFIG_H   -I.  -I../. -I.././include -I.././lib    -Wdate-time -D_FORTIFY_SOURCE=2 -g -O2 -Werror=implicit-function-declaration -ffile-prefix-map=/sonic/src/bash/bash-5.2.37=. -fstack-protector-strong -fstack-clash-protection -Wformat -Werror=format-security -fcf-protection -Wall -c .././findcmd.c
rm -f xmalloc.o
gcc  -DPROGRAM='"bash"' -DCONF_HOSTTYPE='"x86_64"' -DCONF_OSTYPE='"linux-gnu"' -DCONF_MACHTYPE='"x86_64-pc-linux-gnu"' -DCONF_VENDOR='"pc"' -DLOCALEDIR='"/usr/share/locale"' -DPACKAGE='"bash"' -DSHELL -DHAVE_CONFIG_H   -I.  -I../. -I.././include -I.././lib    -Wdate-time -D_FORTIFY_SOURCE=2 -g -O2 -Werror=implicit-function-declaration -ffile-prefix-map=/sonic/src/bash/bash-5.2.37=. -fstack-protector-strong -fstack-clash-protection -Wformat -Werror=format-security -fcf-protection -Wall -c .././pcomplib.c
rm -f plugin.o
gcc  -DPROGRAM='"bash"' -DCONF_HOSTTYPE='"x86_64"' -DCONF_OSTYPE='"linux-gnu"' -DCONF_MACHTYPE='"x86_64-pc-linux-gnu"' -DCONF_VENDOR='"pc"' -DLOCALEDIR='"/usr/share/locale"' -DPACKAGE='"bash"' -DSHELL -DHAVE_CONFIG_H   -I.  -I../. -I.././include -I.././lib    -Wdate-time -D_FORTIFY_SOURCE=2 -g -O2 -Werror=implicit-function-declaration -ffile-prefix-map=/sonic/src/bash/bash-5.2.37=. -fstack-protector-strong -fstack-clash-protection -Wformat -Werror=format-security -fcf-protection -Wall -c .././xmalloc.c
gcc  -DPROGRAM='"bash"' -DCONF_HOSTTYPE='"x86_64"' -DCONF_OSTYPE='"linux-gnu"' -DCONF_MACHTYPE='"x86_64-pc-linux-gnu"' -DCONF_VENDOR='"pc"' -DLOCALEDIR='"/usr/share/locale"' -DPACKAGE='"bash"' -DSHELL -DHAVE_CONFIG_H   -I.  -I../. -I.././include -I.././lib    -Wdate-time -D_FORTIFY_SOURCE=2 -g -O2 -Werror=implicit-function-declaration -ffile-prefix-map=/sonic/src/bash/bash-5.2.37=. -fstack-protector-strong -fstack-clash-protection -Wformat -Werror=format-security -fcf-protection -Wall -c .././plugin.c
rm -f shell.o
rm -f eval.o
gcc  -DPROGRAM='"bash"' -DCONF_HOSTTYPE='"x86_64"' -DCONF_OSTYPE='"linux-gnu"' -DCONF_MACHTYPE='"x86_64-pc-linux-gnu"' -DCONF_VENDOR='"pc"' -DLOCALEDIR='"/usr/share/locale"' -DPACKAGE='"bash"' -DSHELL -DHAVE_CONFIG_H   -I.  -I../. -I.././include -I.././lib    -Wdate-time -D_FORTIFY_SOURCE=2 -g -O2 -Werror=implicit-function-declaration -ffile-prefix-map=/sonic/src/bash/bash-5.2.37=. -fstack-protector-strong -fstack-clash-protection -Wformat -Werror=format-security -fcf-protection -Wall -c .././shell.c
make[5]: Entering directory '/sonic/src/bash/bash-5.2.37/build-bash/support'
make[5]: warning: -j192 forced in submake: resetting jobserver mode.
gcc  -DPROGRAM='"bash"' -DCONF_HOSTTYPE='"x86_64"' -DCONF_OSTYPE='"linux-gnu"' -DCONF_MACHTYPE='"x86_64-pc-linux-gnu"' -DCONF_VENDOR='"pc"' -DLOCALEDIR='"/usr/share/locale"' -DPACKAGE='"bash"' -DSHELL -DHAVE_CONFIG_H   -I.  -I../. -I.././include -I.././lib    -Wdate-time -D_FORTIFY_SOURCE=2 -g -O2 -Werror=implicit-function-declaration -ffile-prefix-map=/sonic/src/bash/bash-5.2.37=. -fstack-protector-strong -fstack-clash-protection -Wformat -Werror=format-security -fcf-protection -Wall -c .././eval.c
rm -f general.o
rm -f man2html.o
rm -f make_cmd.o
rm -f print_cmd.o
gcc  -DPROGRAM='"bash"' -DCONF_HOSTTYPE='"x86_64"' -DCONF_OSTYPE='"linux-gnu"' -DCONF_MACHTYPE='"x86_64-pc-linux-gnu"' -DCONF_VENDOR='"pc"' -DLOCALEDIR='"/usr/share/locale"' -DPACKAGE='"bash"' -DSHELL -DHAVE_CONFIG_H   -I.  -I../. -I.././include -I.././lib    -Wdate-time -D_FORTIFY_SOURCE=2 -g -O2 -Werror=implicit-function-declaration -ffile-prefix-map=/sonic/src/bash/bash-5.2.37=. -fstack-protector-strong -fstack-clash-protection -Wformat -Werror=format-security -fcf-protection -Wall -c .././general.c
gcc -c  -DHAVE_CONFIG_H -DSHELL  -I/sonic/src/bash/bash-5.2.37/build-bash -I../../.   -Wdate-time -D_FORTIFY_SOURCE=2 -g -O2 -Werror=implicit-function-declaration -ffile-prefix-map=/sonic/src/bash/bash-5.2.37=. -fstack-protector-strong -fstack-clash-protection -Wformat -Werror=format-security -fcf-protection -Wall ../.././support/man2html.c
gcc  -DPROGRAM='"bash"' -DCONF_HOSTTYPE='"x86_64"' -DCONF_OSTYPE='"linux-gnu"' -DCONF_MACHTYPE='"x86_64-pc-linux-gnu"' -DCONF_VENDOR='"pc"' -DLOCALEDIR='"/usr/share/locale"' -DPACKAGE='"bash"' -DSHELL -DHAVE_CONFIG_H   -I.  -I../. -I.././include -I.././lib    -Wdate-time -D_FORTIFY_SOURCE=2 -g -O2 -Werror=implicit-function-declaration -ffile-prefix-map=/sonic/src/bash/bash-5.2.37=. -fstack-protector-strong -fstack-clash-protection -Wformat -Werror=format-security -fcf-protection -Wall -c .././make_cmd.c
gcc  -DPROGRAM='"bash"' -DCONF_HOSTTYPE='"x86_64"' -DCONF_OSTYPE='"linux-gnu"' -DCONF_MACHTYPE='"x86_64-pc-linux-gnu"' -DCONF_VENDOR='"pc"' -DLOCALEDIR='"/usr/share/locale"' -DPACKAGE='"bash"' -DSHELL -DHAVE_CONFIG_H   -I.  -I../. -I.././include -I.././lib    -Wdate-time -D_FORTIFY_SOURCE=2 -g -O2 -Werror=implicit-function-declaration -ffile-prefix-map=/sonic/src/bash/bash-5.2.37=. -fstack-protector-strong -fstack-clash-protection -Wformat -Werror=format-security -fcf-protection -Wall -c .././print_cmd.c
rm -f dispose_cmd.o
rm -f copy_cmd.o
gcc  -DPROGRAM='"bash"' -DCONF_HOSTTYPE='"x86_64"' -DCONF_OSTYPE='"linux-gnu"' -DCONF_MACHTYPE='"x86_64-pc-linux-gnu"' -DCONF_VENDOR='"pc"' -DLOCALEDIR='"/usr/share/locale"' -DPACKAGE='"bash"' -DSHELL -DHAVE_CONFIG_H   -I.  -I../. -I.././include -I.././lib    -Wdate-time -D_FORTIFY_SOURCE=2 -g -O2 -Werror=implicit-function-declaration -ffile-prefix-map=/sonic/src/bash/bash-5.2.37=. -fstack-protector-strong -fstack-clash-protection -Wformat -Werror=format-security -fcf-protection -Wall -c .././dispose_cmd.c
rm -f error.o
gcc  -DPROGRAM='"bash"' -DCONF_HOSTTYPE='"x86_64"' -DCONF_OSTYPE='"linux-gnu"' -DCONF_MACHTYPE='"x86_64-pc-linux-gnu"' -DCONF_VENDOR='"pc"' -DLOCALEDIR='"/usr/share/locale"' -DPACKAGE='"bash"' -DSHELL -DHAVE_CONFIG_H   -I.  -I../. -I.././include -I.././lib    -Wdate-time -D_FORTIFY_SOURCE=2 -g -O2 -Werror=implicit-function-declaration -ffile-prefix-map=/sonic/src/bash/bash-5.2.37=. -fstack-protector-strong -fstack-clash-protection -Wformat -Werror=format-security -fcf-protection -Wall -c .././copy_cmd.c
rm -f expr.o
gcc  -DPROGRAM='"bash"' -DCONF_HOSTTYPE='"x86_64"' -DCONF_OSTYPE='"linux-gnu"' -DCONF_MACHTYPE='"x86_64-pc-linux-gnu"' -DCONF_VENDOR='"pc"' -DLOCALEDIR='"/usr/share/locale"' -DPACKAGE='"bash"' -DSHELL -DHAVE_CONFIG_H   -I.  -I../. -I.././include -I.././lib    -Wdate-time -D_FORTIFY_SOURCE=2 -g -O2 -Werror=implicit-function-declaration -ffile-prefix-map=/sonic/src/bash/bash-5.2.37=. -fstack-protector-strong -fstack-clash-protection -Wformat -Werror=format-security -fcf-protection -Wall -c .././error.c
gcc  -DPROGRAM='"bash"' -DCONF_HOSTTYPE='"x86_64"' -DCONF_OSTYPE='"linux-gnu"' -DCONF_MACHTYPE='"x86_64-pc-linux-gnu"' -DCONF_VENDOR='"pc"' -DLOCALEDIR='"/usr/share/locale"' -DPACKAGE='"bash"' -DSHELL -DHAVE_CONFIG_H   -I.  -I../. -I.././include -I.././lib    -Wdate-time -D_FORTIFY_SOURCE=2 -g -O2 -Werror=implicit-function-declaration -ffile-prefix-map=/sonic/src/bash/bash-5.2.37=. -fstack-protector-strong -fstack-clash-protection -Wformat -Werror=format-security -fcf-protection -Wall -c .././expr.c
rm -f flags.o
rm -f hashcmd.o
rm -f hashlib.o
gcc  -DPROGRAM='"bash"' -DCONF_HOSTTYPE='"x86_64"' -DCONF_OSTYPE='"linux-gnu"' -DCONF_MACHTYPE='"x86_64-pc-linux-gnu"' -DCONF_VENDOR='"pc"' -DLOCALEDIR='"/usr/share/locale"' -DPACKAGE='"bash"' -DSHELL -DHAVE_CONFIG_H   -I.  -I../. -I.././include -I.././lib    -Wdate-time -D_FORTIFY_SOURCE=2 -g -O2 -Werror=implicit-function-declaration -ffile-prefix-map=/sonic/src/bash/bash-5.2.37=. -fstack-protector-strong -fstack-clash-protection -Wformat -Werror=format-security -fcf-protection -Wall -c .././flags.c
gcc  -DPROGRAM='"bash"' -DCONF_HOSTTYPE='"x86_64"' -DCONF_OSTYPE='"linux-gnu"' -DCONF_MACHTYPE='"x86_64-pc-linux-gnu"' -DCONF_VENDOR='"pc"' -DLOCALEDIR='"/usr/share/locale"' -DPACKAGE='"bash"' -DSHELL -DHAVE_CONFIG_H   -I.  -I../. -I.././include -I.././lib    -Wdate-time -D_FORTIFY_SOURCE=2 -g -O2 -Werror=implicit-function-declaration -ffile-prefix-map=/sonic/src/bash/bash-5.2.37=. -fstack-protector-strong -fstack-clash-protection -Wformat -Werror=format-security -fcf-protection -Wall -c .././hashcmd.c
gcc  -DPROGRAM='"bash"' -DCONF_HOSTTYPE='"x86_64"' -DCONF_OSTYPE='"linux-gnu"' -DCONF_MACHTYPE='"x86_64-pc-linux-gnu"' -DCONF_VENDOR='"pc"' -DLOCALEDIR='"/usr/share/locale"' -DPACKAGE='"bash"' -DSHELL -DHAVE_CONFIG_H   -I.  -I../. -I.././include -I.././lib    -Wdate-time -D_FORTIFY_SOURCE=2 -g -O2 -Werror=implicit-function-declaration -ffile-prefix-map=/sonic/src/bash/bash-5.2.37=. -fstack-protector-strong -fstack-clash-protection -Wformat -Werror=format-security -fcf-protection -Wall -c .././hashlib.c
rm -f mailcheck.o
rm -f input.o
gcc  -DPROGRAM='"bash"' -DCONF_HOSTTYPE='"x86_64"' -DCONF_OSTYPE='"linux-gnu"' -DCONF_MACHTYPE='"x86_64-pc-linux-gnu"' -DCONF_VENDOR='"pc"' -DLOCALEDIR='"/usr/share/locale"' -DPACKAGE='"bash"' -DSHELL -DHAVE_CONFIG_H   -I.  -I../. -I.././include -I.././lib    -Wdate-time -D_FORTIFY_SOURCE=2 -g -O2 -Werror=implicit-function-declaration -ffile-prefix-map=/sonic/src/bash/bash-5.2.37=. -fstack-protector-strong -fstack-clash-protection -Wformat -Werror=format-security -fcf-protection -Wall -c .././mailcheck.c
gcc  -DPROGRAM='"bash"' -DCONF_HOSTTYPE='"x86_64"' -DCONF_OSTYPE='"linux-gnu"' -DCONF_MACHTYPE='"x86_64-pc-linux-gnu"' -DCONF_VENDOR='"pc"' -DLOCALEDIR='"/usr/share/locale"' -DPACKAGE='"bash"' -DSHELL -DHAVE_CONFIG_H   -I.  -I../. -I.././include -I.././lib    -Wdate-time -D_FORTIFY_SOURCE=2 -g -O2 -Werror=implicit-function-declaration -ffile-prefix-map=/sonic/src/bash/bash-5.2.37=. -fstack-protector-strong -fstack-clash-protection -Wformat -Werror=format-security -fcf-protection -Wall -c .././input.c
.././unwind_prot.c: In function 'unwind_frame_discard_internal':
.././unwind_prot.c:272:10: warning: suggest parentheses around assignment used as truth value [-Wparentheses]
  272 |   while (elt = unwind_protect_list)
      |          ^~~
.././unwind_prot.c: In function 'unwind_frame_run_internal':
.././unwind_prot.c:307:10: warning: suggest parentheses around assignment used as truth value [-Wparentheses]
  307 |   while (elt = unwind_protect_list)
      |          ^~~
../.././builtins/mkbuiltins.c: In function 'extract_info':
../.././builtins/mkbuiltins.c:590:15: warning: suggest parentheses around assignment used as truth value [-Wparentheses]
  590 |   for (i = 0; line = defs->lines->array[i]; i++)
      |               ^~~~
../.././builtins/mkbuiltins.c: In function 'free_defs':
../.././builtins/mkbuiltins.c:706:19: warning: suggest parentheses around assignment used as truth value [-Wparentheses]
  706 |       for (i = 0; builtin = (BUILTIN_DESC *)defs->builtins->array[i]; i++)
      |                   ^~~~~~~
.././pathexp.c: In function 'unquoted_glob_pattern_p':
.././pathexp.c:73:10: warning: suggest parentheses around assignment used as truth value [-Wparentheses]
   73 |   while (c = *string++)
      |          ^
.././pathexp.c: In function 'shell_glob_filename':
.././pathexp.c:412:15: warning: unused variable 'quoted_pattern' [-Wunused-variable]
  412 |   int gflags, quoted_pattern;
      |               ^~~~~~~~~~~~~~
.././pathexp.c: In function 'setup_ignore_patterns':
.././pathexp.c:620:10: warning: suggest parentheses around assignment used as truth value [-Wparentheses]
  620 |   while (colon_bit = split_ignorespec (this_ignoreval, &ptr))
      |          ^~~~~~~~~
.././arrayfunc.c: In function 'assign_array_element_internal':
.././arrayfunc.c:407:9: warning: unused variable 'newval' [-Wunused-variable]
  407 |   char *newval;
      |         ^~~~~~
.././braces.c: In function 'mkseq':
.././braces.c:428:15: warning: variable 'len' set but not used [-Wunused-but-set-variable]
  428 |           int len, arg;
      |               ^~~
.././braces.c:435:15: warning: suggest parentheses around assignment used as truth value [-Wparentheses]
  435 |           if (t = (char *)malloc (2))
      |               ^
.././braces.c: In function 'brace_gobbler':
.././braces.c:615:10: warning: suggest parentheses around assignment used as truth value [-Wparentheses]
  615 |   while (c = text[i])
      |          ^
.././locale.c: In function 'reset_locale_vars':
.././locale.c:365:9: warning: variable 't' set but not used [-Wunused-but-set-variable]
  365 |   char *t, *x;
      |         ^
.././array.c:66:14: warning: 'spacesep' defined but not used [-Wunused-variable]
   66 | static char *spacesep = " ";
      |              ^~~~~~~~
.././locale.c: In function 'locale_isutf8':
.././locale.c:601:14: warning: unused variable 'encoding' [-Wunused-variable]
  601 |   char *cp, *encoding;
      |              ^~~~~~~~
.././findcmd.c: In function '_find_user_command_internal':
.././findcmd.c:269:7: warning: suggest parentheses around assignment used as truth value [-Wparentheses]
  269 |   if (var = find_variable_tempenv ("PATH"))     /* XXX could be array? */
      |       ^~~
.././bashhist.c: In function 'hc_erasedups':
.././bashhist.c:731:10: warning: suggest parentheses around assignment used as truth value [-Wparentheses]
  731 |   while (temp = previous_history ())
      |          ^~~~
.././arrayfunc.c: In function 'array_value_internal':
.././arrayfunc.c:1483:21: warning: variable 'subtype' set but not used [-Wunused-but-set-variable]
 1483 |   int len, isassoc, subtype;
      |                     ^~~~~~~
../.././support/man2html.c: In function 'read_man_page':
../.././support/man2html.c:508:17: warning: unused variable 'i' [-Wunused-variable]
  508 |         int     i;
      |                 ^
.././arrayfunc.c: In function 'array_keys':
.././arrayfunc.c:1672:22: warning: unused variable 'temp' [-Wunused-variable]
 1672 |   char *retval, *t, *temp;
      |                      ^~~~
.././eval.c: In function 'reader_loop':
.././eval.c:147:20: warning: suggest parentheses around assignment used as truth value [-Wparentheses]
  147 |           else if (current_command = global_command)
      |                    ^~~~~~~~~~~~~~~
.././eval.c: In function 'alrm_catcher':
.././eval.c:244:3: warning: ignoring return value of 'write' declared with attribute 'warn_unused_result' [-Wunused-result]
  244 |   write (1, msg, strlen (msg));
      |   ^~~~~~~~~~~~~~~~~~~~~~~~~~~~
rm -f mksignames
../.././support/man2html.c: In function 'scan_table':
../.././support/man2html.c:1444:44: warning: unused variable 'ftable' [-Wunused-variable]
 1444 |         TABLEROW *layout = NULL, *currow, *ftable;
      |                                            ^~~~~~
../.././support/man2html.c:1439:17: warning: unused variable 't' [-Wunused-variable]
 1439 |         char   *t, *h, *g;
      |                 ^
gcc -DPROGRAM='"bash"' -DCONF_HOSTTYPE='"x86_64"' -DCONF_OSTYPE='"linux-gnu"' -DCONF_MACHTYPE='"x86_64-pc-linux-gnu"' -DCONF_VENDOR='"pc"' -DLOCALEDIR='"/usr/share/locale"' -DPACKAGE='"bash"' -DSHELL -DHAVE_CONFIG_H   -I.  -I../. -I.././include -I.././lib   -Wdate-time -D_FORTIFY_SOURCE=2 -g -O2 -Werror=implicit-function-declaration -ffile-prefix-map=/sonic/src/bash/bash-5.2.37=. -fstack-protector-strong -fstack-clash-protection -Wformat -Werror=format-security -fcf-protection -Wall   -Wl,-z,relro -Wl,-z,now -rdynamic -g -O2 -Werror=implicit-function-declaration -ffile-prefix-map=/sonic/src/bash/bash-5.2.37=. -fstack-protector-strong -fstack-clash-protection -Wformat -Werror=format-security -fcf-protection -Wall   -rdynamic -g -O2 -Werror=implicit-function-declaration -ffile-prefix-map=/sonic/src/bash/bash-5.2.37=. -fstack-protector-strong -fstack-clash-protection -Wformat -Werror=format-security -fcf-protection -Wall  -o mksignames mksignames.o buildsignames.o 
.././plugin.c: In function 'invoke_plugin_on_shell_execve':
.././plugin.c:421:15: warning: unused variable 'real_path_buffer' [-Wunused-variable]
  421 |         char* real_path_buffer = realpath(cmd, resolved_path);
      |               ^~~~~~~~~~~~~~~~
.././print_cmd.c: In function 'make_command_string_internal':
.././print_cmd.c:189:14: warning: zero-length gnu_printf format string [-Wformat-zero-length]
  189 |     cprintf ("");
      |              ^~
.././general.c:91:1: warning: missing braces around initializer [-Wmissing-braces]
   91 | {
      | ^
   92 |   &interactive_comments,
      |   {                    }
   93 |   &source_uses_path,
      |   {                }
   94 |   &expaliases_flag,
      |   {               }
   95 |   &inherit_errexit,
      |   {               }
   96 |   &print_shift_error,
      |   {                 }
   97 |   0
      |   {
   98 | };
      | }
../.././support/man2html.c: In function 'scan_expression':
../.././support/man2html.c:1774:36: warning: unused variable 'j' [-Wunused-variable]
 1774 |         int     value = 0, value2, j = 0, sign = 1, opex = 0;
      |                                    ^
.././general.c: In function 'assignment':
.././make_cmd.c: In function 'make_here_document':
.././general.c:459:10: warning: suggest parentheses around assignment used as truth value [-Wparentheses]
  459 |   while (c = string[indx])
      |          ^
.././make_cmd.c:614:10: warning: suggest parentheses around assignment used as truth value [-Wparentheses]
  614 |   while (full_line = read_secondary_line (delim_unquoted))
      |          ^~~~~~~~~
.././print_cmd.c: In function 'print_redirection_list':
.././print_cmd.c:1065:9: warning: unused variable 'rw' [-Wunused-variable]
 1065 |   char *rw;
      |         ^~
../.././support/man2html.c: In function 'skip_till_newline':
../.././support/man2html.c:2151:19: warning: suggest parentheses around '&&' within '||' [-Wparentheses]
 2151 |         while (*c && *c != '\n' || lvl > 0) {
      |                ~~~^~~~~~~~~~~~~
.././expr.c: In function 'exppower':
.././expr.c:963:33: warning: unused variable 'c' [-Wunused-variable]
  963 |   register intmax_t val1, val2, c;
      |                                 ^
.././shell.c: In function 'parse_shell_options':
../.././support/man2html.c: In function 'scan_request':
.././shell.c:930:14: warning: suggest parentheses around assignment used as truth value [-Wparentheses]
  930 |       while (arg_character = arg_string[i++])
      |              ^~~~~~~~~~~~~
../.././support/man2html.c:2243:41: warning: unused variable 'oldcurpos' [-Wunused-variable]
 2243 |                                 int     oldcurpos = curpos;
      |                                         ^~~~~~~~~
.././hashlib.c:169:1: warning: 'hash_shrink' defined but not used [-Wunused-function]
  169 | hash_shrink (table)
      | ^~~~~~~~~~~
.././shell.c: In function 'disable_priv_mode':
.././shell.c:1353:7: warning: variable 'e' set but not used [-Wunused-but-set-variable]
 1353 |   int e;
      |       ^
.././expr.c: In function 'readtok':
.././mailcheck.c: In function 'remember_mail_dates':
.././expr.c:1316:17: warning: unused variable 'lval' [-Wunused-variable]
 1316 |   struct lvalue lval;
      |                 ^~~~
.././mailcheck.c:394:10: warning: suggest parentheses around assignment used as truth value [-Wparentheses]
  394 |   while (mailfile = extract_colon_unit (mailpaths, &i))
      |          ^~~~~~~~
.././mailcheck.c: In function 'check_mail':
.././mailcheck.c:468:15: warning: suggest parentheses around assignment used as truth value [-Wparentheses]
  468 |           if (temp = expand_string_to_string (message, Q_DOUBLE_QUOTES))
      |               ^~~~
.././print_cmd.c: At top level:
.././print_cmd.c:1006:1: warning: 'print_heredocs' defined but not used [-Wunused-function]
 1006 | print_heredocs (heredocs)
      | ^~~~~~~~~~~~~~
../.././support/man2html.c:2540:41: warning: unused variable 'f' [-Wunused-variable]
 2540 |                                 FILE   *f;
      |                                         ^
.././expr.c: In function 'strlong':
.././expr.c:1552:17: warning: unused variable 'pval' [-Wunused-variable]
 1552 |   intmax_t val, pval;
      |                 ^~~~
.././expr.c: At top level:
.././expr.c:1134:1: warning: 'free_lvalue' defined but not used [-Wunused-function]
 1134 | free_lvalue (lv)
      | ^~~~~~~~~~~
.././expr.c:1124:1: warning: 'alloc_lvalue' defined but not used [-Wunused-function]
 1124 | alloc_lvalue ()
      | ^~~~~~~~~~~~
rm -f lsignames.h
./mksignames lsignames.h
if cmp -s lsignames.h signames.h ; then :; else rm -f signames.h ; cp lsignames.h signames.h ; fi
../.././support/man2html.c:3693:45: warning: suggest parentheses around assignment used as truth value [-Wparentheses]
 3693 |                                 for (i = 0; owndef->st[deflen + 2 + i] = owndef->st[i]; i++);
      |                                             ^~~~~~
../.././support/man2html.c: In function 'scan_troff':
../.././support/man2html.c:3822:33: warning: unused variable 'mx' [-Wunused-variable]
 3822 |                         int     mx;
      |                                 ^~
../.././support/man2html.c:3763:17: warning: unused variable 'i' [-Wunused-variable]
 3763 |         int     i;
      |                 ^
../.././support/man2html.c: In function 'main':
../.././support/man2html.c:3996:21: warning: unused variable 'fullname' [-Wunused-variable]
 3996 |         char   *h, *fullname;
      |                     ^~~~~~~~
../.././support/man2html.c:3994:17: warning: unused variable 'l' [-Wunused-variable]
 3994 |         int     l, i;
      |                 ^
../.././support/man2html.c:3992:17: warning: unused variable 'f' [-Wunused-variable]
 3992 |         FILE   *f;
      |                 ^
../.././support/man2html.c: At top level:
../.././support/man2html.c:3748:1: warning: 'flush' defined but not used [-Wunused-function]
 3748 | flush(void)
      | ^~~~~
../.././support/man2html.c:937:12: warning: 'asint' defined but not used [-Wunused-variable]
  937 | static int asint = 0;
      |            ^~~~~
../.././support/man2html.c:428:31: warning: 'eqndelimclose' defined but not used [-Wunused-variable]
  428 | static char eqndelimopen = 0, eqndelimclose = 0;
      |                               ^~~~~~~~~~~~~
../.././support/man2html.c:428:13: warning: 'eqndelimopen' defined but not used [-Wunused-variable]
  428 | static char eqndelimopen = 0, eqndelimclose = 0;
      |             ^~~~~~~~~~~~
../.././support/man2html.c:299:14: warning: 'idxfile' defined but not used [-Wunused-variable]
  299 | static FILE *idxfile;
      |              ^~~~~~~
../.././support/man2html.c:298:14: warning: 'fname' defined but not used [-Wunused-variable]
  298 | static char *fname;
      |              ^~~~~
../.././support/man2html.c:240:1: warning: 'escape_input' defined but not used [-Wunused-function]
  240 | escape_input(char *str)
      | ^~~~~~~~~~~~
../.././support/man2html.c:210:1: warning: 'strmaxcat' defined but not used [-Wunused-function]
  210 | strmaxcat(char *to, char *from, int n)
      | ^~~~~~~~~
../.././support/man2html.c:190:1: warning: 'strduplicate' defined but not used [-Wunused-function]
  190 | strduplicate(char *from)
      | ^~~~~~~~~~~~
../.././support/man2html.c:148:1: warning: 'strgrow' defined but not used [-Wunused-function]
  148 | strgrow(char *old, int len)
      | ^~~~~~~
../.././support/man2html.c:104:13: warning: 'location_base' defined but not used [-Wunused-variable]
  104 | static char location_base[NULL_TERMINATED(MED_STR_MAX)] = "";
      |             ^~~~~~~~~~~~~
rm -f syntax.c
./mksyntax -o syntax.c
/bin/sh .././support/mkversion.sh -b -S ../. -s release -d 5.2 -o newversion.h \
	&& mv newversion.h version.h
rm -f syntax.o
gcc  -DPROGRAM='"bash"' -DCONF_HOSTTYPE='"x86_64"' -DCONF_OSTYPE='"linux-gnu"' -DCONF_MACHTYPE='"x86_64-pc-linux-gnu"' -DCONF_VENDOR='"pc"' -DLOCALEDIR='"/usr/share/locale"' -DPACKAGE='"bash"' -DSHELL -DHAVE_CONFIG_H   -I.  -I../. -I.././include -I.././lib    -Wdate-time -D_FORTIFY_SOURCE=2 -g -O2 -Werror=implicit-function-declaration -ffile-prefix-map=/sonic/src/bash/bash-5.2.37=. -fstack-protector-strong -fstack-clash-protection -Wformat -Werror=format-security -fcf-protection -Wall -c syntax.c
rm -f version.o
gcc -DPROGRAM='"bash"' -DCONF_HOSTTYPE='"x86_64"' -DCONF_OSTYPE='"linux-gnu"' -DCONF_MACHTYPE='"x86_64-pc-linux-gnu"' -DCONF_VENDOR='"pc"' -DLOCALEDIR='"/usr/share/locale"' -DPACKAGE='"bash"' -DSHELL -DHAVE_CONFIG_H   -I.  -I../. -I.././include -I.././lib   -Wdate-time -D_FORTIFY_SOURCE=2 -g -O2 -Werror=implicit-function-declaration -ffile-prefix-map=/sonic/src/bash/bash-5.2.37=. -fstack-protector-strong -fstack-clash-protection -Wformat -Werror=format-security -fcf-protection -Wall  -DBUILDTOOL -c -o buildversion.o .././version.c
gcc  -DPROGRAM='"bash"' -DCONF_HOSTTYPE='"x86_64"' -DCONF_OSTYPE='"linux-gnu"' -DCONF_MACHTYPE='"x86_64-pc-linux-gnu"' -DCONF_VENDOR='"pc"' -DLOCALEDIR='"/usr/share/locale"' -DPACKAGE='"bash"' -DSHELL -DHAVE_CONFIG_H   -I.  -I../. -I.././include -I.././lib    -Wdate-time -D_FORTIFY_SOURCE=2 -g -O2 -Werror=implicit-function-declaration -ffile-prefix-map=/sonic/src/bash/bash-5.2.37=. -fstack-protector-strong -fstack-clash-protection -Wformat -Werror=format-security -fcf-protection -Wall -c .././version.c
gcc -DPROGRAM='"bash"' -DCONF_HOSTTYPE='"x86_64"' -DCONF_OSTYPE='"linux-gnu"' -DCONF_MACHTYPE='"x86_64-pc-linux-gnu"' -DCONF_VENDOR='"pc"' -DLOCALEDIR='"/usr/share/locale"' -DPACKAGE='"bash"' -DSHELL -DHAVE_CONFIG_H   -I.  -I../. -I.././include -I.././lib   -Wdate-time -D_FORTIFY_SOURCE=2 -g -O2 -Werror=implicit-function-declaration -ffile-prefix-map=/sonic/src/bash/bash-5.2.37=. -fstack-protector-strong -fstack-clash-protection -Wformat -Werror=format-security -fcf-protection -Wall   -Wl,-z,relro -Wl,-z,now -rdynamic -g -O2 -Werror=implicit-function-declaration -ffile-prefix-map=/sonic/src/bash/bash-5.2.37=. -fstack-protector-strong -fstack-clash-protection -Wformat -Werror=format-security -fcf-protection -Wall   -rdynamic -g -O2 -Werror=implicit-function-declaration -ffile-prefix-map=/sonic/src/bash/bash-5.2.37=. -fstack-protector-strong -fstack-clash-protection -Wformat -Werror=format-security -fcf-protection -Wall  -o bashversion .././support/bashversion.c buildversion.o 
.././support/bashversion.c: In function 'main':
.././support/bashversion.c:70:7: warning: suggest parentheses around assignment used as truth value [-Wparentheses]
   70 |   if (progname = strrchr (argv[0], '/'))
      |       ^~~~~~~~
In function 'mkseq',
    inlined from 'expand_seqterm' at .././braces.c:576:12,
    inlined from 'brace_expand' at .././braces.c:234:14:
.././braces.c:371:13: warning: 'tr' may be used uninitialized [-Wmaybe-uninitialized]
  371 |   if (start > end && incr > 0)
      |       ~~~~~~^~~~~
.././braces.c: In function 'brace_expand':
.././braces.c:479:16: note: 'tr' was declared here
  479 |   intmax_t tl, tr;
      |                ^~
.././array.c: In function 'array_from_argv':
.././array.c:870:9: warning: 't' may be used uninitialized [-Wmaybe-uninitialized]
  870 |         array_insert (a, i, t);
      |         ^~~~~~~~~~~~~~~~~~~~~~
.././array.c:865:10: note: 't' was declared here
  865 |   char  *t;
      |          ^
In function 'assign_array_element_internal',
    inlined from 'assign_array_element' at .././arrayfunc.c:380:11:
.././arrayfunc.c:432:36: warning: 'nkey' may be used uninitialized [-Wmaybe-uninitialized]
  432 |           estatep->value = entry ? assoc_reference (assoc_cell (entry), nkey) : 0;
      |                                    ^~~~~~~~~~~~~~~~~~~~~~~~~~~~~~~~~~~~~~~~~~
.././arrayfunc.c: In function 'assign_array_element':
.././arrayfunc.c:405:16: note: 'nkey' was declared here
  405 |   char *akey, *nkey;
      |                ^~~~
.././arrayfunc.c: In function 'array_value_internal':
.././arrayfunc.c:1615:48: warning: 'ind' may be used uninitialized [-Wmaybe-uninitialized]
 1615 |         retval = (ind == 0) ? value_cell (var) : (char *)NULL;
      |                                                ^
.././arrayfunc.c:1484:14: note: 'ind' was declared here
 1484 |   arrayind_t ind;
      |              ^~~
gcc -Wl,-z,relro -Wl,-z,now -rdynamic -g -O2 -Werror=implicit-function-declaration -ffile-prefix-map=/sonic/src/bash/bash-5.2.37=. -fstack-protector-strong -fstack-clash-protection -Wformat -Werror=format-security -fcf-protection -Wall -rdynamic -g -O2 -Werror=implicit-function-declaration -ffile-prefix-map=/sonic/src/bash/bash-5.2.37=. -fstack-protector-strong -fstack-clash-protection -Wformat -Werror=format-security -fcf-protection -Wall  -o mkbuiltins mkbuiltins.o -ldl 
make[5]: Leaving directory '/sonic/src/bash/bash-5.2.37/build-bash/builtins'
rm -f execute_cmd.o
rm -f variables.o
rm -f jobs.o
gcc  -DPROGRAM='"bash"' -DCONF_HOSTTYPE='"x86_64"' -DCONF_OSTYPE='"linux-gnu"' -DCONF_MACHTYPE='"x86_64-pc-linux-gnu"' -DCONF_VENDOR='"pc"' -DLOCALEDIR='"/usr/share/locale"' -DPACKAGE='"bash"' -DSHELL -DHAVE_CONFIG_H   -I.  -I../. -I.././include -I.././lib    -Wdate-time -D_FORTIFY_SOURCE=2 -g -O2 -Werror=implicit-function-declaration -ffile-prefix-map=/sonic/src/bash/bash-5.2.37=. -fstack-protector-strong -fstack-clash-protection -Wformat -Werror=format-security -fcf-protection -Wall -c .././execute_cmd.c
gcc  -DPROGRAM='"bash"' -DCONF_HOSTTYPE='"x86_64"' -DCONF_OSTYPE='"linux-gnu"' -DCONF_MACHTYPE='"x86_64-pc-linux-gnu"' -DCONF_VENDOR='"pc"' -DLOCALEDIR='"/usr/share/locale"' -DPACKAGE='"bash"' -DSHELL -DHAVE_CONFIG_H   -I.  -I../. -I.././include -I.././lib    -Wdate-time -D_FORTIFY_SOURCE=2 -g -O2 -Werror=implicit-function-declaration -ffile-prefix-map=/sonic/src/bash/bash-5.2.37=. -fstack-protector-strong -fstack-clash-protection -Wformat -Werror=format-security -fcf-protection -Wall -c .././variables.c
gcc  -DPROGRAM='"bash"' -DCONF_HOSTTYPE='"x86_64"' -DCONF_OSTYPE='"linux-gnu"' -DCONF_MACHTYPE='"x86_64-pc-linux-gnu"' -DCONF_VENDOR='"pc"' -DLOCALEDIR='"/usr/share/locale"' -DPACKAGE='"bash"' -DSHELL -DHAVE_CONFIG_H   -I.  -I../. -I.././include -I.././lib    -Wdate-time -D_FORTIFY_SOURCE=2 -g -O2 -Werror=implicit-function-declaration -ffile-prefix-map=/sonic/src/bash/bash-5.2.37=. -fstack-protector-strong -fstack-clash-protection -Wformat -Werror=format-security -fcf-protection -Wall -c .././jobs.c
rm -f subst.o
rm -f trap.o
rm -f sig.o
gcc  -DPROGRAM='"bash"' -DCONF_HOSTTYPE='"x86_64"' -DCONF_OSTYPE='"linux-gnu"' -DCONF_MACHTYPE='"x86_64-pc-linux-gnu"' -DCONF_VENDOR='"pc"' -DLOCALEDIR='"/usr/share/locale"' -DPACKAGE='"bash"' -DSHELL -DHAVE_CONFIG_H   -I.  -I../. -I.././include -I.././lib    -Wdate-time -D_FORTIFY_SOURCE=2 -g -O2 -Werror=implicit-function-declaration -ffile-prefix-map=/sonic/src/bash/bash-5.2.37=. -fstack-protector-strong -fstack-clash-protection -Wformat -Werror=format-security -fcf-protection -Wall -c .././subst.c
gcc  -DPROGRAM='"bash"' -DCONF_HOSTTYPE='"x86_64"' -DCONF_OSTYPE='"linux-gnu"' -DCONF_MACHTYPE='"x86_64-pc-linux-gnu"' -DCONF_VENDOR='"pc"' -DLOCALEDIR='"/usr/share/locale"' -DPACKAGE='"bash"' -DSHELL -DHAVE_CONFIG_H   -I.  -I../. -I.././include -I.././lib    -Wdate-time -D_FORTIFY_SOURCE=2 -g -O2 -Werror=implicit-function-declaration -ffile-prefix-map=/sonic/src/bash/bash-5.2.37=. -fstack-protector-strong -fstack-clash-protection -Wformat -Werror=format-security -fcf-protection -Wall -c .././trap.c
gcc  -DPROGRAM='"bash"' -DCONF_HOSTTYPE='"x86_64"' -DCONF_OSTYPE='"linux-gnu"' -DCONF_MACHTYPE='"x86_64-pc-linux-gnu"' -DCONF_VENDOR='"pc"' -DLOCALEDIR='"/usr/share/locale"' -DPACKAGE='"bash"' -DSHELL -DHAVE_CONFIG_H   -I.  -I../. -I.././include -I.././lib    -Wdate-time -D_FORTIFY_SOURCE=2 -g -O2 -Werror=implicit-function-declaration -ffile-prefix-map=/sonic/src/bash/bash-5.2.37=. -fstack-protector-strong -fstack-clash-protection -Wformat -Werror=format-security -fcf-protection -Wall -c .././sig.c
rm -f bashline.o
rm -f pcomplete.o
gcc  -DPROGRAM='"bash"' -DCONF_HOSTTYPE='"x86_64"' -DCONF_OSTYPE='"linux-gnu"' -DCONF_MACHTYPE='"x86_64-pc-linux-gnu"' -DCONF_VENDOR='"pc"' -DLOCALEDIR='"/usr/share/locale"' -DPACKAGE='"bash"' -DSHELL -DHAVE_CONFIG_H   -I.  -I../. -I.././include -I.././lib    -Wdate-time -D_FORTIFY_SOURCE=2 -g -O2 -Werror=implicit-function-declaration -ffile-prefix-map=/sonic/src/bash/bash-5.2.37=. -fstack-protector-strong -fstack-clash-protection -Wformat -Werror=format-security -fcf-protection -Wall -c .././bashline.c
gcc  -DPROGRAM='"bash"' -DCONF_HOSTTYPE='"x86_64"' -DCONF_OSTYPE='"linux-gnu"' -DCONF_MACHTYPE='"x86_64-pc-linux-gnu"' -DCONF_VENDOR='"pc"' -DLOCALEDIR='"/usr/share/locale"' -DPACKAGE='"bash"' -DSHELL -DHAVE_CONFIG_H   -I.  -I../. -I.././include -I.././lib    -Wdate-time -D_FORTIFY_SOURCE=2 -g -O2 -Werror=implicit-function-declaration -ffile-prefix-map=/sonic/src/bash/bash-5.2.37=. -fstack-protector-strong -fstack-clash-protection -Wformat -Werror=format-security -fcf-protection -Wall -c .././pcomplete.c

make[5]: Entering directory '/sonic/src/bash/bash-5.2.37/build-bash/builtins'
make[5]: warning: -j192 forced in submake: resetting jobserver mode.
	  ***********************************************************
	  *                                                         *
rm -f builtins.o
gcc -c   -DHAVE_CONFIG_H -DSHELL  -I. -I..  -I../../. -I../.././include -I../.././lib -I../.././builtins    -Wdate-time -D_FORTIFY_SOURCE=2 -g -O2 -Werror=implicit-function-declaration -ffile-prefix-map=/sonic/src/bash/bash-5.2.37=. -fstack-protector-strong -fstack-clash-protection -Wformat -Werror=format-security -fcf-protection -Wall builtins.c
rm -f alias.o
	  * GNU bash, version 5.2.37(1)-release (x86_64-pc-linux-gnu)
rm -f bind.o
./mkbuiltins -D ../.././builtins ../.././builtins/alias.def
rm -f break.o
	  *                                                         *
./mkbuiltins -D ../.././builtins ../.././builtins/bind.def
gcc -c   -DHAVE_CONFIG_H -DSHELL  -I. -I..  -I../../. -I../.././include -I../.././lib -I../.././builtins    -Wdate-time -D_FORTIFY_SOURCE=2 -g -O2 -Werror=implicit-function-declaration -ffile-prefix-map=/sonic/src/bash/bash-5.2.37=. -fstack-protector-strong -fstack-clash-protection -Wformat -Werror=format-security -fcf-protection -Wall alias.c || ( rm -f alias.c ; exit 1 )
./mkbuiltins -D ../.././builtins ../.././builtins/break.def
	  ***********************************************************
rm -f builtin.o
gcc -c   -DHAVE_CONFIG_H -DSHELL  -I. -I..  -I../../. -I../.././include -I../.././lib -I../.././builtins    -Wdate-time -D_FORTIFY_SOURCE=2 -g -O2 -Werror=implicit-function-declaration -ffile-prefix-map=/sonic/src/bash/bash-5.2.37=. -fstack-protector-strong -fstack-clash-protection -Wformat -Werror=format-security -fcf-protection -Wall bind.c || ( rm -f bind.c ; exit 1 )

gcc -c   -DHAVE_CONFIG_H -DSHELL  -I. -I..  -I../../. -I../.././include -I../.././lib -I../.././builtins    -Wdate-time -D_FORTIFY_SOURCE=2 -g -O2 -Werror=implicit-function-declaration -ffile-prefix-map=/sonic/src/bash/bash-5.2.37=. -fstack-protector-strong -fstack-clash-protection -Wformat -Werror=format-security -fcf-protection -Wall break.c || ( rm -f break.c ; exit 1 )
./mkbuiltins -D ../.././builtins ../.././builtins/builtin.def
rm -f caller.o
rm -f cd.o
making lib/glob/libglob.a in ./lib/glob
gcc -c   -DHAVE_CONFIG_H -DSHELL  -I. -I..  -I../../. -I../.././include -I../.././lib -I../.././builtins    -Wdate-time -D_FORTIFY_SOURCE=2 -g -O2 -Werror=implicit-function-declaration -ffile-prefix-map=/sonic/src/bash/bash-5.2.37=. -fstack-protector-strong -fstack-clash-protection -Wformat -Werror=format-security -fcf-protection -Wall builtin.c || ( rm -f builtin.c ; exit 1 )
making lib/sh/libsh.a in ./lib/sh
./mkbuiltins -D ../.././builtins ../.././builtins/caller.def
making lib/readline/libreadline.a in ./lib/readline
./mkbuiltins -D ../.././builtins ../.././builtins/cd.def
rm -f colon.o
rm -f command.o
making lib/tilde/libtilde.a in ./lib/tilde
make[5]: Entering directory '/sonic/src/bash/bash-5.2.37/build-bash/lib/glob'
make[5]: warning: -j192 forced in submake: resetting jobserver mode.
gcc -c   -DHAVE_CONFIG_H -DSHELL  -I. -I..  -I../../. -I../.././include -I../.././lib -I../.././builtins    -Wdate-time -D_FORTIFY_SOURCE=2 -g -O2 -Werror=implicit-function-declaration -ffile-prefix-map=/sonic/src/bash/bash-5.2.37=. -fstack-protector-strong -fstack-clash-protection -Wformat -Werror=format-security -fcf-protection -Wall caller.c || ( rm -f caller.c ; exit 1 )
gcc -c   -DHAVE_CONFIG_H -DSHELL  -I. -I..  -I../../. -I../.././include -I../.././lib -I../.././builtins    -Wdate-time -D_FORTIFY_SOURCE=2 -g -O2 -Werror=implicit-function-declaration -ffile-prefix-map=/sonic/src/bash/bash-5.2.37=. -fstack-protector-strong -fstack-clash-protection -Wformat -Werror=format-security -fcf-protection -Wall cd.c || ( rm -f cd.c ; exit 1 )
make[5]: Entering directory '/sonic/src/bash/bash-5.2.37/build-bash/lib/sh'
make[5]: warning: -j192 forced in submake: resetting jobserver mode.
./mkbuiltins -D ../.././builtins ../.././builtins/colon.def
make[5]: Entering directory '/sonic/src/bash/bash-5.2.37/build-bash/lib/readline'
make[5]: warning: -j192 forced in submake: resetting jobserver mode.
rm -f glob.o
./mkbuiltins -D ../.././builtins ../.././builtins/command.def
rm -f common.o
rm -f strmatch.o
rm -f readline.o
gcc -c   -DHAVE_CONFIG_H -DSHELL  -I. -I..  -I../../. -I../.././include -I../.././lib -I../.././builtins    -Wdate-time -D_FORTIFY_SOURCE=2 -g -O2 -Werror=implicit-function-declaration -ffile-prefix-map=/sonic/src/bash/bash-5.2.37=. -fstack-protector-strong -fstack-clash-protection -Wformat -Werror=format-security -fcf-protection -Wall colon.c || ( rm -f colon.c ; exit 1 )
gcc -c   -I. -I../.. -I../../../. -I../../.././lib -I../../.././include -I../../.././lib/sh  -DHAVE_CONFIG_H -DSHELL   -g -O2 -Werror=implicit-function-declaration -ffile-prefix-map=/sonic/src/bash/bash-5.2.37=. -fstack-protector-strong -fstack-clash-protection -Wformat -Werror=format-security -fcf-protection -Wall -Wdate-time -D_FORTIFY_SOURCE=2  ../../.././lib/sh/clktck.c
gcc -c   -DHAVE_CONFIG_H -DSHELL  -I. -I..  -I../../. -I../.././include -I../.././lib -I../.././builtins    -Wdate-time -D_FORTIFY_SOURCE=2 -g -O2 -Werror=implicit-function-declaration -ffile-prefix-map=/sonic/src/bash/bash-5.2.37=. -fstack-protector-strong -fstack-clash-protection -Wformat -Werror=format-security -fcf-protection -Wall command.c || ( rm -f command.c ; exit 1 )
gcc -c  -DHAVE_CONFIG_H -DSHELL -I. -I../.. -I../../../. -I../../.././include -I../../.././lib -Wdate-time -D_FORTIFY_SOURCE=2   -g -O2 -Werror=implicit-function-declaration -ffile-prefix-map=/sonic/src/bash/bash-5.2.37=. -fstack-protector-strong -fstack-clash-protection -Wformat -Werror=format-security -fcf-protection -Wall  ../../.././lib/glob/glob.c
make[5]: Entering directory '/sonic/src/bash/bash-5.2.37/build-bash/lib/tilde'
make[5]: warning: -j192 forced in submake: resetting jobserver mode.
rm -f vi_mode.o
gcc -c   -DHAVE_CONFIG_H -DSHELL  -I. -I..  -I../../. -I../.././include -I../.././lib -I../.././builtins    -Wdate-time -D_FORTIFY_SOURCE=2 -g -O2 -Werror=implicit-function-declaration -ffile-prefix-map=/sonic/src/bash/bash-5.2.37=. -fstack-protector-strong -fstack-clash-protection -Wformat -Werror=format-security -fcf-protection -Wall ../.././builtins/common.c
rm -f smatch.o
gcc -c   -I. -I../.. -I../../../. -I../../.././lib -I../../.././include -I../../.././lib/sh  -DHAVE_CONFIG_H -DSHELL   -g -O2 -Werror=implicit-function-declaration -ffile-prefix-map=/sonic/src/bash/bash-5.2.37=. -fstack-protector-strong -fstack-clash-protection -Wformat -Werror=format-security -fcf-protection -Wall -Wdate-time -D_FORTIFY_SOURCE=2  ../../.././lib/sh/clock.c
rm -f funmap.o
rm -f declare.o
gcc -c   -DHAVE_CONFIG_H -DSHELL -Wdate-time -D_FORTIFY_SOURCE=2 -I. -I../.. -I../../../. -I../../.././include -I../../.././lib   -g -O2 -Werror=implicit-function-declaration -ffile-prefix-map=/sonic/src/bash/bash-5.2.37=. -fstack-protector-strong -fstack-clash-protection -Wformat -Werror=format-security -fcf-protection -Wall ../../.././lib/tilde/tilde.c
gcc -c  -DHAVE_CONFIG_H -DSHELL -I. -I../.. -I../../../. -I../../.././include -I../../.././lib -Wdate-time -D_FORTIFY_SOURCE=2   -g -O2 -Werror=implicit-function-declaration -ffile-prefix-map=/sonic/src/bash/bash-5.2.37=. -fstack-protector-strong -fstack-clash-protection -Wformat -Werror=format-security -fcf-protection -Wall  ../../.././lib/glob/strmatch.c
rm -f echo.o
gcc -c   -I. -I../.. -I../../../. -I../../.././lib -I../../.././include -I../../.././lib/sh  -DHAVE_CONFIG_H -DSHELL   -g -O2 -Werror=implicit-function-declaration -ffile-prefix-map=/sonic/src/bash/bash-5.2.37=. -fstack-protector-strong -fstack-clash-protection -Wformat -Werror=format-security -fcf-protection -Wall -Wdate-time -D_FORTIFY_SOURCE=2  ../../.././lib/sh/getenv.c
rm -f xmbsrtowcs.o
gcc -c -DHAVE_CONFIG_H -DSHELL  -Wdate-time -D_FORTIFY_SOURCE=2 -I. -I/sonic/src/bash/bash-5.2.37/build-bash -I../../../. -I../../.././lib   -g -O2 -Werror=implicit-function-declaration -ffile-prefix-map=/sonic/src/bash/bash-5.2.37=. -fstack-protector-strong -fstack-clash-protection -Wformat -Werror=format-security -fcf-protection -Wall  ../../.././lib/readline/readline.c
gcc -c   -I. -I../.. -I../../../. -I../../.././lib -I../../.././include -I../../.././lib/sh  -DHAVE_CONFIG_H -DSHELL   -g -O2 -Werror=implicit-function-declaration -ffile-prefix-map=/sonic/src/bash/bash-5.2.37=. -fstack-protector-strong -fstack-clash-protection -Wformat -Werror=format-security -fcf-protection -Wall -Wdate-time -D_FORTIFY_SOURCE=2  ../../.././lib/sh/oslib.c
./mkbuiltins -D ../.././builtins ../.././builtins/declare.def
gcc -c -DHAVE_CONFIG_H -DSHELL  -Wdate-time -D_FORTIFY_SOURCE=2 -I. -I/sonic/src/bash/bash-5.2.37/build-bash -I../../../. -I../../.././lib   -g -O2 -Werror=implicit-function-declaration -ffile-prefix-map=/sonic/src/bash/bash-5.2.37=. -fstack-protector-strong -fstack-clash-protection -Wformat -Werror=format-security -fcf-protection -Wall  ../../.././lib/readline/vi_mode.c
rm -f enable.o
gcc -c   -I. -I../.. -I../../../. -I../../.././lib -I../../.././include -I../../.././lib/sh  -DHAVE_CONFIG_H -DSHELL   -g -O2 -Werror=implicit-function-declaration -ffile-prefix-map=/sonic/src/bash/bash-5.2.37=. -fstack-protector-strong -fstack-clash-protection -Wformat -Werror=format-security -fcf-protection -Wall -Wdate-time -D_FORTIFY_SOURCE=2  ../../.././lib/sh/setlinebuf.c
gcc -c -DHAVE_CONFIG_H -DSHELL  -Wdate-time -D_FORTIFY_SOURCE=2 -I. -I/sonic/src/bash/bash-5.2.37/build-bash -I../../../. -I../../.././lib   -g -O2 -Werror=implicit-function-declaration -ffile-prefix-map=/sonic/src/bash/bash-5.2.37=. -fstack-protector-strong -fstack-clash-protection -Wformat -Werror=format-security -fcf-protection -Wall  ../../.././lib/readline/funmap.c
gcc -c  -DHAVE_CONFIG_H -DSHELL -I. -I../.. -I../../../. -I../../.././include -I../../.././lib -Wdate-time -D_FORTIFY_SOURCE=2   -g -O2 -Werror=implicit-function-declaration -ffile-prefix-map=/sonic/src/bash/bash-5.2.37=. -fstack-protector-strong -fstack-clash-protection -Wformat -Werror=format-security -fcf-protection -Wall  ../../.././lib/glob/smatch.c
./mkbuiltins -D ../.././builtins ../.././builtins/echo.def
rm -f keymaps.o
gcc -c   -I. -I../.. -I../../../. -I../../.././lib -I../../.././include -I../../.././lib/sh  -DHAVE_CONFIG_H -DSHELL   -g -O2 -Werror=implicit-function-declaration -ffile-prefix-map=/sonic/src/bash/bash-5.2.37=. -fstack-protector-strong -fstack-clash-protection -Wformat -Werror=format-security -fcf-protection -Wall -Wdate-time -D_FORTIFY_SOURCE=2  ../../.././lib/sh/strnlen.c
rm -f eval.o
rm -f gmisc.o
rm -f parens.o
gcc -c  -DHAVE_CONFIG_H -DSHELL -I. -I../.. -I../../../. -I../../.././include -I../../.././lib -Wdate-time -D_FORTIFY_SOURCE=2   -g -O2 -Werror=implicit-function-declaration -ffile-prefix-map=/sonic/src/bash/bash-5.2.37=. -fstack-protector-strong -fstack-clash-protection -Wformat -Werror=format-security -fcf-protection -Wall  ../../.././lib/glob/xmbsrtowcs.c
gcc -c   -I. -I../.. -I../../../. -I../../.././lib -I../../.././include -I../../.././lib/sh  -DHAVE_CONFIG_H -DSHELL   -g -O2 -Werror=implicit-function-declaration -ffile-prefix-map=/sonic/src/bash/bash-5.2.37=. -fstack-protector-strong -fstack-clash-protection -Wformat -Werror=format-security -fcf-protection -Wall -Wdate-time -D_FORTIFY_SOURCE=2  ../../.././lib/sh/itos.c
gcc -c   -DHAVE_CONFIG_H -DSHELL  -I. -I..  -I../../. -I../.././include -I../.././lib -I../.././builtins    -Wdate-time -D_FORTIFY_SOURCE=2 -g -O2 -Werror=implicit-function-declaration -ffile-prefix-map=/sonic/src/bash/bash-5.2.37=. -fstack-protector-strong -fstack-clash-protection -Wformat -Werror=format-security -fcf-protection -Wall declare.c || ( rm -f declare.c ; exit 1 )
rm -f search.o
./mkbuiltins -D ../.././builtins ../.././builtins/enable.def
gcc -c  -DHAVE_CONFIG_H -DSHELL -I. -I../.. -I../../../. -I../../.././include -I../../.././lib -Wdate-time -D_FORTIFY_SOURCE=2   -g -O2 -Werror=implicit-function-declaration -ffile-prefix-map=/sonic/src/bash/bash-5.2.37=. -fstack-protector-strong -fstack-clash-protection -Wformat -Werror=format-security -fcf-protection -Wall  ../../.././lib/glob/gmisc.c
gcc -c   -I. -I../.. -I../../../. -I../../.././lib -I../../.././include -I../../.././lib/sh  -DHAVE_CONFIG_H -DSHELL   -g -O2 -Werror=implicit-function-declaration -ffile-prefix-map=/sonic/src/bash/bash-5.2.37=. -fstack-protector-strong -fstack-clash-protection -Wformat -Werror=format-security -fcf-protection -Wall -Wdate-time -D_FORTIFY_SOURCE=2  ../../.././lib/sh/zread.c
gcc -c -DHAVE_CONFIG_H -DSHELL  -Wdate-time -D_FORTIFY_SOURCE=2 -I. -I/sonic/src/bash/bash-5.2.37/build-bash -I../../../. -I../../.././lib   -g -O2 -Werror=implicit-function-declaration -ffile-prefix-map=/sonic/src/bash/bash-5.2.37=. -fstack-protector-strong -fstack-clash-protection -Wformat -Werror=format-security -fcf-protection -Wall  ../../.././lib/readline/keymaps.c
gcc -c   -DHAVE_CONFIG_H -DSHELL  -I. -I..  -I../../. -I../.././include -I../.././lib -I../.././builtins    -Wdate-time -D_FORTIFY_SOURCE=2 -g -O2 -Werror=implicit-function-declaration -ffile-prefix-map=/sonic/src/bash/bash-5.2.37=. -fstack-protector-strong -fstack-clash-protection -Wformat -Werror=format-security -fcf-protection -Wall echo.c || ( rm -f echo.c ; exit 1 )
gcc -c   -I. -I../.. -I../../../. -I../../.././lib -I../../.././include -I../../.././lib/sh  -DHAVE_CONFIG_H -DSHELL   -g -O2 -Werror=implicit-function-declaration -ffile-prefix-map=/sonic/src/bash/bash-5.2.37=. -fstack-protector-strong -fstack-clash-protection -Wformat -Werror=format-security -fcf-protection -Wall -Wdate-time -D_FORTIFY_SOURCE=2  ../../.././lib/sh/zwrite.c
gcc -c -DHAVE_CONFIG_H -DSHELL  -Wdate-time -D_FORTIFY_SOURCE=2 -I. -I/sonic/src/bash/bash-5.2.37/build-bash -I../../../. -I../../.././lib   -g -O2 -Werror=implicit-function-declaration -ffile-prefix-map=/sonic/src/bash/bash-5.2.37=. -fstack-protector-strong -fstack-clash-protection -Wformat -Werror=format-security -fcf-protection -Wall  ../../.././lib/readline/parens.c
./mkbuiltins -D ../.././builtins ../.././builtins/eval.def
gcc -c   -I. -I../.. -I../../../. -I../../.././lib -I../../.././include -I../../.././lib/sh  -DHAVE_CONFIG_H -DSHELL   -g -O2 -Werror=implicit-function-declaration -ffile-prefix-map=/sonic/src/bash/bash-5.2.37=. -fstack-protector-strong -fstack-clash-protection -Wformat -Werror=format-security -fcf-protection -Wall -Wdate-time -D_FORTIFY_SOURCE=2  ../../.././lib/sh/shtty.c
gcc -c -DHAVE_CONFIG_H -DSHELL  -Wdate-time -D_FORTIFY_SOURCE=2 -I. -I/sonic/src/bash/bash-5.2.37/build-bash -I../../../. -I../../.././lib   -g -O2 -Werror=implicit-function-declaration -ffile-prefix-map=/sonic/src/bash/bash-5.2.37=. -fstack-protector-strong -fstack-clash-protection -Wformat -Werror=format-security -fcf-protection -Wall  ../../.././lib/readline/search.c
gcc -c   -DHAVE_CONFIG_H -DSHELL  -I. -I..  -I../../. -I../.././include -I../.././lib -I../.././builtins    -Wdate-time -D_FORTIFY_SOURCE=2 -g -O2 -Werror=implicit-function-declaration -ffile-prefix-map=/sonic/src/bash/bash-5.2.37=. -fstack-protector-strong -fstack-clash-protection -Wformat -Werror=format-security -fcf-protection -Wall enable.c || ( rm -f enable.c ; exit 1 )
rm -f rltty.o
gcc -c   -I. -I../.. -I../../../. -I../../.././lib -I../../.././include -I../../.././lib/sh  -DHAVE_CONFIG_H -DSHELL   -g -O2 -Werror=implicit-function-declaration -ffile-prefix-map=/sonic/src/bash/bash-5.2.37=. -fstack-protector-strong -fstack-clash-protection -Wformat -Werror=format-security -fcf-protection -Wall -Wdate-time -D_FORTIFY_SOURCE=2  ../../.././lib/sh/shmatch.c
rm -f evalfile.o
gcc -c   -I. -I../.. -I../../../. -I../../.././lib -I../../.././include -I../../.././lib/sh  -DHAVE_CONFIG_H -DSHELL   -g -O2 -Werror=implicit-function-declaration -ffile-prefix-map=/sonic/src/bash/bash-5.2.37=. -fstack-protector-strong -fstack-clash-protection -Wformat -Werror=format-security -fcf-protection -Wall -Wdate-time -D_FORTIFY_SOURCE=2  ../../.././lib/sh/eaccess.c
rm -f complete.o
gcc -c   -DHAVE_CONFIG_H -DSHELL  -I. -I..  -I../../. -I../.././include -I../.././lib -I../.././builtins    -Wdate-time -D_FORTIFY_SOURCE=2 -g -O2 -Werror=implicit-function-declaration -ffile-prefix-map=/sonic/src/bash/bash-5.2.37=. -fstack-protector-strong -fstack-clash-protection -Wformat -Werror=format-security -fcf-protection -Wall eval.c || ( rm -f eval.c ; exit 1 )
rm -f bind.o
gcc -c   -I. -I../.. -I../../../. -I../../.././lib -I../../.././include -I../../.././lib/sh  -DHAVE_CONFIG_H -DSHELL   -g -O2 -Werror=implicit-function-declaration -ffile-prefix-map=/sonic/src/bash/bash-5.2.37=. -fstack-protector-strong -fstack-clash-protection -Wformat -Werror=format-security -fcf-protection -Wall -Wdate-time -D_FORTIFY_SOURCE=2  ../../.././lib/sh/netconn.c
rm -f evalstring.o
gcc -c   -I. -I../.. -I../../../. -I../../.././lib -I../../.././include -I../../.././lib/sh  -DHAVE_CONFIG_H -DSHELL   -g -O2 -Werror=implicit-function-declaration -ffile-prefix-map=/sonic/src/bash/bash-5.2.37=. -fstack-protector-strong -fstack-clash-protection -Wformat -Werror=format-security -fcf-protection -Wall -Wdate-time -D_FORTIFY_SOURCE=2  ../../.././lib/sh/netopen.c
gcc -c -DHAVE_CONFIG_H -DSHELL  -Wdate-time -D_FORTIFY_SOURCE=2 -I. -I/sonic/src/bash/bash-5.2.37/build-bash -I../../../. -I../../.././lib   -g -O2 -Werror=implicit-function-declaration -ffile-prefix-map=/sonic/src/bash/bash-5.2.37=. -fstack-protector-strong -fstack-clash-protection -Wformat -Werror=format-security -fcf-protection -Wall  ../../.././lib/readline/rltty.c
gcc -c   -DHAVE_CONFIG_H -DSHELL  -I. -I..  -I../../. -I../.././include -I../.././lib -I../.././builtins    -Wdate-time -D_FORTIFY_SOURCE=2 -g -O2 -Werror=implicit-function-declaration -ffile-prefix-map=/sonic/src/bash/bash-5.2.37=. -fstack-protector-strong -fstack-clash-protection -Wformat -Werror=format-security -fcf-protection -Wall ../.././builtins/evalfile.c
gcc -c -DHAVE_CONFIG_H -DSHELL  -Wdate-time -D_FORTIFY_SOURCE=2 -I. -I/sonic/src/bash/bash-5.2.37/build-bash -I../../../. -I../../.././lib   -g -O2 -Werror=implicit-function-declaration -ffile-prefix-map=/sonic/src/bash/bash-5.2.37=. -fstack-protector-strong -fstack-clash-protection -Wformat -Werror=format-security -fcf-protection -Wall  ../../.././lib/readline/complete.c
gcc -c   -I. -I../.. -I../../../. -I../../.././lib -I../../.././include -I../../.././lib/sh  -DHAVE_CONFIG_H -DSHELL   -g -O2 -Werror=implicit-function-declaration -ffile-prefix-map=/sonic/src/bash/bash-5.2.37=. -fstack-protector-strong -fstack-clash-protection -Wformat -Werror=format-security -fcf-protection -Wall -Wdate-time -D_FORTIFY_SOURCE=2  ../../.././lib/sh/timeval.c
gcc -c   -DHAVE_CONFIG_H -DSHELL  -I. -I..  -I../../. -I../.././include -I../.././lib -I../.././builtins    -Wdate-time -D_FORTIFY_SOURCE=2 -g -O2 -Werror=implicit-function-declaration -ffile-prefix-map=/sonic/src/bash/bash-5.2.37=. -fstack-protector-strong -fstack-clash-protection -Wformat -Werror=format-security -fcf-protection -Wall ../.././builtins/evalstring.c
gcc -c -DHAVE_CONFIG_H -DSHELL  -Wdate-time -D_FORTIFY_SOURCE=2 -I. -I/sonic/src/bash/bash-5.2.37/build-bash -I../../../. -I../../.././lib   -g -O2 -Werror=implicit-function-declaration -ffile-prefix-map=/sonic/src/bash/bash-5.2.37=. -fstack-protector-strong -fstack-clash-protection -Wformat -Werror=format-security -fcf-protection -Wall  ../../.././lib/readline/bind.c
gcc -c   -I. -I../.. -I../../../. -I../../.././lib -I../../.././include -I../../.././lib/sh  -DHAVE_CONFIG_H -DSHELL   -g -O2 -Werror=implicit-function-declaration -ffile-prefix-map=/sonic/src/bash/bash-5.2.37=. -fstack-protector-strong -fstack-clash-protection -Wformat -Werror=format-security -fcf-protection -Wall -Wdate-time -D_FORTIFY_SOURCE=2  ../../.././lib/sh/makepath.c
rm -f exec.o
rm -f isearch.o
gcc -c   -I. -I../.. -I../../../. -I../../.././lib -I../../.././include -I../../.././lib/sh  -DHAVE_CONFIG_H -DSHELL   -g -O2 -Werror=implicit-function-declaration -ffile-prefix-map=/sonic/src/bash/bash-5.2.37=. -fstack-protector-strong -fstack-clash-protection -Wformat -Werror=format-security -fcf-protection -Wall -Wdate-time -D_FORTIFY_SOURCE=2  ../../.././lib/sh/pathcanon.c
rm -f exit.o
rm -f display.o
gcc -c   -I. -I../.. -I../../../. -I../../.././lib -I../../.././include -I../../.././lib/sh  -DHAVE_CONFIG_H -DSHELL   -g -O2 -Werror=implicit-function-declaration -ffile-prefix-map=/sonic/src/bash/bash-5.2.37=. -fstack-protector-strong -fstack-clash-protection -Wformat -Werror=format-security -fcf-protection -Wall -Wdate-time -D_FORTIFY_SOURCE=2  ../../.././lib/sh/pathphys.c
rm -f fc.o
gcc -c -DHAVE_CONFIG_H -DSHELL  -Wdate-time -D_FORTIFY_SOURCE=2 -I. -I/sonic/src/bash/bash-5.2.37/build-bash -I../../../. -I../../.././lib   -g -O2 -Werror=implicit-function-declaration -ffile-prefix-map=/sonic/src/bash/bash-5.2.37=. -fstack-protector-strong -fstack-clash-protection -Wformat -Werror=format-security -fcf-protection -Wall  ../../.././lib/readline/isearch.c
./mkbuiltins -D ../.././builtins ../.././builtins/exec.def
gcc -c   -I. -I../.. -I../../../. -I../../.././lib -I../../.././include -I../../.././lib/sh  -DHAVE_CONFIG_H -DSHELL   -g -O2 -Werror=implicit-function-declaration -ffile-prefix-map=/sonic/src/bash/bash-5.2.37=. -fstack-protector-strong -fstack-clash-protection -Wformat -Werror=format-security -fcf-protection -Wall -Wdate-time -D_FORTIFY_SOURCE=2  ../../.././lib/sh/tmpfile.c
rm -f signals.o
./mkbuiltins -D ../.././builtins ../.././builtins/exit.def
rm -f fg_bg.o
gcc -c   -I. -I../.. -I../../../. -I../../.././lib -I../../.././include -I../../.././lib/sh  -DHAVE_CONFIG_H -DSHELL   -g -O2 -Werror=implicit-function-declaration -ffile-prefix-map=/sonic/src/bash/bash-5.2.37=. -fstack-protector-strong -fstack-clash-protection -Wformat -Werror=format-security -fcf-protection -Wall -Wdate-time -D_FORTIFY_SOURCE=2  ../../.././lib/sh/stringlist.c
gcc -c -DHAVE_CONFIG_H -DSHELL  -Wdate-time -D_FORTIFY_SOURCE=2 -I. -I/sonic/src/bash/bash-5.2.37/build-bash -I../../../. -I../../.././lib   -g -O2 -Werror=implicit-function-declaration -ffile-prefix-map=/sonic/src/bash/bash-5.2.37=. -fstack-protector-strong -fstack-clash-protection -Wformat -Werror=format-security -fcf-protection -Wall  ../../.././lib/readline/display.c
rm -f util.o
gcc -c   -I. -I../.. -I../../../. -I../../.././lib -I../../.././include -I../../.././lib/sh  -DHAVE_CONFIG_H -DSHELL   -g -O2 -Werror=implicit-function-declaration -ffile-prefix-map=/sonic/src/bash/bash-5.2.37=. -fstack-protector-strong -fstack-clash-protection -Wformat -Werror=format-security -fcf-protection -Wall -Wdate-time -D_FORTIFY_SOURCE=2  ../../.././lib/sh/stringvec.c
./mkbuiltins -D ../.././builtins ../.././builtins/fc.def
gcc -c -DHAVE_CONFIG_H -DSHELL  -Wdate-time -D_FORTIFY_SOURCE=2 -I. -I/sonic/src/bash/bash-5.2.37/build-bash -I../../../. -I../../.././lib   -g -O2 -Werror=implicit-function-declaration -ffile-prefix-map=/sonic/src/bash/bash-5.2.37=. -fstack-protector-strong -fstack-clash-protection -Wformat -Werror=format-security -fcf-protection -Wall  ../../.././lib/readline/signals.c
gcc -c   -I. -I../.. -I../../../. -I../../.././lib -I../../.././include -I../../.././lib/sh  -DHAVE_CONFIG_H -DSHELL   -g -O2 -Werror=implicit-function-declaration -ffile-prefix-map=/sonic/src/bash/bash-5.2.37=. -fstack-protector-strong -fstack-clash-protection -Wformat -Werror=format-security -fcf-protection -Wall -Wdate-time -D_FORTIFY_SOURCE=2  ../../.././lib/sh/spell.c
gcc -c   -DHAVE_CONFIG_H -DSHELL  -I. -I..  -I../../. -I../.././include -I../.././lib -I../.././builtins    -Wdate-time -D_FORTIFY_SOURCE=2 -g -O2 -Werror=implicit-function-declaration -ffile-prefix-map=/sonic/src/bash/bash-5.2.37=. -fstack-protector-strong -fstack-clash-protection -Wformat -Werror=format-security -fcf-protection -Wall exec.c || ( rm -f exec.c ; exit 1 )
rm -f kill.o
gcc -c   -DHAVE_CONFIG_H -DSHELL  -I. -I..  -I../../. -I../.././include -I../.././lib -I../.././builtins    -Wdate-time -D_FORTIFY_SOURCE=2 -g -O2 -Werror=implicit-function-declaration -ffile-prefix-map=/sonic/src/bash/bash-5.2.37=. -fstack-protector-strong -fstack-clash-protection -Wformat -Werror=format-security -fcf-protection -Wall exit.c || ( rm -f exit.c ; exit 1 )
gcc -c   -I. -I../.. -I../../../. -I../../.././lib -I../../.././include -I../../.././lib/sh  -DHAVE_CONFIG_H -DSHELL   -g -O2 -Werror=implicit-function-declaration -ffile-prefix-map=/sonic/src/bash/bash-5.2.37=. -fstack-protector-strong -fstack-clash-protection -Wformat -Werror=format-security -fcf-protection -Wall -Wdate-time -D_FORTIFY_SOURCE=2  ../../.././lib/sh/shquote.c
gcc -c -DHAVE_CONFIG_H -DSHELL  -Wdate-time -D_FORTIFY_SOURCE=2 -I. -I/sonic/src/bash/bash-5.2.37/build-bash -I../../../. -I../../.././lib   -g -O2 -Werror=implicit-function-declaration -ffile-prefix-map=/sonic/src/bash/bash-5.2.37=. -fstack-protector-strong -fstack-clash-protection -Wformat -Werror=format-security -fcf-protection -Wall  ../../.././lib/readline/util.c
./mkbuiltins -D ../.././builtins ../.././builtins/fg_bg.def
rm -f undo.o
gcc -c   -I. -I../.. -I../../../. -I../../.././lib -I../../.././include -I../../.././lib/sh  -DHAVE_CONFIG_H -DSHELL   -g -O2 -Werror=implicit-function-declaration -ffile-prefix-map=/sonic/src/bash/bash-5.2.37=. -fstack-protector-strong -fstack-clash-protection -Wformat -Werror=format-security -fcf-protection -Wall -Wdate-time -D_FORTIFY_SOURCE=2  ../../.././lib/sh/strtrans.c
gcc -c   -DHAVE_CONFIG_H -DSHELL  -I. -I..  -I../../. -I../.././include -I../.././lib -I../.././builtins    -Wdate-time -D_FORTIFY_SOURCE=2 -g -O2 -Werror=implicit-function-declaration -ffile-prefix-map=/sonic/src/bash/bash-5.2.37=. -fstack-protector-strong -fstack-clash-protection -Wformat -Werror=format-security -fcf-protection -Wall fc.c || ( rm -f fc.c ; exit 1 )
gcc -c -DHAVE_CONFIG_H -DSHELL  -Wdate-time -D_FORTIFY_SOURCE=2 -I. -I/sonic/src/bash/bash-5.2.37/build-bash -I../../../. -I../../.././lib   -g -O2 -Werror=implicit-function-declaration -ffile-prefix-map=/sonic/src/bash/bash-5.2.37=. -fstack-protector-strong -fstack-clash-protection -Wformat -Werror=format-security -fcf-protection -Wall  ../../.././lib/readline/kill.c
rm -f hash.o
gcc -c   -I. -I../.. -I../../../. -I../../.././lib -I../../.././include -I../../.././lib/sh  -DHAVE_CONFIG_H -DSHELL   -g -O2 -Werror=implicit-function-declaration -ffile-prefix-map=/sonic/src/bash/bash-5.2.37=. -fstack-protector-strong -fstack-clash-protection -Wformat -Werror=format-security -fcf-protection -Wall -Wdate-time -D_FORTIFY_SOURCE=2  ../../.././lib/sh/snprintf.c
rm -f macro.o
gcc -c   -DHAVE_CONFIG_H -DSHELL  -I. -I..  -I../../. -I../.././include -I../.././lib -I../.././builtins    -Wdate-time -D_FORTIFY_SOURCE=2 -g -O2 -Werror=implicit-function-declaration -ffile-prefix-map=/sonic/src/bash/bash-5.2.37=. -fstack-protector-strong -fstack-clash-protection -Wformat -Werror=format-security -fcf-protection -Wall fg_bg.c || ( rm -f fg_bg.c ; exit 1 )
gcc -c   -I. -I../.. -I../../../. -I../../.././lib -I../../.././include -I../../.././lib/sh  -DHAVE_CONFIG_H -DSHELL   -g -O2 -Werror=implicit-function-declaration -ffile-prefix-map=/sonic/src/bash/bash-5.2.37=. -fstack-protector-strong -fstack-clash-protection -Wformat -Werror=format-security -fcf-protection -Wall -Wdate-time -D_FORTIFY_SOURCE=2  ../../.././lib/sh/mailstat.c
gcc -c -DHAVE_CONFIG_H -DSHELL  -Wdate-time -D_FORTIFY_SOURCE=2 -I. -I/sonic/src/bash/bash-5.2.37/build-bash -I../../../. -I../../.././lib   -g -O2 -Werror=implicit-function-declaration -ffile-prefix-map=/sonic/src/bash/bash-5.2.37=. -fstack-protector-strong -fstack-clash-protection -Wformat -Werror=format-security -fcf-protection -Wall  ../../.././lib/readline/undo.c
rm -f help.o
gcc -c   -I. -I../.. -I../../../. -I../../.././lib -I../../.././include -I../../.././lib/sh  -DHAVE_CONFIG_H -DSHELL   -g -O2 -Werror=implicit-function-declaration -ffile-prefix-map=/sonic/src/bash/bash-5.2.37=. -fstack-protector-strong -fstack-clash-protection -Wformat -Werror=format-security -fcf-protection -Wall -Wdate-time -D_FORTIFY_SOURCE=2  ../../.././lib/sh/fmtulong.c
rm -f input.o
gcc -c   -I. -I../.. -I../../../. -I../../.././lib -I../../.././include -I../../.././lib/sh  -DHAVE_CONFIG_H -DSHELL   -g -O2 -Werror=implicit-function-declaration -ffile-prefix-map=/sonic/src/bash/bash-5.2.37=. -fstack-protector-strong -fstack-clash-protection -Wformat -Werror=format-security -fcf-protection -Wall -Wdate-time -D_FORTIFY_SOURCE=2  ../../.././lib/sh/fmtullong.c
./mkbuiltins -D ../.././builtins ../.././builtins/hash.def
gcc -c -DHAVE_CONFIG_H -DSHELL  -Wdate-time -D_FORTIFY_SOURCE=2 -I. -I/sonic/src/bash/bash-5.2.37/build-bash -I../../../. -I../../.././lib   -g -O2 -Werror=implicit-function-declaration -ffile-prefix-map=/sonic/src/bash/bash-5.2.37=. -fstack-protector-strong -fstack-clash-protection -Wformat -Werror=format-security -fcf-protection -Wall  ../../.././lib/readline/macro.c
rm -f callback.o
gcc -c   -I. -I../.. -I../../../. -I../../.././lib -I../../.././include -I../../.././lib/sh  -DHAVE_CONFIG_H -DSHELL   -g -O2 -Werror=implicit-function-declaration -ffile-prefix-map=/sonic/src/bash/bash-5.2.37=. -fstack-protector-strong -fstack-clash-protection -Wformat -Werror=format-security -fcf-protection -Wall -Wdate-time -D_FORTIFY_SOURCE=2  ../../.././lib/sh/fmtumax.c
./mkbuiltins -D ../.././builtins ../.././builtins/help.def
rm -f history.o
gcc -c -DHAVE_CONFIG_H -DSHELL  -Wdate-time -D_FORTIFY_SOURCE=2 -I. -I/sonic/src/bash/bash-5.2.37/build-bash -I../../../. -I../../.././lib   -g -O2 -Werror=implicit-function-declaration -ffile-prefix-map=/sonic/src/bash/bash-5.2.37=. -fstack-protector-strong -fstack-clash-protection -Wformat -Werror=format-security -fcf-protection -Wall  ../../.././lib/readline/input.c
gcc -c   -I. -I../.. -I../../../. -I../../.././lib -I../../.././include -I../../.././lib/sh  -DHAVE_CONFIG_H -DSHELL   -g -O2 -Werror=implicit-function-declaration -ffile-prefix-map=/sonic/src/bash/bash-5.2.37=. -fstack-protector-strong -fstack-clash-protection -Wformat -Werror=format-security -fcf-protection -Wall -Wdate-time -D_FORTIFY_SOURCE=2  ../../.././lib/sh/zcatfd.c
rm -f terminal.o
gcc -c   -DHAVE_CONFIG_H -DSHELL  -I. -I..  -I../../. -I../.././include -I../.././lib -I../.././builtins    -Wdate-time -D_FORTIFY_SOURCE=2 -g -O2 -Werror=implicit-function-declaration -ffile-prefix-map=/sonic/src/bash/bash-5.2.37=. -fstack-protector-strong -fstack-clash-protection -Wformat -Werror=format-security -fcf-protection -Wall hash.c || ( rm -f hash.c ; exit 1 )
gcc -c   -I. -I../.. -I../../../. -I../../.././lib -I../../.././include -I../../.././lib/sh  -DHAVE_CONFIG_H -DSHELL   -g -O2 -Werror=implicit-function-declaration -ffile-prefix-map=/sonic/src/bash/bash-5.2.37=. -fstack-protector-strong -fstack-clash-protection -Wformat -Werror=format-security -fcf-protection -Wall -Wdate-time -D_FORTIFY_SOURCE=2  ../../.././lib/sh/zmapfd.c
gcc -c -DHAVE_CONFIG_H -DSHELL  -Wdate-time -D_FORTIFY_SOURCE=2 -I. -I/sonic/src/bash/bash-5.2.37/build-bash -I../../../. -I../../.././lib   -g -O2 -Werror=implicit-function-declaration -ffile-prefix-map=/sonic/src/bash/bash-5.2.37=. -fstack-protector-strong -fstack-clash-protection -Wformat -Werror=format-security -fcf-protection -Wall  ../../.././lib/readline/callback.c
gcc -c   -DHAVE_CONFIG_H -DSHELL  -I. -I..  -I../../. -I../.././include -I../.././lib -I../.././builtins    -Wdate-time -D_FORTIFY_SOURCE=2 -g -O2 -Werror=implicit-function-declaration -ffile-prefix-map=/sonic/src/bash/bash-5.2.37=. -fstack-protector-strong -fstack-clash-protection -Wformat -Werror=format-security -fcf-protection -Wall help.c || ( rm -f help.c ; exit 1 )
rm -f text.o
gcc -c   -I. -I../.. -I../../../. -I../../.././lib -I../../.././include -I../../.././lib/sh  -DHAVE_CONFIG_H -DSHELL   -g -O2 -Werror=implicit-function-declaration -ffile-prefix-map=/sonic/src/bash/bash-5.2.37=. -fstack-protector-strong -fstack-clash-protection -Wformat -Werror=format-security -fcf-protection -Wall -Wdate-time -D_FORTIFY_SOURCE=2  ../../.././lib/sh/winsize.c
./mkbuiltins -D ../.././builtins ../.././builtins/history.def
gcc -c -DHAVE_CONFIG_H -DSHELL  -Wdate-time -D_FORTIFY_SOURCE=2 -I. -I/sonic/src/bash/bash-5.2.37/build-bash -I../../../. -I../../.././lib   -g -O2 -Werror=implicit-function-declaration -ffile-prefix-map=/sonic/src/bash/bash-5.2.37=. -fstack-protector-strong -fstack-clash-protection -Wformat -Werror=format-security -fcf-protection -Wall  ../../.././lib/readline/terminal.c
rm -f jobs.o
gcc -c   -I. -I../.. -I../../../. -I../../.././lib -I../../.././include -I../../.././lib/sh  -DHAVE_CONFIG_H -DSHELL   -g -O2 -Werror=implicit-function-declaration -ffile-prefix-map=/sonic/src/bash/bash-5.2.37=. -fstack-protector-strong -fstack-clash-protection -Wformat -Werror=format-security -fcf-protection -Wall -Wdate-time -D_FORTIFY_SOURCE=2  ../../.././lib/sh/wcsdup.c
rm -f nls.o
gcc -c   -I. -I../.. -I../../../. -I../../.././lib -I../../.././include -I../../.././lib/sh  -DHAVE_CONFIG_H -DSHELL   -g -O2 -Werror=implicit-function-declaration -ffile-prefix-map=/sonic/src/bash/bash-5.2.37=. -fstack-protector-strong -fstack-clash-protection -Wformat -Werror=format-security -fcf-protection -Wall -Wdate-time -D_FORTIFY_SOURCE=2  ../../.././lib/sh/fpurge.c
rm -f kill.o
gcc -c -DHAVE_CONFIG_H -DSHELL  -Wdate-time -D_FORTIFY_SOURCE=2 -I. -I/sonic/src/bash/bash-5.2.37/build-bash -I../../../. -I../../.././lib   -g -O2 -Werror=implicit-function-declaration -ffile-prefix-map=/sonic/src/bash/bash-5.2.37=. -fstack-protector-strong -fstack-clash-protection -Wformat -Werror=format-security -fcf-protection -Wall  ../../.././lib/readline/text.c
gcc -c   -I. -I../.. -I../../../. -I../../.././lib -I../../.././include -I../../.././lib/sh  -DHAVE_CONFIG_H -DSHELL   -g -O2 -Werror=implicit-function-declaration -ffile-prefix-map=/sonic/src/bash/bash-5.2.37=. -fstack-protector-strong -fstack-clash-protection -Wformat -Werror=format-security -fcf-protection -Wall -Wdate-time -D_FORTIFY_SOURCE=2  ../../.././lib/sh/zgetline.c
gcc -c -DHAVE_CONFIG_H -DSHELL  -Wdate-time -D_FORTIFY_SOURCE=2 -I. -I/sonic/src/bash/bash-5.2.37/build-bash -I../../../. -I../../.././lib   -g -O2 -Werror=implicit-function-declaration -ffile-prefix-map=/sonic/src/bash/bash-5.2.37=. -fstack-protector-strong -fstack-clash-protection -Wformat -Werror=format-security -fcf-protection -Wall  ../../.././lib/readline/nls.c
gcc -c   -DHAVE_CONFIG_H -DSHELL  -I. -I..  -I../../. -I../.././include -I../.././lib -I../.././builtins    -Wdate-time -D_FORTIFY_SOURCE=2 -g -O2 -Werror=implicit-function-declaration -ffile-prefix-map=/sonic/src/bash/bash-5.2.37=. -fstack-protector-strong -fstack-clash-protection -Wformat -Werror=format-security -fcf-protection -Wall history.c || ( rm -f history.c ; exit 1 )
gcc -c   -I. -I../.. -I../../../. -I../../.././lib -I../../.././include -I../../.././lib/sh  -DHAVE_CONFIG_H -DSHELL   -g -O2 -Werror=implicit-function-declaration -ffile-prefix-map=/sonic/src/bash/bash-5.2.37=. -fstack-protector-strong -fstack-clash-protection -Wformat -Werror=format-security -fcf-protection -Wall -Wdate-time -D_FORTIFY_SOURCE=2  ../../.././lib/sh/mbscmp.c
./mkbuiltins -D ../.././builtins ../.././builtins/jobs.def
rm -f misc.o
./mkbuiltins -D ../.././builtins ../.././builtins/kill.def
gcc -c   -I. -I../.. -I../../../. -I../../.././lib -I../../.././include -I../../.././lib/sh  -DHAVE_CONFIG_H -DSHELL   -g -O2 -Werror=implicit-function-declaration -ffile-prefix-map=/sonic/src/bash/bash-5.2.37=. -fstack-protector-strong -fstack-clash-protection -Wformat -Werror=format-security -fcf-protection -Wall -Wdate-time -D_FORTIFY_SOURCE=2  ../../.././lib/sh/uconvert.c
rm -f let.o
rm -f history.o
gcc -c   -I. -I../.. -I../../../. -I../../.././lib -I../../.././include -I../../.././lib/sh  -DHAVE_CONFIG_H -DSHELL   -g -O2 -Werror=implicit-function-declaration -ffile-prefix-map=/sonic/src/bash/bash-5.2.37=. -fstack-protector-strong -fstack-clash-protection -Wformat -Werror=format-security -fcf-protection -Wall -Wdate-time -D_FORTIFY_SOURCE=2  ../../.././lib/sh/ufuncs.c
gcc -c   -DHAVE_CONFIG_H -DSHELL  -I. -I..  -I../../. -I../.././include -I../.././lib -I../.././builtins    -Wdate-time -D_FORTIFY_SOURCE=2 -g -O2 -Werror=implicit-function-declaration -ffile-prefix-map=/sonic/src/bash/bash-5.2.37=. -fstack-protector-strong -fstack-clash-protection -Wformat -Werror=format-security -fcf-protection -Wall jobs.c || ( rm -f jobs.c ; exit 1 )
gcc -c -DHAVE_CONFIG_H -DSHELL  -Wdate-time -D_FORTIFY_SOURCE=2 -I. -I/sonic/src/bash/bash-5.2.37/build-bash -I../../../. -I../../.././lib   -g -O2 -Werror=implicit-function-declaration -ffile-prefix-map=/sonic/src/bash/bash-5.2.37=. -fstack-protector-strong -fstack-clash-protection -Wformat -Werror=format-security -fcf-protection -Wall  ../../.././lib/readline/misc.c
gcc -c   -DHAVE_CONFIG_H -DSHELL  -I. -I..  -I../../. -I../.././include -I../.././lib -I../.././builtins    -Wdate-time -D_FORTIFY_SOURCE=2 -g -O2 -Werror=implicit-function-declaration -ffile-prefix-map=/sonic/src/bash/bash-5.2.37=. -fstack-protector-strong -fstack-clash-protection -Wformat -Werror=format-security -fcf-protection -Wall kill.c || ( rm -f kill.c ; exit 1 )
gcc -c   -I. -I../.. -I../../../. -I../../.././lib -I../../.././include -I../../.././lib/sh  -DHAVE_CONFIG_H -DSHELL   -g -O2 -Werror=implicit-function-declaration -ffile-prefix-map=/sonic/src/bash/bash-5.2.37=. -fstack-protector-strong -fstack-clash-protection -Wformat -Werror=format-security -fcf-protection -Wall -Wdate-time -D_FORTIFY_SOURCE=2  ../../.././lib/sh/casemod.c
rm -f histexpand.o
./mkbuiltins -D ../.././builtins ../.././builtins/let.def
rm -f mapfile.o
gcc -c   -I. -I../.. -I../../../. -I../../.././lib -I../../.././include -I../../.././lib/sh  -DHAVE_CONFIG_H -DSHELL   -g -O2 -Werror=implicit-function-declaration -ffile-prefix-map=/sonic/src/bash/bash-5.2.37=. -fstack-protector-strong -fstack-clash-protection -Wformat -Werror=format-security -fcf-protection -Wall -Wdate-time -D_FORTIFY_SOURCE=2  ../../.././lib/sh/input_avail.c
gcc -c -DHAVE_CONFIG_H -DSHELL  -Wdate-time -D_FORTIFY_SOURCE=2 -I. -I/sonic/src/bash/bash-5.2.37/build-bash -I../../../. -I../../.././lib   -g -O2 -Werror=implicit-function-declaration -ffile-prefix-map=/sonic/src/bash/bash-5.2.37=. -fstack-protector-strong -fstack-clash-protection -Wformat -Werror=format-security -fcf-protection -Wall  ../../.././lib/readline/history.c
gcc -c   -I. -I../.. -I../../../. -I../../.././lib -I../../.././include -I../../.././lib/sh  -DHAVE_CONFIG_H -DSHELL   -g -O2 -Werror=implicit-function-declaration -ffile-prefix-map=/sonic/src/bash/bash-5.2.37=. -fstack-protector-strong -fstack-clash-protection -Wformat -Werror=format-security -fcf-protection -Wall -Wdate-time -D_FORTIFY_SOURCE=2  ../../.././lib/sh/mbscasecmp.c
rm -f pushd.o
rm -f histfile.o
gcc -c   -I. -I../.. -I../../../. -I../../.././lib -I../../.././include -I../../.././lib/sh  -DHAVE_CONFIG_H -DSHELL   -g -O2 -Werror=implicit-function-declaration -ffile-prefix-map=/sonic/src/bash/bash-5.2.37=. -fstack-protector-strong -fstack-clash-protection -Wformat -Werror=format-security -fcf-protection -Wall -Wdate-time -D_FORTIFY_SOURCE=2  ../../.././lib/sh/fnxform.c
gcc -c -DHAVE_CONFIG_H -DSHELL  -Wdate-time -D_FORTIFY_SOURCE=2 -I. -I/sonic/src/bash/bash-5.2.37/build-bash -I../../../. -I../../.././lib   -g -O2 -Werror=implicit-function-declaration -ffile-prefix-map=/sonic/src/bash/bash-5.2.37=. -fstack-protector-strong -fstack-clash-protection -Wformat -Werror=format-security -fcf-protection -Wall  ../../.././lib/readline/histexpand.c
gcc -c   -DHAVE_CONFIG_H -DSHELL  -I. -I..  -I../../. -I../.././include -I../.././lib -I../.././builtins    -Wdate-time -D_FORTIFY_SOURCE=2 -g -O2 -Werror=implicit-function-declaration -ffile-prefix-map=/sonic/src/bash/bash-5.2.37=. -fstack-protector-strong -fstack-clash-protection -Wformat -Werror=format-security -fcf-protection -Wall let.c || ( rm -f let.c ; exit 1 )
./mkbuiltins -D ../.././builtins ../.././builtins/mapfile.def
rm -f histsearch.o
gcc -c   -I. -I../.. -I../../../. -I../../.././lib -I../../.././include -I../../.././lib/sh  -DHAVE_CONFIG_H -DSHELL   -g -O2 -Werror=implicit-function-declaration -ffile-prefix-map=/sonic/src/bash/bash-5.2.37=. -fstack-protector-strong -fstack-clash-protection -Wformat -Werror=format-security -fcf-protection -Wall -Wdate-time -D_FORTIFY_SOURCE=2  ../../.././lib/sh/unicode.c
./mkbuiltins -D ../.././builtins ../.././builtins/pushd.def
rm -f read.o
gcc -c -DHAVE_CONFIG_H -DSHELL  -Wdate-time -D_FORTIFY_SOURCE=2 -I. -I/sonic/src/bash/bash-5.2.37/build-bash -I../../../. -I../../.././lib   -g -O2 -Werror=implicit-function-declaration -ffile-prefix-map=/sonic/src/bash/bash-5.2.37=. -fstack-protector-strong -fstack-clash-protection -Wformat -Werror=format-security -fcf-protection -Wall  ../../.././lib/readline/histfile.c
rm -f shell.o
gcc -c   -DHAVE_CONFIG_H -DSHELL  -I. -I..  -I../../. -I../.././include -I../.././lib -I../.././builtins    -Wdate-time -D_FORTIFY_SOURCE=2 -g -O2 -Werror=implicit-function-declaration -ffile-prefix-map=/sonic/src/bash/bash-5.2.37=. -fstack-protector-strong -fstack-clash-protection -Wformat -Werror=format-security -fcf-protection -Wall mapfile.c || ( rm -f mapfile.c ; exit 1 )
gcc -c   -DHAVE_CONFIG_H -DSHELL  -I. -I..  -I../../. -I../.././include -I../.././lib -I../.././builtins    -Wdate-time -D_FORTIFY_SOURCE=2 -g -O2 -Werror=implicit-function-declaration -ffile-prefix-map=/sonic/src/bash/bash-5.2.37=. -fstack-protector-strong -fstack-clash-protection -Wformat -Werror=format-security -fcf-protection -Wall pushd.c || ( rm -f pushd.c ; exit 1 )
gcc -c   -I. -I../.. -I../../../. -I../../.././lib -I../../.././include -I../../.././lib/sh  -DHAVE_CONFIG_H -DSHELL   -g -O2 -Werror=implicit-function-declaration -ffile-prefix-map=/sonic/src/bash/bash-5.2.37=. -fstack-protector-strong -fstack-clash-protection -Wformat -Werror=format-security -fcf-protection -Wall -Wdate-time -D_FORTIFY_SOURCE=2  ../../.././lib/sh/shmbchar.c
gcc -c -DHAVE_CONFIG_H -DSHELL  -Wdate-time -D_FORTIFY_SOURCE=2 -I. -I/sonic/src/bash/bash-5.2.37/build-bash -I../../../. -I../../.././lib   -g -O2 -Werror=implicit-function-declaration -ffile-prefix-map=/sonic/src/bash/bash-5.2.37=. -fstack-protector-strong -fstack-clash-protection -Wformat -Werror=format-security -fcf-protection -Wall  ../../.././lib/readline/histsearch.c
./mkbuiltins -D ../.././builtins ../.././builtins/read.def
rm -f savestring.o
gcc -c   -I. -I../.. -I../../../. -I../../.././lib -I../../.././include -I../../.././lib/sh  -DHAVE_CONFIG_H -DSHELL   -g -O2 -Werror=implicit-function-declaration -ffile-prefix-map=/sonic/src/bash/bash-5.2.37=. -fstack-protector-strong -fstack-clash-protection -Wformat -Werror=format-security -fcf-protection -Wall -Wdate-time -D_FORTIFY_SOURCE=2  ../../.././lib/sh/strvis.c
rm -f return.o
gcc -c   -I. -I../.. -I../../../. -I../../.././lib -I../../.././include -I../../.././lib/sh  -DHAVE_CONFIG_H -DSHELL   -g -O2 -Werror=implicit-function-declaration -ffile-prefix-map=/sonic/src/bash/bash-5.2.37=. -fstack-protector-strong -fstack-clash-protection -Wformat -Werror=format-security -fcf-protection -Wall -Wdate-time -D_FORTIFY_SOURCE=2  ../../.././lib/sh/utf8.c
gcc -c -DHAVE_CONFIG_H -DSHELL  -Wdate-time -D_FORTIFY_SOURCE=2 -I. -I/sonic/src/bash/bash-5.2.37/build-bash -I../../../. -I../../.././lib   -g -O2 -Werror=implicit-function-declaration -ffile-prefix-map=/sonic/src/bash/bash-5.2.37=. -fstack-protector-strong -fstack-clash-protection -Wformat -Werror=format-security -fcf-protection -Wall  ../../.././lib/readline/shell.c
rm -f set.o
gcc -c -DHAVE_CONFIG_H -DSHELL  -Wdate-time -D_FORTIFY_SOURCE=2 -I. -I/sonic/src/bash/bash-5.2.37/build-bash -I../../../. -I../../.././lib   -g -O2 -Werror=implicit-function-declaration -ffile-prefix-map=/sonic/src/bash/bash-5.2.37=. -fstack-protector-strong -fstack-clash-protection -Wformat -Werror=format-security -fcf-protection -Wall  ../../.././lib/readline/savestring.c
gcc -c   -I. -I../.. -I../../../. -I../../.././lib -I../../.././include -I../../.././lib/sh  -DHAVE_CONFIG_H -DSHELL   -g -O2 -Werror=implicit-function-declaration -ffile-prefix-map=/sonic/src/bash/bash-5.2.37=. -fstack-protector-strong -fstack-clash-protection -Wformat -Werror=format-security -fcf-protection -Wall -Wdate-time -D_FORTIFY_SOURCE=2  ../../.././lib/sh/random.c
gcc -c   -DHAVE_CONFIG_H -DSHELL  -I. -I..  -I../../. -I../.././include -I../.././lib -I../.././builtins    -Wdate-time -D_FORTIFY_SOURCE=2 -g -O2 -Werror=implicit-function-declaration -ffile-prefix-map=/sonic/src/bash/bash-5.2.37=. -fstack-protector-strong -fstack-clash-protection -Wformat -Werror=format-security -fcf-protection -Wall read.c || ( rm -f read.c ; exit 1 )
.././variables.c: In function 'initialize_shell_variables':
.././variables.c:425:15: warning: suggest parentheses around assignment used as truth value [-Wparentheses]
  425 |           if (temp_var = find_function (tname))
      |               ^~~~~~~~
.././variables.c:432:19: warning: suggest parentheses around assignment used as truth value [-Wparentheses]
  432 |               if (temp_var = bind_invalid_envvar (name, string, 0))
      |                   ^~~~~~~~
rm -f mbutil.o
gcc -c   -I. -I../.. -I../../../. -I../../.././lib -I../../.././include -I../../.././lib/sh  -DHAVE_CONFIG_H -DSHELL   -g -O2 -Werror=implicit-function-declaration -ffile-prefix-map=/sonic/src/bash/bash-5.2.37=. -fstack-protector-strong -fstack-clash-protection -Wformat -Werror=format-security -fcf-protection -Wall -Wdate-time -D_FORTIFY_SOURCE=2  ../../.././lib/sh/gettimeofday.c
.././variables.c: In function 'set_machine_vars':
rm -f tilde.o
./mkbuiltins -D ../.././builtins ../.././builtins/return.def
.././variables.c:723:14: warning: variable 'temp_var' set but not used [-Wunused-but-set-variable]
  723 |   SHELL_VAR *temp_var;
      |              ^~~~~~~~
gcc -c   -I. -I../.. -I../../../. -I../../.././lib -I../../.././include -I../../.././lib/sh  -DHAVE_CONFIG_H -DSHELL   -g -O2 -Werror=implicit-function-declaration -ffile-prefix-map=/sonic/src/bash/bash-5.2.37=. -fstack-protector-strong -fstack-clash-protection -Wformat -Werror=format-security -fcf-protection -Wall -Wdate-time -D_FORTIFY_SOURCE=2  ../../.././lib/sh/timers.c
./mkbuiltins -D ../.././builtins ../.././builtins/set.def
.././jobs.c: In function 'procsub_waitall':
.././subst.c: In function 'string_extract':
.././jobs.c:1103:7: warning: variable 'r' set but not used [-Wunused-but-set-variable]
 1103 |   int r;
      |       ^
gcc -c -DHAVE_CONFIG_H -DSHELL  -Wdate-time -D_FORTIFY_SOURCE=2 -I. -I/sonic/src/bash/bash-5.2.37/build-bash -I../../../. -I../../.././lib   -g -O2 -Werror=implicit-function-declaration -ffile-prefix-map=/sonic/src/bash/bash-5.2.37=. -fstack-protector-strong -fstack-clash-protection -Wformat -Werror=format-security -fcf-protection -Wall  ../../.././lib/readline/mbutil.c
.././jobs.c: In function 'procsub_prune':
rm -f setattr.o
.././jobs.c:1137:7: warning: variable 'onproc' set but not used [-Wunused-but-set-variable]
 1137 |   int onproc;
      |       ^~~~~~
gcc -c   -I. -I../.. -I../../../. -I../../.././lib -I../../.././include -I../../.././lib/sh  -DHAVE_CONFIG_H -DSHELL   -g -O2 -Werror=implicit-function-declaration -ffile-prefix-map=/sonic/src/bash/bash-5.2.37=. -fstack-protector-strong -fstack-clash-protection -Wformat -Werror=format-security -fcf-protection -Wall -Wdate-time -D_FORTIFY_SOURCE=2  ../../.././lib/sh/wcsnwidth.c
.././jobs.c:1136:20: warning: variable 'oend' set but not used [-Wunused-but-set-variable]
 1136 |   PROCESS *ohead, *oend, *ps, *p;
      |                    ^~~~
.././subst.c:810:10: warning: suggest parentheses around assignment used as truth value [-Wparentheses]
  810 |   while (c = string[i])
      |          ^
rm -f colors.o
gcc -c   -DHAVE_CONFIG_H -DSHELL  -I. -I..  -I../../. -I../.././include -I../.././lib -I../.././builtins    -Wdate-time -D_FORTIFY_SOURCE=2 -g -O2 -Werror=implicit-function-declaration -ffile-prefix-map=/sonic/src/bash/bash-5.2.37=. -fstack-protector-strong -fstack-clash-protection -Wformat -Werror=format-security -fcf-protection -Wall return.c || ( rm -f return.c ; exit 1 )
.././subst.c: In function 'string_extract_double_quoted':
.././subst.c:884:10: warning: suggest parentheses around assignment used as truth value [-Wparentheses]
  884 |   while (c = string[i])
      |          ^
gcc -c   -I. -I../.. -I../../../. -I../../.././lib -I../../.././include -I../../.././lib/sh  -DHAVE_CONFIG_H -DSHELL   -g -O2 -Werror=implicit-function-declaration -ffile-prefix-map=/sonic/src/bash/bash-5.2.37=. -fstack-protector-strong -fstack-clash-protection -Wformat -Werror=format-security -fcf-protection -Wall -Wdate-time -D_FORTIFY_SOURCE=2  ../../.././lib/sh/mbschr.c
.././jobs.c: In function 'cleanup_dead_jobs':
rm -f shift.o
.././jobs.c:1214:12: warning: unused variable 'discard' [-Wunused-variable]
 1214 |   PROCESS *discard;
      |            ^~~~~~~
gcc -DHAVE_CONFIG_H -DSHELL  -Wdate-time -D_FORTIFY_SOURCE=2 -I. -I/sonic/src/bash/bash-5.2.37/build-bash -I../../../. -I../../.././lib   -g -O2 -Werror=implicit-function-declaration -ffile-prefix-map=/sonic/src/bash/bash-5.2.37=. -fstack-protector-strong -fstack-clash-protection -Wformat -Werror=format-security -fcf-protection -Wall  -DREADLINE_LIBRARY -c ../../.././lib/readline/tilde.c
.././subst.c: In function 'skip_double_quoted':
.././subst.c:1036:10: warning: suggest parentheses around assignment used as truth value [-Wparentheses]
 1036 |   while (c = string[i])
      |          ^
rm -f parse-colors.o
gcc -c   -DHAVE_CONFIG_H -DSHELL  -I. -I..  -I../../. -I../.././include -I../.././lib -I../.././builtins    -Wdate-time -D_FORTIFY_SOURCE=2 -g -O2 -Werror=implicit-function-declaration -ffile-prefix-map=/sonic/src/bash/bash-5.2.37=. -fstack-protector-strong -fstack-clash-protection -Wformat -Werror=format-security -fcf-protection -Wall set.c || ( rm -f set.c ; exit 1 )
.././subst.c:1030:9: warning: variable 'ret' set but not used [-Wunused-but-set-variable]
 1030 |   char *ret;
      |         ^~~
../../.././lib/tilde/tilde.c: In function 'tilde_expand':
../../.././lib/tilde/tilde.c:195:7: warning: suggest parentheses around assignment used as truth value [-Wparentheses]
  195 |   if (result = strchr (string, '~'))
      |       ^~~~~~
../../.././lib/sh/setlinebuf.c:34:14: warning: 'stderrbuf' defined but not used [-Wunused-variable]
   34 | static char *stderrbuf = 0;
      |              ^~~~~~~~~
../../.././lib/sh/setlinebuf.c:33:14: warning: 'stdoutbuf' defined but not used [-Wunused-variable]
   33 | static char *stdoutbuf = 0;
      |              ^~~~~~~~~
./mkbuiltins -D ../.././builtins ../.././builtins/setattr.def
.././subst.c: In function 'string_extract_verbatim':
gcc -c -DHAVE_CONFIG_H -DSHELL  -Wdate-time -D_FORTIFY_SOURCE=2 -I. -I/sonic/src/bash/bash-5.2.37/build-bash -I../../../. -I../../.././lib   -g -O2 -Werror=implicit-function-declaration -ffile-prefix-map=/sonic/src/bash/bash-5.2.37=. -fstack-protector-strong -fstack-clash-protection -Wformat -Werror=format-security -fcf-protection -Wall  ../../.././lib/readline/colors.c
.././subst.c:1204:10: warning: suggest parentheses around assignment used as truth value [-Wparentheses]
 1204 |   while (c = string[i])
      |          ^
./mkbuiltins -D ../.././builtins ../.././builtins/shift.def
.././jobs.c: In function 'nohup_job':
rm -f xmalloc.o
.././jobs.c:1457:7: warning: suggest parentheses around assignment used as truth value [-Wparentheses]
 1457 |   if (temp = jobs[job_index])
      |       ^~~~
rm -f source.o
.././execute_cmd.c: In function 'select_query':
gcc -c -DHAVE_CONFIG_H -DSHELL  -Wdate-time -D_FORTIFY_SOURCE=2 -I. -I/sonic/src/bash/bash-5.2.37/build-bash -I../../../. -I../../.././lib   -g -O2 -Werror=implicit-function-declaration -ffile-prefix-map=/sonic/src/bash/bash-5.2.37=. -fstack-protector-strong -fstack-clash-protection -Wformat -Werror=format-security -fcf-protection -Wall  ../../.././lib/readline/parse-colors.c
.././execute_cmd.c:3333:23: warning: unused variable 't' [-Wunused-variable]
 3333 |   char *repl_string, *t;
      |                       ^
gcc -c -DHAVE_CONFIG_H -DSHELL  -Wdate-time -D_FORTIFY_SOURCE=2 -I. -I/sonic/src/bash/bash-5.2.37/build-bash -I../../../. -I../../.././lib   -g -O2 -Werror=implicit-function-declaration -ffile-prefix-map=/sonic/src/bash/bash-5.2.37=. -fstack-protector-strong -fstack-clash-protection -Wformat -Werror=format-security -fcf-protection -Wall  ../../.././lib/readline/xmalloc.c
../../.././lib/glob/xmbsrtowcs.c: In function 'xwcsrtombs':
.././subst.c: In function 'extract_delimited_string':
../../.././lib/glob/xmbsrtowcs.c:456:1: warning: label 'handle_byte' defined but not used [-Wunused-label]
  456 | handle_byte:
      | ^~~~~~~~~~~
../../.././lib/glob/smatch.c: In function 'charcmp':
../../.././lib/glob/smatch.c:108:7: warning: unused variable 'ret' [-Wunused-variable]
  108 |   int ret;
      |       ^~~
gcc -c   -DHAVE_CONFIG_H -DSHELL  -I. -I..  -I../../. -I../.././include -I../.././lib -I../.././builtins    -Wdate-time -D_FORTIFY_SOURCE=2 -g -O2 -Werror=implicit-function-declaration -ffile-prefix-map=/sonic/src/bash/bash-5.2.37=. -fstack-protector-strong -fstack-clash-protection -Wformat -Werror=format-security -fcf-protection -Wall setattr.c || ( rm -f setattr.c ; exit 1 )
.././subst.c:1367:9: warning: variable 't' set but not used [-Wunused-but-set-variable]
 1367 |   char *t, *result;
      |         ^
../../.././lib/glob/xmbsrtowcs.c:429:13: warning: unused variable 'prev_state' [-Wunused-variable]
  429 |   mbstate_t prev_state;
      |             ^~~~~~~~~~
.././variables.c: In function 'var_lookup':
rm -f xfree.o
.././subst.c: In function 'extract_heredoc_dolbrace_string':
gcc -c   -DHAVE_CONFIG_H -DSHELL  -I. -I..  -I../../. -I../.././include -I../.././lib -I../.././builtins    -Wdate-time -D_FORTIFY_SOURCE=2 -g -O2 -Werror=implicit-function-declaration -ffile-prefix-map=/sonic/src/bash/bash-5.2.37=. -fstack-protector-strong -fstack-clash-protection -Wformat -Werror=format-security -fcf-protection -Wall shift.c || ( rm -f shift.c ; exit 1 )
.././subst.c:1554:10: warning: suggest parentheses around assignment used as truth value [-Wparentheses]
 1554 |   while (c = string[i])
      |          ^
.././variables.c:2012:9: warning: suggest parentheses around assignment used as truth value [-Wparentheses]
 2012 |     if (v = hash_lookup (name, vc->table))
      |         ^
./mkbuiltins -D ../.././builtins ../.././builtins/source.def
rm -f compat.o
rm -f suspend.o
../../.././lib/readline/parens.c: In function 'rl_insert_close':
../../.././lib/readline/parens.c:118:36: warning: variable 'ready' set but not used [-Wunused-but-set-variable]
  118 |       int orig_point, match_point, ready;
      |                                    ^~~~~
.././bashline.c: In function 'snarf_hosts_from_file':
gcc -c -DHAVE_CONFIG_H -DSHELL  -Wdate-time -D_FORTIFY_SOURCE=2 -I. -I/sonic/src/bash/bash-5.2.37/build-bash -I../../../. -I../../.././lib   -g -O2 -Werror=implicit-function-declaration -ffile-prefix-map=/sonic/src/bash/bash-5.2.37=. -fstack-protector-strong -fstack-clash-protection -Wformat -Werror=format-security -fcf-protection -Wall  ../../.././lib/readline/xfree.c
.././bashline.c:811:10: warning: suggest parentheses around assignment used as truth value [-Wparentheses]
  811 |   while (temp = fgets (buffer, 255, file))
      |          ^~~~
gcc -c   -DHAVE_CONFIG_H -DSHELL  -I. -I..  -I../../. -I../.././include -I../.././lib -I../.././builtins    -Wdate-time -D_FORTIFY_SOURCE=2 -g -O2 -Werror=implicit-function-declaration -ffile-prefix-map=/sonic/src/bash/bash-5.2.37=. -fstack-protector-strong -fstack-clash-protection -Wformat -Werror=format-security -fcf-protection -Wall source.c || ( rm -f source.c ; exit 1 )
gcc -c -DHAVE_CONFIG_H -DSHELL  -Wdate-time -D_FORTIFY_SOURCE=2 -I. -I/sonic/src/bash/bash-5.2.37/build-bash -I../../../. -I../../.././lib   -g -O2 -Werror=implicit-function-declaration -ffile-prefix-map=/sonic/src/bash/bash-5.2.37=. -fstack-protector-strong -fstack-clash-protection -Wformat -Werror=format-security -fcf-protection -Wall  ../../.././lib/readline/compat.c
.././subst.c: In function 'extract_dollar_brace_string':
rm -f test.o
.././subst.c:1841:10: warning: suggest parentheses around assignment used as truth value [-Wparentheses]
 1841 |   while (c = string[i])
      |          ^
./mkbuiltins -D ../.././builtins ../.././builtins/suspend.def
rm -f times.o
../../.././lib/readline/vi_mode.c: In function 'rl_vi_fword':
../../.././lib/readline/vi_mode.c:622:7: warning: variable 'opoint' set but not used [-Wunused-but-set-variable]
  622 |   int opoint;
      |       ^~~~~~
.././variables.c: In function 'nameref_transform_name':
.././subst.c:1820:18: warning: variable 't' set but not used [-Wunused-but-set-variable]
 1820 |   char *result, *t;
      |                  ^
.././variables.c:2322:9: warning: unused variable 'newname' [-Wunused-variable]
 2322 |   char *newname;
      |         ^~~~~~~
./mkbuiltins -D ../.././builtins ../.././builtins/test.def
.././subst.c: In function 'skip_matched_pair':
.././jobs.c: In function 'make_child':
gcc -c   -DHAVE_CONFIG_H -DSHELL  -I. -I..  -I../../. -I../.././include -I../.././lib -I../.././builtins    -Wdate-time -D_FORTIFY_SOURCE=2 -g -O2 -Werror=implicit-function-declaration -ffile-prefix-map=/sonic/src/bash/bash-5.2.37=. -fstack-protector-strong -fstack-clash-protection -Wformat -Werror=format-security -fcf-protection -Wall suspend.c || ( rm -f suspend.c ; exit 1 )
.././subst.c:2083:10: warning: suggest parentheses around assignment used as truth value [-Wparentheses]
 2083 |   while (c = string[i])
      |          ^
../../.././lib/sh/getenv.c: In function 'getenv':
../../.././lib/sh/getenv.c:55:6: warning: 'nonnull' argument 'name' compared to NULL [-Wnonnull-compare]
   55 |   if (name == 0 || *name == '\0')
      |      ^
../../.././lib/sh/getenv.c: In function 'putenv':
../../.././lib/sh/getenv.c:112:6: warning: 'nonnull' argument 'str' compared to NULL [-Wnonnull-compare]
  112 |   if (str == 0 || *str == '\0')
      |      ^
../../.././lib/sh/getenv.c: In function 'unsetenv':
../../.././lib/sh/getenv.c:214:6: warning: 'nonnull' argument 'name' compared to NULL [-Wnonnull-compare]
  214 |   if (name == 0 || *name == '\0' || strchr (name, '=') != 0)
      |      ^
In file included from ../../.././lib/glob/smatch.c:340:
../../.././lib/glob/sm_loop.c: In function 'brackmatch':
.././jobs.c:2126:32: warning: unused variable 'chldset' [-Wunused-variable]
 2126 |   sigset_t set, oset, termset, chldset, oset_copy;
      |                                ^~~~~~~
../../.././lib/glob/sm_loop.c:434:7: warning: suggest parentheses around assignment used as truth value [-Wparentheses]
  434 |   if (not = (*p == L('!') || *p == L('^')))
      |       ^~~
.././bashline.c: In function 'bash_spell_correct_shellword':
.././jobs.c:2126:23: warning: unused variable 'termset' [-Wunused-variable]
 2126 |   sigset_t set, oset, termset, chldset, oset_copy;
      |                       ^~~~~~~
.././execute_cmd.c: At top level:
.././execute_cmd.c:1779:13: warning: 'cpl_prune' declared 'static' but never defined [-Wunused-function]
 1779 | static void cpl_prune PARAMS((void));
      |             ^~~~~~~~~
.././subst.c:2069:9: warning: variable 'temp' set but not used [-Wunused-but-set-variable]
 2069 |   char *temp, *ss;
      |         ^~~~
.././bashline.c:1346:7: warning: variable 'opoint' set but not used [-Wunused-but-set-variable]
 1346 |   int opoint, wbeg, wend;
      |       ^~~~~~
.././subst.c: In function 'skip_to_delim':
../../.././lib/readline/search.c: In function 'rl_history_search_internal':
.././subst.c:2208:10: warning: suggest parentheses around assignment used as truth value [-Wparentheses]
 2208 |   while (c = string[i])
      |          ^
../../.././lib/readline/search.c:536:9: warning: unused variable 't' [-Wunused-variable]
  536 |   char *t;
      |         ^
../../.././lib/readline/search.c:535:7: warning: variable 'had_saved_line' set but not used [-Wunused-but-set-variable]
  535 |   int had_saved_line;
      |       ^~~~~~~~~~~~~~
./mkbuiltins -D ../.././builtins ../.././builtins/times.def
gcc -c   -DHAVE_CONFIG_H -DSHELL  -I. -I..  -I../../. -I../.././include -I../.././lib -I../.././builtins    -Wdate-time -D_FORTIFY_SOURCE=2 -g -O2 -Werror=implicit-function-declaration -ffile-prefix-map=/sonic/src/bash/bash-5.2.37=. -fstack-protector-strong -fstack-clash-protection -Wformat -Werror=format-security -fcf-protection -Wall test.c || ( rm -f test.c ; exit 1 )
rm -f trap.o
In file included from ../../.././lib/glob/gmisc.c:57:
../../.././lib/glob/gm_loop.c: In function 'umatchlen':
../../.././lib/glob/gm_loop.c:85:10: warning: suggest parentheses around assignment used as truth value [-Wparentheses]
   85 |   while (c = *pat++)
      |          ^
../../.././lib/glob/sm_loop.c: In function 'glob_patscan':
.././jobs.c: In function 'wait_for_background_pids':
.././bashline.c: In function 'attempt_shell_completion':
../../.././lib/glob/gm_loop.c:79:25: warning: unused variable 't' [-Wunused-variable]
   79 |   int matlen, bracklen, t, in_cclass, in_collsym, in_equiv;
      |                         ^
../../.././lib/glob/sm_loop.c:713:20: warning: suggest parentheses around assignment used as truth value [-Wparentheses]
  713 |   for (s = string; c = *s; s++)
      |                    ^
../.././builtins/../.././builtins/cd.def: In function 'cd_builtin':
.././bashline.c:1704:14: warning: suggest parentheses around assignment used as truth value [-Wparentheses]
 1704 |       while (was_assignment = assignment (n, 0));
      |              ^~~~~~~~~~~~~~
../.././builtins/../.././builtins/cd.def:370:14: warning: suggest parentheses around assignment used as truth value [-Wparentheses]
gcc -c   -DHAVE_CONFIG_H -DSHELL  -I. -I..  -I../../. -I../.././include -I../.././lib -I../.././builtins    -Wdate-time -D_FORTIFY_SOURCE=2 -g -O2 -Werror=implicit-function-declaration -ffile-prefix-map=/sonic/src/bash/bash-5.2.37=. -fstack-protector-strong -fstack-clash-protection -Wformat -Werror=format-security -fcf-protection -Wall times.c || ( rm -f times.c ; exit 1 )
In file included from ../../.././lib/glob/gmisc.c:72:
../../.././lib/glob/gm_loop.c: In function 'wmatchlen':
../../.././lib/glob/gm_loop.c:85:10: warning: suggest parentheses around assignment used as truth value [-Wparentheses]
   85 |   while (c = *pat++)
      |          ^
.././jobs.c:2652:20: warning: variable 'check_async' set but not used [-Wunused-but-set-variable]
 2652 |   int any_stopped, check_async, njobs;
      |                    ^~~~~~~~~~~
.././subst.c:2191:9: warning: variable 'temp' set but not used [-Wunused-but-set-variable]
 2191 |   char *temp, open[3];
      |         ^~~~
../../.././lib/glob/gm_loop.c:79:25: warning: unused variable 't' [-Wunused-variable]
   79 |   int matlen, bracklen, t, in_cclass, in_collsym, in_equiv;
      |                         ^
.././subst.c: In function 'skip_to_histexp':
../.././builtins/../.././builtins/cd.def: In function 'change_to_directory':
../.././builtins/../.././builtins/cd.def:555:20: warning: unused variable 'ndir' [-Wunused-variable]
./mkbuiltins -D ../.././builtins ../.././builtins/trap.def
../../.././lib/readline/vi_mode.c: In function 'rl_vi_domove':
.././subst.c:2383:10: warning: suggest parentheses around assignment used as truth value [-Wparentheses]
 2383 |   while (c = string[i])
      |          ^
rm -f type.o
../../.././lib/readline/vi_mode.c:1343:7: warning: unused variable 'r' [-Wunused-variable]
 1343 |   int r;
      |       ^
../../.././lib/readline/readline.c: In function 'readline_internal_char':
../../.././lib/glob/sm_loop.c: In function 'extmatch':
../../.././lib/readline/readline.c:568:20: warning: variable 'r' set but not used [-Wunused-but-set-variable]
  568 |   int c, code, lk, r;
      |                    ^
../../.././lib/readline/readline.c:567:21: warning: unused variable 'eof_found' [-Wunused-variable]
  567 |   static int lastc, eof_found;
      |                     ^~~~~~~~~
../../.././lib/glob/sm_loop.c:924:19: warning: suggest parentheses around assignment used as truth value [-Wparentheses]
  924 |               if (m1 = (GMATCH (s, srest, psub, pnext - 1, NULL, flags) == 0))
      |                   ^~
gcc -c   -DHAVE_CONFIG_H -DSHELL  -I. -I..  -I../../. -I../.././include -I../.././lib -I../.././builtins    -Wdate-time -D_FORTIFY_SOURCE=2 -g -O2 -Werror=implicit-function-declaration -ffile-prefix-map=/sonic/src/bash/bash-5.2.37=. -fstack-protector-strong -fstack-clash-protection -Wformat -Werror=format-security -fcf-protection -Wall trap.c || ( rm -f trap.c ; exit 1 )
../../.././lib/readline/signals.c: In function 'rl_set_signals':
gcc  -DHAVE_CONFIG_H -DSHELL  -I. -I..  -I../../. -I../.././include -I../.././lib -I../.././builtins    -Wdate-time -D_FORTIFY_SOURCE=2 -g -O2 -Werror=implicit-function-declaration -ffile-prefix-map=/sonic/src/bash/bash-5.2.37=. -fstack-protector-strong -fstack-clash-protection -Wformat -Werror=format-security -fcf-protection -Wall  -Wl,-z,relro -Wl,-z,now -rdynamic -g -O2 -Werror=implicit-function-declaration -ffile-prefix-map=/sonic/src/bash/bash-5.2.37=. -fstack-protector-strong -fstack-clash-protection -Wformat -Werror=format-security -fcf-protection -Wall -rdynamic -g -O2 -Werror=implicit-function-declaration -ffile-prefix-map=/sonic/src/bash/bash-5.2.37=. -fstack-protector-strong -fstack-clash-protection -Wformat -Werror=format-security -fcf-protection -Wall  -o psize.aux ../.././builtins/psize.c
../.././builtins/../.././builtins/cd.def: At top level:
../.././builtins/../.././builtins/cd.def:198:1: warning: 'cdxattr' defined but not used [-Wunused-function]
../../.././lib/readline/signals.c:414:25: warning: unused variable 'oset' [-Wunused-variable]
  414 |   static sigset_t bset, oset;
      |                         ^~~~
../.././builtins/../.././builtins/declare.def: In function 'declare_internal':
../.././builtins/../.././builtins/declare.def:566:11: warning: suggest parentheses around assignment used as truth value [-Wparentheses]
../../.././lib/glob/smatch.c: In function 'charcmp_wc':
../../.././lib/glob/smatch.c:396:7: warning: unused variable 'r' [-Wunused-variable]
  396 |   int r;
      |       ^
../../.././lib/glob/smatch.c: In function 'collequiv_wc':
../../.././lib/glob/smatch.c:431:14: warning: unused variable 'p' [-Wunused-variable]
  431 |   wchar_t s, p;
      |              ^
./mkbuiltins -D ../.././builtins ../.././builtins/type.def
../../.././lib/glob/smatch.c:431:11: warning: unused variable 's' [-Wunused-variable]
  431 |   wchar_t s, p;
      |           ^
rm -f colon.c
../.././builtins/common.c: In function 'builtin_arrayref_flags':
rm -f umask.o
.././bashline.c: In function 'command_word_completion_function':
../.././builtins/common.c:1088:9: warning: unused variable 't' [-Wunused-variable]
 1088 |   char *t;
      |         ^
../.././builtins/../.././builtins/declare.def:401:11: warning: variable 'var_exists' set but not used [-Wunused-but-set-variable]
../../.././lib/readline/undo.c: In function 'rl_free_undo_list':
../../.././lib/readline/undo.c:119:14: warning: unused variable 'release' [-Wunused-variable]
  119 |   UNDO_LIST *release, *orig_list;
      |              ^~~~~~~
../../.././lib/readline/kill.c: In function 'rl_vi_yank_pop':
../../.././lib/glob/smatch.c: In function 'posix_cclass_only':
../../.././lib/readline/kill.c:562:13: warning: unused variable 'origpoint' [-Wunused-variable]
  562 |   int l, n, origpoint;
      |             ^~~~~~~~~
.././bashline.c:2209:14: warning: suggest parentheses around assignment used as truth value [-Wparentheses]
 2209 |       while (val = glob_matches[local_index++])
      |              ^~~
../../.././lib/glob/smatch.c:535:10: warning: suggest parentheses around assignment used as truth value [-Wparentheses]
  535 |   while (p = strchr (p, '['))
      |          ^
gcc -c   -DHAVE_CONFIG_H -DSHELL  -I. -I..  -I../../. -I../.././include -I../.././lib -I../.././builtins    -Wdate-time -D_FORTIFY_SOURCE=2 -g -O2 -Werror=implicit-function-declaration -ffile-prefix-map=/sonic/src/bash/bash-5.2.37=. -fstack-protector-strong -fstack-clash-protection -Wformat -Werror=format-security -fcf-protection -Wall type.c || ( rm -f type.c ; exit 1 )
../../.././lib/sh/spell.c: In function 'spname':
../../.././lib/sh/spell.c:98:22: warning: suggest parentheses around assignment used as truth value [-Wparentheses]
   98 |       for (p = best; *np = *p++; np++)
      |                      ^
../../.././lib/readline/signals.c: At top level:
../../.././lib/readline/signals.c:625:29: warning: 'sigint_oset' defined but not used [-Wunused-variable]
  625 | static sigset_t sigint_set, sigint_oset;
      |                             ^~~~~~~~~~~
../../.././lib/readline/signals.c:625:17: warning: 'sigint_set' defined but not used [-Wunused-variable]
  625 | static sigset_t sigint_set, sigint_oset;
      |                 ^~~~~~~~~~
../../.././lib/readline/kill.c: In function 'rl_bracketed_paste_begin':
./mkbuiltins -D ../.././builtins ../.././builtins/umask.def
../../.././lib/sh/makepath.c: In function 'sh_makepath':
../../.././lib/sh/makepath.c:123:10: warning: suggest parentheses around assignment used as truth value [-Wparentheses]
  123 |   while (*r++ = *s++)
      |          ^
../../.././lib/readline/kill.c:760:15: warning: unused variable 'cap' [-Wunused-variable]
  760 |   size_t len, cap;
      |               ^~~
../../.././lib/readline/kill.c:759:15: warning: unused variable 'c' [-Wunused-variable]
  759 |   int retval, c;
      |               ^
rm -f wait.o
../../.././lib/readline/kill.c: In function '_rl_read_bracketed_paste_prefix':
../../.././lib/readline/kill.c:777:17: warning: unused variable 'j' [-Wunused-variable]
  777 |   int key, ind, j;
      |                 ^
../../.././lib/readline/kill.c: In function '_rl_bracketed_read_mbstring':
rm -f builtin.c
../../.././lib/readline/kill.c:849:10: warning: unused variable 'r' [-Wunused-variable]
  849 |   int c, r;
      |          ^
gcc -c   -DHAVE_CONFIG_H -DSHELL  -I. -I..  -I../../. -I../.././include -I../.././lib -I../.././builtins    -Wdate-time -D_FORTIFY_SOURCE=2 -g -O2 -Werror=implicit-function-declaration -ffile-prefix-map=/sonic/src/bash/bash-5.2.37=. -fstack-protector-strong -fstack-clash-protection -Wformat -Werror=format-security -fcf-protection -Wall umask.c || ( rm -f umask.c ; exit 1 )
./mkbuiltins -D ../.././builtins ../.././builtins/wait.def
rm -f getopts.o
In file included from ../../.././lib/glob/smatch.c:596:
../../.././lib/glob/sm_loop.c: In function 'brackmatch_wc':
../../.././lib/glob/sm_loop.c:434:7: warning: suggest parentheses around assignment used as truth value [-Wparentheses]
  434 |   if (not = (*p == L('!') || *p == L('^')))
      |       ^~~
gcc -c   -DHAVE_CONFIG_H -DSHELL  -I. -I..  -I../../. -I../.././include -I../.././lib -I../.././builtins    -Wdate-time -D_FORTIFY_SOURCE=2 -g -O2 -Werror=implicit-function-declaration -ffile-prefix-map=/sonic/src/bash/bash-5.2.37=. -fstack-protector-strong -fstack-clash-protection -Wformat -Werror=format-security -fcf-protection -Wall wait.c || ( rm -f wait.c ; exit 1 )
../../.././lib/sh/pathcanon.c: In function 'sh_canonpath':
../../.././lib/sh/pathcanon.c:117:7: warning: suggest parentheses around assignment used as truth value [-Wparentheses]
  117 |   if (rooted = ROOTEDPATH(path))
      |       ^~~~~~
./mkbuiltins -D ../.././builtins ../.././builtins/getopts.def
../.././builtins/../.././builtins/echo.def: In function 'echo_builtin':
../.././builtins/../.././builtins/echo.def:141:14: warning: suggest parentheses around assignment used as truth value [-Wparentheses]
.././bashline.c: In function 'bash_servicename_completion_function':
rm -f shopt.o
.././bashline.c:2609:10: warning: suggest parentheses around assignment used as truth value [-Wparentheses]
 2609 |   while (srvent = getservent ())
      |          ^~~~~~
gcc -c   -DHAVE_CONFIG_H -DSHELL  -I. -I..  -I../../. -I../.././include -I../.././lib -I../.././builtins    -Wdate-time -D_FORTIFY_SOURCE=2 -g -O2 -Werror=implicit-function-declaration -ffile-prefix-map=/sonic/src/bash/bash-5.2.37=. -fstack-protector-strong -fstack-clash-protection -Wformat -Werror=format-security -fcf-protection -Wall getopts.c || ( rm -f getopts.c ; exit 1 )
../../.././lib/readline/isearch.c: In function '_rl_isearch_dispatch':
.././bashline.c: In function 'bash_groupname_completion_function':
../../.././lib/readline/isearch.c:343:37: warning: unused variable 'incr' [-Wunused-variable]
  343 |   int n, wstart, wlen, limit, cval, incr;
      |                                     ^~~~
rm -f printf.o
../../.././lib/glob/sm_loop.c: In function 'glob_patscan_wc':
../../.././lib/readline/isearch.c: In function 'rl_search_history':
../../.././lib/glob/sm_loop.c:713:20: warning: suggest parentheses around assignment used as truth value [-Wparentheses]
  713 |   for (s = string; c = *s; s++)
      |                    ^
.././bashline.c:2665:10: warning: suggest parentheses around assignment used as truth value [-Wparentheses]
 2665 |   while (grent = getgrent ())
      |          ^~~~~
../../.././lib/glob/glob.c: In function 'extglob_skipname':
../../.././lib/glob/glob.c:237:10: warning: suggest parentheses around assignment used as truth value [-Wparentheses]
  237 |   while (t = glob_patscan (pp, pe, '|'))
      |          ^
../../.././lib/readline/isearch.c:848:7: warning: variable 'c' set but not used [-Wunused-but-set-variable]
  848 |   int c, r;
      |       ^
../../.././lib/readline/isearch.c: In function '_rl_isearch_callback':
../../.././lib/glob/glob.c:204:27: warning: variable 'nullpat' set but not used [-Wunused-but-set-variable]
  204 |   int n, r, negate, wild, nullpat, xflags;
      |                           ^~~~~~~
./mkbuiltins -D ../.././builtins ../.././builtins/shopt.def
../../.././lib/readline/nls.c: In function 'utf8locale':
../../.././lib/readline/nls.c:110:10: warning: unused variable 'len' [-Wunused-variable]
  110 |   size_t len;
      |          ^~~
../../.././lib/glob/glob.c: In function 'skipname':
.././bashline.c: In function 'history_and_alias_expand_line':
../../.././lib/readline/isearch.c:885:7: warning: variable 'c' set but not used [-Wunused-but-set-variable]
  885 |   int c, r;
      |       ^
../../.././lib/glob/glob.c:275:7: warning: unused variable 'i' [-Wunused-variable]
  275 |   int i;
      |       ^
rm -f getopt.o
../../.././lib/glob/glob.c: In function 'wskipname':
../../.././lib/glob/glob.c:317:7: warning: unused variable 'i' [-Wunused-variable]
  317 |   int i;
      |       ^
../../.././lib/glob/glob.c: In function 'wextglob_skipname':
../../.././lib/glob/glob.c:385:10: warning: suggest parentheses around assignment used as truth value [-Wparentheses]
  385 |   while (t = glob_patscan_wc (pp, pe, '|'))
      |          ^
.././bashline.c:2847:20: warning: unused variable 't' [-Wunused-variable]
 2847 |   char *new_line, *t;
      |                    ^
../../.././lib/readline/bind.c: In function '_rl_skip_to_delim':
../../.././lib/glob/glob.c:355:24: warning: variable 'nullpat' set but not used [-Wunused-but-set-variable]
  355 |   int r, negate, wild, nullpat, xflags;
      |                        ^~~~~~~
rm -f eval.c
../../.././lib/glob/sm_loop.c: In function 'extmatch_wc':
.././jobs.c: In function 'sigchld_handler':
../../.././lib/readline/bind.c:1581:29: warning: suggest parentheses around assignment used as truth value [-Wparentheses]
 1581 |   for (i = start,passc = 0; c = string[i]; i++)
      |                             ^
../../.././lib/readline/readline.c: At top level:
./mkbuiltins -D ../.././builtins ../.././builtins/printf.def
.././execute_cmd.c:3196:12: warning: 'LINES' defined but not used [-Wunused-variable]
 3196 | static int LINES, COLS, tabsize;
      |            ^~~~~
.././execute_cmd.c:2067:1: warning: 'coproc_free' defined but not used [-Wunused-function]
 2067 | coproc_free (cp)
      | ^~~~~~~~~~~
.././execute_cmd.c:1972:1: warning: 'cpl_firstactive' defined but not used [-Wunused-function]
 1972 | cpl_firstactive ()
      | ^~~~~~~~~~~~~~~
.././execute_cmd.c:1960:1: warning: 'cpl_searchbyname' defined but not used [-Wunused-function]
 1960 | cpl_searchbyname (name)
      | ^~~~~~~~~~~~~~~~
.././execute_cmd.c:1946:1: warning: 'cpl_search' defined but not used [-Wunused-function]
 1946 | cpl_search (pid)
      | ^~~~~~~~~~
.././execute_cmd.c:1934:1: warning: 'cpl_fdchk' defined but not used [-Wunused-function]
 1934 | cpl_fdchk (fd)
      | ^~~~~~~~~
.././execute_cmd.c:1925:1: warning: 'cpl_closeall' defined but not used [-Wunused-function]
 1925 | cpl_closeall ()
      | ^~~~~~~~~~~~
.././execute_cmd.c:1907:1: warning: 'cpl_flush' defined but not used [-Wunused-function]
 1907 | cpl_flush ()
      | ^~~~~~~~~
../../.././lib/readline/nls.c: At top level:
.././execute_cmd.c:1866:1: warning: 'cpl_reap' defined but not used [-Wunused-function]
 1866 | cpl_reap ()
      | ^~~~~~~~
.././execute_cmd.c:1833:1: warning: 'cpl_delete' defined but not used [-Wunused-function]
 1833 | cpl_delete (pid)
      | ^~~~~~~~~~
../../.././lib/glob/sm_loop.c:924:19: warning: suggest parentheses around assignment used as truth value [-Wparentheses]
  924 |               if (m1 = (GMATCH (s, srest, psub, pnext - 1, NULL, flags) == 0))
      |                   ^~
.././execute_cmd.c:1810:1: warning: 'cpl_add' defined but not used [-Wunused-function]
 1810 | cpl_add (cp)
      | ^~~~~~~
.././execute_cmd.c:281:12: warning: 'connection_count' defined but not used [-Wunused-variable]
  281 | static int connection_count;
      |            ^~~~~~~~~~~~~~~~
../../.././lib/readline/nls.c:286:1: warning: 'find_codeset' defined but not used [-Wunused-function]
  286 | find_codeset (char *name, size_t *lenp)
      | ^~~~~~~~~~~~
../../.././lib/glob/glob.c: In function 'wdequote_pathname':
../../.././lib/readline/readline.c:1343:1: warning: 'reset_default_bindings' defined but not used [-Wunused-function]
 1343 | reset_default_bindings (void)
      | ^~~~~~~~~~~~~~~~~~~~~~
gcc -c   -DHAVE_CONFIG_H -DSHELL  -I. -I..  -I../../. -I../.././include -I../.././lib -I../.././builtins    -Wdate-time -D_FORTIFY_SOURCE=2 -g -O2 -Werror=implicit-function-declaration -ffile-prefix-map=/sonic/src/bash/bash-5.2.37=. -fstack-protector-strong -fstack-clash-protection -Wformat -Werror=format-security -fcf-protection -Wall shopt.c || ( rm -f shopt.c ; exit 1 )
../../.././lib/glob/glob.c:503:10: warning: unused variable 'j' [-Wunused-variable]
  503 |   int i, j;
      |          ^
In file included from ../../.././lib/readline/readline.c:76:
../../.././lib/readline/parse-colors.h:44:14: warning: 'color_buf' defined but not used [-Wunused-variable]
   44 | static char *color_buf;
      |              ^~~~~~~~~
../../.././lib/sh/eaccess.c:176:1: warning: 'sh_euidaccess' defined but not used [-Wunused-function]
  176 | sh_euidaccess (path, mode)
      | ^~~~~~~~~~~~~
../../.././lib/glob/glob.c:503:7: warning: unused variable 'i' [-Wunused-variable]
  503 |   int i, j;
      |       ^
gcc -c   -DHAVE_CONFIG_H -DSHELL  -I. -I..  -I../../. -I../.././include -I../.././lib -I../.././builtins    -Wdate-time -D_FORTIFY_SOURCE=2 -g -O2 -Werror=implicit-function-declaration -ffile-prefix-map=/sonic/src/bash/bash-5.2.37=. -fstack-protector-strong -fstack-clash-protection -Wformat -Werror=format-security -fcf-protection -Wall ../.././builtins/getopt.c
.././jobs.c:3749:7: warning: variable 'n' set but not used [-Wunused-but-set-variable]
 3749 |   int n, oerrno;
      |       ^
../../.././lib/glob/smatch.c: In function 'xstrmatch':
../../.././lib/glob/smatch.c:610:29: warning: unused variable 'mslen' [-Wunused-variable]
  610 |   size_t plen, slen, mplen, mslen;
      |                             ^~~~~
../../.././lib/glob/glob.c: In function 'finddirs':
gcc -c   -DHAVE_CONFIG_H -DSHELL  -I. -I..  -I../../. -I../.././include -I../.././lib -I../.././builtins    -Wdate-time -D_FORTIFY_SOURCE=2 -g -O2 -Werror=implicit-function-declaration -ffile-prefix-map=/sonic/src/bash/bash-5.2.37=. -fstack-protector-strong -fstack-clash-protection -Wformat -Werror=format-security -fcf-protection -Wall printf.c || ( rm -f printf.c ; exit 1 )
../../.././lib/glob/smatch.c:610:22: warning: unused variable 'mplen' [-Wunused-variable]
  610 |   size_t plen, slen, mplen, mslen;
      |                      ^~~~~
../../.././lib/glob/glob.c:606:14: warning: unused variable 'n' [-Wunused-variable]
  606 |   char **r, *n;
      |              ^
../../.././lib/glob/smatch.c:610:16: warning: unused variable 'slen' [-Wunused-variable]
  610 |   size_t plen, slen, mplen, mslen;
      |                ^~~~
rm -f bashgetopt.o
../../.././lib/glob/smatch.c:610:10: warning: unused variable 'plen' [-Wunused-variable]
  610 |   size_t plen, slen, mplen, mslen;
      |          ^~~~
../../.././lib/readline/bind.c: In function 'rl_parse_and_bind':
../../.././lib/sh/fnxform.c:89:1: warning: 'init_fromfs' defined but not used [-Wunused-function]
   89 | init_fromfs ()
      | ^~~~~~~~~~~
../../.././lib/sh/fnxform.c:80:1: warning: 'init_tofs' defined but not used [-Wunused-function]
   80 | init_tofs ()
      | ^~~~~~~~~
../../.././lib/sh/fnxform.c:50:15: warning: 'outlen' defined but not used [-Wunused-variable]
   50 | static size_t outlen = 0;
      |               ^~~~~~
../../.././lib/sh/fnxform.c:49:14: warning: 'outbuf' defined but not used [-Wunused-variable]
   49 | static char *outbuf = 0;
      |              ^~~~~~
../../.././lib/readline/bind.c:1675:11: warning: unused variable 's' [-Wunused-variable]
 1675 |       int s;
      |           ^
rm -f complete.o
../../.././lib/sh/tmpfile.c: In function 'sh_mktmpname':
../../.././lib/sh/tmpfile.c:142:14: warning: unused variable 'seeded' [-Wunused-variable]
  142 |   static int seeded = 0;
      |              ^~~~~~
../../.././lib/sh/tmpfile.c:141:10: warning: variable 'tdlen' set but not used [-Wunused-but-set-variable]
  141 |   int r, tdlen;
      |          ^~~~~
.././bashline.c: In function 'bash_filename_stat_hook':
../../.././lib/sh/tmpfile.c:141:7: warning: unused variable 'r' [-Wunused-variable]
  141 |   int r, tdlen;
      |       ^
../../.././lib/sh/tmpfile.c:140:15: warning: unused variable 'sb' [-Wunused-variable]
  140 |   struct stat sb;
      |               ^~
../../.././lib/sh/tmpfile.c: In function 'sh_mktmpfd':
../../.././lib/sh/tmpfile.c:196:11: warning: variable 'tdlen' set but not used [-Wunused-but-set-variable]
  196 |   int fd, tdlen;
      |           ^~~~~
../../.././lib/sh/tmpfile.c: In function 'sh_mktmpdir':
../../.././lib/sh/ufuncs.c: In function 'fsleep':
../../.././lib/sh/tmpfile.c:271:11: warning: variable 'tdlen' set but not used [-Wunused-but-set-variable]
  271 |   int fd, tdlen;
      |           ^~~~~
../../.././lib/sh/ufuncs.c:92:26: warning: unused variable 'prevmask' [-Wunused-variable]
   92 |   sigset_t blocked_sigs, prevmask;
      |                          ^~~~~~~~
../../.././lib/sh/tmpfile.c:271:7: warning: unused variable 'fd' [-Wunused-variable]
  271 |   int fd, tdlen;
      |       ^~
gcc -c   -DHAVE_CONFIG_H -DSHELL  -I. -I..  -I../../. -I../.././include -I../.././lib -I../.././builtins    -Wdate-time -D_FORTIFY_SOURCE=2 -g -O2 -Werror=implicit-function-declaration -ffile-prefix-map=/sonic/src/bash/bash-5.2.37=. -fstack-protector-strong -fstack-clash-protection -Wformat -Werror=format-security -fcf-protection -Wall ../.././builtins/bashgetopt.c
.././subst.c: In function 'do_assignment_internal':
.././bashline.c:3385:7: warning: suggest parentheses around assignment used as truth value [-Wparentheses]
 3385 |   if (t = mbschr (local_dirname, '$'))
      |       ^
./mkbuiltins -D ../.././builtins ../.././builtins/complete.def
.././subst.c:3613:7: warning: suggest parentheses around assignment used as truth value [-Wparentheses]
 3613 |   if (t = mbschr (name, LBRACK))
      |       ^
../../.././lib/sh/tmpfile.c: At top level:
../../.././lib/sh/tmpfile.c:118:1: warning: 'sh_seedrand' defined but not used [-Wunused-function]
  118 | sh_seedrand ()
      | ^~~~~~~~~~~
../../.././lib/sh/tmpfile.c:63:22: warning: 'filenum' defined but not used [-Wunused-variable]
   63 | static unsigned long filenum = 1L;
      |                      ^~~~~~~
../../.././lib/sh/tmpfile.c:61:12: warning: 'ntmpfiles' defined but not used [-Wunused-variable]
   61 | static int ntmpfiles;
      |            ^~~~~~~~~
.././bashline.c:3387:12: warning: suggest parentheses around assignment used as truth value [-Wparentheses]
 3387 |   else if (t = mbschr (local_dirname, '`'))     /* XXX */
      |            ^
../../.././lib/readline/histsearch.c: In function '_hs_history_patsearch':
../../.././lib/readline/histsearch.c:212:7: warning: suggest parentheses around assignment used as truth value [-Wparentheses]
  212 |   if (unescaped_backslash = (string[ret] == '\\'))
      |       ^~~~~~~~~~~~~~~~~~~
gcc -c   -DHAVE_CONFIG_H -DSHELL  -I. -I..  -I../../. -I../.././include -I../.././lib -I../.././builtins    -Wdate-time -D_FORTIFY_SOURCE=2 -g -O2 -Werror=implicit-function-declaration -ffile-prefix-map=/sonic/src/bash/bash-5.2.37=. -fstack-protector-strong -fstack-clash-protection -Wformat -Werror=format-security -fcf-protection -Wall complete.c || ( rm -f complete.c ; exit 1 )
../.././builtins/evalstring.c: In function 'parse_and_execute':
../.././builtins/evalstring.c:443:20: warning: suggest parentheses around assignment used as truth value [-Wparentheses]
  443 |           else if (command = global_command)
      |                    ^~~~~~~
.././variables.c: In function 'delete_var':
.././bashline.c: In function 'bash_directory_completion_hook':
../../.././lib/readline/tilde.c: In function 'tilde_expand':
../../.././lib/readline/tilde.c:195:7: warning: suggest parentheses around assignment used as truth value [-Wparentheses]
  195 |   if (result = strchr (string, '~'))
      |       ^~~~~~
../.././builtins/evalstring.c: In function 'open_redir_file':
.././variables.c:3958:9: warning: suggest parentheses around assignment used as truth value [-Wparentheses]
 3958 |     if (elt = hash_remove (name, v->table, 0))
      |         ^~~
../.././builtins/evalstring.c:735:11: warning: unused variable 'rval' [-Wunused-variable]
  735 |   int fd, rval;
      |           ^~~~
.././bashline.c:3540:18: warning: unused variable 'l1' [-Wunused-variable]
 3540 |           size_t l1, l2;
      |                  ^~
../../.././lib/glob/glob.c: In function 'glob_filename':
.././variables.c: In function 'makunbound':
../../.././lib/glob/glob.c:1339:19: warning: unused variable 'dlen' [-Wunused-variable]
 1339 |               int dlen;
      |                   ^~~~
../../.././lib/readline/complete.c: In function '_rl_find_completion_word':
../../.././lib/readline/display.c: In function 'rl_redisplay':
rm -f command.c
../../.././lib/readline/complete.c:1151:14: warning: suggest parentheses around assignment used as truth value [-Wparentheses]
 1151 |       while (rl_point = MB_PREVCHAR (rl_line_buffer, rl_point, MB_FIND_ANY))
      |              ^~~~~~~~
../../.././lib/readline/display.c:767:38: warning: variable 'prompt_lines_estimate' set but not used [-Wunused-but-set-variable]
  767 |   int newlines, lpos, temp, n0, num, prompt_lines_estimate;
      |                                      ^~~~~~~~~~~~~~~~~~~~~
../../.././lib/readline/display.c:767:33: warning: variable 'num' set but not used [-Wunused-but-set-variable]
  767 |   int newlines, lpos, temp, n0, num, prompt_lines_estimate;
      |                                 ^~~
.././variables.c:3987:9: warning: suggest parentheses around assignment used as truth value [-Wparentheses]
 3987 |     if (elt = hash_remove (name, v->table, 0))
      |         ^~~
../../.././lib/readline/display.c:767:29: warning: unused variable 'n0' [-Wunused-variable]
  767 |   int newlines, lpos, temp, n0, num, prompt_lines_estimate;
      |                             ^~
../../.././lib/sh/strtrans.c: In function 'ansicstr':
../../.././lib/sh/strtrans.c:59:7: warning: unused variable 'b' [-Wunused-variable]
   59 |   int b, mb_cur_max;
      |       ^
../../.././lib/sh/strtrans.c: In function 'ansic_quote':
../../.././lib/sh/strtrans.c:253:17: warning: suggest parentheses around assignment used as truth value [-Wparentheses]
  253 |   for (s = str; c = *s; s++)
      |                 ^
../../.././lib/sh/strtrans.c: In function 'ansic_wshouldquote':
../../.././lib/sh/strtrans.c:337:21: warning: suggest parentheses around assignment used as truth value [-Wparentheses]
  337 |   for (wcs = wcstr; wcc = *wcs; wcs++)
      |                     ^~~
../.././builtins/../.././builtins/help.def: In function 'help_builtin':
../.././builtins/../.././builtins/help.def:145:16: warning: suggest parentheses around assignment used as truth value [-Wparentheses]
../../.././lib/sh/strtrans.c: In function 'ansic_shouldquote':
../../.././lib/sh/strtrans.c:360:20: warning: suggest parentheses around assignment used as truth value [-Wparentheses]
  360 |   for (s = string; c = *s; s++)
      |                    ^
../../.././lib/readline/complete.c: In function 'compute_lcd_of_matches':
../.././builtins/../.././builtins/help.def: In function 'show_desc':
../.././builtins/../.././builtins/help.def:260:19: warning: variable 'r' set but not used [-Wunused-but-set-variable]
../../.././lib/readline/complete.c:1323:7: warning: unused variable 'v' [-Wunused-variable]
 1323 |   int v;
      |       ^
../.././builtins/../.././builtins/help.def: In function 'show_builtin_command_help':
../.././builtins/../.././builtins/help.def:520:9: warning: unused variable 't' [-Wunused-variable]
../.././builtins/../.././builtins/help.def:518:10: warning: unused variable 'j' [-Wunused-variable]
../../.././lib/readline/display.c: In function 'update_line':
../../.././lib/readline/vi_mode.c: At top level:
../../.././lib/readline/vi_mode.c:104:12: warning: 'vi_continued_command' defined but not used [-Wunused-variable]
  104 | static int vi_continued_command;
      |            ^~~~~~~~~~~~~~~~~~~~
../../.././lib/readline/history.c: In function 'add_history':
../../.././lib/readline/history.c:286:20: warning: unused variable 'i' [-Wunused-variable]
  286 |       register int i;
      |                    ^
../../.././lib/readline/display.c:1787:21: warning: unused variable 'optr' [-Wunused-variable]
 1787 |               char *optr;
      |                     ^~~~
../../.././lib/readline/display.c:1786:19: warning: unused variable 'count' [-Wunused-variable]
 1786 |               int count, i, j;
      |                   ^~~~~
../../.././lib/readline/bind.c: In function 'rl_function_dumper':
../../.././lib/readline/history.c: In function 'remove_history':
../../.././lib/readline/history.c:509:16: warning: unused variable 'i' [-Wunused-variable]
  509 |   register int i;
      |                ^
.././bashline.c: In function 'bash_check_expchar':
../../.././lib/readline/bind.c:2805:15: warning: suggest parentheses around assignment used as truth value [-Wparentheses]
 2805 |   for (i = 0; name = names[i]; i++)
      |               ^~~~
.././subst.c: In function 'expand_string_dollar_quote':
../../.././lib/sh/casemod.c: In function 'sh_modcase':
../../.././lib/sh/casemod.c:107:15: warning: unused variable 'c' [-Wunused-variable]
  107 |   int inword, c, nc, nop, match, usewords;
      |               ^
../../.././lib/readline/histexpand.c: In function 'get_history_event':
../../.././lib/readline/histexpand.c:213:25: warning: suggest parentheses around assignment used as truth value [-Wparentheses]
  213 |   for (local_index = i; c = string[i]; i++)
      |                         ^
.././bashline.c:4172:7: warning: suggest parentheses around assignment used as truth value [-Wparentheses]
 4172 |   if (t = mbschr (dirname, '$'))
      |       ^
.././subst.c:4192:10: warning: suggest parentheses around assignment used as truth value [-Wparentheses]
 4192 |   while (c = string[sindex])
      |          ^
../../.././lib/readline/misc.c: In function '_rl_free_saved_history_line':
../../.././lib/readline/misc.c:388:14: warning: unused variable 'orig' [-Wunused-variable]
  388 |   UNDO_LIST *orig;
      |              ^~~~
../../.././lib/readline/histfile.c: In function 'history_backupfile':
../../.././lib/readline/misc.c: In function '_rl_revert_previous_lines':
../../.././lib/readline/histfile.c:193:15: warning: unused variable 'fs' [-Wunused-variable]
  193 |   struct stat fs;
      |               ^~
../../.././lib/readline/misc.c:465:11: warning: suggest parentheses around assignment used as truth value [-Wparentheses]
  465 |       if (ul = (UNDO_LIST *)entry->data)
      |           ^~
rm -f break.c
../../.././lib/readline/histfile.c: In function 'history_tempfile':
../../.././lib/readline/histfile.c:221:15: warning: unused variable 'fs' [-Wunused-variable]
  221 |   struct stat fs;
      |               ^~
../../.././lib/readline/misc.c: In function 'rl_clear_history':
.././bashline.c: In function 'set_filename_quote_chars':
../../.././lib/readline/misc.c:525:11: warning: suggest parentheses around assignment used as truth value [-Wparentheses]
  525 |       if (ul = (UNDO_LIST *)hent->data)
      |           ^~
../../.././lib/readline/complete.c: In function 'rl_completion_matches':
.././bashline.c:4231:23: warning: suggest parentheses around assignment used as truth value [-Wparentheses]
 4231 |       for (i = j = 0; c = default_filename_quote_characters[i]; i++)
      |                       ^
../../.././lib/readline/input.c: In function 'rl_read_key':
../../.././lib/readline/histexpand.c: In function 'history_expand_internal':
../../.././lib/readline/input.c:766:11: warning: suggest parentheses around assignment used as truth value [-Wparentheses]
  766 |       if (c = _rl_next_macro_key ())
      |           ^
../../.././lib/readline/histexpand.c:682:48: warning: variable 'ws' set but not used [-Wunused-but-set-variable]
  682 |             int delimiter, failed, si, l_temp, ws, we;
      |                                                ^~
../../.././lib/readline/complete.c:2235:10: warning: suggest parentheses around assignment used as truth value [-Wparentheses]
 2235 |   while (string = (*entry_function) (text, matches))
      |          ^~~~~~
.././variables.c: In function 'push_posix_temp_var':
../../.././lib/readline/histfile.c: In function 'history_truncate_file':
../../.././lib/readline/histfile.c:521:49: warning: variable 'r' set but not used [-Wunused-but-set-variable]
  521 |   int file, chars_read, rv, orig_lines, exists, r;
      |                                                 ^
../../.././lib/readline/complete.c: In function 'rl_username_completion_function':
../../.././lib/sh/strvis.c: In function 'sh_strvis':
../../.././lib/sh/strvis.c:126:17: warning: unused variable 'c' [-Wunused-variable]
  126 |   unsigned char c;
      |                 ^
../.././builtins/../.././builtins/setattr.def: In function 'set_or_show_attributes':
../.././builtins/../.././builtins/setattr.def:320:16: warning: suggest parentheses around assignment used as truth value [-Wparentheses]
../../.././lib/readline/input.c: In function 'rl_getc':
../.././builtins/../.././builtins/setattr.def:337:9: warning: suggest parentheses around assignment used as truth value [-Wparentheses]
../../.././lib/readline/shell.c:126:13: warning: 'putenv_buf2' defined but not used [-Wunused-variable]
  126 | static char putenv_buf2[INT_STRLEN_BOUND (int) + 8 + 1];        /* sizeof("COLUMNS=") == 8 */
      |             ^~~~~~~~~~~
../../.././lib/readline/shell.c:125:13: warning: 'putenv_buf1' defined but not used [-Wunused-variable]
  125 | static char putenv_buf1[INT_STRLEN_BOUND (int) + 6 + 1];        /* sizeof("LINES=") == 6 */
      |             ^~~~~~~~~~~
../.././builtins/../.././builtins/setattr.def: In function 'show_all_var_attributes':
../../.././lib/readline/input.c:882:1: warning: label 'handle_error' defined but not used [-Wunused-label]
  882 | handle_error:
      | ^~~~~~~~~~~~
../.././builtins/../.././builtins/setattr.def:364:28: warning: suggest parentheses around assignment used as truth value [-Wparentheses]
../../.././lib/readline/complete.c:2307:10: warning: suggest parentheses around assignment used as truth value [-Wparentheses]
 2307 |   while (entry = getpwent ())
      |          ^~~~~
rm -f alias.c
../.././builtins/../.././builtins/setattr.def:371:11: warning: suggest parentheses around assignment used as truth value [-Wparentheses]
../.././builtins/../.././builtins/setattr.def: In function 'show_local_var_attributes':
../.././builtins/../.././builtins/setattr.def:392:28: warning: suggest parentheses around assignment used as truth value [-Wparentheses]
.././variables.c:4556:15: warning: variable 'binding_table' set but not used [-Wunused-but-set-variable]
 4556 |   HASH_TABLE *binding_table;
      |               ^~~~~~~~~~~~~
../.././builtins/../.././builtins/setattr.def:399:11: warning: suggest parentheses around assignment used as truth value [-Wparentheses]
../../.././lib/readline/input.c:811:12: warning: unused variable 'empty_set' [-Wunused-variable]
  811 |   sigset_t empty_set;
      |            ^~~~~~~~~
../../.././lib/readline/histfile.c: In function 'history_do_write':
../../.././lib/readline/histfile.c:683:22: warning: unused variable 'nfinfo' [-Wunused-variable]
  683 |   struct stat finfo, nfinfo;
      |                      ^~~~~~
.././variables.c: In function 'mk_env_string':
../../.././lib/readline/display.c:1655:39: warning: unused variable 'twidth' [-Wunused-variable]
 1655 |   int temp, lendiff, wsatend, od, nd, twidth, o_cpos;
      |                                       ^~~~~~
../../.././lib/sh/timers.c: In function 'shtimer_select':
../../.././lib/sh/timers.c:185:26: warning: unused variable 'prevmask' [-Wunused-variable]
  185 |   sigset_t blocked_sigs, prevmask;
      |                          ^~~~~~~~
.././variables.c:4760:15: warning: unused variable 'isarray' [-Wunused-variable]
 4760 |   int isfunc, isarray;
      |               ^~~~~~~
.././variables.c: In function 'make_env_array_from_var_list':
../../.././lib/readline/histfile.c: At top level:
../../.././lib/readline/histfile.c:473:1: warning: 'histfile_backup' defined but not used [-Wunused-function]
  473 | histfile_backup (const char *filename, const char *back)
      | ^~~~~~~~~~~~~~~
../../.././lib/readline/histfile.c:187:1: warning: 'history_backupfile' defined but not used [-Wunused-function]
  187 | history_backupfile (const char *filename)
      | ^~~~~~~~~~~~~~~~~~
.././bashline.c: In function 'bash_execute_unix_command':
rm -f caller.c
.././variables.c:4896:31: warning: suggest parentheses around assignment used as truth value [-Wparentheses]
 4896 |   for (i = 0, list_index = 0; var = vars[i]; i++)
      |                               ^~~
../../.././lib/readline/display.c: In function 'rl_forced_update_display':
.././bashline.c:4447:27: warning: unused variable 'old_ch' [-Wunused-variable]
 4447 |   char *cmd, *value, *ce, old_ch;
      |                           ^~~~~~
../../.././lib/readline/mbutil.c: In function '_rl_find_prev_utf8char':
../../.././lib/readline/mbutil.c:247:9: warning: unused variable 's' [-Wunused-variable]
  247 |   char *s;
      |         ^
../../.././lib/readline/display.c:2683:18: warning: unused variable 'temp' [-Wunused-variable]
 2683 |   register char *temp;
      |                  ^~~~
.././bashline.c: In function 'isolate_sequence':
.././bashline.c:4649:19: warning: suggest parentheses around assignment used as truth value [-Wparentheses]
 4649 |   for (passc = 0; c = string[i]; i++)
      |                   ^
../../.././lib/readline/complete.c: In function 'rl_menu_complete':
../../.././lib/readline/complete.c:2844:25: warning: unused variable 'cstate' [-Wunused-variable]
 2844 |   static int delimiter, cstate;
      |                         ^~~~~~
../../.././lib/readline/mbutil.c: At top level:
../../.././lib/readline/mbutil.c:87:1: warning: '_rl_utf8_mblen' defined but not used [-Wunused-function]
   87 | _rl_utf8_mblen (const char *s, size_t n)
      | ^~~~~~~~~~~~~~
../../.././lib/sh/random.c: In function 'genseed':
../../.././lib/sh/random.c:93:8: warning: cast from pointer to integer of different size [-Wpointer-to-int-cast]
   93 |   iv = (u_bits32_t)seedrand;            /* let the compiler truncate */
      |        ^
../../.././lib/sh/random.c: In function 'brand32':
../../.././lib/sh/random.c:143:14: warning: unused variable 'ret' [-Wunused-variable]
  143 |   u_bits32_t ret;
      |              ^~~
../../.././lib/sh/random.c: At top level:
../../.././lib/sh/random.c:166:1: warning: 'perturb_rand32' defined but not used [-Wunused-function]
  166 | perturb_rand32 ()
      | ^~~~~~~~~~~~~~
../../.././lib/sh/random.c:141:1: warning: 'brand32' defined but not used [-Wunused-function]
  141 | brand32 ()
      | ^~~~~~~
.././bashline.c: At top level:
.././bashline.c:214:12: warning: 'set_saved_history' declared 'static' but never defined [-Wunused-function]
  214 | static int set_saved_history PARAMS((void));
      |            ^~~~~~~~~~~~~~~~~
../.././builtins/../.././builtins/wait.def: In function 'wait_builtin':
../.././builtins/../.././builtins/wait.def:117:14: warning: variable 'pidvar' set but not used [-Wunused-but-set-variable]
../.././builtins/../.././builtins/wait.def: In function 'set_waitlist':
../.././builtins/../.././builtins/wait.def:338:12: warning: unused variable 'r' [-Wunused-variable]
.././variables.c: In function 'pop_var_context':
../.././builtins/../.././builtins/type.def: In function 'describe_command':
../.././builtins/../.././builtins/type.def:338:11: warning: suggest parentheses around assignment used as truth value [-Wparentheses]
.././variables.c:5420:7: warning: suggest parentheses around assignment used as truth value [-Wparentheses]
 5420 |   if (ret = vcxt->down)
      |       ^~~
.././variables.c: In function 'pop_scope':
rm -f test.c
../.././builtins/../.././builtins/set.def: In function 'parse_shellopts':
../.././builtins/../.././builtins/set.def:617:10: warning: suggest parentheses around assignment used as truth value [-Wparentheses]
.././variables.c:5520:7: warning: variable 'is_bltinenv' set but not used [-Wunused-but-set-variable]
 5520 |   int is_bltinenv;
      |       ^~~~~~~~~~~
../.././builtins/../.././builtins/set.def: In function 'set_builtin':
../.././builtins/../.././builtins/set.def:742:11: warning: suggest parentheses around assignment used as truth value [-Wparentheses]
../.././builtins/../.././builtins/set.def: In function 'unset_builtin':
../.././builtins/../.././builtins/set.def:946:8: warning: suggest parentheses around assignment used as truth value [-Wparentheses]
../.././builtins/../.././builtins/set.def:990:9: warning: suggest parentheses around assignment used as truth value [-Wparentheses]
rm -f suspend.c
../.././builtins/../.././builtins/shopt.def: In function 'toggle_shopts':
../.././builtins/../.././builtins/shopt.def:482:7: warning: suggest parentheses around assignment used as truth value [-Wparentheses]
../.././builtins/../.././builtins/shopt.def: In function 'set_bashopts':
../.././builtins/../.././builtins/shopt.def:854:24: warning: unused variable 'ip' [-Wunused-variable]
../.././builtins/../.././builtins/shopt.def: In function 'parse_bashopts':
../.././builtins/../.././builtins/shopt.def:915:10: warning: suggest parentheses around assignment used as truth value [-Wparentheses]
.././variables.c: In function 'sv_history_control':
../.././builtins/../.././builtins/read.def:144:20: warning: 'old_alrm' defined but not used [-Wunused-variable]
rm -f let.c
rm -f times.c
rm -f exit.c
.././variables.c:6179:10: warning: suggest parentheses around assignment used as truth value [-Wparentheses]
 6179 |   while (val = extract_colon_unit (temp, &tptr))
      |          ^~~
../.././builtins/getopt.c: In function 'sh_getopt':
../.././builtins/getopt.c:182:7: warning: suggest parentheses around assignment used as truth value [-Wparentheses]
  182 |   if (sh_badopt = (temp == NULL || c == ':'))
      |       ^~~~~~~~~
.././bashline.c:4584:1: warning: 'get_cmd_xmap_from_edit_mode' defined but not used [-Wunused-function]
 4584 | get_cmd_xmap_from_edit_mode ()
      | ^~~~~~~~~~~~~~~~~~~~~~~~~~~
rm -f return.c
.././bashline.c:4386:1: warning: 'putx' defined but not used [-Wunused-function]
 4386 | putx(c)
      | ^~~~
.././variables.c: In function 'sv_histtimefmt':
.././variables.c:6228:7: warning: suggest parentheses around assignment used as truth value [-Wparentheses]
 6228 |   if (v = find_variable (name))
      |       ^
../../.././lib/readline/display.c: At top level:
rm -f hash.c
rm -f echo.c
../../.././lib/readline/display.c:3236:1: warning: 'insert_some_chars' defined but not used [-Wunused-function]
 3236 | insert_some_chars (char *string, int count, int col)
      | ^~~~~~~~~~~~~~~~~
rm -f source.c
rm -f fg_bg.c
rm -f shift.c
/bin/sh ../.././builtins/psize.sh > pipesize.h
rm -f bind.c
rm -f exec.c
.././variables.c: At top level:
rm -f libtilde.a
.././variables.c:2554:1: warning: 'var_sametype' defined but not used [-Wunused-function]
 2554 | var_sametype (v1, v2)
      | ^~~~~~~~~~~~
.././variables.c:188:21: warning: 'last_context_searched' defined but not used [-Wunused-variable]
  188 | static VAR_CONTEXT *last_context_searched;
      |                     ^~~~~~~~~~~~~~~~~~~~~
.././subst.c: In function 'parameter_brace_expand_word':
ar cr libtilde.a tilde.o
.././subst.c:7514:12: warning: suggest parentheses around assignment used as truth value [-Wparentheses]
 7514 |   else if (var = find_variable (name))
      |            ^~~
rm -f cd.c
.././subst.c:7547:12: warning: suggest parentheses around assignment used as truth value [-Wparentheses]
 7547 |   else if (var = find_variable_last_nameref (name, 0))
      |            ^~~
../.././builtins/../.././builtins/shopt.def: In function 'set_compatibility_level':
../.././builtins/../.././builtins/shopt.def:712:11: warning: 'oldval' may be used uninitialized [-Wmaybe-uninitialized]
../.././builtins/../.././builtins/shopt.def:677:12: note: 'oldval' was declared here
rm -f getopts.c
../.././builtins/../.././builtins/history.def: In function 'history_builtin':
../.././builtins/../.././builtins/history.def:185:59: warning: 'delete_arg' may be used uninitialized [-Wmaybe-uninitialized]
../.././builtins/../.././builtins/history.def:112:20: note: 'delete_arg' was declared here
rm -f jobs.c
../.././builtins/../.././builtins/enable.def: In function 'enable_builtin':
../.././builtins/../.././builtins/enable.def:192:16: warning: 'filename' may be used uninitialized [-Wmaybe-uninitialized]
../.././builtins/../.././builtins/enable.def:116:9: note: 'filename' was declared here
rm -f kill.c
test -n "ranlib" && ranlib libtilde.a
rm -f mapfile.c
rm -f wait.c
In function 'extglob_skipname',
    inlined from 'skipname.isra' at ../../.././lib/glob/glob.c:279:13:
../../.././lib/glob/glob.c:257:12: warning: 'r' may be used uninitialized [-Wmaybe-uninitialized]
  257 |     return r;
      |            ^
../../.././lib/glob/glob.c: In function 'skipname.isra':
../../.././lib/glob/glob.c:204:10: note: 'r' was declared here
  204 |   int n, r, negate, wild, nullpat, xflags;
      |          ^
rm -f umask.c
../.././builtins/../.././builtins/declare.def:387:7: warning: 'optchar' may be used uninitialized [-Wmaybe-uninitialized]
../.././builtins/../.././builtins/declare.def:376:13: note: 'optchar' was declared here
rm -f trap.c
make[5]: Leaving directory '/sonic/src/bash/bash-5.2.37/build-bash/lib/tilde'
rm -f type.c
rm -f enable.c
.././subst.c: In function 'shouldexp_replacement':
.././subst.c:8903:10: warning: suggest parentheses around assignment used as truth value [-Wparentheses]
 8903 |   while (c = s[sindex])
      |          ^
.././subst.c: In function 'pat_subst':
.././subst.c:9036:18: warning: unused variable 'clen' [-Wunused-variable]
 9036 |           size_t clen;
      |                  ^~~~
../../.././lib/readline/kill.c: In function '_rl_read_bracketed_paste_prefix':
../../.././lib/readline/kill.c:800:29: warning: 'key' may be used uninitialized [-Wmaybe-uninitialized]
  800 |       return (key < 0 ? key : 0);
      |              ~~~~~~~~~~~~~~~^~~~
../../.././lib/readline/kill.c:777:7: note: 'key' was declared here
  777 |   int key, ind, j;
      |       ^~~
rm -f history.c
../../.././lib/readline/histfile.c: In function 'history_truncate_file':
../../.././lib/readline/histfile.c:646:46: warning: 'orig_lines' may be used uninitialized [-Wmaybe-uninitialized]
  646 |   history_lines_written_to_file = orig_lines - lines;
      |                                   ~~~~~~~~~~~^~~~~~~
../../.././lib/readline/histfile.c:521:29: note: 'orig_lines' was declared here
  521 |   int file, chars_read, rv, orig_lines, exists, r;
      |                             ^~~~~~~~~~
rm -f libsh.a
ar cr libsh.a clktck.o clock.o getenv.o oslib.o setlinebuf.o strnlen.o itos.o zread.o zwrite.o shtty.o shmatch.o eaccess.o netconn.o netopen.o timeval.o makepath.o pathcanon.o pathphys.o tmpfile.o stringlist.o stringvec.o spell.o shquote.o strtrans.o snprintf.o mailstat.o fmtulong.o fmtullong.o fmtumax.o zcatfd.o zmapfd.o winsize.o wcsdup.o fpurge.o zgetline.o mbscmp.o uconvert.o ufuncs.o casemod.o input_avail.o mbscasecmp.o fnxform.o unicode.o shmbchar.o strvis.o utf8.o random.o gettimeofday.o timers.o wcsnwidth.o mbschr.o
rm -f help.c
.././subst.c: In function 'parameter_brace_expand':
rm -f setattr.c
.././subst.c:9628:7: warning: suggest parentheses around assignment used as truth value [-Wparentheses]
 9628 |   if (c = string[sindex])
      |       ^
.././subst.c:9638:11: warning: suggest parentheses around assignment used as truth value [-Wparentheses]
 9638 |       if (c = string[sindex])
      |           ^
../../.././lib/readline/text.c: In function 'rl_insert_text':
../../.././lib/readline/text.c:101:3: warning: '__builtin_strncpy' output truncated before terminating nul copying as many bytes from a string as its length [-Wstringop-truncation]
  101 |   strncpy (rl_line_buffer + rl_point, string, l);
      |   ^
../../.././lib/readline/text.c:91:29: note: length computed here
   91 |   l = (string && *string) ? strlen (string) : 0;
      |                             ^~~~~~~~~~~~~~~
rm -f pushd.c
test -n "ranlib" && ranlib libsh.a
.././trap.c: In function 'restore_default_signal':
.././trap.c:918:15: warning: array subscript 68 is above array bounds of 'int[68]' [-Warray-bounds=]
  918 |   if (sigmodes[sig] & SIG_HARD_IGNORE)
      |       ~~~~~~~~^~~~~
.././trap.c:75:12: note: while referencing 'sigmodes'
   75 | static int sigmodes[BASH_NSIG];
      |            ^~~~~~~~
rm -f shopt.c
rm -f complete.c
.././bashline.c: In function '_ignore_completion_names':
.././bashline.c:3027:17: warning: 'oldnames' may be used uninitialized [-Wmaybe-uninitialized]
 3027 |         oldnames[oidx++] = names[idx];
      |                 ^
rm -f fc.c
.././bashline.c:2990:10: note: 'oldnames' was declared here
 2990 |   char **oldnames;
      |          ^~~~~~~~
make[5]: Leaving directory '/sonic/src/bash/bash-5.2.37/build-bash/lib/sh'
../.././builtins/../.././builtins/set.def:1013:10: warning: 'tem' may be used uninitialized [-Wmaybe-uninitialized]
../.././builtins/../.././builtins/set.def:882:11: note: 'tem' was declared here
rm -f declare.c
.././subst.c: In function 'expand_word_internal':
.././subst.c:11650:1: warning: label 'add_quoted_character' defined but not used [-Wunused-label]
11650 | add_quoted_character:
      | ^~~~~~~~~~~~~~~~~~~~
.././subst.c:10976:7: warning: variable 'local_expanded' set but not used [-Wunused-but-set-variable]
10976 |   int local_expanded;
      |       ^~~~~~~~~~~~~~
.././subst.c: In function 'string_quote_removal':
.././subst.c:11908:29: warning: suggest parentheses around assignment used as truth value [-Wparentheses]
11908 |   for (dquote = sindex = 0; c = string[sindex];)
      |                             ^
rm -f set.c
.././subst.c: In function 'glob_expand_word_list':
.././subst.c:12312:7: warning: unused variable 'x' [-Wunused-variable]
12312 |   int x;
      |       ^
.././subst.c: In function 'brace_expand_word_list':
.././subst.c:12452:28: warning: suggest parentheses around assignment used as truth value [-Wparentheses]
12452 |           for (eindex = 0; temp_string = expansions[eindex]; eindex++)
      |                            ^~~~~~~~~~~
.././subst.c: In function 'expand_declaration_argument':
.././subst.c:12713:33: warning: array subscript has type 'char' [-Wchar-subscripts]
12713 |               omap[l->word->word[oind]] = 1;
      |                    ~~~~~~~~~~~~~^~~~~~
.././subst.c:12657:28: warning: variable 'inheriting' set but not used [-Wunused-but-set-variable]
12657 |   int t, opti, oind, skip, inheriting;
      |                            ^~~~~~~~~~
.././subst.c: In function 'expand_word_list_internal':
rm -f read.c
.././subst.c:12969:25: warning: unused variable 'temp_list' [-Wunused-variable]
12969 |   WORD_LIST *new_list, *temp_list;
      |                         ^~~~~~~~~
.././subst.c: At top level:
.././subst.c:236:14: warning: 'quoted_substring' declared 'static' but never defined [-Wunused-function]
  236 | static char *quoted_substring PARAMS((char *, int, int));
      |              ^~~~~~~~~~~~~~~~
.././subst.c:237:12: warning: 'quoted_strlen' declared 'static' but never defined [-Wunused-function]
  237 | static int quoted_strlen PARAMS((char *));
      |            ^~~~~~~~~~~~~
.././subst.c:238:14: warning: 'quoted_strchr' declared 'static' but never defined [-Wunused-function]
  238 | static char *quoted_strchr PARAMS((char *, int, int));
      |              ^~~~~~~~~~~~~
.././subst.c:251:19: warning: 'list_dequote_escapes' declared 'static' but never defined [-Wunused-function]
  251 | static WORD_LIST *list_dequote_escapes PARAMS((WORD_LIST *));
      |                   ^~~~~~~~~~~~~~~~~~~~
.././subst.c:256:12: warning: 'unquoted_substring' declared 'static' but never defined [-Wunused-function]
  256 | static int unquoted_substring PARAMS((char *, char *));
      |            ^~~~~~~~~~~~~~~~~~
.././subst.c:257:12: warning: 'unquoted_member' declared 'static' but never defined [-Wunused-function]
  257 | static int unquoted_member PARAMS((int, char *));
      |            ^~~~~~~~~~~~~~~
.././subst.c:277:23: warning: 'mb_getcharlens' declared 'static' but never defined [-Wunused-function]
  277 | static unsigned char *mb_getcharlens PARAMS((char *, int));
      |                       ^~~~~~~~~~~~~~
.././subst.c:292:14: warning: 'variable_remove_pattern' declared 'static' but never defined [-Wunused-function]
  292 | static char *variable_remove_pattern PARAMS((char *, char *, int, int));
      |              ^~~~~~~~~~~~~~~~~~~~~~~
.././subst.c:349:14: warning: 'pos_params_casemod' declared 'static' but never defined [-Wunused-function]
  349 | static char *pos_params_casemod PARAMS((char *, char *, int, int));
      |              ^~~~~~~~~~~~~~~~~~
../../.././lib/readline/complete.c: In function 'print_filename':
../../.././lib/readline/complete.c:1043:22: warning: 'printed_len' may be used uninitialized [-Wmaybe-uninitialized]
 1043 |           printed_len++;
      |           ~~~~~~~~~~~^~
../../.././lib/readline/complete.c:936:7: note: 'printed_len' was declared here
  936 |   int printed_len, extension_char, slen, tlen;
      |       ^~~~~~~~~~~
.././subst.c:222:53: warning: 'expand_param_unset' defined but not used [-Wunused-variable]
  222 | static char expand_param_error, expand_param_fatal, expand_param_unset;
      |                                                     ^~~~~~~~~~~~~~~~~~
In file included from .././shell.h:29,
                 from .././subst.c:46:
.././subst.c: In function 'expand_string_dollar_quote':
.././general.h:168:58: warning: pointer 't' may be used after 'free' [-Wuse-after-free]
  168 |                                   : ((a)[0] == (b)[0] && strncmp(a, b, n) == 0))
      |                                                          ^~~~~~~~~~~~~~~~
.././subst.c:4292:53: note: in expansion of macro 'STREQN'
 4292 |                     ((news-sindex-1) != translen || STREQN (t, trans, translen) == 0))
      |                                                     ^~~~~~
.././subst.c:4290:15: note: call to 'free' here
 4290 |               free (t);
      |               ^~~~~~~~
.././general.h:168:41: warning: pointer 't' may be used after 'free' [-Wuse-after-free]
  168 |                                   : ((a)[0] == (b)[0] && strncmp(a, b, n) == 0))
      |                                      ~~~^~~
.././subst.c:4292:53: note: in expansion of macro 'STREQN'
 4292 |                     ((news-sindex-1) != translen || STREQN (t, trans, translen) == 0))
      |                                                     ^~~~~~
.././subst.c:4290:15: note: call to 'free' here
 4290 |               free (t);
      |               ^~~~~~~~
rm -f printf.c
../../.././lib/readline/complete.c: In function 'rl_complete_internal':
../../.././lib/readline/complete.c:2104:14: warning: 'tlen' may be used uninitialized [-Wmaybe-uninitialized]
 2104 |           if (mlen >= tlen)
      |              ^
../../.././lib/readline/complete.c:2007:7: note: 'tlen' was declared here
 2007 |   int tlen, mlen, saved_last_completion_failed;
      |       ^~~~
../../.././lib/readline/vi_mode.c: In function 'rl_vi_change_char':
../../.././lib/readline/vi_mode.c:2069:7: warning: '__builtin_strncpy' output may be truncated copying 16 bytes from a string of length 16 [-Wstringop-truncation]
 2069 |       strncpy (mb, _rl_vi_last_replacement, MB_LEN_MAX);
      |       ^
.././execute_cmd.c: In function 'execute_command_internal':
.././execute_cmd.c:1120:9: warning: 'ofifo_list' may be used uninitialized [-Wmaybe-uninitialized]
 1120 |         close_new_fifos ((void *)ofifo_list, osize);
      |         ^~~~~~~~~~~~~~~~~~~~~~~~~~~~~~~~~~~~~~~~~~~
.././execute_cmd.c:590:18: note: 'ofifo_list' was declared here
  590 |   volatile void *ofifo_list;
      |                  ^~~~~~~~~~
.././jobs.c: In function 'make_child':
.././jobs.c:2186:7: warning: 'oterm' may be used uninitialized [-Wmaybe-uninitialized]
 2186 |       set_signal_handler (SIGTERM, oterm);
      |       ^~~~~~~~~~~~~~~~~~~~~~~~~~~~~~~~~~~
.././jobs.c:2128:15: note: 'oterm' was declared here
 2128 |   SigHandler *oterm;
      |               ^~~~~
gcc -Wl,-z,relro -Wl,-z,now -rdynamic -rdynamic -g -O2 -Werror=implicit-function-declaration -ffile-prefix-map=/sonic/src/bash/bash-5.2.37=. -fstack-protector-strong -fstack-clash-protection -Wformat -Werror=format-security -fcf-protection -Wall man2html.o -o man2html -ldl 		
make[5]: Leaving directory '/sonic/src/bash/bash-5.2.37/build-bash/support'
../../.././lib/readline/display.c: In function 'rl_redisplay':
../../.././lib/readline/display.c:1147:42: warning: 'wc_width' may be used uninitialized [-Wmaybe-uninitialized]
 1147 |               if (_rl_screenwidth < lpos + wc_width)
      |                                     ~~~~~^~~~~~~~~~
../../.././lib/readline/display.c:775:7: note: 'wc_width' was declared here
  775 |   int wc_width;
      |       ^~~~~~~~
rm -f -f libglob.a
ar cr libglob.a glob.o strmatch.o smatch.o xmbsrtowcs.o gmisc.o
test -n "ranlib" && ranlib libglob.a
make[5]: Leaving directory '/sonic/src/bash/bash-5.2.37/build-bash/lib/glob'
.././bashline.c: In function 'attempt_shell_completion':
.././bashline.c:1719:28: warning: 'e1' may be used uninitialized [-Wmaybe-uninitialized]
 1719 |       else if (e == 0 && e == s && text[0] == '\0' && have_progcomps)   /* beginning of empty line */
      |                          ~~^~~~
.././bashline.c:1669:21: note: 'e1' was declared here
 1669 |       int s, e, s1, e1, os, foundcs;
      |                     ^~
.././subst.c: In function 'read_comsub':
.././subst.c:6823:11: warning: 'bufp' may be used uninitialized [-Wmaybe-uninitialized]
 6823 |       c = *bufp++;
      |           ^~~~~~~
.././subst.c:6788:40: note: 'bufp' was declared here
 6788 |   char *istring, buf[COMSUB_PIPEBUF], *bufp;
      |                                        ^~~~
rm -f libreadline.a
ar cr libreadline.a readline.o vi_mode.o funmap.o keymaps.o parens.o search.o rltty.o complete.o bind.o isearch.o display.o signals.o util.o kill.o undo.o macro.o input.o callback.o terminal.o text.o nls.o misc.o history.o histexpand.o histfile.o histsearch.o shell.o savestring.o mbutil.o tilde.o colors.o parse-colors.o xmalloc.o xfree.o compat.o 
test -n "ranlib" && ranlib libreadline.a
make[5]: Leaving directory '/sonic/src/bash/bash-5.2.37/build-bash/lib/readline'
making lib/readline/libhistory.a in ./lib/readline
make[5]: Entering directory '/sonic/src/bash/bash-5.2.37/build-bash/lib/readline'
make[5]: warning: -j192 forced in submake: resetting jobserver mode.
rm -f libhistory.a
ar cr libhistory.a history.o histexpand.o histfile.o histsearch.o shell.o savestring.o mbutil.o xmalloc.o xfree.o
test -n "ranlib" && ranlib libhistory.a
make[5]: Leaving directory '/sonic/src/bash/bash-5.2.37/build-bash/lib/readline'
.././subst.c: In function 'extract_dollar_brace_string':
.././subst.c:1638:11: warning: '__builtin_strncpy' output truncated before terminating nul copying as many bytes from a string as its length [-Wstringop-truncation]
 1638 |           strncpy (result + result_index, t, tlen);
      |           ^
In function 'extract_heredoc_dolbrace_string',
    inlined from 'extract_dollar_brace_string' at .././subst.c:1832:13:
.././subst.c:1634:18: note: length computed here
 1634 |           tlen = strlen (t);
      |                  ^~~~~~~~~~
rm -f y.tab.o
gcc  -DPROGRAM='"bash"' -DCONF_HOSTTYPE='"x86_64"' -DCONF_OSTYPE='"linux-gnu"' -DCONF_MACHTYPE='"x86_64-pc-linux-gnu"' -DCONF_VENDOR='"pc"' -DLOCALEDIR='"/usr/share/locale"' -DPACKAGE='"bash"' -DSHELL -DHAVE_CONFIG_H   -I.  -I../. -I.././include -I.././lib    -Wdate-time -D_FORTIFY_SOURCE=2 -g -O2 -Werror=implicit-function-declaration -ffile-prefix-map=/sonic/src/bash/bash-5.2.37=. -fstack-protector-strong -fstack-clash-protection -Wformat -Werror=format-security -fcf-protection -Wall -c .././y.tab.c
/usr/local/src/chet/src/bash/src/parse.y: In function 'read_secondary_line':
/usr/local/src/chet/src/bash/src/parse.y:2175:10: warning: unused variable 'c' [-Wunused-variable]
/usr/local/src/chet/src/bash/src/parse.y:2175:7: warning: unused variable 'n' [-Wunused-variable]
/usr/local/src/chet/src/bash/src/parse.y: In function 'parse_matched_pair':
/usr/local/src/chet/src/bash/src/parse.y:3680:18: warning: variable 'prevch' set but not used [-Wunused-but-set-variable]
/usr/local/src/chet/src/bash/src/parse.y: In function 'parse_comsub':
/usr/local/src/chet/src/bash/src/parse.y:4089:7: warning: variable 'start_lineno' set but not used [-Wunused-but-set-variable]
/usr/local/src/chet/src/bash/src/parse.y: In function 'xparse_dolparen':
/usr/local/src/chet/src/bash/src/parse.y:4256:7: warning: variable 'orig_ind' set but not used [-Wunused-but-set-variable]
/usr/local/src/chet/src/bash/src/parse.y: In function 'parse_string_to_command':
/usr/local/src/chet/src/bash/src/parse.y:4394:9: warning: unused variable 'ret' [-Wunused-variable]
/usr/local/src/chet/src/bash/src/parse.y: In function 'parse_dparen':
/usr/local/src/chet/src/bash/src/parse.y:4460:15: warning: variable 'sline' set but not used [-Wunused-but-set-variable]
/usr/local/src/chet/src/bash/src/parse.y: In function 'parse_arith_cmd':
/usr/local/src/chet/src/bash/src/parse.y:4523:7: warning: variable 'exp_lineno' set but not used [-Wunused-but-set-variable]
/usr/local/src/chet/src/bash/src/parse.y: In function 'cond_error':
/usr/local/src/chet/src/bash/src/parse.y:4578:11: warning: suggest parentheses around assignment used as truth value [-Wparentheses]
/usr/local/src/chet/src/bash/src/parse.y: In function 'cond_term':
/usr/local/src/chet/src/bash/src/parse.y:4660:8: warning: suggest parentheses around assignment used as truth value [-Wparentheses]
/usr/local/src/chet/src/bash/src/parse.y:4692:8: warning: suggest parentheses around assignment used as truth value [-Wparentheses]
/usr/local/src/chet/src/bash/src/parse.y:4743:8: warning: suggest parentheses around assignment used as truth value [-Wparentheses]
/usr/local/src/chet/src/bash/src/parse.y:4774:8: warning: suggest parentheses around assignment used as truth value [-Wparentheses]
/usr/local/src/chet/src/bash/src/parse.y:4792:16: warning: suggest parentheses around assignment used as truth value [-Wparentheses]
/usr/local/src/chet/src/bash/src/parse.y: In function 'decode_prompt_string':
/usr/local/src/chet/src/bash/src/parse.y:5721:10: warning: suggest parentheses around assignment used as truth value [-Wparentheses]
/usr/local/src/chet/src/bash/src/parse.y: In function 'error_token_from_token':
/usr/local/src/chet/src/bash/src/parse.y:6137:7: warning: suggest parentheses around assignment used as truth value [-Wparentheses]
/usr/local/src/chet/src/bash/src/parse.y:6140:7: warning: suggest parentheses around assignment used as truth value [-Wparentheses]
/usr/local/src/chet/src/bash/src/parse.y: In function 'parse_string_to_word_list':
/usr/local/src/chet/src/bash/src/parse.y:6416:7: warning: suggest parentheses around assignment used as truth value [-Wparentheses]
/usr/local/src/chet/src/bash/src/parse.y: In function 'restore_parser_state':
/usr/local/src/chet/src/bash/src/parse.y:6662:7: warning: unused variable 'i' [-Wunused-variable]
/usr/local/src/chet/src/bash/src/parse.y: At top level:
/usr/local/src/chet/src/bash/src/parse.y:6313:1: warning: 'discard_parser_constructs' defined but not used [-Wunused-function]
/usr/local/src/chet/src/bash/src/parse.y:335:14: warning: 'yyerrstream' defined but not used [-Wunused-variable]
/usr/local/src/chet/src/bash/src/parse.y:334:14: warning: 'yyoutstream' defined but not used [-Wunused-variable]
/usr/local/src/chet/src/bash/src/parse.y:315:12: warning: 'global_extglob' defined but not used [-Wunused-variable]
In file included from .././shell.h:29,
                 from /usr/local/src/chet/src/bash/src/parse.y:47:
/usr/local/src/chet/src/bash/src/parse.y: In function 'read_token_word':
.././general.h:168:58: warning: pointer 'ttok' may be used after 'free' [-Wuse-after-free]
  168 |                                   : ((a)[0] == (b)[0] && strncmp(a, b, n) == 0))
      |                                                          ^~~~~~~~~~~~~~~~
/usr/local/src/chet/src/bash/src/parse.y:5103:42: note: in expansion of macro 'STREQN'
/usr/local/src/chet/src/bash/src/parse.y:5098:5: note: call to 'free' here
.././general.h:168:41: warning: pointer 'ttok' may be used after 'free' [-Wuse-after-free]
  168 |                                   : ((a)[0] == (b)[0] && strncmp(a, b, n) == 0))
      |                                      ~~~^~~
/usr/local/src/chet/src/bash/src/parse.y:5103:42: note: in expansion of macro 'STREQN'
/usr/local/src/chet/src/bash/src/parse.y:5098:5: note: call to 'free' here
/usr/local/src/chet/src/bash/src/parse.y: In function 'parse_matched_pair':
.././general.h:168:58: warning: pointer 'nestret' may be used after 'free' [-Wuse-after-free]
  168 |                                   : ((a)[0] == (b)[0] && strncmp(a, b, n) == 0))
      |                                                          ^~~~~~~~~~~~~~~~
/usr/local/src/chet/src/bash/src/parse.y:3908:42: note: in expansion of macro 'STREQN'
/usr/local/src/chet/src/bash/src/parse.y:3902:5: note: call to 'free' here
.././general.h:168:41: warning: pointer 'nestret' may be used after 'free' [-Wuse-after-free]
  168 |                                   : ((a)[0] == (b)[0] && strncmp(a, b, n) == 0))
      |                                      ~~~^~~
/usr/local/src/chet/src/bash/src/parse.y:3908:42: note: in expansion of macro 'STREQN'
/usr/local/src/chet/src/bash/src/parse.y:3902:5: note: call to 'free' here
/usr/local/src/chet/src/bash/src/parse.y: In function 'parse_comsub.constprop':
/usr/local/src/chet/src/bash/src/parse.y:4165:19: warning: 'local_extglob' may be used uninitialized [-Wmaybe-uninitialized]
/usr/local/src/chet/src/bash/src/parse.y:4089:21: note: 'local_extglob' was declared here
In function 'parameter_brace_expand_indir',
    inlined from 'parameter_brace_expand' at .././subst.c:9825:15,
    inlined from 'param_expand' at .././subst.c:10538:15:
.././subst.c:7657:31: warning: 'v' may be used uninitialized [-Wmaybe-uninitialized]
 7657 |   if (legal_identifier (name) && v == 0)
      |       ~~~~~~~~~~~~~~~~~~~~~~~~^~~~~~~~~
.././subst.c: In function 'param_expand':
.././subst.c:7635:14: note: 'v' was declared here
 7635 |   SHELL_VAR *v;
      |              ^
.././subst.c: In function 'parameter_brace_expand_length':
.././general.h:171:78: warning: 't' may be used uninitialized [-Wmaybe-uninitialized]
  171 | #define STRLEN(s) (((s) && (s)[0]) ? ((s)[1] ? ((s)[2] ? strlen(s) : 2) : 1) : 0)
      |                   ~~~~~~~~~~~~~~~~~~~~~~~~~~~~~~~~~~~~~~~~~~~~~~~~~~~~~~~~~~~^~~~
.././subst.c:8025:16: note: in expansion of macro 'STRLEN'
 8025 |       number = STRLEN (t);
      |                ^~~~~~
.././subst.c:7990:9: note: 't' was declared here
 7990 |   char *t, *newname;
      |         ^
.././subst.c: In function 'parameter_brace_find_indir':
.././subst.c:7608:33: warning: 'oldex' may be used uninitialized [-Wmaybe-uninitialized]
 7608 |     expand_no_split_dollar_star = oldex;
      |     ~~~~~~~~~~~~~~~~~~~~~~~~~~~~^~~~~~~
.././subst.c:7589:15: note: 'oldex' was declared here
 7589 |   int pflags, oldex;
      |               ^~~~~
In file included from .././variables.h:26,
                 from .././shell.h:31:
In function 'verify_substring_values',
    inlined from 'parameter_brace_substring' at .././subst.c:8815:7:
.././assoc.h:31:37: warning: 'h' may be used uninitialized [-Wmaybe-uninitialized]
   31 | #define assoc_num_elements(h)   ((h)->nentries)
      |                                 ~~~~^~~~~~~~~~~
.././subst.c:8185:25: note: in expansion of macro 'assoc_num_elements'
 8185 |     len = assoc_p (v) ? assoc_num_elements (h) : array_num_elements (a);
      |                         ^~~~~~~~~~~~~~~~~~
.././subst.c: In function 'parameter_brace_substring':
.././subst.c:8124:14: note: 'h' was declared here
 8124 |  HASH_TABLE *h;
      |              ^
In function 'verify_substring_values',
    inlined from 'parameter_brace_substring' at .././subst.c:8815:7:
.././subst.c:8185:48: warning: 'a' may be used uninitialized [-Wmaybe-uninitialized]
 8185 |     len = assoc_p (v) ? assoc_num_elements (h) : array_num_elements (a);
.././subst.c: In function 'parameter_brace_substring':
.././subst.c:8123:9: note: 'a' was declared here
 8123 |  ARRAY *a;
      |         ^
rm -f ulimit.o
./mkbuiltins -D ../.././builtins ../.././builtins/ulimit.def
gcc -c   -DHAVE_CONFIG_H -DSHELL  -I. -I..  -I../../. -I../.././include -I../.././lib -I../.././builtins    -Wdate-time -D_FORTIFY_SOURCE=2 -g -O2 -Werror=implicit-function-declaration -ffile-prefix-map=/sonic/src/bash/bash-5.2.37=. -fstack-protector-strong -fstack-clash-protection -Wformat -Werror=format-security -fcf-protection -Wall ulimit.c || ( rm -f ulimit.c ; exit 1 )
../.././builtins/../.././builtins/ulimit.def:783:1: warning: 'set_all_limits' defined but not used [-Wunused-function]
rm -f ulimit.c
rm -f libbuiltins.a
ar cr libbuiltins.a builtins.o alias.o bind.o break.o builtin.o caller.o cd.o colon.o command.o common.o declare.o echo.o enable.o eval.o evalfile.o evalstring.o exec.o exit.o fc.o fg_bg.o hash.o help.o history.o jobs.o kill.o let.o mapfile.o pushd.o read.o return.o set.o setattr.o shift.o source.o suspend.o test.o times.o trap.o type.o ulimit.o umask.o wait.o getopts.o shopt.o printf.o getopt.o bashgetopt.o complete.o
ranlib libbuiltins.a
make[5]: Leaving directory '/sonic/src/bash/bash-5.2.37/build-bash/builtins'
make[5]: Entering directory '/sonic/src/bash/bash-5.2.37/build-bash/builtins'
make[5]: warning: -j192 forced in submake: resetting jobserver mode.
make[5]: 'pipesize.h' is up to date.
make[5]: Leaving directory '/sonic/src/bash/bash-5.2.37/build-bash/builtins'
rm -f redir.o
gcc  -DPROGRAM='"bash"' -DCONF_HOSTTYPE='"x86_64"' -DCONF_OSTYPE='"linux-gnu"' -DCONF_MACHTYPE='"x86_64-pc-linux-gnu"' -DCONF_VENDOR='"pc"' -DLOCALEDIR='"/usr/share/locale"' -DPACKAGE='"bash"' -DSHELL -DHAVE_CONFIG_H   -I.  -I../. -I.././include -I.././lib    -Wdate-time -D_FORTIFY_SOURCE=2 -g -O2 -Werror=implicit-function-declaration -ffile-prefix-map=/sonic/src/bash/bash-5.2.37=. -fstack-protector-strong -fstack-clash-protection -Wformat -Werror=format-security -fcf-protection -Wall -c .././redir.c
.././redir.c: In function 'redir_varvalue':
.././redir.c:1485:7: warning: suggest parentheses around assignment used as truth value [-Wparentheses]
 1485 |   if (vr = valid_array_reference (w, 0))
      |       ^~
.././redir.c:1500:19: warning: suggest parentheses around assignment used as truth value [-Wparentheses]
 1500 |               if (vr = valid_array_reference (w, 0))
      |                   ^~
.././redir.c: At top level:
.././redir.c:767:1: warning: 'undoablefd' defined but not used [-Wunused-function]
  767 | undoablefd (fd)
      | ^~~~~~~~~~
.././redir.c: In function 'do_redirection_internal.constprop':
.././redir.c:872:23: warning: 'new_redirect' may be used uninitialized [-Wmaybe-uninitialized]
  872 |       if (new_redirect->instruction == r_err_and_out)
      |           ~~~~~~~~~~~~^~~~~~~~~~~~~
.././redir.c:797:13: note: 'new_redirect' was declared here
  797 |   REDIRECT *new_redirect;
      |             ^~~~~~~~~~~~
.././redir.c:917:27: warning: 'oflags' may be used uninitialized [-Wmaybe-uninitialized]
  917 |         redirectee->flags = oflags;
      |         ~~~~~~~~~~~~~~~~~~^~~~~~~~
.././redir.c:793:36: note: 'oflags' was declared here
  793 |   int redir_fd, fd, redirector, r, oflags;
      |                                    ^~~~~~
rm -f bash
gcc -L./builtins -L./lib/readline -L./lib/readline -L./lib/glob -L./lib/tilde  -L./lib/sh  -Wl,-z,relro -Wl,-z,now -rdynamic -g -O2 -Werror=implicit-function-declaration -ffile-prefix-map=/sonic/src/bash/bash-5.2.37=. -fstack-protector-strong -fstack-clash-protection -Wformat -Werror=format-security -fcf-protection -Wall   -o bash shell.o eval.o y.tab.o general.o make_cmd.o print_cmd.o  dispose_cmd.o execute_cmd.o variables.o copy_cmd.o error.o expr.o flags.o jobs.o subst.o hashcmd.o hashlib.o mailcheck.o trap.o input.o unwind_prot.o pathexp.o sig.o test.o version.o alias.o array.o arrayfunc.o assoc.o braces.o bracecomp.o bashhist.o bashline.o  list.o stringlib.o locale.o findcmd.o redir.o pcomplete.o pcomplib.o syntax.o xmalloc.o plugin.o  -lbuiltins -lglob -lsh -lreadline -lhistory -ltinfo -ltilde     -ldl -ldl 
/usr/bin/ld: ./lib/sh/libsh.a(tmpfile.o): in function `sh_mktmpname':
./build-bash/lib/sh/../../.././lib/sh/tmpfile.c:160:(.text+0x172): warning: the use of `mktemp' is dangerous, better use `mkstemp' or `mkdtemp'
ls -l bash
-rwxr-xr-x 1 qiuying.xzc gqiuying.xzc 4576856 Sep  1 22:05 bash
size bash
   text	   data	    bss	    dec	    hex	filename
1246570	  48404	  45152	1340126	 1472de	bash
make[4]: Leaving directory '/sonic/src/bash/bash-5.2.37/build-bash'
/usr/bin/make -C build-bash/doc \
	bash.info
make[4]: Entering directory '/sonic/src/bash/bash-5.2.37/build-bash/doc'
rm -f bash.info
makeinfo -o bash.info --no-split -I../.././lib/readline/doc ../.././doc/bashref.texi
rluser.texi:2: warning: @setfilename after the first element
make[4]: Leaving directory '/sonic/src/bash/bash-5.2.37/build-bash/doc'
touch stamps/stamp-build-bash
make[3]: Leaving directory '/sonic/src/bash/bash-5.2.37'
/usr/bin/make -f debian/rules do-build-static \
    bash_src=. \
    build=static \
    configure_args="--enable-largefile --prefix=/usr --infodir=/usr/share/info --mandir=/usr/share/man --without-bash-malloc --build x86_64-linux-gnu --enable-static-link "
make[3]: Entering directory '/sonic/src/bash/bash-5.2.37'
dh_testdir
rm -rf build-static
mkdir build-static
cd build-static && \
    CC="gcc" \
    CFLAGS="-g -O2 -Werror=implicit-function-declaration -ffile-prefix-map=/sonic/src/bash/bash-5.2.37=. -fstack-protector-strong -fstack-clash-protection -Wformat -Werror=format-security -fcf-protection -Wall" CPPFLAGS="-Wdate-time -D_FORTIFY_SOURCE=2" LDFLAGS="-Wl,-z,relro -Wl,-z,now" \
    YACC="bison -y" \
	.././configure --enable-largefile --prefix=/usr --infodir=/usr/share/info --mandir=/usr/share/man --without-bash-malloc --build x86_64-linux-gnu --enable-static-link 
checking build system type... x86_64-pc-linux-gnu
checking host system type... x86_64-pc-linux-gnu

Beginning configuration for bash-5.2-release for x86_64-pc-linux-gnu

checking for gcc... gcc
checking whether the C compiler works... yes
checking for C compiler default output file name... a.out
checking for suffix of executables... 
checking whether we are cross compiling... no
checking for suffix of object files... o
checking whether the compiler supports GNU C... yes
checking whether gcc accepts -g... yes
checking for gcc option to enable C11 features... none needed
checking for stdio.h... yes
checking for stdlib.h... yes
checking for string.h... yes
checking for inttypes.h... yes
checking for stdint.h... yes
checking for strings.h... yes
checking for sys/stat.h... yes
checking for sys/types.h... yes
checking for unistd.h... yes
checking for wchar.h... yes
checking for minix/config.h... no
checking for sys/param.h... yes
checking for xlocale.h... no
checking for sys/time.h... yes
checking whether it is safe to define __EXTENSIONS__... yes
checking whether _XOPEN_SOURCE should be defined... no
checking for -Wdate-time -D_FORTIFY_SOURCE=2 option for large files... none needed
checking for a BSD-compatible install... /usr/bin/install -c
checking for ar... ar
checking for ranlib... ranlib
checking for bison... bison -y
checking whether make sets $(MAKE)... yes
checking for an ANSI C-conforming const... yes
checking for inline... inline
checking whether byte ordering is bigendian... no
checking for long double... yes
checking whether char is unsigned... no
checking for working volatile... yes
checking for C/C++ restrict keyword... __restrict__
checking for a race-free mkdir -p... /usr/bin/mkdir -p
checking for a sed that does not truncate output... /usr/bin/sed
checking whether NLS is requested... yes
checking for msgfmt... /usr/bin/msgfmt
checking for gmsgfmt... /usr/bin/msgfmt
checking for xgettext... /usr/bin/xgettext
checking for msgmerge... /usr/bin/msgmerge
checking how to run the C preprocessor... gcc -E
checking for egrep -e... /usr/bin/grep -E
checking whether we are using the GNU C Library 2 or newer... yes
checking whether the -Werror option is usable... yes
checking for simple visibility declarations... yes
checking for size_t... yes
checking for stdint.h... yes
checking for working alloca.h... yes
checking for alloca... yes
checking for getpagesize... yes
checking for symlink... yes
checking for uselocale... yes
checking for vprintf... yes
checking for alarm... yes
checking for fpurge... no
checking for __fpurge... yes
checking for snprintf... yes
checking for vsnprintf... yes
checking for working mmap... yes
checking whether integer division by zero raises SIGFPE... yes
checking for inttypes.h... yes
checking for unsigned long long int... yes
checking for inttypes.h... (cached) yes
checking whether the inttypes.h PRIxNN macros are broken... no
checking for ld used by gcc... /usr/bin/ld
checking if the linker (/usr/bin/ld) is GNU ld... yes
checking for shared library run path origin... done
checking 32-bit host C ABI... no
checking for the common suffixes of directories in the library search path... lib,lib
checking whether imported symbols can be declared weak... yes
checking for pthread.h... yes
checking for pthread_kill in -lpthread... yes
checking for multithread API to use... posix
checking for pthread_rwlock_t... yes
checking whether pthread_rwlock_rdlock prefers a writer to a reader... no
checking for gcc options needed to detect all undeclared functions... none needed
checking for iconv... yes
checking for working iconv... yes
checking for iconv declaration... 
         extern size_t iconv (iconv_t cd, char * *inbuf, size_t *inbytesleft, char * *outbuf, size_t *outbytesleft);
checking for argz.h... yes
checking for inttypes.h... (cached) yes
checking for limits.h... yes
checking for unistd.h... (cached) yes
checking for sys/param.h... (cached) yes
checking for getcwd... yes
checking for getegid... yes
checking for geteuid... yes
checking for getgid... yes
checking for getuid... yes
checking for mempcpy... yes
checking for munmap... yes
checking for stpcpy... yes
checking for strcasecmp... yes
checking for strdup... yes
checking for strtoul... yes
checking for tsearch... yes
checking for argz_count... yes
checking for argz_stringify... yes
checking for argz_next... yes
checking for __fsetlocking... yes
checking for localeconv... yes
checking whether feof_unlocked is declared... yes
checking whether fgets_unlocked is declared... yes
checking for bison... bison
checking version of bison... 3.8.2, ok
checking for long long int... yes
checking for wchar_t... yes
checking for wint_t... yes
checking whether wint_t is too small... no
checking for intmax_t... yes
checking whether printf() supports POSIX/XSI format strings... yes
checking whether we are using the GNU C Library >= 2.1 or uClibc... yes
checking for stdint.h... (cached) yes
checking for SIZE_MAX... yes
checking for stdint.h... (cached) yes
checking for working fcntl.h... yes
checking whether uselocale works... yes
checking for fake locale system (OpenBSD)... no
checking for Solaris 11.4 locale system... no
checking for getlocalename_l... no
checking for CFPreferencesCopyAppValue... no
checking for CFLocaleCopyCurrent... no
checking for CFLocaleCopyPreferredLanguages... no
checking for flexible array members... yes
checking for ar... (cached) ar
checking for ptrdiff_t... yes
checking for features.h... yes
checking for stddef.h... yes
checking for stdlib.h... (cached) yes
checking for string.h... (cached) yes
checking for asprintf... yes
checking for fwprintf... yes
checking for newlocale... yes
checking for putenv... yes
checking for setenv... yes
checking for setlocale... yes
checking for snprintf... (cached) yes
checking for strnlen... yes
checking for uselocale... (cached) yes
checking for wcslen... yes
checking for wcsnlen... yes
checking for mbrtowc... yes
checking for wcrtomb... yes
checking whether _snprintf is declared... no
checking whether _snwprintf is declared... no
checking whether getc_unlocked is declared... yes
checking for nl_langinfo and CODESET... yes
checking for LC_MESSAGES... yes
checking for CFPreferencesCopyAppValue... (cached) no
checking for CFLocaleCopyCurrent... (cached) no
checking for CFLocaleCopyPreferredLanguages... (cached) no
checking whether included gettext is requested... no
checking for GNU gettext in libc... yes
checking whether to use NLS... yes
checking where the gettext function comes from... libc
checking for dirent.h that defines DIR... yes
checking for library containing opendir... none required
checking for sys/mkdev.h... no
checking for sys/sysmacros.h... yes
checking for inttypes.h... (cached) yes
checking for unistd.h... (cached) yes
checking for stdlib.h... (cached) yes
checking for stdarg.h... yes
checking for varargs.h... no
checking for limits.h... (cached) yes
checking for string.h... (cached) yes
checking for memory.h... yes
checking for locale.h... yes
checking for termcap.h... yes
checking for termio.h... yes
checking for termios.h... yes
checking for dlfcn.h... yes
checking for stdbool.h... yes
checking for stddef.h... (cached) yes
checking for stdint.h... (cached) yes
checking for netdb.h... yes
checking for pwd.h... yes
checking for grp.h... yes
checking for strings.h... (cached) yes
checking for regex.h... yes
checking for syslog.h... yes
checking for ulimit.h... yes
checking for sys/pte.h... no
checking for sys/stream.h... no
checking for sys/select.h... yes
checking for sys/file.h... yes
checking for sys/ioctl.h... yes
checking for sys/mman.h... yes
checking for sys/param.h... (cached) yes
checking for sys/random.h... yes
checking for sys/socket.h... yes
checking for sys/stat.h... (cached) yes
checking for sys/time.h... (cached) yes
checking for sys/times.h... yes
checking for sys/types.h... (cached) yes
checking for sys/wait.h... yes
checking for netinet/in.h... yes
checking for arpa/inet.h... yes
checking for sys/ptem.h... no
checking for sys/resource.h... yes
checking for working alloca.h... (cached) yes
checking for alloca... (cached) yes
checking for uid_t... yes
checking for gid_t... yes
checking for working chown... yes
checking whether getpgrp requires zero arguments... yes
checking for working strcoll... yes
checking for __setostype... no
checking for wait3... yes
checking for mkfifo... yes
checking for dup2... yes
checking for eaccess... yes
checking for fcntl... yes
checking for getdtablesize... yes
checking for getentropy... yes
checking for getgroups... yes
checking for gethostname... yes
checking for getpagesize... (cached) yes
checking for getpeername... yes
checking for getrandom... yes
checking for getrlimit... yes
checking for getrusage... yes
checking for gettimeofday... yes
checking for kill... yes
checking for killpg... yes
checking for lstat... yes
checking for pselect... yes
checking for readlink... yes
checking for select... yes
checking for setdtablesize... no
checking for setitimer... yes
checking for tcgetpgrp... yes
checking for uname... yes
checking for ulimit... yes
checking for waitpid... yes
checking for rename... yes
checking for bcopy... yes
checking for bzero... yes
checking for confstr... yes
checking for faccessat... yes
checking for fnmatch... yes
checking for getaddrinfo... yes
checking for gethostbyname... yes
checking for getservbyname... yes
checking for getservent... yes
checking for inet_aton... yes
checking for imaxdiv... yes
checking for memmove... yes
checking for pathconf... yes
checking for putenv... (cached) yes
checking for raise... yes
checking for random... yes
checking for regcomp... yes
checking for regexec... yes
checking for setenv... (cached) yes
checking for setlinebuf... yes
checking for setlocale... (cached) yes
checking for setvbuf... yes
checking for siginterrupt... yes
checking for strchr... yes
checking for sysconf... yes
checking for syslog... yes
checking for tcgetattr... yes
checking for times... yes
checking for ttyname... yes
checking for tzset... yes
checking for unsetenv... yes
checking for vasprintf... yes
checking for asprintf... (cached) yes
checking for isascii... yes
checking for isblank... yes
checking for isgraph... yes
checking for isprint... yes
checking for isspace... yes
checking for isxdigit... yes
checking for getpwent... yes
checking for getpwnam... yes
checking for getpwuid... yes
checking for mkstemp... yes
checking for mkdtemp... yes
checking for arc4random... yes
checking for getcwd... (cached) yes
checking for memset... yes
checking for strcasecmp... (cached) yes
checking for strcasestr... yes
checking for strerror... yes
checking for strftime... yes
checking for strnlen... (cached) yes
checking for strpbrk... yes
checking for strstr... yes
checking for strtod... yes
checking for strtol... yes
checking for strtoul... (cached) yes
checking for strtoll... yes
checking for strtoull... yes
checking for strtoumax... yes
checking for dprintf... yes
checking for strchrnul... yes
checking for strdup... (cached) yes
checking for libaudit.h... yes
checking whether AUDIT_USER_TTY is declared... yes
checking whether confstr is declared... yes
checking whether printf is declared... yes
checking whether sbrk is declared... yes
checking whether setregid is declared... yes
checking whether strcpy is declared... yes
checking whether strsignal is declared... yes
checking for setresuid... yes
checking for setresgid... yes
checking whether strtold is declared... yes
checking for broken strtold... no
checking whether strtol is declared... yes
checking whether strtoll is declared... yes
checking whether strtoul is declared... yes
checking whether strtoull is declared... yes
checking whether strtoumax is declared... yes
checking for working mktime... yes
checking for argz.h... (cached) yes
checking for errno.h... yes
checking for fcntl.h... yes
checking for malloc.h... yes
checking for stdio_ext.h... yes
checking for working mmap... (cached) yes
checking for __argz_count... yes
checking for __argz_next... yes
checking for __argz_stringify... yes
checking for dcgettext... yes
checking for mempcpy... (cached) yes
checking for munmap... (cached) yes
checking for mremap... yes
checking for stpcpy... (cached) yes
checking for strcspn... yes
checking for wctype.h... yes
checking for wchar.h... (cached) yes
checking for langinfo.h... yes
checking for mbstr.h... no
checking for mbrlen... yes
checking for mbscasecmp... no
checking for mbscmp... no
checking for mbsnrtowcs... yes
checking for mbsrtowcs... yes
checking for mbschr... no
checking for wcrtomb... (cached) yes
checking for wcscoll... yes
checking for wcsdup... yes
checking for wcwidth... yes
checking for wctype... yes
checking for wcswidth... yes
checking whether mbrtowc and mbstate_t are properly declared... (cached) yes
checking for iswlower... yes
checking for iswupper... yes
checking for towlower... yes
checking for towupper... yes
checking for iswctype... yes
checking for wchar_t in wchar.h... yes
checking for wctype_t in wctype.h... yes
checking for wint_t in wctype.h... yes
checking for wcwidth broken with unicode combining characters... yes
checking for locale_charset... no
checking size of wchar_t... 4
checking type of array argument to getgroups... gid_t
checking for off_t... yes
checking for mode_t... yes
checking for uid_t... (cached) yes
checking for gid_t... (cached) yes
checking for pid_t... yes
checking for size_t... (cached) yes
checking for uintptr_t... yes
checking for ssize_t... yes
checking for time_t... yes
checking for long long int... (cached) yes
checking for unsigned long long int... (cached) yes
checking for sig_atomic_t in signal.h... yes
checking size of char... 1
checking size of short... 2
checking size of int... 4
checking size of long... 8
checking size of char *... 8
checking size of size_t... 8
checking size of double... 8
checking size of long long... 8
checking for u_int... yes
checking for u_long... yes
checking for bits16_t... no
checking for u_bits16_t... no
checking for bits32_t... no
checking for u_bits32_t... no
checking for bits64_t... no
checking for ptrdiff_t... (cached) yes
checking whether stat file-mode macros are broken... no
checking whether #! works in shell scripts... yes
checking if dup2 fails to clear the close-on-exec flag... no
checking whether pgrps need synchronization... no
checking for type of signal functions... posix
checking for sys_errlist and sys_nerr... yes
checking whether sys_siglist is declared... no
checking for sys_siglist in system C library... no
checking for _sys_siglist in signal.h or unistd.h... no
checking for _sys_siglist in system C library... no
checking for clock_t... yes
checking for sigset_t... yes
checking for socklen_t... yes
checking for quad_t... yes
checking for type of struct rlimit fields... rlim_t
checking for intmax_t... yes
checking for uintmax_t... yes
checking size of intmax_t... 8
checking for struct termios.c_line... yes
checking for struct termio.c_line... yes
checking for struct dirent.d_ino... checking for struct dirent.d_ino... yes
yes
checking for struct dirent.d_fileno... checking for struct dirent.d_fileno... yes
yes
checking for struct dirent.d_namlen... checking for struct dirent.d_namlen... no
no
checking for struct winsize in sys/ioctl.h and termios.h... sys/ioctl.h
checking for struct timeval in sys/time.h and time.h... yes
checking for struct stat.st_blocks... yes
checking whether struct tm is in sys/time.h or time.h... time.h
checking for struct tm.tm_zone... yes
checking for struct timezone in sys/time.h and time.h... yes
checking for offset of exit status in return status from wait... 8
checking for struct timespec in <time.h>... yes
checking for struct stat.st_atim.tv_nsec... yes
checking whether struct stat.st_atim is of type struct timespec... yes
checking for sbrk... yes
checking for working sbrk... yes
checking for the existence of strsignal... yes
checking if opendir() opens non-directories... no
checking whether ulimit can substitute for getdtablesize... yes
checking whether fpurge is declared... no
checking to see if getenv can be redefined... yes
checking if getcwd() will dynamically allocate memory with 0 size... yes
checking for presence of POSIX-style sigsetjmp/siglongjmp... present
checking whether or not strcoll and strcmp differ... no
checking for standard-conformant snprintf... yes
checking for standard-conformant vsnprintf... yes
checking for usable strtoimax... checking for strtoimax... yes
checking whether strtoimax is declared... yes
yes
checking for standard-conformant putenv declaration... yes
checking for standard-conformant unsetenv declaration... yes
checking for printf floating point output in hex notation... yes
checking whether fnmatch can be used to check bracket equivalence classes... no
checking if signal handlers must be reinstalled when invoked... no
checking for presence of necessary job control definitions... present
checking for presence of named pipes... present
checking whether termios.h defines TIOCGWINSZ... no
checking whether sys/ioctl.h defines TIOCGWINSZ... yes
checking for TIOCSTAT in sys/ioctl.h... no
checking for FIONREAD in sys/ioctl.h... yes
checking whether WCONTINUED flag to waitpid is unavailable or available but broken... no
checking for speed_t in sys/types.h... no
checking whether getpw functions are declared in pwd.h... yes
checking for unusable real-time signals due to large values... no
checking for tgetent... no
checking for tgetent in -ltermcap... yes
checking which library has the termcap functions... using libtermcap
checking whether /dev/fd is available... standard
checking whether /dev/stdin stdout stderr are available... present
checking for default mail directory... /var/mail
configure: creating ./config.status
config.status: creating Makefile
config.status: creating builtins/Makefile
config.status: creating lib/readline/Makefile
config.status: creating lib/glob/Makefile
config.status: creating lib/intl/Makefile
config.status: creating lib/malloc/Makefile
config.status: creating lib/sh/Makefile
config.status: creating lib/termcap/Makefile
config.status: creating lib/tilde/Makefile
config.status: creating doc/Makefile
config.status: creating support/Makefile
config.status: creating po/Makefile.in
config.status: creating examples/loadables/Makefile
config.status: creating examples/loadables/Makefile.inc
config.status: creating examples/loadables/Makefile.sample
config.status: creating examples/loadables/perl/Makefile
config.status: creating support/bash.pc
config.status: creating support/bashbug.sh
config.status: creating config.h
config.status: executing po-directories commands
config.status: creating po/POTFILES
config.status: creating po/Makefile
config.status: executing stamp-h commands
if ! grep -q '#define HAVE_DEV_STDIN 1' build-static/config.h; then \
  echo "HAVE_DEV_STDIN not defined, abortig build"; \
  exit 1; \
fi
touch stamps/stamp-configure-static
dh_testdir
/usr/bin/make -C build-static \
	YACC="bison -y" \
	TERMCAP_LIB=" -ltinfo" \
	deb_builddir=build-static/ \
	
make[4]: Entering directory '/sonic/src/bash/bash-5.2.37/build-static'
make[5]: Entering directory '/sonic/src/bash/bash-5.2.37/build-static/builtins'
make[5]: warning: -j192 forced in submake: resetting jobserver mode.
rm -f mkbuiltins.o
rm -f mksyntax
gcc -c  -DHAVE_CONFIG_H -DSHELL  -I. -I..  -I../../. -I../.././include -I../.././lib -I../.././builtins    -Wdate-time -D_FORTIFY_SOURCE=2 -g -O2 -Werror=implicit-function-declaration -ffile-prefix-map=/sonic/src/bash/bash-5.2.37=. -fstack-protector-strong -fstack-clash-protection -Wformat -Werror=format-security -fcf-protection -Wall  ../.././builtins/mkbuiltins.c
rm -f mksignames.o
gcc -DPROGRAM='"bash"' -DCONF_HOSTTYPE='"x86_64"' -DCONF_OSTYPE='"linux-gnu"' -DCONF_MACHTYPE='"x86_64-pc-linux-gnu"' -DCONF_VENDOR='"pc"' -DLOCALEDIR='"/usr/share/locale"' -DPACKAGE='"bash"' -DSHELL -DHAVE_CONFIG_H   -I.  -I../. -I.././include -I.././lib   -Wdate-time -D_FORTIFY_SOURCE=2 -g -O2 -Werror=implicit-function-declaration -ffile-prefix-map=/sonic/src/bash/bash-5.2.37=. -fstack-protector-strong -fstack-clash-protection -Wformat -Werror=format-security -fcf-protection -Wall   -Wl,-z,relro -Wl,-z,now -rdynamic -g -O2 -Werror=implicit-function-declaration -ffile-prefix-map=/sonic/src/bash/bash-5.2.37=. -fstack-protector-strong -fstack-clash-protection -Wformat -Werror=format-security -fcf-protection -Wall  -static -rdynamic -g -O2 -Werror=implicit-function-declaration -ffile-prefix-map=/sonic/src/bash/bash-5.2.37=. -fstack-protector-strong -fstack-clash-protection -Wformat -Werror=format-security -fcf-protection -Wall  -o mksyntax .././mksyntax.c 
gcc -DPROGRAM='"bash"' -DCONF_HOSTTYPE='"x86_64"' -DCONF_OSTYPE='"linux-gnu"' -DCONF_MACHTYPE='"x86_64-pc-linux-gnu"' -DCONF_VENDOR='"pc"' -DLOCALEDIR='"/usr/share/locale"' -DPACKAGE='"bash"' -DSHELL -DHAVE_CONFIG_H   -I.  -I../. -I.././include -I.././lib   -Wdate-time -D_FORTIFY_SOURCE=2 -g -O2 -Werror=implicit-function-declaration -ffile-prefix-map=/sonic/src/bash/bash-5.2.37=. -fstack-protector-strong -fstack-clash-protection -Wformat -Werror=format-security -fcf-protection -Wall  -DBUILDTOOL -c .././support/mksignames.c
rm -f buildsignames.o
rm -f input.o
gcc -DPROGRAM='"bash"' -DCONF_HOSTTYPE='"x86_64"' -DCONF_OSTYPE='"linux-gnu"' -DCONF_MACHTYPE='"x86_64-pc-linux-gnu"' -DCONF_VENDOR='"pc"' -DLOCALEDIR='"/usr/share/locale"' -DPACKAGE='"bash"' -DSHELL -DHAVE_CONFIG_H   -I.  -I../. -I.././include -I.././lib   -Wdate-time -D_FORTIFY_SOURCE=2 -g -O2 -Werror=implicit-function-declaration -ffile-prefix-map=/sonic/src/bash/bash-5.2.37=. -fstack-protector-strong -fstack-clash-protection -Wformat -Werror=format-security -fcf-protection -Wall  -DBUILDTOOL -o buildsignames.o -c .././support/signames.c
gcc  -DPROGRAM='"bash"' -DCONF_HOSTTYPE='"x86_64"' -DCONF_OSTYPE='"linux-gnu"' -DCONF_MACHTYPE='"x86_64-pc-linux-gnu"' -DCONF_VENDOR='"pc"' -DLOCALEDIR='"/usr/share/locale"' -DPACKAGE='"bash"' -DSHELL -DHAVE_CONFIG_H   -I.  -I../. -I.././include -I.././lib    -Wdate-time -D_FORTIFY_SOURCE=2 -g -O2 -Werror=implicit-function-declaration -ffile-prefix-map=/sonic/src/bash/bash-5.2.37=. -fstack-protector-strong -fstack-clash-protection -Wformat -Werror=format-security -fcf-protection -Wall -c .././input.c
rm -f unwind_prot.o
rm -f pathexp.o
gcc  -DPROGRAM='"bash"' -DCONF_HOSTTYPE='"x86_64"' -DCONF_OSTYPE='"linux-gnu"' -DCONF_MACHTYPE='"x86_64-pc-linux-gnu"' -DCONF_VENDOR='"pc"' -DLOCALEDIR='"/usr/share/locale"' -DPACKAGE='"bash"' -DSHELL -DHAVE_CONFIG_H   -I.  -I../. -I.././include -I.././lib    -Wdate-time -D_FORTIFY_SOURCE=2 -g -O2 -Werror=implicit-function-declaration -ffile-prefix-map=/sonic/src/bash/bash-5.2.37=. -fstack-protector-strong -fstack-clash-protection -Wformat -Werror=format-security -fcf-protection -Wall -c .././unwind_prot.c
gcc  -DPROGRAM='"bash"' -DCONF_HOSTTYPE='"x86_64"' -DCONF_OSTYPE='"linux-gnu"' -DCONF_MACHTYPE='"x86_64-pc-linux-gnu"' -DCONF_VENDOR='"pc"' -DLOCALEDIR='"/usr/share/locale"' -DPACKAGE='"bash"' -DSHELL -DHAVE_CONFIG_H   -I.  -I../. -I.././include -I.././lib    -Wdate-time -D_FORTIFY_SOURCE=2 -g -O2 -Werror=implicit-function-declaration -ffile-prefix-map=/sonic/src/bash/bash-5.2.37=. -fstack-protector-strong -fstack-clash-protection -Wformat -Werror=format-security -fcf-protection -Wall -c .././pathexp.c
rm -f test.o
rm -f alias.o
gcc  -DPROGRAM='"bash"' -DCONF_HOSTTYPE='"x86_64"' -DCONF_OSTYPE='"linux-gnu"' -DCONF_MACHTYPE='"x86_64-pc-linux-gnu"' -DCONF_VENDOR='"pc"' -DLOCALEDIR='"/usr/share/locale"' -DPACKAGE='"bash"' -DSHELL -DHAVE_CONFIG_H   -I.  -I../. -I.././include -I.././lib    -Wdate-time -D_FORTIFY_SOURCE=2 -g -O2 -Werror=implicit-function-declaration -ffile-prefix-map=/sonic/src/bash/bash-5.2.37=. -fstack-protector-strong -fstack-clash-protection -Wformat -Werror=format-security -fcf-protection -Wall -c .././test.c
gcc  -DPROGRAM='"bash"' -DCONF_HOSTTYPE='"x86_64"' -DCONF_OSTYPE='"linux-gnu"' -DCONF_MACHTYPE='"x86_64-pc-linux-gnu"' -DCONF_VENDOR='"pc"' -DLOCALEDIR='"/usr/share/locale"' -DPACKAGE='"bash"' -DSHELL -DHAVE_CONFIG_H   -I.  -I../. -I.././include -I.././lib    -Wdate-time -D_FORTIFY_SOURCE=2 -g -O2 -Werror=implicit-function-declaration -ffile-prefix-map=/sonic/src/bash/bash-5.2.37=. -fstack-protector-strong -fstack-clash-protection -Wformat -Werror=format-security -fcf-protection -Wall -c .././alias.c
rm -f array.o
rm -f arrayfunc.o
gcc  -DPROGRAM='"bash"' -DCONF_HOSTTYPE='"x86_64"' -DCONF_OSTYPE='"linux-gnu"' -DCONF_MACHTYPE='"x86_64-pc-linux-gnu"' -DCONF_VENDOR='"pc"' -DLOCALEDIR='"/usr/share/locale"' -DPACKAGE='"bash"' -DSHELL -DHAVE_CONFIG_H   -I.  -I../. -I.././include -I.././lib    -Wdate-time -D_FORTIFY_SOURCE=2 -g -O2 -Werror=implicit-function-declaration -ffile-prefix-map=/sonic/src/bash/bash-5.2.37=. -fstack-protector-strong -fstack-clash-protection -Wformat -Werror=format-security -fcf-protection -Wall -c .././array.c
gcc  -DPROGRAM='"bash"' -DCONF_HOSTTYPE='"x86_64"' -DCONF_OSTYPE='"linux-gnu"' -DCONF_MACHTYPE='"x86_64-pc-linux-gnu"' -DCONF_VENDOR='"pc"' -DLOCALEDIR='"/usr/share/locale"' -DPACKAGE='"bash"' -DSHELL -DHAVE_CONFIG_H   -I.  -I../. -I.././include -I.././lib    -Wdate-time -D_FORTIFY_SOURCE=2 -g -O2 -Werror=implicit-function-declaration -ffile-prefix-map=/sonic/src/bash/bash-5.2.37=. -fstack-protector-strong -fstack-clash-protection -Wformat -Werror=format-security -fcf-protection -Wall -c .././arrayfunc.c
rm -f assoc.o
rm -f braces.o
gcc  -DPROGRAM='"bash"' -DCONF_HOSTTYPE='"x86_64"' -DCONF_OSTYPE='"linux-gnu"' -DCONF_MACHTYPE='"x86_64-pc-linux-gnu"' -DCONF_VENDOR='"pc"' -DLOCALEDIR='"/usr/share/locale"' -DPACKAGE='"bash"' -DSHELL -DHAVE_CONFIG_H   -I.  -I../. -I.././include -I.././lib    -Wdate-time -D_FORTIFY_SOURCE=2 -g -O2 -Werror=implicit-function-declaration -ffile-prefix-map=/sonic/src/bash/bash-5.2.37=. -fstack-protector-strong -fstack-clash-protection -Wformat -Werror=format-security -fcf-protection -Wall -c .././assoc.c
rm -f bracecomp.o
gcc  -DPROGRAM='"bash"' -DCONF_HOSTTYPE='"x86_64"' -DCONF_OSTYPE='"linux-gnu"' -DCONF_MACHTYPE='"x86_64-pc-linux-gnu"' -DCONF_VENDOR='"pc"' -DLOCALEDIR='"/usr/share/locale"' -DPACKAGE='"bash"' -DSHELL -DHAVE_CONFIG_H   -I.  -I../. -I.././include -I.././lib    -Wdate-time -D_FORTIFY_SOURCE=2 -g -O2 -Werror=implicit-function-declaration -ffile-prefix-map=/sonic/src/bash/bash-5.2.37=. -fstack-protector-strong -fstack-clash-protection -Wformat -Werror=format-security -fcf-protection -Wall -c .././bracecomp.c
rm -f bashhist.o
gcc  -DPROGRAM='"bash"' -DCONF_HOSTTYPE='"x86_64"' -DCONF_OSTYPE='"linux-gnu"' -DCONF_MACHTYPE='"x86_64-pc-linux-gnu"' -DCONF_VENDOR='"pc"' -DLOCALEDIR='"/usr/share/locale"' -DPACKAGE='"bash"' -DSHELL -DHAVE_CONFIG_H   -I.  -I../. -I.././include -I.././lib    -Wdate-time -D_FORTIFY_SOURCE=2 -g -O2 -Werror=implicit-function-declaration -ffile-prefix-map=/sonic/src/bash/bash-5.2.37=. -fstack-protector-strong -fstack-clash-protection -Wformat -Werror=format-security -fcf-protection -Wall -c .././braces.c
gcc  -DPROGRAM='"bash"' -DCONF_HOSTTYPE='"x86_64"' -DCONF_OSTYPE='"linux-gnu"' -DCONF_MACHTYPE='"x86_64-pc-linux-gnu"' -DCONF_VENDOR='"pc"' -DLOCALEDIR='"/usr/share/locale"' -DPACKAGE='"bash"' -DSHELL -DHAVE_CONFIG_H   -I.  -I../. -I.././include -I.././lib    -Wdate-time -D_FORTIFY_SOURCE=2 -g -O2 -Werror=implicit-function-declaration -ffile-prefix-map=/sonic/src/bash/bash-5.2.37=. -fstack-protector-strong -fstack-clash-protection -Wformat -Werror=format-security -fcf-protection -Wall -c .././bashhist.c
rm -f list.o
rm -f stringlib.o
gcc  -DPROGRAM='"bash"' -DCONF_HOSTTYPE='"x86_64"' -DCONF_OSTYPE='"linux-gnu"' -DCONF_MACHTYPE='"x86_64-pc-linux-gnu"' -DCONF_VENDOR='"pc"' -DLOCALEDIR='"/usr/share/locale"' -DPACKAGE='"bash"' -DSHELL -DHAVE_CONFIG_H   -I.  -I../. -I.././include -I.././lib    -Wdate-time -D_FORTIFY_SOURCE=2 -g -O2 -Werror=implicit-function-declaration -ffile-prefix-map=/sonic/src/bash/bash-5.2.37=. -fstack-protector-strong -fstack-clash-protection -Wformat -Werror=format-security -fcf-protection -Wall -c .././list.c
.././unwind_prot.c: In function 'unwind_frame_discard_internal':
.././unwind_prot.c:272:10: warning: suggest parentheses around assignment used as truth value [-Wparentheses]
  272 |   while (elt = unwind_protect_list)
      |          ^~~
.././unwind_prot.c: In function 'unwind_frame_run_internal':
.././unwind_prot.c:307:10: warning: suggest parentheses around assignment used as truth value [-Wparentheses]
  307 |   while (elt = unwind_protect_list)
      |          ^~~
gcc  -DPROGRAM='"bash"' -DCONF_HOSTTYPE='"x86_64"' -DCONF_OSTYPE='"linux-gnu"' -DCONF_MACHTYPE='"x86_64-pc-linux-gnu"' -DCONF_VENDOR='"pc"' -DLOCALEDIR='"/usr/share/locale"' -DPACKAGE='"bash"' -DSHELL -DHAVE_CONFIG_H   -I.  -I../. -I.././include -I.././lib    -Wdate-time -D_FORTIFY_SOURCE=2 -g -O2 -Werror=implicit-function-declaration -ffile-prefix-map=/sonic/src/bash/bash-5.2.37=. -fstack-protector-strong -fstack-clash-protection -Wformat -Werror=format-security -fcf-protection -Wall -c .././stringlib.c
../.././builtins/mkbuiltins.c: In function 'extract_info':
rm -f locale.o
../.././builtins/mkbuiltins.c:590:15: warning: suggest parentheses around assignment used as truth value [-Wparentheses]
  590 |   for (i = 0; line = defs->lines->array[i]; i++)
      |               ^~~~
../.././builtins/mkbuiltins.c: In function 'free_defs':
../.././builtins/mkbuiltins.c:706:19: warning: suggest parentheses around assignment used as truth value [-Wparentheses]
  706 |       for (i = 0; builtin = (BUILTIN_DESC *)defs->builtins->array[i]; i++)
      |                   ^~~~~~~
rm -f findcmd.o
rm -f pcomplib.o
gcc  -DPROGRAM='"bash"' -DCONF_HOSTTYPE='"x86_64"' -DCONF_OSTYPE='"linux-gnu"' -DCONF_MACHTYPE='"x86_64-pc-linux-gnu"' -DCONF_VENDOR='"pc"' -DLOCALEDIR='"/usr/share/locale"' -DPACKAGE='"bash"' -DSHELL -DHAVE_CONFIG_H   -I.  -I../. -I.././include -I.././lib    -Wdate-time -D_FORTIFY_SOURCE=2 -g -O2 -Werror=implicit-function-declaration -ffile-prefix-map=/sonic/src/bash/bash-5.2.37=. -fstack-protector-strong -fstack-clash-protection -Wformat -Werror=format-security -fcf-protection -Wall -c .././locale.c
gcc  -DPROGRAM='"bash"' -DCONF_HOSTTYPE='"x86_64"' -DCONF_OSTYPE='"linux-gnu"' -DCONF_MACHTYPE='"x86_64-pc-linux-gnu"' -DCONF_VENDOR='"pc"' -DLOCALEDIR='"/usr/share/locale"' -DPACKAGE='"bash"' -DSHELL -DHAVE_CONFIG_H   -I.  -I../. -I.././include -I.././lib    -Wdate-time -D_FORTIFY_SOURCE=2 -g -O2 -Werror=implicit-function-declaration -ffile-prefix-map=/sonic/src/bash/bash-5.2.37=. -fstack-protector-strong -fstack-clash-protection -Wformat -Werror=format-security -fcf-protection -Wall -c .././findcmd.c
gcc  -DPROGRAM='"bash"' -DCONF_HOSTTYPE='"x86_64"' -DCONF_OSTYPE='"linux-gnu"' -DCONF_MACHTYPE='"x86_64-pc-linux-gnu"' -DCONF_VENDOR='"pc"' -DLOCALEDIR='"/usr/share/locale"' -DPACKAGE='"bash"' -DSHELL -DHAVE_CONFIG_H   -I.  -I../. -I.././include -I.././lib    -Wdate-time -D_FORTIFY_SOURCE=2 -g -O2 -Werror=implicit-function-declaration -ffile-prefix-map=/sonic/src/bash/bash-5.2.37=. -fstack-protector-strong -fstack-clash-protection -Wformat -Werror=format-security -fcf-protection -Wall -c .././pcomplib.c
rm -f xmalloc.o
rm -f plugin.o
.././pathexp.c: In function 'unquoted_glob_pattern_p':
.././pathexp.c:73:10: warning: suggest parentheses around assignment used as truth value [-Wparentheses]
   73 |   while (c = *string++)
      |          ^
.././pathexp.c: In function 'shell_glob_filename':
.././pathexp.c:412:15: warning: unused variable 'quoted_pattern' [-Wunused-variable]
  412 |   int gflags, quoted_pattern;
      |               ^~~~~~~~~~~~~~
.././pathexp.c: In function 'setup_ignore_patterns':
.././pathexp.c:620:10: warning: suggest parentheses around assignment used as truth value [-Wparentheses]
  620 |   while (colon_bit = split_ignorespec (this_ignoreval, &ptr))
      |          ^~~~~~~~~
.././array.c:66:14: warning: 'spacesep' defined but not used [-Wunused-variable]
   66 | static char *spacesep = " ";
      |              ^~~~~~~~
gcc  -DPROGRAM='"bash"' -DCONF_HOSTTYPE='"x86_64"' -DCONF_OSTYPE='"linux-gnu"' -DCONF_MACHTYPE='"x86_64-pc-linux-gnu"' -DCONF_VENDOR='"pc"' -DLOCALEDIR='"/usr/share/locale"' -DPACKAGE='"bash"' -DSHELL -DHAVE_CONFIG_H   -I.  -I../. -I.././include -I.././lib    -Wdate-time -D_FORTIFY_SOURCE=2 -g -O2 -Werror=implicit-function-declaration -ffile-prefix-map=/sonic/src/bash/bash-5.2.37=. -fstack-protector-strong -fstack-clash-protection -Wformat -Werror=format-security -fcf-protection -Wall -c .././xmalloc.c
.././arrayfunc.c: In function 'assign_array_element_internal':
.././arrayfunc.c:407:9: warning: unused variable 'newval' [-Wunused-variable]
  407 |   char *newval;
      |         ^~~~~~
gcc  -DPROGRAM='"bash"' -DCONF_HOSTTYPE='"x86_64"' -DCONF_OSTYPE='"linux-gnu"' -DCONF_MACHTYPE='"x86_64-pc-linux-gnu"' -DCONF_VENDOR='"pc"' -DLOCALEDIR='"/usr/share/locale"' -DPACKAGE='"bash"' -DSHELL -DHAVE_CONFIG_H   -I.  -I../. -I.././include -I.././lib    -Wdate-time -D_FORTIFY_SOURCE=2 -g -O2 -Werror=implicit-function-declaration -ffile-prefix-map=/sonic/src/bash/bash-5.2.37=. -fstack-protector-strong -fstack-clash-protection -Wformat -Werror=format-security -fcf-protection -Wall -c .././plugin.c
rm -f shell.o
rm -f eval.o
make[5]: Entering directory '/sonic/src/bash/bash-5.2.37/build-static/support'
make[5]: warning: -j192 forced in submake: resetting jobserver mode.
.././bashhist.c: In function 'hc_erasedups':
.././bashhist.c:731:10: warning: suggest parentheses around assignment used as truth value [-Wparentheses]
  731 |   while (temp = previous_history ())
      |          ^~~~
rm -f man2html.o
.././arrayfunc.c: In function 'array_value_internal':
.././arrayfunc.c:1483:21: warning: variable 'subtype' set but not used [-Wunused-but-set-variable]
 1483 |   int len, isassoc, subtype;
      |                     ^~~~~~~
gcc  -DPROGRAM='"bash"' -DCONF_HOSTTYPE='"x86_64"' -DCONF_OSTYPE='"linux-gnu"' -DCONF_MACHTYPE='"x86_64-pc-linux-gnu"' -DCONF_VENDOR='"pc"' -DLOCALEDIR='"/usr/share/locale"' -DPACKAGE='"bash"' -DSHELL -DHAVE_CONFIG_H   -I.  -I../. -I.././include -I.././lib    -Wdate-time -D_FORTIFY_SOURCE=2 -g -O2 -Werror=implicit-function-declaration -ffile-prefix-map=/sonic/src/bash/bash-5.2.37=. -fstack-protector-strong -fstack-clash-protection -Wformat -Werror=format-security -fcf-protection -Wall -c .././shell.c
.././arrayfunc.c: In function 'array_keys':
.././arrayfunc.c:1672:22: warning: unused variable 'temp' [-Wunused-variable]
 1672 |   char *retval, *t, *temp;
      |                      ^~~~
gcc  -DPROGRAM='"bash"' -DCONF_HOSTTYPE='"x86_64"' -DCONF_OSTYPE='"linux-gnu"' -DCONF_MACHTYPE='"x86_64-pc-linux-gnu"' -DCONF_VENDOR='"pc"' -DLOCALEDIR='"/usr/share/locale"' -DPACKAGE='"bash"' -DSHELL -DHAVE_CONFIG_H   -I.  -I../. -I.././include -I.././lib    -Wdate-time -D_FORTIFY_SOURCE=2 -g -O2 -Werror=implicit-function-declaration -ffile-prefix-map=/sonic/src/bash/bash-5.2.37=. -fstack-protector-strong -fstack-clash-protection -Wformat -Werror=format-security -fcf-protection -Wall -c .././eval.c
gcc -c  -DHAVE_CONFIG_H -DSHELL  -I/sonic/src/bash/bash-5.2.37/build-static -I../../.   -Wdate-time -D_FORTIFY_SOURCE=2 -g -O2 -Werror=implicit-function-declaration -ffile-prefix-map=/sonic/src/bash/bash-5.2.37=. -fstack-protector-strong -fstack-clash-protection -Wformat -Werror=format-security -fcf-protection -Wall ../.././support/man2html.c
rm -f general.o
rm -f make_cmd.o
.././braces.c: In function 'mkseq':
.././braces.c:428:15: warning: variable 'len' set but not used [-Wunused-but-set-variable]
  428 |           int len, arg;
      |               ^~~
.././braces.c:435:15: warning: suggest parentheses around assignment used as truth value [-Wparentheses]
  435 |           if (t = (char *)malloc (2))
      |               ^
gcc  -DPROGRAM='"bash"' -DCONF_HOSTTYPE='"x86_64"' -DCONF_OSTYPE='"linux-gnu"' -DCONF_MACHTYPE='"x86_64-pc-linux-gnu"' -DCONF_VENDOR='"pc"' -DLOCALEDIR='"/usr/share/locale"' -DPACKAGE='"bash"' -DSHELL -DHAVE_CONFIG_H   -I.  -I../. -I.././include -I.././lib    -Wdate-time -D_FORTIFY_SOURCE=2 -g -O2 -Werror=implicit-function-declaration -ffile-prefix-map=/sonic/src/bash/bash-5.2.37=. -fstack-protector-strong -fstack-clash-protection -Wformat -Werror=format-security -fcf-protection -Wall -c .././general.c
gcc  -DPROGRAM='"bash"' -DCONF_HOSTTYPE='"x86_64"' -DCONF_OSTYPE='"linux-gnu"' -DCONF_MACHTYPE='"x86_64-pc-linux-gnu"' -DCONF_VENDOR='"pc"' -DLOCALEDIR='"/usr/share/locale"' -DPACKAGE='"bash"' -DSHELL -DHAVE_CONFIG_H   -I.  -I../. -I.././include -I.././lib    -Wdate-time -D_FORTIFY_SOURCE=2 -g -O2 -Werror=implicit-function-declaration -ffile-prefix-map=/sonic/src/bash/bash-5.2.37=. -fstack-protector-strong -fstack-clash-protection -Wformat -Werror=format-security -fcf-protection -Wall -c .././make_cmd.c
.././braces.c: In function 'brace_gobbler':
.././braces.c:615:10: warning: suggest parentheses around assignment used as truth value [-Wparentheses]
  615 |   while (c = text[i])
      |          ^
rm -f print_cmd.o
rm -f dispose_cmd.o
gcc  -DPROGRAM='"bash"' -DCONF_HOSTTYPE='"x86_64"' -DCONF_OSTYPE='"linux-gnu"' -DCONF_MACHTYPE='"x86_64-pc-linux-gnu"' -DCONF_VENDOR='"pc"' -DLOCALEDIR='"/usr/share/locale"' -DPACKAGE='"bash"' -DSHELL -DHAVE_CONFIG_H   -I.  -I../. -I.././include -I.././lib    -Wdate-time -D_FORTIFY_SOURCE=2 -g -O2 -Werror=implicit-function-declaration -ffile-prefix-map=/sonic/src/bash/bash-5.2.37=. -fstack-protector-strong -fstack-clash-protection -Wformat -Werror=format-security -fcf-protection -Wall -c .././print_cmd.c
gcc  -DPROGRAM='"bash"' -DCONF_HOSTTYPE='"x86_64"' -DCONF_OSTYPE='"linux-gnu"' -DCONF_MACHTYPE='"x86_64-pc-linux-gnu"' -DCONF_VENDOR='"pc"' -DLOCALEDIR='"/usr/share/locale"' -DPACKAGE='"bash"' -DSHELL -DHAVE_CONFIG_H   -I.  -I../. -I.././include -I.././lib    -Wdate-time -D_FORTIFY_SOURCE=2 -g -O2 -Werror=implicit-function-declaration -ffile-prefix-map=/sonic/src/bash/bash-5.2.37=. -fstack-protector-strong -fstack-clash-protection -Wformat -Werror=format-security -fcf-protection -Wall -c .././dispose_cmd.c
rm -f copy_cmd.o
rm -f error.o
gcc  -DPROGRAM='"bash"' -DCONF_HOSTTYPE='"x86_64"' -DCONF_OSTYPE='"linux-gnu"' -DCONF_MACHTYPE='"x86_64-pc-linux-gnu"' -DCONF_VENDOR='"pc"' -DLOCALEDIR='"/usr/share/locale"' -DPACKAGE='"bash"' -DSHELL -DHAVE_CONFIG_H   -I.  -I../. -I.././include -I.././lib    -Wdate-time -D_FORTIFY_SOURCE=2 -g -O2 -Werror=implicit-function-declaration -ffile-prefix-map=/sonic/src/bash/bash-5.2.37=. -fstack-protector-strong -fstack-clash-protection -Wformat -Werror=format-security -fcf-protection -Wall -c .././copy_cmd.c
gcc  -DPROGRAM='"bash"' -DCONF_HOSTTYPE='"x86_64"' -DCONF_OSTYPE='"linux-gnu"' -DCONF_MACHTYPE='"x86_64-pc-linux-gnu"' -DCONF_VENDOR='"pc"' -DLOCALEDIR='"/usr/share/locale"' -DPACKAGE='"bash"' -DSHELL -DHAVE_CONFIG_H   -I.  -I../. -I.././include -I.././lib    -Wdate-time -D_FORTIFY_SOURCE=2 -g -O2 -Werror=implicit-function-declaration -ffile-prefix-map=/sonic/src/bash/bash-5.2.37=. -fstack-protector-strong -fstack-clash-protection -Wformat -Werror=format-security -fcf-protection -Wall -c .././error.c
rm -f expr.o
rm -f flags.o
.././findcmd.c: In function '_find_user_command_internal':
.././findcmd.c:269:7: warning: suggest parentheses around assignment used as truth value [-Wparentheses]
  269 |   if (var = find_variable_tempenv ("PATH"))     /* XXX could be array? */
      |       ^~~
.././locale.c: In function 'reset_locale_vars':
.././locale.c:365:9: warning: variable 't' set but not used [-Wunused-but-set-variable]
  365 |   char *t, *x;
      |         ^
gcc  -DPROGRAM='"bash"' -DCONF_HOSTTYPE='"x86_64"' -DCONF_OSTYPE='"linux-gnu"' -DCONF_MACHTYPE='"x86_64-pc-linux-gnu"' -DCONF_VENDOR='"pc"' -DLOCALEDIR='"/usr/share/locale"' -DPACKAGE='"bash"' -DSHELL -DHAVE_CONFIG_H   -I.  -I../. -I.././include -I.././lib    -Wdate-time -D_FORTIFY_SOURCE=2 -g -O2 -Werror=implicit-function-declaration -ffile-prefix-map=/sonic/src/bash/bash-5.2.37=. -fstack-protector-strong -fstack-clash-protection -Wformat -Werror=format-security -fcf-protection -Wall -c .././expr.c
.././locale.c: In function 'locale_isutf8':
.././locale.c:601:14: warning: unused variable 'encoding' [-Wunused-variable]
  601 |   char *cp, *encoding;
      |              ^~~~~~~~
gcc  -DPROGRAM='"bash"' -DCONF_HOSTTYPE='"x86_64"' -DCONF_OSTYPE='"linux-gnu"' -DCONF_MACHTYPE='"x86_64-pc-linux-gnu"' -DCONF_VENDOR='"pc"' -DLOCALEDIR='"/usr/share/locale"' -DPACKAGE='"bash"' -DSHELL -DHAVE_CONFIG_H   -I.  -I../. -I.././include -I.././lib    -Wdate-time -D_FORTIFY_SOURCE=2 -g -O2 -Werror=implicit-function-declaration -ffile-prefix-map=/sonic/src/bash/bash-5.2.37=. -fstack-protector-strong -fstack-clash-protection -Wformat -Werror=format-security -fcf-protection -Wall -c .././flags.c
rm -f hashcmd.o
rm -f hashlib.o
gcc  -DPROGRAM='"bash"' -DCONF_HOSTTYPE='"x86_64"' -DCONF_OSTYPE='"linux-gnu"' -DCONF_MACHTYPE='"x86_64-pc-linux-gnu"' -DCONF_VENDOR='"pc"' -DLOCALEDIR='"/usr/share/locale"' -DPACKAGE='"bash"' -DSHELL -DHAVE_CONFIG_H   -I.  -I../. -I.././include -I.././lib    -Wdate-time -D_FORTIFY_SOURCE=2 -g -O2 -Werror=implicit-function-declaration -ffile-prefix-map=/sonic/src/bash/bash-5.2.37=. -fstack-protector-strong -fstack-clash-protection -Wformat -Werror=format-security -fcf-protection -Wall -c .././hashcmd.c
gcc  -DPROGRAM='"bash"' -DCONF_HOSTTYPE='"x86_64"' -DCONF_OSTYPE='"linux-gnu"' -DCONF_MACHTYPE='"x86_64-pc-linux-gnu"' -DCONF_VENDOR='"pc"' -DLOCALEDIR='"/usr/share/locale"' -DPACKAGE='"bash"' -DSHELL -DHAVE_CONFIG_H   -I.  -I../. -I.././include -I.././lib    -Wdate-time -D_FORTIFY_SOURCE=2 -g -O2 -Werror=implicit-function-declaration -ffile-prefix-map=/sonic/src/bash/bash-5.2.37=. -fstack-protector-strong -fstack-clash-protection -Wformat -Werror=format-security -fcf-protection -Wall -c .././hashlib.c
rm -f mailcheck.o
.././eval.c: In function 'reader_loop':
.././eval.c:147:20: warning: suggest parentheses around assignment used as truth value [-Wparentheses]
  147 |           else if (current_command = global_command)
      |                    ^~~~~~~~~~~~~~~
gcc  -DPROGRAM='"bash"' -DCONF_HOSTTYPE='"x86_64"' -DCONF_OSTYPE='"linux-gnu"' -DCONF_MACHTYPE='"x86_64-pc-linux-gnu"' -DCONF_VENDOR='"pc"' -DLOCALEDIR='"/usr/share/locale"' -DPACKAGE='"bash"' -DSHELL -DHAVE_CONFIG_H   -I.  -I../. -I.././include -I.././lib    -Wdate-time -D_FORTIFY_SOURCE=2 -g -O2 -Werror=implicit-function-declaration -ffile-prefix-map=/sonic/src/bash/bash-5.2.37=. -fstack-protector-strong -fstack-clash-protection -Wformat -Werror=format-security -fcf-protection -Wall -c .././mailcheck.c
.././eval.c: In function 'alrm_catcher':
.././eval.c:244:3: warning: ignoring return value of 'write' declared with attribute 'warn_unused_result' [-Wunused-result]
  244 |   write (1, msg, strlen (msg));
      |   ^~~~~~~~~~~~~~~~~~~~~~~~~~~~
rm -f mksignames
rm -f syntax.c
gcc -DPROGRAM='"bash"' -DCONF_HOSTTYPE='"x86_64"' -DCONF_OSTYPE='"linux-gnu"' -DCONF_MACHTYPE='"x86_64-pc-linux-gnu"' -DCONF_VENDOR='"pc"' -DLOCALEDIR='"/usr/share/locale"' -DPACKAGE='"bash"' -DSHELL -DHAVE_CONFIG_H   -I.  -I../. -I.././include -I.././lib   -Wdate-time -D_FORTIFY_SOURCE=2 -g -O2 -Werror=implicit-function-declaration -ffile-prefix-map=/sonic/src/bash/bash-5.2.37=. -fstack-protector-strong -fstack-clash-protection -Wformat -Werror=format-security -fcf-protection -Wall   -Wl,-z,relro -Wl,-z,now -rdynamic -g -O2 -Werror=implicit-function-declaration -ffile-prefix-map=/sonic/src/bash/bash-5.2.37=. -fstack-protector-strong -fstack-clash-protection -Wformat -Werror=format-security -fcf-protection -Wall  -static -rdynamic -g -O2 -Werror=implicit-function-declaration -ffile-prefix-map=/sonic/src/bash/bash-5.2.37=. -fstack-protector-strong -fstack-clash-protection -Wformat -Werror=format-security -fcf-protection -Wall  -o mksignames mksignames.o buildsignames.o 
./mksyntax -o syntax.c
/bin/sh .././support/mkversion.sh -b -S ../. -s release -d 5.2 -o newversion.h \
	&& mv newversion.h version.h
rm -f syntax.o
gcc  -DPROGRAM='"bash"' -DCONF_HOSTTYPE='"x86_64"' -DCONF_OSTYPE='"linux-gnu"' -DCONF_MACHTYPE='"x86_64-pc-linux-gnu"' -DCONF_VENDOR='"pc"' -DLOCALEDIR='"/usr/share/locale"' -DPACKAGE='"bash"' -DSHELL -DHAVE_CONFIG_H   -I.  -I../. -I.././include -I.././lib    -Wdate-time -D_FORTIFY_SOURCE=2 -g -O2 -Werror=implicit-function-declaration -ffile-prefix-map=/sonic/src/bash/bash-5.2.37=. -fstack-protector-strong -fstack-clash-protection -Wformat -Werror=format-security -fcf-protection -Wall -c syntax.c
../.././support/man2html.c: In function 'read_man_page':
../.././support/man2html.c:508:17: warning: unused variable 'i' [-Wunused-variable]
  508 |         int     i;
      |                 ^
.././plugin.c: In function 'invoke_plugin_on_shell_execve':
.././plugin.c:421:15: warning: unused variable 'real_path_buffer' [-Wunused-variable]
  421 |         char* real_path_buffer = realpath(cmd, resolved_path);
      |               ^~~~~~~~~~~~~~~~
.././general.c:91:1: warning: missing braces around initializer [-Wmissing-braces]
   91 | {
      | ^
   92 |   &interactive_comments,
      |   {                    }
   93 |   &source_uses_path,
      |   {                }
   94 |   &expaliases_flag,
      |   {               }
   95 |   &inherit_errexit,
      |   {               }
   96 |   &print_shift_error,
      |   {                 }
   97 |   0
      |   {
   98 | };
      | }
.././general.c: In function 'assignment':
.././general.c:459:10: warning: suggest parentheses around assignment used as truth value [-Wparentheses]
  459 |   while (c = string[indx])
      |          ^
../.././support/man2html.c: In function 'scan_table':
../.././support/man2html.c:1444:44: warning: unused variable 'ftable' [-Wunused-variable]
 1444 |         TABLEROW *layout = NULL, *currow, *ftable;
      |                                            ^~~~~~
../.././support/man2html.c:1439:17: warning: unused variable 't' [-Wunused-variable]
 1439 |         char   *t, *h, *g;
      |                 ^
rm -f version.o
gcc -DPROGRAM='"bash"' -DCONF_HOSTTYPE='"x86_64"' -DCONF_OSTYPE='"linux-gnu"' -DCONF_MACHTYPE='"x86_64-pc-linux-gnu"' -DCONF_VENDOR='"pc"' -DLOCALEDIR='"/usr/share/locale"' -DPACKAGE='"bash"' -DSHELL -DHAVE_CONFIG_H   -I.  -I../. -I.././include -I.././lib   -Wdate-time -D_FORTIFY_SOURCE=2 -g -O2 -Werror=implicit-function-declaration -ffile-prefix-map=/sonic/src/bash/bash-5.2.37=. -fstack-protector-strong -fstack-clash-protection -Wformat -Werror=format-security -fcf-protection -Wall  -DBUILDTOOL -c -o buildversion.o .././version.c
.././print_cmd.c: In function 'make_command_string_internal':
.././print_cmd.c:189:14: warning: zero-length gnu_printf format string [-Wformat-zero-length]
  189 |     cprintf ("");
      |              ^~
../.././support/man2html.c: In function 'scan_expression':
../.././support/man2html.c:1774:36: warning: unused variable 'j' [-Wunused-variable]
 1774 |         int     value = 0, value2, j = 0, sign = 1, opex = 0;
      |                                    ^
gcc  -DPROGRAM='"bash"' -DCONF_HOSTTYPE='"x86_64"' -DCONF_OSTYPE='"linux-gnu"' -DCONF_MACHTYPE='"x86_64-pc-linux-gnu"' -DCONF_VENDOR='"pc"' -DLOCALEDIR='"/usr/share/locale"' -DPACKAGE='"bash"' -DSHELL -DHAVE_CONFIG_H   -I.  -I../. -I.././include -I.././lib    -Wdate-time -D_FORTIFY_SOURCE=2 -g -O2 -Werror=implicit-function-declaration -ffile-prefix-map=/sonic/src/bash/bash-5.2.37=. -fstack-protector-strong -fstack-clash-protection -Wformat -Werror=format-security -fcf-protection -Wall -c .././version.c
.././print_cmd.c: In function 'print_redirection_list':
.././print_cmd.c:1065:9: warning: unused variable 'rw' [-Wunused-variable]
 1065 |   char *rw;
      |         ^~
.././make_cmd.c: In function 'make_here_document':
.././make_cmd.c:614:10: warning: suggest parentheses around assignment used as truth value [-Wparentheses]
  614 |   while (full_line = read_secondary_line (delim_unquoted))
      |          ^~~~~~~~~
.././hashlib.c:169:1: warning: 'hash_shrink' defined but not used [-Wunused-function]
  169 | hash_shrink (table)
      | ^~~~~~~~~~~
.././mailcheck.c: In function 'remember_mail_dates':
.././mailcheck.c:394:10: warning: suggest parentheses around assignment used as truth value [-Wparentheses]
  394 |   while (mailfile = extract_colon_unit (mailpaths, &i))
      |          ^~~~~~~~
.././mailcheck.c: In function 'check_mail':
.././mailcheck.c:468:15: warning: suggest parentheses around assignment used as truth value [-Wparentheses]
  468 |           if (temp = expand_string_to_string (message, Q_DOUBLE_QUOTES))
      |               ^~~~
.././expr.c: In function 'exppower':
.././expr.c:963:33: warning: unused variable 'c' [-Wunused-variable]
  963 |   register intmax_t val1, val2, c;
      |                                 ^
../.././support/man2html.c: In function 'skip_till_newline':
.././shell.c: In function 'parse_shell_options':
../.././support/man2html.c:2151:19: warning: suggest parentheses around '&&' within '||' [-Wparentheses]
 2151 |         while (*c && *c != '\n' || lvl > 0) {
      |                ~~~^~~~~~~~~~~~~
.././shell.c:930:14: warning: suggest parentheses around assignment used as truth value [-Wparentheses]
  930 |       while (arg_character = arg_string[i++])
      |              ^~~~~~~~~~~~~
.././shell.c: In function 'disable_priv_mode':
.././shell.c:1353:7: warning: variable 'e' set but not used [-Wunused-but-set-variable]
 1353 |   int e;
      |       ^
.././expr.c: In function 'readtok':
.././expr.c:1316:17: warning: unused variable 'lval' [-Wunused-variable]
 1316 |   struct lvalue lval;
      |                 ^~~~
.././expr.c: In function 'strlong':
.././expr.c:1552:17: warning: unused variable 'pval' [-Wunused-variable]
 1552 |   intmax_t val, pval;
      |                 ^~~~
../.././support/man2html.c: In function 'scan_request':
.././print_cmd.c: At top level:
../.././support/man2html.c:2243:41: warning: unused variable 'oldcurpos' [-Wunused-variable]
 2243 |                                 int     oldcurpos = curpos;
      |                                         ^~~~~~~~~
.././print_cmd.c:1006:1: warning: 'print_heredocs' defined but not used [-Wunused-function]
 1006 | print_heredocs (heredocs)
      | ^~~~~~~~~~~~~~
../.././support/man2html.c:2540:41: warning: unused variable 'f' [-Wunused-variable]
 2540 |                                 FILE   *f;
      |                                         ^
.././expr.c: At top level:
.././expr.c:1134:1: warning: 'free_lvalue' defined but not used [-Wunused-function]
 1134 | free_lvalue (lv)
      | ^~~~~~~~~~~
.././expr.c:1124:1: warning: 'alloc_lvalue' defined but not used [-Wunused-function]
 1124 | alloc_lvalue ()
      | ^~~~~~~~~~~~
rm -f lsignames.h
./mksignames lsignames.h
if cmp -s lsignames.h signames.h ; then :; else rm -f signames.h ; cp lsignames.h signames.h ; fi
../.././support/man2html.c:3693:45: warning: suggest parentheses around assignment used as truth value [-Wparentheses]
 3693 |                                 for (i = 0; owndef->st[deflen + 2 + i] = owndef->st[i]; i++);
      |                                             ^~~~~~
gcc -DPROGRAM='"bash"' -DCONF_HOSTTYPE='"x86_64"' -DCONF_OSTYPE='"linux-gnu"' -DCONF_MACHTYPE='"x86_64-pc-linux-gnu"' -DCONF_VENDOR='"pc"' -DLOCALEDIR='"/usr/share/locale"' -DPACKAGE='"bash"' -DSHELL -DHAVE_CONFIG_H   -I.  -I../. -I.././include -I.././lib   -Wdate-time -D_FORTIFY_SOURCE=2 -g -O2 -Werror=implicit-function-declaration -ffile-prefix-map=/sonic/src/bash/bash-5.2.37=. -fstack-protector-strong -fstack-clash-protection -Wformat -Werror=format-security -fcf-protection -Wall   -Wl,-z,relro -Wl,-z,now -rdynamic -g -O2 -Werror=implicit-function-declaration -ffile-prefix-map=/sonic/src/bash/bash-5.2.37=. -fstack-protector-strong -fstack-clash-protection -Wformat -Werror=format-security -fcf-protection -Wall  -static -rdynamic -g -O2 -Werror=implicit-function-declaration -ffile-prefix-map=/sonic/src/bash/bash-5.2.37=. -fstack-protector-strong -fstack-clash-protection -Wformat -Werror=format-security -fcf-protection -Wall  -o bashversion .././support/bashversion.c buildversion.o 
../.././support/man2html.c: In function 'scan_troff':
../.././support/man2html.c:3822:33: warning: unused variable 'mx' [-Wunused-variable]
 3822 |                         int     mx;
      |                                 ^~
../.././support/man2html.c:3763:17: warning: unused variable 'i' [-Wunused-variable]
 3763 |         int     i;
      |                 ^
../.././support/man2html.c: In function 'main':
../.././support/man2html.c:3996:21: warning: unused variable 'fullname' [-Wunused-variable]
 3996 |         char   *h, *fullname;
      |                     ^~~~~~~~
../.././support/man2html.c:3994:17: warning: unused variable 'l' [-Wunused-variable]
 3994 |         int     l, i;
      |                 ^
../.././support/man2html.c:3992:17: warning: unused variable 'f' [-Wunused-variable]
 3992 |         FILE   *f;
      |                 ^
.././array.c: In function 'array_from_argv':
.././array.c:870:9: warning: 't' may be used uninitialized [-Wmaybe-uninitialized]
  870 |         array_insert (a, i, t);
      |         ^~~~~~~~~~~~~~~~~~~~~~
.././array.c:865:10: note: 't' was declared here
  865 |   char  *t;
      |          ^
../.././support/man2html.c: At top level:
../.././support/man2html.c:3748:1: warning: 'flush' defined but not used [-Wunused-function]
 3748 | flush(void)
      | ^~~~~
In function 'mkseq',
    inlined from 'expand_seqterm' at .././braces.c:576:12,
    inlined from 'brace_expand' at .././braces.c:234:14:
.././braces.c:371:13: warning: 'tr' may be used uninitialized [-Wmaybe-uninitialized]
  371 |   if (start > end && incr > 0)
      |       ~~~~~~^~~~~
.././braces.c: In function 'brace_expand':
.././braces.c:479:16: note: 'tr' was declared here
  479 |   intmax_t tl, tr;
      |                ^~
../.././support/man2html.c:937:12: warning: 'asint' defined but not used [-Wunused-variable]
  937 | static int asint = 0;
      |            ^~~~~
../.././support/man2html.c:428:31: warning: 'eqndelimclose' defined but not used [-Wunused-variable]
  428 | static char eqndelimopen = 0, eqndelimclose = 0;
      |                               ^~~~~~~~~~~~~
../.././support/man2html.c:428:13: warning: 'eqndelimopen' defined but not used [-Wunused-variable]
  428 | static char eqndelimopen = 0, eqndelimclose = 0;
      |             ^~~~~~~~~~~~
../.././support/man2html.c:299:14: warning: 'idxfile' defined but not used [-Wunused-variable]
  299 | static FILE *idxfile;
      |              ^~~~~~~
../.././support/man2html.c:298:14: warning: 'fname' defined but not used [-Wunused-variable]
  298 | static char *fname;
      |              ^~~~~
../.././support/man2html.c:240:1: warning: 'escape_input' defined but not used [-Wunused-function]
  240 | escape_input(char *str)
      | ^~~~~~~~~~~~
../.././support/man2html.c:210:1: warning: 'strmaxcat' defined but not used [-Wunused-function]
  210 | strmaxcat(char *to, char *from, int n)
      | ^~~~~~~~~
../.././support/man2html.c:190:1: warning: 'strduplicate' defined but not used [-Wunused-function]
  190 | strduplicate(char *from)
      | ^~~~~~~~~~~~
../.././support/man2html.c:148:1: warning: 'strgrow' defined but not used [-Wunused-function]
  148 | strgrow(char *old, int len)
      | ^~~~~~~
../.././support/man2html.c:104:13: warning: 'location_base' defined but not used [-Wunused-variable]
  104 | static char location_base[NULL_TERMINATED(MED_STR_MAX)] = "";
      |             ^~~~~~~~~~~~~
.././support/bashversion.c: In function 'main':
.././support/bashversion.c:70:7: warning: suggest parentheses around assignment used as truth value [-Wparentheses]
   70 |   if (progname = strrchr (argv[0], '/'))
      |       ^~~~~~~~
gcc -Wl,-z,relro -Wl,-z,now -rdynamic -g -O2 -Werror=implicit-function-declaration -ffile-prefix-map=/sonic/src/bash/bash-5.2.37=. -fstack-protector-strong -fstack-clash-protection -Wformat -Werror=format-security -fcf-protection -Wall -rdynamic -g -O2 -Werror=implicit-function-declaration -ffile-prefix-map=/sonic/src/bash/bash-5.2.37=. -fstack-protector-strong -fstack-clash-protection -Wformat -Werror=format-security -fcf-protection -Wall  -o mkbuiltins mkbuiltins.o 
In function 'assign_array_element_internal',
    inlined from 'assign_array_element' at .././arrayfunc.c:380:11:
.././arrayfunc.c:432:36: warning: 'nkey' may be used uninitialized [-Wmaybe-uninitialized]
  432 |           estatep->value = entry ? assoc_reference (assoc_cell (entry), nkey) : 0;
      |                                    ^~~~~~~~~~~~~~~~~~~~~~~~~~~~~~~~~~~~~~~~~~
.././arrayfunc.c: In function 'assign_array_element':
.././arrayfunc.c:405:16: note: 'nkey' was declared here
  405 |   char *akey, *nkey;
      |                ^~~~
.././arrayfunc.c: In function 'array_value_internal':
.././arrayfunc.c:1615:48: warning: 'ind' may be used uninitialized [-Wmaybe-uninitialized]
 1615 |         retval = (ind == 0) ? value_cell (var) : (char *)NULL;
      |                                                ^
.././arrayfunc.c:1484:14: note: 'ind' was declared here
 1484 |   arrayind_t ind;
      |              ^~~
make[5]: Leaving directory '/sonic/src/bash/bash-5.2.37/build-static/builtins'
rm -f execute_cmd.o
rm -f variables.o
gcc  -DPROGRAM='"bash"' -DCONF_HOSTTYPE='"x86_64"' -DCONF_OSTYPE='"linux-gnu"' -DCONF_MACHTYPE='"x86_64-pc-linux-gnu"' -DCONF_VENDOR='"pc"' -DLOCALEDIR='"/usr/share/locale"' -DPACKAGE='"bash"' -DSHELL -DHAVE_CONFIG_H   -I.  -I../. -I.././include -I.././lib    -Wdate-time -D_FORTIFY_SOURCE=2 -g -O2 -Werror=implicit-function-declaration -ffile-prefix-map=/sonic/src/bash/bash-5.2.37=. -fstack-protector-strong -fstack-clash-protection -Wformat -Werror=format-security -fcf-protection -Wall -c .././execute_cmd.c
rm -f jobs.o
gcc  -DPROGRAM='"bash"' -DCONF_HOSTTYPE='"x86_64"' -DCONF_OSTYPE='"linux-gnu"' -DCONF_MACHTYPE='"x86_64-pc-linux-gnu"' -DCONF_VENDOR='"pc"' -DLOCALEDIR='"/usr/share/locale"' -DPACKAGE='"bash"' -DSHELL -DHAVE_CONFIG_H   -I.  -I../. -I.././include -I.././lib    -Wdate-time -D_FORTIFY_SOURCE=2 -g -O2 -Werror=implicit-function-declaration -ffile-prefix-map=/sonic/src/bash/bash-5.2.37=. -fstack-protector-strong -fstack-clash-protection -Wformat -Werror=format-security -fcf-protection -Wall -c .././variables.c
gcc  -DPROGRAM='"bash"' -DCONF_HOSTTYPE='"x86_64"' -DCONF_OSTYPE='"linux-gnu"' -DCONF_MACHTYPE='"x86_64-pc-linux-gnu"' -DCONF_VENDOR='"pc"' -DLOCALEDIR='"/usr/share/locale"' -DPACKAGE='"bash"' -DSHELL -DHAVE_CONFIG_H   -I.  -I../. -I.././include -I.././lib    -Wdate-time -D_FORTIFY_SOURCE=2 -g -O2 -Werror=implicit-function-declaration -ffile-prefix-map=/sonic/src/bash/bash-5.2.37=. -fstack-protector-strong -fstack-clash-protection -Wformat -Werror=format-security -fcf-protection -Wall -c .././jobs.c
rm -f subst.o
rm -f trap.o
gcc  -DPROGRAM='"bash"' -DCONF_HOSTTYPE='"x86_64"' -DCONF_OSTYPE='"linux-gnu"' -DCONF_MACHTYPE='"x86_64-pc-linux-gnu"' -DCONF_VENDOR='"pc"' -DLOCALEDIR='"/usr/share/locale"' -DPACKAGE='"bash"' -DSHELL -DHAVE_CONFIG_H   -I.  -I../. -I.././include -I.././lib    -Wdate-time -D_FORTIFY_SOURCE=2 -g -O2 -Werror=implicit-function-declaration -ffile-prefix-map=/sonic/src/bash/bash-5.2.37=. -fstack-protector-strong -fstack-clash-protection -Wformat -Werror=format-security -fcf-protection -Wall -c .././subst.c
rm -f sig.o
rm -f bashline.o
gcc  -DPROGRAM='"bash"' -DCONF_HOSTTYPE='"x86_64"' -DCONF_OSTYPE='"linux-gnu"' -DCONF_MACHTYPE='"x86_64-pc-linux-gnu"' -DCONF_VENDOR='"pc"' -DLOCALEDIR='"/usr/share/locale"' -DPACKAGE='"bash"' -DSHELL -DHAVE_CONFIG_H   -I.  -I../. -I.././include -I.././lib    -Wdate-time -D_FORTIFY_SOURCE=2 -g -O2 -Werror=implicit-function-declaration -ffile-prefix-map=/sonic/src/bash/bash-5.2.37=. -fstack-protector-strong -fstack-clash-protection -Wformat -Werror=format-security -fcf-protection -Wall -c .././trap.c
gcc  -DPROGRAM='"bash"' -DCONF_HOSTTYPE='"x86_64"' -DCONF_OSTYPE='"linux-gnu"' -DCONF_MACHTYPE='"x86_64-pc-linux-gnu"' -DCONF_VENDOR='"pc"' -DLOCALEDIR='"/usr/share/locale"' -DPACKAGE='"bash"' -DSHELL -DHAVE_CONFIG_H   -I.  -I../. -I.././include -I.././lib    -Wdate-time -D_FORTIFY_SOURCE=2 -g -O2 -Werror=implicit-function-declaration -ffile-prefix-map=/sonic/src/bash/bash-5.2.37=. -fstack-protector-strong -fstack-clash-protection -Wformat -Werror=format-security -fcf-protection -Wall -c .././sig.c
gcc  -DPROGRAM='"bash"' -DCONF_HOSTTYPE='"x86_64"' -DCONF_OSTYPE='"linux-gnu"' -DCONF_MACHTYPE='"x86_64-pc-linux-gnu"' -DCONF_VENDOR='"pc"' -DLOCALEDIR='"/usr/share/locale"' -DPACKAGE='"bash"' -DSHELL -DHAVE_CONFIG_H   -I.  -I../. -I.././include -I.././lib    -Wdate-time -D_FORTIFY_SOURCE=2 -g -O2 -Werror=implicit-function-declaration -ffile-prefix-map=/sonic/src/bash/bash-5.2.37=. -fstack-protector-strong -fstack-clash-protection -Wformat -Werror=format-security -fcf-protection -Wall -c .././bashline.c
make[5]: Entering directory '/sonic/src/bash/bash-5.2.37/build-static/builtins'
make[5]: warning: -j192 forced in submake: resetting jobserver mode.
rm -f pcomplete.o

gcc  -DPROGRAM='"bash"' -DCONF_HOSTTYPE='"x86_64"' -DCONF_OSTYPE='"linux-gnu"' -DCONF_MACHTYPE='"x86_64-pc-linux-gnu"' -DCONF_VENDOR='"pc"' -DLOCALEDIR='"/usr/share/locale"' -DPACKAGE='"bash"' -DSHELL -DHAVE_CONFIG_H   -I.  -I../. -I.././include -I.././lib    -Wdate-time -D_FORTIFY_SOURCE=2 -g -O2 -Werror=implicit-function-declaration -ffile-prefix-map=/sonic/src/bash/bash-5.2.37=. -fstack-protector-strong -fstack-clash-protection -Wformat -Werror=format-security -fcf-protection -Wall -c .././pcomplete.c
rm -f builtins.o
	  ***********************************************************
rm -f alias.o
gcc -c   -DHAVE_CONFIG_H -DSHELL  -I. -I..  -I../../. -I../.././include -I../.././lib -I../.././builtins    -Wdate-time -D_FORTIFY_SOURCE=2 -g -O2 -Werror=implicit-function-declaration -ffile-prefix-map=/sonic/src/bash/bash-5.2.37=. -fstack-protector-strong -fstack-clash-protection -Wformat -Werror=format-security -fcf-protection -Wall builtins.c
	  *                                                         *
./mkbuiltins -D ../.././builtins ../.././builtins/alias.def
rm -f bind.o
rm -f break.o
./mkbuiltins -D ../.././builtins ../.././builtins/bind.def
	  * GNU bash, version 5.2.37(1)-release (x86_64-pc-linux-gnu)
gcc -c   -DHAVE_CONFIG_H -DSHELL  -I. -I..  -I../../. -I../.././include -I../.././lib -I../.././builtins    -Wdate-time -D_FORTIFY_SOURCE=2 -g -O2 -Werror=implicit-function-declaration -ffile-prefix-map=/sonic/src/bash/bash-5.2.37=. -fstack-protector-strong -fstack-clash-protection -Wformat -Werror=format-security -fcf-protection -Wall alias.c || ( rm -f alias.c ; exit 1 )
./mkbuiltins -D ../.././builtins ../.././builtins/break.def
	  *                                                         *
gcc -c   -DHAVE_CONFIG_H -DSHELL  -I. -I..  -I../../. -I../.././include -I../.././lib -I../.././builtins    -Wdate-time -D_FORTIFY_SOURCE=2 -g -O2 -Werror=implicit-function-declaration -ffile-prefix-map=/sonic/src/bash/bash-5.2.37=. -fstack-protector-strong -fstack-clash-protection -Wformat -Werror=format-security -fcf-protection -Wall bind.c || ( rm -f bind.c ; exit 1 )
	  ***********************************************************
rm -f builtin.o

gcc -c   -DHAVE_CONFIG_H -DSHELL  -I. -I..  -I../../. -I../.././include -I../.././lib -I../.././builtins    -Wdate-time -D_FORTIFY_SOURCE=2 -g -O2 -Werror=implicit-function-declaration -ffile-prefix-map=/sonic/src/bash/bash-5.2.37=. -fstack-protector-strong -fstack-clash-protection -Wformat -Werror=format-security -fcf-protection -Wall break.c || ( rm -f break.c ; exit 1 )
making lib/sh/libsh.a in ./lib/sh
./mkbuiltins -D ../.././builtins ../.././builtins/builtin.def
making lib/glob/libglob.a in ./lib/glob
making lib/readline/libreadline.a in ./lib/readline
rm -f caller.o
gcc -c   -DHAVE_CONFIG_H -DSHELL  -I. -I..  -I../../. -I../.././include -I../.././lib -I../.././builtins    -Wdate-time -D_FORTIFY_SOURCE=2 -g -O2 -Werror=implicit-function-declaration -ffile-prefix-map=/sonic/src/bash/bash-5.2.37=. -fstack-protector-strong -fstack-clash-protection -Wformat -Werror=format-security -fcf-protection -Wall builtin.c || ( rm -f builtin.c ; exit 1 )
./mkbuiltins -D ../.././builtins ../.././builtins/caller.def
make[5]: Entering directory '/sonic/src/bash/bash-5.2.37/build-static/lib/glob'
make[5]: warning: -j192 forced in submake: resetting jobserver mode.
rm -f cd.o
gcc -c   -DHAVE_CONFIG_H -DSHELL  -I. -I..  -I../../. -I../.././include -I../.././lib -I../.././builtins    -Wdate-time -D_FORTIFY_SOURCE=2 -g -O2 -Werror=implicit-function-declaration -ffile-prefix-map=/sonic/src/bash/bash-5.2.37=. -fstack-protector-strong -fstack-clash-protection -Wformat -Werror=format-security -fcf-protection -Wall caller.c || ( rm -f caller.c ; exit 1 )
./mkbuiltins -D ../.././builtins ../.././builtins/cd.def
rm -f glob.o
rm -f colon.o
rm -f strmatch.o
rm -f smatch.o
make[5]: Entering directory '/sonic/src/bash/bash-5.2.37/build-static/lib/sh'
make[5]: warning: -j192 forced in submake: resetting jobserver mode.
make[5]: Entering directory '/sonic/src/bash/bash-5.2.37/build-static/lib/readline'
make[5]: warning: -j192 forced in submake: resetting jobserver mode.
making lib/tilde/libtilde.a in ./lib/tilde
gcc -c   -DHAVE_CONFIG_H -DSHELL  -I. -I..  -I../../. -I../.././include -I../.././lib -I../.././builtins    -Wdate-time -D_FORTIFY_SOURCE=2 -g -O2 -Werror=implicit-function-declaration -ffile-prefix-map=/sonic/src/bash/bash-5.2.37=. -fstack-protector-strong -fstack-clash-protection -Wformat -Werror=format-security -fcf-protection -Wall cd.c || ( rm -f cd.c ; exit 1 )
.././variables.c: In function 'initialize_shell_variables':
gcc -c  -DHAVE_CONFIG_H -DSHELL -I. -I../.. -I../../../. -I../../.././include -I../../.././lib -Wdate-time -D_FORTIFY_SOURCE=2   -g -O2 -Werror=implicit-function-declaration -ffile-prefix-map=/sonic/src/bash/bash-5.2.37=. -fstack-protector-strong -fstack-clash-protection -Wformat -Werror=format-security -fcf-protection -Wall  ../../.././lib/glob/glob.c
.././variables.c:425:15: warning: suggest parentheses around assignment used as truth value [-Wparentheses]
  425 |           if (temp_var = find_function (tname))
      |               ^~~~~~~~
.././variables.c:432:19: warning: suggest parentheses around assignment used as truth value [-Wparentheses]
  432 |               if (temp_var = bind_invalid_envvar (name, string, 0))
      |                   ^~~~~~~~
.././variables.c: In function 'set_machine_vars':
.././variables.c:723:14: warning: variable 'temp_var' set but not used [-Wunused-but-set-variable]
  723 |   SHELL_VAR *temp_var;
      |              ^~~~~~~~
rm -f readline.o
./mkbuiltins -D ../.././builtins ../.././builtins/colon.def
gcc -c  -DHAVE_CONFIG_H -DSHELL -I. -I../.. -I../../../. -I../../.././include -I../../.././lib -Wdate-time -D_FORTIFY_SOURCE=2   -g -O2 -Werror=implicit-function-declaration -ffile-prefix-map=/sonic/src/bash/bash-5.2.37=. -fstack-protector-strong -fstack-clash-protection -Wformat -Werror=format-security -fcf-protection -Wall  ../../.././lib/glob/strmatch.c
.././subst.c: In function 'string_extract':
gcc -c   -I. -I../.. -I../../../. -I../../.././lib -I../../.././include -I../../.././lib/sh  -DHAVE_CONFIG_H -DSHELL   -g -O2 -Werror=implicit-function-declaration -ffile-prefix-map=/sonic/src/bash/bash-5.2.37=. -fstack-protector-strong -fstack-clash-protection -Wformat -Werror=format-security -fcf-protection -Wall -Wdate-time -D_FORTIFY_SOURCE=2  ../../.././lib/sh/clktck.c
rm -f command.o
gcc -c  -DHAVE_CONFIG_H -DSHELL -I. -I../.. -I../../../. -I../../.././include -I../../.././lib -Wdate-time -D_FORTIFY_SOURCE=2   -g -O2 -Werror=implicit-function-declaration -ffile-prefix-map=/sonic/src/bash/bash-5.2.37=. -fstack-protector-strong -fstack-clash-protection -Wformat -Werror=format-security -fcf-protection -Wall  ../../.././lib/glob/smatch.c
.././subst.c:810:10: warning: suggest parentheses around assignment used as truth value [-Wparentheses]
  810 |   while (c = string[i])
      |          ^
.././subst.c: In function 'string_extract_double_quoted':
rm -f vi_mode.o
.././subst.c:884:10: warning: suggest parentheses around assignment used as truth value [-Wparentheses]
  884 |   while (c = string[i])
      |          ^
.././subst.c: In function 'skip_double_quoted':
.././subst.c:1036:10: warning: suggest parentheses around assignment used as truth value [-Wparentheses]
 1036 |   while (c = string[i])
      |          ^
make[5]: Entering directory '/sonic/src/bash/bash-5.2.37/build-static/lib/tilde'
make[5]: warning: -j192 forced in submake: resetting jobserver mode.
.././subst.c:1030:9: warning: variable 'ret' set but not used [-Wunused-but-set-variable]
 1030 |   char *ret;
      |         ^~~
.././jobs.c: In function 'procsub_waitall':
.././subst.c: In function 'string_extract_verbatim':
.././subst.c:1204:10: warning: suggest parentheses around assignment used as truth value [-Wparentheses]
 1204 |   while (c = string[i])
      |          ^
.././jobs.c:1103:7: warning: variable 'r' set but not used [-Wunused-but-set-variable]
 1103 |   int r;
      |       ^
.././jobs.c: In function 'procsub_prune':
.././jobs.c:1137:7: warning: variable 'onproc' set but not used [-Wunused-but-set-variable]
 1137 |   int onproc;
      |       ^~~~~~
.././jobs.c:1136:20: warning: variable 'oend' set but not used [-Wunused-but-set-variable]
 1136 |   PROCESS *ohead, *oend, *ps, *p;
      |                    ^~~~
.././variables.c: In function 'var_lookup':
.././variables.c:2012:9: warning: suggest parentheses around assignment used as truth value [-Wparentheses]
 2012 |     if (v = hash_lookup (name, vc->table))
      |         ^
.././jobs.c: In function 'cleanup_dead_jobs':
.././jobs.c:1214:12: warning: unused variable 'discard' [-Wunused-variable]
 1214 |   PROCESS *discard;
      |            ^~~~~~~
.././subst.c: In function 'extract_delimited_string':
rm -f xmbsrtowcs.o
.././subst.c:1367:9: warning: variable 't' set but not used [-Wunused-but-set-variable]
 1367 |   char *t, *result;
      |         ^
.././subst.c: In function 'extract_heredoc_dolbrace_string':
.././subst.c:1554:10: warning: suggest parentheses around assignment used as truth value [-Wparentheses]
 1554 |   while (c = string[i])
      |          ^
.././jobs.c: In function 'nohup_job':
.././jobs.c:1457:7: warning: suggest parentheses around assignment used as truth value [-Wparentheses]
 1457 |   if (temp = jobs[job_index])
      |       ^~~~
rm -f gmisc.o
.././subst.c: In function 'extract_dollar_brace_string':
.././variables.c: In function 'nameref_transform_name':
.././subst.c:1841:10: warning: suggest parentheses around assignment used as truth value [-Wparentheses]
 1841 |   while (c = string[i])
      |          ^
.././variables.c:2322:9: warning: unused variable 'newname' [-Wunused-variable]
 2322 |   char *newname;
      |         ^~~~~~~
gcc -c   -I. -I../.. -I../../../. -I../../.././lib -I../../.././include -I../../.././lib/sh  -DHAVE_CONFIG_H -DSHELL   -g -O2 -Werror=implicit-function-declaration -ffile-prefix-map=/sonic/src/bash/bash-5.2.37=. -fstack-protector-strong -fstack-clash-protection -Wformat -Werror=format-security -fcf-protection -Wall -Wdate-time -D_FORTIFY_SOURCE=2  ../../.././lib/sh/clock.c
.././subst.c:1820:18: warning: variable 't' set but not used [-Wunused-but-set-variable]
 1820 |   char *result, *t;
      |                  ^
.././subst.c: In function 'skip_matched_pair':
gcc -c   -DHAVE_CONFIG_H -DSHELL -Wdate-time -D_FORTIFY_SOURCE=2 -I. -I../.. -I../../../. -I../../.././include -I../../.././lib   -g -O2 -Werror=implicit-function-declaration -ffile-prefix-map=/sonic/src/bash/bash-5.2.37=. -fstack-protector-strong -fstack-clash-protection -Wformat -Werror=format-security -fcf-protection -Wall ../../.././lib/tilde/tilde.c
.././subst.c:2083:10: warning: suggest parentheses around assignment used as truth value [-Wparentheses]
 2083 |   while (c = string[i])
      |          ^
gcc -c   -I. -I../.. -I../../../. -I../../.././lib -I../../.././include -I../../.././lib/sh  -DHAVE_CONFIG_H -DSHELL   -g -O2 -Werror=implicit-function-declaration -ffile-prefix-map=/sonic/src/bash/bash-5.2.37=. -fstack-protector-strong -fstack-clash-protection -Wformat -Werror=format-security -fcf-protection -Wall -Wdate-time -D_FORTIFY_SOURCE=2  ../../.././lib/sh/getenv.c
gcc -c   -I. -I../.. -I../../../. -I../../.././lib -I../../.././include -I../../.././lib/sh  -DHAVE_CONFIG_H -DSHELL   -g -O2 -Werror=implicit-function-declaration -ffile-prefix-map=/sonic/src/bash/bash-5.2.37=. -fstack-protector-strong -fstack-clash-protection -Wformat -Werror=format-security -fcf-protection -Wall -Wdate-time -D_FORTIFY_SOURCE=2  ../../.././lib/sh/oslib.c
gcc -c   -I. -I../.. -I../../../. -I../../.././lib -I../../.././include -I../../.././lib/sh  -DHAVE_CONFIG_H -DSHELL   -g -O2 -Werror=implicit-function-declaration -ffile-prefix-map=/sonic/src/bash/bash-5.2.37=. -fstack-protector-strong -fstack-clash-protection -Wformat -Werror=format-security -fcf-protection -Wall -Wdate-time -D_FORTIFY_SOURCE=2  ../../.././lib/sh/setlinebuf.c
.././subst.c:2069:9: warning: variable 'temp' set but not used [-Wunused-but-set-variable]
 2069 |   char *temp, *ss;
      |         ^~~~
.././subst.c: In function 'skip_to_delim':
.././subst.c:2208:10: warning: suggest parentheses around assignment used as truth value [-Wparentheses]
 2208 |   while (c = string[i])
      |          ^
gcc -c   -DHAVE_CONFIG_H -DSHELL  -I. -I..  -I../../. -I../.././include -I../.././lib -I../.././builtins    -Wdate-time -D_FORTIFY_SOURCE=2 -g -O2 -Werror=implicit-function-declaration -ffile-prefix-map=/sonic/src/bash/bash-5.2.37=. -fstack-protector-strong -fstack-clash-protection -Wformat -Werror=format-security -fcf-protection -Wall colon.c || ( rm -f colon.c ; exit 1 )
gcc -c   -I. -I../.. -I../../../. -I../../.././lib -I../../.././include -I../../.././lib/sh  -DHAVE_CONFIG_H -DSHELL   -g -O2 -Werror=implicit-function-declaration -ffile-prefix-map=/sonic/src/bash/bash-5.2.37=. -fstack-protector-strong -fstack-clash-protection -Wformat -Werror=format-security -fcf-protection -Wall -Wdate-time -D_FORTIFY_SOURCE=2  ../../.././lib/sh/strnlen.c
gcc -c -DHAVE_CONFIG_H -DSHELL  -Wdate-time -D_FORTIFY_SOURCE=2 -I. -I/sonic/src/bash/bash-5.2.37/build-static -I../../../. -I../../.././lib   -g -O2 -Werror=implicit-function-declaration -ffile-prefix-map=/sonic/src/bash/bash-5.2.37=. -fstack-protector-strong -fstack-clash-protection -Wformat -Werror=format-security -fcf-protection -Wall  ../../.././lib/readline/readline.c
.././jobs.c: In function 'make_child':
.././bashline.c: In function 'snarf_hosts_from_file':
.././jobs.c:2126:32: warning: unused variable 'chldset' [-Wunused-variable]
 2126 |   sigset_t set, oset, termset, chldset, oset_copy;
      |                                ^~~~~~~
.././bashline.c:811:10: warning: suggest parentheses around assignment used as truth value [-Wparentheses]
  811 |   while (temp = fgets (buffer, 255, file))
      |          ^~~~
gcc -c   -I. -I../.. -I../../../. -I../../.././lib -I../../.././include -I../../.././lib/sh  -DHAVE_CONFIG_H -DSHELL   -g -O2 -Werror=implicit-function-declaration -ffile-prefix-map=/sonic/src/bash/bash-5.2.37=. -fstack-protector-strong -fstack-clash-protection -Wformat -Werror=format-security -fcf-protection -Wall -Wdate-time -D_FORTIFY_SOURCE=2  ../../.././lib/sh/itos.c
gcc -c  -DHAVE_CONFIG_H -DSHELL -I. -I../.. -I../../../. -I../../.././include -I../../.././lib -Wdate-time -D_FORTIFY_SOURCE=2   -g -O2 -Werror=implicit-function-declaration -ffile-prefix-map=/sonic/src/bash/bash-5.2.37=. -fstack-protector-strong -fstack-clash-protection -Wformat -Werror=format-security -fcf-protection -Wall  ../../.././lib/glob/xmbsrtowcs.c
.././jobs.c:2126:23: warning: unused variable 'termset' [-Wunused-variable]
 2126 |   sigset_t set, oset, termset, chldset, oset_copy;
      |                       ^~~~~~~
.././subst.c:2191:9: warning: variable 'temp' set but not used [-Wunused-but-set-variable]
 2191 |   char *temp, open[3];
      |         ^~~~
.././subst.c: In function 'skip_to_histexp':
gcc -c -DHAVE_CONFIG_H -DSHELL  -Wdate-time -D_FORTIFY_SOURCE=2 -I. -I/sonic/src/bash/bash-5.2.37/build-static -I../../../. -I../../.././lib   -g -O2 -Werror=implicit-function-declaration -ffile-prefix-map=/sonic/src/bash/bash-5.2.37=. -fstack-protector-strong -fstack-clash-protection -Wformat -Werror=format-security -fcf-protection -Wall  ../../.././lib/readline/vi_mode.c
gcc -c   -I. -I../.. -I../../../. -I../../.././lib -I../../.././include -I../../.././lib/sh  -DHAVE_CONFIG_H -DSHELL   -g -O2 -Werror=implicit-function-declaration -ffile-prefix-map=/sonic/src/bash/bash-5.2.37=. -fstack-protector-strong -fstack-clash-protection -Wformat -Werror=format-security -fcf-protection -Wall -Wdate-time -D_FORTIFY_SOURCE=2  ../../.././lib/sh/zread.c
.././subst.c:2383:10: warning: suggest parentheses around assignment used as truth value [-Wparentheses]
 2383 |   while (c = string[i])
      |          ^
rm -f funmap.o
./mkbuiltins -D ../.././builtins ../.././builtins/command.def
.././jobs.c: In function 'wait_for_background_pids':
.././bashline.c: In function 'bash_spell_correct_shellword':
gcc -c  -DHAVE_CONFIG_H -DSHELL -I. -I../.. -I../../../. -I../../.././include -I../../.././lib -Wdate-time -D_FORTIFY_SOURCE=2   -g -O2 -Werror=implicit-function-declaration -ffile-prefix-map=/sonic/src/bash/bash-5.2.37=. -fstack-protector-strong -fstack-clash-protection -Wformat -Werror=format-security -fcf-protection -Wall  ../../.././lib/glob/gmisc.c
.././bashline.c:1346:7: warning: variable 'opoint' set but not used [-Wunused-but-set-variable]
 1346 |   int opoint, wbeg, wend;
      |       ^~~~~~
.././jobs.c:2652:20: warning: variable 'check_async' set but not used [-Wunused-but-set-variable]
 2652 |   int any_stopped, check_async, njobs;
      |                    ^~~~~~~~~~~
gcc -c   -I. -I../.. -I../../../. -I../../.././lib -I../../.././include -I../../.././lib/sh  -DHAVE_CONFIG_H -DSHELL   -g -O2 -Werror=implicit-function-declaration -ffile-prefix-map=/sonic/src/bash/bash-5.2.37=. -fstack-protector-strong -fstack-clash-protection -Wformat -Werror=format-security -fcf-protection -Wall -Wdate-time -D_FORTIFY_SOURCE=2  ../../.././lib/sh/zwrite.c
rm -f keymaps.o
rm -f common.o
.././bashline.c: In function 'attempt_shell_completion':
.././bashline.c:1704:14: warning: suggest parentheses around assignment used as truth value [-Wparentheses]
 1704 |       while (was_assignment = assignment (n, 0));
      |              ^~~~~~~~~~~~~~
gcc -c   -I. -I../.. -I../../../. -I../../.././lib -I../../.././include -I../../.././lib/sh  -DHAVE_CONFIG_H -DSHELL   -g -O2 -Werror=implicit-function-declaration -ffile-prefix-map=/sonic/src/bash/bash-5.2.37=. -fstack-protector-strong -fstack-clash-protection -Wformat -Werror=format-security -fcf-protection -Wall -Wdate-time -D_FORTIFY_SOURCE=2  ../../.././lib/sh/shtty.c
gcc -c -DHAVE_CONFIG_H -DSHELL  -Wdate-time -D_FORTIFY_SOURCE=2 -I. -I/sonic/src/bash/bash-5.2.37/build-static -I../../../. -I../../.././lib   -g -O2 -Werror=implicit-function-declaration -ffile-prefix-map=/sonic/src/bash/bash-5.2.37=. -fstack-protector-strong -fstack-clash-protection -Wformat -Werror=format-security -fcf-protection -Wall  ../../.././lib/readline/funmap.c
gcc -c   -I. -I../.. -I../../../. -I../../.././lib -I../../.././include -I../../.././lib/sh  -DHAVE_CONFIG_H -DSHELL   -g -O2 -Werror=implicit-function-declaration -ffile-prefix-map=/sonic/src/bash/bash-5.2.37=. -fstack-protector-strong -fstack-clash-protection -Wformat -Werror=format-security -fcf-protection -Wall -Wdate-time -D_FORTIFY_SOURCE=2  ../../.././lib/sh/shmatch.c
.././bashline.c: In function 'command_word_completion_function':
gcc -c -DHAVE_CONFIG_H -DSHELL  -Wdate-time -D_FORTIFY_SOURCE=2 -I. -I/sonic/src/bash/bash-5.2.37/build-static -I../../../. -I../../.././lib   -g -O2 -Werror=implicit-function-declaration -ffile-prefix-map=/sonic/src/bash/bash-5.2.37=. -fstack-protector-strong -fstack-clash-protection -Wformat -Werror=format-security -fcf-protection -Wall  ../../.././lib/readline/keymaps.c
.././bashline.c:2209:14: warning: suggest parentheses around assignment used as truth value [-Wparentheses]
 2209 |       while (val = glob_matches[local_index++])
      |              ^~~
rm -f parens.o
.././variables.c: In function 'delete_var':
rm -f search.o
.././subst.c: In function 'do_assignment_internal':
.././variables.c:3958:9: warning: suggest parentheses around assignment used as truth value [-Wparentheses]
 3958 |     if (elt = hash_remove (name, v->table, 0))
      |         ^~~
gcc -c   -DHAVE_CONFIG_H -DSHELL  -I. -I..  -I../../. -I../.././include -I../.././lib -I../.././builtins    -Wdate-time -D_FORTIFY_SOURCE=2 -g -O2 -Werror=implicit-function-declaration -ffile-prefix-map=/sonic/src/bash/bash-5.2.37=. -fstack-protector-strong -fstack-clash-protection -Wformat -Werror=format-security -fcf-protection -Wall command.c || ( rm -f command.c ; exit 1 )
.././subst.c:3613:7: warning: suggest parentheses around assignment used as truth value [-Wparentheses]
 3613 |   if (t = mbschr (name, LBRACK))
      |       ^
.././variables.c: In function 'makunbound':
gcc -c   -DHAVE_CONFIG_H -DSHELL  -I. -I..  -I../../. -I../.././include -I../.././lib -I../.././builtins    -Wdate-time -D_FORTIFY_SOURCE=2 -g -O2 -Werror=implicit-function-declaration -ffile-prefix-map=/sonic/src/bash/bash-5.2.37=. -fstack-protector-strong -fstack-clash-protection -Wformat -Werror=format-security -fcf-protection -Wall ../.././builtins/common.c
gcc -c   -I. -I../.. -I../../../. -I../../.././lib -I../../.././include -I../../.././lib/sh  -DHAVE_CONFIG_H -DSHELL   -g -O2 -Werror=implicit-function-declaration -ffile-prefix-map=/sonic/src/bash/bash-5.2.37=. -fstack-protector-strong -fstack-clash-protection -Wformat -Werror=format-security -fcf-protection -Wall -Wdate-time -D_FORTIFY_SOURCE=2  ../../.././lib/sh/eaccess.c
.././bashline.c: In function 'bash_servicename_completion_function':
.././bashline.c:2609:10: warning: suggest parentheses around assignment used as truth value [-Wparentheses]
 2609 |   while (srvent = getservent ())
      |          ^~~~~~
.././variables.c:3987:9: warning: suggest parentheses around assignment used as truth value [-Wparentheses]
 3987 |     if (elt = hash_remove (name, v->table, 0))
      |         ^~~
.././bashline.c: In function 'bash_groupname_completion_function':
gcc -c   -I. -I../.. -I../../../. -I../../.././lib -I../../.././include -I../../.././lib/sh  -DHAVE_CONFIG_H -DSHELL   -g -O2 -Werror=implicit-function-declaration -ffile-prefix-map=/sonic/src/bash/bash-5.2.37=. -fstack-protector-strong -fstack-clash-protection -Wformat -Werror=format-security -fcf-protection -Wall -Wdate-time -D_FORTIFY_SOURCE=2  ../../.././lib/sh/netconn.c
.././bashline.c:2665:10: warning: suggest parentheses around assignment used as truth value [-Wparentheses]
 2665 |   while (grent = getgrent ())
      |          ^~~~~
gcc -c   -I. -I../.. -I../../../. -I../../.././lib -I../../.././include -I../../.././lib/sh  -DHAVE_CONFIG_H -DSHELL   -g -O2 -Werror=implicit-function-declaration -ffile-prefix-map=/sonic/src/bash/bash-5.2.37=. -fstack-protector-strong -fstack-clash-protection -Wformat -Werror=format-security -fcf-protection -Wall -Wdate-time -D_FORTIFY_SOURCE=2  ../../.././lib/sh/netopen.c
.././bashline.c: In function 'history_and_alias_expand_line':
gcc -c -DHAVE_CONFIG_H -DSHELL  -Wdate-time -D_FORTIFY_SOURCE=2 -I. -I/sonic/src/bash/bash-5.2.37/build-static -I../../../. -I../../.././lib   -g -O2 -Werror=implicit-function-declaration -ffile-prefix-map=/sonic/src/bash/bash-5.2.37=. -fstack-protector-strong -fstack-clash-protection -Wformat -Werror=format-security -fcf-protection -Wall  ../../.././lib/readline/parens.c
rm -f declare.o
.././bashline.c:2847:20: warning: unused variable 't' [-Wunused-variable]
 2847 |   char *new_line, *t;
      |                    ^
.././bashline.c: In function 'bash_filename_stat_hook':
.././bashline.c:3385:7: warning: suggest parentheses around assignment used as truth value [-Wparentheses]
 3385 |   if (t = mbschr (local_dirname, '$'))
      |       ^
.././bashline.c:3387:12: warning: suggest parentheses around assignment used as truth value [-Wparentheses]
 3387 |   else if (t = mbschr (local_dirname, '`'))     /* XXX */
      |            ^
.././subst.c: In function 'expand_string_dollar_quote':
rm -f echo.o
gcc -c   -I. -I../.. -I../../../. -I../../.././lib -I../../.././include -I../../.././lib/sh  -DHAVE_CONFIG_H -DSHELL   -g -O2 -Werror=implicit-function-declaration -ffile-prefix-map=/sonic/src/bash/bash-5.2.37=. -fstack-protector-strong -fstack-clash-protection -Wformat -Werror=format-security -fcf-protection -Wall -Wdate-time -D_FORTIFY_SOURCE=2  ../../.././lib/sh/timeval.c
gcc -c -DHAVE_CONFIG_H -DSHELL  -Wdate-time -D_FORTIFY_SOURCE=2 -I. -I/sonic/src/bash/bash-5.2.37/build-static -I../../../. -I../../.././lib   -g -O2 -Werror=implicit-function-declaration -ffile-prefix-map=/sonic/src/bash/bash-5.2.37=. -fstack-protector-strong -fstack-clash-protection -Wformat -Werror=format-security -fcf-protection -Wall  ../../.././lib/readline/search.c
.././bashline.c: In function 'bash_directory_completion_hook':
.././variables.c: In function 'push_posix_temp_var':
.././bashline.c:3540:18: warning: unused variable 'l1' [-Wunused-variable]
 3540 |           size_t l1, l2;
      |                  ^~
.././subst.c:4192:10: warning: suggest parentheses around assignment used as truth value [-Wparentheses]
 4192 |   while (c = string[sindex])
      |          ^
.././jobs.c: In function 'sigchld_handler':
.././variables.c:4556:15: warning: variable 'binding_table' set but not used [-Wunused-but-set-variable]
 4556 |   HASH_TABLE *binding_table;
      |               ^~~~~~~~~~~~~
.././jobs.c:3749:7: warning: variable 'n' set but not used [-Wunused-but-set-variable]
 3749 |   int n, oerrno;
      |       ^
.././variables.c: In function 'mk_env_string':
gcc -c   -I. -I../.. -I../../../. -I../../.././lib -I../../.././include -I../../.././lib/sh  -DHAVE_CONFIG_H -DSHELL   -g -O2 -Werror=implicit-function-declaration -ffile-prefix-map=/sonic/src/bash/bash-5.2.37=. -fstack-protector-strong -fstack-clash-protection -Wformat -Werror=format-security -fcf-protection -Wall -Wdate-time -D_FORTIFY_SOURCE=2  ../../.././lib/sh/makepath.c
rm -f rltty.o
.././variables.c:4760:15: warning: unused variable 'isarray' [-Wunused-variable]
 4760 |   int isfunc, isarray;
      |               ^~~~~~~
.././variables.c: In function 'make_env_array_from_var_list':
rm -f complete.o
./mkbuiltins -D ../.././builtins ../.././builtins/declare.def
.././variables.c:4896:31: warning: suggest parentheses around assignment used as truth value [-Wparentheses]
 4896 |   for (i = 0, list_index = 0; var = vars[i]; i++)
      |                               ^~~
rm -f bind.o
./mkbuiltins -D ../.././builtins ../.././builtins/echo.def
gcc -c   -I. -I../.. -I../../../. -I../../.././lib -I../../.././include -I../../.././lib/sh  -DHAVE_CONFIG_H -DSHELL   -g -O2 -Werror=implicit-function-declaration -ffile-prefix-map=/sonic/src/bash/bash-5.2.37=. -fstack-protector-strong -fstack-clash-protection -Wformat -Werror=format-security -fcf-protection -Wall -Wdate-time -D_FORTIFY_SOURCE=2  ../../.././lib/sh/pathcanon.c
gcc -c -DHAVE_CONFIG_H -DSHELL  -Wdate-time -D_FORTIFY_SOURCE=2 -I. -I/sonic/src/bash/bash-5.2.37/build-static -I../../../. -I../../.././lib   -g -O2 -Werror=implicit-function-declaration -ffile-prefix-map=/sonic/src/bash/bash-5.2.37=. -fstack-protector-strong -fstack-clash-protection -Wformat -Werror=format-security -fcf-protection -Wall  ../../.././lib/readline/rltty.c
.././bashline.c: In function 'bash_check_expchar':
rm -f enable.o
.././bashline.c:4172:7: warning: suggest parentheses around assignment used as truth value [-Wparentheses]
 4172 |   if (t = mbschr (dirname, '$'))
      |       ^
gcc -c -DHAVE_CONFIG_H -DSHELL  -Wdate-time -D_FORTIFY_SOURCE=2 -I. -I/sonic/src/bash/bash-5.2.37/build-static -I../../../. -I../../.././lib   -g -O2 -Werror=implicit-function-declaration -ffile-prefix-map=/sonic/src/bash/bash-5.2.37=. -fstack-protector-strong -fstack-clash-protection -Wformat -Werror=format-security -fcf-protection -Wall  ../../.././lib/readline/complete.c
rm -f eval.o
.././bashline.c: In function 'set_filename_quote_chars':
../../.././lib/glob/glob.c: In function 'extglob_skipname':
gcc -c   -I. -I../.. -I../../../. -I../../.././lib -I../../.././include -I../../.././lib/sh  -DHAVE_CONFIG_H -DSHELL   -g -O2 -Werror=implicit-function-declaration -ffile-prefix-map=/sonic/src/bash/bash-5.2.37=. -fstack-protector-strong -fstack-clash-protection -Wformat -Werror=format-security -fcf-protection -Wall -Wdate-time -D_FORTIFY_SOURCE=2  ../../.././lib/sh/pathphys.c
../../.././lib/glob/glob.c:237:10: warning: suggest parentheses around assignment used as truth value [-Wparentheses]
  237 |   while (t = glob_patscan (pp, pe, '|'))
      |          ^
../../.././lib/glob/glob.c:204:27: warning: variable 'nullpat' set but not used [-Wunused-but-set-variable]
  204 |   int n, r, negate, wild, nullpat, xflags;
      |                           ^~~~~~~
../../.././lib/glob/glob.c: In function 'skipname':
.././bashline.c:4231:23: warning: suggest parentheses around assignment used as truth value [-Wparentheses]
 4231 |       for (i = j = 0; c = default_filename_quote_characters[i]; i++)
      |                       ^
../../.././lib/glob/glob.c:275:7: warning: unused variable 'i' [-Wunused-variable]
  275 |   int i;
      |       ^
../../.././lib/glob/glob.c: In function 'wskipname':
../../.././lib/glob/glob.c:317:7: warning: unused variable 'i' [-Wunused-variable]
  317 |   int i;
      |       ^
../../.././lib/glob/glob.c: In function 'wextglob_skipname':
../../.././lib/glob/glob.c:385:10: warning: suggest parentheses around assignment used as truth value [-Wparentheses]
  385 |   while (t = glob_patscan_wc (pp, pe, '|'))
      |          ^
.././execute_cmd.c: In function 'select_query':
../../.././lib/glob/glob.c:355:24: warning: variable 'nullpat' set but not used [-Wunused-but-set-variable]
  355 |   int r, negate, wild, nullpat, xflags;
      |                        ^~~~~~~
.././execute_cmd.c:3333:23: warning: unused variable 't' [-Wunused-variable]
 3333 |   char *repl_string, *t;
      |                       ^
../../.././lib/glob/glob.c: In function 'wdequote_pathname':
gcc -c   -DHAVE_CONFIG_H -DSHELL  -I. -I..  -I../../. -I../.././include -I../.././lib -I../.././builtins    -Wdate-time -D_FORTIFY_SOURCE=2 -g -O2 -Werror=implicit-function-declaration -ffile-prefix-map=/sonic/src/bash/bash-5.2.37=. -fstack-protector-strong -fstack-clash-protection -Wformat -Werror=format-security -fcf-protection -Wall declare.c || ( rm -f declare.c ; exit 1 )
../../.././lib/glob/glob.c:503:10: warning: unused variable 'j' [-Wunused-variable]
  503 |   int i, j;
      |          ^
../../.././lib/glob/glob.c:503:7: warning: unused variable 'i' [-Wunused-variable]
  503 |   int i, j;
      |       ^
gcc -c   -I. -I../.. -I../../../. -I../../.././lib -I../../.././include -I../../.././lib/sh  -DHAVE_CONFIG_H -DSHELL   -g -O2 -Werror=implicit-function-declaration -ffile-prefix-map=/sonic/src/bash/bash-5.2.37=. -fstack-protector-strong -fstack-clash-protection -Wformat -Werror=format-security -fcf-protection -Wall -Wdate-time -D_FORTIFY_SOURCE=2  ../../.././lib/sh/tmpfile.c
../../.././lib/glob/glob.c: In function 'finddirs':
../../.././lib/glob/glob.c:606:14: warning: unused variable 'n' [-Wunused-variable]
  606 |   char **r, *n;
      |              ^
gcc -c -DHAVE_CONFIG_H -DSHELL  -Wdate-time -D_FORTIFY_SOURCE=2 -I. -I/sonic/src/bash/bash-5.2.37/build-static -I../../../. -I../../.././lib   -g -O2 -Werror=implicit-function-declaration -ffile-prefix-map=/sonic/src/bash/bash-5.2.37=. -fstack-protector-strong -fstack-clash-protection -Wformat -Werror=format-security -fcf-protection -Wall  ../../.././lib/readline/bind.c
.././variables.c: In function 'pop_var_context':
gcc -c   -I. -I../.. -I../../../. -I../../.././lib -I../../.././include -I../../.././lib/sh  -DHAVE_CONFIG_H -DSHELL   -g -O2 -Werror=implicit-function-declaration -ffile-prefix-map=/sonic/src/bash/bash-5.2.37=. -fstack-protector-strong -fstack-clash-protection -Wformat -Werror=format-security -fcf-protection -Wall -Wdate-time -D_FORTIFY_SOURCE=2  ../../.././lib/sh/stringlist.c
gcc -c   -DHAVE_CONFIG_H -DSHELL  -I. -I..  -I../../. -I../.././include -I../.././lib -I../.././builtins    -Wdate-time -D_FORTIFY_SOURCE=2 -g -O2 -Werror=implicit-function-declaration -ffile-prefix-map=/sonic/src/bash/bash-5.2.37=. -fstack-protector-strong -fstack-clash-protection -Wformat -Werror=format-security -fcf-protection -Wall echo.c || ( rm -f echo.c ; exit 1 )
.././variables.c:5420:7: warning: suggest parentheses around assignment used as truth value [-Wparentheses]
 5420 |   if (ret = vcxt->down)
      |       ^~~
../../.././lib/glob/glob.c: In function 'glob_filename':
../../.././lib/glob/glob.c:1339:19: warning: unused variable 'dlen' [-Wunused-variable]
 1339 |               int dlen;
      |                   ^~~~
rm -f isearch.o
./mkbuiltins -D ../.././builtins ../.././builtins/enable.def
.././variables.c: In function 'pop_scope':
.././bashline.c: In function 'bash_execute_unix_command':
.././variables.c:5520:7: warning: variable 'is_bltinenv' set but not used [-Wunused-but-set-variable]
 5520 |   int is_bltinenv;
      |       ^~~~~~~~~~~
gcc -c -DHAVE_CONFIG_H -DSHELL  -Wdate-time -D_FORTIFY_SOURCE=2 -I. -I/sonic/src/bash/bash-5.2.37/build-static -I../../../. -I../../.././lib   -g -O2 -Werror=implicit-function-declaration -ffile-prefix-map=/sonic/src/bash/bash-5.2.37=. -fstack-protector-strong -fstack-clash-protection -Wformat -Werror=format-security -fcf-protection -Wall  ../../.././lib/readline/isearch.c
./mkbuiltins -D ../.././builtins ../.././builtins/eval.def
gcc -c   -I. -I../.. -I../../../. -I../../.././lib -I../../.././include -I../../.././lib/sh  -DHAVE_CONFIG_H -DSHELL   -g -O2 -Werror=implicit-function-declaration -ffile-prefix-map=/sonic/src/bash/bash-5.2.37=. -fstack-protector-strong -fstack-clash-protection -Wformat -Werror=format-security -fcf-protection -Wall -Wdate-time -D_FORTIFY_SOURCE=2  ../../.././lib/sh/stringvec.c
gcc -c   -DHAVE_CONFIG_H -DSHELL  -I. -I..  -I../../. -I../.././include -I../.././lib -I../.././builtins    -Wdate-time -D_FORTIFY_SOURCE=2 -g -O2 -Werror=implicit-function-declaration -ffile-prefix-map=/sonic/src/bash/bash-5.2.37=. -fstack-protector-strong -fstack-clash-protection -Wformat -Werror=format-security -fcf-protection -Wall enable.c || ( rm -f enable.c ; exit 1 )
gcc -c   -DHAVE_CONFIG_H -DSHELL  -I. -I..  -I../../. -I../.././include -I../.././lib -I../.././builtins    -Wdate-time -D_FORTIFY_SOURCE=2 -g -O2 -Werror=implicit-function-declaration -ffile-prefix-map=/sonic/src/bash/bash-5.2.37=. -fstack-protector-strong -fstack-clash-protection -Wformat -Werror=format-security -fcf-protection -Wall eval.c || ( rm -f eval.c ; exit 1 )
.././bashline.c:4447:27: warning: unused variable 'old_ch' [-Wunused-variable]
 4447 |   char *cmd, *value, *ce, old_ch;
      |                           ^~~~~~
rm -f display.o
rm -f signals.o
.././bashline.c: In function 'isolate_sequence':
.././variables.c: In function 'sv_history_control':
rm -f evalfile.o
../../.././lib/glob/smatch.c: In function 'charcmp':
gcc -c   -I. -I../.. -I../../../. -I../../.././lib -I../../.././include -I../../.././lib/sh  -DHAVE_CONFIG_H -DSHELL   -g -O2 -Werror=implicit-function-declaration -ffile-prefix-map=/sonic/src/bash/bash-5.2.37=. -fstack-protector-strong -fstack-clash-protection -Wformat -Werror=format-security -fcf-protection -Wall -Wdate-time -D_FORTIFY_SOURCE=2  ../../.././lib/sh/spell.c
rm -f evalstring.o
gcc -c   -I. -I../.. -I../../../. -I../../.././lib -I../../.././include -I../../.././lib/sh  -DHAVE_CONFIG_H -DSHELL   -g -O2 -Werror=implicit-function-declaration -ffile-prefix-map=/sonic/src/bash/bash-5.2.37=. -fstack-protector-strong -fstack-clash-protection -Wformat -Werror=format-security -fcf-protection -Wall -Wdate-time -D_FORTIFY_SOURCE=2  ../../.././lib/sh/shquote.c
../../.././lib/glob/smatch.c:108:7: warning: unused variable 'ret' [-Wunused-variable]
  108 |   int ret;
      |       ^~~
gcc -c -DHAVE_CONFIG_H -DSHELL  -Wdate-time -D_FORTIFY_SOURCE=2 -I. -I/sonic/src/bash/bash-5.2.37/build-static -I../../../. -I../../.././lib   -g -O2 -Werror=implicit-function-declaration -ffile-prefix-map=/sonic/src/bash/bash-5.2.37=. -fstack-protector-strong -fstack-clash-protection -Wformat -Werror=format-security -fcf-protection -Wall  ../../.././lib/readline/display.c
.././variables.c:6179:10: warning: suggest parentheses around assignment used as truth value [-Wparentheses]
 6179 |   while (val = extract_colon_unit (temp, &tptr))
      |          ^~~
.././execute_cmd.c: At top level:
.././execute_cmd.c:1779:13: warning: 'cpl_prune' declared 'static' but never defined [-Wunused-function]
 1779 | static void cpl_prune PARAMS((void));
      |             ^~~~~~~~~
.././bashline.c:4649:19: warning: suggest parentheses around assignment used as truth value [-Wparentheses]
 4649 |   for (passc = 0; c = string[i]; i++)
      |                   ^
../../.././lib/tilde/tilde.c: In function 'tilde_expand':
../../.././lib/tilde/tilde.c:195:7: warning: suggest parentheses around assignment used as truth value [-Wparentheses]
  195 |   if (result = strchr (string, '~'))
      |       ^~~~~~
gcc -c   -I. -I../.. -I../../../. -I../../.././lib -I../../.././include -I../../.././lib/sh  -DHAVE_CONFIG_H -DSHELL   -g -O2 -Werror=implicit-function-declaration -ffile-prefix-map=/sonic/src/bash/bash-5.2.37=. -fstack-protector-strong -fstack-clash-protection -Wformat -Werror=format-security -fcf-protection -Wall -Wdate-time -D_FORTIFY_SOURCE=2  ../../.././lib/sh/strtrans.c
.././variables.c: In function 'sv_histtimefmt':
rm -f alias.c
.././variables.c:6228:7: warning: suggest parentheses around assignment used as truth value [-Wparentheses]
 6228 |   if (v = find_variable (name))
      |       ^
gcc -c   -I. -I../.. -I../../../. -I../../.././lib -I../../.././include -I../../.././lib/sh  -DHAVE_CONFIG_H -DSHELL   -g -O2 -Werror=implicit-function-declaration -ffile-prefix-map=/sonic/src/bash/bash-5.2.37=. -fstack-protector-strong -fstack-clash-protection -Wformat -Werror=format-security -fcf-protection -Wall -Wdate-time -D_FORTIFY_SOURCE=2  ../../.././lib/sh/snprintf.c
gcc -c   -I. -I../.. -I../../../. -I../../.././lib -I../../.././include -I../../.././lib/sh  -DHAVE_CONFIG_H -DSHELL   -g -O2 -Werror=implicit-function-declaration -ffile-prefix-map=/sonic/src/bash/bash-5.2.37=. -fstack-protector-strong -fstack-clash-protection -Wformat -Werror=format-security -fcf-protection -Wall -Wdate-time -D_FORTIFY_SOURCE=2  ../../.././lib/sh/mailstat.c
gcc -c -DHAVE_CONFIG_H -DSHELL  -Wdate-time -D_FORTIFY_SOURCE=2 -I. -I/sonic/src/bash/bash-5.2.37/build-static -I../../../. -I../../.././lib   -g -O2 -Werror=implicit-function-declaration -ffile-prefix-map=/sonic/src/bash/bash-5.2.37=. -fstack-protector-strong -fstack-clash-protection -Wformat -Werror=format-security -fcf-protection -Wall  ../../.././lib/readline/signals.c
gcc -c   -DHAVE_CONFIG_H -DSHELL  -I. -I..  -I../../. -I../.././include -I../.././lib -I../.././builtins    -Wdate-time -D_FORTIFY_SOURCE=2 -g -O2 -Werror=implicit-function-declaration -ffile-prefix-map=/sonic/src/bash/bash-5.2.37=. -fstack-protector-strong -fstack-clash-protection -Wformat -Werror=format-security -fcf-protection -Wall ../.././builtins/evalfile.c
gcc -c   -I. -I../.. -I../../../. -I../../.././lib -I../../.././include -I../../.././lib/sh  -DHAVE_CONFIG_H -DSHELL   -g -O2 -Werror=implicit-function-declaration -ffile-prefix-map=/sonic/src/bash/bash-5.2.37=. -fstack-protector-strong -fstack-clash-protection -Wformat -Werror=format-security -fcf-protection -Wall -Wdate-time -D_FORTIFY_SOURCE=2  ../../.././lib/sh/fmtulong.c
../../.././lib/glob/xmbsrtowcs.c: In function 'xwcsrtombs':
../../.././lib/glob/xmbsrtowcs.c:456:1: warning: label 'handle_byte' defined but not used [-Wunused-label]
  456 | handle_byte:
      | ^~~~~~~~~~~
../../.././lib/glob/xmbsrtowcs.c:429:13: warning: unused variable 'prev_state' [-Wunused-variable]
  429 |   mbstate_t prev_state;
      |             ^~~~~~~~~~
gcc -c   -I. -I../.. -I../../../. -I../../.././lib -I../../.././include -I../../.././lib/sh  -DHAVE_CONFIG_H -DSHELL   -g -O2 -Werror=implicit-function-declaration -ffile-prefix-map=/sonic/src/bash/bash-5.2.37=. -fstack-protector-strong -fstack-clash-protection -Wformat -Werror=format-security -fcf-protection -Wall -Wdate-time -D_FORTIFY_SOURCE=2  ../../.././lib/sh/fmtullong.c
gcc -c   -DHAVE_CONFIG_H -DSHELL  -I. -I..  -I../../. -I../.././include -I../.././lib -I../.././builtins    -Wdate-time -D_FORTIFY_SOURCE=2 -g -O2 -Werror=implicit-function-declaration -ffile-prefix-map=/sonic/src/bash/bash-5.2.37=. -fstack-protector-strong -fstack-clash-protection -Wformat -Werror=format-security -fcf-protection -Wall ../.././builtins/evalstring.c
In file included from ../../.././lib/glob/smatch.c:340:
../../.././lib/glob/sm_loop.c: In function 'brackmatch':
../../.././lib/glob/sm_loop.c:434:7: warning: suggest parentheses around assignment used as truth value [-Wparentheses]
  434 |   if (not = (*p == L('!') || *p == L('^')))
      |       ^~~
rm -f exec.o
.././bashline.c: At top level:
.././bashline.c:214:12: warning: 'set_saved_history' declared 'static' but never defined [-Wunused-function]
  214 | static int set_saved_history PARAMS((void));
      |            ^~~~~~~~~~~~~~~~~
rm -f util.o
gcc -c   -I. -I../.. -I../../../. -I../../.././lib -I../../.././include -I../../.././lib/sh  -DHAVE_CONFIG_H -DSHELL   -g -O2 -Werror=implicit-function-declaration -ffile-prefix-map=/sonic/src/bash/bash-5.2.37=. -fstack-protector-strong -fstack-clash-protection -Wformat -Werror=format-security -fcf-protection -Wall -Wdate-time -D_FORTIFY_SOURCE=2  ../../.././lib/sh/fmtumax.c
rm -f exit.o
../../.././lib/glob/sm_loop.c: In function 'glob_patscan':
../../.././lib/glob/sm_loop.c:713:20: warning: suggest parentheses around assignment used as truth value [-Wparentheses]
  713 |   for (s = string; c = *s; s++)
      |                    ^
gcc -c   -I. -I../.. -I../../../. -I../../.././lib -I../../.././include -I../../.././lib/sh  -DHAVE_CONFIG_H -DSHELL   -g -O2 -Werror=implicit-function-declaration -ffile-prefix-map=/sonic/src/bash/bash-5.2.37=. -fstack-protector-strong -fstack-clash-protection -Wformat -Werror=format-security -fcf-protection -Wall -Wdate-time -D_FORTIFY_SOURCE=2  ../../.././lib/sh/zcatfd.c
../../.././lib/glob/sm_loop.c: In function 'extmatch':
rm -f break.c
gcc -c -DHAVE_CONFIG_H -DSHELL  -Wdate-time -D_FORTIFY_SOURCE=2 -I. -I/sonic/src/bash/bash-5.2.37/build-static -I../../../. -I../../.././lib   -g -O2 -Werror=implicit-function-declaration -ffile-prefix-map=/sonic/src/bash/bash-5.2.37=. -fstack-protector-strong -fstack-clash-protection -Wformat -Werror=format-security -fcf-protection -Wall  ../../.././lib/readline/util.c
gcc -c   -I. -I../.. -I../../../. -I../../.././lib -I../../.././include -I../../.././lib/sh  -DHAVE_CONFIG_H -DSHELL   -g -O2 -Werror=implicit-function-declaration -ffile-prefix-map=/sonic/src/bash/bash-5.2.37=. -fstack-protector-strong -fstack-clash-protection -Wformat -Werror=format-security -fcf-protection -Wall -Wdate-time -D_FORTIFY_SOURCE=2  ../../.././lib/sh/zmapfd.c
../../.././lib/glob/sm_loop.c:924:19: warning: suggest parentheses around assignment used as truth value [-Wparentheses]
  924 |               if (m1 = (GMATCH (s, srest, psub, pnext - 1, NULL, flags) == 0))
      |                   ^~
rm -f kill.o
../../.././lib/sh/setlinebuf.c:34:14: warning: 'stderrbuf' defined but not used [-Wunused-variable]
   34 | static char *stderrbuf = 0;
      |              ^~~~~~~~~
../../.././lib/sh/setlinebuf.c:33:14: warning: 'stdoutbuf' defined but not used [-Wunused-variable]
   33 | static char *stdoutbuf = 0;
      |              ^~~~~~~~~
../../.././lib/glob/smatch.c: In function 'charcmp_wc':
../../.././lib/glob/smatch.c:396:7: warning: unused variable 'r' [-Wunused-variable]
  396 |   int r;
      |       ^
gcc -c   -I. -I../.. -I../../../. -I../../.././lib -I../../.././include -I../../.././lib/sh  -DHAVE_CONFIG_H -DSHELL   -g -O2 -Werror=implicit-function-declaration -ffile-prefix-map=/sonic/src/bash/bash-5.2.37=. -fstack-protector-strong -fstack-clash-protection -Wformat -Werror=format-security -fcf-protection -Wall -Wdate-time -D_FORTIFY_SOURCE=2  ../../.././lib/sh/winsize.c
../../.././lib/glob/smatch.c: In function 'collequiv_wc':
../../.././lib/glob/smatch.c:431:14: warning: unused variable 'p' [-Wunused-variable]
  431 |   wchar_t s, p;
      |              ^
rm -f undo.o
../../.././lib/glob/smatch.c:431:11: warning: unused variable 's' [-Wunused-variable]
  431 |   wchar_t s, p;
      |           ^
./mkbuiltins -D ../.././builtins ../.././builtins/exec.def
gcc -c   -I. -I../.. -I../../../. -I../../.././lib -I../../.././include -I../../.././lib/sh  -DHAVE_CONFIG_H -DSHELL   -g -O2 -Werror=implicit-function-declaration -ffile-prefix-map=/sonic/src/bash/bash-5.2.37=. -fstack-protector-strong -fstack-clash-protection -Wformat -Werror=format-security -fcf-protection -Wall -Wdate-time -D_FORTIFY_SOURCE=2  ../../.././lib/sh/wcsdup.c
../../.././lib/glob/smatch.c: In function 'posix_cclass_only':
In file included from ../../.././lib/glob/gmisc.c:57:
../../.././lib/glob/gm_loop.c: In function 'umatchlen':
../../.././lib/glob/gm_loop.c:85:10: warning: suggest parentheses around assignment used as truth value [-Wparentheses]
   85 |   while (c = *pat++)
      |          ^
gcc -c -DHAVE_CONFIG_H -DSHELL  -Wdate-time -D_FORTIFY_SOURCE=2 -I. -I/sonic/src/bash/bash-5.2.37/build-static -I../../../. -I../../.././lib   -g -O2 -Werror=implicit-function-declaration -ffile-prefix-map=/sonic/src/bash/bash-5.2.37=. -fstack-protector-strong -fstack-clash-protection -Wformat -Werror=format-security -fcf-protection -Wall  ../../.././lib/readline/kill.c
../../.././lib/glob/gm_loop.c:79:25: warning: unused variable 't' [-Wunused-variable]
   79 |   int matlen, bracklen, t, in_cclass, in_collsym, in_equiv;
      |                         ^
In file included from ../../.././lib/glob/gmisc.c:72:
../../.././lib/glob/gm_loop.c: In function 'wmatchlen':
../../.././lib/glob/gm_loop.c:85:10: warning: suggest parentheses around assignment used as truth value [-Wparentheses]
   85 |   while (c = *pat++)
      |          ^
gcc -c   -I. -I../.. -I../../../. -I../../.././lib -I../../.././include -I../../.././lib/sh  -DHAVE_CONFIG_H -DSHELL   -g -O2 -Werror=implicit-function-declaration -ffile-prefix-map=/sonic/src/bash/bash-5.2.37=. -fstack-protector-strong -fstack-clash-protection -Wformat -Werror=format-security -fcf-protection -Wall -Wdate-time -D_FORTIFY_SOURCE=2  ../../.././lib/sh/fpurge.c
../../.././lib/glob/gm_loop.c:79:25: warning: unused variable 't' [-Wunused-variable]
   79 |   int matlen, bracklen, t, in_cclass, in_collsym, in_equiv;
      |                         ^
../../.././lib/readline/vi_mode.c: In function 'rl_vi_fword':
../../.././lib/readline/vi_mode.c:622:7: warning: variable 'opoint' set but not used [-Wunused-but-set-variable]
  622 |   int opoint;
      |       ^~~~~~
../../.././lib/glob/smatch.c:535:10: warning: suggest parentheses around assignment used as truth value [-Wparentheses]
  535 |   while (p = strchr (p, '['))
      |          ^
./mkbuiltins -D ../.././builtins ../.././builtins/exit.def
gcc -c   -DHAVE_CONFIG_H -DSHELL  -I. -I..  -I../../. -I../.././include -I../.././lib -I../.././builtins    -Wdate-time -D_FORTIFY_SOURCE=2 -g -O2 -Werror=implicit-function-declaration -ffile-prefix-map=/sonic/src/bash/bash-5.2.37=. -fstack-protector-strong -fstack-clash-protection -Wformat -Werror=format-security -fcf-protection -Wall exec.c || ( rm -f exec.c ; exit 1 )
rm -f fc.o
../../.././lib/readline/readline.c: In function 'readline_internal_char':
gcc -c -DHAVE_CONFIG_H -DSHELL  -Wdate-time -D_FORTIFY_SOURCE=2 -I. -I/sonic/src/bash/bash-5.2.37/build-static -I../../../. -I../../.././lib   -g -O2 -Werror=implicit-function-declaration -ffile-prefix-map=/sonic/src/bash/bash-5.2.37=. -fstack-protector-strong -fstack-clash-protection -Wformat -Werror=format-security -fcf-protection -Wall  ../../.././lib/readline/undo.c
gcc -c   -I. -I../.. -I../../../. -I../../.././lib -I../../.././include -I../../.././lib/sh  -DHAVE_CONFIG_H -DSHELL   -g -O2 -Werror=implicit-function-declaration -ffile-prefix-map=/sonic/src/bash/bash-5.2.37=. -fstack-protector-strong -fstack-clash-protection -Wformat -Werror=format-security -fcf-protection -Wall -Wdate-time -D_FORTIFY_SOURCE=2  ../../.././lib/sh/zgetline.c
rm -f macro.o
gcc -c   -I. -I../.. -I../../../. -I../../.././lib -I../../.././include -I../../.././lib/sh  -DHAVE_CONFIG_H -DSHELL   -g -O2 -Werror=implicit-function-declaration -ffile-prefix-map=/sonic/src/bash/bash-5.2.37=. -fstack-protector-strong -fstack-clash-protection -Wformat -Werror=format-security -fcf-protection -Wall -Wdate-time -D_FORTIFY_SOURCE=2  ../../.././lib/sh/mbscmp.c
.././bashline.c:4584:1: warning: 'get_cmd_xmap_from_edit_mode' defined but not used [-Wunused-function]
 4584 | get_cmd_xmap_from_edit_mode ()
      | ^~~~~~~~~~~~~~~~~~~~~~~~~~~
../../.././lib/readline/readline.c:568:20: warning: variable 'r' set but not used [-Wunused-but-set-variable]
  568 |   int c, code, lk, r;
      |                    ^
../../.././lib/readline/readline.c:567:21: warning: unused variable 'eof_found' [-Wunused-variable]
  567 |   static int lastc, eof_found;
      |                     ^~~~~~~~~
In file included from ../../.././lib/glob/smatch.c:596:
../../.././lib/glob/sm_loop.c: In function 'brackmatch_wc':
gcc -c   -DHAVE_CONFIG_H -DSHELL  -I. -I..  -I../../. -I../.././include -I../.././lib -I../.././builtins    -Wdate-time -D_FORTIFY_SOURCE=2 -g -O2 -Werror=implicit-function-declaration -ffile-prefix-map=/sonic/src/bash/bash-5.2.37=. -fstack-protector-strong -fstack-clash-protection -Wformat -Werror=format-security -fcf-protection -Wall exit.c || ( rm -f exit.c ; exit 1 )
.././bashline.c:4386:1: warning: 'putx' defined but not used [-Wunused-function]
 4386 | putx(c)
      | ^~~~
../.././builtins/../.././builtins/cd.def: In function 'cd_builtin':
../.././builtins/../.././builtins/cd.def:370:14: warning: suggest parentheses around assignment used as truth value [-Wparentheses]
gcc -c   -I. -I../.. -I../../../. -I../../.././lib -I../../.././include -I../../.././lib/sh  -DHAVE_CONFIG_H -DSHELL   -g -O2 -Werror=implicit-function-declaration -ffile-prefix-map=/sonic/src/bash/bash-5.2.37=. -fstack-protector-strong -fstack-clash-protection -Wformat -Werror=format-security -fcf-protection -Wall -Wdate-time -D_FORTIFY_SOURCE=2  ../../.././lib/sh/uconvert.c
../.././builtins/../.././builtins/cd.def: In function 'change_to_directory':
../../.././lib/glob/sm_loop.c:434:7: warning: suggest parentheses around assignment used as truth value [-Wparentheses]
  434 |   if (not = (*p == L('!') || *p == L('^')))
      |       ^~~
../.././builtins/../.././builtins/cd.def:555:20: warning: unused variable 'ndir' [-Wunused-variable]
rm -f input.o
rm -f builtin.c
.././execute_cmd.c:3196:12: warning: 'LINES' defined but not used [-Wunused-variable]
 3196 | static int LINES, COLS, tabsize;
      |            ^~~~~
.././execute_cmd.c:2067:1: warning: 'coproc_free' defined but not used [-Wunused-function]
 2067 | coproc_free (cp)
      | ^~~~~~~~~~~
.././execute_cmd.c:1972:1: warning: 'cpl_firstactive' defined but not used [-Wunused-function]
 1972 | cpl_firstactive ()
      | ^~~~~~~~~~~~~~~
.././subst.c: In function 'parameter_brace_expand_word':
.././execute_cmd.c:1960:1: warning: 'cpl_searchbyname' defined but not used [-Wunused-function]
 1960 | cpl_searchbyname (name)
      | ^~~~~~~~~~~~~~~~
.././execute_cmd.c:1946:1: warning: 'cpl_search' defined but not used [-Wunused-function]
 1946 | cpl_search (pid)
      | ^~~~~~~~~~
.././execute_cmd.c:1934:1: warning: 'cpl_fdchk' defined but not used [-Wunused-function]
 1934 | cpl_fdchk (fd)
      | ^~~~~~~~~
.././execute_cmd.c:1925:1: warning: 'cpl_closeall' defined but not used [-Wunused-function]
 1925 | cpl_closeall ()
      | ^~~~~~~~~~~~
.././execute_cmd.c:1907:1: warning: 'cpl_flush' defined but not used [-Wunused-function]
 1907 | cpl_flush ()
      | ^~~~~~~~~
.././execute_cmd.c:1866:1: warning: 'cpl_reap' defined but not used [-Wunused-function]
 1866 | cpl_reap ()
      | ^~~~~~~~
.././execute_cmd.c:1833:1: warning: 'cpl_delete' defined but not used [-Wunused-function]
 1833 | cpl_delete (pid)
      | ^~~~~~~~~~
.././execute_cmd.c:1810:1: warning: 'cpl_add' defined but not used [-Wunused-function]
 1810 | cpl_add (cp)
      | ^~~~~~~
.././execute_cmd.c:281:12: warning: 'connection_count' defined but not used [-Wunused-variable]
  281 | static int connection_count;
      |            ^~~~~~~~~~~~~~~~
rm -f callback.o
./mkbuiltins -D ../.././builtins ../.././builtins/fc.def
../../.././lib/glob/sm_loop.c: In function 'glob_patscan_wc':
rm -f caller.c
gcc -c -DHAVE_CONFIG_H -DSHELL  -Wdate-time -D_FORTIFY_SOURCE=2 -I. -I/sonic/src/bash/bash-5.2.37/build-static -I../../../. -I../../.././lib   -g -O2 -Werror=implicit-function-declaration -ffile-prefix-map=/sonic/src/bash/bash-5.2.37=. -fstack-protector-strong -fstack-clash-protection -Wformat -Werror=format-security -fcf-protection -Wall  ../../.././lib/readline/macro.c
rm -f fg_bg.o
.././subst.c:7514:12: warning: suggest parentheses around assignment used as truth value [-Wparentheses]
 7514 |   else if (var = find_variable (name))
      |            ^~~
../../.././lib/readline/vi_mode.c: In function 'rl_vi_domove':
../../.././lib/glob/sm_loop.c:713:20: warning: suggest parentheses around assignment used as truth value [-Wparentheses]
  713 |   for (s = string; c = *s; s++)
      |                    ^
../../.././lib/readline/vi_mode.c:1343:7: warning: unused variable 'r' [-Wunused-variable]
 1343 |   int r;
      |       ^
../.././builtins/../.././builtins/cd.def: At top level:
../.././builtins/../.././builtins/cd.def:198:1: warning: 'cdxattr' defined but not used [-Wunused-function]
../../.././lib/glob/sm_loop.c: In function 'extmatch_wc':
gcc -c   -I. -I../.. -I../../../. -I../../.././lib -I../../.././include -I../../.././lib/sh  -DHAVE_CONFIG_H -DSHELL   -g -O2 -Werror=implicit-function-declaration -ffile-prefix-map=/sonic/src/bash/bash-5.2.37=. -fstack-protector-strong -fstack-clash-protection -Wformat -Werror=format-security -fcf-protection -Wall -Wdate-time -D_FORTIFY_SOURCE=2  ../../.././lib/sh/ufuncs.c
rm -f colon.c
../../.././lib/sh/pathcanon.c: In function 'sh_canonpath':
../../.././lib/sh/pathcanon.c:117:7: warning: suggest parentheses around assignment used as truth value [-Wparentheses]
  117 |   if (rooted = ROOTEDPATH(path))
      |       ^~~~~~
.././subst.c:7547:12: warning: suggest parentheses around assignment used as truth value [-Wparentheses]
 7547 |   else if (var = find_variable_last_nameref (name, 0))
      |            ^~~
gcc -c -DHAVE_CONFIG_H -DSHELL  -Wdate-time -D_FORTIFY_SOURCE=2 -I. -I/sonic/src/bash/bash-5.2.37/build-static -I../../../. -I../../.././lib   -g -O2 -Werror=implicit-function-declaration -ffile-prefix-map=/sonic/src/bash/bash-5.2.37=. -fstack-protector-strong -fstack-clash-protection -Wformat -Werror=format-security -fcf-protection -Wall  ../../.././lib/readline/input.c
../../.././lib/glob/sm_loop.c:924:19: warning: suggest parentheses around assignment used as truth value [-Wparentheses]
  924 |               if (m1 = (GMATCH (s, srest, psub, pnext - 1, NULL, flags) == 0))
      |                   ^~
gcc -c -DHAVE_CONFIG_H -DSHELL  -Wdate-time -D_FORTIFY_SOURCE=2 -I. -I/sonic/src/bash/bash-5.2.37/build-static -I../../../. -I../../.././lib   -g -O2 -Werror=implicit-function-declaration -ffile-prefix-map=/sonic/src/bash/bash-5.2.37=. -fstack-protector-strong -fstack-clash-protection -Wformat -Werror=format-security -fcf-protection -Wall  ../../.././lib/readline/callback.c
../../.././lib/glob/smatch.c: In function 'xstrmatch':
../../.././lib/glob/smatch.c:610:29: warning: unused variable 'mslen' [-Wunused-variable]
  610 |   size_t plen, slen, mplen, mslen;
      |                             ^~~~~
../../.././lib/glob/smatch.c:610:22: warning: unused variable 'mplen' [-Wunused-variable]
  610 |   size_t plen, slen, mplen, mslen;
      |                      ^~~~~
../../.././lib/glob/smatch.c:610:16: warning: unused variable 'slen' [-Wunused-variable]
  610 |   size_t plen, slen, mplen, mslen;
      |                ^~~~
../../.././lib/glob/smatch.c:610:10: warning: unused variable 'plen' [-Wunused-variable]
  610 |   size_t plen, slen, mplen, mslen;
      |          ^~~~
gcc -c   -I. -I../.. -I../../../. -I../../.././lib -I../../.././include -I../../.././lib/sh  -DHAVE_CONFIG_H -DSHELL   -g -O2 -Werror=implicit-function-declaration -ffile-prefix-map=/sonic/src/bash/bash-5.2.37=. -fstack-protector-strong -fstack-clash-protection -Wformat -Werror=format-security -fcf-protection -Wall -Wdate-time -D_FORTIFY_SOURCE=2  ../../.././lib/sh/casemod.c
gcc -c   -DHAVE_CONFIG_H -DSHELL  -I. -I..  -I../../. -I../.././include -I../.././lib -I../.././builtins    -Wdate-time -D_FORTIFY_SOURCE=2 -g -O2 -Werror=implicit-function-declaration -ffile-prefix-map=/sonic/src/bash/bash-5.2.37=. -fstack-protector-strong -fstack-clash-protection -Wformat -Werror=format-security -fcf-protection -Wall fc.c || ( rm -f fc.c ; exit 1 )
./mkbuiltins -D ../.././builtins ../.././builtins/fg_bg.def
../../.././lib/sh/makepath.c: In function 'sh_makepath':
../../.././lib/sh/makepath.c:123:10: warning: suggest parentheses around assignment used as truth value [-Wparentheses]
  123 |   while (*r++ = *s++)
      |          ^
rm -f terminal.o
gcc -c   -I. -I../.. -I../../../. -I../../.././lib -I../../.././include -I../../.././lib/sh  -DHAVE_CONFIG_H -DSHELL   -g -O2 -Werror=implicit-function-declaration -ffile-prefix-map=/sonic/src/bash/bash-5.2.37=. -fstack-protector-strong -fstack-clash-protection -Wformat -Werror=format-security -fcf-protection -Wall -Wdate-time -D_FORTIFY_SOURCE=2  ../../.././lib/sh/input_avail.c
../../.././lib/sh/eaccess.c:176:1: warning: 'sh_euidaccess' defined but not used [-Wunused-function]
  176 | sh_euidaccess (path, mode)
      | ^~~~~~~~~~~~~
.././variables.c: At top level:
rm -f text.o
.././variables.c:2554:1: warning: 'var_sametype' defined but not used [-Wunused-function]
 2554 | var_sametype (v1, v2)
      | ^~~~~~~~~~~~
rm -f hash.o
../../.././lib/readline/parens.c: In function 'rl_insert_close':
../../.././lib/readline/parens.c:118:36: warning: variable 'ready' set but not used [-Wunused-but-set-variable]
  118 |       int orig_point, match_point, ready;
      |                                    ^~~~~
gcc -c -DHAVE_CONFIG_H -DSHELL  -Wdate-time -D_FORTIFY_SOURCE=2 -I. -I/sonic/src/bash/bash-5.2.37/build-static -I../../../. -I../../.././lib   -g -O2 -Werror=implicit-function-declaration -ffile-prefix-map=/sonic/src/bash/bash-5.2.37=. -fstack-protector-strong -fstack-clash-protection -Wformat -Werror=format-security -fcf-protection -Wall  ../../.././lib/readline/terminal.c
gcc -c   -I. -I../.. -I../../../. -I../../.././lib -I../../.././include -I../../.././lib/sh  -DHAVE_CONFIG_H -DSHELL   -g -O2 -Werror=implicit-function-declaration -ffile-prefix-map=/sonic/src/bash/bash-5.2.37=. -fstack-protector-strong -fstack-clash-protection -Wformat -Werror=format-security -fcf-protection -Wall -Wdate-time -D_FORTIFY_SOURCE=2  ../../.././lib/sh/mbscasecmp.c
../../.././lib/readline/readline.c: At top level:
../../.././lib/readline/readline.c:1343:1: warning: 'reset_default_bindings' defined but not used [-Wunused-function]
 1343 | reset_default_bindings (void)
      | ^~~~~~~~~~~~~~~~~~~~~~
In file included from ../../.././lib/readline/readline.c:76:
../../.././lib/readline/parse-colors.h:44:14: warning: 'color_buf' defined but not used [-Wunused-variable]
   44 | static char *color_buf;
      |              ^~~~~~~~~
gcc -c   -DHAVE_CONFIG_H -DSHELL  -I. -I..  -I../../. -I../.././include -I../.././lib -I../.././builtins    -Wdate-time -D_FORTIFY_SOURCE=2 -g -O2 -Werror=implicit-function-declaration -ffile-prefix-map=/sonic/src/bash/bash-5.2.37=. -fstack-protector-strong -fstack-clash-protection -Wformat -Werror=format-security -fcf-protection -Wall fg_bg.c || ( rm -f fg_bg.c ; exit 1 )
.././variables.c:188:21: warning: 'last_context_searched' defined but not used [-Wunused-variable]
  188 | static VAR_CONTEXT *last_context_searched;
      |                     ^~~~~~~~~~~~~~~~~~~~~
gcc -c   -I. -I../.. -I../../../. -I../../.././lib -I../../.././include -I../../.././lib/sh  -DHAVE_CONFIG_H -DSHELL   -g -O2 -Werror=implicit-function-declaration -ffile-prefix-map=/sonic/src/bash/bash-5.2.37=. -fstack-protector-strong -fstack-clash-protection -Wformat -Werror=format-security -fcf-protection -Wall -Wdate-time -D_FORTIFY_SOURCE=2  ../../.././lib/sh/fnxform.c
gcc -c -DHAVE_CONFIG_H -DSHELL  -Wdate-time -D_FORTIFY_SOURCE=2 -I. -I/sonic/src/bash/bash-5.2.37/build-static -I../../../. -I../../.././lib   -g -O2 -Werror=implicit-function-declaration -ffile-prefix-map=/sonic/src/bash/bash-5.2.37=. -fstack-protector-strong -fstack-clash-protection -Wformat -Werror=format-security -fcf-protection -Wall  ../../.././lib/readline/text.c
../../.././lib/readline/search.c: In function 'rl_history_search_internal':
../../.././lib/readline/search.c:536:9: warning: unused variable 't' [-Wunused-variable]
  536 |   char *t;
      |         ^
../../.././lib/sh/getenv.c: In function 'getenv':
../../.././lib/sh/getenv.c:55:6: warning: 'nonnull' argument 'name' compared to NULL [-Wnonnull-compare]
   55 |   if (name == 0 || *name == '\0')
      |      ^
../../.././lib/sh/getenv.c: In function 'putenv':
../../.././lib/sh/getenv.c:112:6: warning: 'nonnull' argument 'str' compared to NULL [-Wnonnull-compare]
  112 |   if (str == 0 || *str == '\0')
      |      ^
../../.././lib/sh/getenv.c: In function 'unsetenv':
../../.././lib/sh/getenv.c:214:6: warning: 'nonnull' argument 'name' compared to NULL [-Wnonnull-compare]
  214 |   if (name == 0 || *name == '\0' || strchr (name, '=') != 0)
      |      ^
./mkbuiltins -D ../.././builtins ../.././builtins/hash.def
gcc -c   -I. -I../.. -I../../../. -I../../.././lib -I../../.././include -I../../.././lib/sh  -DHAVE_CONFIG_H -DSHELL   -g -O2 -Werror=implicit-function-declaration -ffile-prefix-map=/sonic/src/bash/bash-5.2.37=. -fstack-protector-strong -fstack-clash-protection -Wformat -Werror=format-security -fcf-protection -Wall -Wdate-time -D_FORTIFY_SOURCE=2  ../../.././lib/sh/unicode.c
rm -f nls.o
rm -f help.o
../../.././lib/readline/search.c:535:7: warning: variable 'had_saved_line' set but not used [-Wunused-but-set-variable]
  535 |   int had_saved_line;
      |       ^~~~~~~~~~~~~~
rm -f misc.o
gcc -c   -DHAVE_CONFIG_H -DSHELL  -I. -I..  -I../../. -I../.././include -I../.././lib -I../.././builtins    -Wdate-time -D_FORTIFY_SOURCE=2 -g -O2 -Werror=implicit-function-declaration -ffile-prefix-map=/sonic/src/bash/bash-5.2.37=. -fstack-protector-strong -fstack-clash-protection -Wformat -Werror=format-security -fcf-protection -Wall hash.c || ( rm -f hash.c ; exit 1 )
gcc -c -DHAVE_CONFIG_H -DSHELL  -Wdate-time -D_FORTIFY_SOURCE=2 -I. -I/sonic/src/bash/bash-5.2.37/build-static -I../../../. -I../../.././lib   -g -O2 -Werror=implicit-function-declaration -ffile-prefix-map=/sonic/src/bash/bash-5.2.37=. -fstack-protector-strong -fstack-clash-protection -Wformat -Werror=format-security -fcf-protection -Wall  ../../.././lib/readline/nls.c
../.././builtins/../.././builtins/declare.def: In function 'declare_internal':
../.././builtins/../.././builtins/declare.def:566:11: warning: suggest parentheses around assignment used as truth value [-Wparentheses]
gcc -c -DHAVE_CONFIG_H -DSHELL  -Wdate-time -D_FORTIFY_SOURCE=2 -I. -I/sonic/src/bash/bash-5.2.37/build-static -I../../../. -I../../.././lib   -g -O2 -Werror=implicit-function-declaration -ffile-prefix-map=/sonic/src/bash/bash-5.2.37=. -fstack-protector-strong -fstack-clash-protection -Wformat -Werror=format-security -fcf-protection -Wall  ../../.././lib/readline/misc.c
gcc -c   -I. -I../.. -I../../../. -I../../.././lib -I../../.././include -I../../.././lib/sh  -DHAVE_CONFIG_H -DSHELL   -g -O2 -Werror=implicit-function-declaration -ffile-prefix-map=/sonic/src/bash/bash-5.2.37=. -fstack-protector-strong -fstack-clash-protection -Wformat -Werror=format-security -fcf-protection -Wall -Wdate-time -D_FORTIFY_SOURCE=2  ../../.././lib/sh/shmbchar.c
../.././builtins/../.././builtins/declare.def:401:11: warning: variable 'var_exists' set but not used [-Wunused-but-set-variable]
../../.././lib/readline/complete.c: In function '_rl_find_completion_word':
../../.././lib/readline/complete.c:1151:14: warning: suggest parentheses around assignment used as truth value [-Wparentheses]
 1151 |       while (rl_point = MB_PREVCHAR (rl_line_buffer, rl_point, MB_FIND_ANY))
      |              ^~~~~~~~
rm -f command.c
rm -f history.o
rm -f histexpand.o
gcc -c   -I. -I../.. -I../../../. -I../../.././lib -I../../.././include -I../../.././lib/sh  -DHAVE_CONFIG_H -DSHELL   -g -O2 -Werror=implicit-function-declaration -ffile-prefix-map=/sonic/src/bash/bash-5.2.37=. -fstack-protector-strong -fstack-clash-protection -Wformat -Werror=format-security -fcf-protection -Wall -Wdate-time -D_FORTIFY_SOURCE=2  ../../.././lib/sh/strvis.c
./mkbuiltins -D ../.././builtins ../.././builtins/help.def
../../.././lib/readline/complete.c: In function 'compute_lcd_of_matches':
../../.././lib/readline/complete.c:1323:7: warning: unused variable 'v' [-Wunused-variable]
 1323 |   int v;
      |       ^
rm -f bind.c
gcc -c -DHAVE_CONFIG_H -DSHELL  -Wdate-time -D_FORTIFY_SOURCE=2 -I. -I/sonic/src/bash/bash-5.2.37/build-static -I../../../. -I../../.././lib   -g -O2 -Werror=implicit-function-declaration -ffile-prefix-map=/sonic/src/bash/bash-5.2.37=. -fstack-protector-strong -fstack-clash-protection -Wformat -Werror=format-security -fcf-protection -Wall  ../../.././lib/readline/history.c
gcc -c   -I. -I../.. -I../../../. -I../../.././lib -I../../.././include -I../../.././lib/sh  -DHAVE_CONFIG_H -DSHELL   -g -O2 -Werror=implicit-function-declaration -ffile-prefix-map=/sonic/src/bash/bash-5.2.37=. -fstack-protector-strong -fstack-clash-protection -Wformat -Werror=format-security -fcf-protection -Wall -Wdate-time -D_FORTIFY_SOURCE=2  ../../.././lib/sh/utf8.c
../../.././lib/readline/vi_mode.c: At top level:
../../.././lib/readline/vi_mode.c:104:12: warning: 'vi_continued_command' defined but not used [-Wunused-variable]
  104 | static int vi_continued_command;
      |            ^~~~~~~~~~~~~~~~~~~~
gcc -c   -I. -I../.. -I../../../. -I../../.././lib -I../../.././include -I../../.././lib/sh  -DHAVE_CONFIG_H -DSHELL   -g -O2 -Werror=implicit-function-declaration -ffile-prefix-map=/sonic/src/bash/bash-5.2.37=. -fstack-protector-strong -fstack-clash-protection -Wformat -Werror=format-security -fcf-protection -Wall -Wdate-time -D_FORTIFY_SOURCE=2  ../../.././lib/sh/random.c
../../.././lib/readline/complete.c: In function 'rl_completion_matches':
gcc -c   -I. -I../.. -I../../../. -I../../.././lib -I../../.././include -I../../.././lib/sh  -DHAVE_CONFIG_H -DSHELL   -g -O2 -Werror=implicit-function-declaration -ffile-prefix-map=/sonic/src/bash/bash-5.2.37=. -fstack-protector-strong -fstack-clash-protection -Wformat -Werror=format-security -fcf-protection -Wall -Wdate-time -D_FORTIFY_SOURCE=2  ../../.././lib/sh/gettimeofday.c
../../.././lib/readline/complete.c:2235:10: warning: suggest parentheses around assignment used as truth value [-Wparentheses]
 2235 |   while (string = (*entry_function) (text, matches))
      |          ^~~~~~
rm -f eval.c
../../.././lib/readline/complete.c: In function 'rl_username_completion_function':
../../.././lib/readline/complete.c:2307:10: warning: suggest parentheses around assignment used as truth value [-Wparentheses]
 2307 |   while (entry = getpwent ())
      |          ^~~~~
gcc -c -DHAVE_CONFIG_H -DSHELL  -Wdate-time -D_FORTIFY_SOURCE=2 -I. -I/sonic/src/bash/bash-5.2.37/build-static -I../../../. -I../../.././lib   -g -O2 -Werror=implicit-function-declaration -ffile-prefix-map=/sonic/src/bash/bash-5.2.37=. -fstack-protector-strong -fstack-clash-protection -Wformat -Werror=format-security -fcf-protection -Wall  ../../.././lib/readline/histexpand.c
rm -f histfile.o
gcc -c   -I. -I../.. -I../../../. -I../../.././lib -I../../.././include -I../../.././lib/sh  -DHAVE_CONFIG_H -DSHELL   -g -O2 -Werror=implicit-function-declaration -ffile-prefix-map=/sonic/src/bash/bash-5.2.37=. -fstack-protector-strong -fstack-clash-protection -Wformat -Werror=format-security -fcf-protection -Wall -Wdate-time -D_FORTIFY_SOURCE=2  ../../.././lib/sh/timers.c
../../.././lib/readline/isearch.c: In function '_rl_isearch_dispatch':
../../.././lib/readline/isearch.c:343:37: warning: unused variable 'incr' [-Wunused-variable]
  343 |   int n, wstart, wlen, limit, cval, incr;
      |                                     ^~~~
../../.././lib/readline/isearch.c: In function 'rl_search_history':
../../.././lib/readline/isearch.c:848:7: warning: variable 'c' set but not used [-Wunused-but-set-variable]
  848 |   int c, r;
      |       ^
../../.././lib/readline/isearch.c: In function '_rl_isearch_callback':
../../.././lib/readline/isearch.c:885:7: warning: variable 'c' set but not used [-Wunused-but-set-variable]
  885 |   int c, r;
      |       ^
rm -f histsearch.o
../../.././lib/readline/complete.c: In function 'rl_menu_complete':
gcc -c   -DHAVE_CONFIG_H -DSHELL  -I. -I..  -I../../. -I../.././include -I../.././lib -I../.././builtins    -Wdate-time -D_FORTIFY_SOURCE=2 -g -O2 -Werror=implicit-function-declaration -ffile-prefix-map=/sonic/src/bash/bash-5.2.37=. -fstack-protector-strong -fstack-clash-protection -Wformat -Werror=format-security -fcf-protection -Wall help.c || ( rm -f help.c ; exit 1 )
../.././builtins/../.././builtins/echo.def: In function 'echo_builtin':
../.././builtins/../.././builtins/echo.def:141:14: warning: suggest parentheses around assignment used as truth value [-Wparentheses]
../../.././lib/readline/complete.c:2844:25: warning: unused variable 'cstate' [-Wunused-variable]
 2844 |   static int delimiter, cstate;
      |                         ^~~~~~
rm -f history.o
gcc -c -DHAVE_CONFIG_H -DSHELL  -Wdate-time -D_FORTIFY_SOURCE=2 -I. -I/sonic/src/bash/bash-5.2.37/build-static -I../../../. -I../../.././lib   -g -O2 -Werror=implicit-function-declaration -ffile-prefix-map=/sonic/src/bash/bash-5.2.37=. -fstack-protector-strong -fstack-clash-protection -Wformat -Werror=format-security -fcf-protection -Wall  ../../.././lib/readline/histfile.c
gcc -c   -I. -I../.. -I../../../. -I../../.././lib -I../../.././include -I../../.././lib/sh  -DHAVE_CONFIG_H -DSHELL   -g -O2 -Werror=implicit-function-declaration -ffile-prefix-map=/sonic/src/bash/bash-5.2.37=. -fstack-protector-strong -fstack-clash-protection -Wformat -Werror=format-security -fcf-protection -Wall -Wdate-time -D_FORTIFY_SOURCE=2  ../../.././lib/sh/wcsnwidth.c
rm -f jobs.o
gcc -c   -I. -I../.. -I../../../. -I../../.././lib -I../../.././include -I../../.././lib/sh  -DHAVE_CONFIG_H -DSHELL   -g -O2 -Werror=implicit-function-declaration -ffile-prefix-map=/sonic/src/bash/bash-5.2.37=. -fstack-protector-strong -fstack-clash-protection -Wformat -Werror=format-security -fcf-protection -Wall -Wdate-time -D_FORTIFY_SOURCE=2  ../../.././lib/sh/mbschr.c
../../.././lib/sh/tmpfile.c: In function 'sh_mktmpname':
../../.././lib/sh/tmpfile.c:142:14: warning: unused variable 'seeded' [-Wunused-variable]
  142 |   static int seeded = 0;
      |              ^~~~~~
../../.././lib/sh/tmpfile.c:141:10: warning: variable 'tdlen' set but not used [-Wunused-but-set-variable]
  141 |   int r, tdlen;
      |          ^~~~~
../../.././lib/sh/tmpfile.c:141:7: warning: unused variable 'r' [-Wunused-variable]
  141 |   int r, tdlen;
      |       ^
../../.././lib/sh/tmpfile.c:140:15: warning: unused variable 'sb' [-Wunused-variable]
  140 |   struct stat sb;
      |               ^~
../../.././lib/sh/tmpfile.c: In function 'sh_mktmpfd':
../../.././lib/sh/tmpfile.c:196:11: warning: variable 'tdlen' set but not used [-Wunused-but-set-variable]
  196 |   int fd, tdlen;
      |           ^~~~~
../../.././lib/sh/tmpfile.c: In function 'sh_mktmpdir':
../../.././lib/sh/tmpfile.c:271:11: warning: variable 'tdlen' set but not used [-Wunused-but-set-variable]
  271 |   int fd, tdlen;
      |           ^~~~~
../../.././lib/sh/tmpfile.c:271:7: warning: unused variable 'fd' [-Wunused-variable]
  271 |   int fd, tdlen;
      |       ^~
gcc -c -DHAVE_CONFIG_H -DSHELL  -Wdate-time -D_FORTIFY_SOURCE=2 -I. -I/sonic/src/bash/bash-5.2.37/build-static -I../../../. -I../../.././lib   -g -O2 -Werror=implicit-function-declaration -ffile-prefix-map=/sonic/src/bash/bash-5.2.37=. -fstack-protector-strong -fstack-clash-protection -Wformat -Werror=format-security -fcf-protection -Wall  ../../.././lib/readline/histsearch.c
./mkbuiltins -D ../.././builtins ../.././builtins/history.def
.././subst.c: In function 'shouldexp_replacement':
./mkbuiltins -D ../.././builtins ../.././builtins/jobs.def
rm -f kill.o
gcc -c   -DHAVE_CONFIG_H -DSHELL  -I. -I..  -I../../. -I../.././include -I../.././lib -I../.././builtins    -Wdate-time -D_FORTIFY_SOURCE=2 -g -O2 -Werror=implicit-function-declaration -ffile-prefix-map=/sonic/src/bash/bash-5.2.37=. -fstack-protector-strong -fstack-clash-protection -Wformat -Werror=format-security -fcf-protection -Wall history.c || ( rm -f history.c ; exit 1 )
../../.././lib/sh/tmpfile.c: At top level:
../../.././lib/sh/tmpfile.c:118:1: warning: 'sh_seedrand' defined but not used [-Wunused-function]
  118 | sh_seedrand ()
      | ^~~~~~~~~~~
../../.././lib/sh/tmpfile.c:63:22: warning: 'filenum' defined but not used [-Wunused-variable]
   63 | static unsigned long filenum = 1L;
      |                      ^~~~~~~
../../.././lib/sh/tmpfile.c:61:12: warning: 'ntmpfiles' defined but not used [-Wunused-variable]
   61 | static int ntmpfiles;
      |            ^~~~~~~~~
.././subst.c:8903:10: warning: suggest parentheses around assignment used as truth value [-Wparentheses]
 8903 |   while (c = s[sindex])
      |          ^
rm -f shell.o
../.././builtins/common.c: In function 'builtin_arrayref_flags':
../../.././lib/readline/kill.c: In function 'rl_vi_yank_pop':
../../.././lib/readline/kill.c:562:13: warning: unused variable 'origpoint' [-Wunused-variable]
  562 |   int l, n, origpoint;
      |             ^~~~~~~~~
../../.././lib/readline/kill.c: In function 'rl_bracketed_paste_begin':
gcc -c   -DHAVE_CONFIG_H -DSHELL  -I. -I..  -I../../. -I../.././include -I../.././lib -I../.././builtins    -Wdate-time -D_FORTIFY_SOURCE=2 -g -O2 -Werror=implicit-function-declaration -ffile-prefix-map=/sonic/src/bash/bash-5.2.37=. -fstack-protector-strong -fstack-clash-protection -Wformat -Werror=format-security -fcf-protection -Wall jobs.c || ( rm -f jobs.c ; exit 1 )
../../.././lib/readline/kill.c:760:15: warning: unused variable 'cap' [-Wunused-variable]
  760 |   size_t len, cap;
      |               ^~~
../../.././lib/readline/kill.c:759:15: warning: unused variable 'c' [-Wunused-variable]
  759 |   int retval, c;
      |               ^
../../.././lib/readline/kill.c: In function '_rl_read_bracketed_paste_prefix':
../../.././lib/readline/kill.c:777:17: warning: unused variable 'j' [-Wunused-variable]
  777 |   int key, ind, j;
      |                 ^
rm -f savestring.o
../../.././lib/readline/kill.c: In function '_rl_bracketed_read_mbstring':
../../.././lib/readline/kill.c:849:10: warning: unused variable 'r' [-Wunused-variable]
  849 |   int c, r;
      |          ^
../.././builtins/common.c:1088:9: warning: unused variable 't' [-Wunused-variable]
 1088 |   char *t;
      |         ^
../../.././lib/sh/spell.c: In function 'spname':
../../.././lib/sh/spell.c:98:22: warning: suggest parentheses around assignment used as truth value [-Wparentheses]
   98 |       for (p = best; *np = *p++; np++)
      |                      ^
./mkbuiltins -D ../.././builtins ../.././builtins/kill.def
../../.././lib/sh/ufuncs.c: In function 'fsleep':
rm -f let.o
../../.././lib/sh/ufuncs.c:92:26: warning: unused variable 'prevmask' [-Wunused-variable]
   92 |   sigset_t blocked_sigs, prevmask;
      |                          ^~~~~~~~
rm -f mapfile.o
.././subst.c: In function 'pat_subst':
gcc -c -DHAVE_CONFIG_H -DSHELL  -Wdate-time -D_FORTIFY_SOURCE=2 -I. -I/sonic/src/bash/bash-5.2.37/build-static -I../../../. -I../../.././lib   -g -O2 -Werror=implicit-function-declaration -ffile-prefix-map=/sonic/src/bash/bash-5.2.37=. -fstack-protector-strong -fstack-clash-protection -Wformat -Werror=format-security -fcf-protection -Wall  ../../.././lib/readline/shell.c
gcc -c -DHAVE_CONFIG_H -DSHELL  -Wdate-time -D_FORTIFY_SOURCE=2 -I. -I/sonic/src/bash/bash-5.2.37/build-static -I../../../. -I../../.././lib   -g -O2 -Werror=implicit-function-declaration -ffile-prefix-map=/sonic/src/bash/bash-5.2.37=. -fstack-protector-strong -fstack-clash-protection -Wformat -Werror=format-security -fcf-protection -Wall  ../../.././lib/readline/savestring.c
.././subst.c:9036:18: warning: unused variable 'clen' [-Wunused-variable]
 9036 |           size_t clen;
      |                  ^~~~
gcc -c   -DHAVE_CONFIG_H -DSHELL  -I. -I..  -I../../. -I../.././include -I../.././lib -I../.././builtins    -Wdate-time -D_FORTIFY_SOURCE=2 -g -O2 -Werror=implicit-function-declaration -ffile-prefix-map=/sonic/src/bash/bash-5.2.37=. -fstack-protector-strong -fstack-clash-protection -Wformat -Werror=format-security -fcf-protection -Wall kill.c || ( rm -f kill.c ; exit 1 )
../../.././lib/readline/bind.c: In function '_rl_skip_to_delim':
../../.././lib/readline/bind.c:1581:29: warning: suggest parentheses around assignment used as truth value [-Wparentheses]
 1581 |   for (i = start,passc = 0; c = string[i]; i++)
      |                             ^
In function 'extglob_skipname',
    inlined from 'skipname.isra' at ../../.././lib/glob/glob.c:279:13:
../../.././lib/glob/glob.c:257:12: warning: 'r' may be used uninitialized [-Wmaybe-uninitialized]
  257 |     return r;
      |            ^
../../.././lib/glob/glob.c: In function 'skipname.isra':
../../.././lib/glob/glob.c:204:10: note: 'r' was declared here
  204 |   int n, r, negate, wild, nullpat, xflags;
      |          ^
./mkbuiltins -D ../.././builtins ../.././builtins/let.def
rm -f mbutil.o
../../.././lib/readline/bind.c: In function 'rl_parse_and_bind':
./mkbuiltins -D ../.././builtins ../.././builtins/mapfile.def
../../.././lib/readline/bind.c:1675:11: warning: unused variable 's' [-Wunused-variable]
 1675 |       int s;
      |           ^
gcc -c   -DHAVE_CONFIG_H -DSHELL  -I. -I..  -I../../. -I../.././include -I../.././lib -I../.././builtins    -Wdate-time -D_FORTIFY_SOURCE=2 -g -O2 -Werror=implicit-function-declaration -ffile-prefix-map=/sonic/src/bash/bash-5.2.37=. -fstack-protector-strong -fstack-clash-protection -Wformat -Werror=format-security -fcf-protection -Wall let.c || ( rm -f let.c ; exit 1 )
rm -f tilde.o
rm -f pushd.o
rm -f colors.o
../../.././lib/sh/strtrans.c: In function 'ansicstr':
../../.././lib/sh/strtrans.c:59:7: warning: unused variable 'b' [-Wunused-variable]
   59 |   int b, mb_cur_max;
      |       ^
../../.././lib/sh/strtrans.c: In function 'ansic_quote':
../../.././lib/sh/strtrans.c:253:17: warning: suggest parentheses around assignment used as truth value [-Wparentheses]
  253 |   for (s = str; c = *s; s++)
      |                 ^
../../.././lib/sh/strtrans.c: In function 'ansic_wshouldquote':
../../.././lib/sh/strtrans.c:337:21: warning: suggest parentheses around assignment used as truth value [-Wparentheses]
  337 |   for (wcs = wcstr; wcc = *wcs; wcs++)
      |                     ^~~
../../.././lib/sh/strtrans.c: In function 'ansic_shouldquote':
../../.././lib/sh/strtrans.c:360:20: warning: suggest parentheses around assignment used as truth value [-Wparentheses]
  360 |   for (s = string; c = *s; s++)
      |                    ^
gcc -c -DHAVE_CONFIG_H -DSHELL  -Wdate-time -D_FORTIFY_SOURCE=2 -I. -I/sonic/src/bash/bash-5.2.37/build-static -I../../../. -I../../.././lib   -g -O2 -Werror=implicit-function-declaration -ffile-prefix-map=/sonic/src/bash/bash-5.2.37=. -fstack-protector-strong -fstack-clash-protection -Wformat -Werror=format-security -fcf-protection -Wall  ../../.././lib/readline/mbutil.c
gcc -c   -DHAVE_CONFIG_H -DSHELL  -I. -I..  -I../../. -I../.././include -I../.././lib -I../.././builtins    -Wdate-time -D_FORTIFY_SOURCE=2 -g -O2 -Werror=implicit-function-declaration -ffile-prefix-map=/sonic/src/bash/bash-5.2.37=. -fstack-protector-strong -fstack-clash-protection -Wformat -Werror=format-security -fcf-protection -Wall mapfile.c || ( rm -f mapfile.c ; exit 1 )
../../.././lib/readline/signals.c: In function 'rl_set_signals':
../../.././lib/readline/signals.c:414:25: warning: unused variable 'oset' [-Wunused-variable]
  414 |   static sigset_t bset, oset;
      |                         ^~~~
./mkbuiltins -D ../.././builtins ../.././builtins/pushd.def
../../.././lib/readline/undo.c: In function 'rl_free_undo_list':
../../.././lib/readline/undo.c:119:14: warning: unused variable 'release' [-Wunused-variable]
  119 |   UNDO_LIST *release, *orig_list;
      |              ^~~~~~~
gcc -DHAVE_CONFIG_H -DSHELL  -Wdate-time -D_FORTIFY_SOURCE=2 -I. -I/sonic/src/bash/bash-5.2.37/build-static -I../../../. -I../../.././lib   -g -O2 -Werror=implicit-function-declaration -ffile-prefix-map=/sonic/src/bash/bash-5.2.37=. -fstack-protector-strong -fstack-clash-protection -Wformat -Werror=format-security -fcf-protection -Wall  -DREADLINE_LIBRARY -c ../../.././lib/readline/tilde.c
gcc -c   -DHAVE_CONFIG_H -DSHELL  -I. -I..  -I../../. -I../.././include -I../.././lib -I../.././builtins    -Wdate-time -D_FORTIFY_SOURCE=2 -g -O2 -Werror=implicit-function-declaration -ffile-prefix-map=/sonic/src/bash/bash-5.2.37=. -fstack-protector-strong -fstack-clash-protection -Wformat -Werror=format-security -fcf-protection -Wall pushd.c || ( rm -f pushd.c ; exit 1 )
gcc -c -DHAVE_CONFIG_H -DSHELL  -Wdate-time -D_FORTIFY_SOURCE=2 -I. -I/sonic/src/bash/bash-5.2.37/build-static -I../../../. -I../../.././lib   -g -O2 -Werror=implicit-function-declaration -ffile-prefix-map=/sonic/src/bash/bash-5.2.37=. -fstack-protector-strong -fstack-clash-protection -Wformat -Werror=format-security -fcf-protection -Wall  ../../.././lib/readline/colors.c
rm -f read.o
../../.././lib/readline/nls.c: In function 'utf8locale':
./mkbuiltins -D ../.././builtins ../.././builtins/read.def
../../.././lib/readline/signals.c: At top level:
../../.././lib/readline/signals.c:625:29: warning: 'sigint_oset' defined but not used [-Wunused-variable]
  625 | static sigset_t sigint_set, sigint_oset;
      |                             ^~~~~~~~~~~
../../.././lib/readline/signals.c:625:17: warning: 'sigint_set' defined but not used [-Wunused-variable]
  625 | static sigset_t sigint_set, sigint_oset;
      |                 ^~~~~~~~~~
rm -f parse-colors.o
../../.././lib/readline/nls.c:110:10: warning: unused variable 'len' [-Wunused-variable]
  110 |   size_t len;
      |          ^~~
.././subst.c: In function 'parameter_brace_expand':
.././subst.c:9628:7: warning: suggest parentheses around assignment used as truth value [-Wparentheses]
 9628 |   if (c = string[sindex])
      |       ^
../../.././lib/sh/casemod.c: In function 'sh_modcase':
../../.././lib/sh/casemod.c:107:15: warning: unused variable 'c' [-Wunused-variable]
  107 |   int inword, c, nc, nop, match, usewords;
      |               ^
../../.././lib/readline/nls.c: At top level:
../../.././lib/readline/nls.c:286:1: warning: 'find_codeset' defined but not used [-Wunused-function]
  286 | find_codeset (char *name, size_t *lenp)
      | ^~~~~~~~~~~~
gcc -c   -DHAVE_CONFIG_H -DSHELL  -I. -I..  -I../../. -I../.././include -I../.././lib -I../.././builtins    -Wdate-time -D_FORTIFY_SOURCE=2 -g -O2 -Werror=implicit-function-declaration -ffile-prefix-map=/sonic/src/bash/bash-5.2.37=. -fstack-protector-strong -fstack-clash-protection -Wformat -Werror=format-security -fcf-protection -Wall read.c || ( rm -f read.c ; exit 1 )
gcc -c -DHAVE_CONFIG_H -DSHELL  -Wdate-time -D_FORTIFY_SOURCE=2 -I. -I/sonic/src/bash/bash-5.2.37/build-static -I../../../. -I../../.././lib   -g -O2 -Werror=implicit-function-declaration -ffile-prefix-map=/sonic/src/bash/bash-5.2.37=. -fstack-protector-strong -fstack-clash-protection -Wformat -Werror=format-security -fcf-protection -Wall  ../../.././lib/readline/parse-colors.c
.././subst.c:9638:11: warning: suggest parentheses around assignment used as truth value [-Wparentheses]
 9638 |       if (c = string[sindex])
      |           ^
../../.././lib/readline/bind.c: In function 'rl_function_dumper':
rm -f xmalloc.o
../../.././lib/readline/bind.c:2805:15: warning: suggest parentheses around assignment used as truth value [-Wparentheses]
 2805 |   for (i = 0; name = names[i]; i++)
      |               ^~~~
../../.././lib/readline/input.c: In function 'rl_read_key':
../../.././lib/readline/input.c:766:11: warning: suggest parentheses around assignment used as truth value [-Wparentheses]
  766 |       if (c = _rl_next_macro_key ())
      |           ^
rm -f xfree.o
../../.././lib/readline/input.c: In function 'rl_getc':
rm -f return.o
../../.././lib/readline/input.c:882:1: warning: label 'handle_error' defined but not used [-Wunused-label]
  882 | handle_error:
      | ^~~~~~~~~~~~
../../.././lib/readline/input.c:811:12: warning: unused variable 'empty_set' [-Wunused-variable]
  811 |   sigset_t empty_set;
      |            ^~~~~~~~~
../../.././lib/sh/fnxform.c:89:1: warning: 'init_fromfs' defined but not used [-Wunused-function]
   89 | init_fromfs ()
      | ^~~~~~~~~~~
../../.././lib/sh/fnxform.c:80:1: warning: 'init_tofs' defined but not used [-Wunused-function]
   80 | init_tofs ()
      | ^~~~~~~~~
../../.././lib/sh/fnxform.c:50:15: warning: 'outlen' defined but not used [-Wunused-variable]
   50 | static size_t outlen = 0;
      |               ^~~~~~
../../.././lib/sh/fnxform.c:49:14: warning: 'outbuf' defined but not used [-Wunused-variable]
   49 | static char *outbuf = 0;
      |              ^~~~~~
gcc -c -DHAVE_CONFIG_H -DSHELL  -Wdate-time -D_FORTIFY_SOURCE=2 -I. -I/sonic/src/bash/bash-5.2.37/build-static -I../../../. -I../../.././lib   -g -O2 -Werror=implicit-function-declaration -ffile-prefix-map=/sonic/src/bash/bash-5.2.37=. -fstack-protector-strong -fstack-clash-protection -Wformat -Werror=format-security -fcf-protection -Wall  ../../.././lib/readline/xfree.c
gcc -c -DHAVE_CONFIG_H -DSHELL  -Wdate-time -D_FORTIFY_SOURCE=2 -I. -I/sonic/src/bash/bash-5.2.37/build-static -I../../../. -I../../.././lib   -g -O2 -Werror=implicit-function-declaration -ffile-prefix-map=/sonic/src/bash/bash-5.2.37=. -fstack-protector-strong -fstack-clash-protection -Wformat -Werror=format-security -fcf-protection -Wall  ../../.././lib/readline/xmalloc.c
./mkbuiltins -D ../.././builtins ../.././builtins/return.def
rm -f set.o
rm -f compat.o
gcc -c -DHAVE_CONFIG_H -DSHELL  -Wdate-time -D_FORTIFY_SOURCE=2 -I. -I/sonic/src/bash/bash-5.2.37/build-static -I../../../. -I../../.././lib   -g -O2 -Werror=implicit-function-declaration -ffile-prefix-map=/sonic/src/bash/bash-5.2.37=. -fstack-protector-strong -fstack-clash-protection -Wformat -Werror=format-security -fcf-protection -Wall  ../../.././lib/readline/compat.c
../../.././lib/readline/display.c: In function 'rl_redisplay':
../../.././lib/readline/history.c: In function 'add_history':
../../.././lib/readline/display.c:767:38: warning: variable 'prompt_lines_estimate' set but not used [-Wunused-but-set-variable]
  767 |   int newlines, lpos, temp, n0, num, prompt_lines_estimate;
      |                                      ^~~~~~~~~~~~~~~~~~~~~
../../.././lib/readline/history.c:286:20: warning: unused variable 'i' [-Wunused-variable]
  286 |       register int i;
      |                    ^
../../.././lib/readline/display.c:767:33: warning: variable 'num' set but not used [-Wunused-but-set-variable]
  767 |   int newlines, lpos, temp, n0, num, prompt_lines_estimate;
      |                                 ^~~
../../.././lib/readline/display.c:767:29: warning: unused variable 'n0' [-Wunused-variable]
  767 |   int newlines, lpos, temp, n0, num, prompt_lines_estimate;
      |                             ^~
../../.././lib/readline/history.c: In function 'remove_history':
../../.././lib/readline/history.c:509:16: warning: unused variable 'i' [-Wunused-variable]
  509 |   register int i;
      |                ^
gcc -c   -DHAVE_CONFIG_H -DSHELL  -I. -I..  -I../../. -I../.././include -I../.././lib -I../.././builtins    -Wdate-time -D_FORTIFY_SOURCE=2 -g -O2 -Werror=implicit-function-declaration -ffile-prefix-map=/sonic/src/bash/bash-5.2.37=. -fstack-protector-strong -fstack-clash-protection -Wformat -Werror=format-security -fcf-protection -Wall return.c || ( rm -f return.c ; exit 1 )
./mkbuiltins -D ../.././builtins ../.././builtins/set.def
rm -f setattr.o
../../.././lib/readline/display.c: In function 'update_line':
gcc -c   -DHAVE_CONFIG_H -DSHELL  -I. -I..  -I../../. -I../.././include -I../.././lib -I../.././builtins    -Wdate-time -D_FORTIFY_SOURCE=2 -g -O2 -Werror=implicit-function-declaration -ffile-prefix-map=/sonic/src/bash/bash-5.2.37=. -fstack-protector-strong -fstack-clash-protection -Wformat -Werror=format-security -fcf-protection -Wall set.c || ( rm -f set.c ; exit 1 )
../../.././lib/readline/histexpand.c: In function 'get_history_event':
../../.././lib/readline/histexpand.c:213:25: warning: suggest parentheses around assignment used as truth value [-Wparentheses]
  213 |   for (local_index = i; c = string[i]; i++)
      |                         ^
./mkbuiltins -D ../.././builtins ../.././builtins/setattr.def
../../.././lib/readline/histexpand.c: In function 'history_expand_internal':
../../.././lib/readline/histexpand.c:682:48: warning: variable 'ws' set but not used [-Wunused-but-set-variable]
  682 |             int delimiter, failed, si, l_temp, ws, we;
      |                                                ^~
../../.././lib/readline/display.c:1787:21: warning: unused variable 'optr' [-Wunused-variable]
 1787 |               char *optr;
      |                     ^~~~
../../.././lib/sh/strvis.c: In function 'sh_strvis':
../../.././lib/sh/strvis.c:126:17: warning: unused variable 'c' [-Wunused-variable]
  126 |   unsigned char c;
      |                 ^
../../.././lib/readline/display.c:1786:19: warning: unused variable 'count' [-Wunused-variable]
 1786 |               int count, i, j;
      |                   ^~~~~
../../.././lib/sh/timers.c: In function 'shtimer_select':
../../.././lib/sh/timers.c:185:26: warning: unused variable 'prevmask' [-Wunused-variable]
  185 |   sigset_t blocked_sigs, prevmask;
      |                          ^~~~~~~~
../../.././lib/readline/histsearch.c: In function '_hs_history_patsearch':
../../.././lib/readline/histsearch.c:212:7: warning: suggest parentheses around assignment used as truth value [-Wparentheses]
  212 |   if (unescaped_backslash = (string[ret] == '\\'))
      |       ^~~~~~~~~~~~~~~~~~~
gcc -c   -DHAVE_CONFIG_H -DSHELL  -I. -I..  -I../../. -I../.././include -I../.././lib -I../.././builtins    -Wdate-time -D_FORTIFY_SOURCE=2 -g -O2 -Werror=implicit-function-declaration -ffile-prefix-map=/sonic/src/bash/bash-5.2.37=. -fstack-protector-strong -fstack-clash-protection -Wformat -Werror=format-security -fcf-protection -Wall setattr.c || ( rm -f setattr.c ; exit 1 )
../.././builtins/evalstring.c: In function 'parse_and_execute':
../.././builtins/evalstring.c:443:20: warning: suggest parentheses around assignment used as truth value [-Wparentheses]
  443 |           else if (command = global_command)
      |                    ^~~~~~~
rm -f shift.o
../.././builtins/evalstring.c: In function 'open_redir_file':
../.././builtins/evalstring.c:735:11: warning: unused variable 'rval' [-Wunused-variable]
  735 |   int fd, rval;
      |           ^~~~
../../.././lib/readline/misc.c: In function '_rl_free_saved_history_line':
../../.././lib/readline/shell.c:126:13: warning: 'putenv_buf2' defined but not used [-Wunused-variable]
  126 | static char putenv_buf2[INT_STRLEN_BOUND (int) + 8 + 1];        /* sizeof("COLUMNS=") == 8 */
      |             ^~~~~~~~~~~
./mkbuiltins -D ../.././builtins ../.././builtins/shift.def
../../.././lib/readline/shell.c:125:13: warning: 'putenv_buf1' defined but not used [-Wunused-variable]
  125 | static char putenv_buf1[INT_STRLEN_BOUND (int) + 6 + 1];        /* sizeof("LINES=") == 6 */
      |             ^~~~~~~~~~~
../../.././lib/readline/misc.c:388:14: warning: unused variable 'orig' [-Wunused-variable]
  388 |   UNDO_LIST *orig;
      |              ^~~~
../../.././lib/readline/misc.c: In function '_rl_revert_previous_lines':
../../.././lib/readline/tilde.c: In function 'tilde_expand':
../../.././lib/readline/misc.c:465:11: warning: suggest parentheses around assignment used as truth value [-Wparentheses]
  465 |       if (ul = (UNDO_LIST *)entry->data)
      |           ^~
../../.././lib/readline/misc.c: In function 'rl_clear_history':
../../.././lib/readline/misc.c:525:11: warning: suggest parentheses around assignment used as truth value [-Wparentheses]
  525 |       if (ul = (UNDO_LIST *)hent->data)
      |           ^~
../.././builtins/../.././builtins/declare.def:387:7: warning: 'optchar' may be used uninitialized [-Wmaybe-uninitialized]
../.././builtins/../.././builtins/declare.def:376:13: note: 'optchar' was declared here
rm -f echo.c
../../.././lib/readline/tilde.c:195:7: warning: suggest parentheses around assignment used as truth value [-Wparentheses]
  195 |   if (result = strchr (string, '~'))
      |       ^~~~~~
gcc -c   -DHAVE_CONFIG_H -DSHELL  -I. -I..  -I../../. -I../.././include -I../.././lib -I../.././builtins    -Wdate-time -D_FORTIFY_SOURCE=2 -g -O2 -Werror=implicit-function-declaration -ffile-prefix-map=/sonic/src/bash/bash-5.2.37=. -fstack-protector-strong -fstack-clash-protection -Wformat -Werror=format-security -fcf-protection -Wall shift.c || ( rm -f shift.c ; exit 1 )
rm -f source.o
rm -f suspend.o
./mkbuiltins -D ../.././builtins ../.././builtins/source.def
../../.././lib/readline/display.c:1655:39: warning: unused variable 'twidth' [-Wunused-variable]
 1655 |   int temp, lendiff, wsatend, od, nd, twidth, o_cpos;
      |                                       ^~~~~~
rm -f test.o
../../.././lib/readline/display.c: In function 'rl_forced_update_display':
rm -f times.o
./mkbuiltins -D ../.././builtins ../.././builtins/test.def
./mkbuiltins -D ../.././builtins ../.././builtins/suspend.def
../../.././lib/sh/random.c: In function 'genseed':
../../.././lib/sh/random.c:93:8: warning: cast from pointer to integer of different size [-Wpointer-to-int-cast]
   93 |   iv = (u_bits32_t)seedrand;            /* let the compiler truncate */
      |        ^
../../.././lib/sh/random.c: In function 'brand32':
../../.././lib/sh/random.c:143:14: warning: unused variable 'ret' [-Wunused-variable]
  143 |   u_bits32_t ret;
      |              ^~~
gcc -c   -DHAVE_CONFIG_H -DSHELL  -I. -I..  -I../../. -I../.././include -I../.././lib -I../.././builtins    -Wdate-time -D_FORTIFY_SOURCE=2 -g -O2 -Werror=implicit-function-declaration -ffile-prefix-map=/sonic/src/bash/bash-5.2.37=. -fstack-protector-strong -fstack-clash-protection -Wformat -Werror=format-security -fcf-protection -Wall source.c || ( rm -f source.c ; exit 1 )
../../.././lib/readline/display.c:2683:18: warning: unused variable 'temp' [-Wunused-variable]
 2683 |   register char *temp;
      |                  ^~~~
../../.././lib/sh/random.c: At top level:
../../.././lib/sh/random.c:166:1: warning: 'perturb_rand32' defined but not used [-Wunused-function]
  166 | perturb_rand32 ()
      | ^~~~~~~~~~~~~~
../../.././lib/sh/random.c:141:1: warning: 'brand32' defined but not used [-Wunused-function]
  141 | brand32 ()
      | ^~~~~~~
./mkbuiltins -D ../.././builtins ../.././builtins/times.def
gcc -c   -DHAVE_CONFIG_H -DSHELL  -I. -I..  -I../../. -I../.././include -I../.././lib -I../.././builtins    -Wdate-time -D_FORTIFY_SOURCE=2 -g -O2 -Werror=implicit-function-declaration -ffile-prefix-map=/sonic/src/bash/bash-5.2.37=. -fstack-protector-strong -fstack-clash-protection -Wformat -Werror=format-security -fcf-protection -Wall test.c || ( rm -f test.c ; exit 1 )
rm -f enable.c
gcc -c   -DHAVE_CONFIG_H -DSHELL  -I. -I..  -I../../. -I../.././include -I../.././lib -I../.././builtins    -Wdate-time -D_FORTIFY_SOURCE=2 -g -O2 -Werror=implicit-function-declaration -ffile-prefix-map=/sonic/src/bash/bash-5.2.37=. -fstack-protector-strong -fstack-clash-protection -Wformat -Werror=format-security -fcf-protection -Wall suspend.c || ( rm -f suspend.c ; exit 1 )
gcc -c   -DHAVE_CONFIG_H -DSHELL  -I. -I..  -I../../. -I../.././include -I../.././lib -I../.././builtins    -Wdate-time -D_FORTIFY_SOURCE=2 -g -O2 -Werror=implicit-function-declaration -ffile-prefix-map=/sonic/src/bash/bash-5.2.37=. -fstack-protector-strong -fstack-clash-protection -Wformat -Werror=format-security -fcf-protection -Wall times.c || ( rm -f times.c ; exit 1 )
rm -f trap.o
rm -f exit.c
./mkbuiltins -D ../.././builtins ../.././builtins/trap.def
../.././builtins/../.././builtins/set.def: In function 'parse_shellopts':
../.././builtins/../.././builtins/set.def:617:10: warning: suggest parentheses around assignment used as truth value [-Wparentheses]
rm -f exec.c
../.././builtins/../.././builtins/set.def: In function 'set_builtin':
rm -f type.o
../.././builtins/../.././builtins/set.def:742:11: warning: suggest parentheses around assignment used as truth value [-Wparentheses]
../.././builtins/../.././builtins/set.def: In function 'unset_builtin':
../.././builtins/../.././builtins/set.def:946:8: warning: suggest parentheses around assignment used as truth value [-Wparentheses]
../.././builtins/../.././builtins/set.def:990:9: warning: suggest parentheses around assignment used as truth value [-Wparentheses]
gcc -c   -DHAVE_CONFIG_H -DSHELL  -I. -I..  -I../../. -I../.././include -I../.././lib -I../.././builtins    -Wdate-time -D_FORTIFY_SOURCE=2 -g -O2 -Werror=implicit-function-declaration -ffile-prefix-map=/sonic/src/bash/bash-5.2.37=. -fstack-protector-strong -fstack-clash-protection -Wformat -Werror=format-security -fcf-protection -Wall trap.c || ( rm -f trap.c ; exit 1 )
./mkbuiltins -D ../.././builtins ../.././builtins/type.def
gcc  -DHAVE_CONFIG_H -DSHELL  -I. -I..  -I../../. -I../.././include -I../.././lib -I../.././builtins    -Wdate-time -D_FORTIFY_SOURCE=2 -g -O2 -Werror=implicit-function-declaration -ffile-prefix-map=/sonic/src/bash/bash-5.2.37=. -fstack-protector-strong -fstack-clash-protection -Wformat -Werror=format-security -fcf-protection -Wall  -Wl,-z,relro -Wl,-z,now -rdynamic -g -O2 -Werror=implicit-function-declaration -ffile-prefix-map=/sonic/src/bash/bash-5.2.37=. -fstack-protector-strong -fstack-clash-protection -Wformat -Werror=format-security -fcf-protection -Wall -rdynamic -g -O2 -Werror=implicit-function-declaration -ffile-prefix-map=/sonic/src/bash/bash-5.2.37=. -fstack-protector-strong -fstack-clash-protection -Wformat -Werror=format-security -fcf-protection -Wall  -o psize.aux ../.././builtins/psize.c
rm -f libtilde.a
rm -f umask.o
gcc -c   -DHAVE_CONFIG_H -DSHELL  -I. -I..  -I../../. -I../.././include -I../.././lib -I../.././builtins    -Wdate-time -D_FORTIFY_SOURCE=2 -g -O2 -Werror=implicit-function-declaration -ffile-prefix-map=/sonic/src/bash/bash-5.2.37=. -fstack-protector-strong -fstack-clash-protection -Wformat -Werror=format-security -fcf-protection -Wall type.c || ( rm -f type.c ; exit 1 )
../../.././lib/readline/histfile.c: In function 'history_backupfile':
../../.././lib/readline/histfile.c:193:15: warning: unused variable 'fs' [-Wunused-variable]
  193 |   struct stat fs;
      |               ^~
../../.././lib/readline/histfile.c: In function 'history_tempfile':
../../.././lib/readline/histfile.c:221:15: warning: unused variable 'fs' [-Wunused-variable]
  221 |   struct stat fs;
      |               ^~
ar cr libtilde.a tilde.o
./mkbuiltins -D ../.././builtins ../.././builtins/umask.def
../.././builtins/../.././builtins/help.def: In function 'help_builtin':
../.././builtins/../.././builtins/help.def:145:16: warning: suggest parentheses around assignment used as truth value [-Wparentheses]
../.././builtins/../.././builtins/help.def: In function 'show_desc':
../.././builtins/../.././builtins/help.def:260:19: warning: variable 'r' set but not used [-Wunused-but-set-variable]
../../.././lib/readline/histfile.c: In function 'history_truncate_file':
../../.././lib/readline/histfile.c:521:49: warning: variable 'r' set but not used [-Wunused-but-set-variable]
  521 |   int file, chars_read, rv, orig_lines, exists, r;
      |                                                 ^
../../.././lib/readline/histfile.c: In function 'history_do_write':
../../.././lib/readline/histfile.c:683:22: warning: unused variable 'nfinfo' [-Wunused-variable]
  683 |   struct stat finfo, nfinfo;
      |                      ^~~~~~
gcc -c   -DHAVE_CONFIG_H -DSHELL  -I. -I..  -I../../. -I../.././include -I../.././lib -I../.././builtins    -Wdate-time -D_FORTIFY_SOURCE=2 -g -O2 -Werror=implicit-function-declaration -ffile-prefix-map=/sonic/src/bash/bash-5.2.37=. -fstack-protector-strong -fstack-clash-protection -Wformat -Werror=format-security -fcf-protection -Wall umask.c || ( rm -f umask.c ; exit 1 )
rm -f wait.o
rm -f getopts.o
../../.././lib/readline/histfile.c: At top level:
rm -f jobs.c
../../.././lib/readline/histfile.c:473:1: warning: 'histfile_backup' defined but not used [-Wunused-function]
  473 | histfile_backup (const char *filename, const char *back)
      | ^~~~~~~~~~~~~~~
../../.././lib/readline/histfile.c:187:1: warning: 'history_backupfile' defined but not used [-Wunused-function]
  187 | history_backupfile (const char *filename)
      | ^~~~~~~~~~~~~~~~~~
../.././builtins/../.././builtins/help.def: In function 'show_builtin_command_help':
../.././builtins/../.././builtins/help.def:520:9: warning: unused variable 't' [-Wunused-variable]
../.././builtins/../.././builtins/help.def:518:10: warning: unused variable 'j' [-Wunused-variable]
./mkbuiltins -D ../.././builtins ../.././builtins/wait.def
./mkbuiltins -D ../.././builtins ../.././builtins/getopts.def
../.././builtins/../.././builtins/setattr.def: In function 'set_or_show_attributes':
../../.././lib/readline/mbutil.c: In function '_rl_find_prev_utf8char':
../../.././lib/readline/mbutil.c:247:9: warning: unused variable 's' [-Wunused-variable]
  247 |   char *s;
      |         ^
../.././builtins/../.././builtins/setattr.def:320:16: warning: suggest parentheses around assignment used as truth value [-Wparentheses]
../.././builtins/../.././builtins/setattr.def:337:9: warning: suggest parentheses around assignment used as truth value [-Wparentheses]
../.././builtins/../.././builtins/setattr.def: In function 'show_all_var_attributes':
../.././builtins/../.././builtins/setattr.def:364:28: warning: suggest parentheses around assignment used as truth value [-Wparentheses]
../.././builtins/../.././builtins/setattr.def:371:11: warning: suggest parentheses around assignment used as truth value [-Wparentheses]
../.././builtins/../.././builtins/setattr.def: In function 'show_local_var_attributes':
../.././builtins/../.././builtins/setattr.def:392:28: warning: suggest parentheses around assignment used as truth value [-Wparentheses]
../.././builtins/../.././builtins/setattr.def:399:11: warning: suggest parentheses around assignment used as truth value [-Wparentheses]
gcc -c   -DHAVE_CONFIG_H -DSHELL  -I. -I..  -I../../. -I../.././include -I../.././lib -I../.././builtins    -Wdate-time -D_FORTIFY_SOURCE=2 -g -O2 -Werror=implicit-function-declaration -ffile-prefix-map=/sonic/src/bash/bash-5.2.37=. -fstack-protector-strong -fstack-clash-protection -Wformat -Werror=format-security -fcf-protection -Wall wait.c || ( rm -f wait.c ; exit 1 )
gcc -c   -DHAVE_CONFIG_H -DSHELL  -I. -I..  -I../../. -I../.././include -I../.././lib -I../.././builtins    -Wdate-time -D_FORTIFY_SOURCE=2 -g -O2 -Werror=implicit-function-declaration -ffile-prefix-map=/sonic/src/bash/bash-5.2.37=. -fstack-protector-strong -fstack-clash-protection -Wformat -Werror=format-security -fcf-protection -Wall getopts.c || ( rm -f getopts.c ; exit 1 )
rm -f kill.c
rm -f shopt.o
.././subst.c: In function 'expand_word_internal':
rm -f printf.o
.././trap.c: In function 'restore_default_signal':
../../.././lib/readline/mbutil.c: At top level:
../../.././lib/readline/mbutil.c:87:1: warning: '_rl_utf8_mblen' defined but not used [-Wunused-function]
   87 | _rl_utf8_mblen (const char *s, size_t n)
      | ^~~~~~~~~~~~~~
.././trap.c:918:15: warning: array subscript 68 is above array bounds of 'int[68]' [-Warray-bounds=]
  918 |   if (sigmodes[sig] & SIG_HARD_IGNORE)
      |       ~~~~~~~~^~~~~
.././trap.c:75:12: note: while referencing 'sigmodes'
   75 | static int sigmodes[BASH_NSIG];
      |            ^~~~~~~~
./mkbuiltins -D ../.././builtins ../.././builtins/shopt.def
.././subst.c:11650:1: warning: label 'add_quoted_character' defined but not used [-Wunused-label]
11650 | add_quoted_character:
      | ^~~~~~~~~~~~~~~~~~~~
./mkbuiltins -D ../.././builtins ../.././builtins/printf.def
rm -f getopt.o
.././subst.c:10976:7: warning: variable 'local_expanded' set but not used [-Wunused-but-set-variable]
10976 |   int local_expanded;
      |       ^~~~~~~~~~~~~~
.././subst.c: In function 'string_quote_removal':
rm -f bashgetopt.o
.././subst.c:11908:29: warning: suggest parentheses around assignment used as truth value [-Wparentheses]
11908 |   for (dquote = sindex = 0; c = string[sindex];)
      |                             ^
test -n "ranlib" && ranlib libtilde.a
gcc -c   -DHAVE_CONFIG_H -DSHELL  -I. -I..  -I../../. -I../.././include -I../.././lib -I../.././builtins    -Wdate-time -D_FORTIFY_SOURCE=2 -g -O2 -Werror=implicit-function-declaration -ffile-prefix-map=/sonic/src/bash/bash-5.2.37=. -fstack-protector-strong -fstack-clash-protection -Wformat -Werror=format-security -fcf-protection -Wall shopt.c || ( rm -f shopt.c ; exit 1 )
gcc -c   -DHAVE_CONFIG_H -DSHELL  -I. -I..  -I../../. -I../.././include -I../.././lib -I../.././builtins    -Wdate-time -D_FORTIFY_SOURCE=2 -g -O2 -Werror=implicit-function-declaration -ffile-prefix-map=/sonic/src/bash/bash-5.2.37=. -fstack-protector-strong -fstack-clash-protection -Wformat -Werror=format-security -fcf-protection -Wall printf.c || ( rm -f printf.c ; exit 1 )
gcc -c   -DHAVE_CONFIG_H -DSHELL  -I. -I..  -I../../. -I../.././include -I../.././lib -I../.././builtins    -Wdate-time -D_FORTIFY_SOURCE=2 -g -O2 -Werror=implicit-function-declaration -ffile-prefix-map=/sonic/src/bash/bash-5.2.37=. -fstack-protector-strong -fstack-clash-protection -Wformat -Werror=format-security -fcf-protection -Wall ../.././builtins/getopt.c
gcc -c   -DHAVE_CONFIG_H -DSHELL  -I. -I..  -I../../. -I../.././include -I../.././lib -I../.././builtins    -Wdate-time -D_FORTIFY_SOURCE=2 -g -O2 -Werror=implicit-function-declaration -ffile-prefix-map=/sonic/src/bash/bash-5.2.37=. -fstack-protector-strong -fstack-clash-protection -Wformat -Werror=format-security -fcf-protection -Wall ../.././builtins/bashgetopt.c
../../.././lib/readline/display.c: At top level:
../../.././lib/readline/display.c:3236:1: warning: 'insert_some_chars' defined but not used [-Wunused-function]
 3236 | insert_some_chars (char *string, int count, int col)
      | ^~~~~~~~~~~~~~~~~
rm -f complete.o
.././subst.c: In function 'glob_expand_word_list':
./mkbuiltins -D ../.././builtins ../.././builtins/complete.def
.././subst.c:12312:7: warning: unused variable 'x' [-Wunused-variable]
12312 |   int x;
      |       ^
.././subst.c: In function 'brace_expand_word_list':
gcc -c   -DHAVE_CONFIG_H -DSHELL  -I. -I..  -I../../. -I../.././include -I../.././lib -I../.././builtins    -Wdate-time -D_FORTIFY_SOURCE=2 -g -O2 -Werror=implicit-function-declaration -ffile-prefix-map=/sonic/src/bash/bash-5.2.37=. -fstack-protector-strong -fstack-clash-protection -Wformat -Werror=format-security -fcf-protection -Wall complete.c || ( rm -f complete.c ; exit 1 )
../.././builtins/../.././builtins/history.def: In function 'history_builtin':
../.././builtins/../.././builtins/history.def:185:59: warning: 'delete_arg' may be used uninitialized [-Wmaybe-uninitialized]
../.././builtins/../.././builtins/history.def:112:20: note: 'delete_arg' was declared here
../.././builtins/../.././builtins/read.def:144:20: warning: 'old_alrm' defined but not used [-Wunused-variable]
.././subst.c:12452:28: warning: suggest parentheses around assignment used as truth value [-Wparentheses]
12452 |           for (eindex = 0; temp_string = expansions[eindex]; eindex++)
      |                            ^~~~~~~~~~~
.././bashline.c: In function '_ignore_completion_names':
rm -f times.c
.././bashline.c:3027:17: warning: 'oldnames' may be used uninitialized [-Wmaybe-uninitialized]
 3027 |         oldnames[oidx++] = names[idx];
      |                 ^
.././bashline.c:2990:10: note: 'oldnames' was declared here
 2990 |   char **oldnames;
      |          ^~~~~~~~
rm -f fg_bg.c
rm -f let.c
.././subst.c: In function 'expand_declaration_argument':
make[5]: Leaving directory '/sonic/src/bash/bash-5.2.37/build-static/lib/tilde'
.././subst.c:12713:33: warning: array subscript has type 'char' [-Wchar-subscripts]
12713 |               omap[l->word->word[oind]] = 1;
      |                    ~~~~~~~~~~~~~^~~~~~
rm -f return.c
rm -f suspend.c
rm -f test.c
rm -f source.c
/bin/sh ../.././builtins/psize.sh > pipesize.h
../.././builtins/../.././builtins/type.def: In function 'describe_command':
rm -f mapfile.c
../.././builtins/../.././builtins/type.def:338:11: warning: suggest parentheses around assignment used as truth value [-Wparentheses]
.././subst.c:12657:28: warning: variable 'inheriting' set but not used [-Wunused-but-set-variable]
12657 |   int t, opti, oind, skip, inheriting;
      |                            ^~~~~~~~~~
rm -f shift.c
rm -f cd.c
../.././builtins/../.././builtins/wait.def: In function 'wait_builtin':
../.././builtins/../.././builtins/wait.def:117:14: warning: variable 'pidvar' set but not used [-Wunused-but-set-variable]
../.././builtins/../.././builtins/wait.def: In function 'set_waitlist':
../.././builtins/../.././builtins/wait.def:338:12: warning: unused variable 'r' [-Wunused-variable]
.././subst.c: In function 'expand_word_list_internal':
.././subst.c:12969:25: warning: unused variable 'temp_list' [-Wunused-variable]
12969 |   WORD_LIST *new_list, *temp_list;
      |                         ^~~~~~~~~
.././subst.c: At top level:
.././subst.c:236:14: warning: 'quoted_substring' declared 'static' but never defined [-Wunused-function]
  236 | static char *quoted_substring PARAMS((char *, int, int));
      |              ^~~~~~~~~~~~~~~~
.././subst.c:237:12: warning: 'quoted_strlen' declared 'static' but never defined [-Wunused-function]
  237 | static int quoted_strlen PARAMS((char *));
      |            ^~~~~~~~~~~~~
.././subst.c:238:14: warning: 'quoted_strchr' declared 'static' but never defined [-Wunused-function]
  238 | static char *quoted_strchr PARAMS((char *, int, int));
      |              ^~~~~~~~~~~~~
.././subst.c:251:19: warning: 'list_dequote_escapes' declared 'static' but never defined [-Wunused-function]
  251 | static WORD_LIST *list_dequote_escapes PARAMS((WORD_LIST *));
      |                   ^~~~~~~~~~~~~~~~~~~~
.././subst.c:256:12: warning: 'unquoted_substring' declared 'static' but never defined [-Wunused-function]
  256 | static int unquoted_substring PARAMS((char *, char *));
      |            ^~~~~~~~~~~~~~~~~~
.././subst.c:257:12: warning: 'unquoted_member' declared 'static' but never defined [-Wunused-function]
  257 | static int unquoted_member PARAMS((int, char *));
      |            ^~~~~~~~~~~~~~~
.././subst.c:277:23: warning: 'mb_getcharlens' declared 'static' but never defined [-Wunused-function]
  277 | static unsigned char *mb_getcharlens PARAMS((char *, int));
      |                       ^~~~~~~~~~~~~~
.././subst.c:292:14: warning: 'variable_remove_pattern' declared 'static' but never defined [-Wunused-function]
  292 | static char *variable_remove_pattern PARAMS((char *, char *, int, int));
      |              ^~~~~~~~~~~~~~~~~~~~~~~
.././subst.c:349:14: warning: 'pos_params_casemod' declared 'static' but never defined [-Wunused-function]
  349 | static char *pos_params_casemod PARAMS((char *, char *, int, int));
      |              ^~~~~~~~~~~~~~~~~~
../.././builtins/getopt.c: In function 'sh_getopt':
../.././builtins/getopt.c:182:7: warning: suggest parentheses around assignment used as truth value [-Wparentheses]
  182 |   if (sh_badopt = (temp == NULL || c == ':'))
      |       ^~~~~~~~~
rm -f hash.c
../.././builtins/../.././builtins/shopt.def: In function 'toggle_shopts':
../.././builtins/../.././builtins/shopt.def:482:7: warning: suggest parentheses around assignment used as truth value [-Wparentheses]
../.././builtins/../.././builtins/shopt.def: In function 'set_bashopts':
../.././builtins/../.././builtins/shopt.def:854:24: warning: unused variable 'ip' [-Wunused-variable]
../.././builtins/../.././builtins/shopt.def: In function 'parse_bashopts':
../.././builtins/../.././builtins/shopt.def:915:10: warning: suggest parentheses around assignment used as truth value [-Wparentheses]
rm -f history.c
rm -f trap.c
.././subst.c:222:53: warning: 'expand_param_unset' defined but not used [-Wunused-variable]
  222 | static char expand_param_error, expand_param_fatal, expand_param_unset;
      |                                                     ^~~~~~~~~~~~~~~~~~
rm -f declare.c
rm -f getopts.c
../.././builtins/../.././builtins/shopt.def: In function 'set_compatibility_level':
../.././builtins/../.././builtins/shopt.def:712:11: warning: 'oldval' may be used uninitialized [-Wmaybe-uninitialized]
../.././builtins/../.././builtins/shopt.def:677:12: note: 'oldval' was declared here
rm -f wait.c
In file included from .././shell.h:29,
                 from .././subst.c:46:
.././subst.c: In function 'expand_string_dollar_quote':
.././general.h:168:58: warning: pointer 't' may be used after 'free' [-Wuse-after-free]
  168 |                                   : ((a)[0] == (b)[0] && strncmp(a, b, n) == 0))
      |                                                          ^~~~~~~~~~~~~~~~
.././subst.c:4292:53: note: in expansion of macro 'STREQN'
 4292 |                     ((news-sindex-1) != translen || STREQN (t, trans, translen) == 0))
      |                                                     ^~~~~~
../.././builtins/../.././builtins/set.def:1013:10: warning: 'tem' may be used uninitialized [-Wmaybe-uninitialized]
../.././builtins/../.././builtins/set.def:882:11: note: 'tem' was declared here
.././subst.c:4290:15: note: call to 'free' here
 4290 |               free (t);
      |               ^~~~~~~~
.././general.h:168:41: warning: pointer 't' may be used after 'free' [-Wuse-after-free]
  168 |                                   : ((a)[0] == (b)[0] && strncmp(a, b, n) == 0))
      |                                      ~~~^~~
.././subst.c:4292:53: note: in expansion of macro 'STREQN'
 4292 |                     ((news-sindex-1) != translen || STREQN (t, trans, translen) == 0))
      |                                                     ^~~~~~
.././subst.c:4290:15: note: call to 'free' here
 4290 |               free (t);
      |               ^~~~~~~~
../../.././lib/readline/text.c: In function 'rl_insert_text':
../../.././lib/readline/text.c:101:3: warning: '__builtin_strncpy' output truncated before terminating nul copying as many bytes from a string as its length [-Wstringop-truncation]
  101 |   strncpy (rl_line_buffer + rl_point, string, l);
      |   ^
../../.././lib/readline/text.c:91:29: note: length computed here
   91 |   l = (string && *string) ? strlen (string) : 0;
      |                             ^~~~~~~~~~~~~~~
rm -f type.c
rm -f umask.c
rm -f fc.c
rm -f setattr.c
../../.././lib/readline/kill.c: In function '_rl_read_bracketed_paste_prefix':
../../.././lib/readline/kill.c:800:29: warning: 'key' may be used uninitialized [-Wmaybe-uninitialized]
  800 |       return (key < 0 ? key : 0);
      |              ~~~~~~~~~~~~~~~^~~~
../../.././lib/readline/kill.c:777:7: note: 'key' was declared here
  777 |   int key, ind, j;
      |       ^~~
rm -f set.c
../../.././lib/readline/complete.c: In function 'print_filename':
../../.././lib/readline/complete.c:1043:22: warning: 'printed_len' may be used uninitialized [-Wmaybe-uninitialized]
 1043 |           printed_len++;
      |           ~~~~~~~~~~~^~
../../.././lib/readline/complete.c:936:7: note: 'printed_len' was declared here
  936 |   int printed_len, extension_char, slen, tlen;
      |       ^~~~~~~~~~~
../../.././lib/readline/histfile.c: In function 'history_truncate_file':
../../.././lib/readline/histfile.c:646:46: warning: 'orig_lines' may be used uninitialized [-Wmaybe-uninitialized]
  646 |   history_lines_written_to_file = orig_lines - lines;
      |                                   ~~~~~~~~~~~^~~~~~~
../../.././lib/readline/histfile.c:521:29: note: 'orig_lines' was declared here
  521 |   int file, chars_read, rv, orig_lines, exists, r;
      |                             ^~~~~~~~~~
rm -f help.c
rm -f pushd.c
rm -f libsh.a
ar cr libsh.a clktck.o clock.o getenv.o oslib.o setlinebuf.o strnlen.o itos.o zread.o zwrite.o shtty.o shmatch.o eaccess.o netconn.o netopen.o timeval.o makepath.o pathcanon.o pathphys.o tmpfile.o stringlist.o stringvec.o spell.o shquote.o strtrans.o snprintf.o mailstat.o fmtulong.o fmtullong.o fmtumax.o zcatfd.o zmapfd.o winsize.o wcsdup.o fpurge.o zgetline.o mbscmp.o uconvert.o ufuncs.o casemod.o input_avail.o mbscasecmp.o fnxform.o unicode.o shmbchar.o strvis.o utf8.o random.o gettimeofday.o timers.o wcsnwidth.o mbschr.o
test -n "ranlib" && ranlib libsh.a
rm -f shopt.c
rm -f complete.c
make[5]: Leaving directory '/sonic/src/bash/bash-5.2.37/build-static/lib/sh'
../../.././lib/readline/complete.c: In function 'rl_complete_internal':
rm -f read.c
../../.././lib/readline/complete.c:2104:14: warning: 'tlen' may be used uninitialized [-Wmaybe-uninitialized]
 2104 |           if (mlen >= tlen)
      |              ^
../../.././lib/readline/complete.c:2007:7: note: 'tlen' was declared here
 2007 |   int tlen, mlen, saved_last_completion_failed;
      |       ^~~~
../../.././lib/readline/vi_mode.c: In function 'rl_vi_change_char':
../../.././lib/readline/vi_mode.c:2069:7: warning: '__builtin_strncpy' output may be truncated copying 16 bytes from a string of length 16 [-Wstringop-truncation]
 2069 |       strncpy (mb, _rl_vi_last_replacement, MB_LEN_MAX);
      |       ^
.././execute_cmd.c: In function 'execute_command_internal':
.././execute_cmd.c:1120:9: warning: 'ofifo_list' may be used uninitialized [-Wmaybe-uninitialized]
 1120 |         close_new_fifos ((void *)ofifo_list, osize);
      |         ^~~~~~~~~~~~~~~~~~~~~~~~~~~~~~~~~~~~~~~~~~~
.././execute_cmd.c:590:18: note: 'ofifo_list' was declared here
  590 |   volatile void *ofifo_list;
      |                  ^~~~~~~~~~
rm -f printf.c
.././jobs.c: In function 'make_child':
.././jobs.c:2186:7: warning: 'oterm' may be used uninitialized [-Wmaybe-uninitialized]
 2186 |       set_signal_handler (SIGTERM, oterm);
      |       ^~~~~~~~~~~~~~~~~~~~~~~~~~~~~~~~~~~
.././jobs.c:2128:15: note: 'oterm' was declared here
 2128 |   SigHandler *oterm;
      |               ^~~~~
.././subst.c: In function 'read_comsub':
.././subst.c:6823:11: warning: 'bufp' may be used uninitialized [-Wmaybe-uninitialized]
 6823 |       c = *bufp++;
      |           ^~~~~~~
.././subst.c:6788:40: note: 'bufp' was declared here
 6788 |   char *istring, buf[COMSUB_PIPEBUF], *bufp;
      |                                        ^~~~
.././bashline.c: In function 'attempt_shell_completion':
.././bashline.c:1719:28: warning: 'e1' may be used uninitialized [-Wmaybe-uninitialized]
 1719 |       else if (e == 0 && e == s && text[0] == '\0' && have_progcomps)   /* beginning of empty line */
      |                          ~~^~~~
.././bashline.c:1669:21: note: 'e1' was declared here
 1669 |       int s, e, s1, e1, os, foundcs;
      |                     ^~
gcc -Wl,-z,relro -Wl,-z,now -rdynamic -rdynamic -g -O2 -Werror=implicit-function-declaration -ffile-prefix-map=/sonic/src/bash/bash-5.2.37=. -fstack-protector-strong -fstack-clash-protection -Wformat -Werror=format-security -fcf-protection -Wall man2html.o -o man2html 		
make[5]: Leaving directory '/sonic/src/bash/bash-5.2.37/build-static/support'
rm -f -f libglob.a
ar cr libglob.a glob.o strmatch.o smatch.o xmbsrtowcs.o gmisc.o
test -n "ranlib" && ranlib libglob.a
make[5]: Leaving directory '/sonic/src/bash/bash-5.2.37/build-static/lib/glob'
../../.././lib/readline/display.c: In function 'rl_redisplay':
../../.././lib/readline/display.c:1147:42: warning: 'wc_width' may be used uninitialized [-Wmaybe-uninitialized]
 1147 |               if (_rl_screenwidth < lpos + wc_width)
      |                                     ~~~~~^~~~~~~~~~
../../.././lib/readline/display.c:775:7: note: 'wc_width' was declared here
  775 |   int wc_width;
      |       ^~~~~~~~
.././subst.c: In function 'extract_dollar_brace_string':
.././subst.c:1638:11: warning: '__builtin_strncpy' output truncated before terminating nul copying as many bytes from a string as its length [-Wstringop-truncation]
 1638 |           strncpy (result + result_index, t, tlen);
      |           ^
In function 'extract_heredoc_dolbrace_string',
    inlined from 'extract_dollar_brace_string' at .././subst.c:1832:13:
.././subst.c:1634:18: note: length computed here
 1634 |           tlen = strlen (t);
      |                  ^~~~~~~~~~
rm -f y.tab.o
gcc  -DPROGRAM='"bash"' -DCONF_HOSTTYPE='"x86_64"' -DCONF_OSTYPE='"linux-gnu"' -DCONF_MACHTYPE='"x86_64-pc-linux-gnu"' -DCONF_VENDOR='"pc"' -DLOCALEDIR='"/usr/share/locale"' -DPACKAGE='"bash"' -DSHELL -DHAVE_CONFIG_H   -I.  -I../. -I.././include -I.././lib    -Wdate-time -D_FORTIFY_SOURCE=2 -g -O2 -Werror=implicit-function-declaration -ffile-prefix-map=/sonic/src/bash/bash-5.2.37=. -fstack-protector-strong -fstack-clash-protection -Wformat -Werror=format-security -fcf-protection -Wall -c .././y.tab.c
rm -f libreadline.a
ar cr libreadline.a readline.o vi_mode.o funmap.o keymaps.o parens.o search.o rltty.o complete.o bind.o isearch.o display.o signals.o util.o kill.o undo.o macro.o input.o callback.o terminal.o text.o nls.o misc.o history.o histexpand.o histfile.o histsearch.o shell.o savestring.o mbutil.o tilde.o colors.o parse-colors.o xmalloc.o xfree.o compat.o 
test -n "ranlib" && ranlib libreadline.a
/usr/local/src/chet/src/bash/src/parse.y: In function 'read_secondary_line':
/usr/local/src/chet/src/bash/src/parse.y:2175:10: warning: unused variable 'c' [-Wunused-variable]
/usr/local/src/chet/src/bash/src/parse.y:2175:7: warning: unused variable 'n' [-Wunused-variable]
/usr/local/src/chet/src/bash/src/parse.y: In function 'parse_matched_pair':
/usr/local/src/chet/src/bash/src/parse.y:3680:18: warning: variable 'prevch' set but not used [-Wunused-but-set-variable]
/usr/local/src/chet/src/bash/src/parse.y: In function 'parse_comsub':
/usr/local/src/chet/src/bash/src/parse.y:4089:7: warning: variable 'start_lineno' set but not used [-Wunused-but-set-variable]
/usr/local/src/chet/src/bash/src/parse.y: In function 'xparse_dolparen':
/usr/local/src/chet/src/bash/src/parse.y:4256:7: warning: variable 'orig_ind' set but not used [-Wunused-but-set-variable]
/usr/local/src/chet/src/bash/src/parse.y: In function 'parse_string_to_command':
/usr/local/src/chet/src/bash/src/parse.y:4394:9: warning: unused variable 'ret' [-Wunused-variable]
/usr/local/src/chet/src/bash/src/parse.y: In function 'parse_dparen':
/usr/local/src/chet/src/bash/src/parse.y:4460:15: warning: variable 'sline' set but not used [-Wunused-but-set-variable]
/usr/local/src/chet/src/bash/src/parse.y: In function 'parse_arith_cmd':
/usr/local/src/chet/src/bash/src/parse.y:4523:7: warning: variable 'exp_lineno' set but not used [-Wunused-but-set-variable]
/usr/local/src/chet/src/bash/src/parse.y: In function 'cond_error':
/usr/local/src/chet/src/bash/src/parse.y:4578:11: warning: suggest parentheses around assignment used as truth value [-Wparentheses]
/usr/local/src/chet/src/bash/src/parse.y: In function 'cond_term':
/usr/local/src/chet/src/bash/src/parse.y:4660:8: warning: suggest parentheses around assignment used as truth value [-Wparentheses]
/usr/local/src/chet/src/bash/src/parse.y:4692:8: warning: suggest parentheses around assignment used as truth value [-Wparentheses]
/usr/local/src/chet/src/bash/src/parse.y:4743:8: warning: suggest parentheses around assignment used as truth value [-Wparentheses]
/usr/local/src/chet/src/bash/src/parse.y:4774:8: warning: suggest parentheses around assignment used as truth value [-Wparentheses]
/usr/local/src/chet/src/bash/src/parse.y:4792:16: warning: suggest parentheses around assignment used as truth value [-Wparentheses]
/usr/local/src/chet/src/bash/src/parse.y: In function 'decode_prompt_string':
/usr/local/src/chet/src/bash/src/parse.y:5721:10: warning: suggest parentheses around assignment used as truth value [-Wparentheses]
/usr/local/src/chet/src/bash/src/parse.y: In function 'error_token_from_token':
/usr/local/src/chet/src/bash/src/parse.y:6137:7: warning: suggest parentheses around assignment used as truth value [-Wparentheses]
/usr/local/src/chet/src/bash/src/parse.y:6140:7: warning: suggest parentheses around assignment used as truth value [-Wparentheses]
/usr/local/src/chet/src/bash/src/parse.y: In function 'parse_string_to_word_list':
/usr/local/src/chet/src/bash/src/parse.y:6416:7: warning: suggest parentheses around assignment used as truth value [-Wparentheses]
/usr/local/src/chet/src/bash/src/parse.y: In function 'restore_parser_state':
/usr/local/src/chet/src/bash/src/parse.y:6662:7: warning: unused variable 'i' [-Wunused-variable]
make[5]: Leaving directory '/sonic/src/bash/bash-5.2.37/build-static/lib/readline'
/usr/local/src/chet/src/bash/src/parse.y: At top level:
/usr/local/src/chet/src/bash/src/parse.y:6313:1: warning: 'discard_parser_constructs' defined but not used [-Wunused-function]
/usr/local/src/chet/src/bash/src/parse.y:335:14: warning: 'yyerrstream' defined but not used [-Wunused-variable]
/usr/local/src/chet/src/bash/src/parse.y:334:14: warning: 'yyoutstream' defined but not used [-Wunused-variable]
/usr/local/src/chet/src/bash/src/parse.y:315:12: warning: 'global_extglob' defined but not used [-Wunused-variable]
making lib/readline/libhistory.a in ./lib/readline
make[5]: Entering directory '/sonic/src/bash/bash-5.2.37/build-static/lib/readline'
make[5]: warning: -j192 forced in submake: resetting jobserver mode.
rm -f libhistory.a
ar cr libhistory.a history.o histexpand.o histfile.o histsearch.o shell.o savestring.o mbutil.o xmalloc.o xfree.o
In file included from .././shell.h:29,
                 from /usr/local/src/chet/src/bash/src/parse.y:47:
/usr/local/src/chet/src/bash/src/parse.y: In function 'read_token_word':
.././general.h:168:58: warning: pointer 'ttok' may be used after 'free' [-Wuse-after-free]
  168 |                                   : ((a)[0] == (b)[0] && strncmp(a, b, n) == 0))
      |                                                          ^~~~~~~~~~~~~~~~
/usr/local/src/chet/src/bash/src/parse.y:5103:42: note: in expansion of macro 'STREQN'
/usr/local/src/chet/src/bash/src/parse.y:5098:5: note: call to 'free' here
.././general.h:168:41: warning: pointer 'ttok' may be used after 'free' [-Wuse-after-free]
  168 |                                   : ((a)[0] == (b)[0] && strncmp(a, b, n) == 0))
      |                                      ~~~^~~
/usr/local/src/chet/src/bash/src/parse.y:5103:42: note: in expansion of macro 'STREQN'
/usr/local/src/chet/src/bash/src/parse.y:5098:5: note: call to 'free' here
/usr/local/src/chet/src/bash/src/parse.y: In function 'parse_matched_pair':
.././general.h:168:58: warning: pointer 'nestret' may be used after 'free' [-Wuse-after-free]
  168 |                                   : ((a)[0] == (b)[0] && strncmp(a, b, n) == 0))
      |                                                          ^~~~~~~~~~~~~~~~
/usr/local/src/chet/src/bash/src/parse.y:3908:42: note: in expansion of macro 'STREQN'
/usr/local/src/chet/src/bash/src/parse.y:3902:5: note: call to 'free' here
.././general.h:168:41: warning: pointer 'nestret' may be used after 'free' [-Wuse-after-free]
  168 |                                   : ((a)[0] == (b)[0] && strncmp(a, b, n) == 0))
      |                                      ~~~^~~
/usr/local/src/chet/src/bash/src/parse.y:3908:42: note: in expansion of macro 'STREQN'
/usr/local/src/chet/src/bash/src/parse.y:3902:5: note: call to 'free' here
test -n "ranlib" && ranlib libhistory.a
make[5]: Leaving directory '/sonic/src/bash/bash-5.2.37/build-static/lib/readline'
/usr/local/src/chet/src/bash/src/parse.y: In function 'parse_comsub.constprop':
/usr/local/src/chet/src/bash/src/parse.y:4165:19: warning: 'local_extglob' may be used uninitialized [-Wmaybe-uninitialized]
/usr/local/src/chet/src/bash/src/parse.y:4089:21: note: 'local_extglob' was declared here
In function 'parameter_brace_expand_indir',
    inlined from 'parameter_brace_expand' at .././subst.c:9825:15,
    inlined from 'param_expand' at .././subst.c:10538:15:
.././subst.c:7657:31: warning: 'v' may be used uninitialized [-Wmaybe-uninitialized]
 7657 |   if (legal_identifier (name) && v == 0)
      |       ~~~~~~~~~~~~~~~~~~~~~~~~^~~~~~~~~
.././subst.c: In function 'param_expand':
.././subst.c:7635:14: note: 'v' was declared here
 7635 |   SHELL_VAR *v;
      |              ^
rm -f ulimit.o
./mkbuiltins -D ../.././builtins ../.././builtins/ulimit.def
gcc -c   -DHAVE_CONFIG_H -DSHELL  -I. -I..  -I../../. -I../.././include -I../.././lib -I../.././builtins    -Wdate-time -D_FORTIFY_SOURCE=2 -g -O2 -Werror=implicit-function-declaration -ffile-prefix-map=/sonic/src/bash/bash-5.2.37=. -fstack-protector-strong -fstack-clash-protection -Wformat -Werror=format-security -fcf-protection -Wall ulimit.c || ( rm -f ulimit.c ; exit 1 )
../.././builtins/../.././builtins/ulimit.def:783:1: warning: 'set_all_limits' defined but not used [-Wunused-function]
rm -f ulimit.c
rm -f libbuiltins.a
ar cr libbuiltins.a builtins.o alias.o bind.o break.o builtin.o caller.o cd.o colon.o command.o common.o declare.o echo.o enable.o eval.o evalfile.o evalstring.o exec.o exit.o fc.o fg_bg.o hash.o help.o history.o jobs.o kill.o let.o mapfile.o pushd.o read.o return.o set.o setattr.o shift.o source.o suspend.o test.o times.o trap.o type.o ulimit.o umask.o wait.o getopts.o shopt.o printf.o getopt.o bashgetopt.o complete.o
ranlib libbuiltins.a
make[5]: Leaving directory '/sonic/src/bash/bash-5.2.37/build-static/builtins'
make[5]: Entering directory '/sonic/src/bash/bash-5.2.37/build-static/builtins'
make[5]: warning: -j192 forced in submake: resetting jobserver mode.
make[5]: 'pipesize.h' is up to date.
make[5]: Leaving directory '/sonic/src/bash/bash-5.2.37/build-static/builtins'
rm -f redir.o
gcc  -DPROGRAM='"bash"' -DCONF_HOSTTYPE='"x86_64"' -DCONF_OSTYPE='"linux-gnu"' -DCONF_MACHTYPE='"x86_64-pc-linux-gnu"' -DCONF_VENDOR='"pc"' -DLOCALEDIR='"/usr/share/locale"' -DPACKAGE='"bash"' -DSHELL -DHAVE_CONFIG_H   -I.  -I../. -I.././include -I.././lib    -Wdate-time -D_FORTIFY_SOURCE=2 -g -O2 -Werror=implicit-function-declaration -ffile-prefix-map=/sonic/src/bash/bash-5.2.37=. -fstack-protector-strong -fstack-clash-protection -Wformat -Werror=format-security -fcf-protection -Wall -c .././redir.c
.././redir.c: In function 'redir_varvalue':
.././redir.c:1485:7: warning: suggest parentheses around assignment used as truth value [-Wparentheses]
 1485 |   if (vr = valid_array_reference (w, 0))
      |       ^~
.././redir.c:1500:19: warning: suggest parentheses around assignment used as truth value [-Wparentheses]
 1500 |               if (vr = valid_array_reference (w, 0))
      |                   ^~
.././redir.c: At top level:
.././redir.c:767:1: warning: 'undoablefd' defined but not used [-Wunused-function]
  767 | undoablefd (fd)
      | ^~~~~~~~~~
.././redir.c: In function 'do_redirection_internal.constprop':
.././redir.c:872:23: warning: 'new_redirect' may be used uninitialized [-Wmaybe-uninitialized]
  872 |       if (new_redirect->instruction == r_err_and_out)
      |           ~~~~~~~~~~~~^~~~~~~~~~~~~
.././redir.c:797:13: note: 'new_redirect' was declared here
  797 |   REDIRECT *new_redirect;
      |             ^~~~~~~~~~~~
.././redir.c:917:27: warning: 'oflags' may be used uninitialized [-Wmaybe-uninitialized]
  917 |         redirectee->flags = oflags;
      |         ~~~~~~~~~~~~~~~~~~^~~~~~~~
.././redir.c:793:36: note: 'oflags' was declared here
  793 |   int redir_fd, fd, redirector, r, oflags;
      |                                    ^~~~~~
.././subst.c: In function 'parameter_brace_expand_length':
.././general.h:171:78: warning: 't' may be used uninitialized [-Wmaybe-uninitialized]
  171 | #define STRLEN(s) (((s) && (s)[0]) ? ((s)[1] ? ((s)[2] ? strlen(s) : 2) : 1) : 0)
      |                   ~~~~~~~~~~~~~~~~~~~~~~~~~~~~~~~~~~~~~~~~~~~~~~~~~~~~~~~~~~~^~~~
.././subst.c:8025:16: note: in expansion of macro 'STRLEN'
 8025 |       number = STRLEN (t);
      |                ^~~~~~
.././subst.c:7990:9: note: 't' was declared here
 7990 |   char *t, *newname;
      |         ^
.././subst.c: In function 'parameter_brace_find_indir':
.././subst.c:7608:33: warning: 'oldex' may be used uninitialized [-Wmaybe-uninitialized]
 7608 |     expand_no_split_dollar_star = oldex;
      |     ~~~~~~~~~~~~~~~~~~~~~~~~~~~~^~~~~~~
.././subst.c:7589:15: note: 'oldex' was declared here
 7589 |   int pflags, oldex;
      |               ^~~~~
In file included from .././variables.h:26,
                 from .././shell.h:31:
In function 'verify_substring_values',
    inlined from 'parameter_brace_substring' at .././subst.c:8815:7:
.././assoc.h:31:37: warning: 'h' may be used uninitialized [-Wmaybe-uninitialized]
   31 | #define assoc_num_elements(h)   ((h)->nentries)
      |                                 ~~~~^~~~~~~~~~~
.././subst.c:8185:25: note: in expansion of macro 'assoc_num_elements'
 8185 |     len = assoc_p (v) ? assoc_num_elements (h) : array_num_elements (a);
      |                         ^~~~~~~~~~~~~~~~~~
.././subst.c: In function 'parameter_brace_substring':
.././subst.c:8124:14: note: 'h' was declared here
 8124 |  HASH_TABLE *h;
      |              ^
In function 'verify_substring_values',
    inlined from 'parameter_brace_substring' at .././subst.c:8815:7:
.././subst.c:8185:48: warning: 'a' may be used uninitialized [-Wmaybe-uninitialized]
 8185 |     len = assoc_p (v) ? assoc_num_elements (h) : array_num_elements (a);
.././subst.c: In function 'parameter_brace_substring':
.././subst.c:8123:9: note: 'a' was declared here
 8123 |  ARRAY *a;
      |         ^
rm -f bash
gcc -L./builtins -L./lib/readline -L./lib/readline -L./lib/glob -L./lib/tilde  -L./lib/sh  -Wl,-z,relro -Wl,-z,now -rdynamic -g -O2 -Werror=implicit-function-declaration -ffile-prefix-map=/sonic/src/bash/bash-5.2.37=. -fstack-protector-strong -fstack-clash-protection -Wformat -Werror=format-security -fcf-protection -Wall  -static -o bash shell.o eval.o y.tab.o general.o make_cmd.o print_cmd.o  dispose_cmd.o execute_cmd.o variables.o copy_cmd.o error.o expr.o flags.o jobs.o subst.o hashcmd.o hashlib.o mailcheck.o trap.o input.o unwind_prot.o pathexp.o sig.o test.o version.o alias.o array.o arrayfunc.o assoc.o braces.o bracecomp.o bashhist.o bashline.o  list.o stringlib.o locale.o findcmd.o redir.o pcomplete.o pcomplib.o syntax.o xmalloc.o plugin.o  -lbuiltins -lglob -lsh -lreadline -lhistory -ltinfo -ltilde     -ldl 
/usr/bin/ld: plugin.o: in function `try_load_plugin_by_path':
./build-static/.././plugin.c:209:(.text+0xb5): warning: Using 'dlopen' in statically linked applications requires at runtime the shared libraries from the glibc version used for linking
/usr/bin/ld: ./lib/sh/libsh.a(tmpfile.o): in function `sh_mktmpname':
./build-static/lib/sh/../../.././lib/sh/tmpfile.c:160:(.text+0x172): warning: the use of `mktemp' is dangerous, better use `mkstemp' or `mkdtemp'
/usr/bin/ld: bashline.o: in function `bash_groupname_completion_function':
./build-static/.././bashline.c:2665:(.text+0x8081): warning: Using 'getgrent' in statically linked applications requires at runtime the shared libraries from the glibc version used for linking
/usr/bin/ld: ./build-static/.././bashline.c:2662:(.text+0x806f): warning: Using 'setgrent' in statically linked applications requires at runtime the shared libraries from the glibc version used for linking
/usr/bin/ld: ./build-static/.././bashline.c:2673:(.text+0x80d9): warning: Using 'endgrent' in statically linked applications requires at runtime the shared libraries from the glibc version used for linking
/usr/bin/ld: ./lib/sh/libsh.a(netopen.o): in function `_netopen6':
./build-static/lib/sh/../../.././lib/sh/netopen.c:229:(.text+0x93): warning: Using 'getaddrinfo' in statically linked applications requires at runtime the shared libraries from the glibc version used for linking
/usr/bin/ld: ./lib/readline/libreadline.a(complete.o): in function `rl_username_completion_function':
./build-static/lib/readline/../../.././lib/readline/complete.c:2307:(.text+0x4911): warning: Using 'getpwent' in statically linked applications requires at runtime the shared libraries from the glibc version used for linking
/usr/bin/ld: ./build-static/lib/readline/../../.././lib/readline/complete.c:2302:(.text+0x4906): warning: Using 'setpwent' in statically linked applications requires at runtime the shared libraries from the glibc version used for linking
/usr/bin/ld: shell.o: in function `get_current_user_info':
./build-static/.././shell.c:1932:(.text+0x642): warning: Using 'endpwent' in statically linked applications requires at runtime the shared libraries from the glibc version used for linking
/usr/bin/ld: ./lib/readline/libreadline.a(tilde.o): in function `tilde_expand_word':
./build-static/lib/readline/../../.././lib/readline/tilde.c:386:(.text+0x144): warning: Using 'getpwnam' in statically linked applications requires at runtime the shared libraries from the glibc version used for linking
/usr/bin/ld: shell.o: in function `get_current_user_info':
./build-static/.././shell.c:1914:(.text+0x5ad): warning: Using 'getpwuid' in statically linked applications requires at runtime the shared libraries from the glibc version used for linking
/usr/bin/ld: bashline.o: in function `bash_servicename_completion_function':
./build-static/.././bashline.c:2609:(.text+0x7f21): warning: Using 'getservent' in statically linked applications requires at runtime the shared libraries from the glibc version used for linking
/usr/bin/ld: ./build-static/.././bashline.c:2606:(.text+0x7f18): warning: Using 'setservent' in statically linked applications requires at runtime the shared libraries from the glibc version used for linking
/usr/bin/ld: ./build-static/.././bashline.c:2631:(.text+0x800b): warning: Using 'endservent' in statically linked applications requires at runtime the shared libraries from the glibc version used for linking
ls -l bash
-rwxr-xr-x 1 qiuying.xzc gqiuying.xzc 5855264 Sep  1 22:05 bash
size bash
   text	   data	    bss	    dec	    hex	filename
2358631	  82312	  72440	2513383	 2659e7	bash
make[4]: Leaving directory '/sonic/src/bash/bash-5.2.37/build-static'
/usr/bin/make -C build-static/doc \
	bash.info
make[4]: Entering directory '/sonic/src/bash/bash-5.2.37/build-static/doc'
rm -f bash.info
makeinfo -o bash.info --no-split -I../.././lib/readline/doc ../.././doc/bashref.texi
rluser.texi:2: warning: @setfilename after the first element
make[4]: Leaving directory '/sonic/src/bash/bash-5.2.37/build-static/doc'
touch stamps/stamp-build-static
make[3]: Leaving directory '/sonic/src/bash/bash-5.2.37'
BEGIN test
END test
touch stamps/stamp-check
make[2]: Leaving directory '/sonic/src/bash/bash-5.2.37'
 fakeroot debian/rules binary
make[2]: Entering directory '/sonic/src/bash/bash-5.2.37'
/usr/bin/make -f debian/rules do-build-bash \
    bash_src=. \
    build=bash \
    configure_args="--enable-largefile --prefix=/usr --infodir=/usr/share/info --mandir=/usr/share/man --without-bash-malloc --build x86_64-linux-gnu"
dh_testdir
rm -fr doc/bash.info doc/bash.pdf doc/bash.html doc/bashref.info doc/bashref.pdf doc/bashref.html
/usr/bin/make -f debian/rules do-build-static \
    bash_src=. \
    build=static \
    configure_args="--enable-largefile --prefix=/usr --infodir=/usr/share/info --mandir=/usr/share/man --without-bash-malloc --build x86_64-linux-gnu --enable-static-link "
make[3]: Entering directory '/sonic/src/bash/bash-5.2.37'
/usr/bin/make -C build-bash/doc info html MAN2HTML=/usr/bin/man2html
make[3]: Entering directory '/sonic/src/bash/bash-5.2.37'
make[3]: Entering directory '/sonic/src/bash/bash-5.2.37/build-bash/doc'
rm -f bashref.info
makeinfo --html --no-split -I../.././lib/readline/doc ../.././doc/bashref.texi
makeinfo --no-split -I../.././lib/readline/doc ../.././doc/bashref.texi
rm -f bash.html
/usr/bin/man2html ../.././doc/bash.1 | ../.././doc/htmlpost.sh > bash.html
dh_testroot
man2html: Unknown operator .
dh_prep -pbash -pbash-doc -pbash-builtins
dh_installdirs -pbash \
	usr/bin \
	etc/skel \
	usr/share/doc/bash
dh_installdirs -pbash-doc \
	usr/share/doc/bash
rluser.texi:2: warning: @setfilename after the first element
dh_installdirs -pbash-builtins \
	usr/share/doc/bash/examples/loadables
make[3]: Nothing to be done for 'do-build-bash'.
make[3]: Leaving directory '/sonic/src/bash/bash-5.2.37'
make[3]: Nothing to be done for 'do-build-static'.
make[3]: Leaving directory '/sonic/src/bash/bash-5.2.37'
dh_testdir
: # install it
/usr/bin/make -C build-bash install \
	YACC="bison -y" \
	DESTDIR=/sonic/src/bash/bash-5.2.37/debian/bash
make[3]: Entering directory '/sonic/src/bash/bash-5.2.37/build-bash'

make[4]: Entering directory '/sonic/src/bash/bash-5.2.37/build-bash/builtins'
make[4]: warning: -j192 forced in submake: resetting jobserver mode.
make[4]: 'pipesize.h' is up to date.
make[4]: Leaving directory '/sonic/src/bash/bash-5.2.37/build-bash/builtins'
rluser.texi:2: warning: @setfilename after the first element
dh_testroot
	  ***********************************************************
rm -f execute_cmd.o
rm -f print_cmd.o
	  *                                                         *
gcc  -DPROGRAM='"bash"' -DCONF_HOSTTYPE='"x86_64"' -DCONF_OSTYPE='"linux-gnu"' -DCONF_MACHTYPE='"x86_64-pc-linux-gnu"' -DCONF_VENDOR='"pc"' -DLOCALEDIR='"/usr/share/locale"' -DPACKAGE='"bash"' -DSHELL -DHAVE_CONFIG_H   -I.  -I../. -I.././include -I.././lib    -Wdate-time -D_FORTIFY_SOURCE=2 -g -O2 -Werror=implicit-function-declaration -ffile-prefix-map=/sonic/src/bash/bash-5.2.37=. -fstack-protector-strong -fstack-clash-protection -Wformat -Werror=format-security -fcf-protection -Wall -c .././execute_cmd.c
gcc  -DPROGRAM='"bash"' -DCONF_HOSTTYPE='"x86_64"' -DCONF_OSTYPE='"linux-gnu"' -DCONF_MACHTYPE='"x86_64-pc-linux-gnu"' -DCONF_VENDOR='"pc"' -DLOCALEDIR='"/usr/share/locale"' -DPACKAGE='"bash"' -DSHELL -DHAVE_CONFIG_H   -I.  -I../. -I.././include -I.././lib    -Wdate-time -D_FORTIFY_SOURCE=2 -g -O2 -Werror=implicit-function-declaration -ffile-prefix-map=/sonic/src/bash/bash-5.2.37=. -fstack-protector-strong -fstack-clash-protection -Wformat -Werror=format-security -fcf-protection -Wall -c .././print_cmd.c
	  * GNU bash, version 5.2.37(1)-release (x86_64-pc-linux-gnu)
mkdir -p -- /sonic/src/bash/bash-5.2.37/debian/bash/usr/share/man/man1
	  *                                                         *
	  ***********************************************************
mkdir -p -- /sonic/src/bash/bash-5.2.37/debian/bash/usr/share/info

( cd ./po/ ; /usr/bin/make -j192 --jobserver-auth=fifo:/tmp/GMfifo77659 DESTDIR=/sonic/src/bash/bash-5.2.37/debian/bash installdirs )
make[4]: Entering directory '/sonic/src/bash/bash-5.2.37/build-bash/po'
make[4]: warning: -j192 forced in submake: resetting jobserver mode.
dh_prep -pbash-static
cd /sonic/src/bash/bash-5.2.37/build-bash \
  && CONFIG_FILES=po/Makefile.in CONFIG_HEADERS= \
       /bin/sh ./config.status
dh_installdirs -pbash-static \
	usr/bin \
	usr/share/man/man1
config.status: creating po/Makefile.in
.././print_cmd.c: In function 'make_command_string_internal':
.././print_cmd.c:189:14: warning: zero-length gnu_printf format string [-Wformat-zero-length]
  189 |     cprintf ("");
      |              ^~
.././print_cmd.c: In function 'print_redirection_list':
.././print_cmd.c:1065:9: warning: unused variable 'rw' [-Wunused-variable]
 1065 |   char *rw;
      |         ^~
config.status: executing po-directories commands
.././print_cmd.c: At top level:
.././print_cmd.c:1006:1: warning: 'print_heredocs' defined but not used [-Wunused-function]
 1006 | print_heredocs (heredocs)
      | ^~~~~~~~~~~~~~
config.status: creating po/POTFILES
config.status: creating po/Makefile
cp -p build-static/bash debian/bash-static/usr/bin/bash-static
.././execute_cmd.c: In function 'select_query':
.././execute_cmd.c:3333:23: warning: unused variable 't' [-Wunused-variable]
 3333 |   char *repl_string, *t;
      |                       ^
.././execute_cmd.c: At top level:
cp -p doc/bash.1 debian/bash-static/usr/share/man/man1/bash-static.1
.././execute_cmd.c:1779:13: warning: 'cpl_prune' declared 'static' but never defined [-Wunused-function]
 1779 | static void cpl_prune PARAMS((void));
      |             ^~~~~~~~~
install -o 0 -g 0 -m 644 -D debian/shells.d/bash-static debian/bash-static/usr/share/debianutils/shells.d/bash-static
config.status: executing stamp-h commands
dh_installdocs -pbash-static
.././execute_cmd.c:3196:12: warning: 'LINES' defined but not used [-Wunused-variable]
 3196 | static int LINES, COLS, tabsize;
      |            ^~~~~
.././execute_cmd.c:2067:1: warning: 'coproc_free' defined but not used [-Wunused-function]
 2067 | coproc_free (cp)
      | ^~~~~~~~~~~
.././execute_cmd.c:1972:1: warning: 'cpl_firstactive' defined but not used [-Wunused-function]
 1972 | cpl_firstactive ()
      | ^~~~~~~~~~~~~~~
.././execute_cmd.c:1960:1: warning: 'cpl_searchbyname' defined but not used [-Wunused-function]
 1960 | cpl_searchbyname (name)
      | ^~~~~~~~~~~~~~~~
.././execute_cmd.c:1946:1: warning: 'cpl_search' defined but not used [-Wunused-function]
 1946 | cpl_search (pid)
      | ^~~~~~~~~~
.././execute_cmd.c:1934:1: warning: 'cpl_fdchk' defined but not used [-Wunused-function]
 1934 | cpl_fdchk (fd)
      | ^~~~~~~~~
.././execute_cmd.c:1925:1: warning: 'cpl_closeall' defined but not used [-Wunused-function]
 1925 | cpl_closeall ()
      | ^~~~~~~~~~~~
.././execute_cmd.c:1907:1: warning: 'cpl_flush' defined but not used [-Wunused-function]
 1907 | cpl_flush ()
      | ^~~~~~~~~
.././execute_cmd.c:1866:1: warning: 'cpl_reap' defined but not used [-Wunused-function]
 1866 | cpl_reap ()
      | ^~~~~~~~
.././execute_cmd.c:1833:1: warning: 'cpl_delete' defined but not used [-Wunused-function]
 1833 | cpl_delete (pid)
      | ^~~~~~~~~~
.././execute_cmd.c:1810:1: warning: 'cpl_add' defined but not used [-Wunused-function]
 1810 | cpl_add (cp)
      | ^~~~~~~
.././execute_cmd.c:281:12: warning: 'connection_count' defined but not used [-Wunused-variable]
  281 | static int connection_count;
      |            ^~~~~~~~~~~~~~~~
/bin/sh ../.././support/mkinstalldirs /sonic/src/bash/bash-5.2.37/debian/bash/usr/share
mkdir -p -- /sonic/src/bash/bash-5.2.37/debian/bash/usr/share/locale/en@quot/LC_MESSAGES
mkdir -p -- /sonic/src/bash/bash-5.2.37/debian/bash/usr/share/locale/en@boldquot/LC_MESSAGES
mkdir -p -- /sonic/src/bash/bash-5.2.37/debian/bash/usr/share/locale/af/LC_MESSAGES
mkdir -p -- /sonic/src/bash/bash-5.2.37/debian/bash/usr/share/locale/bg/LC_MESSAGES
mkdir -p -- /sonic/src/bash/bash-5.2.37/debian/bash/usr/share/locale/ca/LC_MESSAGES
mkdir -p -- /sonic/src/bash/bash-5.2.37/debian/bash/usr/share/locale/cs/LC_MESSAGES
dh_installchangelogs -pbash-static
mkdir -p -- /sonic/src/bash/bash-5.2.37/debian/bash/usr/share/locale/da/LC_MESSAGES
mkdir -p -- /sonic/src/bash/bash-5.2.37/debian/bash/usr/share/locale/de/LC_MESSAGES
mkdir -p -- /sonic/src/bash/bash-5.2.37/debian/bash/usr/share/locale/el/LC_MESSAGES
mkdir -p -- /sonic/src/bash/bash-5.2.37/debian/bash/usr/share/locale/eo/LC_MESSAGES
mkdir -p -- /sonic/src/bash/bash-5.2.37/debian/bash/usr/share/locale/es/LC_MESSAGES
install -D -m 644 debian/bash-static.overrides \
	debian/bash-static/usr/share/lintian/overrides/bash-static
dh_strip -pbash-static
mkdir -p -- /sonic/src/bash/bash-5.2.37/debian/bash/usr/share/locale/et/LC_MESSAGES
mkdir -p -- /sonic/src/bash/bash-5.2.37/debian/bash/usr/share/locale/fi/LC_MESSAGES
mkdir -p -- /sonic/src/bash/bash-5.2.37/debian/bash/usr/share/locale/fr/LC_MESSAGES
mkdir -p -- /sonic/src/bash/bash-5.2.37/debian/bash/usr/share/locale/ga/LC_MESSAGES
mkdir -p -- /sonic/src/bash/bash-5.2.37/debian/bash/usr/share/locale/gl/LC_MESSAGES
mkdir -p -- /sonic/src/bash/bash-5.2.37/debian/bash/usr/share/locale/hr/LC_MESSAGES
mkdir -p -- /sonic/src/bash/bash-5.2.37/debian/bash/usr/share/locale/hu/LC_MESSAGES
mkdir -p -- /sonic/src/bash/bash-5.2.37/debian/bash/usr/share/locale/id/LC_MESSAGES
mkdir -p -- /sonic/src/bash/bash-5.2.37/debian/bash/usr/share/locale/it/LC_MESSAGES
mkdir -p -- /sonic/src/bash/bash-5.2.37/debian/bash/usr/share/locale/ja/LC_MESSAGES
mkdir -p -- /sonic/src/bash/bash-5.2.37/debian/bash/usr/share/locale/ko/LC_MESSAGES
mkdir -p -- /sonic/src/bash/bash-5.2.37/debian/bash/usr/share/locale/lt/LC_MESSAGES
libfakeroot internal error: payload not recognized!
mkdir -p -- /sonic/src/bash/bash-5.2.37/debian/bash/usr/share/locale/nb/LC_MESSAGES
mkdir -p -- /sonic/src/bash/bash-5.2.37/debian/bash/usr/share/locale/nl/LC_MESSAGES
mkdir -p -- /sonic/src/bash/bash-5.2.37/debian/bash/usr/share/locale/pl/LC_MESSAGES
mkdir -p -- /sonic/src/bash/bash-5.2.37/debian/bash/usr/share/locale/pt/LC_MESSAGES
libfakeroot internal error: payload not recognized!
mkdir -p -- /sonic/src/bash/bash-5.2.37/debian/bash/usr/share/locale/pt_BR/LC_MESSAGES
mkdir -p -- /sonic/src/bash/bash-5.2.37/debian/bash/usr/share/locale/ro/LC_MESSAGES
make[3]: Leaving directory '/sonic/src/bash/bash-5.2.37/build-bash/doc'
/usr/bin/make -C build-bash/doc bash.pdf bashref.pdf
libfakeroot internal error: payload not recognized!
make[3]: Entering directory '/sonic/src/bash/bash-5.2.37/build-bash/doc'
rm -f bash.ps
rm -f bashref.pdf
groff -I../.././doc -man ../.././doc/bash.1 > bash.ps
TEXINPUTS=.:../.././lib/readline/doc:$TEXINPUTS texi2dvi --pdf ../.././doc/bashref.texi || { rm -f bashref.pdf ; exit 1; }
mkdir -p -- /sonic/src/bash/bash-5.2.37/debian/bash/usr/share/locale/ru/LC_MESSAGES
mkdir -p -- /sonic/src/bash/bash-5.2.37/debian/bash/usr/share/locale/sk/LC_MESSAGES
mkdir -p -- /sonic/src/bash/bash-5.2.37/debian/bash/usr/share/locale/sl/LC_MESSAGES
mkdir -p -- /sonic/src/bash/bash-5.2.37/debian/bash/usr/share/locale/sr/LC_MESSAGES
mkdir -p -- /sonic/src/bash/bash-5.2.37/debian/bash/usr/share/locale/sv/LC_MESSAGES
mkdir -p -- /sonic/src/bash/bash-5.2.37/debian/bash/usr/share/locale/tr/LC_MESSAGES
libfakeroot internal error: payload not recognized!
mkdir -p -- /sonic/src/bash/bash-5.2.37/debian/bash/usr/share/locale/uk/LC_MESSAGES
mkdir -p -- /sonic/src/bash/bash-5.2.37/debian/bash/usr/share/locale/vi/LC_MESSAGES
mkdir -p -- /sonic/src/bash/bash-5.2.37/debian/bash/usr/share/locale/zh_CN/LC_MESSAGES
mkdir -p -- /sonic/src/bash/bash-5.2.37/debian/bash/usr/share/locale/zh_TW/LC_MESSAGES
if test "bash" = "gettext-tools"; then \
  /bin/sh ../.././support/mkinstalldirs /sonic/src/bash/bash-5.2.37/debian/bash/usr/share/gettext/po; \
else \
  : ; \
fi
make[4]: Leaving directory '/sonic/src/bash/bash-5.2.37/build-bash/po'
.././execute_cmd.c: In function 'execute_command_internal':
.././execute_cmd.c:1120:9: warning: 'ofifo_list' may be used uninitialized [-Wmaybe-uninitialized]
 1120 |         close_new_fifos ((void *)ofifo_list, osize);
      |         ^~~~~~~~~~~~~~~~~~~~~~~~~~~~~~~~~~~~~~~~~~~
.././execute_cmd.c:590:18: note: 'ofifo_list' was declared here
  590 |   volatile void *ofifo_list;
      |                  ^~~~~~~~~~
dh_compress -pbash-static
rm -f bash.pdf
gs -sPAPERSIZE=letter	 -sDEVICE=pdfwrite -dNOPAUSE -dBATCH -sOutputFile=bash.pdf bash.ps
GPL Ghostscript 10.05.1 (2025-04-29)
Copyright (C) 2025 Artifex Software, Inc.  All rights reserved.
This software is supplied under the GNU AGPLv3 and comes with NO WARRANTY:
see the file COPYING for details.
GPL Ghostscript 10.05.1: **** Could not open the file bash.pdf .
**** Unable to open the initial device, quitting.
make[3]: [Makefile:142: bash.pdf] Error 1 (ignored)
dh_fixperms -pbash-static
libfakeroot internal error: payload not recognized!
This is pdfTeX, Version 3.141592653-2.6-1.40.26 (TeX Live 2025/dev/Debian) (preloaded format=pdfetex)
 restricted \write18 enabled.
entering extended mode
(./../.././doc/bashref.texi (/sonic/src/bash/bash-5.2.37/doc/texinfo.tex
Loading texinfo [version 2015-11-22.14]: pdf, fonts, markup, glyphs,
page headings, tables, conditionals, indexing, sectioning, toc, environments,
defuns, macros, cross references, insertions,
(/usr/share/texlive/texmf-dist/tex/generic/epsf/epsf.tex
This is `epsf.tex' v2.7.4 <14 February 2011>
) localization, formatting, and turning on texinfo input format.)
(/sonic/src/bash/bash-5.2.37/doc/version.texi) [1{/var/lib/texmf/fonts/map/pdft
ex/updmap/pdftex.map}] [2] [-1] Chapter 1 Chapter 2 [1] [2]
Cross reference values unknown; you must run TeX again. [3] Chapter 3 [4]
[5] [6] [7] [8]
Overfull \hbox (3.12749pt too wide) in paragraph at lines 723--724
 @texttt coproc[]| 

Overfull \hbox (3.12749pt too wide) in paragraph at lines 724--724
 @texttt select[]| 

Overfull \hbox (5.95723pt too wide) in paragraph at lines 724--725
 @texttt function[]| 
[9] [10] [11] [12] [13] [14] [15dh_installdeb -pbash-static
] [16] [17] [18] [19] [20] [21] [22] [23]
[24] [25] [26] [27]dh_gencontrol -pbash-static -- \
	'-Vglibc:Source=glibc (= 2.41-12+deb13u3), '
 [28] [29] [30] [31] [32] [33] [34] [35] [36] [37] [38]
[39] [40] [41] [42] [43] [44] [45] [46] Chapter 4 [47] [48] [49] [50] [51]
[52] [53] [54] [55] [56] [57] [58] [59] [60] [61] [62] [63] [64] [65] [66]
Overfull \hbox (38.26585pt too wide) in paragraph at lines 5233--5233
 []@texttt set [-abefhkmnptuvxBCEHPT] [-o @textttsl option-name@texttt ] [--] [
-] [@textttsl ar-gu-ment []@texttt ][] 

Overfull \hbox (38.26585pt too wide) in paragraph at lines 5234--5234
 []@texttt set [+abefhkmnptuvxBCEHPT] [+o @textttsl option-name@texttt ] [--] [
-] [@textttsl ar-gu-ment []@texttt ][] 
[67] [68] [69] [70] [71] [72]
Underfull \hbox (badness 6842) in paragraph at lines 5708--5711
 []@texttt BASH_ARGC[] @textrm and @texttt BASH_ARGV[] @textrm are up-dated as 
de-scribed
[73] [74] [75] [76] Chapter 5 [77] [78] [79] [80] [81] [82] [83] [84] [85]
[86] [87] [88] [89] Chapter 6 [90] [91] [92] [93] [94] [95] [96] [97] [98]
[99] [100] [101] [102dh_md5sums -pbash-static
] [103] [104] [105] [106] [107] [108] [109] [110] [111]
[112] Chapter 7 [113] [114] [115] [116]
(/sonic/src/bash/bash-5.2.37/lib/readline/doc/rluser.texi Chapter 8 [117]
[118] [119] [120] [121] [122] [123] [124] [125] [126] [127] [128]
Underfull \hbox (badness 7540) in paragraph at lines 868--874
 []@textrm In the ex-am-ple above, @textttsl C-u[] @textrm is bound to the func
-tion

Underfull \hbox (badness 10000) in paragraph at lines 868--874
 @texttt universal-argument[]@textrm , @textttsl M-DEL[] @textrm is bound to th
e func-tion
[129] [130] [131]
Overfull \hbox (26.43913pt too wide) in paragraph at lines 1102--1102
 []@texttt Meta-Control-h: backward-kill-word Text after the function name is i
gnored[] 
[132] [133] [134] [135] [136]dh_builddeb -pbash-static
 [137] [138] [139] [140] [141] [142] [143]
[144] [145] [146]
Overfull \hbox (15.27109pt too wide) in paragraph at lines 2127--2127
 []@texttt complete [-abcdefgjksuv] [-o @textttsl comp-option@texttt ] [-DEI] [
-A @textttsl ac-tion@texttt ] [-
[147] [148] [149] [150]dpkg-deb: building package 'bash-static' in '../bash-static_5.2.37-2_amd64.deb'.
dpkg-deb: building package 'bash-static-dbgsym' in '../bash-static-dbgsym_5.2.37-2_amd64.deb'.
 [151])
(/sonic/src/bash/bash-5.2.37/lib/readline/doc/hsuser.texi Chapter 9 [152]
[153] [154] [155] [156] [157]) Chapter 10 [158] [159] [160] [161] [162]
Underfull \hbox (badness 10000) in paragraph at lines 9393--9402
[]@textrm All of the fol-low-ing op-tions ex-cept for `@texttt alt-array-implem
entation[]@textrm '[],

Underfull \hbox (badness 10000) in paragraph at lines 9393--9402
@textrm `@texttt disabled-builtins[]@textrm '[], `@texttt direxpand-default[]@t
extrm '[], `@texttt strict-posix-default[]@textrm '[], and
[163] [164] [165] [166] Appendix A [167] Appendix B [168] [169] [170] [171]
[172]rm -f y.tab.o
gcc  -DPROGRAM='"bash"' -DCONF_HOSTTYPE='"x86_64"' -DCONF_OSTYPE='"linux-gnu"' -DCONF_MACHTYPE='"x86_64-pc-linux-gnu"' -DCONF_VENDOR='"pc"' -DLOCALEDIR='"/usr/share/locale"' -DPACKAGE='"bash"' -DSHELL -DHAVE_CONFIG_H   -I.  -I../. -I.././include -I.././lib    -Wdate-time -D_FORTIFY_SOURCE=2 -g -O2 -Werror=implicit-function-declaration -ffile-prefix-map=/sonic/src/bash/bash-5.2.37=. -fstack-protector-strong -fstack-clash-protection -Wformat -Werror=format-security -fcf-protection -Wall -c .././y.tab.c
 [173] Appendix C [174] (/sonic/src/bash/bash-5.2.37/doc/fdl.texi [175]
[176] [177] [178] [179] [180] [181]) Appendix D [182] [183]
kpathsea: Running mktexpk --mfmode / --bdpi 600 --mag 1+3/600 --dpi 603 ecrm1095
/usr/local/src/chet/src/bash/src/parse.y: In function 'read_secondary_line':
/usr/local/src/chet/src/bash/src/parse.y:2175:10: warning: unused variable 'c' [-Wunused-variable]
/usr/local/src/chet/src/bash/src/parse.y:2175:7: warning: unused variable 'n' [-Wunused-variable]
/usr/local/src/chet/src/bash/src/parse.y: In function 'parse_matched_pair':
/usr/local/src/chet/src/bash/src/parse.y:3680:18: warning: variable 'prevch' set but not used [-Wunused-but-set-variable]
/usr/local/src/chet/src/bash/src/parse.y: In function 'parse_comsub':
/usr/local/src/chet/src/bash/src/parse.y:4089:7: warning: variable 'start_lineno' set but not used [-Wunused-but-set-variable]
/usr/local/src/chet/src/bash/src/parse.y: In function 'xparse_dolparen':
/usr/local/src/chet/src/bash/src/parse.y:4256:7: warning: variable 'orig_ind' set but not used [-Wunused-but-set-variable]
/usr/local/src/chet/src/bash/src/parse.y: In function 'parse_string_to_command':
/usr/local/src/chet/src/bash/src/parse.y:4394:9: warning: unused variable 'ret' [-Wunused-variable]
/usr/local/src/chet/src/bash/src/parse.y: In function 'parse_dparen':
/usr/local/src/chet/src/bash/src/parse.y:4460:15: warning: variable 'sline' set but not used [-Wunused-but-set-variable]
/usr/local/src/chet/src/bash/src/parse.y: In function 'parse_arith_cmd':
/usr/local/src/chet/src/bash/src/parse.y:4523:7: warning: variable 'exp_lineno' set but not used [-Wunused-but-set-variable]
/usr/local/src/chet/src/bash/src/parse.y: In function 'cond_error':
/usr/local/src/chet/src/bash/src/parse.y:4578:11: warning: suggest parentheses around assignment used as truth value [-Wparentheses]
/usr/local/src/chet/src/bash/src/parse.y: In function 'cond_term':
/usr/local/src/chet/src/bash/src/parse.y:4660:8: warning: suggest parentheses around assignment used as truth value [-Wparentheses]
/usr/local/src/chet/src/bash/src/parse.y:4692:8: warning: suggest parentheses around assignment used as truth value [-Wparentheses]
/usr/local/src/chet/src/bash/src/parse.y:4743:8: warning: suggest parentheses around assignment used as truth value [-Wparentheses]
/usr/local/src/chet/src/bash/src/parse.y:4774:8: warning: suggest parentheses around assignment used as truth value [-Wparentheses]
/usr/local/src/chet/src/bash/src/parse.y:4792:16: warning: suggest parentheses around assignment used as truth value [-Wparentheses]
/usr/local/src/chet/src/bash/src/parse.y: In function 'decode_prompt_string':
/usr/local/src/chet/src/bash/src/parse.y:5721:10: warning: suggest parentheses around assignment used as truth value [-Wparentheses]
/usr/local/src/chet/src/bash/src/parse.y: In function 'error_token_from_token':
/usr/local/src/chet/src/bash/src/parse.y:6137:7: warning: suggest parentheses around assignment used as truth value [-Wparentheses]
/usr/local/src/chet/src/bash/src/parse.y:6140:7: warning: suggest parentheses around assignment used as truth value [-Wparentheses]
/usr/local/src/chet/src/bash/src/parse.y: In function 'parse_string_to_word_list':
/usr/local/src/chet/src/bash/src/parse.y:6416:7: warning: suggest parentheses around assignment used as truth value [-Wparentheses]
/usr/local/src/chet/src/bash/src/parse.y: In function 'restore_parser_state':
/usr/local/src/chet/src/bash/src/parse.y:6662:7: warning: unused variable 'i' [-Wunused-variable]
/usr/local/src/chet/src/bash/src/parse.y: At top level:
/usr/local/src/chet/src/bash/src/parse.y:6313:1: warning: 'discard_parser_constructs' defined but not used [-Wunused-function]
/usr/local/src/chet/src/bash/src/parse.y:335:14: warning: 'yyerrstream' defined but not used [-Wunused-variable]
/usr/local/src/chet/src/bash/src/parse.y:334:14: warning: 'yyoutstream' defined but not used [-Wunused-variable]
/usr/local/src/chet/src/bash/src/parse.y:315:12: warning: 'global_extglob' defined but not used [-Wunused-variable]
In file included from .././shell.h:29,
                 from /usr/local/src/chet/src/bash/src/parse.y:47:
/usr/local/src/chet/src/bash/src/parse.y: In function 'read_token_word':
.././general.h:168:58: warning: pointer 'ttok' may be used after 'free' [-Wuse-after-free]
  168 |                                   : ((a)[0] == (b)[0] && strncmp(a, b, n) == 0))
      |                                                          ^~~~~~~~~~~~~~~~
/usr/local/src/chet/src/bash/src/parse.y:5103:42: note: in expansion of macro 'STREQN'
/usr/local/src/chet/src/bash/src/parse.y:5098:5: note: call to 'free' here
.././general.h:168:41: warning: pointer 'ttok' may be used after 'free' [-Wuse-after-free]
  168 |                                   : ((a)[0] == (b)[0] && strncmp(a, b, n) == 0))
      |                                      ~~~^~~
/usr/local/src/chet/src/bash/src/parse.y:5103:42: note: in expansion of macro 'STREQN'
/usr/local/src/chet/src/bash/src/parse.y:5098:5: note: call to 'free' here
/usr/local/src/chet/src/bash/src/parse.y: In function 'parse_matched_pair':
.././general.h:168:58: warning: pointer 'nestret' may be used after 'free' [-Wuse-after-free]
  168 |                                   : ((a)[0] == (b)[0] && strncmp(a, b, n) == 0))
      |                                                          ^~~~~~~~~~~~~~~~
/usr/local/src/chet/src/bash/src/parse.y:3908:42: note: in expansion of macro 'STREQN'
/usr/local/src/chet/src/bash/src/parse.y:3902:5: note: call to 'free' here
.././general.h:168:41: warning: pointer 'nestret' may be used after 'free' [-Wuse-after-free]
  168 |                                   : ((a)[0] == (b)[0] && strncmp(a, b, n) == 0))
      |                                      ~~~^~~
/usr/local/src/chet/src/bash/src/parse.y:3908:42: note: in expansion of macro 'STREQN'
/usr/local/src/chet/src/bash/src/parse.y:3902:5: note: call to 'free' here
libfakeroot internal error: payload not recognized!
mktexpk: Running mf-nowin -progname=mf \mode:=ljfour; mag:=1+3/600; nonstopmode; input ecrm1095
This is METAFONT, Version 2.71828182 (TeX Live 2025/dev/Debian) (preloaded base=mf)

(/usr/share/texlive/texmf-dist/fonts/source/jknappen/ec/ecrm1095.mf
(/usr/share/texlive/texmf-dist/fonts/source/jknappen/ec/exbase.mf)
(/usr/share/texlive/texmf-dist/fonts/source/jknappen/ec/ecrm.mf
(/usr/share/texlive/texmf-dist/fonts/source/jknappen/ec/exroman.mf
 Ok (/usr/share/texlive/texmf-dist/fonts/source/jknappen/ec/exaccess.mf
 Ok) (/usr/share/texlive/texmf-dist/fonts/source/jknappen/ec/expseudo.mf
 Ok) (/usr/share/texlive/texmf-dist/fonts/source/jknappen/ec/exruwest.mf
 Ok [192] [193] [194] [195] [196] [197] [198] [199] [200] [201] [202] [203]
[204] [205] [206] [207] [208] [209] [210] [211] [212] [213] [214] [215]
[216] [217] [218] [219] [220] [221] [222] [223])
(/usr/share/texlive/texmf-dist/fonts/source/jknappen/ec/exrlwest.mf
 Ok [224] [225] [226] [227] [228] [229] [230] [231] [232] [233] [234] [235]
[236] [237] [238] [239] [240] [241] [242] [243] [244] [245] [246] [247]
[248] [249] [250] [251] [252] [253] [254] [255])
(/usr/share/texlive/texmf-dist/fonts/source/jknappen/ec/exrueast.mf
 Ok [128] [129] [130] [131] [132] [133] [134] [135] [136] [137] [138] [139]
[140] [141] [142] [143] [144] [145] [146] [147] [148] [149] [150] [151]
[152] [153] [154] [155] [156] [157])
(/usr/share/texlive/texmf-dist/fonts/source/jknappen/ec/exrleast.mf
 Ok [158] [160] [161] [162] [163] [164] [165] [166] [167] [168] [169] [170]
[171] [172] [173] [174] [175] [176] [177] [178] [179] [180] [181] [182]
[183] [184] [185] [186] [187] [188])
(/usr/share/texlive/texmf-dist/fonts/source/jknappen/ec/exbraces.mf
 Ok [94] [126] [23] [40] [41] [60] [124] [62] [91] [93] [92] [123] [125]
[95] [127] [32])
(/usr/share/texlive/texmf-dist/fonts/source/jknappen/ec/expunct.mf
 Ok [14] [15] [19] [20] [13] [18] [33] [39] [42] [43] [44] [46] [47] [58]
[59] [61] [96] [189] [17] [45] [16] [21] [22])
(/usr/share/texlive/texmf-dist/fonts/source/jknappen/ec/exaccent.mf
 Ok [0] [1] [2] [3] [4] [5] [6] [7] [8] [9] [10] [11] [12])
(/usr/share/texlive/texmf-dist/fonts/source/jknappen/ec/exsign.mf
 Ok [24] [34] [35] [36] [37] [64] [191] [159])
(/usr/share/texlive/texmf-dist/fonts/source/jknappen/ec/exrlig.mf
 Ok [25] [26] [28] [27] [29] [30] [31])
(/usr/share/texlive/texmf-dist/fonts/source/jknappen/ec/exromp.mf
 Ok [38] [63] [190])
(/usr/share/texlive/texmf-dist/fonts/source/jknappen/ec/exrulett.mf
 Ok [65] [66] [67] [68] [69] [70] [71] [72] [73] [74] [75] [76] [77] [78]
[79] [80] [81] [82] [83] [84] [85] [86] [87] [88] [89] [90])
(/usr/share/texlive/texmf-dist/fonts/source/jknappen/ec/exrllett.mf
 Ok [97] [98] [99] [100] [101] [102] [103] [104] [105] [106] [107] [108]
[109] [110] [111] [112] [113] [114] [115] [116] [117] [118] [119] [120]
[121] [122])
(/usr/share/texlive/texmf-dist/fonts/source/jknappen/ec/exrdigit.mf
 Ok [48] [49] [50] [51] [52] [53] [54] [55] [56] [57])
(/usr/share/texlive/texmf-dist/fonts/source/jknappen/ec/exrligtb.mf
 Ok) ) ) )
(some charht values had to be adjusted by as much as 0.07599pt)
Font metrics written on ecrm1095.tfm.
Output written on ecrm1095.603gf (256 characters, 55528 bytes).
Transcript written on ecrm1095.log.
mktexpk: /sonic/target/debs/trixie/ecrm1095.603pk: successfully generated.
 )
(see the transcript file for additional information) </sonic/target/debs/trixie
/ecrm1095.603pk></usr/share/texlive/texmf-dist/fonts/type1/public/amsfonts/cm/c
mbx12.pfb></usr/share/texlive/texmf-dist/fonts/type1/public/amsfonts/cm/cmcsc10
.pfb></usr/share/texlive/texmf-dist/fonts/type1/public/amsfonts/cm/cmr10.pfb></
usr/share/texlive/texmf-dist/fonts/type1/public/amsfonts/cm/cmr9.pfb></usr/shar
e/texlive/texmf-dist/fonts/type1/public/amsfonts/cm/cmsl10.pfb></usr/share/texl
ive/texmf-dist/fonts/type1/public/amsfonts/cm/cmsltt10.pfb></usr/share/texlive/
texmf-dist/fonts/type1/public/amsfonts/cm/cmsy10.pfb></usr/share/texlive/texmf-
dist/fonts/type1/public/amsfonts/cm/cmti10.pfb></usr/share/texlive/texmf-dist/f
onts/type1/public/amsfonts/cm/cmtt10.pfb></usr/share/texlive/texmf-dist/fonts/t
ype1/public/amsfonts/cm/cmtt12.pfb></usr/share/texlive/texmf-dist/fonts/type1/p
ublic/amsfonts/cm/cmtt9.pfb>
Output written on bashref.pdf (186 pages, 700616 bytes).
Transcript written on bashref.log.
/usr/local/src/chet/src/bash/src/parse.y: In function 'parse_comsub.constprop':
/usr/local/src/chet/src/bash/src/parse.y:4165:19: warning: 'local_extglob' may be used uninitialized [-Wmaybe-uninitialized]
/usr/local/src/chet/src/bash/src/parse.y:4089:21: note: 'local_extglob' was declared here
This is pdfTeX, Version 3.141592653-2.6-1.40.26 (TeX Live 2025/dev/Debian) (preloaded format=pdfetex)
 restricted \write18 enabled.
entering extended mode
(./../.././doc/bashref.texi (/sonic/src/bash/bash-5.2.37/doc/texinfo.tex
Loading texinfo [version 2015-11-22.14]: pdf, fonts, markup, glyphs,
page headings, tables, conditionals, indexing, sectioning, toc, environments,
defuns, macros, cross references, insertions,
(/usr/share/texlive/texmf-dist/tex/generic/epsf/epsf.tex
This is `epsf.tex' v2.7.4 <14 February 2011>
) localization, formatting, and turning on texinfo input format.)
(/sonic/src/bash/bash-5.2.37/doc/version.texi) [1{/var/lib/texmf/fonts/map/pdft
ex/updmap/pdftex.map}] [2]
(/sonic/src/bash/bash-5.2.37/build-bash/doc/bashref.toc [-1] [-2] [-3])
[-4] (/sonic/src/bash/bash-5.2.37/build-bash/doc/bashref.toc)
(/sonic/src/bash/bash-5.2.37/build-bash/doc/bashref.toc) Chapter 1
(/sonic/src/bash/bash-5.2.37/build-bash/doc/bashref.aux) Chapter 2 [1] [2]
[3] Chapter 3 [4] [5] [6] [7] [8]
Overfull \hbox (3.12749pt too wide) in paragraph at lines 723--724
 @texttt coproc[]| 

Overfull \hbox (3.12749pt too wide) in paragraph at lines 724--724
 @texttt select[]| 

Overfull \hbox (5.95723pt too wide) in paragraph at lines 724--725
 @texttt function[]| 
[9] [10] [11] [12] [13] [14] [15] [16] [17] [18] [19] [20] [21] [22] [23]
[24] [25] [26] [27] [28] [29] [30] [31] [32] [33] [34] [35] [36] [37] [38]
[39] [40] [41] [42] [43] [44] [45] [46] Chapter 4 [47] [48] [49] [50] [51]
[52] [53] [54] [55] [56] [57] [58] [59] [60] [61] [62] [63] [64] [65] [66]
Overfull \hbox (38.26585pt too wide) in paragraph at lines 5233--5233
 []@texttt set [-abefhkmnptuvxBCEHPT] [-o @textttsl option-name@texttt ] [--] [
-] [@textttsl ar-gu-ment []@texttt ][] 

Overfull \hbox (38.26585pt too wide) in paragraph at lines 5234--5234
 []@texttt set [+abefhkmnptuvxBCEHPT] [+o @textttsl option-name@texttt ] [--] [
-] [@textttsl ar-gu-ment []@texttt ][] 
[67] [68] [69] [70] [71] [72] [73] [74] [75] [76] Chapter 5 [77] [78] [79]
[80] [81] [82] [83] [84] [85] [86] [87] [88] [89] Chapter 6 [90] [91] [92]
[93] [94] [95] [96] [97] [98] [99] [100] [101] [102] [103] [104] [105] [106]
[107] [108] [109] [110] [111] Chapter 7 [112] [113] [114] [115]
(/sonic/src/bash/bash-5.2.37/lib/readline/doc/rluser.texi Chapter 8 [116]
[117] [118] [119] [120] [121] [122] [123] [124] [125] [126] [127]
Underfull \hbox (badness 7540) in paragraph at lines 868--874
 []@textrm In the ex-am-ple above, @textttsl C-u[] @textrm is bound to the func
-tion

Underfull \hbox (badness 10000) in paragraph at lines 868--874
 @texttt universal-argument[]@textrm , @textttsl M-DEL[] @textrm is bound to th
e func-tion
[128] [129] [130]
Overfull \hbox (26.43913pt too wide) in paragraph at lines 1102--1102
 []@texttt Meta-Control-h: backward-kill-word Text after the function name is i
gnored[] 
[131] [132] [133] [134] [135] [136] [137] [138] [139] [140] [141] [142]
[143] [144] [145]
Overfull \hbox (15.27109pt too wide) in paragraph at lines 2127--2127
 []@texttt complete [-abcdefgjksuv] [-o @textttsl comp-option@texttt ] [-DEI] [
-A @textttsl ac-tion@texttt ] [-
[146] [147] [148] [149] [150])
(/sonic/src/bash/bash-5.2.37/lib/readline/doc/hsuser.texi Chapter 9 [151]
[152] [153] [154] [155] [156]) Chapter 10 [157] [158] [159] [160] [161]
Underfull \hbox (badness 10000) in paragraph at lines 9393--9402
[]@textrm All of the fol-low-ing op-tions ex-cept for `@texttt alt-array-implem
entation[]@textrm '[],

Underfull \hbox (badness 10000) in paragraph at lines 9393--9402
@textrm `@texttt disabled-builtins[]@textrm '[], `@texttt direxpand-default[]@t
extrm '[], `@texttt strict-posix-default[]@textrm '[], and
[162] [163] [164] [165] Appendix A [166] Appendix B [167] [168] [169] [170]
[171] [172] Appendix C [173] (/sonic/src/bash/bash-5.2.37/doc/fdl.texi [174]
[175] [176] [177] [178] [179] [180]) Appendix D [181] [182] [183] [184]
[185] [186] [187] [188] [189] [190]
kpathsea: Running mktexpk --mfmode / --bdpi 600 --mag 0+583/600 --dpi 583 ecrm1440
mktexpk: Running mf-nowin -progname=mf \mode:=ljfour; mag:=0+583/600; nonstopmode; input ecrm1440
rm -f bash
This is METAFONT, Version 2.71828182 (TeX Live 2025/dev/Debian) (preloaded base=mf)

(/usr/share/texlive/texmf-dist/fonts/source/jknappen/ec/ecrm1440.mf
(/usr/share/texlive/texmf-dist/fonts/source/jknappen/ec/exbase.mf)gcc -L./builtins -L./lib/readline -L./lib/readline -L./lib/glob -L./lib/tilde  -L./lib/sh  -Wl,-z,relro -Wl,-z,now -rdynamic -g -O2 -Werror=implicit-function-declaration -ffile-prefix-map=/sonic/src/bash/bash-5.2.37=. -fstack-protector-strong -fstack-clash-protection -Wformat -Werror=format-security -fcf-protection -Wall   -o bash shell.o eval.o y.tab.o general.o make_cmd.o print_cmd.o  dispose_cmd.o execute_cmd.o variables.o copy_cmd.o error.o expr.o flags.o jobs.o subst.o hashcmd.o hashlib.o mailcheck.o trap.o input.o unwind_prot.o pathexp.o sig.o test.o version.o alias.o array.o arrayfunc.o assoc.o braces.o bracecomp.o bashhist.o bashline.o  list.o stringlib.o locale.o findcmd.o redir.o pcomplete.o pcomplib.o syntax.o xmalloc.o plugin.o  -lbuiltins -lglob -lsh -lreadline -lhistory -ltermcap -ltilde     -ldl -ldl 

(/usr/share/texlive/texmf-dist/fonts/source/jknappen/ec/ecrm.mf
(/usr/share/texlive/texmf-dist/fonts/source/jknappen/ec/exroman.mf
 Ok (/usr/share/texlive/texmf-dist/fonts/source/jknappen/ec/exaccess.mf
 Ok) (/usr/share/texlive/texmf-dist/fonts/source/jknappen/ec/expseudo.mf
 Ok) (/usr/share/texlive/texmf-dist/fonts/source/jknappen/ec/exruwest.mf
 Ok [192] [193] [194] [195] [196] [197] [198] [199] [200] [201] [202] [203]
[204] [205] [206] [207] [208] [209] [210] [211] [212] [213] [214] [215]
[216]/usr/bin/ld: ./lib/sh/libsh.a(tmpfile.o): in function `sh_mktmpname':
./build-bash/lib/sh/../../.././lib/sh/tmpfile.c:160:(.text+0x172): warning: the use of `mktemp' is dangerous, better use `mkstemp' or `mkdtemp'
 [217] [218] [219] [220] [221] [222] [223])
(/usr/share/texlive/texmf-dist/fonts/source/jknappen/ec/exrlwest.mf
 Ok [224] [225] [226] [227] [228] [229] [230] [231] [232] [233] [234] [235]
[236] [237] [238] [239] [240] [241] [242] [243] [244] [245] [246] [247]
[248] [249] [250] [251] [252] [253] [254] [255])
(/usr/share/texlive/texmf-dist/fonts/source/jknappen/ec/exrueast.mf
 Ok [128] [129] [130] [131] [132] [133] [134] [135] [136] [137] [138] [139]
[140] [141] [142] [143] [144] [145] [146] [147] [148] [149] [150] [151]
[152] [153] [154] [155] [156] [157])
(/usr/share/texlive/texmf-dist/fonts/source/jknappen/ec/exrleast.mf
 Ok [158] [160] [161] [162] [163] [164] [165] [166] [167] [168] [169] [170]
[171] [172] [173] [174] [175] [176] [177] [178] [179] [180] [181] [182]
[183] [184] [185] [186] [187] [188])
(/usr/share/texlive/texmf-dist/fonts/source/jknappen/ec/exbraces.mf
 Ok [94] [126] [23] [40] [41] [60]ls -l bash
 [124] [62] [91] [93] [92] [123] [125]
[95] [127] [32])
(/usr/share/texlive/texmf-dist/fonts/source/jknappen/ec/expunct.mf
 Ok [14] [15] [19]-rwxr-xr-x 1 root root 4576856 Sep  1 22:05 bash
 [20]size bash
 [13] [18] [33] [39] [42] [43] [44] [46] [47] [58]
[59] [61] [96] [189] [17] [45] [16] [21] [22])
(/usr/share/texlive/texmf-dist/fonts/source/jknappen/ec/exaccent.mf   text	   data	    bss	    dec	    hex	filename
1246570	  48404	  45152	1340126	 1472de	bash

 Ok [0] [1] [2] [3] [4] [5] [6] [7] [8] [9] [10] [11] [12])
(/usr/share/texlive/texmf-dist/fonts/source/jknappen/ec/exsign.mf
 Ok [24] [34] [35] [36] [37] [64] [191] [159])
(/usr/share/texlive/texmf-dist/fonts/source/jknappen/ec/exrlig.mf
 Ok [25] [26] [28] [27]/usr/bin/install -c -m 0755 bash /sonic/src/bash/bash-5.2.37/debian/bash/usr/bin/bash
 [29] [30] [31])
(/usr/share/texlive/texmf-dist/fonts/source/jknappen/ec/exromp.mf/usr/bin/install -c -m 0555 bashbug /sonic/src/bash/bash-5.2.37/debian/bash/usr/bin/bashbug

 Ok [38] [63] [190])
(/usr/share/texlive/texmf-dist/fonts/source/jknappen/ec/exrulett.mf
 Ok [65]/usr/bin/install -c -m 644 .././CHANGES .././COMPAT .././NEWS .././POSIX .././RBASH .././README /sonic/src/bash/bash-5.2.37/debian/bash/usr/share/doc/bash
 [66] [67] [68] [69] [70] [71]( cd ./doc ; /usr/bin/make -j192 --jobserver-auth=fifo:/tmp/GMfifo77659 \
	man1dir=/usr/share/man/man1 man1ext=.1 \
	man3dir=/usr/share/man/man3 man3ext=.3 \
	infodir=/usr/share/info htmldir=/usr/share/doc/bash DESTDIR=/sonic/src/bash/bash-5.2.37/debian/bash install )
 [72] [73] [74] [75] [76] [77] [78]make[4]: Entering directory '/sonic/src/bash/bash-5.2.37/build-bash/doc'

[79]make[4]: warning: -j192 forced in submake: resetting jobserver mode.
 [80] [81] [82]/bin/sh ../.././support/mkinstalldirs /sonic/src/bash/bash-5.2.37/debian/bash/usr/share/man/man1
 [83] [84] [85] [86]/bin/sh ../.././support/mkinstalldirs /sonic/src/bash/bash-5.2.37/debian/bash/usr/share/info
 [87] [88]/bin/sh ../.././support/mkinstalldirs /sonic/src/bash/bash-5.2.37/debian/bash/usr/share/doc/bash
 [89] [90])
(/usr/share/texlive/texmf-dist/fonts/source/jknappen/ec/exrllett.mf
 Ok [97]if test -n "/usr/share/doc/bash" ; then \
	/bin/sh ../.././support/mkinstalldirs /sonic/src/bash/bash-5.2.37/debian/bash/usr/share/doc/bash ; \
fi
 [98] [99] [100] [101] [102] [103] [104] [105] [106]/usr/bin/install -c -m 644 ../.././doc/bash.1 /sonic/src/bash/bash-5.2.37/debian/bash/usr/share/man/man1/bash.1
 [107] [108]
[109] [110] [111]/usr/bin/install -c -m 644 ../.././doc/bashbug.1 /sonic/src/bash/bash-5.2.37/debian/bash/usr/share/man/man1/bashbug.1
 [112] [113] [114] [115] [116] [117]/usr/bin/install -c -m 644 ../.././doc/FAQ ../.././doc/INTRO /sonic/src/bash/bash-5.2.37/debian/bash/usr/share/doc/bash
 [118]install: cannot stat '../.././doc/FAQ': No such file or directory
 [119]make[4]: [Makefile:255: install] Error 1 (ignored)
if test -f bash.info; then d=.; else d=../.././doc; fi; \
  /usr/bin/install -c -m 644 $d/bash.info /sonic/src/bash/bash-5.2.37/debian/bash/usr/share/info/bash.info
 [120]
[121] [122])
(/usr/share/texlive/texmf-dist/fonts/source/jknappen/ec/exrdigit.mf
 Ok [48] [49] [50] [51] [52] [53] [54] [55] [56] [57])
(/usr/share/texlive/texmf-dist/fonts/source/jknappen/ec/exrligtb.mf
 Ok) ) ) )
(some charht values had to be adjusted by as much as 0.08084pt)
Font metrics written on ecrm1440.tfm.
Output written on ecrm1440.583gf (256 characters, 69360 bytes).
Transcript written on ecrm1440.log.
if /bin/sh -c 'install-info --version' >/dev/null 2>&1; then \
	install-info --dir-file=/sonic/src/bash/bash-5.2.37/debian/bash/usr/share/info/dir /sonic/src/bash/bash-5.2.37/debian/bash/usr/share/info/bash.info; \
else true; fi
if test -n "/usr/share/doc/bash" ; then \
	/usr/bin/install -c -m 644 ../.././doc/bash.html /sonic/src/bash/bash-5.2.37/debian/bash/usr/share/doc/bash ; \
	/usr/bin/install -c -m 644 ../.././doc/bashref.html /sonic/src/bash/bash-5.2.37/debian/bash/usr/share/doc/bash ; \
fi
install: cannot stat '../.././doc/bash.html': No such file or directory
install: cannot stat '../.././doc/bashref.html': No such file or directory
make[4]: [Makefile:258: install] Error 1 (ignored)
make[4]: Leaving directory '/sonic/src/bash/bash-5.2.37/build-bash/doc'
( cd ./builtins ; /usr/bin/make -j192 --jobserver-auth=fifo:/tmp/GMfifo77659 DESTDIR=/sonic/src/bash/bash-5.2.37/debian/bash install )
make[4]: Entering directory '/sonic/src/bash/bash-5.2.37/build-bash/builtins'
make[4]: warning: -j192 forced in submake: resetting jobserver mode.
make[4]: Nothing to be done for 'install'.
make[4]: Leaving directory '/sonic/src/bash/bash-5.2.37/build-bash/builtins'
( cd ./po/ ; /usr/bin/make -j192 --jobserver-auth=fifo:/tmp/GMfifo77659 DESTDIR=/sonic/src/bash/bash-5.2.37/debian/bash install )
make[4]: Entering directory '/sonic/src/bash/bash-5.2.37/build-bash/po'
make[4]: warning: -j192 forced in submake: resetting jobserver mode.
test -z "en@quot.gmo en@boldquot.gmo af.gmo bg.gmo ca.gmo cs.gmo da.gmo de.gmo el.gmo eo.gmo es.gmo et.gmo fi.gmo fr.gmo ga.gmo gl.gmo hr.gmo hu.gmo id.gmo it.gmo ja.gmo ko.gmo lt.gmo nb.gmo nl.gmo pl.gmo pt.gmo pt_BR.gmo ro.gmo ru.gmo sk.gmo sl.gmo sr.gmo sv.gmo tr.gmo uk.gmo vi.gmo zh_CN.gmo zh_TW.gmo" || /usr/bin/make en@quot.gmo en@boldquot.gmo af.gmo bg.gmo ca.gmo cs.gmo da.gmo de.gmo el.gmo eo.gmo es.gmo et.gmo fi.gmo fr.gmo ga.gmo gl.gmo hr.gmo hu.gmo id.gmo it.gmo ja.gmo ko.gmo lt.gmo nb.gmo nl.gmo pl.gmo pt.gmo pt_BR.gmo ro.gmo ru.gmo sk.gmo sl.gmo sr.gmo sv.gmo tr.gmo uk.gmo vi.gmo zh_CN.gmo zh_TW.gmo
touch stamp-po
/bin/sh ../.././support/mkinstalldirs /sonic/src/bash/bash-5.2.37/debian/bash/usr/share
mktexpk: /sonic/target/debs/trixie/ecrm1440.583pk: successfully generated.
libfakeroot internal error: payload not recognized!
 )
(see the transcript file for additional information) </sonic/target/debs/trixie
/ecrm1440.583pk>
kpathsea: Running mktexpk --mfmode / --bdpi 600 --mag 1+3/600 --dpi 603 ecrm1095
installing ../.././po/en@quot.gmo as /sonic/src/bash/bash-5.2.37/debian/bash/usr/share/locale/en@quot/LC_MESSAGES/bash.mo
libfakeroot internal error: payload not recognized!
installing ../.././po/en@boldquot.gmo as /sonic/src/bash/bash-5.2.37/debian/bash/usr/share/locale/en@boldquot/LC_MESSAGES/bash.mo
installing ../.././po/af.gmo as /sonic/src/bash/bash-5.2.37/debian/bash/usr/share/locale/af/LC_MESSAGES/bash.mo
installing ../.././po/bg.gmo as /sonic/src/bash/bash-5.2.37/debian/bash/usr/share/locale/bg/LC_MESSAGES/bash.mo
installing ../.././po/ca.gmo as /sonic/src/bash/bash-5.2.37/debian/bash/usr/share/locale/ca/LC_MESSAGES/bash.mo
installing ../.././po/cs.gmo as /sonic/src/bash/bash-5.2.37/debian/bash/usr/share/locale/cs/LC_MESSAGES/bash.mo
installing ../.././po/da.gmo as /sonic/src/bash/bash-5.2.37/debian/bash/usr/share/locale/da/LC_MESSAGES/bash.mo
installing ../.././po/de.gmo as /sonic/src/bash/bash-5.2.37/debian/bash/usr/share/locale/de/LC_MESSAGES/bash.mo
installing ../.././po/el.gmo as /sonic/src/bash/bash-5.2.37/debian/bash/usr/share/locale/el/LC_MESSAGES/bash.mo
installing ../.././po/eo.gmo as /sonic/src/bash/bash-5.2.37/debian/bash/usr/share/locale/eo/LC_MESSAGES/bash.mo
installing ../.././po/es.gmo as /sonic/src/bash/bash-5.2.37/debian/bash/usr/share/locale/es/LC_MESSAGES/bash.mo
installing ../.././po/et.gmo as /sonic/src/bash/bash-5.2.37/debian/bash/usr/share/locale/et/LC_MESSAGES/bash.mo
installing ../.././po/fi.gmo as /sonic/src/bash/bash-5.2.37/debian/bash/usr/share/locale/fi/LC_MESSAGES/bash.mo
installing ../.././po/fr.gmo as /sonic/src/bash/bash-5.2.37/debian/bash/usr/share/locale/fr/LC_MESSAGES/bash.mo
installing ../.././po/ga.gmo as /sonic/src/bash/bash-5.2.37/debian/bash/usr/share/locale/ga/LC_MESSAGES/bash.mo
installing ../.././po/gl.gmo as /sonic/src/bash/bash-5.2.37/debian/bash/usr/share/locale/gl/LC_MESSAGES/bash.mo
installing ../.././po/hr.gmo as /sonic/src/bash/bash-5.2.37/debian/bash/usr/share/locale/hr/LC_MESSAGES/bash.mo
installing ../.././po/hu.gmo as /sonic/src/bash/bash-5.2.37/debian/bash/usr/share/locale/hu/LC_MESSAGES/bash.mo
installing ../.././po/id.gmo as /sonic/src/bash/bash-5.2.37/debian/bash/usr/share/locale/id/LC_MESSAGES/bash.mo
installing ../.././po/it.gmo as /sonic/src/bash/bash-5.2.37/debian/bash/usr/share/locale/it/LC_MESSAGES/bash.mo
installing ../.././po/ja.gmo as /sonic/src/bash/bash-5.2.37/debian/bash/usr/share/locale/ja/LC_MESSAGES/bash.mo
installing ../.././po/ko.gmo as /sonic/src/bash/bash-5.2.37/debian/bash/usr/share/locale/ko/LC_MESSAGES/bash.mo
installing ../.././po/lt.gmo as /sonic/src/bash/bash-5.2.37/debian/bash/usr/share/locale/lt/LC_MESSAGES/bash.mo
installing ../.././po/nb.gmo as /sonic/src/bash/bash-5.2.37/debian/bash/usr/share/locale/nb/LC_MESSAGES/bash.mo
installing ../.././po/nl.gmo as /sonic/src/bash/bash-5.2.37/debian/bash/usr/share/locale/nl/LC_MESSAGES/bash.mo
installing ../.././po/pl.gmo as /sonic/src/bash/bash-5.2.37/debian/bash/usr/share/locale/pl/LC_MESSAGES/bash.mo
installing ../.././po/pt.gmo as /sonic/src/bash/bash-5.2.37/debian/bash/usr/share/locale/pt/LC_MESSAGES/bash.mo
installing ../.././po/pt_BR.gmo as /sonic/src/bash/bash-5.2.37/debian/bash/usr/share/locale/pt_BR/LC_MESSAGES/bash.mo
installing ../.././po/ro.gmo as /sonic/src/bash/bash-5.2.37/debian/bash/usr/share/locale/ro/LC_MESSAGES/bash.mo
installing ../.././po/ru.gmo as /sonic/src/bash/bash-5.2.37/debian/bash/usr/share/locale/ru/LC_MESSAGES/bash.mo
installing ../.././po/sk.gmo as /sonic/src/bash/bash-5.2.37/debian/bash/usr/share/locale/sk/LC_MESSAGES/bash.mo
installing ../.././po/sl.gmo as /sonic/src/bash/bash-5.2.37/debian/bash/usr/share/locale/sl/LC_MESSAGES/bash.mo
installing ../.././po/sr.gmo as /sonic/src/bash/bash-5.2.37/debian/bash/usr/share/locale/sr/LC_MESSAGES/bash.mo
mktexpk: /sonic/target/debs/trixie/ecrm1095.603pk already exists.
libfakeroot internal error: payload not recognized!
installing ../.././po/sv.gmo as /sonic/src/bash/bash-5.2.37/debian/bash/usr/share/locale/sv/LC_MESSAGES/bash.mo
installing ../.././po/tr.gmo as /sonic/src/bash/bash-5.2.37/debian/bash/usr/share/locale/tr/LC_MESSAGES/bash.mo
libfakeroot internal error: payload not recognized!
installing ../.././po/uk.gmo as /sonic/src/bash/bash-5.2.37/debian/bash/usr/share/locale/uk/LC_MESSAGES/bash.mo
installing ../.././po/vi.gmo as /sonic/src/bash/bash-5.2.37/debian/bash/usr/share/locale/vi/LC_MESSAGES/bash.mo
 </sonic/target/debs/trixie/ecrm1095.603pk></usr/share/texlive/
texmf-dist/fonts/type1/public/amsfonts/cm/cmbx12.pfb></usr/share/texlive/texmf-
dist/fonts/type1/public/amsfonts/cm/cmcsc10.pfb></usr/share/texlive/texmf-dist/
fonts/type1/public/amsfonts/cm/cmmi10.pfb></usr/share/texlive/texmf-dist/fonts/
type1/public/amsfonts/cm/cmmi12.pfb></usr/share/texlive/texmf-dist/fonts/type1/
public/amsfonts/cm/cmmi9.pfb></usr/share/texlive/texmf-dist/fonts/type1/public/
amsfonts/cm/cmr10.pfb>installing ../.././po/zh_CN.gmo as /sonic/src/bash/bash-5.2.37/debian/bash/usr/share/locale/zh_CN/LC_MESSAGES/bash.mo
</usr/share/texlive/texmf-dist/fonts/type1/public/amsfont
s/cm/cmr9.pfb></usr/share/texlive/texmf-dist/fonts/type1/public/amsfonts/cm/cms
l10.pfb></usr/share/texlive/texmf-dist/fonts/type1/public/amsfonts/cm/cmsltt10.
pfb></usr/share/texlive/texmf-dist/fonts/type1/public/amsfonts/cm/cmsy10.pfb></
usr/share/texlive/texmf-dist/fonts/type1/public/amsfonts/cm/cmti10.pfb></usr/sh
are/texlive/texmf-dist/fonts/type1/public/amsfonts/cm/cmtt10.pfb>installing ../.././po/zh_TW.gmo as /sonic/src/bash/bash-5.2.37/debian/bash/usr/share/locale/zh_TW/LC_MESSAGES/bash.mo
</usr/share/te
xlive/texmf-dist/fonts/type1/public/amsfonts/cm/cmtt12.pfb></usr/share/texlive/
texmf-dist/fonts/type1/public/amsfonts/cm/cmtt9.pfbif test "bash" = "gettext-tools"; then \
  /bin/sh ../.././support/mkinstalldirs /sonic/src/bash/bash-5.2.37/debian/bash/usr/share/gettext/po; \
  for file in Makefile.in.in remove-potcdate.sin quot.sed boldquot.sed en@quot.header en@boldquot.header insert-header.sin Rules-quot   Makevars.template; do \
    /usr/bin/install -c -m 644 ../.././po/$file \
		    /sonic/src/bash/bash-5.2.37/debian/bash/usr/share/gettext/po/$file; \
  done; \
  for file in Makevars; do \
    rm -f /sonic/src/bash/bash-5.2.37/debian/bash/usr/share/gettext/po/$file; \
  done; \
else \
  : ; \
fi
>make[4]: Leaving directory '/sonic/src/bash/bash-5.2.37/build-bash/po'
( cd /sonic/src/bash/bash-5.2.37/build-bash/examples/loadables && /usr/bin/make -j192 --jobserver-auth=fifo:/tmp/GMfifo77659 DESTDIR=/sonic/src/bash/bash-5.2.37/debian/bash install )
make[4]: Entering directory '/sonic/src/bash/bash-5.2.37/build-bash/examples/loadables'
make[4]: warning: -j192 forced in submake: resetting jobserver mode.
gcc -fPIC -DHAVE_CONFIG_H -DSHELL  -Wdate-time -D_FORTIFY_SOURCE=2 -g -O2 -Werror=implicit-function-declaration -ffile-prefix-map=/sonic/src/bash/bash-5.2.37=. -fstack-protector-strong -fstack-clash-protection -Wformat -Werror=format-security -fcf-protection -Wall  -I. -I.. -I../../../. -I../../.././lib -I../../.././builtins -I../../.././examples/loadables -I../../.././include -I/sonic/src/bash/bash-5.2.37/build-bash -I/sonic/src/bash/bash-5.2.37/build-bash/lib -I/sonic/src/bash/bash-5.2.37/build-bash/builtins  -c -o print.o ../../.././examples/loadables/print.c
gcc -fPIC -DHAVE_CONFIG_H -DSHELL  -Wdate-time -D_FORTIFY_SOURCE=2 -g -O2 -Werror=implicit-function-declaration -ffile-prefix-map=/sonic/src/bash/bash-5.2.37=. -fstack-protector-strong -fstack-clash-protection -Wformat -Werror=format-security -fcf-protection -Wall  -I. -I.. -I../../../. -I../../.././lib -I../../.././builtins -I../../.././examples/loadables -I../../.././include -I/sonic/src/bash/bash-5.2.37/build-bash -I/sonic/src/bash/bash-5.2.37/build-bash/lib -I/sonic/src/bash/bash-5.2.37/build-bash/builtins  -c -o truefalse.o ../../.././examples/loadables/truefalse.c
gcc -fPIC -DHAVE_CONFIG_H -DSHELL  -Wdate-time -D_FORTIFY_SOURCE=2 -g -O2 -Werror=implicit-function-declaration -ffile-prefix-map=/sonic/src/bash/bash-5.2.37=. -fstack-protector-strong -fstack-clash-protection -Wformat -Werror=format-security -fcf-protection -Wall  -I. -I.. -I../../../. -I../../.././lib -I../../.././builtins -I../../.././examples/loadables -I../../.././include -I/sonic/src/bash/bash-5.2.37/build-bash -I/sonic/src/bash/bash-5.2.37/build-bash/lib -I/sonic/src/bash/bash-5.2.37/build-bash/builtins  -c -o sleep.o ../../.././examples/loadables/sleep.c
gcc -fPIC -DHAVE_CONFIG_H -DSHELL  -Wdate-time -D_FORTIFY_SOURCE=2 -g -O2 -Werror=implicit-function-declaration -ffile-prefix-map=/sonic/src/bash/bash-5.2.37=. -fstack-protector-strong -fstack-clash-protection -Wformat -Werror=format-security -fcf-protection -Wall  -I. -I.. -I../../../. -I../../.././lib -I../../.././builtins -I../../.././examples/loadables -I../../.././include -I/sonic/src/bash/bash-5.2.37/build-bash -I/sonic/src/bash/bash-5.2.37/build-bash/lib -I/sonic/src/bash/bash-5.2.37/build-bash/builtins  -c -o finfo.o ../../.././examples/loadables/finfo.c
gcc -fPIC -DHAVE_CONFIG_H -DSHELL  -Wdate-time -D_FORTIFY_SOURCE=2 -g -O2 -Werror=implicit-function-declaration -ffile-prefix-map=/sonic/src/bash/bash-5.2.37=. -fstack-protector-strong -fstack-clash-protection -Wformat -Werror=format-security -fcf-protection -Wall  -I. -I.. -I../../../. -I../../.././lib -I../../.././builtins -I../../.././examples/loadables -I../../.././include -I/sonic/src/bash/bash-5.2.37/build-bash -I/sonic/src/bash/bash-5.2.37/build-bash/lib -I/sonic/src/bash/bash-5.2.37/build-bash/builtins  -c -o logname.o ../../.././examples/loadables/logname.c
gcc -fPIC -DHAVE_CONFIG_H -DSHELL  -Wdate-time -D_FORTIFY_SOURCE=2 -g -O2 -Werror=implicit-function-declaration -ffile-prefix-map=/sonic/src/bash/bash-5.2.37=. -fstack-protector-strong -fstack-clash-protection -Wformat -Werror=format-security -fcf-protection -Wall  -I. -I.. -I../../../. -I../../.././lib -I../../.././builtins -I../../.././examples/loadables -I../../.././include -I/sonic/src/bash/bash-5.2.37/build-bash -I/sonic/src/bash/bash-5.2.37/build-bash/lib -I/sonic/src/bash/bash-5.2.37/build-bash/builtins  -c -o basename.o ../../.././examples/loadables/basename.c

Output written on bashref.pdf (196 pages, 787360 bytes).
Transcript written on bashref.log.
gcc -fPIC -DHAVE_CONFIG_H -DSHELL  -Wdate-time -D_FORTIFY_SOURCE=2 -g -O2 -Werror=implicit-function-declaration -ffile-prefix-map=/sonic/src/bash/bash-5.2.37=. -fstack-protector-strong -fstack-clash-protection -Wformat -Werror=format-security -fcf-protection -Wall  -I. -I.. -I../../../. -I../../.././lib -I../../.././builtins -I../../.././examples/loadables -I../../.././include -I/sonic/src/bash/bash-5.2.37/build-bash -I/sonic/src/bash/bash-5.2.37/build-bash/lib -I/sonic/src/bash/bash-5.2.37/build-bash/builtins  -c -o dirname.o ../../.././examples/loadables/dirname.c
gcc -fPIC -DHAVE_CONFIG_H -DSHELL  -Wdate-time -D_FORTIFY_SOURCE=2 -g -O2 -Werror=implicit-function-declaration -ffile-prefix-map=/sonic/src/bash/bash-5.2.37=. -fstack-protector-strong -fstack-clash-protection -Wformat -Werror=format-security -fcf-protection -Wall  -I. -I.. -I../../../. -I../../.././lib -I../../.././builtins -I../../.././examples/loadables -I../../.././include -I/sonic/src/bash/bash-5.2.37/build-bash -I/sonic/src/bash/bash-5.2.37/build-bash/lib -I/sonic/src/bash/bash-5.2.37/build-bash/builtins  -c -o fdflags.o ../../.././examples/loadables/fdflags.c
gcc -fPIC -DHAVE_CONFIG_H -DSHELL  -Wdate-time -D_FORTIFY_SOURCE=2 -g -O2 -Werror=implicit-function-declaration -ffile-prefix-map=/sonic/src/bash/bash-5.2.37=. -fstack-protector-strong -fstack-clash-protection -Wformat -Werror=format-security -fcf-protection -Wall  -I. -I.. -I../../../. -I../../.././lib -I../../.././builtins -I../../.././examples/loadables -I../../.././include -I/sonic/src/bash/bash-5.2.37/build-bash -I/sonic/src/bash/bash-5.2.37/build-bash/lib -I/sonic/src/bash/bash-5.2.37/build-bash/builtins  -c -o tty.o ../../.././examples/loadables/tty.c
gcc -fPIC -DHAVE_CONFIG_H -DSHELL  -Wdate-time -D_FORTIFY_SOURCE=2 -g -O2 -Werror=implicit-function-declaration -ffile-prefix-map=/sonic/src/bash/bash-5.2.37=. -fstack-protector-strong -fstack-clash-protection -Wformat -Werror=format-security -fcf-protection -Wall  -I. -I.. -I../../../. -I../../.././lib -I../../.././builtins -I../../.././examples/loadables -I../../.././include -I/sonic/src/bash/bash-5.2.37/build-bash -I/sonic/src/bash/bash-5.2.37/build-bash/lib -I/sonic/src/bash/bash-5.2.37/build-bash/builtins  -c -o pathchk.o ../../.././examples/loadables/pathchk.c
gcc -fPIC -DHAVE_CONFIG_H -DSHELL  -Wdate-time -D_FORTIFY_SOURCE=2 -g -O2 -Werror=implicit-function-declaration -ffile-prefix-map=/sonic/src/bash/bash-5.2.37=. -fstack-protector-strong -fstack-clash-protection -Wformat -Werror=format-security -fcf-protection -Wall  -I. -I.. -I../../../. -I../../.././lib -I../../.././builtins -I../../.././examples/loadables -I../../.././include -I/sonic/src/bash/bash-5.2.37/build-bash -I/sonic/src/bash/bash-5.2.37/build-bash/lib -I/sonic/src/bash/bash-5.2.37/build-bash/builtins  -c -o tee.o ../../.././examples/loadables/tee.c
gcc -fPIC -DHAVE_CONFIG_H -DSHELL  -Wdate-time -D_FORTIFY_SOURCE=2 -g -O2 -Werror=implicit-function-declaration -ffile-prefix-map=/sonic/src/bash/bash-5.2.37=. -fstack-protector-strong -fstack-clash-protection -Wformat -Werror=format-security -fcf-protection -Wall  -I. -I.. -I../../../. -I../../.././lib -I../../.././builtins -I../../.././examples/loadables -I../../.././include -I/sonic/src/bash/bash-5.2.37/build-bash -I/sonic/src/bash/bash-5.2.37/build-bash/lib -I/sonic/src/bash/bash-5.2.37/build-bash/builtins  -c -o head.o ../../.././examples/loadables/head.c
gcc -fPIC -DHAVE_CONFIG_H -DSHELL  -Wdate-time -D_FORTIFY_SOURCE=2 -g -O2 -Werror=implicit-function-declaration -ffile-prefix-map=/sonic/src/bash/bash-5.2.37=. -fstack-protector-strong -fstack-clash-protection -Wformat -Werror=format-security -fcf-protection -Wall  -I. -I.. -I../../../. -I../../.././lib -I../../.././builtins -I../../.././examples/loadables -I../../.././include -I/sonic/src/bash/bash-5.2.37/build-bash -I/sonic/src/bash/bash-5.2.37/build-bash/lib -I/sonic/src/bash/bash-5.2.37/build-bash/builtins  -c -o mkdir.o ../../.././examples/loadables/mkdir.c
gcc -fPIC -DHAVE_CONFIG_H -DSHELL  -Wdate-time -D_FORTIFY_SOURCE=2 -g -O2 -Werror=implicit-function-declaration -ffile-prefix-map=/sonic/src/bash/bash-5.2.37=. -fstack-protector-strong -fstack-clash-protection -Wformat -Werror=format-security -fcf-protection -Wall  -I. -I.. -I../../../. -I../../.././lib -I../../.././builtins -I../../.././examples/loadables -I../../.././include -I/sonic/src/bash/bash-5.2.37/build-bash -I/sonic/src/bash/bash-5.2.37/build-bash/lib -I/sonic/src/bash/bash-5.2.37/build-bash/builtins  -c -o rmdir.o ../../.././examples/loadables/rmdir.c
gcc -fPIC -DHAVE_CONFIG_H -DSHELL  -Wdate-time -D_FORTIFY_SOURCE=2 -g -O2 -Werror=implicit-function-declaration -ffile-prefix-map=/sonic/src/bash/bash-5.2.37=. -fstack-protector-strong -fstack-clash-protection -Wformat -Werror=format-security -fcf-protection -Wall  -I. -I.. -I../../../. -I../../.././lib -I../../.././builtins -I../../.././examples/loadables -I../../.././include -I/sonic/src/bash/bash-5.2.37/build-bash -I/sonic/src/bash/bash-5.2.37/build-bash/lib -I/sonic/src/bash/bash-5.2.37/build-bash/builtins  -c -o mkfifo.o ../../.././examples/loadables/mkfifo.c
gcc -fPIC -DHAVE_CONFIG_H -DSHELL  -Wdate-time -D_FORTIFY_SOURCE=2 -g -O2 -Werror=implicit-function-declaration -ffile-prefix-map=/sonic/src/bash/bash-5.2.37=. -fstack-protector-strong -fstack-clash-protection -Wformat -Werror=format-security -fcf-protection -Wall  -I. -I.. -I../../../. -I../../.././lib -I../../.././builtins -I../../.././examples/loadables -I../../.././include -I/sonic/src/bash/bash-5.2.37/build-bash -I/sonic/src/bash/bash-5.2.37/build-bash/lib -I/sonic/src/bash/bash-5.2.37/build-bash/builtins  -c -o mktemp.o ../../.././examples/loadables/mktemp.c
gcc -fPIC -DHAVE_CONFIG_H -DSHELL  -Wdate-time -D_FORTIFY_SOURCE=2 -g -O2 -Werror=implicit-function-declaration -ffile-prefix-map=/sonic/src/bash/bash-5.2.37=. -fstack-protector-strong -fstack-clash-protection -Wformat -Werror=format-security -fcf-protection -Wall  -I. -I.. -I../../../. -I../../.././lib -I../../.././builtins -I../../.././examples/loadables -I../../.././include -I/sonic/src/bash/bash-5.2.37/build-bash -I/sonic/src/bash/bash-5.2.37/build-bash/lib -I/sonic/src/bash/bash-5.2.37/build-bash/builtins  -c -o printenv.o ../../.././examples/loadables/printenv.c
gcc -fPIC -DHAVE_CONFIG_H -DSHELL  -Wdate-time -D_FORTIFY_SOURCE=2 -g -O2 -Werror=implicit-function-declaration -ffile-prefix-map=/sonic/src/bash/bash-5.2.37=. -fstack-protector-strong -fstack-clash-protection -Wformat -Werror=format-security -fcf-protection -Wall  -I. -I.. -I../../../. -I../../.././lib -I../../.././builtins -I../../.././examples/loadables -I../../.././include -I/sonic/src/bash/bash-5.2.37/build-bash -I/sonic/src/bash/bash-5.2.37/build-bash/lib -I/sonic/src/bash/bash-5.2.37/build-bash/builtins  -c -o id.o ../../.././examples/loadables/id.c
gcc -fPIC -DHAVE_CONFIG_H -DSHELL  -Wdate-time -D_FORTIFY_SOURCE=2 -g -O2 -Werror=implicit-function-declaration -ffile-prefix-map=/sonic/src/bash/bash-5.2.37=. -fstack-protector-strong -fstack-clash-protection -Wformat -Werror=format-security -fcf-protection -Wall  -I. -I.. -I../../../. -I../../.././lib -I../../.././builtins -I../../.././examples/loadables -I../../.././include -I/sonic/src/bash/bash-5.2.37/build-bash -I/sonic/src/bash/bash-5.2.37/build-bash/lib -I/sonic/src/bash/bash-5.2.37/build-bash/builtins  -c -o whoami.o ../../.././examples/loadables/whoami.c
gcc -fPIC -DHAVE_CONFIG_H -DSHELL  -Wdate-time -D_FORTIFY_SOURCE=2 -g -O2 -Werror=implicit-function-declaration -ffile-prefix-map=/sonic/src/bash/bash-5.2.37=. -fstack-protector-strong -fstack-clash-protection -Wformat -Werror=format-security -fcf-protection -Wall  -I. -I.. -I../../../. -I../../.././lib -I../../.././builtins -I../../.././examples/loadables -I../../.././include -I/sonic/src/bash/bash-5.2.37/build-bash -I/sonic/src/bash/bash-5.2.37/build-bash/lib -I/sonic/src/bash/bash-5.2.37/build-bash/builtins  -c -o uname.o ../../.././examples/loadables/uname.c
gcc -fPIC -DHAVE_CONFIG_H -DSHELL  -Wdate-time -D_FORTIFY_SOURCE=2 -g -O2 -Werror=implicit-function-declaration -ffile-prefix-map=/sonic/src/bash/bash-5.2.37=. -fstack-protector-strong -fstack-clash-protection -Wformat -Werror=format-security -fcf-protection -Wall  -I. -I.. -I../../../. -I../../.././lib -I../../.././builtins -I../../.././examples/loadables -I../../.././include -I/sonic/src/bash/bash-5.2.37/build-bash -I/sonic/src/bash/bash-5.2.37/build-bash/lib -I/sonic/src/bash/bash-5.2.37/build-bash/builtins  -c -o sync.o ../../.././examples/loadables/sync.c
gcc -fPIC -DHAVE_CONFIG_H -DSHELL  -Wdate-time -D_FORTIFY_SOURCE=2 -g -O2 -Werror=implicit-function-declaration -ffile-prefix-map=/sonic/src/bash/bash-5.2.37=. -fstack-protector-strong -fstack-clash-protection -Wformat -Werror=format-security -fcf-protection -Wall  -I. -I.. -I../../../. -I../../.././lib -I../../.././builtins -I../../.././examples/loadables -I../../.././include -I/sonic/src/bash/bash-5.2.37/build-bash -I/sonic/src/bash/bash-5.2.37/build-bash/lib -I/sonic/src/bash/bash-5.2.37/build-bash/builtins  -c -o push.o ../../.././examples/loadables/push.c
gcc -fPIC -DHAVE_CONFIG_H -DSHELL  -Wdate-time -D_FORTIFY_SOURCE=2 -g -O2 -Werror=implicit-function-declaration -ffile-prefix-map=/sonic/src/bash/bash-5.2.37=. -fstack-protector-strong -fstack-clash-protection -Wformat -Werror=format-security -fcf-protection -Wall  -I. -I.. -I../../../. -I../../.././lib -I../../.././builtins -I../../.././examples/loadables -I../../.././include -I/sonic/src/bash/bash-5.2.37/build-bash -I/sonic/src/bash/bash-5.2.37/build-bash/lib -I/sonic/src/bash/bash-5.2.37/build-bash/builtins  -c -o ln.o ../../.././examples/loadables/ln.c
gcc -fPIC -DHAVE_CONFIG_H -DSHELL  -Wdate-time -D_FORTIFY_SOURCE=2 -g -O2 -Werror=implicit-function-declaration -ffile-prefix-map=/sonic/src/bash/bash-5.2.37=. -fstack-protector-strong -fstack-clash-protection -Wformat -Werror=format-security -fcf-protection -Wall  -I. -I.. -I../../../. -I../../.././lib -I../../.././builtins -I../../.././examples/loadables -I../../.././include -I/sonic/src/bash/bash-5.2.37/build-bash -I/sonic/src/bash/bash-5.2.37/build-bash/lib -I/sonic/src/bash/bash-5.2.37/build-bash/builtins  -c -o unlink.o ../../.././examples/loadables/unlink.c
gcc -fPIC -DHAVE_CONFIG_H -DSHELL  -Wdate-time -D_FORTIFY_SOURCE=2 -g -O2 -Werror=implicit-function-declaration -ffile-prefix-map=/sonic/src/bash/bash-5.2.37=. -fstack-protector-strong -fstack-clash-protection -Wformat -Werror=format-security -fcf-protection -Wall  -I. -I.. -I../../../. -I../../.././lib -I../../.././builtins -I../../.././examples/loadables -I../../.././include -I/sonic/src/bash/bash-5.2.37/build-bash -I/sonic/src/bash/bash-5.2.37/build-bash/lib -I/sonic/src/bash/bash-5.2.37/build-bash/builtins  -c -o realpath.o ../../.././examples/loadables/realpath.c
gcc -fPIC -DHAVE_CONFIG_H -DSHELL  -Wdate-time -D_FORTIFY_SOURCE=2 -g -O2 -Werror=implicit-function-declaration -ffile-prefix-map=/sonic/src/bash/bash-5.2.37=. -fstack-protector-strong -fstack-clash-protection -Wformat -Werror=format-security -fcf-protection -Wall  -I. -I.. -I../../../. -I../../.././lib -I../../.././builtins -I../../.././examples/loadables -I../../.././include -I/sonic/src/bash/bash-5.2.37/build-bash -I/sonic/src/bash/bash-5.2.37/build-bash/lib -I/sonic/src/bash/bash-5.2.37/build-bash/builtins  -c -o strftime.o ../../.././examples/loadables/strftime.c
gcc -fPIC -DHAVE_CONFIG_H -DSHELL  -Wdate-time -D_FORTIFY_SOURCE=2 -g -O2 -Werror=implicit-function-declaration -ffile-prefix-map=/sonic/src/bash/bash-5.2.37=. -fstack-protector-strong -fstack-clash-protection -Wformat -Werror=format-security -fcf-protection -Wall  -I. -I.. -I../../../. -I../../.././lib -I../../.././builtins -I../../.././examples/loadables -I../../.././include -I/sonic/src/bash/bash-5.2.37/build-bash -I/sonic/src/bash/bash-5.2.37/build-bash/lib -I/sonic/src/bash/bash-5.2.37/build-bash/builtins  -c -o mypid.o ../../.././examples/loadables/mypid.c
gcc -fPIC -DHAVE_CONFIG_H -DSHELL  -Wdate-time -D_FORTIFY_SOURCE=2 -g -O2 -Werror=implicit-function-declaration -ffile-prefix-map=/sonic/src/bash/bash-5.2.37=. -fstack-protector-strong -fstack-clash-protection -Wformat -Werror=format-security -fcf-protection -Wall  -I. -I.. -I../../../. -I../../.././lib -I../../.././builtins -I../../.././examples/loadables -I../../.././include -I/sonic/src/bash/bash-5.2.37/build-bash -I/sonic/src/bash/bash-5.2.37/build-bash/lib -I/sonic/src/bash/bash-5.2.37/build-bash/builtins  -c -o setpgid.o ../../.././examples/loadables/setpgid.c
gcc -fPIC -DHAVE_CONFIG_H -DSHELL  -Wdate-time -D_FORTIFY_SOURCE=2 -g -O2 -Werror=implicit-function-declaration -ffile-prefix-map=/sonic/src/bash/bash-5.2.37=. -fstack-protector-strong -fstack-clash-protection -Wformat -Werror=format-security -fcf-protection -Wall  -I. -I.. -I../../../. -I../../.././lib -I../../.././builtins -I../../.././examples/loadables -I../../.././include -I/sonic/src/bash/bash-5.2.37/build-bash -I/sonic/src/bash/bash-5.2.37/build-bash/lib -I/sonic/src/bash/bash-5.2.37/build-bash/builtins  -c -o seq.o ../../.././examples/loadables/seq.c
gcc -fPIC -DHAVE_CONFIG_H -DSHELL  -Wdate-time -D_FORTIFY_SOURCE=2 -g -O2 -Werror=implicit-function-declaration -ffile-prefix-map=/sonic/src/bash/bash-5.2.37=. -fstack-protector-strong -fstack-clash-protection -Wformat -Werror=format-security -fcf-protection -Wall  -I. -I.. -I../../../. -I../../.././lib -I../../.././builtins -I../../.././examples/loadables -I../../.././include -I/sonic/src/bash/bash-5.2.37/build-bash -I/sonic/src/bash/bash-5.2.37/build-bash/lib -I/sonic/src/bash/bash-5.2.37/build-bash/builtins  -c -o rm.o ../../.././examples/loadables/rm.c
gcc -fPIC -DHAVE_CONFIG_H -DSHELL  -Wdate-time -D_FORTIFY_SOURCE=2 -g -O2 -Werror=implicit-function-declaration -ffile-prefix-map=/sonic/src/bash/bash-5.2.37=. -fstack-protector-strong -fstack-clash-protection -Wformat -Werror=format-security -fcf-protection -Wall  -I. -I.. -I../../../. -I../../.././lib -I../../.././builtins -I../../.././examples/loadables -I../../.././include -I/sonic/src/bash/bash-5.2.37/build-bash -I/sonic/src/bash/bash-5.2.37/build-bash/lib -I/sonic/src/bash/bash-5.2.37/build-bash/builtins  -c -o accept.o ../../.././examples/loadables/accept.c
gcc -fPIC -DHAVE_CONFIG_H -DSHELL  -Wdate-time -D_FORTIFY_SOURCE=2 -g -O2 -Werror=implicit-function-declaration -ffile-prefix-map=/sonic/src/bash/bash-5.2.37=. -fstack-protector-strong -fstack-clash-protection -Wformat -Werror=format-security -fcf-protection -Wall  -I. -I.. -I../../../. -I../../.././lib -I../../.././builtins -I../../.././examples/loadables -I../../.././include -I/sonic/src/bash/bash-5.2.37/build-bash -I/sonic/src/bash/bash-5.2.37/build-bash/lib -I/sonic/src/bash/bash-5.2.37/build-bash/builtins  -c -o csv.o ../../.././examples/loadables/csv.c
gcc -fPIC -DHAVE_CONFIG_H -DSHELL  -Wdate-time -D_FORTIFY_SOURCE=2 -g -O2 -Werror=implicit-function-declaration -ffile-prefix-map=/sonic/src/bash/bash-5.2.37=. -fstack-protector-strong -fstack-clash-protection -Wformat -Werror=format-security -fcf-protection -Wall  -I. -I.. -I../../../. -I../../.././lib -I../../.././builtins -I../../.././examples/loadables -I../../.././include -I/sonic/src/bash/bash-5.2.37/build-bash -I/sonic/src/bash/bash-5.2.37/build-bash/lib -I/sonic/src/bash/bash-5.2.37/build-bash/builtins  -c -o dsv.o ../../.././examples/loadables/dsv.c
gcc -fPIC -DHAVE_CONFIG_H -DSHELL  -Wdate-time -D_FORTIFY_SOURCE=2 -g -O2 -Werror=implicit-function-declaration -ffile-prefix-map=/sonic/src/bash/bash-5.2.37=. -fstack-protector-strong -fstack-clash-protection -Wformat -Werror=format-security -fcf-protection -Wall  -I. -I.. -I../../../. -I../../.././lib -I../../.././builtins -I../../.././examples/loadables -I../../.././include -I/sonic/src/bash/bash-5.2.37/build-bash -I/sonic/src/bash/bash-5.2.37/build-bash/lib -I/sonic/src/bash/bash-5.2.37/build-bash/builtins  -c -o cut.o ../../.././examples/loadables/cut.c
gcc -fPIC -DHAVE_CONFIG_H -DSHELL  -Wdate-time -D_FORTIFY_SOURCE=2 -g -O2 -Werror=implicit-function-declaration -ffile-prefix-map=/sonic/src/bash/bash-5.2.37=. -fstack-protector-strong -fstack-clash-protection -Wformat -Werror=format-security -fcf-protection -Wall  -I. -I.. -I../../../. -I../../.././lib -I../../.././builtins -I../../.././examples/loadables -I../../.././include -I/sonic/src/bash/bash-5.2.37/build-bash -I/sonic/src/bash/bash-5.2.37/build-bash/lib -I/sonic/src/bash/bash-5.2.37/build-bash/builtins  -c -o stat.o ../../.././examples/loadables/stat.c
gcc -fPIC -DHAVE_CONFIG_H -DSHELL  -Wdate-time -D_FORTIFY_SOURCE=2 -g -O2 -Werror=implicit-function-declaration -ffile-prefix-map=/sonic/src/bash/bash-5.2.37=. -fstack-protector-strong -fstack-clash-protection -Wformat -Werror=format-security -fcf-protection -Wall  -I. -I.. -I../../../. -I../../.././lib -I../../.././builtins -I../../.././examples/loadables -I../../.././include -I/sonic/src/bash/bash-5.2.37/build-bash -I/sonic/src/bash/bash-5.2.37/build-bash/lib -I/sonic/src/bash/bash-5.2.37/build-bash/builtins  -c -o getconf.o ../../.././examples/loadables/getconf.c
mkdir -p -- /sonic/src/bash/bash-5.2.37/debian/bash/usr/lib/bash
This is pdfTeX, Version 3.141592653-2.6-1.40.26 (TeX Live 2025/dev/Debian) (preloaded format=pdfetex)
 restricted \write18 enabled.
entering extended mode
(./../.././doc/bashref.texi (/sonic/src/bash/bash-5.2.37/doc/texinfo.tex
Loading texinfo [version 2015-11-22.14]: pdf, fonts,make[5]: Entering directory '/sonic/src/bash/bash-5.2.37/build-bash'
make[5]: warning: -j192 forced in submake: resetting jobserver mode.
mkdir -p -- /sonic/src/bash/bash-5.2.37/debian/bash/usr/include/bash
mkdir -p -- /sonic/src/bash/bash-5.2.37/debian/bash/usr/include/bash/builtins
mkdir -p -- /sonic/src/bash/bash-5.2.37/debian/bash/usr/include/bash/include
mkdir -p -- /sonic/src/bash/bash-5.2.37/debian/bash/usr/lib/pkgconfig
 markup, glyphs,
page headings, tables, conditionals, indexing, sectioning, toc, environments,
defuns, macros, cross references, insertions,
(/usr/share/texlive/texmf-dist/tex/generic/epsf/epsf.tex
This is `epsf.tex' v2.7.4 <14 February 2011>
) localization, formatting, and turning on texinfo input format.)
(/sonic/src/bash/bash-5.2.37/doc/version.texi) [1{/var/lib/texmf/fonts/map/pdft
ex/updmap/pdftex.map}] [2]
(/sonic/src/bash/bash-5.2.37/build-bash/doc/bashref.toc [-1] [-2] [-3])
[-4] (/sonic/src/bash/bash-5.2.37/build-bash/doc/bashref.toc)
(/sonic/src/bash/bash-5.2.37/build-bash/doc/bashref.toc) Chapter 1
(/sonic/src/bash/bash-5.2.37/build-bash/doc/bashref.aux../../.././examples/loadables/sleep.c: In function 'sleep_builtin':
../../.././examples/loadables/sleep.c:127:17: warning: unused variable 't' [-Wunused-variable]
  127 |         time_t  t;
      |                 ^
../../.././examples/loadables/sleep.c:126:20: warning: unused variable 'mul' [-Wunused-variable]
  126 |         int     r, mul;
      |                    ^~~
gcc -shared -Wl,-soname,truefalse -Wl,-z,relro -Wl,-z,now  -o truefalse truefalse.o 
) Chapter 2 [1] [2]
[3] Chapter 3 [4] [5] [6] [7] [8]
Overfull \hbox (3.12749pt too wide) in paragraph at lines 723--724
 @texttt coproc[]| 

Overfull \hbox (3.12749pt too wide) in paragraph at lines 724--724
 @texttt select[]| 

Overfull \hbox (5.95723pt too wide) in paragraph at lines 724--725
 @texttt function[]| 
[9] [10] [11] [12] [13] [14] [15] [16] [17] [18] [19] [20]../../.././examples/loadables/print.c: In function 'print_builtin':
../../.././examples/loadables/print.c:80:21: warning: unused variable 'arg' [-Wunused-variable]
   80 |   char **v, *pfmt, *arg;
      |                     ^~~
../../.././examples/loadables/print.c:80:10: warning: unused variable 'v' [-Wunused-variable]
   80 |   char **v, *pfmt, *arg;
      |          ^
 [21] [22] [23]
[24] [25] [26] [27] [28] [29] [30] [31] [32] [33] [34] [35] [36] [37] [38]
[39] [40] [41] [42] [43] [44] [45] [46] Chapter 4 [47] [48] [49] [50] [51]
[52] [53] [54] [55] [56] [57]gcc -shared -Wl,-soname,sleep -Wl,-z,relro -Wl,-z,now  -o sleep sleep.o 
 [58] [59] [60] [61] [62] [63] [64] [65] [66]
Overfull \hbox (38.26585pt too wide) in paragraph at lines 5233--5233
 []@texttt set [-abefhkmnptuvxBCEHPT] [-o @textttsl option-name@texttt ] [--] [
-] [@textttsl ar-gu-ment []@texttt ][] 

Overfull \hbox (38.26585pt too wide) in paragraph at lines 5234--5234
 []@texttt set [+abefhkmnptuvxBCEHPT] [+o @textttsl option-name@texttt ] [--] [
-] [@textttsl ar-gu-ment []@texttt ][] 
[67] [68] [69] [70] [71] [72] [73] [74] [75] [76] Chapter 5 [77] [78] [79]
[80] [81] [82] [83] [84] [85] [86gcc -shared -Wl,-soname,basename -Wl,-z,relro -Wl,-z,now  -o basename basename.o 
] [87] [88] [89] Chapter 6 [90] [91] [92]
[93]gcc -shared -Wl,-soname,logname -Wl,-z,relro -Wl,-z,now  -o logname logname.o 
 [94] [95] [96] [97] [98] [99] [100]gcc -shared -Wl,-soname,print -Wl,-z,relro -Wl,-z,now  -o print print.o 
 [101] [102] [103] [104]../../.././examples/loadables/fdflags.c: In function 'getflags':
../../.././examples/loadables/fdflags.c:136:7: warning: unused variable 'allflags' [-Wunused-variable]
  136 |   int allflags;
      |       ^~~~~~~~
 [105] [106]
[107] [108] [109] [110] [111] Chapter 7 [112] [113] [114gcc -shared -Wl,-soname,dirname -Wl,-z,relro -Wl,-z,now  -o dirname dirname.o 
] [115]
(/sonic/src/bash/bash-5.2.37/lib/readline/doc/rluser.texi Chapter 8 [116]
[117]gcc -shared -Wl,-soname,tty -Wl,-z,relro -Wl,-z,now  -o tty tty.o 
 [118] [119] [120] [121] [122] [123] [124] [125] [126] [127]
Underfull \hbox (badness 7540) in paragraph at lines 868--874
 []@textrm In the ex-am-ple above, @textttsl C-u[] @textrm is bound to the func
-tion

Underfull \hbox (badness 10000) in paragraph at lines 868--874
 @texttt universal-argument[]@textrm , @textttsl M-DEL[] @textrm is bound to th
e func-tion
[128] [129] [130]
Overfull \hbox (26.43913pt too wide) in paragraph at lines 1102--1102
 []@texttt Meta-Control-h: backward-kill-word Text after the function name is i
gnored[] 
[131] [132] [133] [134] [135] [136]../../.././examples/loadables/mktemp.c: In function 'mktemp_builtin':
../../.././examples/loadables/mktemp.c:38:14: warning: unused variable 'l' [-Wunused-variable]
   38 |   WORD_LIST *l;
      |              ^
 [137] [138] [139] [140] [141] [142]
[143] [144] [145]
Overfull \hbox (15.27109pt too wide) in paragraph at lines 2127--2127
 []@texttt complete [-abcdefgjksuv] [-o @textttsl comp-option@texttt ] [-DEI] [
-A @textttsl ac-tion@texttt ] [-
[146] [147] [148] [149] [150])
(/sonic/src/bash/bash-5.2.37/lib/readline/doc/hsuser.texi Chapter 9 [151]
[152] [153]../../.././examples/loadables/finfo.c: In function 'finfo_main':
../../.././examples/loadables/finfo.c:111:17: warning: unused variable 'mode' [-Wunused-variable]
  111 |         int     mode, flags, opt;
      |                 ^~~~
 [154]../../.././examples/loadables/finfo.c: In function 'finfo_builtin':
../../.././examples/loadables/finfo.c:399:14: warning: unused variable 'l' [-Wunused-variable]
  399 |   WORD_LIST *l;
      |              ^
 [155] [156]) Chapter 10 [157] [158] [159] [160] [161]
Underfull \hbox (badness 10000) in paragraph at lines 9393--9402
[]@textrm All of the fol-low-ing op-tions ex-cept for `@texttt alt-array-implem
entation[]@textrm '[],

Underfull \hbox (badness 10000) in paragraph at lines 9393--9402
@textrm `@texttt disabled-builtins[]@textrm '[], `@texttt direxpand-default[]@t
extrm '[], `@texttt strict-posix-default[]@textrm '[], and
[162] [163] [164] [165] Appendix A [166] Appendix B [167] [168] [169] [170]
[171]../../.././examples/loadables/tee.c: In function 'tee_builtin':
../../.././examples/loadables/tee.c:72:9: warning: unused variable 't' [-Wunused-variable]
   72 |   char *t;
      |         ^
 [172] Appendix C [173../../.././examples/loadables/id.c:67:14: warning: 'id_user' defined but not used [-Wunused-variable]
   67 | static char *id_user;
      |              ^~~~~~~
] (/sonic/src/bash/bash-5.2.37/doc/fdl.texi [174]
[175] [176]gcc -shared -Wl,-soname,rmdir -Wl,-z,relro -Wl,-z,now  -o rmdir rmdir.o 
 [177] [178] [179] [180]) Appendix D [181]../../.././examples/loadables/mkdir.c: In function 'make_path':
../../.././examples/loadables/mkdir.c:173:10: warning: suggest parentheses around assignment used as truth value [-Wparentheses]
  173 |   while (p = strchr (p, '/'))
      |          ^
../../.././examples/loadables/mkdir.c:142:7: warning: variable 'oumask' set but not used [-Wunused-but-set-variable]
  142 |   int oumask;
      |       ^~~~~~
../../.././examples/loadables/uname.c: In function 'uname_builtin':
../../.././examples/loadables/uname.c:70:12: warning: unused variable 'r' [-Wunused-variable]
   70 |   int opt, r;
      |            ^
 [182]gcc -shared -Wl,-soname,fdflags -Wl,-z,relro -Wl,-z,now  -o fdflags fdflags.o 
../../.././examples/loadables/head.c: In function 'head_builtin':
../../.././examples/loadables/head.c:104:9: warning: unused variable 't' [-Wunused-variable]
  104 |   char *t;
      |         ^
gcc -shared -Wl,-soname,sync -Wl,-z,relro -Wl,-z,now  -o sync sync.o 
../../.././examples/loadables/mkfifo.c: In function 'mkfifo_builtin':
 [183]../../.././examples/loadables/mkfifo.c:53:12: warning: variable 'mflag' set but not used [-Wunused-but-set-variable]
   53 |   int opt, mflag, omode, rval, nmode, basemode;
      |            ^~~~~
gcc -shared -Wl,-soname,printenv -Wl,-z,relro -Wl,-z,now  -o printenv printenv.o 
 [184]
[185]gcc -shared -Wl,-soname,mktemp -Wl,-z,relro -Wl,-z,now  -o mktemp mktemp.o 
 [186] [187] [188] [189]gcc -shared -Wl,-soname,whoami -Wl,-z,relro -Wl,-z,now  -o whoami whoami.o 
 [190]gcc -shared -Wl,-soname,pathchk -Wl,-z,relro -Wl,-z,now  -o pathchk pathchk.o 

kpathsea: Running mktexpk --mfmode / --bdpi 600 --mag 0+583/600 --dpi 583 ecrm1440
gcc -shared -Wl,-soname,finfo -Wl,-z,relro -Wl,-z,now  -o finfo finfo.o 
gcc -shared -Wl,-soname,tee -Wl,-z,relro -Wl,-z,now  -o tee tee.o 
gcc -shared -Wl,-soname,id -Wl,-z,relro -Wl,-z,now  -o id id.o 
gcc -shared -Wl,-soname,uname -Wl,-z,relro -Wl,-z,now  -o uname uname.o 
gcc -shared -Wl,-soname,head -Wl,-z,relro -Wl,-z,now  -o head head.o 
gcc -shared -Wl,-soname,mkdir -Wl,-z,relro -Wl,-z,now  -o mkdir mkdir.o 
gcc -shared -Wl,-soname,mkfifo -Wl,-z,relro -Wl,-z,now  -o mkfifo mkfifo.o 
gcc -shared -Wl,-soname,push -Wl,-z,relro -Wl,-z,now  -o push push.o 
gcc -shared -Wl,-soname,unlink -Wl,-z,relro -Wl,-z,now  -o unlink unlink.o 
../../.././examples/loadables/rm.c: In function 'rm_builtin':
../../.././examples/loadables/rm.c:120:15: warning: unused variable 'name' [-Wunused-variable]
  120 |   const char *name;
      |               ^~~~
../../.././examples/loadables/seq.c: In function 'getprec':
../../.././examples/loadables/seq.c:190:7: warning: suggest parentheses around assignment used as truth value [-Wparentheses]
  190 |   if (dp = strchr (numbuf, decimal_point))
      |       ^~
gcc -shared -Wl,-soname,mypid -Wl,-z,relro -Wl,-z,now  -o mypid mypid.o 
gcc -shared -Wl,-soname,strftime -Wl,-z,relro -Wl,-z,now  -o strftime strftime.o 
gcc -shared -Wl,-soname,ln -Wl,-z,relro -Wl,-z,now  -o ln ln.o 
gcc -shared -Wl,-soname,setpgid -Wl,-z,relro -Wl,-z,now  -o setpgid setpgid.o 
gcc -shared -Wl,-soname,csv -Wl,-z,relro -Wl,-z,now  -o csv csv.o 
gcc -shared -Wl,-soname,realpath -Wl,-z,relro -Wl,-z,now  -o realpath realpath.o 
gcc -shared -Wl,-soname,rm -Wl,-z,relro -Wl,-z,now  -o rm rm.o 
../../.././examples/loadables/getconf.c: In function 'getconf_internal':
../../.././examples/loadables/getconf.c:924:13: warning: unused variable 'uv' [-Wunused-variable]
  924 |   uintmax_t uv;
      |             ^~
../../.././examples/loadables/getconf.c:923:12: warning: unused variable 'v' [-Wunused-variable]
  923 |   intmax_t v;
      |            ^
../../.././examples/loadables/getconf.c:922:8: warning: unused variable 'l' [-Wunused-variable]
  922 |   long l, val;
      |        ^
../../.././examples/loadables/getconf.c: In function 'getconf_builtin':
../../.././examples/loadables/getconf.c:1113:9: warning: variable 'varg' set but not used [-Wunused-but-set-variable]
 1113 |   char *varg;
      |         ^~~~
../../.././examples/loadables/getconf.c:1111:22: warning: unused variable 'c' [-Wunused-variable]
 1111 |   const struct conf *c;
      |                      ^
../../.././examples/loadables/cut.c: In function 'getlist':
../../.././examples/loadables/cut.c:89:10: warning: suggest parentheses around assignment used as truth value [-Wparentheses]
   89 |   while (ltok = strsep (&larg, ","))
      |          ^~~~
../../.././examples/loadables/cut.c: In function 'cutfields':
../../.././examples/loadables/cut.c:282:10: warning: unused variable 'llen' [-Wunused-variable]
  282 |   size_t llen, fsize;
      |          ^~~~
../../.././examples/loadables/cut.c: In function 'cutfile':
../../.././examples/loadables/cut.c:389:16: warning: unused variable 'b' [-Wunused-variable]
  389 |   char *line, *b;
      |                ^
gcc -shared -Wl,-soname,dsv -Wl,-z,relro -Wl,-z,now  -o dsv dsv.o 
gcc -shared -Wl,-soname,seq -Wl,-z,relro -Wl,-z,now  -o seq seq.o 
../../.././examples/loadables/stat.c: In function 'stattime':
../../.././examples/loadables/stat.c:267:9: warning: unused variable 'tbuf' [-Wunused-variable]
  267 |   char *tbuf, *ret;
      |         ^~~~
../../.././examples/loadables/stat.c: In function 'loadstat':
../../.././examples/loadables/stat.c:345:14: warning: variable 'v' set but not used [-Wunused-but-set-variable]
  345 |   SHELL_VAR *v;
      |              ^
gcc -shared -Wl,-soname,getconf -Wl,-z,relro -Wl,-z,now  -o getconf getconf.o 
gcc -shared -Wl,-soname,accept -Wl,-z,relro -Wl,-z,now  -o accept accept.o 
gcc -shared -Wl,-soname,cut -Wl,-z,relro -Wl,-z,now  -o cut cut.o 
gcc -shared -Wl,-soname,stat -Wl,-z,relro -Wl,-z,now  -o stat stat.o 
/usr/bin/install -c -m 644 ./support/bash.pc /sonic/src/bash/bash-5.2.37/debian/bash/usr/lib/pkgconfig/bash.pc
make[5]: Leaving directory '/sonic/src/bash/bash-5.2.37/build-bash'
installing example loadable builtins in /sonic/src/bash/bash-5.2.37/debian/bash/usr/lib/bash
print
truefalse
sleep
finfo
logname
basename
dirname
fdflags
tty
pathchk
tee
head
mkdir
rmdir
mkfifo
mktemp
printenv
id
whoami
uname
sync
push
ln
unlink
realpath
strftime
mypid
setpgid
seq
rm
accept
csv
dsv
cut
stat
getconf
make[4]: Leaving directory '/sonic/src/bash/bash-5.2.37/build-bash/examples/loadables'
make[3]: Leaving directory '/sonic/src/bash/bash-5.2.37/build-bash'
chmod 755 debian/bash/usr/bin/bashbug
install -o 0 -g 0 -m 644 debian/bashbug.1 debian/bash/usr/share/man/man1/
rm -f debian/bash/usr/share/doc/bash/*.html
rm -f debian/bash/usr/share/info/*.info
rm -f debian/bash/usr/share/info/dir*
: # extra links
ln -sf bash debian/bash/usr/bin/rbash
: # skeleton files
install -o 0 -g 0 -m 644 debian/etc.bash.bashrc debian/bash/etc/bash.bashrc
install -o 0 -g 0 -m 644 debian/skel.bashrc debian/bash/etc/skel/.bashrc
install -o 0 -g 0 -m 644 debian/skel.profile debian/bash/etc/skel/.profile
install -o 0 -g 0 -m 644 debian/skel.bash_logout debian/bash/etc/skel/.bash_logout
: # clean_console
install -o 0 -g 0 clear_console debian/bash/usr/bin/
mktexpk: /sonic/target/debs/trixie/ecrm1440.583pk already exists.
install -o 0 -g 0 -m 644 debian/clear_console.1 debian/bash/usr/share/man/man1/
: # /etc/shells integration
install -o 0 -g 0 -m 644 -D debian/shells.d/bash debian/bash/usr/share/debianutils/shells.d/bash
: # files for the bash-doc package
dh_installexamples -pbash-doc examples/*
 )
(see the transcript file for additional information) </sonic/target/debs/trixie
/ecrm1440.583pk>
kpathsea: Running mktexpk --mfmode / --bdpi 600 --mag 1+3/600 --dpi 603 ecrm1095
rm -rf debian/bash-doc/usr/share/doc/bash/examples/loadables
mkdir -p debian/bash-doc/usr/share/doc/bash-doc
ln -sf ../bash/examples debian/bash-doc/usr/share/doc/bash-doc/examples
rm -rf debian/bash-doc/usr/share/doc/bash/examples/obashdb
cd debian/bash-doc/usr/share/doc/bash/examples && chmod 755 \
	misc/aliasconv.*sh misc/cshtobash
cd debian/bash-doc/usr/share/doc/bash/examples && chmod 644 \
	scripts/shprompt
: # files for the bash-builtins package
mv debian/bash/usr/include debian/bash-builtins/usr/.
mv debian/bash/usr/lib debian/bash-builtins/usr/.
install -o 0 -g 0 -m 644 examples/loadables/{README,*.c} \
	debian/bash-builtins/usr/share/doc/bash/examples/loadables
install -o 0 -g 0 -m 644 build-bash/examples/loadables/Makefile \
	debian/bash-builtins/usr/share/doc/bash/examples/loadables
ln -sf bash debian/bash-builtins/usr/share/doc/bash-builtins
sed -i \
	-e 's@-ffile-prefix-map=[^ ]*[ ]*@@g' \
	-e 's@-fdebug-prefix-map=[^ ]*[ ]*@@g' \
	-e 's@^BUILD_DIR =.*@BUILD_DIR = /path/to/build-dir@' \
	debian/bash/usr/bin/bashbug \
	debian/bash-builtins/usr/lib/bash/Makefile.inc \
	debian/bash-builtins/usr/share/doc/bash/examples/loadables/Makefile
cat debian/README > debian/README.Debian
touch stamps/stamp-install-bash
dh_testdir
dh_testdir
dh_testroot
dh_testroot
dh_installchangelogs -pbash
dh_strip -pbash-builtins
libfakeroot internal error: payload not recognized!
mktexpk: /sonic/target/debs/trixie/ecrm1095.603pk already exists.
 </sonic/target/debs/trixie/ecrm1095.603pk></usr/share/texlive/
texmf-dist/fonts/type1/public/amsfonts/cm/cmbx12.pfb></usr/share/texlive/texmf-
dist/fonts/type1/public/amsfonts/cm/cmcsc10.pfb></usr/share/texlive/texmf-dist/
fonts/type1/public/amsfonts/cm/cmmi10.pfb></usr/share/texlive/texmf-dist/fonts/
type1/public/amsfonts/cm/cmmi12.pfb></usr/share/texlive/texmf-dist/fonts/type1/
public/amsfonts/cm/cmmi9.pfb></usr/share/texlive/texmf-dist/fonts/type1/public/
amsfonts/cm/cmr10.pfb></usr/share/texlive/texmf-dist/fonts/type1/public/amsfont
s/cm/cmr9.pfb></usr/share/texlive/texmf-dist/fonts/type1/public/amsfonts/cm/cms
l10.pfb></usr/share/texlive/texmf-dist/fonts/type1/public/amsfonts/cm/cmsltt10.
pfb></usr/share/texlive/texmf-dist/fonts/type1/public/amsfonts/cm/cmsy10.pfb></
usr/share/texlive/texmf-dist/fonts/type1/public/amsfonts/cm/cmti10.pfb></usr/sh
are/texlive/texmf-dist/fonts/type1/public/amsfonts/cm/cmtt10.pfb></usr/share/te
xlive/texmf-dist/fonts/type1/public/amsfonts/cm/cmtt12.pfb></usr/share/texlive/
texmf-dist/fonts/type1/public/amsfonts/cm/cmtt9.pfb>dh_installdocs -pbash \
	CHANGES NEWS COMPAT doc/INTRO POSIX \
	debian/{README.Debian,README.abs-guide,README.commands} \
	debian/inputrc.arrows

Output written on bashref.pdf (196 pages, 787436 bytes).
Transcript written on bashref.log.
make[3]: Leaving directory '/sonic/src/bash/bash-5.2.37/build-bash/doc'
touch stamps/stamp-build-bash-doc
dh_testdir
install -D -m 644 debian/bash.overrides \
	debian/bash/usr/share/lintian/overrides/bash
install -D -m 644 debian/bash-builtins.overrides \
	debian/bash-builtins/usr/share/lintian/overrides/bash-builtins
dh_installman -pbash doc/rbash.1 debian/bash-builtins.7
dh_testroot
mkdir -p debian/bash-doc/usr/share/doc/bash
dh_installdocs -pbash-doc 
cp -p build-bash/doc/bashref.{html,pdf} debian/bash-doc/usr/share/doc/bash/.
dh_installmenu -pbash
mkdir -p debian/bash-doc/usr/share/info
cp -p build-bash/doc/bash.info debian/bash-doc/usr/share/info/.
dh_link -pbash-doc \
    /usr/share/doc/bash/bashref.html /usr/share/doc/bash-doc/bashref.html \
    /usr/share/doc/bash/bashref.pdf /usr/share/doc/bash-doc/bashref.pdf
dh_strip -pbash
rm -f debian/bash-doc/usr/share/info/dir*
cp -p build-bash/doc/bash.html build-bash/doc/bash.pdf \
    debian/bash-doc/usr/share/doc/bash/
cp: cannot stat 'build-bash/doc/bash.pdf': No such file or directory
make[2]: *** [debian/rules:280: binary-doc] Error 1
make[2]: *** Waiting for unfinished jobs....
dh_compress -pbash
dh_fixperms -pbash
dh_shlibdeps -pbash -- -dPre-Depends debian/bash/usr/bin/bash
dh_compress -pbash-builtins -Xexamples
dh_fixperms -pbash-builtins
dh_installdeb -pbash-builtins
dh_gencontrol -pbash-builtins
dh_installdeb -pbash
dh_gencontrol -pbash
dh_md5sums -pbash-builtins
dh_builddeb -pbash-builtins
dh_md5sums -pbash
dpkg-deb: building package 'bash-builtins-dbgsym' in '../bash-builtins-dbgsym_5.2.37-2_amd64.deb'.
dpkg-deb: building package 'bash-builtins' in '../bash-builtins_5.2.37-2_amd64.deb'.
dh_builddeb -pbash
dpkg-deb: building package 'bash' in '../bash_5.2.37-2_amd64.deb'.
dpkg-deb: building package 'bash-dbgsym' in '../bash-dbgsym_5.2.37-2_amd64.deb'.
make[2]: Leaving directory '/sonic/src/bash/bash-5.2.37'
dpkg-buildpackage: error: fakeroot debian/rules binary subprocess returned exit status 2
make[1]: *** [Makefile:9: /sonic/target/debs/trixie/bash_5.2.37-2_amd64.deb] Error 2
make[1]: Leaving directory '/sonic/src/bash'
[  FAIL LOG END  ] [ target/debs/trixie/bash_5.2.37-2_amd64.deb ]
[ 01 ] [ target/debs/trixie/linux-headers-6.12.41+deb13-common-sonic_6.12.41-1_all.deb ]
[ 02 ] [ target/debs/trixie/sonic-device-data_1.0-1_all.deb ]
[ 03 ] [ target/debs/trixie/libpam-radius-auth_1.4.1-1_amd64.deb ]
[ 04 ] [ target/debs/trixie/grub2-common_2.06-13+deb13u1_amd64.deb ]
[ 05 ] [ target/debs/trixie/p4lang-pi_0.1.1-1_amd64.deb ]
[A[K[A[K[A[K[A[K[A[K[ 01 ] [ target/debs/trixie/linux-headers-6.12.41+deb13-common-sonic_6.12.41-1_all.deb ]
[ 02 ] [ target/debs/trixie/sonic-device-data_1.0-1_all.deb ]
[ 03 ] [ target/debs/trixie/libpam-radius-auth_1.4.1-1_amd64.deb ]
[ 04 ] [ target/debs/trixie/grub2-common_2.06-13+deb13u1_amd64.deb ]
[ 05 ] [ target/debs/trixie/p4lang-pi_0.1.1-1_amd64.deb ]
[ 06 ] [ target/debs/trixie/libnexthopgroup_1.0.0_amd64.deb ]
[A[K[A[K[A[K[A[K[A[K[A[K[ 01 ] [ target/debs/trixie/linux-headers-6.12.41+deb13-common-sonic_6.12.41-1_all.deb ]
[ 02 ] [ target/debs/trixie/sonic-device-data_1.0-1_all.deb ]
[ 03 ] [ target/debs/trixie/grub2-common_2.06-13+deb13u1_amd64.deb ]
[ 04 ] [ target/debs/trixie/p4lang-pi_0.1.1-1_amd64.deb ]
[ 05 ] [ target/debs/trixie/libnexthopgroup_1.0.0_amd64.deb ]
[A[K[A[K[A[K[A[K[A[K[ 01 ] [ target/debs/trixie/linux-headers-6.12.41+deb13-common-sonic_6.12.41-1_all.deb ]
[ 02 ] [ target/debs/trixie/sonic-device-data_1.0-1_all.deb ]
[ 03 ] [ target/debs/trixie/grub2-common_2.06-13+deb13u1_amd64.deb ]
[ 04 ] [ target/debs/trixie/p4lang-pi_0.1.1-1_amd64.deb ]
[ 05 ] [ target/debs/trixie/libnexthopgroup_1.0.0_amd64.deb ]
[ 06 ] [ target/debs/trixie/libdashapi_1.0.0_amd64.deb ]
make: *** [slave.mk:919: target/debs/trixie/bash_5.2.37-2_amd64.deb] Error 1
make: *** Waiting for unfinished jobs....
[A[K[A[K[A[K[A[K[A[K[A[K[ 01 ] [ target/debs/trixie/linux-headers-6.12.41+deb13-common-sonic_6.12.41-1_all.deb ]
[ 02 ] [ target/debs/trixie/grub2-common_2.06-13+deb13u1_amd64.deb ]
[ 03 ] [ target/debs/trixie/p4lang-pi_0.1.1-1_amd64.deb ]
[ 04 ] [ target/debs/trixie/libnexthopgroup_1.0.0_amd64.deb ]
[ 05 ] [ target/debs/trixie/libdashapi_1.0.0_amd64.deb ]
[A[K[A[K[A[K[A[K[A[K[ 01 ] [ target/debs/trixie/linux-headers-6.12.41+deb13-common-sonic_6.12.41-1_all.deb ]
[ 02 ] [ target/debs/trixie/grub2-common_2.06-13+deb13u1_amd64.deb ]
[ 03 ] [ target/debs/trixie/p4lang-pi_0.1.1-1_amd64.deb ]
[ 04 ] [ target/debs/trixie/libdashapi_1.0.0_amd64.deb ]
[A[K[A[K[A[K[A[K[ 01 ] [ target/debs/trixie/linux-headers-6.12.41+deb13-common-sonic_6.12.41-1_all.deb ]
[ 02 ] [ target/debs/trixie/grub2-common_2.06-13+deb13u1_amd64.deb ]
[ 03 ] [ target/debs/trixie/p4lang-pi_0.1.1-1_amd64.deb ]
[A[K[A[K[A[K[ 01 ] [ target/debs/trixie/grub2-common_2.06-13+deb13u1_amd64.deb ]
[ 02 ] [ target/debs/trixie/p4lang-pi_0.1.1-1_amd64.deb ]
[A[K[A[K[ 01 ] [ target/debs/trixie/grub2-common_2.06-13+deb13u1_amd64.deb ]
[A[Kmake[1]: *** [Makefile.work:750: target/sonic-vs.bin] Error 2
make[1]: Leaving directory '/data/sonic/sonic-dzf-time-measure'
make: *** [Makefile:50: target/sonic-vs.bin] Error 2
