+++ --- Making target/sonic-vs.bin --- +++
./scripts/run_with_retry make BLDENV=trixie -f Makefile.work target/sonic-vs.bin
make[1]: Entering directory '/data/sonic/sonic-dzf-time-measure'
sudo: A terminal is required to authenticate
"SECURE_UPGRADE_PROD_SIGNING_TOOL": ""
/data/sonic/sonic-dzf-time-measure/src/sonic-build-hooks /data/sonic/sonic-dzf-time-measure
make[2]: Entering directory '/data/sonic/sonic-dzf-time-measure/src/sonic-build-hooks'
dpkg-deb: warning: root directory tmp/sonic-build-hooks has unusual owner or group 17388989:983
dpkg-deb: hint: you might need to pass --root-owner-group, see <https://wiki.debian.org/Teams/Dpkg/RootlessBuilds> for further details
dpkg-deb: warning: ignoring 1 warning about the control file(s)
dpkg-deb: building package 'sonic-build-hooks' in 'buildinfo/sonic-build-hooks_1.0_all.deb'.
make[2]: Leaving directory '/data/sonic/sonic-dzf-time-measure/src/sonic-build-hooks'
/data/sonic/sonic-dzf-time-measure
Checking sonic-slave-base image: sonic-slave-trixie:ca17477b760
Checking sonic-slave-user image: sonic-slave-trixie-qiuying.xzc:0e69d80ab15
SONiC Build System

Build Configuration
"CONFIGURED_PLATFORM"             : "vs"
"CONFIGURED_ARCH"                 : "amd64"
"SONIC_CONFIG_PRINT_DEPENDENCIES" : ""
"SONIC_BUILD_JOBS"                : "8"
"SONIC_CONFIG_MAKE_JOBS"          : "192"
"USE_NATIVE_DOCKERD_FOR_BUILD"    : ""
"USE_DOCKER_CACHE"               : ""
"SONIC_CONFIG_USE_CCACHE"         : "n"
"USERNAME"                        : "admin"
"PASSWORD"                        : "YourPaSsWoRd"
"CHANGE_DEFAULT_PASSWORD"         : "n"
"SECURE_UPGRADE_MODE"             : "no_sign"
"SECURE_UPGRADE_DEV_SIGNING_KEY"  : ""
"SECURE_UPGRADE_SIGNING_CERT"     : ""
"SECURE_UPGRADE_KERNEL_CAFILE"    : ""
"SECURE_UPGRADE_PROD_SIGNING_TOOL": ""
"SECURE_UPGRADE_PROD_TOOL_ARGS"   : ""
"ONIE_IMAGE_PART_SIZE"            : ""
"SHUTDOWN_BGP_ON_START"           : ""
"ENABLE_PFCWD_ON_START"           : ""
"SONIC_BUFFER_MODEL"              : ""
"INSTALL_DEBUG_TOOLS"             : ""
"ROUTING_STACK"                   : "frr"
"FRR_USER_UID"                    : "300"
"FRR_USER_GID"                    : "300"
"ENABLE_FRR_TCMALLOC"             : "y"
"ENABLE_SYNCD_RPC"                : ""
"SAITHRIFT_V2"                    : ""
"ENABLE_ORGANIZATION_EXTENSIONS"  : "y"
"HTTP_PROXY"                      : "http://11.161.18.240:3128"
"HTTPS_PROXY"                     : "http://11.161.18.240:3128"
"NO_PROXY"                        : ""
"ENABLE_ZTP"                      : ""
"INCLUDE_PDE"                     : ""
"SONIC_DEBUGGING_ON"              : ""
"SONIC_PROFILING_ON"              : ""
"KERNEL_PROCURE_METHOD"           : "build"
"BUILD_TIMESTAMP"                 : "20260905.213945"
"BUILD_LOG_TIMESTAMP"             : "none"
"SONIC_IMAGE_VERSION"             : "master.0-dirty-20260905.213945"
"BLDENV"                          : "trixie"
"VS_PREPARE_MEM"                  : "yes"
"INCLUDE_MGMT_FRAMEWORK"          : "y"
"INCLUDE_ICCPD"                   : "n"
"INCLUDE_STP"                     : ""
"INCLUDE_SYSTEM_TELEMETRY"        : "n"
"INCLUDE_SYSTEM_GNMI"             : "y"
"INCLUDE_SYSTEM_BMP"              : "y"
"INCLUDE_SYSTEM_OTEL"             : "y"
"INCLUDE_SYSTEM_EVENTD"           : "y"
"ENABLE_HOST_SERVICE_ON_START"    : "y"
"INCLUDE_RESTAPI"                 : "n"
"INCLUDE_SFLOW"                   : "y"
"INCLUDE_NAT"                     : "y"
"INCLUDE_DHCP_RELAY"              : "y"
"INCLUDE_DHCP_SERVER"             : "n"
"INCLUDE_P4RT"                    : "n"
"INCLUDE_VS_DASH_SAI"             : "y"
"INCLUDE_KUBERNETES"              : "n"
"INCLUDE_KUBERNETES_MASTER"       : "n"
"INCLUDE_MACSEC"                  : "y"
"INCLUDE_MUX"                     : "y"
"INCLUDE_TEAMD"                   : "y"
"INCLUDE_DASH_HA"                 : "y"
"INCLUDE_ROUTER_ADVERTISER"       : "y"
"INCLUDE_SNMP"                    : "y"
"INCLUDE_LLDP"                    : "y"
"INCLUDE_BOOTCHART                : "y"
"ENABLE_BOOTCHART                 : "n"
"INCLUDE_FIPS"                    : "y"
"ENABLE_TRANSLIB_WRITE"           : ""
"ENABLE_NATIVE_WRITE"             : "y"
"ENABLE_DIALOUT"                  : ""
"ENABLE_AUTO_TECH_SUPPORT"        : "y"
"PDDF_SUPPORT"                    : "y"
"MULTIARCH_QEMU_ENVIRON"          : "n"
"SONIC_VERSION_CONTROL_COMPONENTS": "py2,py3,web,git,docker"
"ENABLE_ASAN"                     : "n"
"DEFAULT_CONTAINER_REGISTRY"      : "publicmirror.azurecr.io/"
"BUILD_MULTIASIC_KVM"             : "n"
"CROSS_BUILD_ENVIRON"             : "n"
"INCLUDE_EXTERNAL_PATCHES"        : "n"
"PTF_ENV_PY_VER"                  : "py3"
"ENABLE_MULTIDB"                  : ""
"ENABLE_SBOM"                     : "n"
"SBOM_FORMAT"                     : "both"
"SBOM_SCAN_TOOL"                  : "syft"
"SBOM_INCLUDE_LICENSES"           : "y"
"SBOM_STRICT"                     : "y"

"SONIC_DPKG_CACHE_METHOD"         : "none"

[ building ] [ target/debs/trixie/systemd-sonic-generator_1.0.0_amd64.deb ] 
[ building ] [ target/debs/trixie/sonic-platform-vs_1.0_amd64.deb ] 
[ building ] [ target/debs/trixie/initramfs-tools_0.142_all.deb ] 
[ building ] [ target/debs/trixie/linux-headers-6.12.41+deb13-common-sonic_6.12.41-1_all.deb ] 
[ building ] [ target/debs/trixie/sonic-device-data_1.0-1_all.deb ] 
[ building ] [ target/debs/trixie/ifupdown2_3.0.0-1_all.deb ] 
[ building ] [ target/debs/trixie/makedumpfile_1.7.7-1_amd64.deb ] 
[ building ] [ target/debs/trixie/kdump-tools_1.10.7_amd64.deb ] 
[ finished ] [ target/debs/trixie/initramfs-tools_0.142_all.deb ] 
[ building ] [ target/debs/trixie/libpam-radius-auth_1.4.1-1_amd64.deb ] 
[ finished ] [ target/debs/trixie/sonic-platform-vs_1.0_amd64.deb ] 
[ building ] [ target/debs/trixie/libnss-radius_1.0.1-1_amd64.deb ] 
[ finished ] [ target/debs/trixie/libnss-radius_1.0.1-1_amd64.deb ] 
[ building ] [ target/debs/trixie/libtac2_1.4.1-1_amd64.deb ] 
[ finished ] [ target/debs/trixie/makedumpfile_1.7.7-1_amd64.deb ] 
[ finished ] [ target/debs/trixie/kdump-tools_1.10.7_amd64.deb ] 
[ finished ] [ target/debs/trixie/ifupdown2_3.0.0-1_all.deb ] 
[ building ] [ target/debs/trixie/monit_5.34.3-1_amd64.deb ] 
[ building ] [ target/debs/trixie/libnl-3-200_3.7.0-0.2+b1sonic1_amd64.deb ] 
[ building ] [ target/debs/trixie/libyang3_3.12.2-1_amd64.deb ] 
[ finished ] [ target/debs/trixie/systemd-sonic-generator_1.0.0_amd64.deb ] 
[ building ] [ target/debs/trixie/sonic-nettools_0.0.1-0_amd64.deb ] 
[ finished ] [ target/debs/trixie/libtac2_1.4.1-1_amd64.deb ] 
[ building ] [ target/python-wheels/trixie/redis_dump_load-1.1-py3-none-any.whl ] 
[ finished ] [ target/python-wheels/trixie/redis_dump_load-1.1-py3-none-any.whl ] 
[ building ] [ target/debs/trixie/sonic-host-services-data_1.0-1_all.deb ] 
[ finished ] [ target/debs/trixie/sonic-host-services-data_1.0-1_all.deb ] 
[ building ] [ target/debs/trixie/socat_1.7.4.1-3_amd64.deb ] 
[ finished ] [ target/debs/trixie/libyang3_3.12.2-1_amd64.deb ] 
[ building ] [ target/debs/trixie/bash_5.2.37-2_amd64.deb ] 
[ finished ] [ target/debs/trixie/libnl-3-200_3.7.0-0.2+b1sonic1_amd64.deb ] 
[ building ] [ target/debs/trixie/libtac2_1.4.1-1_amd64.deb-install ] 
[ finished ] [ target/debs/trixie/libtac2_1.4.1-1_amd64.deb-install ] 
[ building ] [ target/debs/trixie/libnl-3-200_3.7.0-0.2+b1sonic1_amd64.deb-install ] 
[ finished ] [ target/debs/trixie/libnl-3-200_3.7.0-0.2+b1sonic1_amd64.deb-install ] 
[ building ] [ target/debs/trixie/libyang3_3.12.2-1_amd64.deb-install ] 
[ finished ] [ target/debs/trixie/libyang3_3.12.2-1_amd64.deb-install ] 
[ building ] [ target/debs/trixie/sedutil_1.15-5ad84d8_amd64.deb ] 
[ finished ] [ target/debs/trixie/sedutil_1.15-5ad84d8_amd64.deb ] 
[ building ] [ target/debs/trixie/grub2-common_2.06-13+deb13u1_amd64.deb ] 
[ finished ] [ target/debs/trixie/libpam-radius-auth_1.4.1-1_amd64.deb ] 
[ building ] [ target/files/trixie/swss_vars.j2 ] 
[ finished ] [ target/files/trixie/swss_vars.j2 ] 
[ building ] [ target/files/trixie/rsyslog_plugin.conf.j2 ] 
[ finished ] [ target/files/trixie/rsyslog_plugin.conf.j2 ] 
[ building ] [ target/files/trixie/container ] 
[ finished ] [ target/files/trixie/container ] 
[ building ] [ target/files/trixie/readiness_probe.sh ] 
[ finished ] [ target/files/trixie/readiness_probe.sh ] 
[ building ] [ target/files/trixie/container_startup.py ] 
[ finished ] [ target/files/trixie/container_startup.py ] 
[ building ] [ target/python-wheels/trixie/redis_dump_load-1.1-py3-none-any.whl-install ] 
[ finished ] [ target/python-wheels/trixie/redis_dump_load-1.1-py3-none-any.whl-install ] 
[ building ] [ target/debs/trixie/iproute2_6.15.0-1+sonic.0_amd64.deb ] 
[ finished ] [ target/debs/trixie/socat_1.7.4.1-3_amd64.deb ] 
[ building ] [ target/debs/trixie/symcrypt-openssl_1.9.4_amd64.deb ] 
[ finished ] [ target/debs/trixie/symcrypt-openssl_1.9.4_amd64.deb ] 
[ building ] [ target/debs/trixie/p4lang-pi_0.1.1-1_amd64.deb ] 
[ finished ] [ target/debs/trixie/monit_5.34.3-1_amd64.deb ] 
[ building ] [ target/debs/trixie/libnexthopgroup_1.0.0_amd64.deb ] 
[ finished ] [ target/debs/trixie/sonic-nettools_0.0.1-0_amd64.deb ] 
[ building ] [ target/debs/trixie/libdashapi_1.0.0_amd64.deb ] 
[ finished ] [ target/debs/trixie/iproute2_6.15.0-1+sonic.0_amd64.deb ] 
[ building ] [ target/files/trixie/90-sonic.conf ] 
[ finished ] [ target/files/trixie/90-sonic.conf ] 
[ finished ] [ target/debs/trixie/libnexthopgroup_1.0.0_amd64.deb ] 
[ building ] [ target/files/trixie/update_chassisdb_config ] 
[ finished ] [ target/files/trixie/update_chassisdb_config ] 
[ building ] [ target/files/trixie/container_checker ] 
[ finished ] [ target/files/trixie/container_checker ] 
[ building ] [ target/files/trixie/gnmi.sh ] 
[ finished ] [ target/files/trixie/gnmi.sh ] 
[ building ] [ target/files/trixie/k8s_pod_control.sh ] 
[ finished ] [ target/files/trixie/k8s_pod_control.sh ] 
[ building ] [ target/debs/trixie/lldpd_1.0.16-1+deb12u1_amd64.deb ] 
[ building ] [ target/files/trixie/arp_update ] 
[ finished ] [ target/files/trixie/arp_update ] 
[ building ] [ target/files/trixie/arp_update_vars.j2 ] 
[ finished ] [ target/files/trixie/arp_update_vars.j2 ] 
[ building ] [ target/python-wheels/trixie/scapy-2.6.1.dev0-py3-none-any.whl ] 
[ finished ] [ target/python-wheels/trixie/scapy-2.6.1.dev0-py3-none-any.whl ] 
[ building ] [ target/debs/trixie/lm-sensors_3.6.0-7.1_amd64.deb ] 
[ finished ] [ target/debs/trixie/lm-sensors_3.6.0-7.1_amd64.deb ] 
[ finished ] [ target/debs/trixie/libdashapi_1.0.0_amd64.deb ] 
[ finished ] [ target/debs/trixie/lldpd_1.0.16-1+deb12u1_amd64.deb ] 
[ building ] [ target/python-wheels/trixie/sonic_platform_pddf_common-1.0-py3-none-any.whl ] 
[ building ] [ target/files/trixie/restapi.sh ] 
[ finished ] [ target/files/trixie/restapi.sh ] 
[ building ] [ target/debs/trixie/hsflowd_2.0.51-26_amd64.deb ] 
[ building ] [ target/debs/trixie/sflowtool_5.04_amd64.deb ] 
[ finished ] [ target/debs/trixie/bash_5.2.37-2_amd64.deb ] 
[ building ] [ target/debs/trixie/psample_1.1-1_amd64.deb ] 
[ finished ] [ target/debs/trixie/psample_1.1-1_amd64.deb ] 
[ finished ] [ target/python-wheels/trixie/sonic_platform_pddf_common-1.0-py3-none-any.whl ] 
[ building ] [ target/docker-dash-engine.gz ] 
[ finished ] [ target/debs/trixie/sflowtool_5.04_amd64.deb ] 
[ finished ] [ target/debs/trixie/sonic-device-data_1.0-1_all.deb ] 
[ building ] [ target/debs/trixie/isc-dhcp-relay_4.4.3-P1-2_amd64.deb ] 
[ building ] [ target/debs/trixie/rasdaemon_0.6.8-1_amd64.deb ] 
[ building ] [ target/files/trixie/remote_ctr.config.json ] 
[ finished ] [ target/files/trixie/remote_ctr.config.json ] 
[ building ] [ target/files/trixie/ctrmgrd.service ] 
[ finished ] [ target/files/trixie/ctrmgrd.service ] 
[ building ] [ target/debs/trixie/libpam-tacplus_1.4.1-1_amd64.deb ] 
[ finished ] [ target/debs/trixie/libpam-tacplus_1.4.1-1_amd64.deb ] 
[ building ] [ target/debs/trixie/libtac-dev_1.4.1-1_amd64.deb ] 
[ finished ] [ target/debs/trixie/libtac-dev_1.4.1-1_amd64.deb ] 
[ building ] [ target/debs/trixie/libnl-3-dev_3.7.0-0.2+b1sonic1_amd64.deb ] 
[ finished ] [ target/debs/trixie/libnl-3-dev_3.7.0-0.2+b1sonic1_amd64.deb ] 
[ building ] [ target/debs/trixie/libnl-route-3-200_3.7.0-0.2+b1sonic1_amd64.deb ] 
[ finished ] [ target/debs/trixie/libnl-route-3-200_3.7.0-0.2+b1sonic1_amd64.deb ] 
[ building ] [ target/debs/trixie/libnl-3-dev_3.7.0-0.2+b1sonic1_amd64.deb-install ] 
[ finished ] [ target/debs/trixie/libnl-3-dev_3.7.0-0.2+b1sonic1_amd64.deb-install ] 
[ building ] [ target/debs/trixie/libnl-route-3-200_3.7.0-0.2+b1sonic1_amd64.deb-install ] 
[ finished ] [ target/debs/trixie/libnl-route-3-200_3.7.0-0.2+b1sonic1_amd64.deb-install ] 
[ building ] [ target/debs/trixie/libyang-dev_3.12.2-1_amd64.deb ] 
[ finished ] [ target/debs/trixie/libyang-dev_3.12.2-1_amd64.deb ] 
[ building ] [ target/debs/trixie/libnl-genl-3-200_3.7.0-0.2+b1sonic1_amd64.deb ] 
[ finished ] [ target/debs/trixie/libnl-genl-3-200_3.7.0-0.2+b1sonic1_amd64.deb ] 
[ building ] [ target/debs/trixie/libyang-dev_3.12.2-1_amd64.deb-install ] 
[ finished ] [ target/debs/trixie/libyang-dev_3.12.2-1_amd64.deb-install ] 
[ building ] [ target/debs/trixie/libnl-genl-3-200_3.7.0-0.2+b1sonic1_amd64.deb-install ] 
[ finished ] [ target/debs/trixie/libnl-genl-3-200_3.7.0-0.2+b1sonic1_amd64.deb-install ] 
[ building ] [ target/python-wheels/trixie/swsssdk-2.0.1-py3-none-any.whl ] 
[ finished ] [ target/python-wheels/trixie/swsssdk-2.0.1-py3-none-any.whl ] 
[ building ] [ target/debs/trixie/libtac-dev_1.4.1-1_amd64.deb-install ] 
[ finished ] [ target/debs/trixie/libtac-dev_1.4.1-1_amd64.deb-install ] 
[ building ] [ target/python-wheels/trixie/swsssdk-2.0.1-py3-none-any.whl-install ] 
[ finished ] [ target/python-wheels/trixie/swsssdk-2.0.1-py3-none-any.whl-install ] 
[ building ] [ target/debs/trixie/libssl3t64_3.5.4-1+fips_amd64.deb ] 
[ finished ] [ target/debs/trixie/libssl3t64_3.5.4-1+fips_amd64.deb ] 
[ building ] [ target/debs/trixie/libssl-dev_3.5.4-1+fips_amd64.deb ] 
[ finished ] [ target/debs/trixie/libssl-dev_3.5.4-1+fips_amd64.deb ] 
[ building ] [ target/debs/trixie/openssl_3.5.4-1+fips_amd64.deb ] 
[ finished ] [ target/debs/trixie/openssl_3.5.4-1+fips_amd64.deb ] 
[ building ] [ target/debs/trixie/libk5crypto3_1.21.3-5+fips_amd64.deb ] 
[ finished ] [ target/debs/trixie/libk5crypto3_1.21.3-5+fips_amd64.deb ] 
[ building ] [ target/debs/trixie/libkrb5support0_1.21.3-5+fips_amd64.deb ] 
[ finished ] [ target/debs/trixie/libkrb5support0_1.21.3-5+fips_amd64.deb ] 
[ building ] [ target/debs/trixie/libkrb5-3_1.21.3-5+fips_amd64.deb ] 
[ finished ] [ target/debs/trixie/libkrb5-3_1.21.3-5+fips_amd64.deb ] 
[ building ] [ target/debs/trixie/libgssapi-krb5-2_1.21.3-5+fips_amd64.deb ] 
[ finished ] [ target/debs/trixie/libgssapi-krb5-2_1.21.3-5+fips_amd64.deb ] 
[ building ] [ target/debs/trixie/libnexthopgroup-dev_1.0.0_amd64.deb ] 
[ finished ] [ target/debs/trixie/libnexthopgroup-dev_1.0.0_amd64.deb ] 
[ building ] [ target/debs/trixie/libnexthopgroup_1.0.0_amd64.deb-install ] 
[ finished ] [ target/debs/trixie/libnexthopgroup_1.0.0_amd64.deb-install ] 
[ building ] [ target/debs/trixie/libdashapi_1.0.0_amd64.deb-install ] 
[ finished ] [ target/debs/trixie/libdashapi_1.0.0_amd64.deb-install ] 
[ building ] [ target/debs/trixie/libnexthopgroup-dev_1.0.0_amd64.deb-install ] 
[ finished ] [ target/debs/trixie/libnexthopgroup-dev_1.0.0_amd64.deb-install ] 
[ building ] [ target/debs/trixie/libsensors5_3.6.0-7.1_amd64.deb ] 
[ finished ] [ target/debs/trixie/libsensors5_3.6.0-7.1_amd64.deb ] 
[ building ] [ target/debs/trixie/fancontrol_3.6.0-7.1_all.deb ] 
[ finished ] [ target/debs/trixie/fancontrol_3.6.0-7.1_all.deb ] 
[ building ] [ target/debs/trixie/sensord_3.6.0-7.1_amd64.deb ] 
[ finished ] [ target/debs/trixie/sensord_3.6.0-7.1_amd64.deb ] 
[ building ] [ target/debs/trixie/libnss-tacplus_1.0.4-1_amd64.deb ] 
[ finished ] [ target/debs/trixie/hsflowd_2.0.51-26_amd64.deb ] 
[ finished ] [ target/debs/trixie/rasdaemon_0.6.8-1_amd64.deb ] 
[ building ] [ target/debs/trixie/libnl-route-3-dev_3.7.0-0.2+b1sonic1_amd64.deb ] 
[ finished ] [ target/debs/trixie/libnl-route-3-dev_3.7.0-0.2+b1sonic1_amd64.deb ] 
[ building ] [ target/debs/trixie/python3-libyang_3.1.0-1_amd64.deb ] 
[ building ] [ target/debs/trixie/libnl-genl-3-dev_3.7.0-0.2+b1sonic1_amd64.deb ] 
[ finished ] [ target/debs/trixie/libnl-genl-3-dev_3.7.0-0.2+b1sonic1_amd64.deb ] 
[ building ] [ target/debs/trixie/libnl-nf-3-200_3.7.0-0.2+b1sonic1_amd64.deb ] 
[ finished ] [ target/debs/trixie/libnl-nf-3-200_3.7.0-0.2+b1sonic1_amd64.deb ] 
[ building ] [ target/debs/trixie/libnl-genl-3-dev_3.7.0-0.2+b1sonic1_amd64.deb-install ] 
[ finished ] [ target/debs/trixie/libnl-genl-3-dev_3.7.0-0.2+b1sonic1_amd64.deb-install ] 
[ building ] [ target/debs/trixie/libnl-route-3-dev_3.7.0-0.2+b1sonic1_amd64.deb-install ] 
[ finished ] [ target/debs/trixie/libnl-route-3-dev_3.7.0-0.2+b1sonic1_amd64.deb-install ] 
[ building ] [ target/debs/trixie/bash-tacplus_1.0.0_amd64.deb ] 
[ finished ] [ target/debs/trixie/libnss-tacplus_1.0.4-1_amd64.deb ] 
[ building ] [ target/debs/trixie/audisp-tacplus_1.0.2_amd64.deb ] 
[ finished ] [ target/debs/trixie/p4lang-pi_0.1.1-1_amd64.deb ] 
[ building ] [ target/debs/trixie/libnl-nf-3-200_3.7.0-0.2+b1sonic1_amd64.deb-install ] 
[ finished ] [ target/debs/trixie/libnl-nf-3-200_3.7.0-0.2+b1sonic1_amd64.deb-install ] 
[ building ] [ target/docker-base-trixie.gz ] 
[ finished ] [ target/debs/trixie/python3-libyang_3.1.0-1_amd64.deb ] 
[ building ] [ target/debs/trixie/p4lang-pi_0.1.1-1_amd64.deb-install ] 
[ finished ] [ target/debs/trixie/bash-tacplus_1.0.0_amd64.deb ] 
[ building ] [ target/debs/trixie/python3-libyang_3.1.0-1_amd64.deb-install ] 
[ finished ] [ target/debs/trixie/p4lang-pi_0.1.1-1_amd64.deb-install ] 
[ building ] [ target/debs/trixie/frr_10.5.4-sonic-0_amd64.deb ] 
[ finished ] [ target/debs/trixie/python3-libyang_3.1.0-1_amd64.deb-install ] 
[ building ] [ target/debs/trixie/openssh-server_10.0p1-7_amd64.deb ] 
[ finished ] [ target/debs/trixie/audisp-tacplus_1.0.2_amd64.deb ] 
[ building ] [ target/python-wheels/trixie/sonic_yang_models-1.0-py3-none-any.whl ] 
[ finished ] [ target/python-wheels/trixie/sonic_yang_models-1.0-py3-none-any.whl ] 
[ building ] [ target/debs/trixie/libnl-nf-3-dev_3.7.0-0.2+b1sonic1_amd64.deb ] 
[ finished ] [ target/debs/trixie/libnl-nf-3-dev_3.7.0-0.2+b1sonic1_amd64.deb ] 
[ building ] [ target/python-wheels/trixie/sonic_yang_models-1.0-py3-none-any.whl-install ] 
[ finished ] [ target/python-wheels/trixie/sonic_yang_models-1.0-py3-none-any.whl-install ] 
[ building ] [ target/debs/trixie/libnl-nf-3-dev_3.7.0-0.2+b1sonic1_amd64.deb-install ] 
[ finished ] [ target/debs/trixie/libnl-nf-3-dev_3.7.0-0.2+b1sonic1_amd64.deb-install ] 
[ building ] [ target/debs/trixie/p4lang-bmv2_1.15.0-9_amd64.deb ] 
[ finished ] [ target/debs/trixie/linux-headers-6.12.41+deb13-common-sonic_6.12.41-1_all.deb ] 
[ building ] [ target/debs/trixie/sonic-mgmt-common_1.0.0_amd64.deb ] 
[ finished ] [ target/debs/trixie/frr_10.5.4-sonic-0_amd64.deb ] 
[ building ] [ target/debs/trixie/linux-headers-6.12.41+deb13-common-sonic_6.12.41-1_all.deb-install ] 
[ finished ] [ target/debs/trixie/linux-headers-6.12.41+deb13-common-sonic_6.12.41-1_all.deb-install ] 
[ building ] [ target/debs/trixie/linux-image-6.12.41+deb13-sonic-amd64-unsigned_6.12.41-1_amd64.deb ] 
[ finished ] [ target/debs/trixie/linux-image-6.12.41+deb13-sonic-amd64-unsigned_6.12.41-1_amd64.deb ] 
[ building ] [ target/debs/trixie/linux-kbuild-6.12.41+deb13_6.12.41-1_amd64.deb ] 
[ finished ] [ target/debs/trixie/linux-kbuild-6.12.41+deb13_6.12.41-1_amd64.deb ] 
[ building ] [ target/python-wheels/trixie/sonic_yang_mgmt-1.0-py3-none-any.whl ] 
[ finished ] [ target/python-wheels/trixie/sonic_yang_mgmt-1.0-py3-none-any.whl ] 
[ building ] [ target/debs/trixie/libnl-cli-3-200_3.7.0-0.2+b1sonic1_amd64.deb ] 
[ finished ] [ target/debs/trixie/libnl-cli-3-200_3.7.0-0.2+b1sonic1_amd64.deb ] 
[ building ] [ target/python-wheels/trixie/sonic_yang_mgmt-1.0-py3-none-any.whl-install ] 
[ finished ] [ target/python-wheels/trixie/sonic_yang_mgmt-1.0-py3-none-any.whl-install ] 
[ building ] [ target/debs/trixie/libnl-cli-3-200_3.7.0-0.2+b1sonic1_amd64.deb-install ] 
[ finished ] [ target/debs/trixie/libnl-cli-3-200_3.7.0-0.2+b1sonic1_amd64.deb-install ] 
[ building ] [ target/debs/trixie/frr-snmp_10.5.4-sonic-0_amd64.deb ] 
[ finished ] [ target/debs/trixie/frr-snmp_10.5.4-sonic-0_amd64.deb ] 
[ building ] [ target/debs/trixie/linux-kbuild-6.12.41+deb13_6.12.41-1_amd64.deb-install ] 
[ finished ] [ target/debs/trixie/linux-kbuild-6.12.41+deb13_6.12.41-1_amd64.deb-install ] 
[ building ] [ target/debs/trixie/libnl-cli-3-dev_3.7.0-0.2+b1sonic1_amd64.deb ] 
[ finished ] [ target/debs/trixie/libnl-cli-3-dev_3.7.0-0.2+b1sonic1_amd64.deb ] 
[ building ] [ target/debs/trixie/libnl-cli-3-dev_3.7.0-0.2+b1sonic1_amd64.deb-install ] 
[ finished ] [ target/debs/trixie/libnl-cli-3-dev_3.7.0-0.2+b1sonic1_amd64.deb-install ] 
[ building ] [ target/debs/trixie/libswsscommon_1.0.0_amd64.deb ] 
[ finished ] [ target/debs/trixie/sonic-mgmt-common_1.0.0_amd64.deb ] 
[ building ] [ target/debs/trixie/libteam5_1.31-1_amd64.deb ] 
[ finished ] [ target/debs/trixie/openssh-server_10.0p1-7_amd64.deb ] 
[ building ] [ target/debs/trixie/sonic-mgmt-common-codegen_1.0.0_amd64.deb ] 
[ finished ] [ target/debs/trixie/sonic-mgmt-common-codegen_1.0.0_amd64.deb ] 
[ building ] [ target/debs/trixie/sonic-mgmt-common_1.0.0_amd64.deb-install ] 
[ finished ] [ target/debs/trixie/sonic-mgmt-common_1.0.0_amd64.deb-install ] 
[ building ] [ target/debs/trixie/sonic-mgmt-common-codegen_1.0.0_amd64.deb-install ] 
[ finished ] [ target/debs/trixie/sonic-mgmt-common-codegen_1.0.0_amd64.deb-install ] 
[ building ] [ target/debs/trixie/sonic-mgmt-framework_1.0-01_amd64.deb ] 
[ finished ] [ target/docker-base-trixie.gz ] 
[ building ] [ target/docker-base-trixie.gz-load ] 
[ finished ] [ target/docker-base-trixie.gz-load ] 
[ finished ] [ target/debs/trixie/libteam5_1.31-1_amd64.deb ] 
[ building ] [ target/debs/trixie/libteamdctl0_1.31-1_amd64.deb ] 
[ finished ] [ target/debs/trixie/libteamdctl0_1.31-1_amd64.deb ] 
[ building ] [ target/debs/trixie/libteam5_1.31-1_amd64.deb-install ] 
[ building ] [ target/debs/trixie/libteam-dev_1.31-1_amd64.deb ] 
[ finished ] [ target/debs/trixie/libteam-dev_1.31-1_amd64.deb ] 
[ building ] [ target/debs/trixie/libteam-utils_1.31-1_amd64.deb ] 
[ finished ] [ target/debs/trixie/libteam-utils_1.31-1_amd64.deb ] 
[ finished ] [ target/debs/trixie/libteam5_1.31-1_amd64.deb-install ] 
[ building ] [ target/debs/trixie/libteamdctl0_1.31-1_amd64.deb-install ] 
[ finished ] [ target/debs/trixie/libteamdctl0_1.31-1_amd64.deb-install ] 
[ building ] [ target/debs/trixie/libteam-dev_1.31-1_amd64.deb-install ] 
[ building ] [ target/debs/trixie/libteam-utils_1.31-1_amd64.deb-install ] 
[ finished ] [ target/debs/trixie/libteam-dev_1.31-1_amd64.deb-install ] 
[ finished ] [ target/debs/trixie/libteam-utils_1.31-1_amd64.deb-install ] 
[ finished ] [ target/docker-dash-engine.gz ] 
[ finished ] [ target/debs/trixie/sonic-mgmt-framework_1.0-01_amd64.deb ] 
[ finished ] [ target/debs/trixie/libswsscommon_1.0.0_amd64.deb ] 
[ building ] [ target/debs/trixie/python3-swsscommon_1.0.0_amd64.deb ] 
[ finished ] [ target/debs/trixie/python3-swsscommon_1.0.0_amd64.deb ] 
[ building ] [ target/debs/trixie/sonic-db-cli_1.0.0_amd64.deb ] 
[ finished ] [ target/debs/trixie/sonic-db-cli_1.0.0_amd64.deb ] 
[ building ] [ target/debs/trixie/libswsscommon-dev_1.0.0_amd64.deb ] 
[ finished ] [ target/debs/trixie/libswsscommon-dev_1.0.0_amd64.deb ] 
[ building ] [ target/debs/trixie/libswsscommon_1.0.0_amd64.deb-install ] 
[ finished ] [ target/debs/trixie/libswsscommon_1.0.0_amd64.deb-install ] 
[ building ] [ target/debs/trixie/libswsscommon-dev_1.0.0_amd64.deb-install ] 
[ building ] [ target/debs/trixie/python3-swsscommon_1.0.0_amd64.deb-install ] 
[ finished ] [ target/debs/trixie/libswsscommon-dev_1.0.0_amd64.deb-install ] 
[ building ] [ target/debs/trixie/sonic-eventd_1.0.0-0_amd64.deb ] 
[ building ] [ target/debs/trixie/sonic-ctrmgrd-rs_1.0.0_amd64.deb ] 
[ finished ] [ target/debs/trixie/python3-swsscommon_1.0.0_amd64.deb-install ] 
[ building ] [ target/debs/trixie/sonic-host-services-rs_1.0.0_amd64.deb ] 
[ building ] [ target/debs/trixie/syslog-counter_1.0.0_amd64.deb ] 
[ building ] [ target/debs/trixie/sonic-supervisord-utilities-rs_1.0.0_amd64.deb ] 
[ finished ] [ target/debs/trixie/sonic-eventd_1.0.0-0_amd64.deb ] 
[ building ] [ target/debs/trixie/sonic-bmp_0.1_amd64.deb ] 
[ finished ] [ target/debs/trixie/grub2-common_2.06-13+deb13u1_amd64.deb ] 
[ building ] [ target/debs/trixie/dash-ha_1.0.0_amd64.deb ] 
[ finished ] [ target/debs/trixie/isc-dhcp-relay_4.4.3-P1-2_amd64.deb ] 
[ building ] [ target/debs/trixie/stp_1.0.0_amd64.deb ] 
[ finished ] [ target/debs/trixie/sonic-bmp_0.1_amd64.deb ] 
[ building ] [ target/debs/trixie/sonic-gnmi_0.1_amd64.deb ] 
[ finished ] [ target/debs/trixie/stp_1.0.0_amd64.deb ] 
[ building ] [ target/debs/trixie/sonic-linkmgrd_1.0.0-1_amd64.deb ] 
[ finished ] [ target/debs/trixie/sonic-linkmgrd_1.0.0-1_amd64.deb ] 
[ building ] [ target/debs/trixie/sysmgr_1.0.0_amd64.deb ] 
[ finished ] [ target/debs/trixie/sonic-gnmi_0.1_amd64.deb ] 
[ building ] [ target/debs/trixie/sonic-dhcpmon_1.0.0-0_amd64.deb ] 
[ finished ] [ target/debs/trixie/syslog-counter_1.0.0_amd64.deb ] 
[ finished ] [ target/debs/trixie/sonic-dhcpmon_1.0.0-0_amd64.deb ] 
[ finished ] [ target/debs/trixie/sysmgr_1.0.0_amd64.deb ] 
[ building ] [ target/debs/trixie/sonic-dhcp4relay_1.0.0-0_amd64.deb ] 
[ finished ] [ target/debs/trixie/p4lang-bmv2_1.15.0-9_amd64.deb ] 
[ building ] [ target/debs/trixie/sonic-dhcp6relay_1.0.0-0_amd64.deb ] 
[ finished ] [ target/debs/trixie/sonic-supervisord-utilities-rs_1.0.0_amd64.deb ] 
[ finished ] [ target/debs/trixie/sonic-host-services-rs_1.0.0_amd64.deb ] 
[ building ] [ target/debs/trixie/wpasupplicant_2.9.0-14_amd64.deb ] 
[ finished ] [ target/debs/trixie/sonic-dhcp6relay_1.0.0-0_amd64.deb ] 
[ finished ] [ target/debs/trixie/sonic-dhcp4relay_1.0.0-0_amd64.deb ] 
[ building ] [ target/sonic-vs.bin__vs__rfs.squashfs ] 
[ building ] [ target/debs/trixie/sonic-rsyslog-plugin_1.0.0-0_amd64.deb ] 
[ finished ] [ target/debs/trixie/sonic-rsyslog-plugin_1.0.0-0_amd64.deb ] 
[ building ] [ target/python-wheels/trixie/sonic_py_common-1.0-py3-none-any.whl ] 
[ finished ] [ target/python-wheels/trixie/sonic_py_common-1.0-py3-none-any.whl ] 
[ finished ] [ target/debs/trixie/sonic-ctrmgrd-rs_1.0.0_amd64.deb ] 
[ finished ] [ target/debs/trixie/wpasupplicant_2.9.0-14_amd64.deb ] 
[ building ] [ target/debs/trixie/sonic-bmp_0.1_amd64.deb-install ] 
[ finished ] [ target/debs/trixie/sonic-bmp_0.1_amd64.deb-install ] 
[ building ] [ target/debs/trixie/p4lang-bmv2_1.15.0-9_amd64.deb-install ] 
[ building ] [ target/debs/trixie/stp_1.0.0_amd64.deb-install ] 
[ finished ] [ target/debs/trixie/p4lang-bmv2_1.15.0-9_amd64.deb-install ] 
[ building ] [ target/python-wheels/trixie/sonic_py_common-1.0-py3-none-any.whl-install ] 
[ finished ] [ target/debs/trixie/stp_1.0.0_amd64.deb-install ] 
[ building ] [ target/debs/trixie/p4lang-p4c_1.2.4.2-2_amd64.deb ] 
[ finished ] [ target/python-wheels/trixie/sonic_py_common-1.0-py3-none-any.whl-install ] 
[ building ] [ target/python-wheels/trixie/sonic_config_engine-1.0-py3-none-any.whl ] 
[ building ] [ target/python-wheels/trixie/sonic_containercfgd-1.0-py3-none-any.whl ] 
[ finished ] [ target/python-wheels/trixie/sonic_containercfgd-1.0-py3-none-any.whl ] 
[ building ] [ target/python-wheels/trixie/sonic_supervisord_utilities-1.0-py3-none-any.whl ] 
[ finished ] [ target/python-wheels/trixie/sonic_config_engine-1.0-py3-none-any.whl ] 
[ building ] [ target/python-wheels/trixie/sonic_d-2.0.0-py3-none-any.whl ] 
[ building ] [ target/python-wheels/trixie/sonic_ledd-1.1-py3-none-any.whl ] 
[ building ] [ target/python-wheels/trixie/sonic_pcied-1.0-py3-none-any.whl ] 
[ finished ] [ target/python-wheels/trixie/sonic_d-2.0.0-py3-none-any.whl ] 
[ building ] [ target/python-wheels/trixie/sonic_config_engine-1.0-py3-none-any.whl-install ] 
[ finished ] [ target/python-wheels/trixie/sonic_ledd-1.1-py3-none-any.whl ] 
[ finished ] [ target/python-wheels/trixie/sonic_pcied-1.0-py3-none-any.whl ] 
[ building ] [ target/python-wheels/trixie/sonic_stormond-1.0-py3-none-any.whl ] 
[ finished ] [ target/python-wheels/trixie/sonic_config_engine-1.0-py3-none-any.whl-install ] 
[ finished ] [ target/python-wheels/trixie/sonic_supervisord_utilities-1.0-py3-none-any.whl ] 
[ building ] [ target/python-wheels/trixie/sonic_dhcp_utilities-1.0-py3-none-any.whl ] 
[ building ] [ target/python-wheels/trixie/sonic_ctrmgrd-1.0.0-py3-none-any.whl ] 
[ building ] [ target/python-wheels/trixie/system_health-1.0-py3-none-any.whl ] 
[ building ] [ target/python-wheels/trixie/sonic_platform_common-1.0-py3-none-any.whl ] 
/sonic/src/sonic-dash-ha /sonic
Removing patch ../sonic-dash-ha.patch/0001-build-use-relative-path-when-building-cargo-dependen.patch
Restoring Cargo.toml

No patches applied
/sonic
[ finished ] [ target/debs/trixie/dash-ha_1.0.0_amd64.deb ] 
[ building ] [ target/docker-config-engine-trixie.gz ] 
[ finished ] [ target/python-wheels/trixie/sonic_stormond-1.0-py3-none-any.whl ] 
[ building ] [ target/python-wheels/trixie/sonic_bgpcfgd-1.0-py3-none-any.whl ] 
[ finished ] [ target/python-wheels/trixie/sonic_dhcp_utilities-1.0-py3-none-any.whl ] 
[ building ] [ target/python-wheels/trixie/sonic_frr_mgmt_framework-1.0-py3-none-any.whl ] 
[ finished ] [ target/python-wheels/trixie/sonic_ctrmgrd-1.0.0-py3-none-any.whl ] 
[ finished ] [ target/python-wheels/trixie/system_health-1.0-py3-none-any.whl ] 
[ finished ] [ target/python-wheels/trixie/sonic_platform_common-1.0-py3-none-any.whl ] 
[ building ] [ target/python-wheels/trixie/sonic_platform_common-1.0-py3-none-any.whl-install ] 
[ finished ] [ target/python-wheels/trixie/sonic_platform_common-1.0-py3-none-any.whl-install ] 
[ building ] [ target/python-wheels/trixie/sonic_utilities-1.2-py3-none-any.whl ] 
[ building ] [ target/python-wheels/trixie/sonic_psud-1.0-py3-none-any.whl ] 
[ building ] [ target/python-wheels/trixie/sonic_syseepromd-1.0-py3-none-any.whl ] 
[ finished ] [ target/python-wheels/trixie/sonic_bgpcfgd-1.0-py3-none-any.whl ] 
[ building ] [ target/python-wheels/trixie/sonic_thermalctld-1.0-py3-none-any.whl ] 
[ finished ] [ target/python-wheels/trixie/sonic_frr_mgmt_framework-1.0-py3-none-any.whl ] 
[ building ] [ target/python-wheels/trixie/sonic_sensormond-1.0-py3-none-any.whl ] 
[ finished ] [ target/python-wheels/trixie/sonic_psud-1.0-py3-none-any.whl ] 
[ building ] [ target/python-wheels/trixie/sonic_xcvrd-1.0-py3-none-any.whl ] 
[ finished ] [ target/python-wheels/trixie/sonic_syseepromd-1.0-py3-none-any.whl ] 
[ building ] [ target/python-wheels/trixie/sonic_ycabled-1.0-py3-none-any.whl ] 
[ finished ] [ target/python-wheels/trixie/sonic_thermalctld-1.0-py3-none-any.whl ] 
[ building ] [ target/python-wheels/trixie/sonic_chassisd-1.0-py3-none-any.whl ] 
[ finished ] [ target/python-wheels/trixie/sonic_sensormond-1.0-py3-none-any.whl ] 
[ building ] [ target/python-wheels/trixie/sonic_bmcctld-1.0-py3-none-any.whl ] 
[ finished ] [ target/python-wheels/trixie/sonic_utilities-1.2-py3-none-any.whl ] 
[ building ] [ target/python-wheels/trixie/asyncsnmp-2.1.0-py3-none-any.whl ] 
[ finished ] [ target/python-wheels/trixie/sonic_xcvrd-1.0-py3-none-any.whl ] 
[ building ] [ target/python-wheels/trixie/sonic_utilities-1.2-py3-none-any.whl-install ] 
[ finished ] [ target/python-wheels/trixie/sonic_ycabled-1.0-py3-none-any.whl ] 
[ finished ] [ target/python-wheels/trixie/sonic_chassisd-1.0-py3-none-any.whl ] 
[ finished ] [ target/python-wheels/trixie/sonic_utilities-1.2-py3-none-any.whl-install ] 
[ finished ] [ target/python-wheels/trixie/sonic_bmcctld-1.0-py3-none-any.whl ] 
[ building ] [ target/debs/trixie/sonic-utilities-data_1.0-1_all.deb ] 
[ building ] [ target/python-wheels/trixie/sonic_bmpcfgd_services-1.0-py3-none-any.whl ] 
[ building ] [ target/python-wheels/trixie/sonic_host_services-1.0-py3-none-any.whl ] 
[ finished ] [ target/python-wheels/trixie/asyncsnmp-2.1.0-py3-none-any.whl ] 
[ finished ] [ target/debs/trixie/sonic-utilities-data_1.0-1_all.deb ] 
[ finished ] [ target/python-wheels/trixie/sonic_bmpcfgd_services-1.0-py3-none-any.whl ] 
[ finished ] [ target/python-wheels/trixie/sonic_host_services-1.0-py3-none-any.whl ] 
[ finished ] [ target/docker-config-engine-trixie.gz ] 
[ building ] [ target/docker-config-engine-trixie.gz-load ] 
[ finished ] [ target/docker-config-engine-trixie.gz-load ] 
[ building ] [ target/docker-bmp-watchdog.gz ] 
[ building ] [ target/docker-sonic-bmp.gz ] 
[ building ] [ target/docker-database.gz ] 
[ building ] [ target/docker-eventd.gz ] 
[ building ] [ target/docker-gnmi-sidecar.gz ] 
[ building ] [ target/docker-gnmi-watchdog.gz ] 
[ finished ] [ target/docker-gnmi-sidecar.gz ] 
[ building ] [ target/docker-sonic-gnmi.gz ] 
[ finished ] [ target/docker-sonic-bmp.gz ] 
[ building ] [ target/docker-lldp.gz ] 
[ finished ] [ target/docker-eventd.gz ] 
[ building ] [ target/docker-mux.gz ] 
[ finished ] [ target/docker-database.gz ] 
[ building ] [ target/docker-sonic-otel.gz ] 
[ finished ] [ target/docker-sonic-gnmi.gz ] 
[ building ] [ target/docker-platform-monitor.gz ] 
[ finished ] [ target/docker-lldp.gz ] 
[ building ] [ target/docker-restapi-sidecar.gz ] 
[ finished ] [ target/docker-mux.gz ] 
[ building ] [ target/docker-router-advertiser.gz ] 
[ finished ] [ target/docker-restapi-sidecar.gz ] 
[ building ] [ target/docker-snmp.gz ] 
[ finished ] [ target/docker-sonic-otel.gz ] 
[ building ] [ target/docker-sonic-mgmt-framework.gz ] 
[ finished ] [ target/docker-router-advertiser.gz ] 
[ building ] [ target/docker-sysmgr.gz ] 
[ finished ] [ target/docker-sysmgr.gz ] 
[ building ] [ target/docker-dhcp-relay.gz ] 
[ finished ] [ target/docker-snmp.gz ] 
[ finished ] [ target/docker-sonic-mgmt-framework.gz ] 
[ finished ] [ target/docker-dhcp-relay.gz ] 
[ finished ] [ target/docker-platform-monitor.gz ] 
[ finished ] [ target/docker-bmp-watchdog.gz ] 
[ finished ] [ target/docker-gnmi-watchdog.gz ] 
[ finished ] [ target/debs/trixie/p4lang-p4c_1.2.4.2-2_amd64.deb ] 
[ building ] [ target/debs/trixie/p4lang-p4c_1.2.4.2-2_amd64.deb-install ] 
[ finished ] [ target/debs/trixie/p4lang-p4c_1.2.4.2-2_amd64.deb-install ] 
[ building ] [ target/debs/trixie/libsai_1.0.0_amd64.deb ] 
[ finished ] [ target/sonic-vs.bin__vs__rfs.squashfs ] 
[ finished ] [ target/debs/trixie/libsai_1.0.0_amd64.deb ] 
[ building ] [ target/debs/trixie/libsai_1.0.0_amd64.deb-install ] 
[ finished ] [ target/debs/trixie/libsai_1.0.0_amd64.deb-install ] 
[ building ] [ target/debs/trixie/libsairedis_1.0.0_amd64.deb ] 
[ finished ] [ target/debs/trixie/libsairedis_1.0.0_amd64.deb ] 
[ building ] [ target/debs/trixie/libsairedis-dev_1.0.0_amd64.deb ] 
[ finished ] [ target/debs/trixie/libsairedis-dev_1.0.0_amd64.deb ] 
[ building ] [ target/debs/trixie/libsaimetadata_1.0.0_amd64.deb ] 
[ finished ] [ target/debs/trixie/libsaimetadata_1.0.0_amd64.deb ] 
[ building ] [ target/debs/trixie/libsairedis_1.0.0_amd64.deb-install ] 
[ building ] [ target/debs/trixie/syncd-vs_1.0.0_amd64.deb ] 
[ finished ] [ target/debs/trixie/syncd-vs_1.0.0_amd64.deb ] 
[ building ] [ target/debs/trixie/libsaimetadata-dev_1.0.0_amd64.deb ] 
[ finished ] [ target/debs/trixie/libsaimetadata-dev_1.0.0_amd64.deb ] 
[ building ] [ target/debs/trixie/libsaivs_1.0.0_amd64.deb ] 
[ finished ] [ target/debs/trixie/libsaivs_1.0.0_amd64.deb ] 
[ finished ] [ target/debs/trixie/libsairedis_1.0.0_amd64.deb-install ] 
[ building ] [ target/docker-syncd-vs.gz ] 
[ building ] [ target/docker-gbsyncd-vs.gz ] 
[ building ] [ target/debs/trixie/libsaivs-dev_1.0.0_amd64.deb ] 
[ finished ] [ target/debs/trixie/libsaivs-dev_1.0.0_amd64.deb ] 
[ building ] [ target/debs/trixie/libsairedis-dev_1.0.0_amd64.deb-install ] 
[ building ] [ target/debs/trixie/libsaimetadata_1.0.0_amd64.deb-install ] 
[ finished ] [ target/debs/trixie/libsairedis-dev_1.0.0_amd64.deb-install ] 
[ finished ] [ target/debs/trixie/libsaimetadata_1.0.0_amd64.deb-install ] 
[ building ] [ target/debs/trixie/libsaimetadata-dev_1.0.0_amd64.deb-install ] 
[ building ] [ target/debs/trixie/libsaivs_1.0.0_amd64.deb-install ] 
[ finished ] [ target/debs/trixie/libsaimetadata-dev_1.0.0_amd64.deb-install ] 
[ finished ] [ target/debs/trixie/libsaivs_1.0.0_amd64.deb-install ] 
[ building ] [ target/debs/trixie/libsaivs-dev_1.0.0_amd64.deb-install ] 
[ finished ] [ target/debs/trixie/libsaivs-dev_1.0.0_amd64.deb-install ] 
[ building ] [ target/debs/trixie/swss_1.0.0_amd64.deb ] 
[ finished ] [ target/docker-gbsyncd-vs.gz ] 
[ finished ] [ target/docker-syncd-vs.gz ] 
/sonic/src/sonic-swss /sonic
Removing patch ../sonic-swss.patch/0002-Remove-lock-option-when-cargo-build.patch
Restoring debian/rules

Removing patch ../sonic-swss.patch/0001-build-use-relative-path-when-building-cargo-dependen.patch
Restoring Cargo.toml

No patches applied
/sonic
[ finished ] [ target/debs/trixie/swss_1.0.0_amd64.deb ] 
[ building ] [ target/docker-swss-layer-trixie.gz ] 
[ finished ] [ target/docker-swss-layer-trixie.gz ] 
[ building ] [ target/docker-swss-layer-trixie.gz-load ] 
[ finished ] [ target/docker-swss-layer-trixie.gz-load ] 
[ building ] [ target/docker-dash-ha.gz ] 
[ building ] [ target/docker-fpm-frr.gz ] 
[ building ] [ target/docker-nat.gz ] 
[ building ] [ target/docker-orchagent.gz ] 
[ building ] [ target/docker-sflow.gz ] 
[ building ] [ target/docker-teamd.gz ] 
[ building ] [ target/docker-macsec.gz ] 
[ finished ] [ target/docker-dash-ha.gz ] 
[ finished ] [ target/docker-teamd.gz ] 
[ finished ] [ target/docker-macsec.gz ] 
[ finished ] [ target/docker-sflow.gz ] 
[ finished ] [ target/docker-nat.gz ] 
[ finished ] [ target/docker-fpm-frr.gz ] 
[ finished ] [ target/docker-orchagent.gz ] 
basename: missing operand
Try 'basename --help' for more information.
[ building ] [ target/sonic-vs.bin ] 
[ finished ] [ target/sonic-vs.bin ] 
[ FAIL LOG START ] [ target/sonic-vs.bin ]
Build start time: Sat Sep 5 14:15:44 UTC 2026
++ '[' -f .arch ']'
++ cat .arch
+ CONFIGURED_ARCH=amd64
+ DOCKER_VERSION=5:28.5.2-1~debian.13~trixie
+ CONTAINERD_IO_VERSION=1.7.28-2~debian.13~trixie
+ LINUX_KERNEL_VERSION=6.12.41+deb13
+ FILESYSTEM_ROOT=./fsroot
+ PLATFORM_DIR=platform
+ HOSTNAME=sonic
+ DEFAULT_USERINFO='Default admin user,,,'
+ BUILD_TOOL_PATH=src/sonic-build-hooks/buildinfo
+ TRUSTED_GPG_DIR=src/sonic-build-hooks/buildinfo/trusted.gpg.d
+ . ./onie-image.conf
++ : 32768
++ : x86_64
++ : vs
++ ONIEIMAGE_VERSION=r0
++ FILESYSTEM_ROOT=./fsroot-vs
++ FILESYSTEM_SQUASHFS=fs.squashfs
++ INSTALLER_PAYLOAD=fs.zip
++ FILESYSTEM_DOCKERFS=dockerfs.tar.gz
++ DOCKERFS_DIR=docker
++ DOCKER_RAMFS_SIZE=3500M
++ OUTPUT_ONIE_IMAGE=target/sonic-vs.bin
++ OUTPUT_RAW_IMAGE=target/sonic-vs.raw
++ RAW_IMAGE_DISK_SIZE=1700
++ OUTPUT_KVM_IMAGE=target/sonic-vs.img
++ KVM_IMAGE_DISK_SIZE=16
++ OUTPUT_ABOOT_IMAGE=target/sonic-aboot-vs.swi
++ ABOOT_BOOT_IMAGE=.sonic-boot.swi
++ OUTPUT_KVM_4ASIC_IMAGE=target/sonic-4asic-vs.img
++ OUTPUT_KVM_6ASIC_IMAGE=target/sonic-6asic-vs.img
++ OUTPUT_DSC_IMAGE=target/sonic-vs.tar
+ '[' -n 32768 ']'
+ '[' -n fs.zip ']'
+ '[' -n fs.squashfs ']'
+ '[' onie = aboot ']'
+ [[ y != y ]]
+ [[ n == y ]]
+ [[ y == y ]]
+ echo '[INFO] RFS build: second stage'
[INFO] RFS build: second stage
+ sudo mount proc /proc -t proc
+ sudo fuser -vm ./fsroot-vs
                     USER        PID ACCESS COMMAND
/sonic/fsroot-vs:    root     kernel mount /sonic
                     qiuying.xzc      1 ..c.. docker-init
                     qiuying.xzc      7 ..c.. bash
                     qiuying.xzc      8 ..c.. make
                     root      151474 ....m dockerd
                     root      151575 ....m containerd
                     qiuying.xzc  2176437 ..c.. bash
                     qiuying.xzc  2176532 ..c.. build_debian.sh
                     qiuying.xzc  2176533 ..c.. process_log.sh
                     root      2176542 ..c.. sudo
+ sudo rm -rf ./fsroot-vs
+ sudo unsquashfs -d ./fsroot-vs target/sonic-vs.bin__vs__rfs.squashfs
Parallel unsquashfs: Using 192 processors
31032 inodes (37156 blocks) to write

[===========/                                                ] 13109/68188  19%[==============================-                             ] 35702/68188  52%[===========================================================-] 68188/68188 100%

created 27956 files
created 3704 directories
created 3060 symlinks
created 8 devices
created 0 fifos
created 0 sockets
created 8 hardlinks
+ pushd ./fsroot-vs
/sonic/fsroot-vs /sonic
+ sudo mount --bind . .
+ popd
/sonic
+ trap_push 'sudo LANG=C chroot $FILESYSTEM_ROOT umount /proc || true'
+ local oldcmd=true
+ local 'newcmd=sudo LANG=C chroot $FILESYSTEM_ROOT umount /proc || true; true'
+ trap -- 'sudo LANG=C chroot $FILESYSTEM_ROOT umount /proc || true; true' EXIT INT TERM HUP
+ _trap_push 'sudo LANG=C chroot $FILESYSTEM_ROOT umount /proc || true; true'
+ local 'next=sudo LANG=C chroot $FILESYSTEM_ROOT umount /proc || true; true'
++ echo 'sudo LANG=C chroot $FILESYSTEM_ROOT umount /proc || true; true'
++ sed -e 's/'\''/'\''\\'\'''\''/g'
+ eval 'trap_push() {
        local oldcmd='\''sudo LANG=C chroot $FILESYSTEM_ROOT umount /proc || true; true'\''
        local newcmd="$1; $oldcmd"
        trap -- "$newcmd" EXIT INT TERM HUP
        _trap_push "$newcmd"
    }'
+ sudo LANG=C chroot ./fsroot-vs mount proc /proc -t proc
+ export build_version=master.0-dirty-20260905.213945
+ build_version=master.0-dirty-20260905.213945
++ cat ./fsroot-vs/etc/debian_version
+ export debian_version=13.6
+ debian_version=13.6
+ export kernel_version=6.12.41+deb13-sonic-amd64
+ kernel_version=6.12.41+deb13-sonic-amd64
+ export asic_type=vs
+ asic_type=vs
+ export asic_subtype=vs
+ asic_subtype=vs
++ git rev-parse --short HEAD
+ export commit_id=0587916c6
+ commit_id=0587916c6
++ git rev-parse --abbrev-ref HEAD
+ export branch=master
+ branch=master
++ '[' -f ./fsroot-vs/etc/sonic/sonic_release ']'
+ export release=
+ release=
++ date -u
+ export 'build_date=Sat Sep  5 14:16:06 UTC 2026'
+ build_date='Sat Sep  5 14:16:06 UTC 2026'
+ export build_number=0
+ build_number=0
+ export built_by=qiuying.xzc@alinos-oncall215192149218.na131
+ built_by=qiuying.xzc@alinos-oncall215192149218.na131
+ export sonic_os_version=13
+ sonic_os_version=13
+ j2 files/build_templates/sonic_version.yml.j2
+ sudo tee ./fsroot-vs/etc/sonic/sonic_version.yml
---
build_version: 'master.0-dirty-20260905.213945'
debian_version: '13.6'
kernel_version: '6.12.41+deb13-sonic-amd64'
asic_type: vs
asic_subtype: 'vs'
commit_id: '0587916c6'
branch: 'master'
release: 'none'
build_date: Sat Sep  5 14:16:06 UTC 2026
build_number: 0
built_by: qiuying.xzc@alinos-oncall215192149218.na131
libswsscommon: 1.0.0
sonic-ctrmgrd-rs: 1.0.0
sonic-host-services-rs: 1.0.0
sonic_utilities: 1.2
sonic_os_version: 13
secure_boot_image: 'no'
+ '[' -f sonic_debian_extension.sh ']'
+ ./sonic_debian_extension.sh ./fsroot-vs platform trixie
++ '[' -f .arch ']'
++ cat .arch
+ CONFIGURED_ARCH=amd64
++ '[' -f .platform ']'
++ cat .platform
+ CONFIGURED_PLATFORM=vs
+ . functions.sh
++ _trap_push true
++ local next=true
+++ echo true
+++ sed -e 's/'\''/'\''\\'\'''\''/g'
++ eval 'trap_push() {
        local oldcmd='\''true'\''
        local newcmd="$1; $oldcmd"
        trap -- "$newcmd" EXIT INT TERM HUP
        _trap_push "$newcmd"
    }'
+ BUILD_SCRIPTS_DIR=files/build_scripts
+ BUILD_TEMPLATES=files/build_templates
+ IMAGE_CONFIGS=files/image_config
+ SCRIPTS_DIR=files/scripts
+ DOCKER_SCRIPTS_DIR=files/docker
+ DOCKER_CTL_DIR=/usr/lib/docker/
+ DOCKER_CTL_SCRIPT=/usr/lib/docker//docker.sh
+ FILESYSTEM_ROOT_USR=./fsroot-vs/usr
+ FILESYSTEM_ROOT_USR_LIB=./fsroot-vs/usr/lib/
+ FILESYSTEM_ROOT_USR_LIB_SYSTEMD_SYSTEM=./fsroot-vs/usr/lib//systemd/system
+ FILESYSTEM_ROOT_USR_LIB_SYSTEMD_NETWORK=./fsroot-vs/usr/lib//systemd/network
+ FILESYSTEM_ROOT_USR_SHARE=./fsroot-vs/usr/share
+ FILESYSTEM_ROOT_USR_SHARE_SONIC=./fsroot-vs/usr/share/sonic
+ FILESYSTEM_ROOT_USR_SHARE_SONIC_SCRIPTS=./fsroot-vs/usr/share/sonic/scripts
+ FILESYSTEM_ROOT_USR_SHARE_SONIC_TEMPLATES=./fsroot-vs/usr/share/sonic/templates
+ FILESYSTEM_ROOT_USR_SHARE_SONIC_FIRMWARE=./fsroot-vs/usr/share/sonic/firmware
+ FILESYSTEM_ROOT_ETC=./fsroot-vs/etc
+ FILESYSTEM_ROOT_ETC_SONIC=./fsroot-vs/etc/sonic
+ GENERATED_SERVICE_FILE=./fsroot-vs/etc/sonic/generated_services.conf
+ trap_push clean_sys
+ local oldcmd=true
+ local 'newcmd=clean_sys; true'
+ trap -- 'clean_sys; true' EXIT INT TERM HUP
+ _trap_push 'clean_sys; true'
+ local 'next=clean_sys; true'
++ echo 'clean_sys; true'
++ sed -e 's/'\''/'\''\\'\'''\''/g'
+ eval 'trap_push() {
        local oldcmd='\''clean_sys; true'\''
        local newcmd="$1; $oldcmd"
        trap -- "$newcmd" EXIT INT TERM HUP
        _trap_push "$newcmd"
    }'
+ sudo LANG=C chroot ./fsroot-vs mount sysfs /sys -t sysfs
+ sudo bash -c 'echo "DOCKER_OPTS="--storage-driver=overlay2"" >> ./fsroot-vs/etc/default/docker'
+ sudo mkdir -p ./fsroot-vs//usr/lib/docker/
+ sudo cp files/docker/docker ./fsroot-vs//usr/lib/docker//docker.sh
+ [[ n == y ]]
+ [[ n == y ]]
+ sudo chroot ./fsroot-vs /usr/lib/docker//docker.sh start
Starting Docker: docker.
+ sudo LANG=C DEBIAN_FRONTEND=noninteractive chroot ./fsroot-vs apt-get update
Hit:1 http://debian-archive.trafficmanager.net/debian trixie InRelease
Hit:2 http://debian-archive.trafficmanager.net/debian trixie-updates InRelease
Hit:3 http://debian-archive.trafficmanager.net/debian trixie-backports InRelease
Hit:4 http://debian-archive.trafficmanager.net/debian-security trixie-security InRelease
Hit:5 https://download.docker.com/linux/debian trixie InRelease
sending incremental file list

sent 103 bytes  received 13 bytes  232.00 bytes/sec
total size is 0  speedup is 0.00
Reading package lists...
+ sudo LANG=C DEBIAN_FRONTEND=noninteractive chroot ./fsroot-vs apt-get -y install efitools
Reading package lists...
Building dependency tree...
Reading state information...
The following package was automatically installed and is no longer required:
  libfuse3-4
Use 'sudo apt autoremove' to remove it.
The following additional packages will be installed:
  sbsigntool
The following NEW packages will be installed:
  efitools sbsigntool
0 upgraded, 2 newly installed, 0 to remove and 7 not upgraded.
Need to get 201 kB of archives.
After this operation, 1456 kB of additional disk space will be used.
Get:1 http://debian-archive.trafficmanager.net/debian trixie/main amd64 sbsigntool amd64 0.9.4-3.2 [67.5 kB]
Get:2 http://debian-archive.trafficmanager.net/debian trixie/main amd64 efitools amd64 1.9.2-3.5 [133 kB]
Fetched 201 kB in 0s (491 kB/s)
E: Can not write log (Is /dev/pts mounted?) - posix_openpt (19: No such device)
Selecting previously unselected package sbsigntool.
(Reading database ... 29579 files and directories currently installed.)
Preparing to unpack .../sbsigntool_0.9.4-3.2_amd64.deb ...
Unpacking sbsigntool (0.9.4-3.2) ...
Selecting previously unselected package efitools.
Preparing to unpack .../efitools_1.9.2-3.5_amd64.deb ...
Unpacking efitools (1.9.2-3.5) ...
Setting up sbsigntool (0.9.4-3.2) ...
Setting up efitools (1.9.2-3.5) ...
sending incremental file list
./
partial/

sent 122 bytes  received 23 bytes  290.00 bytes/sec
total size is 0  speedup is 0.00
+ sudo LANG=C DEBIAN_FRONTEND=noninteractive chroot ./fsroot-vs apt-get -y install mokutil
Reading package lists...
Building dependency tree...
Reading state information...
The following package was automatically installed and is no longer required:
  libfuse3-4
Use 'sudo apt autoremove' to remove it.
The following NEW packages will be installed:
  mokutil
0 upgraded, 1 newly installed, 0 to remove and 7 not upgraded.
Need to get 26.7 kB of archives.
After this operation, 80.9 kB of additional disk space will be used.
Get:1 http://debian-archive.trafficmanager.net/debian trixie/main amd64 mokutil amd64 0.7.2-1 [26.7 kB]
Fetched 26.7 kB in 0s (94.9 kB/s)
E: Can not write log (Is /dev/pts mounted?) - posix_openpt (19: No such device)
Selecting previously unselected package mokutil.
(Reading database ... 29632 files and directories currently installed.)
Preparing to unpack .../mokutil_0.7.2-1_amd64.deb ...
Unpacking mokutil (0.7.2-1) ...
Setting up mokutil (0.7.2-1) ...
sending incremental file list
./
partial/

sent 122 bytes  received 23 bytes  290.00 bytes/sec
total size is 0  speedup is 0.00
+ install_deb_package target/debs/trixie/sedutil_1.15-5ad84d8_amd64.deb
+ deb_packages=target/debs/trixie/sedutil_1.15-5ad84d8_amd64.deb
+ [[ -z target/debs/trixie/sedutil_1.15-5ad84d8_amd64.deb ]]
+ sudo cp target/debs/trixie/sedutil_1.15-5ad84d8_amd64.deb ./fsroot-vs/
++ basename -a target/debs/trixie/sedutil_1.15-5ad84d8_amd64.deb
+ basename_deb_packages=sedutil_1.15-5ad84d8_amd64.deb
+ sudo LANG=C DEBIAN_FRONTEND=noninteractive chroot ./fsroot-vs dpkg -i sedutil_1.15-5ad84d8_amd64.deb
Selecting previously unselected package sedutil.
(Reading database ... 29638 files and directories currently installed.)
Preparing to unpack sedutil_1.15-5ad84d8_amd64.deb ...
Unpacking sedutil (1.15-5ad84d8) ...
Setting up sedutil (1.15-5ad84d8) ...
+ cd ./fsroot-vs
+ sudo rm -f sedutil_1.15-5ad84d8_amd64.deb
+ sudo cp files/image_config/sed_mgmt/sed_pw_utils.sh ./fsroot-vs/usr/local/bin/
+ sudo chmod 755 ./fsroot-vs/usr/local/bin/sed_pw_utils.sh
+ sudo cp files/image_config/sed_mgmt/sed_pw_change.sh ./fsroot-vs/usr/local/bin/
+ sudo chmod 755 ./fsroot-vs/usr/local/bin/sed_pw_change.sh
+ sudo cp files/image_config/sed_mgmt/sed_pw_reset.sh ./fsroot-vs/usr/local/bin/
+ sudo chmod 755 ./fsroot-vs/usr/local/bin/sed_pw_reset.sh
+ sudo cp files/image_config/sed_mgmt/sed_pw_tpm_recovery.sh ./fsroot-vs/usr/local/bin/
+ sudo chmod 755 ./fsroot-vs/usr/local/bin/sed_pw_tpm_recovery.sh
+ sudo cp files/image_config/sed_mgmt/sed-pw-tpm-recovery.service ./fsroot-vs/usr/lib//systemd/system
+ echo sed-pw-tpm-recovery.service
+ sudo tee -a ./fsroot-vs/etc/sonic/generated_services.conf
sed-pw-tpm-recovery.service
+ sudo LANG=C DEBIAN_FRONTEND=noninteractive chroot ./fsroot-vs systemctl enable sed-pw-tpm-recovery.service
Created symlink '/etc/systemd/system/sonic.target.wants/sed-pw-tpm-recovery.service' -> '/usr/lib/systemd/system/sed-pw-tpm-recovery.service'.
Unit /usr/lib/systemd/system/sed-pw-tpm-recovery.service is added as a dependency to a non-existent unit sonic.target.
+ sudo LANG=C DEBIAN_FRONTEND=noninteractive chroot ./fsroot-vs apt-get -y install tpm2-tools
Reading package lists...
Building dependency tree...
Reading state information...
The following package was automatically installed and is no longer required:
  libfuse3-4
Use 'sudo apt autoremove' to remove it.
The following additional packages will be installed:
  libtss2-esys-3.0.2-0t64 libtss2-fapi1t64 libtss2-mu-4.0.1-0t64
  libtss2-rc0t64 libtss2-sys1t64 libtss2-tcti-cmd0t64 libtss2-tcti-device0t64
  libtss2-tcti-libtpms0t64 libtss2-tcti-mssim0t64 libtss2-tcti-spi-helper0t64
  libtss2-tcti-swtpm0t64 libtss2-tctildr0t64 tpm-udev
The following NEW packages will be installed:
  libtss2-esys-3.0.2-0t64 libtss2-fapi1t64 libtss2-mu-4.0.1-0t64
  libtss2-rc0t64 libtss2-sys1t64 libtss2-tcti-cmd0t64 libtss2-tcti-device0t64
  libtss2-tcti-libtpms0t64 libtss2-tcti-mssim0t64 libtss2-tcti-spi-helper0t64
  libtss2-tcti-swtpm0t64 libtss2-tctildr0t64 tpm-udev tpm2-tools
0 upgraded, 14 newly installed, 0 to remove and 8 not upgraded.
Need to get 1717 kB of archives.
After this operation, 4862 kB of additional disk space will be used.
Get:1 http://debian-archive.trafficmanager.net/debian trixie/main amd64 tpm-udev all 0.6+nmu1 [3244 B]
Get:2 http://debian-archive.trafficmanager.net/debian trixie/main amd64 libtss2-mu-4.0.1-0t64 amd64 4.1.3-1.2 [79.8 kB]
Get:3 http://debian-archive.trafficmanager.net/debian trixie/main amd64 libtss2-tcti-cmd0t64 amd64 4.1.3-1.2 [36.4 kB]
Get:4 http://debian-archive.trafficmanager.net/debian trixie/main amd64 libtss2-tcti-device0t64 amd64 4.1.3-1.2 [37.8 kB]
Get:5 http://debian-archive.trafficmanager.net/debian trixie/main amd64 libtss2-tcti-mssim0t64 amd64 4.1.3-1.2 [37.9 kB]
Get:6 http://debian-archive.trafficmanager.net/debian trixie/main amd64 libtss2-tcti-swtpm0t64 amd64 4.1.3-1.2 [38.0 kB]
Get:7 http://debian-archive.trafficmanager.net/debian trixie/main amd64 libtss2-sys1t64 amd64 4.1.3-1.2 [57.8 kB]
Get:8 http://debian-archive.trafficmanager.net/debian trixie/main amd64 libtss2-esys-3.0.2-0t64 amd64 4.1.3-1.2 [168 kB]
Get:9 http://debian-archive.trafficmanager.net/debian trixie/main amd64 libtss2-tcti-libtpms0t64 amd64 4.1.3-1.2 [36.7 kB]
Get:10 http://debian-archive.trafficmanager.net/debian trixie/main amd64 libtss2-tcti-spi-helper0t64 amd64 4.1.3-1.2 [36.8 kB]
Get:11 http://debian-archive.trafficmanager.net/debian trixie/main amd64 libtss2-tctildr0t64 amd64 4.1.3-1.2 [37.1 kB]
Get:12 http://debian-archive.trafficmanager.net/debian trixie/main amd64 libtss2-fapi1t64 amd64 4.1.3-1.2 [356 kB]
Get:13 http://debian-archive.trafficmanager.net/debian trixie/main amd64 libtss2-rc0t64 amd64 4.1.3-1.2 [33.1 kB]
Get:14 http://debian-archive.trafficmanager.net/debian trixie/main amd64 tpm2-tools amd64 5.7-1 [758 kB]
Fetched 1717 kB in 2s (801 kB/s)
E: Can not write log (Is /dev/pts mounted?) - posix_openpt (19: No such device)
Selecting previously unselected package tpm-udev.
(Reading database ... 29640 files and directories currently installed.)
Preparing to unpack .../00-tpm-udev_0.6+nmu1_all.deb ...
Unpacking tpm-udev (0.6+nmu1) ...
Selecting previously unselected package libtss2-mu-4.0.1-0t64:amd64.
Preparing to unpack .../01-libtss2-mu-4.0.1-0t64_4.1.3-1.2_amd64.deb ...
Unpacking libtss2-mu-4.0.1-0t64:amd64 (4.1.3-1.2) ...
Selecting previously unselected package libtss2-tcti-cmd0t64:amd64.
Preparing to unpack .../02-libtss2-tcti-cmd0t64_4.1.3-1.2_amd64.deb ...
Unpacking libtss2-tcti-cmd0t64:amd64 (4.1.3-1.2) ...
Selecting previously unselected package libtss2-tcti-device0t64:amd64.
Preparing to unpack .../03-libtss2-tcti-device0t64_4.1.3-1.2_amd64.deb ...
Unpacking libtss2-tcti-device0t64:amd64 (4.1.3-1.2) ...
Selecting previously unselected package libtss2-tcti-mssim0t64:amd64.
Preparing to unpack .../04-libtss2-tcti-mssim0t64_4.1.3-1.2_amd64.deb ...
Unpacking libtss2-tcti-mssim0t64:amd64 (4.1.3-1.2) ...
Selecting previously unselected package libtss2-tcti-swtpm0t64:amd64.
Preparing to unpack .../05-libtss2-tcti-swtpm0t64_4.1.3-1.2_amd64.deb ...
Unpacking libtss2-tcti-swtpm0t64:amd64 (4.1.3-1.2) ...
Selecting previously unselected package libtss2-sys1t64:amd64.
Preparing to unpack .../06-libtss2-sys1t64_4.1.3-1.2_amd64.deb ...
Unpacking libtss2-sys1t64:amd64 (4.1.3-1.2) ...
Selecting previously unselected package libtss2-esys-3.0.2-0t64:amd64.
Preparing to unpack .../07-libtss2-esys-3.0.2-0t64_4.1.3-1.2_amd64.deb ...
Unpacking libtss2-esys-3.0.2-0t64:amd64 (4.1.3-1.2) ...
Selecting previously unselected package libtss2-tcti-libtpms0t64:amd64.
Preparing to unpack .../08-libtss2-tcti-libtpms0t64_4.1.3-1.2_amd64.deb ...
Unpacking libtss2-tcti-libtpms0t64:amd64 (4.1.3-1.2) ...
Selecting previously unselected package libtss2-tcti-spi-helper0t64:amd64.
Preparing to unpack .../09-libtss2-tcti-spi-helper0t64_4.1.3-1.2_amd64.deb ...
Unpacking libtss2-tcti-spi-helper0t64:amd64 (4.1.3-1.2) ...
Selecting previously unselected package libtss2-tctildr0t64:amd64.
Preparing to unpack .../10-libtss2-tctildr0t64_4.1.3-1.2_amd64.deb ...
Unpacking libtss2-tctildr0t64:amd64 (4.1.3-1.2) ...
Selecting previously unselected package libtss2-fapi1t64:amd64.
Preparing to unpack .../11-libtss2-fapi1t64_4.1.3-1.2_amd64.deb ...
Unpacking libtss2-fapi1t64:amd64 (4.1.3-1.2) ...
Selecting previously unselected package libtss2-rc0t64:amd64.
Preparing to unpack .../12-libtss2-rc0t64_4.1.3-1.2_amd64.deb ...
Unpacking libtss2-rc0t64:amd64 (4.1.3-1.2) ...
Selecting previously unselected package tpm2-tools.
Preparing to unpack .../13-tpm2-tools_5.7-1_amd64.deb ...
Unpacking tpm2-tools (5.7-1) ...
Setting up tpm-udev (0.6+nmu1) ...
Running in chroot, ignoring request.
Running in chroot, ignoring request.
Running in chroot, ignoring request.
Running in chroot, ignoring request.
Setting up libtss2-rc0t64:amd64 (4.1.3-1.2) ...
Setting up libtss2-mu-4.0.1-0t64:amd64 (4.1.3-1.2) ...
Setting up libtss2-tcti-libtpms0t64:amd64 (4.1.3-1.2) ...
Setting up libtss2-sys1t64:amd64 (4.1.3-1.2) ...
Setting up libtss2-tcti-device0t64:amd64 (4.1.3-1.2) ...
Setting up libtss2-tcti-mssim0t64:amd64 (4.1.3-1.2) ...
Setting up libtss2-tcti-cmd0t64:amd64 (4.1.3-1.2) ...
Setting up libtss2-tcti-swtpm0t64:amd64 (4.1.3-1.2) ...
Setting up libtss2-tcti-spi-helper0t64:amd64 (4.1.3-1.2) ...
Setting up libtss2-tctildr0t64:amd64 (4.1.3-1.2) ...
Setting up libtss2-esys-3.0.2-0t64:amd64 (4.1.3-1.2) ...
Setting up libtss2-fapi1t64:amd64 (4.1.3-1.2) ...
Setting up tpm2-tools (5.7-1) ...
Processing triggers for libc-bin (2.41-12+deb13u3) ...
sending incremental file list
./
partial/

sent 123 bytes  received 23 bytes  292.00 bytes/sec
total size is 0  speedup is 0.00
+ sudo cp src/sonic-platform-common/sonic_platform_base/bmc_fw_update.py ./fsroot-vs/usr/bin/bmc_fw_update.py
+ sudo chmod 755 ./fsroot-vs/usr/bin/bmc_fw_update.py
+ sudo cp files/image_config/environment/environment ./fsroot-vs/etc/
+ sudo cp files/image_config/environment/motd ./fsroot-vs/etc/
+ sudo cp files/image_config/environment/logout_message ./fsroot-vs/etc/
+ sudo mkdir -p ./fsroot-vs/etc/sonic/
+ sudo mkdir -p ./fsroot-vs/etc/modprobe.d/
+ sudo mkdir -p ./fsroot-vs/var/cache/sonic/
+ sudo mkdir -p ./fsroot-vs/usr/share/sonic/templates/
+ sudo mkdir -p ./fsroot-vs/usr/share/sonic/firmware/
+ sudo mkdir -p ./fsroot-vs/usr/lib//systemd/system
+ install_deb_package target/debs/trixie/sonic-nettools_0.0.1-0_amd64.deb
+ deb_packages=target/debs/trixie/sonic-nettools_0.0.1-0_amd64.deb
+ [[ -z target/debs/trixie/sonic-nettools_0.0.1-0_amd64.deb ]]
+ sudo cp target/debs/trixie/sonic-nettools_0.0.1-0_amd64.deb ./fsroot-vs/
++ basename -a target/debs/trixie/sonic-nettools_0.0.1-0_amd64.deb
+ basename_deb_packages=sonic-nettools_0.0.1-0_amd64.deb
+ sudo LANG=C DEBIAN_FRONTEND=noninteractive chroot ./fsroot-vs dpkg -i sonic-nettools_0.0.1-0_amd64.deb
Selecting previously unselected package sonic-nettools.
(Reading database ... 30068 files and directories currently installed.)
Preparing to unpack sonic-nettools_0.0.1-0_amd64.deb ...
Unpacking sonic-nettools (0.0.1-0) ...
Setting up sonic-nettools (0.0.1-0) ...
+ cd ./fsroot-vs
+ sudo rm -f sonic-nettools_0.0.1-0_amd64.deb
+ sudo setcap cap_net_raw=+ep ./fsroot-vs/usr/bin/wol
+ sudo bash -c 'echo "d	/dev/shm/monit/ 0755 root root" > ./fsroot-vs/etc/tmpfiles.d/tmpfs-monit.conf'
+ sudo bash -c 'echo "d	/dev/shm/logrotate/ 0755 root root" > ./fsroot-vs/etc/tmpfiles.d/tmpfs-logrotate.conf'
+ install_deb_package target/debs/trixie/ifupdown2_3.0.0-1_all.deb
+ deb_packages=target/debs/trixie/ifupdown2_3.0.0-1_all.deb
+ [[ -z target/debs/trixie/ifupdown2_3.0.0-1_all.deb ]]
+ sudo cp target/debs/trixie/ifupdown2_3.0.0-1_all.deb ./fsroot-vs/
++ basename -a target/debs/trixie/ifupdown2_3.0.0-1_all.deb
+ basename_deb_packages=ifupdown2_3.0.0-1_all.deb
+ sudo LANG=C DEBIAN_FRONTEND=noninteractive chroot ./fsroot-vs dpkg -i ifupdown2_3.0.0-1_all.deb
Selecting previously unselected package ifupdown2.
(Reading database ... 30071 files and directories currently installed.)
Preparing to unpack ifupdown2_3.0.0-1_all.deb ...
Unpacking ifupdown2 (3.0.0-1) ...
Setting up ifupdown2 (3.0.0-1) ...
ifupdown2.postinst: Warning: No 'iface lo' definition found in /etc/network/interfaces
ifupdown2.postinst: Warning: No 'auto lo' statement found in /etc/network/interfaces
/usr/share/ifupdown2/addons/bridge.py:3641: SyntaxWarning: invalid escape sequence '\s'
  for protocol in re.split(',|\s*', user_config_l2protocol_tunnel):
/usr/share/ifupdown2/ifupdown/ifupdownmain.py:1569: SyntaxWarning: invalid escape sequence '\d'
  vlan_match = re.match("^([\d]+)-([\d]+)", ifacename)
/usr/share/ifupdown2/ifupdown/utils.py:233: SyntaxWarning: invalid escape sequence '\w'
  range_match = re.match("^([\w]+)\[([\d]+)-([\d]+)\]([\.\w]+)", name)
/usr/share/ifupdown2/ifupdown/utils.py:243: SyntaxWarning: invalid escape sequence '\w'
  range_match = re.match("^([\w\.]+)\[([\d]+)-([\d]+)\]", name)
/usr/share/ifupdown2/lib/iproute2.py:65: SyntaxWarning: invalid escape sequence '\s'
  VXLAN_PEER_REGEX_PATTERN = re.compile("\s+dst\s+(\d+.\d+.\d+.\d+)\s+")
Created symlink '/etc/systemd/system/basic.target.wants/networking.service' -> '/usr/lib/systemd/system/networking.service'.
Created symlink '/etc/systemd/system/network.target.wants/networking.service' -> '/usr/lib/systemd/system/networking.service'.
Created symlink '/etc/systemd/system/shutdown.target.wants/networking.service' -> '/usr/lib/systemd/system/networking.service'.
+ cd ./fsroot-vs
+ sudo rm -f ifupdown2_3.0.0-1_all.deb
+ sudo LANG=C DEBIAN_FRONTEND=noninteractive chroot ./fsroot-vs apt-get -y install python3-dev
Reading package lists...
Building dependency tree...
Reading state information...
The following package was automatically installed and is no longer required:
  libfuse3-4
Use 'sudo apt autoremove' to remove it.
The following additional packages will be installed:
  libc-dev-bin libc6-dev libcrypt-dev libexpat1-dev libjs-jquery
  libjs-sphinxdoc libjs-underscore libpython3-dev libpython3.13-dev
  linux-libc-dev python3.13-dev rpcsvc-proto zlib1g-dev
Suggested packages:
  libc-devtools glibc-doc manpages-dev
Recommended packages:
  manpages manpages-dev javascript-common
The following NEW packages will be installed:
  libc-dev-bin libc6-dev libcrypt-dev libexpat1-dev libjs-jquery
  libjs-sphinxdoc libjs-underscore libpython3-dev libpython3.13-dev
  linux-libc-dev python3-dev python3.13-dev rpcsvc-proto zlib1g-dev
0 upgraded, 14 newly installed, 0 to remove and 9 not upgraded.
Need to get 12.5 MB of archives.
After this operation, 56.4 MB of additional disk space will be used.
Get:1 http://debian-archive.trafficmanager.net/debian trixie/main amd64 libc-dev-bin amd64 2.41-12+deb13u3 [59.8 kB]
Get:2 http://debian-archive.trafficmanager.net/debian-security trixie-security/main amd64 linux-libc-dev all 6.12.107-1 [2919 kB]
Get:3 http://debian-archive.trafficmanager.net/debian trixie/main amd64 libcrypt-dev amd64 1:4.4.38-1 [119 kB]
Get:4 http://debian-archive.trafficmanager.net/debian trixie/main amd64 rpcsvc-proto amd64 1.4.3-1 [63.3 kB]
Get:5 http://debian-archive.trafficmanager.net/debian trixie/main amd64 libc6-dev amd64 2.41-12+deb13u3 [1992 kB]
Get:6 http://debian-archive.trafficmanager.net/debian-security trixie-security/main amd64 libexpat1-dev amd64 2.8.3-1~deb13u1 [179 kB]
Get:7 http://debian-archive.trafficmanager.net/debian trixie/main amd64 libjs-jquery all 3.6.1+dfsg+~3.5.14-1 [326 kB]
Get:8 http://debian-archive.trafficmanager.net/debian trixie/main amd64 libjs-underscore all 1.13.4~dfsg+~1.11.4-3 [116 kB]
Get:9 http://debian-archive.trafficmanager.net/debian trixie/main amd64 libjs-sphinxdoc all 8.1.3-5 [30.5 kB]
Get:10 http://debian-archive.trafficmanager.net/debian trixie/main amd64 zlib1g-dev amd64 1:1.3.dfsg+really1.3.1-1+b1 [920 kB]
Get:11 http://debian-archive.trafficmanager.net/debian trixie-updates/main amd64 libpython3.13-dev amd64 3.13.5-2+deb13u4 [5276 kB]
Get:12 http://debian-archive.trafficmanager.net/debian trixie/main amd64 libpython3-dev amd64 3.13.5-1 [10.4 kB]
Get:13 http://debian-archive.trafficmanager.net/debian trixie-updates/main amd64 python3.13-dev amd64 3.13.5-2+deb13u4 [504 kB]
Get:14 http://debian-archive.trafficmanager.net/debian trixie/main amd64 python3-dev amd64 3.13.5-1 [26.1 kB]
Fetched 12.5 MB in 4s (3286 kB/s)
E: Can not write log (Is /dev/pts mounted?) - posix_openpt (19: No such device)
Selecting previously unselected package libc-dev-bin.
(Reading database ... 30190 files and directories currently installed.)
Preparing to unpack .../00-libc-dev-bin_2.41-12+deb13u3_amd64.deb ...
Unpacking libc-dev-bin (2.41-12+deb13u3) ...
Selecting previously unselected package linux-libc-dev.
Preparing to unpack .../01-linux-libc-dev_6.12.107-1_all.deb ...
Unpacking linux-libc-dev (6.12.107-1) ...
Selecting previously unselected package libcrypt-dev:amd64.
Preparing to unpack .../02-libcrypt-dev_1%3a4.4.38-1_amd64.deb ...
Unpacking libcrypt-dev:amd64 (1:4.4.38-1) ...
Selecting previously unselected package rpcsvc-proto.
Preparing to unpack .../03-rpcsvc-proto_1.4.3-1_amd64.deb ...
Unpacking rpcsvc-proto (1.4.3-1) ...
Selecting previously unselected package libc6-dev:amd64.
Preparing to unpack .../04-libc6-dev_2.41-12+deb13u3_amd64.deb ...
Unpacking libc6-dev:amd64 (2.41-12+deb13u3) ...
Selecting previously unselected package libexpat1-dev:amd64.
Preparing to unpack .../05-libexpat1-dev_2.8.3-1~deb13u1_amd64.deb ...
Unpacking libexpat1-dev:amd64 (2.8.3-1~deb13u1) ...
Selecting previously unselected package libjs-jquery.
Preparing to unpack .../06-libjs-jquery_3.6.1+dfsg+~3.5.14-1_all.deb ...
Unpacking libjs-jquery (3.6.1+dfsg+~3.5.14-1) ...
Selecting previously unselected package libjs-underscore.
Preparing to unpack .../07-libjs-underscore_1.13.4~dfsg+~1.11.4-3_all.deb ...
Unpacking libjs-underscore (1.13.4~dfsg+~1.11.4-3) ...
Selecting previously unselected package libjs-sphinxdoc.
Preparing to unpack .../08-libjs-sphinxdoc_8.1.3-5_all.deb ...
Unpacking libjs-sphinxdoc (8.1.3-5) ...
Selecting previously unselected package zlib1g-dev:amd64.
Preparing to unpack .../09-zlib1g-dev_1%3a1.3.dfsg+really1.3.1-1+b1_amd64.deb ...
Unpacking zlib1g-dev:amd64 (1:1.3.dfsg+really1.3.1-1+b1) ...
Selecting previously unselected package libpython3.13-dev:amd64.
Preparing to unpack .../10-libpython3.13-dev_3.13.5-2+deb13u4_amd64.deb ...
Unpacking libpython3.13-dev:amd64 (3.13.5-2+deb13u4) ...
Selecting previously unselected package libpython3-dev:amd64.
Preparing to unpack .../11-libpython3-dev_3.13.5-1_amd64.deb ...
Unpacking libpython3-dev:amd64 (3.13.5-1) ...
Selecting previously unselected package python3.13-dev.
Preparing to unpack .../12-python3.13-dev_3.13.5-2+deb13u4_amd64.deb ...
Unpacking python3.13-dev (3.13.5-2+deb13u4) ...
Selecting previously unselected package python3-dev.
Preparing to unpack .../13-python3-dev_3.13.5-1_amd64.deb ...
Unpacking python3-dev (3.13.5-1) ...
Setting up linux-libc-dev (6.12.107-1) ...
Setting up rpcsvc-proto (1.4.3-1) ...
Setting up libcrypt-dev:amd64 (1:4.4.38-1) ...
Setting up libjs-jquery (3.6.1+dfsg+~3.5.14-1) ...
Setting up libc-dev-bin (2.41-12+deb13u3) ...
Setting up libjs-underscore (1.13.4~dfsg+~1.11.4-3) ...
Setting up libjs-sphinxdoc (8.1.3-5) ...
Setting up libc6-dev:amd64 (2.41-12+deb13u3) ...
Setting up libexpat1-dev:amd64 (2.8.3-1~deb13u1) ...
Setting up zlib1g-dev:amd64 (1:1.3.dfsg+really1.3.1-1+b1) ...
Setting up libpython3.13-dev:amd64 (3.13.5-2+deb13u4) ...
Setting up libpython3-dev:amd64 (3.13.5-1) ...
Setting up python3.13-dev (3.13.5-2+deb13u4) ...
Setting up python3-dev (3.13.5-1) ...
sending incremental file list
./
partial/

sent 121 bytes  received 23 bytes  288.00 bytes/sec
total size is 0  speedup is 0.00
+ sudo LANG=C DEBIAN_FRONTEND=noninteractive chroot ./fsroot-vs apt-get -y install j2cli
Reading package lists...
Building dependency tree...
Reading state information...
The following package was automatically installed and is no longer required:
  libfuse3-4
Use 'sudo apt autoremove' to remove it.
The following additional packages will be installed:
  python3-jinja2 python3-markupsafe python3-yaml
Suggested packages:
  python-jinja2-doc
Recommended packages:
  python3-babel
The following NEW packages will be installed:
  j2cli python3-jinja2 python3-markupsafe python3-yaml
0 upgraded, 4 newly installed, 0 to remove and 9 not upgraded.
Need to get 273 kB of archives.
After this operation, 1220 kB of additional disk space will be used.
Get:1 http://debian-archive.trafficmanager.net/debian trixie/main amd64 python3-markupsafe amd64 2.1.5-1+b3 [14.0 kB]
Get:2 http://debian-archive.trafficmanager.net/debian trixie/main amd64 python3-jinja2 all 3.1.6-1 [107 kB]
Get:3 http://debian-archive.trafficmanager.net/debian trixie/main amd64 python3-yaml amd64 6.0.2-1+b2 [136 kB]
Get:4 http://debian-archive.trafficmanager.net/debian trixie/main amd64 j2cli all 0.3.12b-5 [15.5 kB]
Fetched 273 kB in 1s (345 kB/s)
E: Can not write log (Is /dev/pts mounted?) - posix_openpt (19: No such device)
Selecting previously unselected package python3-markupsafe.
(Reading database ... 33910 files and directories currently installed.)
Preparing to unpack .../python3-markupsafe_2.1.5-1+b3_amd64.deb ...
Unpacking python3-markupsafe (2.1.5-1+b3) ...
Selecting previously unselected package python3-jinja2.
Preparing to unpack .../python3-jinja2_3.1.6-1_all.deb ...
Unpacking python3-jinja2 (3.1.6-1) ...
Selecting previously unselected package python3-yaml.
Preparing to unpack .../python3-yaml_6.0.2-1+b2_amd64.deb ...
Unpacking python3-yaml (6.0.2-1+b2) ...
Selecting previously unselected package j2cli.
Preparing to unpack .../j2cli_0.3.12b-5_all.deb ...
Unpacking j2cli (0.3.12b-5) ...
Setting up python3-yaml (6.0.2-1+b2) ...
Setting up python3-markupsafe (2.1.5-1+b3) ...
Setting up python3-jinja2 (3.1.6-1) ...
Setting up j2cli (0.3.12b-5) ...
sending incremental file list
./
partial/

sent 123 bytes  received 23 bytes  292.00 bytes/sec
total size is 0  speedup is 0.00
+ sudo https_proxy=http://11.161.18.240:3128 LANG=C chroot ./fsroot-vs pip3 install redis==3.5.3
Collecting redis==3.5.3
  Downloading redis-3.5.3-py2.py3-none-any.whl.metadata (36 kB)
Downloading redis-3.5.3-py2.py3-none-any.whl (72 kB)
Installing collected packages: redis
Successfully installed redis-3.5.3
WARNING: Running pip as the 'root' user can result in broken permissions and conflicting behaviour with the system package manager, possibly rendering your system unusable. It is recommended to use a virtual environment instead: https://pip.pypa.io/warnings/venv. Use the --root-user-action option if you know what you are doing and want to suppress this warning.
+ install_pip_package target/python-wheels/trixie/redis_dump_load-1.1-py3-none-any.whl
+ pip_wheel=target/python-wheels/trixie/redis_dump_load-1.1-py3-none-any.whl
+ [[ -z target/python-wheels/trixie/redis_dump_load-1.1-py3-none-any.whl ]]
+ sudo cp target/python-wheels/trixie/redis_dump_load-1.1-py3-none-any.whl ./fsroot-vs/
++ basename -a target/python-wheels/trixie/redis_dump_load-1.1-py3-none-any.whl
+ basename_pip_wheel=redis_dump_load-1.1-py3-none-any.whl
+ sudo https_proxy=http://11.161.18.240:3128 LANG=C chroot ./fsroot-vs pip3 install redis_dump_load-1.1-py3-none-any.whl
Processing /redis_dump_load-1.1-py3-none-any.whl
Requirement already satisfied: redis in /usr/local/lib/python3.13/dist-packages (from redis-dump-load==1.1) (3.5.3)
Installing collected packages: redis-dump-load
Successfully installed redis-dump-load-1.1
WARNING: Running pip as the 'root' user can result in broken permissions and conflicting behaviour with the system package manager, possibly rendering your system unusable. It is recommended to use a virtual environment instead: https://pip.pypa.io/warnings/venv. Use the --root-user-action option if you know what you are doing and want to suppress this warning.
+ cd ./fsroot-vs
+ sudo rm -f redis_dump_load-1.1-py3-none-any.whl
+ sudo https_proxy=http://11.161.18.240:3128 LANG=C chroot ./fsroot-vs pip3 install psutil
Collecting psutil
  Downloading psutil-7.2.2-cp36-abi3-manylinux2010_x86_64.manylinux_2_12_x86_64.manylinux_2_28_x86_64.whl.metadata (22 kB)
Downloading psutil-7.2.2-cp36-abi3-manylinux2010_x86_64.manylinux_2_12_x86_64.manylinux_2_28_x86_64.whl (155 kB)
Installing collected packages: psutil
Successfully installed psutil-7.2.2
WARNING: Running pip as the 'root' user can result in broken permissions and conflicting behaviour with the system package manager, possibly rendering your system unusable. It is recommended to use a virtual environment instead: https://pip.pypa.io/warnings/venv. Use the --root-user-action option if you know what you are doing and want to suppress this warning.
+ sudo https_proxy=http://11.161.18.240:3128 LANG=C chroot ./fsroot-vs pip3 install blkinfo
Collecting blkinfo
  Downloading blkinfo-0.2.0.tar.gz (7.9 kB)
  Preparing metadata (setup.py): started
  Preparing metadata (setup.py): finished with status 'done'
Building wheels for collected packages: blkinfo
  DEPRECATION: Building 'blkinfo' using the legacy setup.py bdist_wheel mechanism, which will be removed in a future version. pip 25.3 will enforce this behaviour change. A possible replacement is to use the standardized build interface by setting the `--use-pep517` option, (possibly combined with `--no-build-isolation`), or adding a `pyproject.toml` file to the source tree of 'blkinfo'. Discussion can be found at https://github.com/pypa/pip/issues/6334
  Building wheel for blkinfo (setup.py): started
  Building wheel for blkinfo (setup.py): finished with status 'done'
  Created wheel for blkinfo: filename=blkinfo-0.2.0-py3-none-any.whl size=7718 sha256=b6debfb7c990408e9e93f89e2c49f99074445be18a699432ba63c3732f065619
  Stored in directory: /sonic/target/vcache/host-image/pip/wheels/43/f6/62/c9e73e5ebfac4804a8842e12b0b5a5f046bf3cec98b65c372e
Successfully built blkinfo
Installing collected packages: blkinfo
Successfully installed blkinfo-0.2.0
WARNING: Running pip as the 'root' user can result in broken permissions and conflicting behaviour with the system package manager, possibly rendering your system unusable. It is recommended to use a virtual environment instead: https://pip.pypa.io/warnings/venv. Use the --root-user-action option if you know what you are doing and want to suppress this warning.
+ sudo https_proxy=http://11.161.18.240:3128 LANG=C chroot ./fsroot-vs pip3 install ipaddr
Collecting ipaddr
  Downloading ipaddr-2.2.0.tar.gz (26 kB)
  Preparing metadata (setup.py): started
  Preparing metadata (setup.py): finished with status 'done'
Building wheels for collected packages: ipaddr
  DEPRECATION: Building 'ipaddr' using the legacy setup.py bdist_wheel mechanism, which will be removed in a future version. pip 25.3 will enforce this behaviour change. A possible replacement is to use the standardized build interface by setting the `--use-pep517` option, (possibly combined with `--no-build-isolation`), or adding a `pyproject.toml` file to the source tree of 'ipaddr'. Discussion can be found at https://github.com/pypa/pip/issues/6334
  Building wheel for ipaddr (setup.py): started
  Building wheel for ipaddr (setup.py): finished with status 'done'
  Created wheel for ipaddr: filename=ipaddr-2.2.0-py3-none-any.whl size=18352 sha256=42fcd378172f75cb7e21fbfd3100423acb6c6d3901d2d61b84128f67e88fd25d
  Stored in directory: /sonic/target/vcache/host-image/pip/wheels/43/be/44/09bf877e98499067e9016f74cfa4411ffbf926b6f81d73626a
Successfully built ipaddr
Installing collected packages: ipaddr
Successfully installed ipaddr-2.2.0
WARNING: Running pip as the 'root' user can result in broken permissions and conflicting behaviour with the system package manager, possibly rendering your system unusable. It is recommended to use a virtual environment instead: https://pip.pypa.io/warnings/venv. Use the --root-user-action option if you know what you are doing and want to suppress this warning.
+ [[ amd64 == amd64 ]]
+ sudo https_proxy=http://11.161.18.240:3128 LANG=C chroot ./fsroot-vs pip3 install grpcio==1.66.2
Collecting grpcio==1.66.2
  Downloading grpcio-1.66.2-cp313-cp313-manylinux_2_17_x86_64.manylinux2014_x86_64.whl.metadata (3.9 kB)
Downloading grpcio-1.66.2-cp313-cp313-manylinux_2_17_x86_64.manylinux2014_x86_64.whl (5.8 MB)
   ━━━━━━━━━━━━━━━━━━━━━━━━━━━━━━━━━━━━━━━━ 5.8/5.8 MB 504.3 kB/s eta 0:00:00
Installing collected packages: grpcio
Successfully installed grpcio-1.66.2
WARNING: Running pip as the 'root' user can result in broken permissions and conflicting behaviour with the system package manager, possibly rendering your system unusable. It is recommended to use a virtual environment instead: https://pip.pypa.io/warnings/venv. Use the --root-user-action option if you know what you are doing and want to suppress this warning.
+ sudo https_proxy=http://11.161.18.240:3128 LANG=C chroot ./fsroot-vs pip3 install grpcio-tools==1.66.2
Collecting grpcio-tools==1.66.2
  Downloading grpcio_tools-1.66.2-cp313-cp313-manylinux_2_17_x86_64.manylinux2014_x86_64.whl.metadata (5.3 kB)
Collecting protobuf<6.0dev,>=5.26.1 (from grpcio-tools==1.66.2)
  Downloading protobuf-5.29.6-cp38-abi3-manylinux2014_x86_64.whl.metadata (592 bytes)
Requirement already satisfied: grpcio>=1.66.2 in /usr/local/lib/python3.13/dist-packages (from grpcio-tools==1.66.2) (1.66.2)
Requirement already satisfied: setuptools in /usr/lib/python3/dist-packages (from grpcio-tools==1.66.2) (78.1.1)
Downloading grpcio_tools-1.66.2-cp313-cp313-manylinux_2_17_x86_64.manylinux2014_x86_64.whl (2.4 MB)
   ━━━━━━━━━━━━━━━━━━━━━━━━━━━━━━━━━━━━━━━━ 2.4/2.4 MB 276.4 kB/s eta 0:00:00
Downloading protobuf-5.29.6-cp38-abi3-manylinux2014_x86_64.whl (320 kB)
Installing collected packages: protobuf, grpcio-tools

Successfully installed grpcio-tools-1.66.2 protobuf-5.29.6
WARNING: Running pip as the 'root' user can result in broken permissions and conflicting behaviour with the system package manager, possibly rendering your system unusable. It is recommended to use a virtual environment instead: https://pip.pypa.io/warnings/venv. Use the --root-user-action option if you know what you are doing and want to suppress this warning.
+ sudo https_proxy=http://11.161.18.240:3128 LANG=C chroot ./fsroot-vs pip3 install smbus2
Collecting smbus2
  Downloading smbus2-0.6.1-py2.py3-none-any.whl.metadata (7.1 kB)
Downloading smbus2-0.6.1-py2.py3-none-any.whl (11 kB)
Installing collected packages: smbus2
Successfully installed smbus2-0.6.1
WARNING: Running pip as the 'root' user can result in broken permissions and conflicting behaviour with the system package manager, possibly rendering your system unusable. It is recommended to use a virtual environment instead: https://pip.pypa.io/warnings/venv. Use the --root-user-action option if you know what you are doing and want to suppress this warning.
+ sudo https_proxy=http://11.161.18.240:3128 LANG=C chroot ./fsroot-vs pip3 install telnetlib3
Collecting telnetlib3
  Downloading telnetlib3-4.0.5-py3-none-any.whl.metadata (12 kB)
Collecting wcwidth>=0.6.0 (from telnetlib3)
  Downloading wcwidth-0.8.1-py3-none-any.whl.metadata (43 kB)
Downloading telnetlib3-4.0.5-py3-none-any.whl (359 kB)
Downloading wcwidth-0.8.1-py3-none-any.whl (323 kB)
Installing collected packages: wcwidth, telnetlib3

Successfully installed telnetlib3-4.0.5 wcwidth-0.8.1
WARNING: Running pip as the 'root' user can result in broken permissions and conflicting behaviour with the system package manager, possibly rendering your system unusable. It is recommended to use a virtual environment instead: https://pip.pypa.io/warnings/venv. Use the --root-user-action option if you know what you are doing and want to suppress this warning.
+ install_pip_package target/python-wheels/trixie/sonic_py_common-1.0-py3-none-any.whl
+ pip_wheel=target/python-wheels/trixie/sonic_py_common-1.0-py3-none-any.whl
+ [[ -z target/python-wheels/trixie/sonic_py_common-1.0-py3-none-any.whl ]]
+ sudo cp target/python-wheels/trixie/sonic_py_common-1.0-py3-none-any.whl ./fsroot-vs/
++ basename -a target/python-wheels/trixie/sonic_py_common-1.0-py3-none-any.whl
+ basename_pip_wheel=sonic_py_common-1.0-py3-none-any.whl
+ sudo https_proxy=http://11.161.18.240:3128 LANG=C chroot ./fsroot-vs pip3 install sonic_py_common-1.0-py3-none-any.whl
Processing /sonic_py_common-1.0-py3-none-any.whl
Collecting natsort (from sonic-py-common==1.0)
  Downloading natsort-8.4.0-py3-none-any.whl.metadata (21 kB)
Requirement already satisfied: pyyaml in /usr/lib/python3/dist-packages (from sonic-py-common==1.0) (6.0.2)
Requirement already satisfied: redis-dump-load in /usr/local/lib/python3.13/dist-packages (from sonic-py-common==1.0) (1.1)
Requirement already satisfied: redis in /usr/local/lib/python3.13/dist-packages (from redis-dump-load->sonic-py-common==1.0) (3.5.3)
Downloading natsort-8.4.0-py3-none-any.whl (38 kB)
Installing collected packages: natsort, sonic-py-common

Successfully installed natsort-8.4.0 sonic-py-common-1.0
WARNING: Running pip as the 'root' user can result in broken permissions and conflicting behaviour with the system package manager, possibly rendering your system unusable. It is recommended to use a virtual environment instead: https://pip.pypa.io/warnings/venv. Use the --root-user-action option if you know what you are doing and want to suppress this warning.
+ cd ./fsroot-vs
+ sudo rm -f sonic_py_common-1.0-py3-none-any.whl
+ [[ amd64 == armhf ]]
+ [[ amd64 == arm64 ]]
+ install_deb_package target/debs/trixie/libyang3_3.12.2-1_amd64.deb target/debs/trixie/python3-libyang_3.1.0-1_amd64.deb
+ deb_packages='target/debs/trixie/libyang3_3.12.2-1_amd64.deb target/debs/trixie/python3-libyang_3.1.0-1_amd64.deb'
+ [[ -z target/debs/trixie/libyang3_3.12.2-1_amd64.deb target/debs/trixie/python3-libyang_3.1.0-1_amd64.deb ]]
+ sudo cp target/debs/trixie/libyang3_3.12.2-1_amd64.deb target/debs/trixie/python3-libyang_3.1.0-1_amd64.deb ./fsroot-vs/
++ basename -a target/debs/trixie/libyang3_3.12.2-1_amd64.deb target/debs/trixie/python3-libyang_3.1.0-1_amd64.deb
+ basename_deb_packages='libyang3_3.12.2-1_amd64.deb
python3-libyang_3.1.0-1_amd64.deb'
+ sudo LANG=C DEBIAN_FRONTEND=noninteractive chroot ./fsroot-vs dpkg -i libyang3_3.12.2-1_amd64.deb python3-libyang_3.1.0-1_amd64.deb
Selecting previously unselected package libyang3:amd64.
(Reading database ... 34027 files and directories currently installed.)
Preparing to unpack libyang3_3.12.2-1_amd64.deb ...
Unpacking libyang3:amd64 (3.12.2-1) ...
Selecting previously unselected package python3-libyang.
Preparing to unpack python3-libyang_3.1.0-1_amd64.deb ...
Unpacking python3-libyang (3.1.0-1) ...
Setting up libyang3:amd64 (3.12.2-1) ...
Setting up python3-libyang (3.1.0-1) ...
Processing triggers for libc-bin (2.41-12+deb13u3) ...
+ cd ./fsroot-vs
+ sudo rm -f libyang3_3.12.2-1_amd64.deb python3-libyang_3.1.0-1_amd64.deb
+ install_pip_package target/python-wheels/trixie/sonic_yang_models-1.0-py3-none-any.whl
+ pip_wheel=target/python-wheels/trixie/sonic_yang_models-1.0-py3-none-any.whl
+ [[ -z target/python-wheels/trixie/sonic_yang_models-1.0-py3-none-any.whl ]]
+ sudo cp target/python-wheels/trixie/sonic_yang_models-1.0-py3-none-any.whl ./fsroot-vs/
++ basename -a target/python-wheels/trixie/sonic_yang_models-1.0-py3-none-any.whl
+ basename_pip_wheel=sonic_yang_models-1.0-py3-none-any.whl
+ sudo https_proxy=http://11.161.18.240:3128 LANG=C chroot ./fsroot-vs pip3 install sonic_yang_models-1.0-py3-none-any.whl
Processing /sonic_yang_models-1.0-py3-none-any.whl
Installing collected packages: sonic-yang-models
Successfully installed sonic-yang-models-1.0
WARNING: Running pip as the 'root' user can result in broken permissions and conflicting behaviour with the system package manager, possibly rendering your system unusable. It is recommended to use a virtual environment instead: https://pip.pypa.io/warnings/venv. Use the --root-user-action option if you know what you are doing and want to suppress this warning.
+ cd ./fsroot-vs
+ sudo rm -f sonic_yang_models-1.0-py3-none-any.whl
+ sudo LANG=C DEBIAN_FRONTEND=noninteractive chroot ./fsroot-vs apt-get -y install python3-ijson
Reading package lists...
Building dependency tree...
Reading state information...
The following package was automatically installed and is no longer required:
  libfuse3-4
Use 'sudo apt autoremove' to remove it.
The following NEW packages will be installed:
  python3-ijson
0 upgraded, 1 newly installed, 0 to remove and 10 not upgraded.
Need to get 44.1 kB of archives.
After this operation, 175 kB of additional disk space will be used.
Get:1 http://debian-archive.trafficmanager.net/debian trixie/main amd64 python3-ijson amd64 3.4.0-1 [44.1 kB]
Fetched 44.1 kB in 0s (171 kB/s)
E: Can not write log (Is /dev/pts mounted?) - posix_openpt (19: No such device)
Selecting previously unselected package python3-ijson.
(Reading database ... 34064 files and directories currently installed.)
Preparing to unpack .../python3-ijson_3.4.0-1_amd64.deb ...
Unpacking python3-ijson (3.4.0-1) ...
Setting up python3-ijson (3.4.0-1) ...
sending incremental file list
./
partial/

sent 122 bytes  received 23 bytes  290.00 bytes/sec
total size is 0  speedup is 0.00
+ install_pip_package target/python-wheels/trixie/sonic_yang_mgmt-1.0-py3-none-any.whl
+ pip_wheel=target/python-wheels/trixie/sonic_yang_mgmt-1.0-py3-none-any.whl
+ [[ -z target/python-wheels/trixie/sonic_yang_mgmt-1.0-py3-none-any.whl ]]
+ sudo cp target/python-wheels/trixie/sonic_yang_mgmt-1.0-py3-none-any.whl ./fsroot-vs/
++ basename -a target/python-wheels/trixie/sonic_yang_mgmt-1.0-py3-none-any.whl
+ basename_pip_wheel=sonic_yang_mgmt-1.0-py3-none-any.whl
+ sudo https_proxy=http://11.161.18.240:3128 LANG=C chroot ./fsroot-vs pip3 install sonic_yang_mgmt-1.0-py3-none-any.whl
Processing /sonic_yang_mgmt-1.0-py3-none-any.whl
Requirement already satisfied: ijson>=3.2.3 in /usr/lib/python3/dist-packages (from sonic-yang-mgmt==1.0) (3.4.0)
Collecting jsonpointer>=1.9 (from sonic-yang-mgmt==1.0)
  Downloading jsonpointer-3.1.1-py3-none-any.whl.metadata (2.4 kB)
Collecting jsondiff>=1.2.0 (from sonic-yang-mgmt==1.0)
  Downloading jsondiff-2.2.1-py3-none-any.whl.metadata (5.2 kB)
Collecting tabulate==0.9.0 (from sonic-yang-mgmt==1.0)
  Downloading tabulate-0.9.0-py3-none-any.whl.metadata (34 kB)
Requirement already satisfied: pyyaml in /usr/lib/python3/dist-packages (from jsondiff>=1.2.0->sonic-yang-mgmt==1.0) (6.0.2)
Downloading tabulate-0.9.0-py3-none-any.whl (35 kB)
Downloading jsondiff-2.2.1-py3-none-any.whl (13 kB)
Downloading jsonpointer-3.1.1-py3-none-any.whl (7.7 kB)
Installing collected packages: tabulate, jsonpointer, jsondiff, sonic-yang-mgmt

Successfully installed jsondiff-2.2.1 jsonpointer-3.1.1 sonic-yang-mgmt-1.0 tabulate-0.9.0
WARNING: Running pip as the 'root' user can result in broken permissions and conflicting behaviour with the system package manager, possibly rendering your system unusable. It is recommended to use a virtual environment instead: https://pip.pypa.io/warnings/venv. Use the --root-user-action option if you know what you are doing and want to suppress this warning.
+ cd ./fsroot-vs
+ sudo rm -f sonic_yang_mgmt-1.0-py3-none-any.whl
+ sudo LANG=C DEBIAN_FRONTEND=noninteractive chroot ./fsroot-vs apt-get -y install python3-lxml python3-regex
Reading package lists...
Building dependency tree...
Reading state information...
The following package was automatically installed and is no longer required:
  libfuse3-4
Use 'sudo apt autoremove' to remove it.
The following additional packages will be installed:
  libxml2 libxslt1.1
Suggested packages:
  python-lxml-doc
Recommended packages:
  python3-bs4 python3-cssselect python3-html5lib
The following NEW packages will be installed:
  libxml2 libxslt1.1 python3-lxml python3-regex
0 upgraded, 4 newly installed, 0 to remove and 10 not upgraded.
Need to get 2504 kB of archives.
After this operation, 9083 kB of additional disk space will be used.
Get:1 http://debian-archive.trafficmanager.net/debian trixie/main amd64 libxml2 amd64 2.12.7+dfsg+really2.9.14-2.1+deb13u3 [700 kB]
Get:2 http://debian-archive.trafficmanager.net/debian trixie/main amd64 libxslt1.1 amd64 1.1.35-1.2+deb13u3 [233 kB]
Get:3 http://debian-archive.trafficmanager.net/debian trixie/main amd64 python3-lxml amd64 5.4.0-1 [1297 kB]
Get:4 http://debian-archive.trafficmanager.net/debian trixie/main amd64 python3-regex amd64 0.1.20241106-1+b1 [274 kB]
Fetched 2504 kB in 1s (1901 kB/s)
E: Can not write log (Is /dev/pts mounted?) - posix_openpt (19: No such device)
Selecting previously unselected package libxml2:amd64.
(Reading database ... 34090 files and directories currently installed.)
Preparing to unpack .../libxml2_2.12.7+dfsg+really2.9.14-2.1+deb13u3_amd64.deb ...
Unpacking libxml2:amd64 (2.12.7+dfsg+really2.9.14-2.1+deb13u3) ...
Selecting previously unselected package libxslt1.1:amd64.
Preparing to unpack .../libxslt1.1_1.1.35-1.2+deb13u3_amd64.deb ...
Unpacking libxslt1.1:amd64 (1.1.35-1.2+deb13u3) ...
Selecting previously unselected package python3-lxml:amd64.
Preparing to unpack .../python3-lxml_5.4.0-1_amd64.deb ...
Unpacking python3-lxml:amd64 (5.4.0-1) ...
Selecting previously unselected package python3-regex.
Preparing to unpack .../python3-regex_0.1.20241106-1+b1_amd64.deb ...
Unpacking python3-regex (0.1.20241106-1+b1) ...
Setting up python3-regex (0.1.20241106-1+b1) ...
Setting up libxml2:amd64 (2.12.7+dfsg+really2.9.14-2.1+deb13u3) ...
Setting up libxslt1.1:amd64 (1.1.35-1.2+deb13u3) ...
Setting up python3-lxml:amd64 (5.4.0-1) ...
Processing triggers for libc-bin (2.41-12+deb13u3) ...
sending incremental file list
./
partial/

sent 123 bytes  received 23 bytes  292.00 bytes/sec
total size is 0  speedup is 0.00
+ sudo https_proxy=http://11.161.18.240:3128 LANG=C chroot ./fsroot-vs pip3 install pyangbind==0.8.7
Collecting pyangbind==0.8.7
  Downloading pyangbind-0.8.7-py3-none-any.whl.metadata (4.2 kB)
Collecting pyang (from pyangbind==0.8.7)
  Downloading pyang-2.7.1-py2.py3-none-any.whl.metadata (1.0 kB)
Requirement already satisfied: lxml in /usr/lib/python3/dist-packages (from pyangbind==0.8.7) (5.4.0)
Requirement already satisfied: regex in /usr/lib/python3/dist-packages (from pyangbind==0.8.7) (2024.11.6)
Collecting enum34 (from pyangbind==0.8.7)
  Downloading enum34-1.1.10-py3-none-any.whl.metadata (1.6 kB)
Downloading pyangbind-0.8.7-py3-none-any.whl (52 kB)
Downloading enum34-1.1.10-py3-none-any.whl (11 kB)
Downloading pyang-2.7.1-py2.py3-none-any.whl (598 kB)
   ━━━━━━━━━━━━━━━━━━━━━━━━━━━━━━━━━━━━━━━ 598.5/598.5 kB 191.9 kB/s eta 0:00:00
Installing collected packages: enum34, pyang, pyangbind

Successfully installed enum34-1.1.10 pyang-2.7.1 pyangbind-0.8.7
WARNING: Running pip as the 'root' user can result in broken permissions and conflicting behaviour with the system package manager, possibly rendering your system unusable. It is recommended to use a virtual environment instead: https://pip.pypa.io/warnings/venv. Use the --root-user-action option if you know what you are doing and want to suppress this warning.
+ sudo https_proxy=http://11.161.18.240:3128 LANG=C chroot ./fsroot-vs pip3 uninstall -y enum34
Found existing installation: enum34 1.1.10
Uninstalling enum34-1.1.10:
  Successfully uninstalled enum34-1.1.10
WARNING: Running pip as the 'root' user can result in broken permissions and conflicting behaviour with the system package manager, possibly rendering your system unusable. It is recommended to use a virtual environment instead: https://pip.pypa.io/warnings/venv. Use the --root-user-action option if you know what you are doing and want to suppress this warning.
+ install_pip_package target/python-wheels/trixie/sonic_config_engine-1.0-py3-none-any.whl
+ pip_wheel=target/python-wheels/trixie/sonic_config_engine-1.0-py3-none-any.whl
+ [[ -z target/python-wheels/trixie/sonic_config_engine-1.0-py3-none-any.whl ]]
+ sudo cp target/python-wheels/trixie/sonic_config_engine-1.0-py3-none-any.whl ./fsroot-vs/
++ basename -a target/python-wheels/trixie/sonic_config_engine-1.0-py3-none-any.whl
+ basename_pip_wheel=sonic_config_engine-1.0-py3-none-any.whl
+ sudo https_proxy=http://11.161.18.240:3128 LANG=C chroot ./fsroot-vs pip3 install sonic_config_engine-1.0-py3-none-any.whl
Processing /sonic_config_engine-1.0-py3-none-any.whl
Collecting bitarray==2.8.1 (from sonic-config-engine==1.0)
  Downloading bitarray-2.8.1.tar.gz (128 kB)
  Preparing metadata (setup.py): started
  Preparing metadata (setup.py): finished with status 'done'
Requirement already satisfied: lxml>=4.9.1 in /usr/lib/python3/dist-packages (from sonic-config-engine==1.0) (5.4.0)
Collecting netaddr==0.8.0 (from sonic-config-engine==1.0)
  Downloading netaddr-0.8.0-py2.py3-none-any.whl.metadata (4.9 kB)
Requirement already satisfied: Jinja2>=2.10 in /usr/lib/python3/dist-packages (from sonic-config-engine==1.0) (3.1.6)
Requirement already satisfied: pyyaml>=6.0.1 in /usr/lib/python3/dist-packages (from sonic-config-engine==1.0) (6.0.2)
Requirement already satisfied: sonic-py-common in /usr/local/lib/python3.13/dist-packages (from sonic-config-engine==1.0) (1.0)
Requirement already satisfied: sonic-yang-mgmt>=1.0 in /usr/local/lib/python3.13/dist-packages (from sonic-config-engine==1.0) (1.0)
Requirement already satisfied: sonic-yang-models>=1.0 in /usr/local/lib/python3.13/dist-packages (from sonic-config-engine==1.0) (1.0)
Requirement already satisfied: MarkupSafe>=2.0 in /usr/lib/python3/dist-packages (from Jinja2>=2.10->sonic-config-engine==1.0) (2.1.5)
Requirement already satisfied: ijson>=3.2.3 in /usr/lib/python3/dist-packages (from sonic-yang-mgmt>=1.0->sonic-config-engine==1.0) (3.4.0)
Requirement already satisfied: jsonpointer>=1.9 in /usr/local/lib/python3.13/dist-packages (from sonic-yang-mgmt>=1.0->sonic-config-engine==1.0) (3.1.1)
Requirement already satisfied: jsondiff>=1.2.0 in /usr/local/lib/python3.13/dist-packages (from sonic-yang-mgmt>=1.0->sonic-config-engine==1.0) (2.2.1)
Requirement already satisfied: tabulate==0.9.0 in /usr/local/lib/python3.13/dist-packages (from sonic-yang-mgmt>=1.0->sonic-config-engine==1.0) (0.9.0)
Requirement already satisfied: natsort in /usr/local/lib/python3.13/dist-packages (from sonic-py-common->sonic-config-engine==1.0) (8.4.0)
Requirement already satisfied: redis-dump-load in /usr/local/lib/python3.13/dist-packages (from sonic-py-common->sonic-config-engine==1.0) (1.1)
Requirement already satisfied: redis in /usr/local/lib/python3.13/dist-packages (from redis-dump-load->sonic-py-common->sonic-config-engine==1.0) (3.5.3)
Downloading netaddr-0.8.0-py2.py3-none-any.whl (1.9 MB)
   ━━━━━━━━━━━━━━━━━━━━━━━━━━━━━━━━━━━━━━━━ 1.9/1.9 MB 378.9 kB/s eta 0:00:00
Building wheels for collected packages: bitarray
  DEPRECATION: Building 'bitarray' using the legacy setup.py bdist_wheel mechanism, which will be removed in a future version. pip 25.3 will enforce this behaviour change. A possible replacement is to use the standardized build interface by setting the `--use-pep517` option, (possibly combined with `--no-build-isolation`), or adding a `pyproject.toml` file to the source tree of 'bitarray'. Discussion can be found at https://github.com/pypa/pip/issues/6334
  Building wheel for bitarray (setup.py): started
  Building wheel for bitarray (setup.py): finished with status 'done'
  Created wheel for bitarray: filename=bitarray-2.8.1-cp313-cp313-linux_x86_64.whl size=241664 sha256=44c247151fe342c124a150432fac9057ad51ead554f7ca9601db45e2e3047da8
  Stored in directory: /sonic/target/vcache/host-image/pip/wheels/07/be/75/82d0de59d7d6726dcdd22a64edc8ab499ca3e42cd6647747c6
Successfully built bitarray
Installing collected packages: netaddr, bitarray, sonic-config-engine

Successfully installed bitarray-2.8.1 netaddr-0.8.0 sonic-config-engine-1.0
WARNING: Running pip as the 'root' user can result in broken permissions and conflicting behaviour with the system package manager, possibly rendering your system unusable. It is recommended to use a virtual environment instead: https://pip.pypa.io/warnings/venv. Use the --root-user-action option if you know what you are doing and want to suppress this warning.
+ cd ./fsroot-vs
+ sudo rm -f sonic_config_engine-1.0-py3-none-any.whl
+ install_pip_package target/python-wheels/trixie/sonic_platform_common-1.0-py3-none-any.whl
+ pip_wheel=target/python-wheels/trixie/sonic_platform_common-1.0-py3-none-any.whl
+ [[ -z target/python-wheels/trixie/sonic_platform_common-1.0-py3-none-any.whl ]]
+ sudo cp target/python-wheels/trixie/sonic_platform_common-1.0-py3-none-any.whl ./fsroot-vs/
++ basename -a target/python-wheels/trixie/sonic_platform_common-1.0-py3-none-any.whl
+ basename_pip_wheel=sonic_platform_common-1.0-py3-none-any.whl
+ sudo https_proxy=http://11.161.18.240:3128 LANG=C chroot ./fsroot-vs pip3 install sonic_platform_common-1.0-py3-none-any.whl
Processing /sonic_platform_common-1.0-py3-none-any.whl
Requirement already satisfied: natsort in /usr/local/lib/python3.13/dist-packages (from sonic-platform-common==1.0) (8.4.0)
Requirement already satisfied: PyYAML in /usr/lib/python3/dist-packages (from sonic-platform-common==1.0) (6.0.2)
Requirement already satisfied: redis in /usr/local/lib/python3.13/dist-packages (from sonic-platform-common==1.0) (3.5.3)
Requirement already satisfied: sonic-py-common in /usr/local/lib/python3.13/dist-packages (from sonic-platform-common==1.0) (1.0)
Requirement already satisfied: sonic-config-engine in /usr/local/lib/python3.13/dist-packages (from sonic-platform-common==1.0) (1.0)
Requirement already satisfied: bitarray==2.8.1 in /usr/local/lib/python3.13/dist-packages (from sonic-config-engine->sonic-platform-common==1.0) (2.8.1)
Requirement already satisfied: lxml>=4.9.1 in /usr/lib/python3/dist-packages (from sonic-config-engine->sonic-platform-common==1.0) (5.4.0)
Requirement already satisfied: netaddr==0.8.0 in /usr/local/lib/python3.13/dist-packages (from sonic-config-engine->sonic-platform-common==1.0) (0.8.0)
Requirement already satisfied: Jinja2>=2.10 in /usr/lib/python3/dist-packages (from sonic-config-engine->sonic-platform-common==1.0) (3.1.6)
Requirement already satisfied: sonic-yang-mgmt>=1.0 in /usr/local/lib/python3.13/dist-packages (from sonic-config-engine->sonic-platform-common==1.0) (1.0)
Requirement already satisfied: sonic-yang-models>=1.0 in /usr/local/lib/python3.13/dist-packages (from sonic-config-engine->sonic-platform-common==1.0) (1.0)
Requirement already satisfied: MarkupSafe>=2.0 in /usr/lib/python3/dist-packages (from Jinja2>=2.10->sonic-config-engine->sonic-platform-common==1.0) (2.1.5)
Requirement already satisfied: ijson>=3.2.3 in /usr/lib/python3/dist-packages (from sonic-yang-mgmt>=1.0->sonic-config-engine->sonic-platform-common==1.0) (3.4.0)
Requirement already satisfied: jsonpointer>=1.9 in /usr/local/lib/python3.13/dist-packages (from sonic-yang-mgmt>=1.0->sonic-config-engine->sonic-platform-common==1.0) (3.1.1)
Requirement already satisfied: jsondiff>=1.2.0 in /usr/local/lib/python3.13/dist-packages (from sonic-yang-mgmt>=1.0->sonic-config-engine->sonic-platform-common==1.0) (2.2.1)
Requirement already satisfied: tabulate==0.9.0 in /usr/local/lib/python3.13/dist-packages (from sonic-yang-mgmt>=1.0->sonic-config-engine->sonic-platform-common==1.0) (0.9.0)
Requirement already satisfied: redis-dump-load in /usr/local/lib/python3.13/dist-packages (from sonic-py-common->sonic-platform-common==1.0) (1.1)
Installing collected packages: sonic-platform-common
Successfully installed sonic-platform-common-1.0
WARNING: Running pip as the 'root' user can result in broken permissions and conflicting behaviour with the system package manager, possibly rendering your system unusable. It is recommended to use a virtual environment instead: https://pip.pypa.io/warnings/venv. Use the --root-user-action option if you know what you are doing and want to suppress this warning.
+ cd ./fsroot-vs
+ sudo rm -f sonic_platform_common-1.0-py3-none-any.whl
+ install_pip_package target/python-wheels/trixie/sonic_platform_pddf_common-1.0-py3-none-any.whl
+ pip_wheel=target/python-wheels/trixie/sonic_platform_pddf_common-1.0-py3-none-any.whl
+ [[ -z target/python-wheels/trixie/sonic_platform_pddf_common-1.0-py3-none-any.whl ]]
+ sudo cp target/python-wheels/trixie/sonic_platform_pddf_common-1.0-py3-none-any.whl ./fsroot-vs/
++ basename -a target/python-wheels/trixie/sonic_platform_pddf_common-1.0-py3-none-any.whl
+ basename_pip_wheel=sonic_platform_pddf_common-1.0-py3-none-any.whl
+ sudo https_proxy=http://11.161.18.240:3128 LANG=C chroot ./fsroot-vs pip3 install sonic_platform_pddf_common-1.0-py3-none-any.whl
Processing /sonic_platform_pddf_common-1.0-py3-none-any.whl
Collecting jsonschema==2.6.0 (from sonic-platform-pddf-common==1.0)
  Downloading jsonschema-2.6.0-py2.py3-none-any.whl.metadata (4.6 kB)
Downloading jsonschema-2.6.0-py2.py3-none-any.whl (39 kB)
Installing collected packages: jsonschema, sonic-platform-pddf-common

Successfully installed jsonschema-2.6.0 sonic-platform-pddf-common-1.0
WARNING: Running pip as the 'root' user can result in broken permissions and conflicting behaviour with the system package manager, possibly rendering your system unusable. It is recommended to use a virtual environment instead: https://pip.pypa.io/warnings/venv. Use the --root-user-action option if you know what you are doing and want to suppress this warning.
+ cd ./fsroot-vs
+ sudo rm -f sonic_platform_pddf_common-1.0-py3-none-any.whl
+ install_pip_package target/python-wheels/trixie/system_health-1.0-py3-none-any.whl
+ pip_wheel=target/python-wheels/trixie/system_health-1.0-py3-none-any.whl
+ [[ -z target/python-wheels/trixie/system_health-1.0-py3-none-any.whl ]]
+ sudo cp target/python-wheels/trixie/system_health-1.0-py3-none-any.whl ./fsroot-vs/
++ basename -a target/python-wheels/trixie/system_health-1.0-py3-none-any.whl
+ basename_pip_wheel=system_health-1.0-py3-none-any.whl
+ sudo https_proxy=http://11.161.18.240:3128 LANG=C chroot ./fsroot-vs pip3 install system_health-1.0-py3-none-any.whl
Processing /system_health-1.0-py3-none-any.whl
Requirement already satisfied: natsort in /usr/local/lib/python3.13/dist-packages (from system-health==1.0) (8.4.0)
Requirement already satisfied: docker in /usr/local/lib/python3.13/dist-packages (from system-health==1.0) (7.1.0)
Requirement already satisfied: sonic-py-common in /usr/local/lib/python3.13/dist-packages (from system-health==1.0) (1.0)
Requirement already satisfied: requests>=2.26.0 in /usr/local/lib/python3.13/dist-packages (from docker->system-health==1.0) (2.34.2)
Requirement already satisfied: urllib3>=1.26.0 in /usr/local/lib/python3.13/dist-packages (from docker->system-health==1.0) (2.7.0)
Requirement already satisfied: charset_normalizer<4,>=2 in /usr/local/lib/python3.13/dist-packages (from requests>=2.26.0->docker->system-health==1.0) (3.4.7)
Requirement already satisfied: idna<4,>=2.5 in /usr/local/lib/python3.13/dist-packages (from requests>=2.26.0->docker->system-health==1.0) (3.18)
Requirement already satisfied: certifi>=2023.5.7 in /usr/local/lib/python3.13/dist-packages (from requests>=2.26.0->docker->system-health==1.0) (2026.6.17)
Requirement already satisfied: pyyaml in /usr/lib/python3/dist-packages (from sonic-py-common->system-health==1.0) (6.0.2)
Requirement already satisfied: redis-dump-load in /usr/local/lib/python3.13/dist-packages (from sonic-py-common->system-health==1.0) (1.1)
Requirement already satisfied: redis in /usr/local/lib/python3.13/dist-packages (from redis-dump-load->sonic-py-common->system-health==1.0) (3.5.3)
Installing collected packages: system-health
Successfully installed system-health-1.0
WARNING: Running pip as the 'root' user can result in broken permissions and conflicting behaviour with the system package manager, possibly rendering your system unusable. It is recommended to use a virtual environment instead: https://pip.pypa.io/warnings/venv. Use the --root-user-action option if you know what you are doing and want to suppress this warning.
+ cd ./fsroot-vs
+ sudo rm -f system_health-1.0-py3-none-any.whl
+ sudo LANG=C DEBIAN_FRONTEND=noninteractive chroot ./fsroot-vs apt-get -y install python3-m2crypto python3-cryptography python3-cffi python3-natsort python3-netifaces python3-paramiko python3-scp python3-enlighten python3-requests python3-click
Reading package lists...
Building dependency tree...
Reading state information...
The following package was automatically installed and is no longer required:
  libfuse3-4
Use 'sudo apt autoremove' to remove it.
The following additional packages will be installed:
  python3-bcrypt python3-blessed python3-certifi python3-cffi-backend
  python3-chardet python3-charset-normalizer python3-idna python3-nacl
  python3-ply python3-prefixed python3-pycparser python3-urllib3
  python3-wcwidth
Suggested packages:
  python-charset-normalizer-doc python-cryptography-doc
  python3-cryptography-vectors python-m2crypto-doc python-nacl-doc
  python-natsort-doc python3-gssapi python-ply-doc python3-openssl
  python3-socks python-requests-doc python3-brotli
Recommended packages:
  python3-invoke
The following NEW packages will be installed:
  python3-bcrypt python3-blessed python3-certifi python3-cffi
  python3-cffi-backend python3-chardet python3-charset-normalizer
  python3-click python3-cryptography python3-enlighten python3-idna
  python3-m2crypto python3-nacl python3-natsort python3-netifaces
  python3-paramiko python3-ply python3-prefixed python3-pycparser
  python3-requests python3-scp python3-urllib3 python3-wcwidth
0 upgraded, 23 newly installed, 0 to remove and 10 not upgraded.
Need to get 2631 kB of archives.
After this operation, 12.9 MB of additional disk space will be used.
Get:1 http://debian-archive.trafficmanager.net/debian trixie/main amd64 python3-bcrypt amd64 4.2.0-2.1+b1 [211 kB]
Get:2 http://debian-archive.trafficmanager.net/debian trixie/main amd64 python3-wcwidth all 0.2.13+dfsg1-1 [24.9 kB]
Get:3 http://debian-archive.trafficmanager.net/debian trixie/main amd64 python3-blessed all 1.21.0-1 [55.6 kB]
Get:4 http://debian-archive.trafficmanager.net/debian trixie/main amd64 python3-certifi all 2025.1.31+ds-1 [9652 B]
Get:5 http://debian-archive.trafficmanager.net/debian trixie/main amd64 python3-cffi-backend amd64 1.17.1-3 [93.4 kB]
Get:6 http://debian-archive.trafficmanager.net/debian trixie/main amd64 python3-ply all 3.11-9 [62.9 kB]
Get:7 http://debian-archive.trafficmanager.net/debian trixie/main amd64 python3-pycparser all 2.22-2 [78.0 kB]
Get:8 http://debian-archive.trafficmanager.net/debian trixie/main amd64 python3-cffi all 1.17.1-3 [89.5 kB]
Get:9 http://debian-archive.trafficmanager.net/debian trixie/main amd64 python3-chardet all 5.2.0+dfsg-2 [108 kB]
Get:10 http://debian-archive.trafficmanager.net/debian trixie/main amd64 python3-charset-normalizer amd64 3.4.2-1 [128 kB]
Get:11 http://debian-archive.trafficmanager.net/debian trixie/main amd64 python3-click all 8.2.0+0.really.8.1.8-1 [95.4 kB]
Get:12 http://debian-archive.trafficmanager.net/debian trixie/main amd64 python3-cryptography amd64 43.0.0-3+deb13u1 [942 kB]
Get:13 http://debian-archive.trafficmanager.net/debian trixie/main amd64 python3-prefixed all 0.7.0-1 [7984 B]
Get:14 http://debian-archive.trafficmanager.net/debian trixie/main amd64 python3-enlighten amd64 1.11.2-1 [41.4 kB]
Get:15 http://debian-archive.trafficmanager.net/debian trixie/main amd64 python3-idna all 3.10-1+deb13u1 [43.0 kB]
Get:16 http://debian-archive.trafficmanager.net/debian trixie/main amd64 python3-m2crypto amd64 0.42.0-3 [184 kB]
Get:17 http://debian-archive.trafficmanager.net/debian trixie/main amd64 python3-nacl amd64 1.5.0-7 [57.6 kB]
Get:18 http://debian-archive.trafficmanager.net/debian trixie/main amd64 python3-natsort all 8.0.2-2 [39.0 kB]
Get:19 http://debian-archive.trafficmanager.net/debian trixie/main amd64 python3-netifaces amd64 0.11.0-2+b6 [17.4 kB]
Get:20 http://debian-archive.trafficmanager.net/debian trixie/main amd64 python3-paramiko all 3.5.1-3 [144 kB]
Get:21 http://debian-archive.trafficmanager.net/debian trixie/main amd64 python3-urllib3 all 2.3.0-3+deb13u2 [115 kB]
Get:22 http://debian-archive.trafficmanager.net/debian trixie/main amd64 python3-requests all 2.32.3+dfsg-5+deb13u1 [72.2 kB]
Get:23 http://debian-archive.trafficmanager.net/debian trixie/main amd64 python3-scp all 0.15.0-1 [11.4 kB]
Fetched 2631 kB in 4s (721 kB/s)
E: Can not write log (Is /dev/pts mounted?) - posix_openpt (19: No such device)
Selecting previously unselected package python3-bcrypt.
(Reading database ... 34246 files and directories currently installed.)
Preparing to unpack .../00-python3-bcrypt_4.2.0-2.1+b1_amd64.deb ...
Unpacking python3-bcrypt (4.2.0-2.1+b1) ...
Selecting previously unselected package python3-wcwidth.
Preparing to unpack .../01-python3-wcwidth_0.2.13+dfsg1-1_all.deb ...
Unpacking python3-wcwidth (0.2.13+dfsg1-1) ...
Selecting previously unselected package python3-blessed.
Preparing to unpack .../02-python3-blessed_1.21.0-1_all.deb ...
Unpacking python3-blessed (1.21.0-1) ...
Selecting previously unselected package python3-certifi.
Preparing to unpack .../03-python3-certifi_2025.1.31+ds-1_all.deb ...
Unpacking python3-certifi (2025.1.31+ds-1) ...
Selecting previously unselected package python3-cffi-backend:amd64.
Preparing to unpack .../04-python3-cffi-backend_1.17.1-3_amd64.deb ...
Unpacking python3-cffi-backend:amd64 (1.17.1-3) ...
Selecting previously unselected package python3-ply.
Preparing to unpack .../05-python3-ply_3.11-9_all.deb ...
Unpacking python3-ply (3.11-9) ...
Selecting previously unselected package python3-pycparser.
Preparing to unpack .../06-python3-pycparser_2.22-2_all.deb ...
Unpacking python3-pycparser (2.22-2) ...
Selecting previously unselected package python3-cffi.
Preparing to unpack .../07-python3-cffi_1.17.1-3_all.deb ...
Unpacking python3-cffi (1.17.1-3) ...
Selecting previously unselected package python3-chardet.
Preparing to unpack .../08-python3-chardet_5.2.0+dfsg-2_all.deb ...
Unpacking python3-chardet (5.2.0+dfsg-2) ...
Selecting previously unselected package python3-charset-normalizer.
Preparing to unpack .../09-python3-charset-normalizer_3.4.2-1_amd64.deb ...
Unpacking python3-charset-normalizer (3.4.2-1) ...
Selecting previously unselected package python3-click.
Preparing to unpack .../10-python3-click_8.2.0+0.really.8.1.8-1_all.deb ...
Unpacking python3-click (8.2.0+0.really.8.1.8-1) ...
Selecting previously unselected package python3-cryptography.
Preparing to unpack .../11-python3-cryptography_43.0.0-3+deb13u1_amd64.deb ...
Unpacking python3-cryptography (43.0.0-3+deb13u1) ...
Selecting previously unselected package python3-prefixed.
Preparing to unpack .../12-python3-prefixed_0.7.0-1_all.deb ...
Unpacking python3-prefixed (0.7.0-1) ...
Selecting previously unselected package python3-enlighten.
Preparing to unpack .../13-python3-enlighten_1.11.2-1_amd64.deb ...
Unpacking python3-enlighten (1.11.2-1) ...
Selecting previously unselected package python3-idna.
Preparing to unpack .../14-python3-idna_3.10-1+deb13u1_all.deb ...
Unpacking python3-idna (3.10-1+deb13u1) ...
Selecting previously unselected package python3-m2crypto.
Preparing to unpack .../15-python3-m2crypto_0.42.0-3_amd64.deb ...
Unpacking python3-m2crypto (0.42.0-3) ...
Selecting previously unselected package python3-nacl.
Preparing to unpack .../16-python3-nacl_1.5.0-7_amd64.deb ...
Unpacking python3-nacl (1.5.0-7) ...
Selecting previously unselected package python3-natsort.
Preparing to unpack .../17-python3-natsort_8.0.2-2_all.deb ...
Unpacking python3-natsort (8.0.2-2) ...
Selecting previously unselected package python3-netifaces:amd64.
Preparing to unpack .../18-python3-netifaces_0.11.0-2+b6_amd64.deb ...
Unpacking python3-netifaces:amd64 (0.11.0-2+b6) ...
Selecting previously unselected package python3-paramiko.
Preparing to unpack .../19-python3-paramiko_3.5.1-3_all.deb ...
Unpacking python3-paramiko (3.5.1-3) ...
Selecting previously unselected package python3-urllib3.
Preparing to unpack .../20-python3-urllib3_2.3.0-3+deb13u2_all.deb ...
Unpacking python3-urllib3 (2.3.0-3+deb13u2) ...
Selecting previously unselected package python3-requests.
Preparing to unpack .../21-python3-requests_2.32.3+dfsg-5+deb13u1_all.deb ...
Unpacking python3-requests (2.32.3+dfsg-5+deb13u1) ...
Selecting previously unselected package python3-scp.
Preparing to unpack .../22-python3-scp_0.15.0-1_all.deb ...
Unpacking python3-scp (0.15.0-1) ...
Setting up python3-charset-normalizer (3.4.2-1) ...
Setting up python3-bcrypt (4.2.0-2.1+b1) ...
Setting up python3-ply (3.11-9) ...
Setting up python3-click (8.2.0+0.really.8.1.8-1) ...
Setting up python3-pycparser (2.22-2) ...
Setting up python3-natsort (8.0.2-2) ...
Setting up python3-prefixed (0.7.0-1) ...
Setting up python3-chardet (5.2.0+dfsg-2) ...
Setting up python3-wcwidth (0.2.13+dfsg1-1) ...
Setting up python3-certifi (2025.1.31+ds-1) ...
Setting up python3-m2crypto (0.42.0-3) ...
Setting up python3-idna (3.10-1+deb13u1) ...
Setting up python3-urllib3 (2.3.0-3+deb13u2) ...
Setting up python3-netifaces:amd64 (0.11.0-2+b6) ...
Setting up python3-cffi-backend:amd64 (1.17.1-3) ...
Setting up python3-blessed (1.21.0-1) ...
Setting up python3-cffi (1.17.1-3) ...
Setting up python3-enlighten (1.11.2-1) ...
Setting up python3-cryptography (43.0.0-3+deb13u1) ...
Setting up python3-requests (2.32.3+dfsg-5+deb13u1) ...
Setting up python3-nacl (1.5.0-7) ...
Setting up python3-paramiko (3.5.1-3) ...
Setting up python3-scp (0.15.0-1) ...
sending incremental file list
./
partial/

sent 123 bytes  received 23 bytes  292.00 bytes/sec
total size is 0  speedup is 0.00
+ sudo LANG=C DEBIAN_FRONTEND=noninteractive chroot ./fsroot-vs apt-get -y install libffi-dev
Reading package lists...
Building dependency tree...
Reading state information...
The following package was automatically installed and is no longer required:
  libfuse3-4
Use 'sudo apt autoremove' to remove it.
The following NEW packages will be installed:
  libffi-dev
0 upgraded, 1 newly installed, 0 to remove and 10 not upgraded.
Need to get 61.1 kB of archives.
After this operation, 332 kB of additional disk space will be used.
Get:1 http://debian-archive.trafficmanager.net/debian trixie/main amd64 libffi-dev amd64 3.4.8-2 [61.1 kB]
Fetched 61.1 kB in 0s (229 kB/s)
E: Can not write log (Is /dev/pts mounted?) - posix_openpt (19: No such device)
Selecting previously unselected package libffi-dev:amd64.
(Reading database ... 35139 files and directories currently installed.)
Preparing to unpack .../libffi-dev_3.4.8-2_amd64.deb ...
Unpacking libffi-dev:amd64 (3.4.8-2) ...
Setting up libffi-dev:amd64 (3.4.8-2) ...
sending incremental file list
./
partial/

sent 122 bytes  received 23 bytes  290.00 bytes/sec
total size is 0  speedup is 0.00
+ install_pip_package target/python-wheels/trixie/sonic_utilities-1.2-py3-none-any.whl
+ pip_wheel=target/python-wheels/trixie/sonic_utilities-1.2-py3-none-any.whl
+ [[ -z target/python-wheels/trixie/sonic_utilities-1.2-py3-none-any.whl ]]
+ sudo cp target/python-wheels/trixie/sonic_utilities-1.2-py3-none-any.whl ./fsroot-vs/
++ basename -a target/python-wheels/trixie/sonic_utilities-1.2-py3-none-any.whl
+ basename_pip_wheel=sonic_utilities-1.2-py3-none-any.whl
+ sudo https_proxy=http://11.161.18.240:3128 LANG=C chroot ./fsroot-vs pip3 install sonic_utilities-1.2-py3-none-any.whl
Processing /sonic_utilities-1.2-py3-none-any.whl
Requirement already satisfied: bcrypt>=3.2.2 in /usr/lib/python3/dist-packages (from sonic-utilities==1.2) (4.2.0)
Requirement already satisfied: click<8.2,>=8.0 in /usr/lib/python3/dist-packages (from sonic-utilities==1.2) (8.1.8)
Requirement already satisfied: cryptography>=3.3.2 in /usr/lib/python3/dist-packages (from sonic-utilities==1.2) (43.0.0)
Requirement already satisfied: urllib3>=2 in /usr/local/lib/python3.13/dist-packages (from sonic-utilities==1.2) (2.7.0)
Collecting click-log>=0.3.2 (from sonic-utilities==1.2)
  Downloading click_log-0.4.0-py2.py3-none-any.whl.metadata (1.2 kB)
Requirement already satisfied: docker>=4.4.4 in /usr/local/lib/python3.13/dist-packages (from sonic-utilities==1.2) (7.1.0)
Collecting docker-image-py==0.1.13 (from sonic-utilities==1.2)
  Downloading docker_image_py-0.1.13-py3-none-any.whl.metadata (223 bytes)
Collecting filelock>=3.0.12 (from sonic-utilities==1.2)
  Downloading filelock-3.29.4-py3-none-any.whl.metadata (2.0 kB)
Requirement already satisfied: enlighten>=1.8.0 in /usr/lib/python3/dist-packages (from sonic-utilities==1.2) (1.11.2)
Requirement already satisfied: ijson>=3.2.3 in /usr/lib/python3/dist-packages (from sonic-utilities==1.2) (3.4.0)
Collecting ipaddress>=1.0.23 (from sonic-utilities==1.2)
  Downloading ipaddress-1.0.23-py2.py3-none-any.whl.metadata (923 bytes)
Requirement already satisfied: protobuf in /usr/local/lib/python3.13/dist-packages (from sonic-utilities==1.2) (5.29.6)
Requirement already satisfied: jinja2>=2.11.3 in /usr/lib/python3/dist-packages (from sonic-utilities==1.2) (3.1.6)
Requirement already satisfied: jsondiff>=1.2.0 in /usr/local/lib/python3.13/dist-packages (from sonic-utilities==1.2) (2.2.1)
Collecting jsonpatch>=1.32.0 (from sonic-utilities==1.2)
  Downloading jsonpatch-1.33-py2.py3-none-any.whl.metadata (3.0 kB)
Requirement already satisfied: jsonpointer>=1.9 in /usr/local/lib/python3.13/dist-packages (from sonic-utilities==1.2) (3.1.1)
Requirement already satisfied: m2crypto>=0.31.0 in /usr/lib/python3/dist-packages (from sonic-utilities==1.2) (0.42.0)
Requirement already satisfied: natsort>=8.0 in /usr/local/lib/python3.13/dist-packages (from sonic-utilities==1.2) (8.4.0)
Requirement already satisfied: netaddr>=0.8.0 in /usr/local/lib/python3.13/dist-packages (from sonic-utilities==1.2) (0.8.0)
Requirement already satisfied: netifaces>=0.10.7 in /usr/lib/python3/dist-packages (from sonic-utilities==1.2) (0.11.0)
Requirement already satisfied: paramiko>=3.0 in /usr/lib/python3/dist-packages (from sonic-utilities==1.2) (3.5.1)
Collecting pexpect>=4.8.0 (from sonic-utilities==1.2)
  Downloading pexpect-4.9.0-py2.py3-none-any.whl.metadata (2.5 kB)
Collecting semantic-version>=2.8.5 (from sonic-utilities==1.2)
  Downloading semantic_version-2.10.0-py2.py3-none-any.whl.metadata (9.7 kB)
Collecting prettyprinter>=0.18.0 (from sonic-utilities==1.2)
  Downloading prettyprinter-0.18.0-py2.py3-none-any.whl.metadata (12 kB)
Collecting pyroute2>=0.7.7 (from sonic-utilities==1.2)
  Downloading pyroute2-0.9.6-py3-none-any.whl.metadata (8.8 kB)
Requirement already satisfied: requests>=2.25.0 in /usr/local/lib/python3.13/dist-packages (from sonic-utilities==1.2) (2.34.2)
Requirement already satisfied: tabulate==0.9.0 in /usr/local/lib/python3.13/dist-packages (from sonic-utilities==1.2) (0.9.0)
Collecting toposort==1.6 (from sonic-utilities==1.2)
  Downloading toposort-1.6-py2.py3-none-any.whl.metadata (6.0 kB)
Collecting www-authenticate==0.9.2 (from sonic-utilities==1.2)
  Downloading www-authenticate-0.9.2.tar.gz (2.4 kB)
  Preparing metadata (setup.py): started
  Preparing metadata (setup.py): finished with status 'done'
Collecting xmltodict==0.12.0 (from sonic-utilities==1.2)
  Downloading xmltodict-0.12.0-py2.py3-none-any.whl.metadata (6.3 kB)
Collecting lazy-object-proxy (from sonic-utilities==1.2)
  Downloading lazy_object_proxy-1.12.0-cp313-cp313-manylinux1_x86_64.manylinux_2_28_x86_64.manylinux_2_5_x86_64.whl.metadata (5.1 kB)
Collecting six>=1.16.0 (from sonic-utilities==1.2)
  Downloading six-1.17.0-py2.py3-none-any.whl.metadata (1.7 kB)
Collecting scp==0.14.5 (from sonic-utilities==1.2)
  Downloading scp-0.14.5-py2.py3-none-any.whl.metadata (4.3 kB)
Requirement already satisfied: sonic-config-engine in /usr/local/lib/python3.13/dist-packages (from sonic-utilities==1.2) (1.0)
Requirement already satisfied: sonic-platform-common in /usr/local/lib/python3.13/dist-packages (from sonic-utilities==1.2) (1.0)
Requirement already satisfied: sonic-py-common in /usr/local/lib/python3.13/dist-packages (from sonic-utilities==1.2) (1.0)
Requirement already satisfied: sonic-yang-mgmt in /usr/local/lib/python3.13/dist-packages (from sonic-utilities==1.2) (1.0)
Requirement already satisfied: regex>=2019.4.14 in /usr/lib/python3/dist-packages (from docker-image-py==0.1.13->sonic-utilities==1.2) (2024.11.6)
Requirement already satisfied: MarkupSafe>=2.0 in /usr/lib/python3/dist-packages (from jinja2>=2.11.3->sonic-utilities==1.2) (2.1.5)
Requirement already satisfied: pyyaml in /usr/lib/python3/dist-packages (from jsondiff>=1.2.0->sonic-utilities==1.2) (6.0.2)
Requirement already satisfied: pynacl>=1.5 in /usr/lib/python3/dist-packages (from paramiko>=3.0->sonic-utilities==1.2) (1.5.0)
Collecting ptyprocess>=0.5 (from pexpect>=4.8.0->sonic-utilities==1.2)
  Downloading ptyprocess-0.7.0-py2.py3-none-any.whl.metadata (1.3 kB)
Collecting Pygments>=2.2.0 (from prettyprinter>=0.18.0->sonic-utilities==1.2)
  Downloading pygments-2.20.0-py3-none-any.whl.metadata (2.5 kB)
Collecting colorful>=0.4.0 (from prettyprinter>=0.18.0->sonic-utilities==1.2)
  Downloading colorful-0.5.8-py2.py3-none-any.whl.metadata (17 kB)
Requirement already satisfied: cffi>=1.4.1 in /usr/lib/python3/dist-packages (from pynacl>=1.5->paramiko>=3.0->sonic-utilities==1.2) (1.17.1)
Requirement already satisfied: pycparser in /usr/lib/python3/dist-packages (from cffi>=1.4.1->pynacl>=1.5->paramiko>=3.0->sonic-utilities==1.2) (2.22)
Requirement already satisfied: charset_normalizer<4,>=2 in /usr/local/lib/python3.13/dist-packages (from requests>=2.25.0->sonic-utilities==1.2) (3.4.7)
Requirement already satisfied: idna<4,>=2.5 in /usr/local/lib/python3.13/dist-packages (from requests>=2.25.0->sonic-utilities==1.2) (3.18)
Requirement already satisfied: certifi>=2023.5.7 in /usr/local/lib/python3.13/dist-packages (from requests>=2.25.0->sonic-utilities==1.2) (2026.6.17)
Requirement already satisfied: bitarray==2.8.1 in /usr/local/lib/python3.13/dist-packages (from sonic-config-engine->sonic-utilities==1.2) (2.8.1)
Requirement already satisfied: lxml>=4.9.1 in /usr/lib/python3/dist-packages (from sonic-config-engine->sonic-utilities==1.2) (5.4.0)
Requirement already satisfied: sonic-yang-models>=1.0 in /usr/local/lib/python3.13/dist-packages (from sonic-config-engine->sonic-utilities==1.2) (1.0)
Requirement already satisfied: redis in /usr/local/lib/python3.13/dist-packages (from sonic-platform-common->sonic-utilities==1.2) (3.5.3)
Requirement already satisfied: redis-dump-load in /usr/local/lib/python3.13/dist-packages (from sonic-py-common->sonic-utilities==1.2) (1.1)
Downloading docker_image_py-0.1.13-py3-none-any.whl (8.9 kB)
Downloading scp-0.14.5-py2.py3-none-any.whl (8.7 kB)
Downloading toposort-1.6-py2.py3-none-any.whl (9.5 kB)
Downloading xmltodict-0.12.0-py2.py3-none-any.whl (9.2 kB)
Downloading click_log-0.4.0-py2.py3-none-any.whl (4.3 kB)
Downloading filelock-3.29.4-py3-none-any.whl (42 kB)
Downloading ipaddress-1.0.23-py2.py3-none-any.whl (18 kB)
Downloading jsonpatch-1.33-py2.py3-none-any.whl (12 kB)
Downloading pexpect-4.9.0-py2.py3-none-any.whl (63 kB)
Downloading prettyprinter-0.18.0-py2.py3-none-any.whl (48 kB)
Downloading colorful-0.5.8-py2.py3-none-any.whl (201 kB)
Downloading ptyprocess-0.7.0-py2.py3-none-any.whl (13 kB)
Downloading pygments-2.20.0-py3-none-any.whl (1.2 MB)
   ━━━━━━━━━━━━━━━━━━━━━━━━━━━━━━━━━━━━━━━━ 1.2/1.2 MB 271.4 kB/s eta 0:00:00
Downloading pyroute2-0.9.6-py3-none-any.whl (483 kB)
Downloading semantic_version-2.10.0-py2.py3-none-any.whl (15 kB)
Downloading six-1.17.0-py2.py3-none-any.whl (11 kB)
Downloading lazy_object_proxy-1.12.0-cp313-cp313-manylinux1_x86_64.manylinux_2_28_x86_64.manylinux_2_5_x86_64.whl (71 kB)
Building wheels for collected packages: www-authenticate
  DEPRECATION: Building 'www-authenticate' using the legacy setup.py bdist_wheel mechanism, which will be removed in a future version. pip 25.3 will enforce this behaviour change. A possible replacement is to use the standardized build interface by setting the `--use-pep517` option, (possibly combined with `--no-build-isolation`), or adding a `pyproject.toml` file to the source tree of 'www-authenticate'. Discussion can be found at https://github.com/pypa/pip/issues/6334
  Building wheel for www-authenticate (setup.py): started
  Building wheel for www-authenticate (setup.py): finished with status 'done'
  Created wheel for www-authenticate: filename=www_authenticate-0.9.2-py3-none-any.whl size=2952 sha256=71edd96e0c9a18bf360faec5eda343751a223a78a6fd14fcdff5a1efe2071d4b
  Stored in directory: /sonic/target/vcache/host-image/pip/wheels/e9/76/16/2bb26bb2492830e8145bcc67fdbefed7785f3bf73f6b91f17c
Successfully built www-authenticate
Installing collected packages: www-authenticate, toposort, ptyprocess, ipaddress, colorful, xmltodict, six, semantic-version, pyroute2, Pygments, pexpect, lazy-object-proxy, jsonpatch, filelock, docker-image-py, click-log, prettyprinter, scp, sonic-utilities
  Attempting uninstall: scp
    Found existing installation: scp 0.15.0
    Uninstalling scp-0.15.0:
      Successfully uninstalled scp-0.15.0

Successfully installed Pygments-2.20.0 click-log-0.4.0 colorful-0.5.8 docker-image-py-0.1.13 filelock-3.29.4 ipaddress-1.0.23 jsonpatch-1.33 lazy-object-proxy-1.12.0 pexpect-4.9.0 prettyprinter-0.18.0 ptyprocess-0.7.0 pyroute2-0.9.6 scp-0.14.5 semantic-version-2.10.0 six-1.17.0 sonic-utilities-1.2 toposort-1.6 www-authenticate-0.9.2 xmltodict-0.12.0
WARNING: Running pip as the 'root' user can result in broken permissions and conflicting behaviour with the system package manager, possibly rendering your system unusable. It is recommended to use a virtual environment instead: https://pip.pypa.io/warnings/venv. Use the --root-user-action option if you know what you are doing and want to suppress this warning.
+ cd ./fsroot-vs
+ sudo rm -f sonic_utilities-1.2-py3-none-any.whl
+ install_deb_package target/debs/trixie/sonic-utilities-data_1.0-1_all.deb
+ deb_packages=target/debs/trixie/sonic-utilities-data_1.0-1_all.deb
+ [[ -z target/debs/trixie/sonic-utilities-data_1.0-1_all.deb ]]
+ sudo cp target/debs/trixie/sonic-utilities-data_1.0-1_all.deb ./fsroot-vs/
++ basename -a target/debs/trixie/sonic-utilities-data_1.0-1_all.deb
+ basename_deb_packages=sonic-utilities-data_1.0-1_all.deb
+ sudo LANG=C DEBIAN_FRONTEND=noninteractive chroot ./fsroot-vs dpkg -i sonic-utilities-data_1.0-1_all.deb
Selecting previously unselected package sonic-utilities-data.
(Reading database ... 35174 files and directories currently installed.)
Preparing to unpack sonic-utilities-data_1.0-1_all.deb ...
Unpacking sonic-utilities-data (1.0-1) ...
Setting up sonic-utilities-data (1.0-1) ...
+ cd ./fsroot-vs
+ sudo rm -f sonic-utilities-data_1.0-1_all.deb
+ install_deb_package target/debs/trixie/bash_5.2.37-2_amd64.deb
+ deb_packages=target/debs/trixie/bash_5.2.37-2_amd64.deb
+ [[ -z target/debs/trixie/bash_5.2.37-2_amd64.deb ]]
+ sudo cp target/debs/trixie/bash_5.2.37-2_amd64.deb ./fsroot-vs/
++ basename -a target/debs/trixie/bash_5.2.37-2_amd64.deb
+ basename_deb_packages=bash_5.2.37-2_amd64.deb
+ sudo LANG=C DEBIAN_FRONTEND=noninteractive chroot ./fsroot-vs dpkg -i bash_5.2.37-2_amd64.deb
dpkg: warning: downgrading bash (5.2.37-2+b9) to (5.2.37-2)
(Reading database ... 35210 files and directories currently installed.)
Preparing to unpack bash_5.2.37-2_amd64.deb ...
Unpacking bash (5.2.37-2) over (5.2.37-2+b9) ...
Setting up bash (5.2.37-2) ...
update-alternatives: using /usr/share/man/man7/bash-builtins.7.gz to provide /usr/share/man/man7/builtins.7.gz (builtins.7.gz) in auto mode
Processing triggers for debianutils (5.23.2) ...
+ cd ./fsroot-vs
+ sudo rm -f bash_5.2.37-2_amd64.deb
+ sudo cp -f files/image_config/bash/bash.bashrc ./fsroot-vs/etc/
+ sudo cp -f files/image_config/bash/bash.bash_logout ./fsroot-vs/etc/
+ sudo cp -f files/image_config/readline/inputrc ./fsroot-vs/etc/
+ sudo LANG=C DEBIAN_FRONTEND=noninteractive chroot ./fsroot-vs apt-get -y install libcairo2-dev libdbus-1-dev libgirepository1.0-dev libsystemd-dev pkg-config python3-dbus
Reading package lists...
Building dependency tree...
Reading state information...
The following package was automatically installed and is no longer required:
  libfuse3-4
Use 'sudo apt autoremove' to remove it.
The following additional packages will be installed:
  build-essential bzip2 dpkg-dev fontconfig-config fonts-dejavu-core
  fonts-dejavu-mono g++ g++-14 g++-14-x86-64-linux-gnu g++-x86-64-linux-gnu
  gir1.2-freedesktop gir1.2-freedesktop-dev gir1.2-girepository-2.0
  gir1.2-girepository-2.0-dev gir1.2-glib-2.0 gir1.2-glib-2.0-dev
  girepository-tools gobject-introspection gobject-introspection-bin
  libblkid-dev libbrotli-dev libbz2-dev libcairo-gobject2
  libcairo-script-interpreter2 libcairo2 libcap-dev libdpkg-perl
  libfontconfig-dev libfontconfig1 libfreetype-dev libgio-2.0-dev
  libgio-2.0-dev-bin libgirepository-1.0-1 libgirepository-1.0-dev
  libgirepository-2.0-0 libglib2.0-bin libglib2.0-data libglib2.0-dev
  libglib2.0-dev-bin libice-dev libice6 libmount-dev libpcre2-16-0
  libpcre2-32-0 libpcre2-dev libpcre2-posix3 libpixman-1-0 libpixman-1-dev
  libpkgconf3 libpng-dev libselinux1-dev libsepol-dev libsm-dev libsm6
  libstdc++-14-dev libsysprof-capture-4-dev libx11-6 libx11-data libx11-dev
  libxau-dev libxau6 libxcb-render0 libxcb-render0-dev libxcb-shm0
  libxcb-shm0-dev libxcb1 libxcb1-dev libxdmcp-dev libxdmcp6 libxext-dev
  libxext6 libxrender-dev libxrender1 make native-architecture patch pkgconf
  pkgconf-bin python3-mako python3-markdown sgml-base uuid-dev x11-common
  x11proto-dev xml-core xorg-sgml-doctools xtrans-dev
Suggested packages:
  bzip2-doc debian-keyring debian-tag2upload-keyring g++-multilib
  g++-14-multilib gcc-14-doc libcairo2-doc manpages-dev sq | sqop | rsop
  | gosop | pgpainless-cli | gpg-sq | gnupg git bzr freetype2-doc
  libglib2.0-doc libgdk-pixbuf2.0-bin libxml2-utils libgirepository1.0-doc
  libice-doc libsm-doc libstdc++-14-doc libx11-doc libxcb-doc libxext-doc
  make-doc ed diffutils-doc python-dbus-doc python-mako-doc python3-beaker
  python-markdown-doc sgml-base-doc debhelper
Recommended packages:
  fakeroot sq | sqop | rsop | gosop | pgpainless-cli | gpg-sq | gnupg
  libalgorithm-merge-perl bzip2-doc libfile-fcntllock-perl
  liblocale-gettext-perl libpng-tools python3-gi python3-pygments
The following NEW packages will be installed:
  build-essential bzip2 dpkg-dev fontconfig-config fonts-dejavu-core
  fonts-dejavu-mono g++ g++-14 g++-14-x86-64-linux-gnu g++-x86-64-linux-gnu
  gir1.2-freedesktop gir1.2-freedesktop-dev gir1.2-girepository-2.0
  gir1.2-girepository-2.0-dev gir1.2-glib-2.0 gir1.2-glib-2.0-dev
  girepository-tools gobject-introspection gobject-introspection-bin
  libblkid-dev libbrotli-dev libbz2-dev libcairo-gobject2
  libcairo-script-interpreter2 libcairo2 libcairo2-dev libcap-dev
  libdbus-1-dev libdpkg-perl libfontconfig-dev libfontconfig1 libfreetype-dev
  libgio-2.0-dev libgio-2.0-dev-bin libgirepository-1.0-1
  libgirepository-1.0-dev libgirepository-2.0-0 libgirepository1.0-dev
  libglib2.0-bin libglib2.0-data libglib2.0-dev libglib2.0-dev-bin libice-dev
  libice6 libmount-dev libpcre2-16-0 libpcre2-32-0 libpcre2-dev
  libpcre2-posix3 libpixman-1-0 libpixman-1-dev libpkgconf3 libpng-dev
  libselinux1-dev libsepol-dev libsm-dev libsm6 libstdc++-14-dev
  libsysprof-capture-4-dev libsystemd-dev libx11-6 libx11-data libx11-dev
  libxau-dev libxau6 libxcb-render0 libxcb-render0-dev libxcb-shm0
  libxcb-shm0-dev libxcb1 libxcb1-dev libxdmcp-dev libxdmcp6 libxext-dev
  libxext6 libxrender-dev libxrender1 make native-architecture patch
  pkg-config pkgconf pkgconf-bin python3-dbus python3-mako python3-markdown
  sgml-base uuid-dev x11-common x11proto-dev xml-core xorg-sgml-doctools
  xtrans-dev
0 upgraded, 93 newly installed, 0 to remove and 11 not upgraded.
Need to get 36.8 MB of archives.
After this operation, 152 MB of additional disk space will be used.
Get:1 http://debian-archive.trafficmanager.net/debian trixie/main amd64 bzip2 amd64 1.0.8-6 [40.5 kB]
Get:2 http://debian-archive.trafficmanager.net/debian trixie/main amd64 libstdc++-14-dev amd64 14.2.0-19 [2376 kB]
Get:3 http://debian-archive.trafficmanager.net/debian trixie/main amd64 g++-14-x86-64-linux-gnu amd64 14.2.0-19 [12.1 MB]
Get:4 http://debian-archive.trafficmanager.net/debian trixie/main amd64 g++-14 amd64 14.2.0-19 [22.5 kB]
Get:5 http://debian-archive.trafficmanager.net/debian trixie/main amd64 g++-x86-64-linux-gnu amd64 4:14.2.0-1 [1200 B]
Get:6 http://debian-archive.trafficmanager.net/debian trixie/main amd64 g++ amd64 4:14.2.0-1 [1344 B]
Get:7 http://debian-archive.trafficmanager.net/debian trixie/main amd64 make amd64 4.4.1-2 [463 kB]
Get:8 http://debian-archive.trafficmanager.net/debian trixie/main amd64 libdpkg-perl all 1.22.22 [651 kB]
Get:9 http://debian-archive.trafficmanager.net/debian trixie/main amd64 patch amd64 2.8-2 [134 kB]
Get:10 http://debian-archive.trafficmanager.net/debian trixie/main amd64 dpkg-dev all 1.22.22 [1337 kB]
Get:11 http://debian-archive.trafficmanager.net/debian trixie/main amd64 build-essential amd64 12.12 [4624 B]
Get:12 http://debian-archive.trafficmanager.net/debian trixie/main amd64 fonts-dejavu-mono all 2.37-8 [489 kB]
Get:13 http://debian-archive.trafficmanager.net/debian trixie/main amd64 fonts-dejavu-core all 2.37-8 [840 kB]
Get:14 http://debian-archive.trafficmanager.net/debian trixie/main amd64 fontconfig-config amd64 2.15.0-2.3 [318 kB]
Get:15 http://debian-archive.trafficmanager.net/debian trixie/main amd64 gir1.2-glib-2.0 amd64 2.84.4-3~deb13u3 [199 kB]
Get:16 http://debian-archive.trafficmanager.net/debian trixie/main amd64 libfontconfig1 amd64 2.15.0-2.3 [392 kB]
Get:17 http://debian-archive.trafficmanager.net/debian trixie/main amd64 libpixman-1-0 amd64 0.44.0-3 [248 kB]
Get:18 http://debian-archive.trafficmanager.net/debian trixie/main amd64 libxau6 amd64 1:1.0.11-1 [20.4 kB]
Get:19 http://debian-archive.trafficmanager.net/debian trixie/main amd64 libxdmcp6 amd64 1:1.1.5-1 [27.8 kB]
Get:20 http://debian-archive.trafficmanager.net/debian trixie/main amd64 libxcb1 amd64 1.17.0-2+b1 [144 kB]
Get:21 http://debian-archive.trafficmanager.net/debian trixie/main amd64 libx11-data all 2:1.8.12-1 [343 kB]
Get:22 http://debian-archive.trafficmanager.net/debian trixie/main amd64 libx11-6 amd64 2:1.8.12-1 [815 kB]
Get:23 http://debian-archive.trafficmanager.net/debian trixie/main amd64 libxcb-render0 amd64 1.17.0-2+b1 [115 kB]
Get:24 http://debian-archive.trafficmanager.net/debian trixie/main amd64 libxcb-shm0 amd64 1.17.0-2+b1 [105 kB]
Get:25 http://debian-archive.trafficmanager.net/debian trixie/main amd64 libxext6 amd64 2:1.3.4-1+b3 [50.4 kB]
Get:26 http://debian-archive.trafficmanager.net/debian trixie/main amd64 libxrender1 amd64 1:0.9.12-1 [27.9 kB]
Get:27 http://debian-archive.trafficmanager.net/debian trixie/main amd64 libcairo2 amd64 1.18.4-1+b1 [538 kB]
Get:28 http://debian-archive.trafficmanager.net/debian trixie/main amd64 libcairo-gobject2 amd64 1.18.4-1+b1 [130 kB]
Get:29 http://debian-archive.trafficmanager.net/debian trixie/main amd64 gir1.2-freedesktop amd64 1.84.0-1 [60.5 kB]
Get:30 http://debian-archive.trafficmanager.net/debian trixie/main amd64 gir1.2-glib-2.0-dev amd64 2.84.4-3~deb13u3 [917 kB]
Get:31 http://debian-archive.trafficmanager.net/debian trixie/main amd64 gir1.2-freedesktop-dev amd64 1.84.0-1 [51.6 kB]
Get:32 http://debian-archive.trafficmanager.net/debian trixie/main amd64 libgirepository-1.0-1 amd64 1.84.0-1 [116 kB]
Get:33 http://debian-archive.trafficmanager.net/debian trixie/main amd64 gir1.2-girepository-2.0 amd64 1.84.0-1 [39.7 kB]
Get:34 http://debian-archive.trafficmanager.net/debian trixie/main amd64 gir1.2-girepository-2.0-dev amd64 1.84.0-1 [57.5 kB]
Get:35 http://debian-archive.trafficmanager.net/debian trixie/main amd64 native-architecture all 0.2.6 [2264 B]
Get:36 http://debian-archive.trafficmanager.net/debian trixie/main amd64 libgirepository-2.0-0 amd64 2.84.4-3~deb13u3 [144 kB]
Get:37 http://debian-archive.trafficmanager.net/debian trixie/main amd64 girepository-tools amd64 2.84.4-3~deb13u3 [151 kB]
Get:38 http://debian-archive.trafficmanager.net/debian trixie/main amd64 python3-mako all 1.3.9-1 [83.6 kB]
Get:39 http://debian-archive.trafficmanager.net/debian trixie/main amd64 python3-markdown all 3.7-2+deb13u1 [85.5 kB]
Get:40 http://debian-archive.trafficmanager.net/debian trixie/main amd64 gobject-introspection-bin amd64 1.84.0-1 [272 kB]
Get:41 http://debian-archive.trafficmanager.net/debian-security trixie-security/main amd64 uuid-dev amd64 2.41.5-0+deb13u1 [49.1 kB]
Get:42 http://debian-archive.trafficmanager.net/debian-security trixie-security/main amd64 libblkid-dev amd64 2.41.5-0+deb13u1 [209 kB]
Get:43 http://debian-archive.trafficmanager.net/debian trixie/main amd64 libsepol-dev amd64 3.8.1-1 [373 kB]
Get:44 http://debian-archive.trafficmanager.net/debian trixie/main amd64 libpcre2-16-0 amd64 10.46-1~deb13u1 [281 kB]
Get:45 http://debian-archive.trafficmanager.net/debian trixie/main amd64 libpcre2-32-0 amd64 10.46-1~deb13u1 [268 kB]
Get:46 http://debian-archive.trafficmanager.net/debian trixie/main amd64 libpcre2-posix3 amd64 10.46-1~deb13u1 [63.9 kB]
Get:47 http://debian-archive.trafficmanager.net/debian trixie/main amd64 libpcre2-dev amd64 10.46-1~deb13u1 [853 kB]
Get:48 http://debian-archive.trafficmanager.net/debian trixie/main amd64 libselinux1-dev amd64 3.8.1-1 [169 kB]
Get:49 http://debian-archive.trafficmanager.net/debian-security trixie-security/main amd64 libmount-dev amd64 2.41.5-0+deb13u1 [30.7 kB]
Get:50 http://debian-archive.trafficmanager.net/debian trixie/main amd64 libsysprof-capture-4-dev amd64 48.0-2 [49.9 kB]
Get:51 http://debian-archive.trafficmanager.net/debian trixie/main amd64 libpkgconf3 amd64 1.8.1-4 [36.4 kB]
Get:52 http://debian-archive.trafficmanager.net/debian trixie/main amd64 pkgconf-bin amd64 1.8.1-4 [30.2 kB]
Get:53 http://debian-archive.trafficmanager.net/debian trixie/main amd64 pkgconf amd64 1.8.1-4 [26.2 kB]
Get:54 http://debian-archive.trafficmanager.net/debian trixie/main amd64 libgio-2.0-dev amd64 2.84.4-3~deb13u3 [1689 kB]
Get:55 http://debian-archive.trafficmanager.net/debian trixie/main amd64 libglib2.0-data all 2.84.4-3~deb13u3 [1287 kB]
Get:56 http://debian-archive.trafficmanager.net/debian trixie/main amd64 libglib2.0-bin amd64 2.84.4-3~deb13u3 [131 kB]
Get:57 http://debian-archive.trafficmanager.net/debian trixie/main amd64 libgio-2.0-dev-bin amd64 2.84.4-3~deb13u3 [167 kB]
Get:58 http://debian-archive.trafficmanager.net/debian trixie/main amd64 libglib2.0-dev-bin amd64 2.84.4-3~deb13u3 [55.6 kB]
Get:59 http://debian-archive.trafficmanager.net/debian trixie/main amd64 libglib2.0-dev amd64 2.84.4-3~deb13u3 [56.4 kB]
Get:60 http://debian-archive.trafficmanager.net/debian trixie/main amd64 gobject-introspection amd64 1.84.0-1 [126 kB]
Get:61 http://debian-archive.trafficmanager.net/debian trixie/main amd64 libbrotli-dev amd64 1.1.0-2+b7 [316 kB]
Get:62 http://debian-archive.trafficmanager.net/debian trixie/main amd64 libbz2-dev amd64 1.0.8-6 [31.4 kB]
Get:63 http://debian-archive.trafficmanager.net/debian trixie/main amd64 libcairo-script-interpreter2 amd64 1.18.4-1+b1 [59.3 kB]
Get:64 http://debian-archive.trafficmanager.net/debian trixie/main amd64 libpng-dev amd64 1.6.48-1+deb13u5 [367 kB]
Get:65 http://debian-archive.trafficmanager.net/debian trixie/main amd64 libfreetype-dev amd64 2.13.3+dfsg-1+deb13u1 [623 kB]
Get:66 http://debian-archive.trafficmanager.net/debian trixie/main amd64 libfontconfig-dev amd64 2.15.0-2.3 [414 kB]
Get:67 http://debian-archive.trafficmanager.net/debian trixie/main amd64 libpixman-1-dev amd64 0.44.0-3 [11.4 kB]
Get:68 http://debian-archive.trafficmanager.net/debian trixie/main amd64 x11-common all 1:7.7+24+deb13u1 [217 kB]
Get:69 http://debian-archive.trafficmanager.net/debian trixie/main amd64 libice6 amd64 2:1.1.1-1 [65.4 kB]
Get:70 http://debian-archive.trafficmanager.net/debian trixie/main amd64 libsm6 amd64 2:1.2.6-1 [37.3 kB]
Get:71 http://debian-archive.trafficmanager.net/debian trixie/main amd64 xorg-sgml-doctools all 1:1.11-1.1 [22.1 kB]
Get:72 http://debian-archive.trafficmanager.net/debian trixie/main amd64 x11proto-dev all 2024.1-1 [603 kB]
Get:73 http://debian-archive.trafficmanager.net/debian trixie/main amd64 libice-dev amd64 2:1.1.1-1 [73.8 kB]
Get:74 http://debian-archive.trafficmanager.net/debian trixie/main amd64 libsm-dev amd64 2:1.2.6-1 [39.7 kB]
Get:75 http://debian-archive.trafficmanager.net/debian trixie/main amd64 libxau-dev amd64 1:1.0.11-1 [23.6 kB]
Get:76 http://debian-archive.trafficmanager.net/debian trixie/main amd64 libxdmcp-dev amd64 1:1.1.5-1 [44.3 kB]
Get:77 http://debian-archive.trafficmanager.net/debian trixie/main amd64 xtrans-dev all 1.4.0-1 [98.7 kB]
Get:78 http://debian-archive.trafficmanager.net/debian trixie/main amd64 libxcb1-dev amd64 1.17.0-2+b1 [181 kB]
Get:79 http://debian-archive.trafficmanager.net/debian trixie/main amd64 libx11-dev amd64 2:1.8.12-1 [894 kB]
Get:80 http://debian-archive.trafficmanager.net/debian trixie/main amd64 libxcb-render0-dev amd64 1.17.0-2+b1 [118 kB]
Get:81 http://debian-archive.trafficmanager.net/debian trixie/main amd64 libxcb-shm0-dev amd64 1.17.0-2+b1 [108 kB]
Get:82 http://debian-archive.trafficmanager.net/debian trixie/main amd64 libxext-dev amd64 2:1.3.4-1+b3 [104 kB]
Get:83 http://debian-archive.trafficmanager.net/debian trixie/main amd64 libxrender-dev amd64 1:0.9.12-1 [39.0 kB]
Get:84 http://debian-archive.trafficmanager.net/debian trixie/main amd64 libcairo2-dev amd64 1.18.4-1+b1 [43.4 kB]
Get:85 http://debian-archive.trafficmanager.net/debian trixie/main amd64 libcap-dev amd64 1:2.75-10+deb13u1+b1 [546 kB]
Get:86 http://debian-archive.trafficmanager.net/debian trixie/main amd64 libsystemd-dev amd64 257.13-1~deb13u1 [1359 kB]
Get:87 http://debian-archive.trafficmanager.net/debian trixie/main amd64 sgml-base all 1.31+nmu1 [10.9 kB]
Get:88 http://debian-archive.trafficmanager.net/debian trixie/main amd64 xml-core all 0.19 [20.1 kB]
Get:89 http://debian-archive.trafficmanager.net/debian trixie/main amd64 libdbus-1-dev amd64 1.16.2-2 [215 kB]
Get:90 http://debian-archive.trafficmanager.net/debian trixie/main amd64 libgirepository-1.0-dev amd64 1.84.0-1 [44.5 kB]
Get:91 http://debian-archive.trafficmanager.net/debian trixie/main amd64 libgirepository1.0-dev amd64 1.84.0-1 [33.3 kB]
Get:92 http://debian-archive.trafficmanager.net/debian trixie/main amd64 pkg-config amd64 1.8.1-4 [14.0 kB]
Get:93 http://debian-archive.trafficmanager.net/debian trixie/main amd64 python3-dbus amd64 1.4.0-1 [98.4 kB]
Preconfiguring packages ...
Fetched 36.8 MB in 18s (2072 kB/s)
E: Can not write log (Is /dev/pts mounted?) - posix_openpt (19: No such device)
Selecting previously unselected package bzip2.
(Reading database ... 35209 files and directories currently installed.)
Preparing to unpack .../00-bzip2_1.0.8-6_amd64.deb ...
Unpacking bzip2 (1.0.8-6) ...
Selecting previously unselected package libstdc++-14-dev:amd64.
Preparing to unpack .../01-libstdc++-14-dev_14.2.0-19_amd64.deb ...
Unpacking libstdc++-14-dev:amd64 (14.2.0-19) ...
Selecting previously unselected package g++-14-x86-64-linux-gnu.
Preparing to unpack .../02-g++-14-x86-64-linux-gnu_14.2.0-19_amd64.deb ...
Unpacking g++-14-x86-64-linux-gnu (14.2.0-19) ...
Selecting previously unselected package g++-14.
Preparing to unpack .../03-g++-14_14.2.0-19_amd64.deb ...
Unpacking g++-14 (14.2.0-19) ...
Selecting previously unselected package g++-x86-64-linux-gnu.
Preparing to unpack .../04-g++-x86-64-linux-gnu_4%3a14.2.0-1_amd64.deb ...
Unpacking g++-x86-64-linux-gnu (4:14.2.0-1) ...
Selecting previously unselected package g++.
Preparing to unpack .../05-g++_4%3a14.2.0-1_amd64.deb ...
Unpacking g++ (4:14.2.0-1) ...
Selecting previously unselected package make.
Preparing to unpack .../06-make_4.4.1-2_amd64.deb ...
Unpacking make (4.4.1-2) ...
Selecting previously unselected package libdpkg-perl.
Preparing to unpack .../07-libdpkg-perl_1.22.22_all.deb ...
Unpacking libdpkg-perl (1.22.22) ...
Selecting previously unselected package patch.
Preparing to unpack .../08-patch_2.8-2_amd64.deb ...
Unpacking patch (2.8-2) ...
Selecting previously unselected package dpkg-dev.
Preparing to unpack .../09-dpkg-dev_1.22.22_all.deb ...
Unpacking dpkg-dev (1.22.22) ...
Selecting previously unselected package build-essential.
Preparing to unpack .../10-build-essential_12.12_amd64.deb ...
Unpacking build-essential (12.12) ...
Selecting previously unselected package fonts-dejavu-mono.
Preparing to unpack .../11-fonts-dejavu-mono_2.37-8_all.deb ...
Unpacking fonts-dejavu-mono (2.37-8) ...
Selecting previously unselected package fonts-dejavu-core.
Preparing to unpack .../12-fonts-dejavu-core_2.37-8_all.deb ...
Unpacking fonts-dejavu-core (2.37-8) ...
Selecting previously unselected package fontconfig-config.
Preparing to unpack .../13-fontconfig-config_2.15.0-2.3_amd64.deb ...
Unpacking fontconfig-config (2.15.0-2.3) ...
Selecting previously unselected package gir1.2-glib-2.0:amd64.
Preparing to unpack .../14-gir1.2-glib-2.0_2.84.4-3~deb13u3_amd64.deb ...
Unpacking gir1.2-glib-2.0:amd64 (2.84.4-3~deb13u3) ...
Selecting previously unselected package libfontconfig1:amd64.
Preparing to unpack .../15-libfontconfig1_2.15.0-2.3_amd64.deb ...
Unpacking libfontconfig1:amd64 (2.15.0-2.3) ...
Selecting previously unselected package libpixman-1-0:amd64.
Preparing to unpack .../16-libpixman-1-0_0.44.0-3_amd64.deb ...
Unpacking libpixman-1-0:amd64 (0.44.0-3) ...
Selecting previously unselected package libxau6:amd64.
Preparing to unpack .../17-libxau6_1%3a1.0.11-1_amd64.deb ...
Unpacking libxau6:amd64 (1:1.0.11-1) ...
Selecting previously unselected package libxdmcp6:amd64.
Preparing to unpack .../18-libxdmcp6_1%3a1.1.5-1_amd64.deb ...
Unpacking libxdmcp6:amd64 (1:1.1.5-1) ...
Selecting previously unselected package libxcb1:amd64.
Preparing to unpack .../19-libxcb1_1.17.0-2+b1_amd64.deb ...
Unpacking libxcb1:amd64 (1.17.0-2+b1) ...
Selecting previously unselected package libx11-data.
Preparing to unpack .../20-libx11-data_2%3a1.8.12-1_all.deb ...
Unpacking libx11-data (2:1.8.12-1) ...
Selecting previously unselected package libx11-6:amd64.
Preparing to unpack .../21-libx11-6_2%3a1.8.12-1_amd64.deb ...
Unpacking libx11-6:amd64 (2:1.8.12-1) ...
Selecting previously unselected package libxcb-render0:amd64.
Preparing to unpack .../22-libxcb-render0_1.17.0-2+b1_amd64.deb ...
Unpacking libxcb-render0:amd64 (1.17.0-2+b1) ...
Selecting previously unselected package libxcb-shm0:amd64.
Preparing to unpack .../23-libxcb-shm0_1.17.0-2+b1_amd64.deb ...
Unpacking libxcb-shm0:amd64 (1.17.0-2+b1) ...
Selecting previously unselected package libxext6:amd64.
Preparing to unpack .../24-libxext6_2%3a1.3.4-1+b3_amd64.deb ...
Unpacking libxext6:amd64 (2:1.3.4-1+b3) ...
Selecting previously unselected package libxrender1:amd64.
Preparing to unpack .../25-libxrender1_1%3a0.9.12-1_amd64.deb ...
Unpacking libxrender1:amd64 (1:0.9.12-1) ...
Selecting previously unselected package libcairo2:amd64.
Preparing to unpack .../26-libcairo2_1.18.4-1+b1_amd64.deb ...
Unpacking libcairo2:amd64 (1.18.4-1+b1) ...
Selecting previously unselected package libcairo-gobject2:amd64.
Preparing to unpack .../27-libcairo-gobject2_1.18.4-1+b1_amd64.deb ...
Unpacking libcairo-gobject2:amd64 (1.18.4-1+b1) ...
Selecting previously unselected package gir1.2-freedesktop:amd64.
Preparing to unpack .../28-gir1.2-freedesktop_1.84.0-1_amd64.deb ...
Unpacking gir1.2-freedesktop:amd64 (1.84.0-1) ...
Selecting previously unselected package gir1.2-glib-2.0-dev:amd64.
Preparing to unpack .../29-gir1.2-glib-2.0-dev_2.84.4-3~deb13u3_amd64.deb ...
Unpacking gir1.2-glib-2.0-dev:amd64 (2.84.4-3~deb13u3) ...
Selecting previously unselected package gir1.2-freedesktop-dev:amd64.
Preparing to unpack .../30-gir1.2-freedesktop-dev_1.84.0-1_amd64.deb ...
Unpacking gir1.2-freedesktop-dev:amd64 (1.84.0-1) ...
Selecting previously unselected package libgirepository-1.0-1:amd64.
Preparing to unpack .../31-libgirepository-1.0-1_1.84.0-1_amd64.deb ...
Unpacking libgirepository-1.0-1:amd64 (1.84.0-1) ...
Selecting previously unselected package gir1.2-girepository-2.0:amd64.
Preparing to unpack .../32-gir1.2-girepository-2.0_1.84.0-1_amd64.deb ...
Unpacking gir1.2-girepository-2.0:amd64 (1.84.0-1) ...
Selecting previously unselected package gir1.2-girepository-2.0-dev:amd64.
Preparing to unpack .../33-gir1.2-girepository-2.0-dev_1.84.0-1_amd64.deb ...
Unpacking gir1.2-girepository-2.0-dev:amd64 (1.84.0-1) ...
Selecting previously unselected package native-architecture.
Preparing to unpack .../34-native-architecture_0.2.6_all.deb ...
Unpacking native-architecture (0.2.6) ...
Selecting previously unselected package libgirepository-2.0-0:amd64.
Preparing to unpack .../35-libgirepository-2.0-0_2.84.4-3~deb13u3_amd64.deb ...
Unpacking libgirepository-2.0-0:amd64 (2.84.4-3~deb13u3) ...
Selecting previously unselected package girepository-tools:amd64.
Preparing to unpack .../36-girepository-tools_2.84.4-3~deb13u3_amd64.deb ...
Unpacking girepository-tools:amd64 (2.84.4-3~deb13u3) ...
Selecting previously unselected package python3-mako.
Preparing to unpack .../37-python3-mako_1.3.9-1_all.deb ...
Unpacking python3-mako (1.3.9-1) ...
Selecting previously unselected package python3-markdown.
Preparing to unpack .../38-python3-markdown_3.7-2+deb13u1_all.deb ...
Unpacking python3-markdown (3.7-2+deb13u1) ...
Selecting previously unselected package gobject-introspection-bin.
Preparing to unpack .../39-gobject-introspection-bin_1.84.0-1_amd64.deb ...
Unpacking gobject-introspection-bin (1.84.0-1) ...
Selecting previously unselected package uuid-dev:amd64.
Preparing to unpack .../40-uuid-dev_2.41.5-0+deb13u1_amd64.deb ...
Unpacking uuid-dev:amd64 (2.41.5-0+deb13u1) ...
Selecting previously unselected package libblkid-dev:amd64.
Preparing to unpack .../41-libblkid-dev_2.41.5-0+deb13u1_amd64.deb ...
Unpacking libblkid-dev:amd64 (2.41.5-0+deb13u1) ...
Selecting previously unselected package libsepol-dev:amd64.
Preparing to unpack .../42-libsepol-dev_3.8.1-1_amd64.deb ...
Unpacking libsepol-dev:amd64 (3.8.1-1) ...
Selecting previously unselected package libpcre2-16-0:amd64.
Preparing to unpack .../43-libpcre2-16-0_10.46-1~deb13u1_amd64.deb ...
Unpacking libpcre2-16-0:amd64 (10.46-1~deb13u1) ...
Selecting previously unselected package libpcre2-32-0:amd64.
Preparing to unpack .../44-libpcre2-32-0_10.46-1~deb13u1_amd64.deb ...
Unpacking libpcre2-32-0:amd64 (10.46-1~deb13u1) ...
Selecting previously unselected package libpcre2-posix3:amd64.
Preparing to unpack .../45-libpcre2-posix3_10.46-1~deb13u1_amd64.deb ...
Unpacking libpcre2-posix3:amd64 (10.46-1~deb13u1) ...
Selecting previously unselected package libpcre2-dev:amd64.
Preparing to unpack .../46-libpcre2-dev_10.46-1~deb13u1_amd64.deb ...
Unpacking libpcre2-dev:amd64 (10.46-1~deb13u1) ...
Selecting previously unselected package libselinux1-dev:amd64.
Preparing to unpack .../47-libselinux1-dev_3.8.1-1_amd64.deb ...
Unpacking libselinux1-dev:amd64 (3.8.1-1) ...
Selecting previously unselected package libmount-dev:amd64.
Preparing to unpack .../48-libmount-dev_2.41.5-0+deb13u1_amd64.deb ...
Unpacking libmount-dev:amd64 (2.41.5-0+deb13u1) ...
Selecting previously unselected package libsysprof-capture-4-dev:amd64.
Preparing to unpack .../49-libsysprof-capture-4-dev_48.0-2_amd64.deb ...
Unpacking libsysprof-capture-4-dev:amd64 (48.0-2) ...
Selecting previously unselected package libpkgconf3:amd64.
Preparing to unpack .../50-libpkgconf3_1.8.1-4_amd64.deb ...
Unpacking libpkgconf3:amd64 (1.8.1-4) ...
Selecting previously unselected package pkgconf-bin.
Preparing to unpack .../51-pkgconf-bin_1.8.1-4_amd64.deb ...
Unpacking pkgconf-bin (1.8.1-4) ...
Selecting previously unselected package pkgconf:amd64.
Preparing to unpack .../52-pkgconf_1.8.1-4_amd64.deb ...
Unpacking pkgconf:amd64 (1.8.1-4) ...
Selecting previously unselected package libgio-2.0-dev:amd64.
Preparing to unpack .../53-libgio-2.0-dev_2.84.4-3~deb13u3_amd64.deb ...
Unpacking libgio-2.0-dev:amd64 (2.84.4-3~deb13u3) ...
Selecting previously unselected package libglib2.0-data.
Preparing to unpack .../54-libglib2.0-data_2.84.4-3~deb13u3_all.deb ...
Unpacking libglib2.0-data (2.84.4-3~deb13u3) ...
Selecting previously unselected package libglib2.0-bin.
Preparing to unpack .../55-libglib2.0-bin_2.84.4-3~deb13u3_amd64.deb ...
Unpacking libglib2.0-bin (2.84.4-3~deb13u3) ...
Selecting previously unselected package libgio-2.0-dev-bin.
Preparing to unpack .../56-libgio-2.0-dev-bin_2.84.4-3~deb13u3_amd64.deb ...
Unpacking libgio-2.0-dev-bin (2.84.4-3~deb13u3) ...
Selecting previously unselected package libglib2.0-dev-bin.
Preparing to unpack .../57-libglib2.0-dev-bin_2.84.4-3~deb13u3_amd64.deb ...
Unpacking libglib2.0-dev-bin (2.84.4-3~deb13u3) ...
Selecting previously unselected package libglib2.0-dev:amd64.
Preparing to unpack .../58-libglib2.0-dev_2.84.4-3~deb13u3_amd64.deb ...
Unpacking libglib2.0-dev:amd64 (2.84.4-3~deb13u3) ...
Selecting previously unselected package gobject-introspection:amd64.
Preparing to unpack .../59-gobject-introspection_1.84.0-1_amd64.deb ...
Unpacking gobject-introspection:amd64 (1.84.0-1) ...
Selecting previously unselected package libbrotli-dev:amd64.
Preparing to unpack .../60-libbrotli-dev_1.1.0-2+b7_amd64.deb ...
Unpacking libbrotli-dev:amd64 (1.1.0-2+b7) ...
Selecting previously unselected package libbz2-dev:amd64.
Preparing to unpack .../61-libbz2-dev_1.0.8-6_amd64.deb ...
Unpacking libbz2-dev:amd64 (1.0.8-6) ...
Selecting previously unselected package libcairo-script-interpreter2:amd64.
Preparing to unpack .../62-libcairo-script-interpreter2_1.18.4-1+b1_amd64.deb ...
Unpacking libcairo-script-interpreter2:amd64 (1.18.4-1+b1) ...
Selecting previously unselected package libpng-dev:amd64.
Preparing to unpack .../63-libpng-dev_1.6.48-1+deb13u5_amd64.deb ...
Unpacking libpng-dev:amd64 (1.6.48-1+deb13u5) ...
Selecting previously unselected package libfreetype-dev:amd64.
Preparing to unpack .../64-libfreetype-dev_2.13.3+dfsg-1+deb13u1_amd64.deb ...
Unpacking libfreetype-dev:amd64 (2.13.3+dfsg-1+deb13u1) ...
Selecting previously unselected package libfontconfig-dev:amd64.
Preparing to unpack .../65-libfontconfig-dev_2.15.0-2.3_amd64.deb ...
Unpacking libfontconfig-dev:amd64 (2.15.0-2.3) ...
Selecting previously unselected package libpixman-1-dev:amd64.
Preparing to unpack .../66-libpixman-1-dev_0.44.0-3_amd64.deb ...
Unpacking libpixman-1-dev:amd64 (0.44.0-3) ...
Selecting previously unselected package x11-common.
Preparing to unpack .../67-x11-common_1%3a7.7+24+deb13u1_all.deb ...
Unpacking x11-common (1:7.7+24+deb13u1) ...
Selecting previously unselected package libice6:amd64.
Preparing to unpack .../68-libice6_2%3a1.1.1-1_amd64.deb ...
Unpacking libice6:amd64 (2:1.1.1-1) ...
Selecting previously unselected package libsm6:amd64.
Preparing to unpack .../69-libsm6_2%3a1.2.6-1_amd64.deb ...
Unpacking libsm6:amd64 (2:1.2.6-1) ...
Selecting previously unselected package xorg-sgml-doctools.
Preparing to unpack .../70-xorg-sgml-doctools_1%3a1.11-1.1_all.deb ...
Unpacking xorg-sgml-doctools (1:1.11-1.1) ...
Selecting previously unselected package x11proto-dev.
Preparing to unpack .../71-x11proto-dev_2024.1-1_all.deb ...
Unpacking x11proto-dev (2024.1-1) ...
Selecting previously unselected package libice-dev:amd64.
Preparing to unpack .../72-libice-dev_2%3a1.1.1-1_amd64.deb ...
Unpacking libice-dev:amd64 (2:1.1.1-1) ...
Selecting previously unselected package libsm-dev:amd64.
Preparing to unpack .../73-libsm-dev_2%3a1.2.6-1_amd64.deb ...
Unpacking libsm-dev:amd64 (2:1.2.6-1) ...
Selecting previously unselected package libxau-dev:amd64.
Preparing to unpack .../74-libxau-dev_1%3a1.0.11-1_amd64.deb ...
Unpacking libxau-dev:amd64 (1:1.0.11-1) ...
Selecting previously unselected package libxdmcp-dev:amd64.
Preparing to unpack .../75-libxdmcp-dev_1%3a1.1.5-1_amd64.deb ...
Unpacking libxdmcp-dev:amd64 (1:1.1.5-1) ...
Selecting previously unselected package xtrans-dev.
Preparing to unpack .../76-xtrans-dev_1.4.0-1_all.deb ...
Unpacking xtrans-dev (1.4.0-1) ...
Selecting previously unselected package libxcb1-dev:amd64.
Preparing to unpack .../77-libxcb1-dev_1.17.0-2+b1_amd64.deb ...
Unpacking libxcb1-dev:amd64 (1.17.0-2+b1) ...
Selecting previously unselected package libx11-dev:amd64.
Preparing to unpack .../78-libx11-dev_2%3a1.8.12-1_amd64.deb ...
Unpacking libx11-dev:amd64 (2:1.8.12-1) ...
Selecting previously unselected package libxcb-render0-dev:amd64.
Preparing to unpack .../79-libxcb-render0-dev_1.17.0-2+b1_amd64.deb ...
Unpacking libxcb-render0-dev:amd64 (1.17.0-2+b1) ...
Selecting previously unselected package libxcb-shm0-dev:amd64.
Preparing to unpack .../80-libxcb-shm0-dev_1.17.0-2+b1_amd64.deb ...
Unpacking libxcb-shm0-dev:amd64 (1.17.0-2+b1) ...
Selecting previously unselected package libxext-dev:amd64.
Preparing to unpack .../81-libxext-dev_2%3a1.3.4-1+b3_amd64.deb ...
Unpacking libxext-dev:amd64 (2:1.3.4-1+b3) ...
Selecting previously unselected package libxrender-dev:amd64.
Preparing to unpack .../82-libxrender-dev_1%3a0.9.12-1_amd64.deb ...
Unpacking libxrender-dev:amd64 (1:0.9.12-1) ...
Selecting previously unselected package libcairo2-dev:amd64.
Preparing to unpack .../83-libcairo2-dev_1.18.4-1+b1_amd64.deb ...
Unpacking libcairo2-dev:amd64 (1.18.4-1+b1) ...
Selecting previously unselected package libcap-dev:amd64.
Preparing to unpack .../84-libcap-dev_1%3a2.75-10+deb13u1+b1_amd64.deb ...
Unpacking libcap-dev:amd64 (1:2.75-10+deb13u1+b1) ...
Selecting previously unselected package libsystemd-dev:amd64.
Preparing to unpack .../85-libsystemd-dev_257.13-1~deb13u1_amd64.deb ...
Unpacking libsystemd-dev:amd64 (257.13-1~deb13u1) ...
Selecting previously unselected package sgml-base.
Preparing to unpack .../86-sgml-base_1.31+nmu1_all.deb ...
Unpacking sgml-base (1.31+nmu1) ...
Selecting previously unselected package xml-core.
Preparing to unpack .../87-xml-core_0.19_all.deb ...
Unpacking xml-core (0.19) ...
Selecting previously unselected package libdbus-1-dev:amd64.
Preparing to unpack .../88-libdbus-1-dev_1.16.2-2_amd64.deb ...
Unpacking libdbus-1-dev:amd64 (1.16.2-2) ...
Selecting previously unselected package libgirepository-1.0-dev:amd64.
Preparing to unpack .../89-libgirepository-1.0-dev_1.84.0-1_amd64.deb ...
Unpacking libgirepository-1.0-dev:amd64 (1.84.0-1) ...
Selecting previously unselected package libgirepository1.0-dev.
Preparing to unpack .../90-libgirepository1.0-dev_1.84.0-1_amd64.deb ...
Unpacking libgirepository1.0-dev (1.84.0-1) ...
Selecting previously unselected package pkg-config:amd64.
Preparing to unpack .../91-pkg-config_1.8.1-4_amd64.deb ...
Unpacking pkg-config:amd64 (1.8.1-4) ...
Selecting previously unselected package python3-dbus.
Preparing to unpack .../92-python3-dbus_1.4.0-1_amd64.deb ...
Unpacking python3-dbus (1.4.0-1) ...
Setting up libpixman-1-0:amd64 (0.44.0-3) ...
Setting up libxau6:amd64 (1:1.0.11-1) ...
Setting up libxdmcp6:amd64 (1:1.1.5-1) ...
Setting up python3-dbus (1.4.0-1) ...
Setting up libgio-2.0-dev-bin (2.84.4-3~deb13u3) ...
Setting up libxcb1:amd64 (1.17.0-2+b1) ...
Setting up libpixman-1-dev:amd64 (0.44.0-3) ...
Setting up native-architecture (0.2.6) ...
Setting up libgirepository-2.0-0:amd64 (2.84.4-3~deb13u3) ...
Setting up libxcb-render0:amd64 (1.17.0-2+b1) ...
Setting up libpng-dev:amd64 (1.6.48-1+deb13u5) ...
Setting up x11-common (1:7.7+24+deb13u1) ...
Running in chroot, ignoring request.
Setting up libxcb-shm0:amd64 (1.17.0-2+b1) ...
Setting up bzip2 (1.0.8-6) ...
Setting up libpcre2-16-0:amd64 (10.46-1~deb13u1) ...
Setting up libsysprof-capture-4-dev:amd64 (48.0-2) ...
Setting up xtrans-dev (1.4.0-1) ...
Setting up libpcre2-32-0:amd64 (10.46-1~deb13u1) ...
Setting up libglib2.0-data (2.84.4-3~deb13u3) ...
Setting up libpkgconf3:amd64 (1.8.1-4) ...
Setting up libx11-data (2:1.8.12-1) ...
Setting up make (4.4.1-2) ...
Setting up uuid-dev:amd64 (2.41.5-0+deb13u1) ...
Setting up fonts-dejavu-mono (2.37-8) ...
Setting up python3-markdown (3.7-2+deb13u1) ...
Setting up patch (2.8-2) ...
Setting up fonts-dejavu-core (2.37-8) ...
Setting up libsepol-dev:amd64 (3.8.1-1) ...
Setting up pkgconf-bin (1.8.1-4) ...
Setting up gir1.2-glib-2.0:amd64 (2.84.4-3~deb13u3) ...
Setting up libdpkg-perl (1.22.22) ...
Setting up libpcre2-posix3:amd64 (10.46-1~deb13u1) ...
Setting up gir1.2-glib-2.0-dev:amd64 (2.84.4-3~deb13u3) ...
Setting up libx11-6:amd64 (2:1.8.12-1) ...
Setting up libgirepository-1.0-1:amd64 (1.84.0-1) ...
Setting up xorg-sgml-doctools (1:1.11-1.1) ...
Setting up sgml-base (1.31+nmu1) ...
Setting up libcap-dev:amd64 (1:2.75-10+deb13u1+b1) ...
Setting up libstdc++-14-dev:amd64 (14.2.0-19) ...
Setting up libsystemd-dev:amd64 (257.13-1~deb13u1) ...
Setting up libbrotli-dev:amd64 (1.1.0-2+b7) ...
Setting up python3-mako (1.3.9-1) ...
Setting up libbz2-dev:amd64 (1.0.8-6) ...
Setting up x11proto-dev (2024.1-1) ...
Setting up libblkid-dev:amd64 (2.41.5-0+deb13u1) ...
Setting up libice6:amd64 (2:1.1.1-1) ...
Setting up girepository-tools:amd64 (2.84.4-3~deb13u3) ...
Setting up libxau-dev:amd64 (1:1.0.11-1) ...
Setting up libpcre2-dev:amd64 (10.46-1~deb13u1) ...
Setting up libxrender1:amd64 (1:0.9.12-1) ...
Setting up libice-dev:amd64 (2:1.1.1-1) ...
Setting up libselinux1-dev:amd64 (3.8.1-1) ...
Setting up fontconfig-config (2.15.0-2.3) ...
Setting up libxext6:amd64 (2:1.3.4-1+b3) ...
Setting up libglib2.0-bin (2.84.4-3~deb13u3) ...
Setting up dpkg-dev (1.22.22) ...
Setting up pkgconf:amd64 (1.8.1-4) ...
Setting up libfreetype-dev:amd64 (2.13.3+dfsg-1+deb13u1) ...
Setting up libxdmcp-dev:amd64 (1:1.1.5-1) ...
Setting up gir1.2-girepository-2.0:amd64 (1.84.0-1) ...
Setting up pkg-config:amd64 (1.8.1-4) ...
Setting up g++-14-x86-64-linux-gnu (14.2.0-19) ...
Setting up xml-core (0.19) ...
Setting up g++-x86-64-linux-gnu (4:14.2.0-1) ...
Setting up libfontconfig1:amd64 (2.15.0-2.3) ...
Setting up g++-14 (14.2.0-19) ...
Setting up libsm6:amd64 (2:1.2.6-1) ...
Setting up libmount-dev:amd64 (2.41.5-0+deb13u1) ...
Setting up libglib2.0-dev-bin (2.84.4-3~deb13u3) ...
Setting up libgio-2.0-dev:amd64 (2.84.4-3~deb13u3) ...
Setting up libxcb1-dev:amd64 (1.17.0-2+b1) ...
Setting up libfontconfig-dev:amd64 (2.15.0-2.3) ...
Setting up libsm-dev:amd64 (2:1.2.6-1) ...
Setting up libx11-dev:amd64 (2:1.8.12-1) ...
Setting up gir1.2-girepository-2.0-dev:amd64 (1.84.0-1) ...
Setting up libcairo2:amd64 (1.18.4-1+b1) ...
Setting up libxcb-shm0-dev:amd64 (1.17.0-2+b1) ...
Setting up libxcb-render0-dev:amd64 (1.17.0-2+b1) ...
Setting up libxext-dev:amd64 (2:1.3.4-1+b3) ...
Setting up g++ (4:14.2.0-1) ...
update-alternatives: using /usr/bin/g++ to provide /usr/bin/c++ (c++) in auto mode
Setting up build-essential (12.12) ...
Setting up libcairo-gobject2:amd64 (1.18.4-1+b1) ...
Setting up libxrender-dev:amd64 (1:0.9.12-1) ...
Setting up libcairo-script-interpreter2:amd64 (1.18.4-1+b1) ...
Setting up gir1.2-freedesktop:amd64 (1.84.0-1) ...
Setting up gobject-introspection-bin (1.84.0-1) ...
Setting up gir1.2-freedesktop-dev:amd64 (1.84.0-1) ...
Processing triggers for libc-bin (2.41-12+deb13u3) ...
Processing triggers for libglib2.0-0t64:amd64 (2.84.4-3~deb13u3) ...
No schema files found: doing nothing.
Setting up libglib2.0-dev:amd64 (2.84.4-3~deb13u3) ...
Setting up libcairo2-dev:amd64 (1.18.4-1+b1) ...
Setting up gobject-introspection:amd64 (1.84.0-1) ...
Setting up libgirepository-1.0-dev:amd64 (1.84.0-1) ...
Setting up libgirepository1.0-dev (1.84.0-1) ...
Processing triggers for sgml-base (1.31+nmu1) ...
Setting up libdbus-1-dev:amd64 (1.16.2-2) ...
sending incremental file list
./
partial/

sent 123 bytes  received 23 bytes  292.00 bytes/sec
total size is 0  speedup is 0.00
+ sudo LANG=C DEBIAN_FRONTEND=noninteractive chroot ./fsroot-vs apt-mark manual gir1.2-glib-2.0 libdbus-1-3 libgirepository-1.0-1 libsystemd0 python3-dbus
libsystemd0 was already set to manually installed.
python3-dbus was already set to manually installed.
gir1.2-glib-2.0 set to manually installed.
libdbus-1-3 set to manually installed.
libgirepository-1.0-1 set to manually installed.
+ sudo https_proxy=http://11.161.18.240:3128 LANG=C chroot ./fsroot-vs pip3 install systemd-python
Collecting systemd-python
  Downloading systemd-python-235.tar.gz (61 kB)
  Preparing metadata (setup.py): started
  Preparing metadata (setup.py): finished with status 'done'
Building wheels for collected packages: systemd-python
  DEPRECATION: Building 'systemd-python' using the legacy setup.py bdist_wheel mechanism, which will be removed in a future version. pip 25.3 will enforce this behaviour change. A possible replacement is to use the standardized build interface by setting the `--use-pep517` option, (possibly combined with `--no-build-isolation`), or adding a `pyproject.toml` file to the source tree of 'systemd-python'. Discussion can be found at https://github.com/pypa/pip/issues/6334
  Building wheel for systemd-python (setup.py): started
  Building wheel for systemd-python (setup.py): finished with status 'done'
  Created wheel for systemd-python: filename=systemd_python-235-cp313-cp313-linux_x86_64.whl size=153067 sha256=da520d2e210efeffa37053fce8026437818e88352f600edbbea1a290fc6ae8f3
  Stored in directory: /sonic/target/vcache/host-image/pip/wheels/f2/d0/13/0104e9b2a46a01ee205026dcf1ab00eb1c940759d5ddf541f9
Successfully built systemd-python
Installing collected packages: systemd-python
Successfully installed systemd-python-235
WARNING: Running pip as the 'root' user can result in broken permissions and conflicting behaviour with the system package manager, possibly rendering your system unusable. It is recommended to use a virtual environment instead: https://pip.pypa.io/warnings/venv. Use the --root-user-action option if you know what you are doing and want to suppress this warning.
+ sudo LANG=C DEBIAN_FRONTEND=noninteractive chroot ./fsroot-vs apt-get -y install python3-gi
Reading package lists...
Building dependency tree...
Reading state information...
The following package was automatically installed and is no longer required:
  libfuse3-4
Use 'sudo apt autoremove' to remove it.
The following NEW packages will be installed:
  python3-gi
0 upgraded, 1 newly installed, 0 to remove and 11 not upgraded.
Need to get 236 kB of archives.
After this operation, 799 kB of additional disk space will be used.
Get:1 http://debian-archive.trafficmanager.net/debian trixie/main amd64 python3-gi amd64 3.50.0-4+b1 [236 kB]
Fetched 236 kB in 0s (754 kB/s)
E: Can not write log (Is /dev/pts mounted?) - posix_openpt (19: No such device)
Selecting previously unselected package python3-gi.
(Reading database ... 40316 files and directories currently installed.)
Preparing to unpack .../python3-gi_3.50.0-4+b1_amd64.deb ...
Unpacking python3-gi (3.50.0-4+b1) ...
Setting up python3-gi (3.50.0-4+b1) ...
sending incremental file list
./
partial/

sent 122 bytes  received 23 bytes  290.00 bytes/sec
total size is 0  speedup is 0.00
+ install_pip_package target/python-wheels/trixie/sonic_host_services-1.0-py3-none-any.whl
+ pip_wheel=target/python-wheels/trixie/sonic_host_services-1.0-py3-none-any.whl
+ [[ -z target/python-wheels/trixie/sonic_host_services-1.0-py3-none-any.whl ]]
+ sudo cp target/python-wheels/trixie/sonic_host_services-1.0-py3-none-any.whl ./fsroot-vs/
++ basename -a target/python-wheels/trixie/sonic_host_services-1.0-py3-none-any.whl
+ basename_pip_wheel=sonic_host_services-1.0-py3-none-any.whl
+ sudo https_proxy=http://11.161.18.240:3128 LANG=C chroot ./fsroot-vs pip3 install sonic_host_services-1.0-py3-none-any.whl
Processing /sonic_host_services-1.0-py3-none-any.whl
Requirement already satisfied: dbus-python in /usr/lib/python3/dist-packages (from sonic-host-services==1.0) (1.4.0)
Requirement already satisfied: systemd-python in /usr/local/lib/python3.13/dist-packages (from sonic-host-services==1.0) (235)
Requirement already satisfied: Jinja2>=2.10 in /usr/lib/python3/dist-packages (from sonic-host-services==1.0) (3.1.6)
Requirement already satisfied: PyGObject in /usr/lib/python3/dist-packages (from sonic-host-services==1.0) (3.50.0)
Collecting pycairo==1.26.1 (from sonic-host-services==1.0)
  Downloading pycairo-1.26.1.tar.gz (346 kB)
  Preparing metadata (pyproject.toml): started
  Preparing metadata (pyproject.toml): finished with status 'done'
Requirement already satisfied: psutil in /usr/local/lib/python3.13/dist-packages (from sonic-host-services==1.0) (7.2.2)
Requirement already satisfied: sonic-py-common in /usr/local/lib/python3.13/dist-packages (from sonic-host-services==1.0) (1.0)
Requirement already satisfied: sonic-utilities in /usr/local/lib/python3.13/dist-packages (from sonic-host-services==1.0) (1.2)
Requirement already satisfied: MarkupSafe>=2.0 in /usr/lib/python3/dist-packages (from Jinja2>=2.10->sonic-host-services==1.0) (2.1.5)
Requirement already satisfied: natsort in /usr/local/lib/python3.13/dist-packages (from sonic-py-common->sonic-host-services==1.0) (8.4.0)
Requirement already satisfied: pyyaml in /usr/lib/python3/dist-packages (from sonic-py-common->sonic-host-services==1.0) (6.0.2)
Requirement already satisfied: redis-dump-load in /usr/local/lib/python3.13/dist-packages (from sonic-py-common->sonic-host-services==1.0) (1.1)
Requirement already satisfied: redis in /usr/local/lib/python3.13/dist-packages (from redis-dump-load->sonic-py-common->sonic-host-services==1.0) (3.5.3)
Requirement already satisfied: bcrypt>=3.2.2 in /usr/lib/python3/dist-packages (from sonic-utilities->sonic-host-services==1.0) (4.2.0)
Requirement already satisfied: click<8.2,>=8.0 in /usr/lib/python3/dist-packages (from sonic-utilities->sonic-host-services==1.0) (8.1.8)
Requirement already satisfied: cryptography>=3.3.2 in /usr/lib/python3/dist-packages (from sonic-utilities->sonic-host-services==1.0) (43.0.0)
Requirement already satisfied: urllib3>=2 in /usr/local/lib/python3.13/dist-packages (from sonic-utilities->sonic-host-services==1.0) (2.7.0)
Requirement already satisfied: click-log>=0.3.2 in /usr/local/lib/python3.13/dist-packages (from sonic-utilities->sonic-host-services==1.0) (0.4.0)
Requirement already satisfied: docker>=4.4.4 in /usr/local/lib/python3.13/dist-packages (from sonic-utilities->sonic-host-services==1.0) (7.1.0)
Requirement already satisfied: docker-image-py==0.1.13 in /usr/local/lib/python3.13/dist-packages (from sonic-utilities->sonic-host-services==1.0) (0.1.13)
Requirement already satisfied: filelock>=3.0.12 in /usr/local/lib/python3.13/dist-packages (from sonic-utilities->sonic-host-services==1.0) (3.29.4)
Requirement already satisfied: enlighten>=1.8.0 in /usr/lib/python3/dist-packages (from sonic-utilities->sonic-host-services==1.0) (1.11.2)
Requirement already satisfied: ijson>=3.2.3 in /usr/lib/python3/dist-packages (from sonic-utilities->sonic-host-services==1.0) (3.4.0)
Requirement already satisfied: ipaddress>=1.0.23 in /usr/local/lib/python3.13/dist-packages (from sonic-utilities->sonic-host-services==1.0) (1.0.23)
Requirement already satisfied: protobuf in /usr/local/lib/python3.13/dist-packages (from sonic-utilities->sonic-host-services==1.0) (5.29.6)
Requirement already satisfied: jsondiff>=1.2.0 in /usr/local/lib/python3.13/dist-packages (from sonic-utilities->sonic-host-services==1.0) (2.2.1)
Requirement already satisfied: jsonpatch>=1.32.0 in /usr/local/lib/python3.13/dist-packages (from sonic-utilities->sonic-host-services==1.0) (1.33)
Requirement already satisfied: jsonpointer>=1.9 in /usr/local/lib/python3.13/dist-packages (from sonic-utilities->sonic-host-services==1.0) (3.1.1)
Requirement already satisfied: m2crypto>=0.31.0 in /usr/lib/python3/dist-packages (from sonic-utilities->sonic-host-services==1.0) (0.42.0)
Requirement already satisfied: netaddr>=0.8.0 in /usr/local/lib/python3.13/dist-packages (from sonic-utilities->sonic-host-services==1.0) (0.8.0)
Requirement already satisfied: netifaces>=0.10.7 in /usr/lib/python3/dist-packages (from sonic-utilities->sonic-host-services==1.0) (0.11.0)
Requirement already satisfied: paramiko>=3.0 in /usr/lib/python3/dist-packages (from sonic-utilities->sonic-host-services==1.0) (3.5.1)
Requirement already satisfied: pexpect>=4.8.0 in /usr/local/lib/python3.13/dist-packages (from sonic-utilities->sonic-host-services==1.0) (4.9.0)
Requirement already satisfied: semantic-version>=2.8.5 in /usr/local/lib/python3.13/dist-packages (from sonic-utilities->sonic-host-services==1.0) (2.10.0)
Requirement already satisfied: prettyprinter>=0.18.0 in /usr/local/lib/python3.13/dist-packages (from sonic-utilities->sonic-host-services==1.0) (0.18.0)
Requirement already satisfied: pyroute2>=0.7.7 in /usr/local/lib/python3.13/dist-packages (from sonic-utilities->sonic-host-services==1.0) (0.9.6)
Requirement already satisfied: requests>=2.25.0 in /usr/local/lib/python3.13/dist-packages (from sonic-utilities->sonic-host-services==1.0) (2.34.2)
Requirement already satisfied: tabulate==0.9.0 in /usr/local/lib/python3.13/dist-packages (from sonic-utilities->sonic-host-services==1.0) (0.9.0)
Requirement already satisfied: toposort==1.6 in /usr/local/lib/python3.13/dist-packages (from sonic-utilities->sonic-host-services==1.0) (1.6)
Requirement already satisfied: www-authenticate==0.9.2 in /usr/local/lib/python3.13/dist-packages (from sonic-utilities->sonic-host-services==1.0) (0.9.2)
Requirement already satisfied: xmltodict==0.12.0 in /usr/local/lib/python3.13/dist-packages (from sonic-utilities->sonic-host-services==1.0) (0.12.0)
Requirement already satisfied: lazy-object-proxy in /usr/local/lib/python3.13/dist-packages (from sonic-utilities->sonic-host-services==1.0) (1.12.0)
Requirement already satisfied: six>=1.16.0 in /usr/local/lib/python3.13/dist-packages (from sonic-utilities->sonic-host-services==1.0) (1.17.0)
Requirement already satisfied: scp==0.14.5 in /usr/local/lib/python3.13/dist-packages (from sonic-utilities->sonic-host-services==1.0) (0.14.5)
Requirement already satisfied: sonic-config-engine in /usr/local/lib/python3.13/dist-packages (from sonic-utilities->sonic-host-services==1.0) (1.0)
Requirement already satisfied: sonic-platform-common in /usr/local/lib/python3.13/dist-packages (from sonic-utilities->sonic-host-services==1.0) (1.0)
Requirement already satisfied: sonic-yang-mgmt in /usr/local/lib/python3.13/dist-packages (from sonic-utilities->sonic-host-services==1.0) (1.0)
Requirement already satisfied: regex>=2019.4.14 in /usr/lib/python3/dist-packages (from docker-image-py==0.1.13->sonic-utilities->sonic-host-services==1.0) (2024.11.6)
Requirement already satisfied: pynacl>=1.5 in /usr/lib/python3/dist-packages (from paramiko>=3.0->sonic-utilities->sonic-host-services==1.0) (1.5.0)
Requirement already satisfied: ptyprocess>=0.5 in /usr/local/lib/python3.13/dist-packages (from pexpect>=4.8.0->sonic-utilities->sonic-host-services==1.0) (0.7.0)
Requirement already satisfied: Pygments>=2.2.0 in /usr/local/lib/python3.13/dist-packages (from prettyprinter>=0.18.0->sonic-utilities->sonic-host-services==1.0) (2.20.0)
Requirement already satisfied: colorful>=0.4.0 in /usr/local/lib/python3.13/dist-packages (from prettyprinter>=0.18.0->sonic-utilities->sonic-host-services==1.0) (0.5.8)
Requirement already satisfied: cffi>=1.4.1 in /usr/lib/python3/dist-packages (from pynacl>=1.5->paramiko>=3.0->sonic-utilities->sonic-host-services==1.0) (1.17.1)
Requirement already satisfied: pycparser in /usr/lib/python3/dist-packages (from cffi>=1.4.1->pynacl>=1.5->paramiko>=3.0->sonic-utilities->sonic-host-services==1.0) (2.22)
Requirement already satisfied: charset_normalizer<4,>=2 in /usr/local/lib/python3.13/dist-packages (from requests>=2.25.0->sonic-utilities->sonic-host-services==1.0) (3.4.7)
Requirement already satisfied: idna<4,>=2.5 in /usr/local/lib/python3.13/dist-packages (from requests>=2.25.0->sonic-utilities->sonic-host-services==1.0) (3.18)
Requirement already satisfied: certifi>=2023.5.7 in /usr/local/lib/python3.13/dist-packages (from requests>=2.25.0->sonic-utilities->sonic-host-services==1.0) (2026.6.17)
Requirement already satisfied: bitarray==2.8.1 in /usr/local/lib/python3.13/dist-packages (from sonic-config-engine->sonic-utilities->sonic-host-services==1.0) (2.8.1)
Requirement already satisfied: lxml>=4.9.1 in /usr/lib/python3/dist-packages (from sonic-config-engine->sonic-utilities->sonic-host-services==1.0) (5.4.0)
Requirement already satisfied: sonic-yang-models>=1.0 in /usr/local/lib/python3.13/dist-packages (from sonic-config-engine->sonic-utilities->sonic-host-services==1.0) (1.0)
Building wheels for collected packages: pycairo
  Building wheel for pycairo (pyproject.toml): started
  Building wheel for pycairo (pyproject.toml): finished with status 'done'
  Created wheel for pycairo: filename=pycairo-1.26.1-cp313-cp313-linux_x86_64.whl size=332010 sha256=f7a856d851429bbed9870d1b1563020bd581bef0d779f298efa7c26b5817ecca
  Stored in directory: /sonic/target/vcache/host-image/pip/wheels/d6/f5/d6/21a3d3c1e52d5ed1f1d21353a9d52553e95e4adb4df532bac4
Successfully built pycairo
Installing collected packages: pycairo, sonic-host-services

Successfully installed pycairo-1.26.1 sonic-host-services-1.0
WARNING: Running pip as the 'root' user can result in broken permissions and conflicting behaviour with the system package manager, possibly rendering your system unusable. It is recommended to use a virtual environment instead: https://pip.pypa.io/warnings/venv. Use the --root-user-action option if you know what you are doing and want to suppress this warning.
+ cd ./fsroot-vs
+ sudo rm -f sonic_host_services-1.0-py3-none-any.whl
+ install_deb_package target/debs/trixie/sonic-host-services-data_1.0-1_all.deb
+ deb_packages=target/debs/trixie/sonic-host-services-data_1.0-1_all.deb
+ [[ -z target/debs/trixie/sonic-host-services-data_1.0-1_all.deb ]]
+ sudo cp target/debs/trixie/sonic-host-services-data_1.0-1_all.deb ./fsroot-vs/
++ basename -a target/debs/trixie/sonic-host-services-data_1.0-1_all.deb
+ basename_deb_packages=sonic-host-services-data_1.0-1_all.deb
+ sudo LANG=C DEBIAN_FRONTEND=noninteractive chroot ./fsroot-vs dpkg -i sonic-host-services-data_1.0-1_all.deb
Selecting previously unselected package sonic-host-services-data.
(Reading database ... 40358 files and directories currently installed.)
Preparing to unpack sonic-host-services-data_1.0-1_all.deb ...
Unpacking sonic-host-services-data (1.0-1) ...
Setting up sonic-host-services-data (1.0-1) ...
Created symlink '/etc/systemd/system/sonic.target.wants/caclmgrd.service' -> '/usr/lib/systemd/system/caclmgrd.service'.
Unit /usr/lib/systemd/system/caclmgrd.service is added as a dependency to a non-existent unit sonic.target.
Created symlink '/etc/systemd/system/timers.target.wants/hostcfgd.timer' -> '/usr/lib/systemd/system/hostcfgd.timer'.
Created symlink '/etc/systemd/system/sonic.target.wants/hostcfgd.timer' -> '/usr/lib/systemd/system/hostcfgd.timer'.
Unit /usr/lib/systemd/system/hostcfgd.timer is added as a dependency to a non-existent unit sonic.target.
Created symlink '/etc/systemd/system/timers.target.wants/featured.timer' -> '/usr/lib/systemd/system/featured.timer'.
Created symlink '/etc/systemd/system/sonic.target.wants/featured.timer' -> '/usr/lib/systemd/system/featured.timer'.
Unit /usr/lib/systemd/system/featured.timer is added as a dependency to a non-existent unit sonic.target.
Created symlink '/etc/systemd/system/timers.target.wants/aaastatsd.timer' -> '/usr/lib/systemd/system/aaastatsd.timer'.
Created symlink '/etc/systemd/system/sonic.target.wants/aaastatsd.timer' -> '/usr/lib/systemd/system/aaastatsd.timer'.
Unit /usr/lib/systemd/system/aaastatsd.timer is added as a dependency to a non-existent unit sonic.target.
Created symlink '/etc/systemd/system/sonic.target.wants/procdockerstatsd.service' -> '/usr/lib/systemd/system/procdockerstatsd.service'.
Unit /usr/lib/systemd/system/procdockerstatsd.service is added as a dependency to a non-existent unit sonic.target.
Created symlink '/etc/systemd/system/multi-user.target.wants/determine-reboot-cause.service' -> '/usr/lib/systemd/system/determine-reboot-cause.service'.
Created symlink '/etc/systemd/system/multi-user.target.wants/process-reboot-cause.service' -> '/usr/lib/systemd/system/process-reboot-cause.service'.
Created symlink '/etc/systemd/system/multi-user.target.wants/gnoi-shutdown.service' -> '/usr/lib/systemd/system/gnoi-shutdown.service'.
Created symlink '/etc/systemd/system/sonic.target.wants/console-monitor-dce.service' -> '/usr/lib/systemd/system/console-monitor-dce.service'.
Unit /usr/lib/systemd/system/console-monitor-dce.service is added as a dependency to a non-existent unit sonic.target.
Created symlink '/etc/systemd/system/sonic.target.wants/console-monitor-dte.service' -> '/usr/lib/systemd/system/console-monitor-dte.service'.
Unit /usr/lib/systemd/system/console-monitor-dte.service is added as a dependency to a non-existent unit sonic.target.
Created symlink '/etc/systemd/system/mgmt-framework.service.wants/sonic-hostservice.service' -> '/usr/lib/systemd/system/sonic-hostservice.service'.
Unit /usr/lib/systemd/system/sonic-hostservice.service is added as a dependency to a non-existent unit mgmt-framework.service.
Created symlink '/etc/systemd/system/telemetry.service.wants/sonic-hostservice.service' -> '/usr/lib/systemd/system/sonic-hostservice.service'.
Unit /usr/lib/systemd/system/sonic-hostservice.service is added as a dependency to a non-existent unit telemetry.service.
Created symlink '/etc/systemd/system/gnmi.service.wants/sonic-hostservice.service' -> '/usr/lib/systemd/system/sonic-hostservice.service'.
Unit /usr/lib/systemd/system/sonic-hostservice.service is added as a dependency to a non-existent unit gnmi.service.
Processing triggers for dbus (1.16.2-2) ...
+ cd ./fsroot-vs
+ sudo rm -f sonic-host-services-data_1.0-1_all.deb
+ install_pip_package
+ pip_wheel=
+ [[ -z '' ]]
+ return
+ install_deb_package target/debs/trixie/sonic-device-data_1.0-1_all.deb
+ deb_packages=target/debs/trixie/sonic-device-data_1.0-1_all.deb
+ [[ -z target/debs/trixie/sonic-device-data_1.0-1_all.deb ]]
+ sudo cp target/debs/trixie/sonic-device-data_1.0-1_all.deb ./fsroot-vs/
++ basename -a target/debs/trixie/sonic-device-data_1.0-1_all.deb
+ basename_deb_packages=sonic-device-data_1.0-1_all.deb
+ sudo LANG=C DEBIAN_FRONTEND=noninteractive chroot ./fsroot-vs dpkg -i sonic-device-data_1.0-1_all.deb
Selecting previously unselected package sonic-device-data.
(Reading database ... 40387 files and directories currently installed.)
Preparing to unpack sonic-device-data_1.0-1_all.deb ...
Unpacking sonic-device-data (1.0-1) ...
Setting up sonic-device-data (1.0-1) ...
+ cd ./fsroot-vs
+ sudo rm -f sonic-device-data_1.0-1_all.deb
+ sudo LANG=C DEBIAN_FRONTEND=noninteractive chroot ./fsroot-vs apt-get -y install libpam-pwquality cracklib-runtime
Reading package lists...
Building dependency tree...
Reading state information...
The following package was automatically installed and is no longer required:
  libfuse3-4
Use 'sudo apt autoremove' to remove it.
The following additional packages will be installed:
  libcrack2 libpwquality-common libpwquality1
Recommended packages:
  wamerican | wordlist
The following NEW packages will be installed:
  cracklib-runtime libcrack2 libpam-pwquality libpwquality-common
  libpwquality1
0 upgraded, 5 newly installed, 0 to remove and 11 not upgraded.
Need to get 266 kB of archives.
After this operation, 1402 kB of additional disk space will be used.
Get:1 http://debian-archive.trafficmanager.net/debian trixie/main amd64 libcrack2 amd64 2.9.6-5.2+b1 [44.4 kB]
Get:2 http://debian-archive.trafficmanager.net/debian trixie/main amd64 cracklib-runtime amd64 2.9.6-5.2+b1 [143 kB]
Get:3 http://debian-archive.trafficmanager.net/debian trixie/main amd64 libpwquality-common all 1.4.5-5 [51.9 kB]
Get:4 http://debian-archive.trafficmanager.net/debian trixie/main amd64 libpwquality1 amd64 1.4.5-5 [13.2 kB]
Get:5 http://debian-archive.trafficmanager.net/debian trixie/main amd64 libpam-pwquality amd64 1.4.5-5 [13.1 kB]
Fetched 266 kB in 1s (298 kB/s)
E: Can not write log (Is /dev/pts mounted?) - posix_openpt (19: No such device)
Selecting previously unselected package libcrack2:amd64.
(Reading database ... 61195 files and directories currently installed.)
Preparing to unpack .../libcrack2_2.9.6-5.2+b1_amd64.deb ...
Unpacking libcrack2:amd64 (2.9.6-5.2+b1) ...
Selecting previously unselected package cracklib-runtime.
Preparing to unpack .../cracklib-runtime_2.9.6-5.2+b1_amd64.deb ...
Unpacking cracklib-runtime (2.9.6-5.2+b1) ...
Selecting previously unselected package libpwquality-common.
Preparing to unpack .../libpwquality-common_1.4.5-5_all.deb ...
Unpacking libpwquality-common (1.4.5-5) ...
Selecting previously unselected package libpwquality1:amd64.
Preparing to unpack .../libpwquality1_1.4.5-5_amd64.deb ...
Unpacking libpwquality1:amd64 (1.4.5-5) ...
Selecting previously unselected package libpam-pwquality:amd64.
Preparing to unpack .../libpam-pwquality_1.4.5-5_amd64.deb ...
Unpacking libpam-pwquality:amd64 (1.4.5-5) ...
Setting up libpwquality-common (1.4.5-5) ...
Setting up libcrack2:amd64 (2.9.6-5.2+b1) ...
Setting up cracklib-runtime (2.9.6-5.2+b1) ...
Setting up libpwquality1:amd64 (1.4.5-5) ...
Setting up libpam-pwquality:amd64 (1.4.5-5) ...
Processing triggers for libc-bin (2.41-12+deb13u3) ...
sending incremental file list
./
partial/

sent 122 bytes  received 23 bytes  290.00 bytes/sec
total size is 0  speedup is 0.00
+ sudo LANG=C DEBIAN_FRONTEND=noninteractive chroot ./fsroot-vs apt-get -y install libnss-ldapd libpam-ldapd ldap-utils
Reading package lists...
Building dependency tree...
Reading state information...
The following package was automatically installed and is no longer required:
  libfuse3-4
Use 'sudo apt autoremove' to remove it.
The following additional packages will be installed:
  nslcd
Suggested packages:
  libsasl2-modules libsasl2-modules-gssapi-mit
  | libsasl2-modules-gssapi-heimdal kstart
Recommended packages:
  nscd nslcd-utils bind9-host | host
The following NEW packages will be installed:
  ldap-utils libnss-ldapd libpam-ldapd nslcd
0 upgraded, 4 newly installed, 0 to remove and 11 not upgraded.
Need to get 414 kB of archives.
After this operation, 1458 kB of additional disk space will be used.
Get:1 http://debian-archive.trafficmanager.net/debian trixie/main amd64 nslcd amd64 0.9.13-1 [176 kB]
Get:2 http://debian-archive.trafficmanager.net/debian trixie/main amd64 ldap-utils amd64 2.6.10+dfsg-1 [152 kB]
Get:3 http://debian-archive.trafficmanager.net/debian trixie/main amd64 libnss-ldapd amd64 0.9.13-1 [48.7 kB]
Get:4 http://debian-archive.trafficmanager.net/debian trixie/main amd64 libpam-ldapd amd64 0.9.13-1 [37.6 kB]
Preconfiguring packages ...
hostname: Name or service not known
hostname: Name or service not known
Fetched 414 kB in 1s (670 kB/s)
E: Can not write log (Is /dev/pts mounted?) - posix_openpt (19: No such device)
Selecting previously unselected package nslcd.
(Reading database ... 61343 files and directories currently installed.)
Preparing to unpack .../nslcd_0.9.13-1_amd64.deb ...
Unpacking nslcd (0.9.13-1) ...
Selecting previously unselected package ldap-utils.
Preparing to unpack .../ldap-utils_2.6.10+dfsg-1_amd64.deb ...
Unpacking ldap-utils (2.6.10+dfsg-1) ...
Selecting previously unselected package libnss-ldapd:amd64.
Preparing to unpack .../libnss-ldapd_0.9.13-1_amd64.deb ...
Unpacking libnss-ldapd:amd64 (0.9.13-1) ...
Selecting previously unselected package libpam-ldapd:amd64.
Preparing to unpack .../libpam-ldapd_0.9.13-1_amd64.deb ...
Unpacking libpam-ldapd:amd64 (0.9.13-1) ...
Setting up ldap-utils (2.6.10+dfsg-1) ...
Setting up nslcd (0.9.13-1) ...
hostname: Name or service not known
hostname: Name or service not known
Running in chroot, ignoring request.
Created symlink '/etc/systemd/system/multi-user.target.wants/nslcd.service' -> '/usr/lib/systemd/system/nslcd.service'.
Setting up libpam-ldapd:amd64 (0.9.13-1) ...
Setting up libnss-ldapd:amd64 (0.9.13-1) ...
Processing triggers for libc-bin (2.41-12+deb13u3) ...
sending incremental file list
./
partial/

sent 123 bytes  received 23 bytes  292.00 bytes/sec
total size is 0  speedup is 0.00
+ sudo LANG=C chroot ./fsroot-vs sed -i '/# Required-Start:/ s/$/ networking.service/' /etc/init.d/nslcd
+ sudo LANG=C chroot ./fsroot-vs systemctl stop nslcd.service
Running in chroot, ignoring command 'stop'
+ sudo LANG=C chroot ./fsroot-vs systemctl mask nslcd.service
Created symlink '/etc/systemd/system/nslcd.service' -> '/dev/null'.
+ install_deb_package target/debs/trixie/libtac2_1.4.1-1_amd64.deb
+ deb_packages=target/debs/trixie/libtac2_1.4.1-1_amd64.deb
+ [[ -z target/debs/trixie/libtac2_1.4.1-1_amd64.deb ]]
+ sudo cp target/debs/trixie/libtac2_1.4.1-1_amd64.deb ./fsroot-vs/
++ basename -a target/debs/trixie/libtac2_1.4.1-1_amd64.deb
+ basename_deb_packages=libtac2_1.4.1-1_amd64.deb
+ sudo LANG=C DEBIAN_FRONTEND=noninteractive chroot ./fsroot-vs dpkg -i libtac2_1.4.1-1_amd64.deb
Selecting previously unselected package libtac2.
(Reading database ... 61403 files and directories currently installed.)
Preparing to unpack libtac2_1.4.1-1_amd64.deb ...
Unpacking libtac2 (1.4.1-1) ...
Setting up libtac2 (1.4.1-1) ...
Processing triggers for libc-bin (2.41-12+deb13u3) ...
+ cd ./fsroot-vs
+ sudo rm -f libtac2_1.4.1-1_amd64.deb
+ install_deb_package target/debs/trixie/libpam-tacplus_1.4.1-1_amd64.deb
+ deb_packages=target/debs/trixie/libpam-tacplus_1.4.1-1_amd64.deb
+ [[ -z target/debs/trixie/libpam-tacplus_1.4.1-1_amd64.deb ]]
+ sudo cp target/debs/trixie/libpam-tacplus_1.4.1-1_amd64.deb ./fsroot-vs/
++ basename -a target/debs/trixie/libpam-tacplus_1.4.1-1_amd64.deb
+ basename_deb_packages=libpam-tacplus_1.4.1-1_amd64.deb
+ sudo LANG=C DEBIAN_FRONTEND=noninteractive chroot ./fsroot-vs dpkg -i libpam-tacplus_1.4.1-1_amd64.deb
Selecting previously unselected package libpam-tacplus.
(Reading database ... 61411 files and directories currently installed.)
Preparing to unpack libpam-tacplus_1.4.1-1_amd64.deb ...
Unpacking libpam-tacplus (1.4.1-1) ...
Setting up libpam-tacplus (1.4.1-1) ...
+ cd ./fsroot-vs
+ sudo rm -f libpam-tacplus_1.4.1-1_amd64.deb
+ install_deb_package target/debs/trixie/libnss-tacplus_1.0.4-1_amd64.deb
+ deb_packages=target/debs/trixie/libnss-tacplus_1.0.4-1_amd64.deb
+ [[ -z target/debs/trixie/libnss-tacplus_1.0.4-1_amd64.deb ]]
+ sudo cp target/debs/trixie/libnss-tacplus_1.0.4-1_amd64.deb ./fsroot-vs/
++ basename -a target/debs/trixie/libnss-tacplus_1.0.4-1_amd64.deb
+ basename_deb_packages=libnss-tacplus_1.0.4-1_amd64.deb
+ sudo LANG=C DEBIAN_FRONTEND=noninteractive chroot ./fsroot-vs dpkg -i libnss-tacplus_1.0.4-1_amd64.deb
Selecting previously unselected package libnss-tacplus.
(Reading database ... 61422 files and directories currently installed.)
Preparing to unpack libnss-tacplus_1.0.4-1_amd64.deb ...
Unpacking libnss-tacplus (1.0.4-1) ...
Setting up libnss-tacplus (1.0.4-1) ...
Processing triggers for libc-bin (2.41-12+deb13u3) ...
+ cd ./fsroot-vs
+ sudo rm -f libnss-tacplus_1.0.4-1_amd64.deb
+ install_deb_package target/debs/trixie/bash-tacplus_1.0.0_amd64.deb
+ deb_packages=target/debs/trixie/bash-tacplus_1.0.0_amd64.deb
+ [[ -z target/debs/trixie/bash-tacplus_1.0.0_amd64.deb ]]
+ sudo cp target/debs/trixie/bash-tacplus_1.0.0_amd64.deb ./fsroot-vs/
++ basename -a target/debs/trixie/bash-tacplus_1.0.0_amd64.deb
+ basename_deb_packages=bash-tacplus_1.0.0_amd64.deb
+ sudo LANG=C DEBIAN_FRONTEND=noninteractive chroot ./fsroot-vs dpkg -i bash-tacplus_1.0.0_amd64.deb
Selecting previously unselected package bash-tacplus.
(Reading database ... 61430 files and directories currently installed.)
Preparing to unpack bash-tacplus_1.0.0_amd64.deb ...
Unpacking bash-tacplus (1.0.0) ...
Setting up bash-tacplus (1.0.0) ...
+ cd ./fsroot-vs
+ sudo rm -f bash-tacplus_1.0.0_amd64.deb
+ sudo LANG=C DEBIAN_FRONTEND=noninteractive chroot ./fsroot-vs apt-get -y install libauparse0t64
Reading package lists...
Building dependency tree...
Reading state information...
libauparse0t64 is already the newest version (1:4.0.2-2+b2).
libauparse0t64 set to manually installed.
The following package was automatically installed and is no longer required:
  libfuse3-4
Use 'sudo apt autoremove' to remove it.
0 upgraded, 0 newly installed, 0 to remove and 11 not upgraded.
+ install_deb_package target/debs/trixie/audisp-tacplus_1.0.2_amd64.deb
+ deb_packages=target/debs/trixie/audisp-tacplus_1.0.2_amd64.deb
+ [[ -z target/debs/trixie/audisp-tacplus_1.0.2_amd64.deb ]]
+ sudo cp target/debs/trixie/audisp-tacplus_1.0.2_amd64.deb ./fsroot-vs/
++ basename -a target/debs/trixie/audisp-tacplus_1.0.2_amd64.deb
+ basename_deb_packages=audisp-tacplus_1.0.2_amd64.deb
+ sudo LANG=C DEBIAN_FRONTEND=noninteractive chroot ./fsroot-vs dpkg -i audisp-tacplus_1.0.2_amd64.deb
Selecting previously unselected package audisp-tacplus.
(Reading database ... 61434 files and directories currently installed.)
Preparing to unpack audisp-tacplus_1.0.2_amd64.deb ...
Unpacking audisp-tacplus (1.0.2) ...
Setting up audisp-tacplus (1.0.2) ...
Error sending status request (Operation not permitted)
There was an error while processing parameters
Running in chroot, ignoring command 'is-active'
Running in chroot, ignoring command 'restart'
+ cd ./fsroot-vs
+ sudo rm -f audisp-tacplus_1.0.2_amd64.deb
+ sudo LANG=C chroot ./fsroot-vs pam-auth-update --remove tacplus ldap
debconf: unable to initialize frontend: Dialog
debconf: (Dialog frontend will not work on a dumb terminal, an emacs shell buffer, or without a controlling terminal.)
debconf: falling back to frontend: Readline
debconf: unable to initialize frontend: Readline
debconf: (This frontend requires a controlling tty.)
debconf: falling back to frontend: Teletype
debconf: unable to initialize frontend: Teletype
debconf: (This frontend requires a controlling tty.)
debconf: falling back to frontend: Noninteractive
+ sudo sed -i -e '/^passwd/s/ tacplus//' ./fsroot-vs/etc/nsswitch.conf
+ install_deb_package target/debs/trixie/libpam-radius-auth_1.4.1-1_amd64.deb
+ deb_packages=target/debs/trixie/libpam-radius-auth_1.4.1-1_amd64.deb
+ [[ -z target/debs/trixie/libpam-radius-auth_1.4.1-1_amd64.deb ]]
+ sudo cp target/debs/trixie/libpam-radius-auth_1.4.1-1_amd64.deb ./fsroot-vs/
++ basename -a target/debs/trixie/libpam-radius-auth_1.4.1-1_amd64.deb
+ basename_deb_packages=libpam-radius-auth_1.4.1-1_amd64.deb
+ sudo LANG=C DEBIAN_FRONTEND=noninteractive chroot ./fsroot-vs dpkg -i libpam-radius-auth_1.4.1-1_amd64.deb
Selecting previously unselected package libpam-radius-auth.
(Reading database ... 61443 files and directories currently installed.)
Preparing to unpack libpam-radius-auth_1.4.1-1_amd64.deb ...
Unpacking libpam-radius-auth (1.4.1-1) ...
Setting up libpam-radius-auth (1.4.1-1) ...
Processing triggers for libc-bin (2.41-12+deb13u3) ...
+ cd ./fsroot-vs
+ sudo rm -f libpam-radius-auth_1.4.1-1_amd64.deb
+ install_deb_package target/debs/trixie/libnss-radius_1.0.1-1_amd64.deb
+ deb_packages=target/debs/trixie/libnss-radius_1.0.1-1_amd64.deb
+ [[ -z target/debs/trixie/libnss-radius_1.0.1-1_amd64.deb ]]
+ sudo cp target/debs/trixie/libnss-radius_1.0.1-1_amd64.deb ./fsroot-vs/
++ basename -a target/debs/trixie/libnss-radius_1.0.1-1_amd64.deb
+ basename_deb_packages=libnss-radius_1.0.1-1_amd64.deb
+ sudo LANG=C DEBIAN_FRONTEND=noninteractive chroot ./fsroot-vs dpkg -i libnss-radius_1.0.1-1_amd64.deb
Selecting previously unselected package libnss-radius:amd64.
(Reading database ... 61462 files and directories currently installed.)
Preparing to unpack libnss-radius_1.0.1-1_amd64.deb ...
Unpacking libnss-radius:amd64 (1.0.1-1) ...
Setting up libnss-radius:amd64 (1.0.1-1) ...
Processing triggers for libc-bin (2.41-12+deb13u3) ...
+ cd ./fsroot-vs
+ sudo rm -f libnss-radius_1.0.1-1_amd64.deb
+ sudo sed -i -e '/^passwd/s/ radius//' ./fsroot-vs/etc/nsswitch.conf
+ install_deb_package target/debs/trixie/makedumpfile_1.7.7-1_amd64.deb
+ deb_packages=target/debs/trixie/makedumpfile_1.7.7-1_amd64.deb
+ [[ -z target/debs/trixie/makedumpfile_1.7.7-1_amd64.deb ]]
+ sudo cp target/debs/trixie/makedumpfile_1.7.7-1_amd64.deb ./fsroot-vs/
++ basename -a target/debs/trixie/makedumpfile_1.7.7-1_amd64.deb
+ basename_deb_packages=makedumpfile_1.7.7-1_amd64.deb
+ sudo LANG=C DEBIAN_FRONTEND=noninteractive chroot ./fsroot-vs dpkg -i makedumpfile_1.7.7-1_amd64.deb
Selecting previously unselected package makedumpfile.
(Reading database ... 61468 files and directories currently installed.)
Preparing to unpack makedumpfile_1.7.7-1_amd64.deb ...
Unpacking makedumpfile (1:1.7.7-1) ...
Setting up makedumpfile (1:1.7.7-1) ...
+ cd ./fsroot-vs
+ sudo rm -f makedumpfile_1.7.7-1_amd64.deb
+ [[ amd64 == amd64 ]]
+ install_deb_package target/debs/trixie/kdump-tools_1.10.7_amd64.deb
+ deb_packages=target/debs/trixie/kdump-tools_1.10.7_amd64.deb
+ [[ -z target/debs/trixie/kdump-tools_1.10.7_amd64.deb ]]
+ sudo cp target/debs/trixie/kdump-tools_1.10.7_amd64.deb ./fsroot-vs/
++ basename -a target/debs/trixie/kdump-tools_1.10.7_amd64.deb
+ basename_deb_packages=kdump-tools_1.10.7_amd64.deb
+ sudo LANG=C DEBIAN_FRONTEND=noninteractive chroot ./fsroot-vs dpkg -i kdump-tools_1.10.7_amd64.deb
Selecting previously unselected package kdump-tools.
(Reading database ... 61477 files and directories currently installed.)
Preparing to unpack kdump-tools_1.10.7_amd64.deb ...
Unpacking kdump-tools (1:1.10.7) ...
Setting up kdump-tools (1:1.10.7) ...
Creating config file /etc/default/kdump-tools with new version
Running in chroot, ignoring request.
Created symlink '/etc/systemd/system/basic.target.wants/kdump-tools.service' -> '/usr/lib/systemd/system/kdump-tools.service'.
Processing triggers for initramfs-tools (0.142) ...
update-initramfs: Generating /boot/initrd.img-6.12.41+deb13-sonic-amd64
+ cd ./fsroot-vs
+ sudo rm -f kdump-tools_1.10.7_amd64.deb
+ cat files/image_config/kdump/kdump-tools
+ sudo tee -a ./fsroot-vs/etc/default/kdump-tools
++ ls ./fsroot-vs/lib/modules/
+ for kernel_release in $(ls $FILESYSTEM_ROOT/lib/modules/)
+ sudo LANG=C chroot ./fsroot-vs /etc/kernel/postinst.d/kdump-tools 6.12.41+deb13-sonic-amd64
+ sudo LANG=C chroot ./fsroot-vs kdump-config symlinks 6.12.41+deb13-sonic-amd64
Creating symlink /var/lib/kdump/vmlinuz.
Creating symlink /var/lib/kdump/initrd.img.
+ sudo LANG=C chroot ./fsroot-vs cp /etc/kdump/sysctl.conf /var/lib/kdump/latest_sysctls-6.12.41+deb13-sonic-amd64
+ install_deb_package target/debs/trixie/libnl-3-200_3.7.0-0.2+b1sonic1_amd64.deb
+ deb_packages=target/debs/trixie/libnl-3-200_3.7.0-0.2+b1sonic1_amd64.deb
+ [[ -z target/debs/trixie/libnl-3-200_3.7.0-0.2+b1sonic1_amd64.deb ]]
+ sudo cp target/debs/trixie/libnl-3-200_3.7.0-0.2+b1sonic1_amd64.deb ./fsroot-vs/
++ basename -a target/debs/trixie/libnl-3-200_3.7.0-0.2+b1sonic1_amd64.deb
+ basename_deb_packages=libnl-3-200_3.7.0-0.2+b1sonic1_amd64.deb
+ sudo LANG=C DEBIAN_FRONTEND=noninteractive chroot ./fsroot-vs dpkg -i libnl-3-200_3.7.0-0.2+b1sonic1_amd64.deb
Selecting previously unselected package libnl-3-200:amd64.
(Reading database ... 61500 files and directories currently installed.)
Preparing to unpack libnl-3-200_3.7.0-0.2+b1sonic1_amd64.deb ...
Unpacking libnl-3-200:amd64 (3.7.0-0.2+b1sonic1) ...
Setting up libnl-3-200:amd64 (3.7.0-0.2+b1sonic1) ...
Processing triggers for libc-bin (2.41-12+deb13u3) ...
+ cd ./fsroot-vs
+ sudo rm -f libnl-3-200_3.7.0-0.2+b1sonic1_amd64.deb
+ install_deb_package target/debs/trixie/libnl-genl-3-200_3.7.0-0.2+b1sonic1_amd64.deb
+ deb_packages=target/debs/trixie/libnl-genl-3-200_3.7.0-0.2+b1sonic1_amd64.deb
+ [[ -z target/debs/trixie/libnl-genl-3-200_3.7.0-0.2+b1sonic1_amd64.deb ]]
+ sudo cp target/debs/trixie/libnl-genl-3-200_3.7.0-0.2+b1sonic1_amd64.deb ./fsroot-vs/
++ basename -a target/debs/trixie/libnl-genl-3-200_3.7.0-0.2+b1sonic1_amd64.deb
+ basename_deb_packages=libnl-genl-3-200_3.7.0-0.2+b1sonic1_amd64.deb
+ sudo LANG=C DEBIAN_FRONTEND=noninteractive chroot ./fsroot-vs dpkg -i libnl-genl-3-200_3.7.0-0.2+b1sonic1_amd64.deb
Selecting previously unselected package libnl-genl-3-200:amd64.
(Reading database ... 61510 files and directories currently installed.)
Preparing to unpack libnl-genl-3-200_3.7.0-0.2+b1sonic1_amd64.deb ...
Unpacking libnl-genl-3-200:amd64 (3.7.0-0.2+b1sonic1) ...
Setting up libnl-genl-3-200:amd64 (3.7.0-0.2+b1sonic1) ...
Processing triggers for libc-bin (2.41-12+deb13u3) ...
+ cd ./fsroot-vs
+ sudo rm -f libnl-genl-3-200_3.7.0-0.2+b1sonic1_amd64.deb
+ install_deb_package target/debs/trixie/libnl-route-3-200_3.7.0-0.2+b1sonic1_amd64.deb
+ deb_packages=target/debs/trixie/libnl-route-3-200_3.7.0-0.2+b1sonic1_amd64.deb
+ [[ -z target/debs/trixie/libnl-route-3-200_3.7.0-0.2+b1sonic1_amd64.deb ]]
+ sudo cp target/debs/trixie/libnl-route-3-200_3.7.0-0.2+b1sonic1_amd64.deb ./fsroot-vs/
++ basename -a target/debs/trixie/libnl-route-3-200_3.7.0-0.2+b1sonic1_amd64.deb
+ basename_deb_packages=libnl-route-3-200_3.7.0-0.2+b1sonic1_amd64.deb
+ sudo LANG=C DEBIAN_FRONTEND=noninteractive chroot ./fsroot-vs dpkg -i libnl-route-3-200_3.7.0-0.2+b1sonic1_amd64.deb
Selecting previously unselected package libnl-route-3-200:amd64.
(Reading database ... 61516 files and directories currently installed.)
Preparing to unpack libnl-route-3-200_3.7.0-0.2+b1sonic1_amd64.deb ...
Unpacking libnl-route-3-200:amd64 (3.7.0-0.2+b1sonic1) ...
Setting up libnl-route-3-200:amd64 (3.7.0-0.2+b1sonic1) ...
Processing triggers for libc-bin (2.41-12+deb13u3) ...
+ cd ./fsroot-vs
+ sudo rm -f libnl-route-3-200_3.7.0-0.2+b1sonic1_amd64.deb
+ install_deb_package target/debs/trixie/libnl-nf-3-200_3.7.0-0.2+b1sonic1_amd64.deb
+ deb_packages=target/debs/trixie/libnl-nf-3-200_3.7.0-0.2+b1sonic1_amd64.deb
+ [[ -z target/debs/trixie/libnl-nf-3-200_3.7.0-0.2+b1sonic1_amd64.deb ]]
+ sudo cp target/debs/trixie/libnl-nf-3-200_3.7.0-0.2+b1sonic1_amd64.deb ./fsroot-vs/
++ basename -a target/debs/trixie/libnl-nf-3-200_3.7.0-0.2+b1sonic1_amd64.deb
+ basename_deb_packages=libnl-nf-3-200_3.7.0-0.2+b1sonic1_amd64.deb
+ sudo LANG=C DEBIAN_FRONTEND=noninteractive chroot ./fsroot-vs dpkg -i libnl-nf-3-200_3.7.0-0.2+b1sonic1_amd64.deb
Selecting previously unselected package libnl-nf-3-200:amd64.
(Reading database ... 61522 files and directories currently installed.)
Preparing to unpack libnl-nf-3-200_3.7.0-0.2+b1sonic1_amd64.deb ...
Unpacking libnl-nf-3-200:amd64 (3.7.0-0.2+b1sonic1) ...
Setting up libnl-nf-3-200:amd64 (3.7.0-0.2+b1sonic1) ...
Processing triggers for libc-bin (2.41-12+deb13u3) ...
+ cd ./fsroot-vs
+ sudo rm -f libnl-nf-3-200_3.7.0-0.2+b1sonic1_amd64.deb
+ install_deb_package target/debs/trixie/libnl-cli-3-200_3.7.0-0.2+b1sonic1_amd64.deb
+ deb_packages=target/debs/trixie/libnl-cli-3-200_3.7.0-0.2+b1sonic1_amd64.deb
+ [[ -z target/debs/trixie/libnl-cli-3-200_3.7.0-0.2+b1sonic1_amd64.deb ]]
+ sudo cp target/debs/trixie/libnl-cli-3-200_3.7.0-0.2+b1sonic1_amd64.deb ./fsroot-vs/
++ basename -a target/debs/trixie/libnl-cli-3-200_3.7.0-0.2+b1sonic1_amd64.deb
+ basename_deb_packages=libnl-cli-3-200_3.7.0-0.2+b1sonic1_amd64.deb
+ sudo LANG=C DEBIAN_FRONTEND=noninteractive chroot ./fsroot-vs dpkg -i libnl-cli-3-200_3.7.0-0.2+b1sonic1_amd64.deb
Selecting previously unselected package libnl-cli-3-200:amd64.
(Reading database ... 61528 files and directories currently installed.)
Preparing to unpack libnl-cli-3-200_3.7.0-0.2+b1sonic1_amd64.deb ...
Unpacking libnl-cli-3-200:amd64 (3.7.0-0.2+b1sonic1) ...
Setting up libnl-cli-3-200:amd64 (3.7.0-0.2+b1sonic1) ...
Processing triggers for libc-bin (2.41-12+deb13u3) ...
+ cd ./fsroot-vs
+ sudo rm -f libnl-cli-3-200_3.7.0-0.2+b1sonic1_amd64.deb
+ install_deb_package target/debs/trixie/libyang3_3.12.2-1_amd64.deb
+ deb_packages=target/debs/trixie/libyang3_3.12.2-1_amd64.deb
+ [[ -z target/debs/trixie/libyang3_3.12.2-1_amd64.deb ]]
+ sudo cp target/debs/trixie/libyang3_3.12.2-1_amd64.deb ./fsroot-vs/
++ basename -a target/debs/trixie/libyang3_3.12.2-1_amd64.deb
+ basename_deb_packages=libyang3_3.12.2-1_amd64.deb
+ sudo LANG=C DEBIAN_FRONTEND=noninteractive chroot ./fsroot-vs dpkg -i libyang3_3.12.2-1_amd64.deb
(Reading database ... 61548 files and directories currently installed.)
Preparing to unpack libyang3_3.12.2-1_amd64.deb ...
Unpacking libyang3:amd64 (3.12.2-1) over (3.12.2-1) ...
Setting up libyang3:amd64 (3.12.2-1) ...
Processing triggers for libc-bin (2.41-12+deb13u3) ...
+ cd ./fsroot-vs
+ sudo rm -f libyang3_3.12.2-1_amd64.deb
+ install_deb_package target/debs/trixie/libswsscommon_1.0.0_amd64.deb
+ deb_packages=target/debs/trixie/libswsscommon_1.0.0_amd64.deb
+ [[ -z target/debs/trixie/libswsscommon_1.0.0_amd64.deb ]]
+ sudo cp target/debs/trixie/libswsscommon_1.0.0_amd64.deb ./fsroot-vs/
++ basename -a target/debs/trixie/libswsscommon_1.0.0_amd64.deb
+ basename_deb_packages=libswsscommon_1.0.0_amd64.deb
+ sudo LANG=C DEBIAN_FRONTEND=noninteractive chroot ./fsroot-vs dpkg -i libswsscommon_1.0.0_amd64.deb
Selecting previously unselected package libswsscommon.
(Reading database ... 61548 files and directories currently installed.)
Preparing to unpack libswsscommon_1.0.0_amd64.deb ...
Unpacking libswsscommon (1.0.0) ...
dpkg: dependency problems prevent configuration of libswsscommon:
 libswsscommon depends on libboost-serialization1.83.0 (>= 1.83.0); however:
  Package libboost-serialization1.83.0 is not installed.
 libswsscommon depends on libhiredis1.1.0 (>= 1.2.0); however:
  Package libhiredis1.1.0 is not installed.
 libswsscommon depends on libzmq5 (>= 4.0.1+dfsg); however:
  Package libzmq5 is not installed.

dpkg: error processing package libswsscommon (--install):
 dependency problems - leaving unconfigured
Processing triggers for libc-bin (2.41-12+deb13u3) ...
Errors were encountered while processing:
 libswsscommon
+ sudo LANG=C DEBIAN_FRONTEND=noninteractive chroot ./fsroot-vs apt-get -y install -f
Reading package lists...
Building dependency tree...
Reading state information...
Correcting dependencies... Done
The following package was automatically installed and is no longer required:
  libfuse3-4
Use 'sudo apt autoremove' to remove it.
The following additional packages will be installed:
  libboost-serialization1.83.0 libhiredis1.1.0 libnorm1t64 libpgm-5.3-0t64
  libzmq5
The following NEW packages will be installed:
  libboost-serialization1.83.0 libhiredis1.1.0 libnorm1t64 libpgm-5.3-0t64
  libzmq5
0 upgraded, 5 newly installed, 0 to remove and 18 not upgraded.
1 not fully installed or removed.
Need to get 1051 kB of archives.
After this operation, 4547 kB of additional disk space will be used.
Get:1 http://debian-archive.trafficmanager.net/debian trixie/main amd64 libboost-serialization1.83.0 amd64 1.83.0-4.2 [333 kB]
Get:2 http://debian-archive.trafficmanager.net/debian trixie/main amd64 libhiredis1.1.0 amd64 1.2.0-6+b3 [50.8 kB]
Get:3 http://debian-archive.trafficmanager.net/debian trixie/main amd64 libnorm1t64 amd64 1.5.9+dfsg-3.1+b2 [221 kB]
Get:4 http://debian-archive.trafficmanager.net/debian trixie/main amd64 libpgm-5.3-0t64 amd64 5.3.128~dfsg-2.1+b1 [162 kB]
Get:5 http://debian-archive.trafficmanager.net/debian trixie/main amd64 libzmq5 amd64 4.3.5-1+b3 [283 kB]
Fetched 1051 kB in 1s (1189 kB/s)
E: Can not write log (Is /dev/pts mounted?) - posix_openpt (19: No such device)
Selecting previously unselected package libboost-serialization1.83.0:amd64.
(Reading database ... 61566 files and directories currently installed.)
Preparing to unpack .../libboost-serialization1.83.0_1.83.0-4.2_amd64.deb ...
Unpacking libboost-serialization1.83.0:amd64 (1.83.0-4.2) ...
Selecting previously unselected package libhiredis1.1.0:amd64.
Preparing to unpack .../libhiredis1.1.0_1.2.0-6+b3_amd64.deb ...
Unpacking libhiredis1.1.0:amd64 (1.2.0-6+b3) ...
Selecting previously unselected package libnorm1t64:amd64.
Preparing to unpack .../libnorm1t64_1.5.9+dfsg-3.1+b2_amd64.deb ...
Unpacking libnorm1t64:amd64 (1.5.9+dfsg-3.1+b2) ...
Selecting previously unselected package libpgm-5.3-0t64:amd64.
Preparing to unpack .../libpgm-5.3-0t64_5.3.128~dfsg-2.1+b1_amd64.deb ...
Unpacking libpgm-5.3-0t64:amd64 (5.3.128~dfsg-2.1+b1) ...
Selecting previously unselected package libzmq5:amd64.
Preparing to unpack .../libzmq5_4.3.5-1+b3_amd64.deb ...
Unpacking libzmq5:amd64 (4.3.5-1+b3) ...
Setting up libnorm1t64:amd64 (1.5.9+dfsg-3.1+b2) ...
Setting up libboost-serialization1.83.0:amd64 (1.83.0-4.2) ...
Setting up libpgm-5.3-0t64:amd64 (5.3.128~dfsg-2.1+b1) ...
Setting up libhiredis1.1.0:amd64 (1.2.0-6+b3) ...
Setting up libzmq5:amd64 (4.3.5-1+b3) ...
Setting up libswsscommon (1.0.0) ...
Processing triggers for libc-bin (2.41-12+deb13u3) ...
sending incremental file list
./
partial/

sent 122 bytes  received 23 bytes  290.00 bytes/sec
total size is 0  speedup is 0.00
+ cd ./fsroot-vs
+ sudo rm -f libswsscommon_1.0.0_amd64.deb
+ install_deb_package
+ deb_packages=
+ [[ -z '' ]]
+ return
+ install_deb_package target/debs/trixie/python3-swsscommon_1.0.0_amd64.deb
+ deb_packages=target/debs/trixie/python3-swsscommon_1.0.0_amd64.deb
+ [[ -z target/debs/trixie/python3-swsscommon_1.0.0_amd64.deb ]]
+ sudo cp target/debs/trixie/python3-swsscommon_1.0.0_amd64.deb ./fsroot-vs/
++ basename -a target/debs/trixie/python3-swsscommon_1.0.0_amd64.deb
+ basename_deb_packages=python3-swsscommon_1.0.0_amd64.deb
+ sudo LANG=C DEBIAN_FRONTEND=noninteractive chroot ./fsroot-vs dpkg -i python3-swsscommon_1.0.0_amd64.deb
Selecting previously unselected package python3-swsscommon.
(Reading database ... 61602 files and directories currently installed.)
Preparing to unpack python3-swsscommon_1.0.0_amd64.deb ...
Unpacking python3-swsscommon (1.0.0) ...
Setting up python3-swsscommon (1.0.0) ...
+ cd ./fsroot-vs
+ sudo rm -f python3-swsscommon_1.0.0_amd64.deb
+ install_deb_package target/debs/trixie/sonic-host-services-rs_1.0.0_amd64.deb
+ deb_packages=target/debs/trixie/sonic-host-services-rs_1.0.0_amd64.deb
+ [[ -z target/debs/trixie/sonic-host-services-rs_1.0.0_amd64.deb ]]
+ sudo cp target/debs/trixie/sonic-host-services-rs_1.0.0_amd64.deb ./fsroot-vs/
++ basename -a target/debs/trixie/sonic-host-services-rs_1.0.0_amd64.deb
+ basename_deb_packages=sonic-host-services-rs_1.0.0_amd64.deb
+ sudo LANG=C DEBIAN_FRONTEND=noninteractive chroot ./fsroot-vs dpkg -i sonic-host-services-rs_1.0.0_amd64.deb
Selecting previously unselected package sonic-host-services-rs.
(Reading database ... 61618 files and directories currently installed.)
Preparing to unpack sonic-host-services-rs_1.0.0_amd64.deb ...
Unpacking sonic-host-services-rs (1.0.0) ...
Setting up sonic-host-services-rs (1.0.0) ...
+ cd ./fsroot-vs
+ sudo rm -f sonic-host-services-rs_1.0.0_amd64.deb
+ install_deb_package target/debs/trixie/sonic-db-cli_1.0.0_amd64.deb
+ deb_packages=target/debs/trixie/sonic-db-cli_1.0.0_amd64.deb
+ [[ -z target/debs/trixie/sonic-db-cli_1.0.0_amd64.deb ]]
+ sudo cp target/debs/trixie/sonic-db-cli_1.0.0_amd64.deb ./fsroot-vs/
++ basename -a target/debs/trixie/sonic-db-cli_1.0.0_amd64.deb
+ basename_deb_packages=sonic-db-cli_1.0.0_amd64.deb
+ sudo LANG=C DEBIAN_FRONTEND=noninteractive chroot ./fsroot-vs dpkg -i sonic-db-cli_1.0.0_amd64.deb
Selecting previously unselected package sonic-db-cli.
(Reading database ... 61621 files and directories currently installed.)
Preparing to unpack sonic-db-cli_1.0.0_amd64.deb ...
Unpacking sonic-db-cli (1.0.0) ...
Setting up sonic-db-cli (1.0.0) ...
+ cd ./fsroot-vs
+ sudo rm -f sonic-db-cli_1.0.0_amd64.deb
+ install_deb_package target/debs/trixie/sonic-rsyslog-plugin_1.0.0-0_amd64.deb
+ deb_packages=target/debs/trixie/sonic-rsyslog-plugin_1.0.0-0_amd64.deb
+ [[ -z target/debs/trixie/sonic-rsyslog-plugin_1.0.0-0_amd64.deb ]]
+ sudo cp target/debs/trixie/sonic-rsyslog-plugin_1.0.0-0_amd64.deb ./fsroot-vs/
++ basename -a target/debs/trixie/sonic-rsyslog-plugin_1.0.0-0_amd64.deb
+ basename_deb_packages=sonic-rsyslog-plugin_1.0.0-0_amd64.deb
+ sudo LANG=C DEBIAN_FRONTEND=noninteractive chroot ./fsroot-vs dpkg -i sonic-rsyslog-plugin_1.0.0-0_amd64.deb
Selecting previously unselected package sonic-rsyslog-plugin.
(Reading database ... 61624 files and directories currently installed.)
Preparing to unpack sonic-rsyslog-plugin_1.0.0-0_amd64.deb ...
Unpacking sonic-rsyslog-plugin (1.0.0-0) ...
dpkg: dependency problems prevent configuration of sonic-rsyslog-plugin:
 sonic-rsyslog-plugin depends on liblua5.1-0 (>= 5.1.3); however:
  Package liblua5.1-0 is not installed.

dpkg: error processing package sonic-rsyslog-plugin (--install):
 dependency problems - leaving unconfigured
Errors were encountered while processing:
 sonic-rsyslog-plugin
+ sudo LANG=C DEBIAN_FRONTEND=noninteractive chroot ./fsroot-vs apt-get -y install -f
Reading package lists...
Building dependency tree...
Reading state information...
Correcting dependencies... Done
The following package was automatically installed and is no longer required:
  libfuse3-4
Use 'sudo apt autoremove' to remove it.
The following additional packages will be installed:
  liblua5.1-0
The following NEW packages will be installed:
  liblua5.1-0
0 upgraded, 1 newly installed, 0 to remove and 18 not upgraded.
1 not fully installed or removed.
Need to get 109 kB of archives.
After this operation, 450 kB of additional disk space will be used.
Get:1 http://debian-archive.trafficmanager.net/debian trixie/main amd64 liblua5.1-0 amd64 5.1.5-11 [109 kB]
Fetched 109 kB in 0s (266 kB/s)
E: Can not write log (Is /dev/pts mounted?) - posix_openpt (19: No such device)
Selecting previously unselected package liblua5.1-0:amd64.
(Reading database ... 61631 files and directories currently installed.)
Preparing to unpack .../liblua5.1-0_5.1.5-11_amd64.deb ...
Unpacking liblua5.1-0:amd64 (5.1.5-11) ...
Setting up liblua5.1-0:amd64 (5.1.5-11) ...
Setting up sonic-rsyslog-plugin (1.0.0-0) ...
Processing triggers for libc-bin (2.41-12+deb13u3) ...
sending incremental file list
./
partial/

sent 122 bytes  received 23 bytes  290.00 bytes/sec
total size is 0  speedup is 0.00
+ cd ./fsroot-vs
+ sudo rm -f sonic-rsyslog-plugin_1.0.0-0_amd64.deb
+ install_deb_package target/debs/trixie/monit_5.34.3-1_amd64.deb
+ deb_packages=target/debs/trixie/monit_5.34.3-1_amd64.deb
+ [[ -z target/debs/trixie/monit_5.34.3-1_amd64.deb ]]
+ sudo cp target/debs/trixie/monit_5.34.3-1_amd64.deb ./fsroot-vs/
++ basename -a target/debs/trixie/monit_5.34.3-1_amd64.deb
+ basename_deb_packages=monit_5.34.3-1_amd64.deb
+ sudo LANG=C DEBIAN_FRONTEND=noninteractive chroot ./fsroot-vs dpkg -i monit_5.34.3-1_amd64.deb
Selecting previously unselected package monit.
(Reading database ... 61640 files and directories currently installed.)
Preparing to unpack monit_5.34.3-1_amd64.deb ...
Unpacking monit (1:5.34.3-1) ...
Setting up monit (1:5.34.3-1) ...
Running in chroot, ignoring request.
Created symlink '/etc/systemd/system/multi-user.target.wants/monit.service' -> '/usr/lib/systemd/system/monit.service'.
+ cd ./fsroot-vs
+ sudo rm -f monit_5.34.3-1_amd64.deb
+ sudo cp files/image_config/monit/monit.service ./fsroot-vs/etc/systemd/system/
+ sudo chmod 644 ./fsroot-vs/etc/systemd/system/monit.service
+ sudo cp files/image_config/monit/monitrc ./fsroot-vs/etc/monit/
+ sudo chmod 600 ./fsroot-vs/etc/monit/monitrc
+ sudo cp files/image_config/monit/conf.d/sonic-host ./fsroot-vs/etc/monit/conf.d/
+ sudo chmod 600 ./fsroot-vs/etc/monit/conf.d/monit_events ./fsroot-vs/etc/monit/conf.d/sonic-host
+ [[ vs == pensando ]]
+ [[ vs == nvidia-bluefield ]]
+ sudo cp files/image_config/monit/container_checker ./fsroot-vs/usr/bin/
+ sudo chmod 755 ./fsroot-vs/usr/bin/container_checker
+ sudo cp files/image_config/monit/memory_checker ./fsroot-vs/usr/bin/
+ sudo chmod 755 ./fsroot-vs/usr/bin/memory_checker
+ sudo cp files/image_config/monit/restart_service ./fsroot-vs/usr/bin/
+ sudo chmod 755 ./fsroot-vs/usr/bin/restart_service
+ sudo cp files/image_config/monit/arp_update_checker ./fsroot-vs/usr/bin/
+ sudo chmod 755 ./fsroot-vs/usr/bin/arp_update_checker
+ sudo cp files/image_config/monit/control_plane_drop_check ./fsroot-vs/usr/bin/
+ sudo chmod 755 ./fsroot-vs/usr/bin/control_plane_drop_check
+ sudo cp files/image_config/monit/mgmt_oper_status.py ./fsroot-vs/usr/bin/
+ sudo chmod 755 ./fsroot-vs/usr/bin/mgmt_oper_status.py
+ sudo LANG=C DEBIAN_FRONTEND=noninteractive chroot ./fsroot-vs apt-get -y install smartmontools
Reading package lists...
Building dependency tree...
Reading state information...
The following package was automatically installed and is no longer required:
  libfuse3-4
Use 'sudo apt autoremove' to remove it.
Suggested packages:
  gsmartcontrol smart-notifier mailx | mailutils
The following NEW packages will be installed:
  smartmontools
0 upgraded, 1 newly installed, 0 to remove and 19 not upgraded.
Need to get 648 kB of archives.
After this operation, 2426 kB of additional disk space will be used.
Get:1 http://debian-archive.trafficmanager.net/debian trixie/main amd64 smartmontools amd64 7.4-3 [648 kB]
Fetched 648 kB in 0s (1327 kB/s)
E: Can not write log (Is /dev/pts mounted?) - posix_openpt (19: No such device)
Selecting previously unselected package smartmontools.
(Reading database ... 61682 files and directories currently installed.)
Preparing to unpack .../smartmontools_7.4-3_amd64.deb ...
Unpacking smartmontools (7.4-3) ...
Setting up smartmontools (7.4-3) ...
/var/lib/smartmontools/drivedb/drivedb.h 7.3/5528 newly installed (NOT VERIFIED)
Created symlink '/etc/systemd/system/smartd.service' -> '/usr/lib/systemd/system/smartmontools.service'.
Created symlink '/etc/systemd/system/multi-user.target.wants/smartmontools.service' -> '/usr/lib/systemd/system/smartmontools.service'.
sending incremental file list
./
partial/

sent 123 bytes  received 23 bytes  292.00 bytes/sec
total size is 0  speedup is 0.00
+ sudo cp files/image_config/smartmontools/smartmontools ./fsroot-vs/etc/default/smartmontools
+ install_deb_package target/debs/trixie/openssh-server_10.0p1-7_amd64.deb target/debs/trixie/openssh-client_10.0p1-7_amd64.deb target/debs/trixie/openssh-sftp-server_10.0p1-7_amd64.deb
+ deb_packages='target/debs/trixie/openssh-server_10.0p1-7_amd64.deb target/debs/trixie/openssh-client_10.0p1-7_amd64.deb target/debs/trixie/openssh-sftp-server_10.0p1-7_amd64.deb'
+ [[ -z target/debs/trixie/openssh-server_10.0p1-7_amd64.deb target/debs/trixie/openssh-client_10.0p1-7_amd64.deb target/debs/trixie/openssh-sftp-server_10.0p1-7_amd64.deb ]]
+ sudo cp target/debs/trixie/openssh-server_10.0p1-7_amd64.deb target/debs/trixie/openssh-client_10.0p1-7_amd64.deb target/debs/trixie/openssh-sftp-server_10.0p1-7_amd64.deb ./fsroot-vs/
++ basename -a target/debs/trixie/openssh-server_10.0p1-7_amd64.deb target/debs/trixie/openssh-client_10.0p1-7_amd64.deb target/debs/trixie/openssh-sftp-server_10.0p1-7_amd64.deb
+ basename_deb_packages='openssh-server_10.0p1-7_amd64.deb
openssh-client_10.0p1-7_amd64.deb
openssh-sftp-server_10.0p1-7_amd64.deb'
+ sudo LANG=C DEBIAN_FRONTEND=noninteractive chroot ./fsroot-vs dpkg -i openssh-server_10.0p1-7_amd64.deb openssh-client_10.0p1-7_amd64.deb openssh-sftp-server_10.0p1-7_amd64.deb
dpkg: warning: downgrading openssh-server (1:10.0p1-7+deb13u4) to (1:10.0p1-7)
(Reading database ... 61728 files and directories currently installed.)
Preparing to unpack openssh-server_10.0p1-7_amd64.deb ...
Unpacking openssh-server (1:10.0p1-7) over (1:10.0p1-7+deb13u4) ...
dpkg: warning: downgrading openssh-client (1:10.0p1-7+deb13u4) to (1:10.0p1-7)
Preparing to unpack openssh-client_10.0p1-7_amd64.deb ...
Unpacking openssh-client (1:10.0p1-7) over (1:10.0p1-7+deb13u4) ...
dpkg: warning: downgrading openssh-sftp-server (1:10.0p1-7+deb13u4) to (1:10.0p1-7)
Preparing to unpack openssh-sftp-server_10.0p1-7_amd64.deb ...
Unpacking openssh-sftp-server (1:10.0p1-7) over (1:10.0p1-7+deb13u4) ...
Setting up openssh-client (1:10.0p1-7) ...
Setting up openssh-sftp-server (1:10.0p1-7) ...
Setting up openssh-server (1:10.0p1-7) ...
Creating SSH2 RSA key; this may take some time ...
3072 SHA256:/eKExxNTRj0SnxRczgw+dRqBO8JYh1K3Ggrz6iaHS3M root@853cb9aea947 (RSA)
Creating SSH2 ECDSA key; this may take some time ...
256 SHA256:Pv9ZbhDYokFjJHKcJ6kzXf7Z+ukNk5S/GJoMsvoZ1CU root@853cb9aea947 (ECDSA)
Creating SSH2 ED25519 key; this may take some time ...
256 SHA256:mk330kDu0cxNyh8JQSRxWkTeGgeh+mZp9B7Ic0pQ6+Y root@853cb9aea947 (ED25519)
Running in chroot, ignoring request.
+ cd ./fsroot-vs
+ sudo rm -f openssh-server_10.0p1-7_amd64.deb openssh-client_10.0p1-7_amd64.deb openssh-sftp-server_10.0p1-7_amd64.deb
+ sudo cp -f files/image_config/cron.d/core_cleanup ./fsroot-vs/etc/cron.d/
+ sudo cp files/image_config/chrony/chrony-config.sh ./fsroot-vs/usr/bin/
+ sudo cp files/image_config/chrony/chrony.conf.j2 ./fsroot-vs/usr/share/sonic/templates/
+ sudo cp files/image_config/chrony/chrony.keys.j2 ./fsroot-vs/usr/share/sonic/templates/
+ sudo cp files/image_config/chrony/chronyd-starter.sh ./fsroot-vs/usr/local/sbin/
+ sudo cp files/image_config/chrony/check_ntp_status.sh ./fsroot-vs/usr/local/bin/
+ sudo mkdir ./fsroot-vs/usr/lib//systemd/system/chrony.service.d
+ sudo LANG=C chroot ./fsroot-vs systemctl disable chrony.service
Synchronizing state of chrony.service with SysV service script with /usr/lib/systemd/systemd-sysv-install.
Executing: /usr/lib/systemd/systemd-sysv-install disable chrony
Removed '/etc/systemd/system/chronyd.service'.
Removed '/etc/systemd/system/multi-user.target.wants/chrony.service'.
+ sudo cp files/image_config/chrony/override.conf ./fsroot-vs/usr/lib//systemd/system/chrony.service.d/
+ sudo LANG=C chroot ./fsroot-vs systemctl enable chrony.service
Synchronizing state of chrony.service with SysV service script with /usr/lib/systemd/systemd-sysv-install.
Executing: /usr/lib/systemd/systemd-sysv-install enable chrony
Created symlink '/etc/systemd/system/chronyd.service' -> '/usr/lib/systemd/system/chrony.service'.
Created symlink '/etc/systemd/system/sonic.target.wants/chrony.service' -> '/usr/lib/systemd/system/chrony.service'.
Unit /usr/lib/systemd/system/chrony.service is added as a dependency to a non-existent unit sonic.target.
+ sudo rm ./fsroot-vs/etc/network/if-post-down.d/chrony ./fsroot-vs/etc/network/if-up.d/chrony
+ sudo cp files/build_templates/dns.j2 ./fsroot-vs/usr/share/sonic/templates/
+ sudo cp files/image_config/cli_sessions/tmout-env.sh.j2 ./fsroot-vs/usr/share/sonic/templates/
+ sudo cp files/image_config/cli_sessions/sysrq-sysctl.conf.j2 ./fsroot-vs/usr/share/sonic/templates/
+ sudo cp files/image_config/cli_sessions/serial-config.sh ./fsroot-vs/usr/bin/
+ sudo cp files/image_config/cli_sessions/serial-config.service ./fsroot-vs/usr/lib//systemd/system
+ echo serial-config.service
+ sudo tee -a ./fsroot-vs/etc/sonic/generated_services.conf
serial-config.service
+ sudo LANG=C cp files/image_config/warmboot-finalizer/finalize-warmboot.sh ./fsroot-vs/usr/local/bin/finalize-warmboot.sh
+ sudo LANG=C cp files/image_config/warmboot-finalizer/warmboot-finalizer.service ./fsroot-vs/usr/lib//systemd/system
+ echo warmboot-finalizer.service
+ sudo tee -a ./fsroot-vs/etc/sonic/generated_services.conf
warmboot-finalizer.service
+ sudo LANG=C cp files/image_config/watchdog-control/watchdog-control.sh ./fsroot-vs/usr/local/bin/watchdog-control.sh
+ sudo LANG=C cp files/image_config/watchdog-control/watchdog-control.service ./fsroot-vs/usr/lib//systemd/system
+ echo watchdog-control.service
+ sudo tee -a ./fsroot-vs/etc/sonic/generated_services.conf
watchdog-control.service
+ sudo cp files/image_config/rsyslog/rsyslog-config.service ./fsroot-vs/usr/lib//systemd/system
+ sudo cp files/image_config/rsyslog/rsyslog-config.sh ./fsroot-vs/usr/bin/
+ sudo cp files/image_config/rsyslog/rsyslog.conf.j2 ./fsroot-vs/usr/share/sonic/templates/
+ sudo cp files/image_config/rsyslog/rsyslog-container.conf.j2 ./fsroot-vs/usr/share/sonic/templates/
+ j2 files/image_config/rsyslog/rsyslog.d/00-sonic.conf.j2
+ sudo tee ./fsroot-vs/etc/rsyslog.d/00-sonic.conf
## Quagga rules

template(name="prog_msg" type="list") {
    property(name="msg")
    constant(value="\n")
}



$ModLoad omprog



if re_match($programname, "bgp[0-9]*#(frr|zebra|staticd|watchfrr)") then {
    /var/log/frr/zebra.log
    stop
}

if re_match($programname, "bgp[0-9]*#bgpd") then {
    /var/log/frr/bgpd.log
    
    action(type="omprog"
        binary="/usr/bin/rsyslog_plugin -r /etc/rsyslog.d/bgpd_regex.json -m sonic-events-bgp"
        output="/var/log/rsyslog_plugin.log"
        template="prog_msg")
    
    stop
}


## Teamd rules

if $programname contains "teamd_" then {
    /var/log/teamd.log
    stop
}

## gnmi rules
if $msg startswith " gnmi-native" then {
    /var/log/gnmi.log
    stop
}

## telemetry rules
if $msg startswith  " telemetry" or ($msg startswith  " dialout" )then {
    /var/log/telemetry.log
    stop
}

## otel rules
if $msg startswith " otel" then {
    /var/log/otel.log
    stop
}

## stpd rules
if $programname contains "stp" then {
    if not ($msg contains "STP_SYSLOG") then {
        /var/log/stpd.log
            stop
    }
}

+ sudo cp files/image_config/rsyslog/rsyslog.d/99-default.conf ./fsroot-vs/etc/rsyslog.d/
+ sudo cp files/image_config/rsyslog/rsyslog.d/bgp_regex.json files/image_config/rsyslog/rsyslog.d/bgpd_regex.json files/image_config/rsyslog/rsyslog.d/dhcp_relay_regex.json files/image_config/rsyslog/rsyslog.d/dockerd_regex.json files/image_config/rsyslog/rsyslog.d/kernel_regex.json files/image_config/rsyslog/rsyslog.d/monit_regex.json files/image_config/rsyslog/rsyslog.d/seu_regex.json files/image_config/rsyslog/rsyslog.d/swss_regex.json files/image_config/rsyslog/rsyslog.d/syncd_regex.json files/image_config/rsyslog/rsyslog.d/systemd_regex.json ./fsroot-vs/etc/rsyslog.d/
+ echo rsyslog-config.service
+ sudo tee -a ./fsroot-vs/etc/sonic/generated_services.conf
rsyslog-config.service
+ sudo cp files/image_config/containercfgd/containercfgd.conf ./fsroot-vs/usr/share/sonic/templates/
+ sudo mkdir -p ./fsroot-vs/etc/systemd/system/syslog.socket.d
+ sudo cp files/image_config/syslog/override.conf ./fsroot-vs/etc/systemd/system/syslog.socket.d/override.conf
+ sudo cp files/image_config/syslog/host_umount.sh ./fsroot-vs/usr/bin/
+ sudo LANG=C cp files/image_config/system-health/system-health.service ./fsroot-vs/usr/lib//systemd/system
+ echo system-health.service
+ sudo tee -a ./fsroot-vs/etc/sonic/generated_services.conf
system-health.service
+ sudo cp -f files/image_config/logrotate/logrotate.d/alternatives files/image_config/logrotate/logrotate.d/apt files/image_config/logrotate/logrotate.d/bmc-event files/image_config/logrotate/logrotate.d/btmp files/image_config/logrotate/logrotate.d/dpkg files/image_config/logrotate/logrotate.d/monit files/image_config/logrotate/logrotate.d/wtmp ./fsroot-vs/etc/logrotate.d/
+ sudo cp files/image_config/logrotate/rsyslog.j2 ./fsroot-vs/usr/share/sonic/templates/
+ sudo cp files/image_config/logrotate/on_demand_archived_log_clean_up.j2 ./fsroot-vs/usr/share/sonic/templates/
+ sudo cp files/image_config/logrotate/logrotate-config.service ./fsroot-vs/usr/lib//systemd/system
+ sudo cp files/image_config/logrotate/logrotate-config.sh ./fsroot-vs/usr/bin/
+ sudo mkdir -p ./fsroot-vs/etc/systemd/system/logrotate.timer.d
+ sudo cp files/image_config/logrotate/timerOverride.conf ./fsroot-vs/etc/systemd/system/logrotate.timer.d/
+ echo logrotate-config.service
+ sudo tee -a ./fsroot-vs/etc/sonic/generated_services.conf
logrotate-config.service
+ sudo cp -f files/image_config/systemd/journald.conf ./fsroot-vs/etc/systemd/
+ sudo cp files/image_config/interfaces/interfaces-config.service ./fsroot-vs/usr/lib//systemd/system
+ sudo cp files/image_config/interfaces/interfaces-config.sh ./fsroot-vs/usr/bin/
+ sudo cp files/image_config/interfaces/interfaces.j2 ./fsroot-vs/usr/share/sonic/templates/
+ echo interfaces-config.service
+ sudo tee -a ./fsroot-vs/etc/sonic/generated_services.conf
interfaces-config.service
+ sudo cp files/image_config/copp/copp-config.service ./fsroot-vs/usr/lib//systemd/system
+ sudo cp files/image_config/copp/copp-config.sh ./fsroot-vs/usr/bin/
+ sudo cp files/image_config/copp/copp_cfg.j2 ./fsroot-vs/usr/share/sonic/templates/
+ echo copp-config.service
+ sudo tee -a ./fsroot-vs/etc/sonic/generated_services.conf
copp-config.service
+ sudo cp files/image_config/dhcp_dos_logger/dhcp_dos_logger.service ./fsroot-vs/usr/lib//systemd/system
+ sudo cp files/image_config/dhcp_dos_logger/dhcp_dos_logger.py ./fsroot-vs/usr/bin/
+ sudo chmod 755 ./fsroot-vs/usr/bin/dhcp_dos_logger.py
+ echo dhcp_dos_logger.service
+ sudo tee -a ./fsroot-vs/etc/sonic/generated_services.conf
dhcp_dos_logger.service
+ sudo cp files/dhcp/dhclient.conf.j2 ./fsroot-vs/usr/share/sonic/templates/
+ j2 files/dhcp/dhclient.conf.j2
+ sudo tee ./fsroot-vs/etc/dhcp/dhclient.conf

# =============== Managed by SONiC Config Engine DO NOT EDIT! ===============
# generated from /usr/share/sonic/templates/dhclient.conf.j2 using sonic-cfggen
# file: /etc/dhcp/dhclient.conf
#

# Configuration file for /sbin/dhclient, which is included in Debian's
#       dhcp3-client package.
#
# This is a sample configuration file for dhclient. See dhclient.conf's
#       man page for more information about the syntax of this file
#       and a more comprehensive list of the parameters understood by
#       dhclient.
#
# Normally, if the DHCP server provides reasonable information and does
#       not leave anything out (like the domain name, for example), then
#       few changes must be made to this file, if any.
#

option rfc3442-classless-static-routes code 121 = array of unsigned integer 8;
option snmp-community code 224 = text;
option minigraph-url code 225 = text;
option acl-url code 226 = text;
option tftp-server-name code 66 = text;
option bootfile-name code 67 = text;
option user-class code 77 = text;
option provisioning-script-url code 239 = text;
option dhcp6.user-class code 15 = text;
option dhcp6.provisioning-script-url code 239 = text;
option dhcp6.boot-file-url code 59 = text;

send host-name = gethostname();
request subnet-mask, broadcast-address, time-offset, routers,
        domain-name, domain-name-servers, domain-search, host-name,
        dhcp6.name-servers, dhcp6.domain-search, interface-mtu, dhcp6.fqdn,
        rfc3442-classless-static-routes, ntp-servers, log-servers,snmp-community, minigraph-url, acl-url;

+ sudo cp files/dhcp/ifupdown2_policy.json ./fsroot-vs/etc/network/ifupdown2/policy.d
+ sudo cp files/dhcp/90-dhcp6-systcl.conf.j2 ./fsroot-vs/usr/share/sonic/templates/
+ sudo cp files/image_config/resolv-config/resolv-config.service ./fsroot-vs/usr/lib//systemd/system
+ sudo cp files/image_config/resolv-config/resolv-config.sh ./fsroot-vs/usr/bin/
+ sudo cp files/image_config/resolv-config/resolv.conf.j2 ./fsroot-vs/usr/share/sonic/templates/
+ echo resolv-config.service
+ sudo tee -a ./fsroot-vs/etc/sonic/generated_services.conf
resolv-config.service
+ sudo LANG=C chroot ./fsroot-vs systemctl disable resolvconf.service
Synchronizing state of resolvconf.service with SysV service script with /usr/lib/systemd/systemd-sysv-install.
Executing: /usr/lib/systemd/systemd-sysv-install disable resolvconf
Removed '/etc/systemd/system/sysinit.target.wants/resolvconf.service'.
+ sudo mkdir -p ./fsroot-vs/etc/resolvconf/update-libc.d/
+ sudo cp files/image_config/resolv-config/update-containers ./fsroot-vs/etc/resolvconf/update-libc.d/
+ sudo cp files/image_config/interfaces/init_interfaces ./fsroot-vs/etc/network/interfaces
+ sudo mkdir -p ./fsroot-vs/etc/network/interfaces.d
+ sudo cp files/image_config/systemd/network/99-default.link ./fsroot-vs/etc/systemd/network/
+ sudo mkdir -p ./fsroot-vs/etc/udev/rules.d
+ sudo cp files/image_config/udev/rules.d/99-rps.rules ./fsroot-vs/etc/udev/rules.d/
+ sudo cp files/image_config/corefile_uploader/core_uploader.service ./fsroot-vs/usr/lib//systemd/system
+ sudo LANG=C chroot ./fsroot-vs systemctl disable core_uploader.service
+ sudo cp files/image_config/corefile_uploader/core_uploader.py ./fsroot-vs/usr/bin/
+ sudo cp files/image_config/corefile_uploader/core_analyzer.rc.json ./fsroot-vs/etc/sonic/
+ sudo chmod og-rw ./fsroot-vs/etc/sonic/core_analyzer.rc.json
+ [[ amd64 == amd64 ]]
+ install_deb_package target/debs/trixie/rasdaemon_0.6.8-1_amd64.deb
+ deb_packages=target/debs/trixie/rasdaemon_0.6.8-1_amd64.deb
+ [[ -z target/debs/trixie/rasdaemon_0.6.8-1_amd64.deb ]]
+ sudo cp target/debs/trixie/rasdaemon_0.6.8-1_amd64.deb ./fsroot-vs/
++ basename -a target/debs/trixie/rasdaemon_0.6.8-1_amd64.deb
+ basename_deb_packages=rasdaemon_0.6.8-1_amd64.deb
+ sudo LANG=C DEBIAN_FRONTEND=noninteractive chroot ./fsroot-vs dpkg -i rasdaemon_0.6.8-1_amd64.deb
Selecting previously unselected package rasdaemon.
(Reading database ... 61728 files and directories currently installed.)
Preparing to unpack rasdaemon_0.6.8-1_amd64.deb ...
Unpacking rasdaemon (0.6.8-1) ...
dpkg: dependency problems prevent configuration of rasdaemon:
 rasdaemon depends on sqlite3; however:
  Package sqlite3 is not installed.
 rasdaemon depends on libdbd-sqlite3-perl; however:
  Package libdbd-sqlite3-perl is not installed.

dpkg: error processing package rasdaemon (--install):
 dependency problems - leaving unconfigured
Errors were encountered while processing:
 rasdaemon
+ sudo LANG=C DEBIAN_FRONTEND=noninteractive chroot ./fsroot-vs apt-get -y install -f
Reading package lists...
Building dependency tree...
Reading state information...
Correcting dependencies... Done
The following package was automatically installed and is no longer required:
  libfuse3-4
Use 'sudo apt autoremove' to remove it.
The following additional packages will be installed:
  libdbd-sqlite3-perl libdbi-perl sqlite3
Suggested packages:
  libclone-perl libmldbm-perl libnet-daemon-perl libsql-statement-perl
  sqlite3-doc
The following NEW packages will be installed:
  libdbd-sqlite3-perl libdbi-perl sqlite3
0 upgraded, 3 newly installed, 0 to remove and 23 not upgraded.
1 not fully installed or removed.
Need to get 1426 kB of archives.
After this operation, 3711 kB of additional disk space will be used.
Get:1 http://debian-archive.trafficmanager.net/debian trixie/main amd64 sqlite3 amd64 3.46.1-7+deb13u1 [384 kB]
Get:2 http://debian-archive.trafficmanager.net/debian-security trixie-security/main amd64 libdbi-perl amd64 1.652-2~deb13u1 [867 kB]
Get:3 http://debian-archive.trafficmanager.net/debian trixie/main amd64 libdbd-sqlite3-perl amd64 1.76-1 [175 kB]
Fetched 1426 kB in 1s (2093 kB/s)
E: Can not write log (Is /dev/pts mounted?) - posix_openpt (19: No such device)
Selecting previously unselected package sqlite3.
(Reading database ... 61746 files and directories currently installed.)
Preparing to unpack .../sqlite3_3.46.1-7+deb13u1_amd64.deb ...
Unpacking sqlite3 (3.46.1-7+deb13u1) ...
Selecting previously unselected package libdbi-perl:amd64.
Preparing to unpack .../libdbi-perl_1.652-2~deb13u1_amd64.deb ...
Unpacking libdbi-perl:amd64 (1.652-2~deb13u1) ...
Selecting previously unselected package libdbd-sqlite3-perl:amd64.
Preparing to unpack .../libdbd-sqlite3-perl_1.76-1_amd64.deb ...
Unpacking libdbd-sqlite3-perl:amd64 (1.76-1) ...
Setting up sqlite3 (3.46.1-7+deb13u1) ...
Setting up libdbi-perl:amd64 (1.652-2~deb13u1) ...
Setting up libdbd-sqlite3-perl:amd64 (1.76-1) ...
Setting up rasdaemon (0.6.8-1) ...
Created symlink '/etc/systemd/system/multi-user.target.wants/rasdaemon.service' -> '/usr/lib/systemd/system/rasdaemon.service'.
Created symlink '/etc/systemd/system/multi-user.target.wants/ras-mc-ctl.service' -> '/usr/lib/systemd/system/ras-mc-ctl.service'.
Running in chroot, ignoring request.
sending incremental file list
./
partial/

sent 123 bytes  received 23 bytes  292.00 bytes/sec
total size is 0  speedup is 0.00
+ cd ./fsroot-vs
+ sudo rm -f rasdaemon_0.6.8-1_amd64.deb
+ sudo cp files/image_config/rasdaemon/rasdaemon.timer ./fsroot-vs/usr/lib//systemd/system
+ sudo LANG=C DEBIAN_FRONTEND=noninteractive chroot ./fsroot-vs systemctl disable rasdaemon.service
Synchronizing state of rasdaemon.service with SysV service script with /usr/lib/systemd/systemd-sysv-install.
Executing: /usr/lib/systemd/systemd-sysv-install disable rasdaemon
Removed '/etc/systemd/system/multi-user.target.wants/rasdaemon.service'.
+ sudo LANG=C DEBIAN_FRONTEND=noninteractive chroot ./fsroot-vs systemctl enable rasdaemon.timer
Created symlink '/etc/systemd/system/multi-user.target.wants/rasdaemon.timer' -> '/usr/lib/systemd/system/rasdaemon.timer'.
+ sudo LANG=C DEBIAN_FRONTEND=noninteractive chroot ./fsroot-vs apt-get -y install libffi-dev libssl-dev
Reading package lists...
Building dependency tree...
Reading state information...
libffi-dev is already the newest version (3.4.8-2).
The following package was automatically installed and is no longer required:
  libfuse3-4
Use 'sudo apt autoremove' to remove it.
Suggested packages:
  libssl-doc
The following NEW packages will be installed:
  libssl-dev
0 upgraded, 1 newly installed, 0 to remove and 23 not upgraded.
Need to get 2965 kB of archives.
After this operation, 16.4 MB of additional disk space will be used.
Get:1 http://debian-archive.trafficmanager.net/debian-security trixie-security/main amd64 libssl-dev amd64 3.5.7-1~deb13u2 [2965 kB]
Fetched 2965 kB in 1s (4203 kB/s)
E: Can not write log (Is /dev/pts mounted?) - posix_openpt (19: No such device)
Selecting previously unselected package libssl-dev:amd64.
(Reading database ... 61933 files and directories currently installed.)
Preparing to unpack .../libssl-dev_3.5.7-1~deb13u2_amd64.deb ...
Unpacking libssl-dev:amd64 (3.5.7-1~deb13u2) ...
Setting up libssl-dev:amd64 (3.5.7-1~deb13u2) ...
sending incremental file list
./
partial/

sent 123 bytes  received 23 bytes  292.00 bytes/sec
total size is 0  speedup is 0.00
+ sudo LANG=C DEBIAN_FRONTEND=noninteractive chroot ./fsroot-vs apt-get -y install systemd-bootchart
Reading package lists...
Building dependency tree...
Reading state information...
The following package was automatically installed and is no longer required:
  libfuse3-4
Use 'sudo apt autoremove' to remove it.
The following NEW packages will be installed:
  systemd-bootchart
0 upgraded, 1 newly installed, 0 to remove and 23 not upgraded.
Need to get 45.5 kB of archives.
After this operation, 134 kB of additional disk space will be used.
Get:1 http://debian-archive.trafficmanager.net/debian trixie/main amd64 systemd-bootchart amd64 235-2 [45.5 kB]
Fetched 45.5 kB in 0s (217 kB/s)
E: Can not write log (Is /dev/pts mounted?) - posix_openpt (19: No such device)
Selecting previously unselected package systemd-bootchart.
(Reading database ... 62091 files and directories currently installed.)
Preparing to unpack .../systemd-bootchart_235-2_amd64.deb ...
Unpacking systemd-bootchart (235-2) ...
Setting up systemd-bootchart (235-2) ...
sending incremental file list
./
partial/

sent 122 bytes  received 23 bytes  290.00 bytes/sec
total size is 0  speedup is 0.00
+ sudo tee ./fsroot-vs/etc/systemd/bootchart.conf
+ sudo https_proxy=http://11.161.18.240:3128 LANG=C chroot ./fsroot-vs pip3 install azure-storage==0.36.0
Collecting azure-storage==0.36.0
  Downloading azure_storage-0.36.0-py2.py3-none-any.whl.metadata (5.2 kB)
Collecting azure-common>=1.1.5 (from azure-storage==0.36.0)
  Downloading azure_common-1.1.28-py2.py3-none-any.whl.metadata (5.0 kB)
Collecting azure-nspkg>=2.0.0 (from azure-storage==0.36.0)
  Downloading azure_nspkg-3.0.2-py3-none-any.whl.metadata (1.5 kB)
Requirement already satisfied: cryptography in /usr/lib/python3/dist-packages (from azure-storage==0.36.0) (43.0.0)
Collecting python-dateutil (from azure-storage==0.36.0)
  Downloading python_dateutil-2.9.0.post0-py2.py3-none-any.whl.metadata (8.4 kB)
Requirement already satisfied: requests in /usr/local/lib/python3.13/dist-packages (from azure-storage==0.36.0) (2.34.2)
Requirement already satisfied: six>=1.5 in /usr/local/lib/python3.13/dist-packages (from python-dateutil->azure-storage==0.36.0) (1.17.0)
Requirement already satisfied: charset_normalizer<4,>=2 in /usr/local/lib/python3.13/dist-packages (from requests->azure-storage==0.36.0) (3.4.7)
Requirement already satisfied: idna<4,>=2.5 in /usr/local/lib/python3.13/dist-packages (from requests->azure-storage==0.36.0) (3.18)
Requirement already satisfied: urllib3<3,>=1.26 in /usr/local/lib/python3.13/dist-packages (from requests->azure-storage==0.36.0) (2.7.0)
Requirement already satisfied: certifi>=2023.5.7 in /usr/local/lib/python3.13/dist-packages (from requests->azure-storage==0.36.0) (2026.6.17)
Downloading azure_storage-0.36.0-py2.py3-none-any.whl (190 kB)
Downloading azure_common-1.1.28-py2.py3-none-any.whl (14 kB)
Downloading azure_nspkg-3.0.2-py3-none-any.whl (1.5 kB)
Downloading python_dateutil-2.9.0.post0-py2.py3-none-any.whl (229 kB)
Installing collected packages: azure-nspkg, azure-common, python-dateutil, azure-storage

Successfully installed azure-common-1.1.28 azure-nspkg-3.0.2 azure-storage-0.36.0 python-dateutil-2.9.0.post0
WARNING: Running pip as the 'root' user can result in broken permissions and conflicting behaviour with the system package manager, possibly rendering your system unusable. It is recommended to use a virtual environment instead: https://pip.pypa.io/warnings/venv. Use the --root-user-action option if you know what you are doing and want to suppress this warning.
+ sudo LANG=C DEBIAN_FRONTEND=noninteractive chroot ./fsroot-vs apt-get -y install python3-watchdog
Reading package lists...
Building dependency tree...
Reading state information...
The following package was automatically installed and is no longer required:
  libfuse3-4
Use 'sudo apt autoremove' to remove it.
The following NEW packages will be installed:
  python3-watchdog
0 upgraded, 1 newly installed, 0 to remove and 23 not upgraded.
Need to get 133 kB of archives.
After this operation, 1039 kB of additional disk space will be used.
Get:1 http://debian-archive.trafficmanager.net/debian trixie/main amd64 python3-watchdog all 6.0.0-1 [133 kB]
Fetched 133 kB in 0s (331 kB/s)
E: Can not write log (Is /dev/pts mounted?) - posix_openpt (19: No such device)
Selecting previously unselected package python3-watchdog.
(Reading database ... 62101 files and directories currently installed.)
Preparing to unpack .../python3-watchdog_6.0.0-1_all.deb ...
Unpacking python3-watchdog (6.0.0-1) ...
Setting up python3-watchdog (6.0.0-1) ...
sending incremental file list
./
partial/

sent 122 bytes  received 23 bytes  290.00 bytes/sec
total size is 0  speedup is 0.00
+ install_deb_package target/debs/trixie/sonic-ctrmgrd-rs_1.0.0_amd64.deb
+ deb_packages=target/debs/trixie/sonic-ctrmgrd-rs_1.0.0_amd64.deb
+ [[ -z target/debs/trixie/sonic-ctrmgrd-rs_1.0.0_amd64.deb ]]
+ sudo cp target/debs/trixie/sonic-ctrmgrd-rs_1.0.0_amd64.deb ./fsroot-vs/
++ basename -a target/debs/trixie/sonic-ctrmgrd-rs_1.0.0_amd64.deb
+ basename_deb_packages=sonic-ctrmgrd-rs_1.0.0_amd64.deb
+ sudo LANG=C DEBIAN_FRONTEND=noninteractive chroot ./fsroot-vs dpkg -i sonic-ctrmgrd-rs_1.0.0_amd64.deb
Selecting previously unselected package sonic-ctrmgrd-rs.
(Reading database ... 62206 files and directories currently installed.)
Preparing to unpack sonic-ctrmgrd-rs_1.0.0_amd64.deb ...
Unpacking sonic-ctrmgrd-rs (1.0.0) ...
Setting up sonic-ctrmgrd-rs (1.0.0) ...
+ cd ./fsroot-vs
+ sudo rm -f sonic-ctrmgrd-rs_1.0.0_amd64.deb
++ basename target/python-wheels/trixie/sonic_ctrmgrd-1.0.0-py3-none-any.whl
+ SONIC_CTRMGMT_WHEEL_NAME=sonic_ctrmgrd-1.0.0-py3-none-any.whl
+ sudo cp target/python-wheels/trixie/sonic_ctrmgrd-1.0.0-py3-none-any.whl ./fsroot-vs/sonic_ctrmgrd-1.0.0-py3-none-any.whl
+ sudo https_proxy=http://11.161.18.240:3128 LANG=C chroot ./fsroot-vs pip3 install sonic_ctrmgrd-1.0.0-py3-none-any.whl
Processing /sonic_ctrmgrd-1.0.0-py3-none-any.whl
Requirement already satisfied: netaddr==0.8.0 in /usr/local/lib/python3.13/dist-packages (from sonic-ctrmgrd==1.0.0) (0.8.0)
Requirement already satisfied: pyyaml in /usr/lib/python3/dist-packages (from sonic-ctrmgrd==1.0.0) (6.0.2)
Requirement already satisfied: docker in /usr/local/lib/python3.13/dist-packages (from sonic-ctrmgrd==1.0.0) (7.1.0)
Requirement already satisfied: requests>=2.26.0 in /usr/local/lib/python3.13/dist-packages (from docker->sonic-ctrmgrd==1.0.0) (2.34.2)
Requirement already satisfied: urllib3>=1.26.0 in /usr/local/lib/python3.13/dist-packages (from docker->sonic-ctrmgrd==1.0.0) (2.7.0)
Requirement already satisfied: charset_normalizer<4,>=2 in /usr/local/lib/python3.13/dist-packages (from requests>=2.26.0->docker->sonic-ctrmgrd==1.0.0) (3.4.7)
Requirement already satisfied: idna<4,>=2.5 in /usr/local/lib/python3.13/dist-packages (from requests>=2.26.0->docker->sonic-ctrmgrd==1.0.0) (3.18)
Requirement already satisfied: certifi>=2023.5.7 in /usr/local/lib/python3.13/dist-packages (from requests>=2.26.0->docker->sonic-ctrmgrd==1.0.0) (2026.6.17)
Installing collected packages: sonic-ctrmgrd
Successfully installed sonic-ctrmgrd-1.0.0
WARNING: Running pip as the 'root' user can result in broken permissions and conflicting behaviour with the system package manager, possibly rendering your system unusable. It is recommended to use a virtual environment instead: https://pip.pypa.io/warnings/venv. Use the --root-user-action option if you know what you are doing and want to suppress this warning.
+ sudo rm -rf ./fsroot-vs/sonic_ctrmgrd-1.0.0-py3-none-any.whl
+ sudo rm ./fsroot-vs/usr/local/bin/ctrmgr_tools.py
+ sudo cp files/build_templates/buffers_config.j2 ./fsroot-vs/usr/share/sonic/templates/
+ sudo cp files/build_templates/qos_config.j2 ./fsroot-vs/usr/share/sonic/templates/
+ '[' -f platform/vs/asic_table.j2 ']'
+ '[' -f platform/vs/peripheral_table.j2 ']'
+ '[' -f platform/vs/zero_profiles.j2 ']'
+ sudo cp files/build_templates/backend_acl.j2 ./fsroot-vs/usr/share/sonic/templates/
+ sudo cp files/image_config/hostname/hostname-config.service ./fsroot-vs/usr/lib//systemd/system
+ echo hostname-config.service
+ sudo tee -a ./fsroot-vs/etc/sonic/generated_services.conf
hostname-config.service
+ sudo cp files/image_config/hostname/hostname-config.sh ./fsroot-vs/usr/bin/
+ sudo cp files/image_config/bannerconfig/banner-config.service ./fsroot-vs/usr/lib//systemd/system
+ echo banner-config.service
+ sudo tee -a ./fsroot-vs/etc/sonic/generated_services.conf
banner-config.service
+ sudo cp files/image_config/bannerconfig/banner-config.sh ./fsroot-vs/usr/bin/
+ sudo cp files/image_config/topology/topology.service ./fsroot-vs/usr/lib//systemd/system
+ echo topology.service
+ sudo tee -a ./fsroot-vs/etc/sonic/generated_services.conf
topology.service
+ sudo cp files/image_config/topology/topology.sh ./fsroot-vs/usr/bin
+ sudo cp platform/vs/dash-engine.service ./fsroot-vs/usr/lib//systemd/system
+ sudo LANG=C chroot ./fsroot-vs systemctl disable dash-engine
+ sudo cp files/image_config/otel/otel_config.yml ./fsroot-vs/etc/sonic/
+ sudo cp files/image_config/config-topology/config-topology.service ./fsroot-vs/usr/lib//systemd/system
+ echo config-topology.service
+ sudo tee -a ./fsroot-vs/etc/sonic/generated_services.conf
config-topology.service
+ sudo cp files/image_config/config-topology/config-topology.sh ./fsroot-vs/usr/bin
+ j2 files/build_templates/init_cfg.json.j2
+ sudo tee ./fsroot-vs/etc/sonic/init_cfg.json
{
    "DEVICE_METADATA": {
        "localhost": {
            "buffer_model": "traditional",
            "default_bgp_status": "up",
            "default_pfcwd_status": "disable",
            "timezone": "UTC"
        }
    },
    "CRM": {
        "Config": {
            "polling_interval": "300",
            "ipv4_route_threshold_type": "percentage",
            "ipv4_route_low_threshold": "70",
            "ipv4_route_high_threshold": "85",
            "ipv6_route_threshold_type": "percentage",
            "ipv6_route_low_threshold": "70",
            "ipv6_route_high_threshold": "85",
            "ipv4_nexthop_threshold_type": "percentage",
            "ipv4_nexthop_low_threshold": "70",
            "ipv4_nexthop_high_threshold": "85",
            "ipv6_nexthop_threshold_type": "percentage",
            "ipv6_nexthop_low_threshold": "70",
            "ipv6_nexthop_high_threshold": "85",
            "ipv4_neighbor_threshold_type": "percentage",
            "ipv4_neighbor_low_threshold": "70",
            "ipv4_neighbor_high_threshold": "85",
            "ipv6_neighbor_threshold_type": "percentage",
            "ipv6_neighbor_low_threshold": "70",
            "ipv6_neighbor_high_threshold": "85",
            "nexthop_group_member_threshold_type": "percentage",
            "nexthop_group_member_low_threshold": "70",
            "nexthop_group_member_high_threshold": "85",
            "nexthop_group_threshold_type": "percentage",
            "nexthop_group_low_threshold": "70",
            "nexthop_group_high_threshold": "85",
            "acl_table_threshold_type": "percentage",
            "acl_table_low_threshold": "70",
            "acl_table_high_threshold": "85",
            "acl_group_threshold_type": "percentage",
            "acl_group_low_threshold": "70",
            "acl_group_high_threshold": "85",
            "acl_entry_threshold_type": "percentage",
            "acl_entry_low_threshold": "70",
            "acl_entry_high_threshold": "85",
            "acl_counter_threshold_type": "percentage",
            "acl_counter_low_threshold": "70",
            "acl_counter_high_threshold": "85",
            "fdb_entry_threshold_type": "percentage",
            "fdb_entry_low_threshold": "70",
            "fdb_entry_high_threshold": "85",
            "snat_entry_threshold_type": "percentage",
            "snat_entry_low_threshold": "70",
            "snat_entry_high_threshold": "85",
            "dnat_entry_threshold_type": "percentage",
            "dnat_entry_low_threshold": "70",
            "dnat_entry_high_threshold": "85",
            "ipmc_entry_threshold_type": "percentage",
            "ipmc_entry_low_threshold": "70",
            "ipmc_entry_high_threshold": "85",
            "mpls_inseg_threshold_type": "percentage",
            "mpls_inseg_low_threshold": "70",
            "mpls_inseg_high_threshold": "85",
            "mpls_nexthop_threshold_type": "percentage",
            "mpls_nexthop_low_threshold": "70",
            "mpls_nexthop_high_threshold": "85"
        }
    },
    "FLEX_COUNTER_TABLE": {
        "ACL": {
            "FLEX_COUNTER_STATUS": "enable",
            "POLL_INTERVAL": "10000"
        },
        "PORT": {
            "FLEX_COUNTER_STATUS": "enable"
        },
        "PORT_PHY_ATTR": {
            "FLEX_COUNTER_STATUS": "enable"
        },
        "RIF": {
            "FLEX_COUNTER_STATUS": "enable"
        },
        "QUEUE": {
            "FLEX_COUNTER_STATUS": "enable"
        },
        "PFCWD": {
            "FLEX_COUNTER_STATUS": "enable"
        },
        "PG_WATERMARK": {
            "FLEX_COUNTER_STATUS": "enable"
        },
        "PG_DROP": {
            "FLEX_COUNTER_STATUS": "enable"
        },
        "QUEUE_WATERMARK": {
            "FLEX_COUNTER_STATUS": "enable"
        },
        "BUFFER_POOL_WATERMARK": {
            "FLEX_COUNTER_STATUS": "enable"
        },
        "PORT_BUFFER_DROP": {
            "FLEX_COUNTER_STATUS": "enable"
        }
    },
    "BGP_DEVICE_GLOBAL": {
        "STATE": {
            "tsa_enabled": "false",
            "wcmp_enabled": "false",
            "idf_isolation_state": "unisolated"
        }
    },

    
    "FEATURE": {

        "bgp": {
            "state": "{% if not DEVICE_RUNTIME_METADATA['ETHERNET_PORTS_PRESENT'] or ('CHASSIS_METADATA' in DEVICE_RUNTIME_METADATA and DEVICE_RUNTIME_METADATA['CHASSIS_METADATA']['module_type'] in ['supervisor']) %}disabled{% else %}enabled{% endif %}",
            "delayed" : "False",
            "has_global_scope": false,
            "has_per_asic_scope": "True",
            "auto_restart": "enabled",
            "support_syslog_rate_limit" : "true",



            "check_up_status" : "false",
            "high_mem_alert": "disabled"
        },
        "database": {
            "state": "always_enabled",
            "delayed" : "False",
            "has_global_scope": true,
            "has_per_asic_scope": "True",
            "auto_restart": "always_enabled",
            "support_syslog_rate_limit" : "true",



            "high_mem_alert": "disabled"
        },
        "pmon": {
            "state": "enabled",
            "delayed" : "{% if 'type' in DEVICE_METADATA['localhost'] and DEVICE_METADATA['localhost']['type'] == 'SpineRouter' %}False{% else %}True{% endif %}",
            "has_global_scope": true,
            "has_per_asic_scope": "False",
            "auto_restart": "enabled",
            "support_syslog_rate_limit" : "true",



            "check_up_status" : "false",
            "high_mem_alert": "disabled"
        },
        "swss": {
            "state": "enabled",
            "delayed" : "False",
            "has_global_scope": false,
            "has_per_asic_scope": "True",
            "auto_restart": "enabled",
            "support_syslog_rate_limit" : "true",



            "check_up_status" : "false",
            "high_mem_alert": "disabled"
        },
        "syncd": {
            "state": "enabled",
            "delayed" : "False",
            "has_global_scope": false,
            "has_per_asic_scope": "True",
            "auto_restart": "enabled",
            "support_syslog_rate_limit" : "true",



            "high_mem_alert": "disabled"
        },
        "radv": {
            "state": "enabled",
            "delayed" : "False",
            "has_global_scope": true,
            "has_per_asic_scope": "False",
            "auto_restart": "enabled",
            "support_syslog_rate_limit" : "true",



            "high_mem_alert": "disabled"
        },
        "lldp": {
            "state": "enabled",
            "delayed" : "True",
            "has_global_scope": "{% if ('CHASSIS_METADATA' in DEVICE_RUNTIME_METADATA and DEVICE_RUNTIME_METADATA['CHASSIS_METADATA']['module_type'] in ['linecard']) %}False{% else %}True{% endif %}",
            "has_per_asic_scope": "{% if not DEVICE_RUNTIME_METADATA['ETHERNET_PORTS_PRESENT'] or ('CHASSIS_METADATA' in DEVICE_RUNTIME_METADATA and DEVICE_RUNTIME_METADATA['CHASSIS_METADATA']['module_type'] in ['supervisor']) %}False{% else %}True{% endif %}",
            "auto_restart": "enabled",
            "support_syslog_rate_limit" : "true",



            "high_mem_alert": "disabled"
        },
        "snmp": {
            "state": "enabled",
            "delayed" : "True",
            "has_global_scope": true,
            "has_per_asic_scope": "False",
            "auto_restart": "enabled",
            "support_syslog_rate_limit" : "true",



            "high_mem_alert": "disabled"
        },
        "teamd": {
            "state": "{% if not DEVICE_RUNTIME_METADATA['ETHERNET_PORTS_PRESENT'] %}disabled{% else %}enabled{% endif %}",
            "delayed" : "False",
            "has_global_scope": false,
            "has_per_asic_scope": "True",
            "auto_restart": "enabled",
            "support_syslog_rate_limit" : "true",



            "high_mem_alert": "disabled"
        },
        "dhcp_relay": {
            "state": "{% if not (DEVICE_METADATA is defined and DEVICE_METADATA['localhost'] is defined and DEVICE_METADATA['localhost']['type'] is defined and DEVICE_METADATA['localhost']['type'] is not in ['ToRRouter', 'EPMS', 'MgmtTsToR', 'MgmtToRRouter', 'BmcMgmtToRRouter']) %}enabled{% else %}disabled{% endif %}",
            "delayed" : "False",
            "has_global_scope": false,
            "has_per_asic_scope": "False",
            "auto_restart": "enabled",
            "support_syslog_rate_limit" : "true",



            "high_mem_alert": "disabled"
        },
        "gbsyncd": {
            "state": "enabled",
            "delayed" : "False",
            "has_global_scope": false,
            "has_per_asic_scope": "True",
            "auto_restart": "enabled",
            "support_syslog_rate_limit" : "true",



            "high_mem_alert": "disabled"
        },
        "mgmt-framework": {
            "state": "enabled",
            "delayed" : "True",
            "has_global_scope": true,
            "has_per_asic_scope": "False",
            "auto_restart": "enabled",
            "support_syslog_rate_limit" : "true",



            "high_mem_alert": "disabled"
        },
        "mux": {
            "state": "{% if 'subtype' in DEVICE_METADATA['localhost'] and DEVICE_METADATA['localhost']['subtype'] == 'DualToR' %}enabled{% else %}always_disabled{% endif %}",
            "delayed" : "False",
            "has_global_scope": true,
            "has_per_asic_scope": "False",
            "auto_restart": "enabled",
            "support_syslog_rate_limit" : "true",



            "high_mem_alert": "disabled"
        },
        "nat": {
            "state": "disabled",
            "delayed" : "False",
            "has_global_scope": true,
            "has_per_asic_scope": "False",
            "auto_restart": "enabled",
            "support_syslog_rate_limit" : "true",



            "high_mem_alert": "disabled"
        },
        "sflow": {
            "state": "disabled",
            "delayed" : "True",
            "has_global_scope": true,
            "has_per_asic_scope": "False",
            "auto_restart": "enabled",
            "support_syslog_rate_limit" : "true",



            "high_mem_alert": "disabled"
        },
        "macsec": {
            "state": "{% if 'type' in DEVICE_METADATA['localhost'] and DEVICE_METADATA['localhost']['type'] in ['SpineRouter', 'UpperSpineRouter', 'LowerRegionalHub'] and DEVICE_RUNTIME_METADATA['MACSEC_SUPPORTED'] %}enabled{% else %}disabled{% endif %}",
            "delayed" : "False",
            "has_global_scope": false,
            "has_per_asic_scope": "False",
            "auto_restart": "enabled",
            "support_syslog_rate_limit" : "true",



            "high_mem_alert": "disabled"
        },
        "gnmi": {
            "state": "enabled",
            "delayed" : "True",
            "has_global_scope": true,
            "has_per_asic_scope": "False",
            "auto_restart": "enabled",
            "support_syslog_rate_limit" : "true",



            "high_mem_alert": "disabled"
        },
        "otel": {
            "state": "disabled",
            "delayed" : "False",
            "has_global_scope": true,
            "has_per_asic_scope": "False",
            "auto_restart": "enabled",
            "support_syslog_rate_limit" : "true",



            "high_mem_alert": "disabled"
        },
        "eventd": {
            "state": "enabled",
            "delayed" : "False",
            "has_global_scope": true,
            "has_per_asic_scope": "False",
            "auto_restart": "enabled",
            "support_syslog_rate_limit" : "true",



            "high_mem_alert": "disabled"
        }
    },
    "AUTO_TECHSUPPORT": {
        "GLOBAL": {
            "state" : "enabled", 
            "rate_limit_interval" : "180",
            "max_techsupport_limit" : "10.0",
            "max_core_limit" : "5.0",
            "available_mem_threshold": "10.0",
            "min_available_mem": "200",
            "since" : "2 days ago"
        }
    },
    "AUTO_TECHSUPPORT_FEATURE": {
        "bgp": {
            "state" : "enabled", 
            "rate_limit_interval" : "600",
            "available_mem_threshold": "10.0"
        },
        "database": {
            "state" : "enabled", 
            "rate_limit_interval" : "600",
            "available_mem_threshold": "10.0"
        },
        "pmon": {
            "state" : "enabled", 
            "rate_limit_interval" : "600",
            "available_mem_threshold": "10.0"
        },
        "swss": {
            "state" : "enabled", 
            "rate_limit_interval" : "600",
            "available_mem_threshold": "10.0"
        },
        "syncd": {
            "state" : "enabled", 
            "rate_limit_interval" : "600",
            "available_mem_threshold": "10.0"
        },
        "radv": {
            "state" : "enabled", 
            "rate_limit_interval" : "600",
            "available_mem_threshold": "10.0"
        },
        "lldp": {
            "state" : "enabled", 
            "rate_limit_interval" : "600",
            "available_mem_threshold": "10.0"
        },
        "snmp": {
            "state" : "enabled", 
            "rate_limit_interval" : "600",
            "available_mem_threshold": "10.0"
        },
        "teamd": {
            "state" : "enabled", 
            "rate_limit_interval" : "600",
            "available_mem_threshold": "10.0"
        },
        "dhcp_relay": {
            "state" : "enabled", 
            "rate_limit_interval" : "600",
            "available_mem_threshold": "10.0"
        },
        "gbsyncd": {
            "state" : "enabled", 
            "rate_limit_interval" : "600",
            "available_mem_threshold": "10.0"
        },
        "mgmt-framework": {
            "state" : "enabled", 
            "rate_limit_interval" : "600",
            "available_mem_threshold": "10.0"
        },
        "mux": {
            "state" : "enabled", 
            "rate_limit_interval" : "600",
            "available_mem_threshold": "10.0"
        },
        "nat": {
            "state" : "enabled", 
            "rate_limit_interval" : "600",
            "available_mem_threshold": "10.0"
        },
        "sflow": {
            "state" : "enabled", 
            "rate_limit_interval" : "600",
            "available_mem_threshold": "10.0"
        },
        "macsec": {
            "state" : "enabled", 
            "rate_limit_interval" : "600",
            "available_mem_threshold": "10.0"
        },
        "gnmi": {
            "state" : "enabled", 
            "rate_limit_interval" : "600",
            "available_mem_threshold": "10.0"
        },
        "otel": {
            "state" : "enabled", 
            "rate_limit_interval" : "600",
            "available_mem_threshold": "10.0"
        },
        "eventd": {
            "state" : "enabled", 
            "rate_limit_interval" : "600",
            "available_mem_threshold": "10.0"
        }
    },
    "SYSLOG_CONFIG": {
        "GLOBAL": {
            "rate_limit_interval" : "0",
            "rate_limit_burst" : "0"
        }
    },
    "SYSLOG_CONFIG_FEATURE": {
        "bgp": {
            "rate_limit_interval" : "300",
            "rate_limit_burst": "20000"
        },
        "database": {
            "rate_limit_interval" : "300",
            "rate_limit_burst": "20000"
        },
        "pmon": {
            "rate_limit_interval" : "300",
            "rate_limit_burst": "20000"
        },
        "swss": {
            "rate_limit_interval" : "300",
            "rate_limit_burst": "20000"
        },
        "syncd": {
            "rate_limit_interval" : "300",
            "rate_limit_burst": "20000"
        },
        "radv": {
            "rate_limit_interval" : "300",
            "rate_limit_burst": "20000"
        },
        "lldp": {
            "rate_limit_interval" : "300",
            "rate_limit_burst": "20000"
        },
        "snmp": {
            "rate_limit_interval" : "300",
            "rate_limit_burst": "20000"
        },
        "teamd": {
            "rate_limit_interval" : "300",
            "rate_limit_burst": "20000"
        },
        "dhcp_relay": {
            "rate_limit_interval" : "300",
            "rate_limit_burst": "20000"
        },
        "gbsyncd": {
            "rate_limit_interval" : "300",
            "rate_limit_burst": "20000"
        },
        "mgmt-framework": {
            "rate_limit_interval" : "300",
            "rate_limit_burst": "20000"
        },
        "mux": {
            "rate_limit_interval" : "300",
            "rate_limit_burst": "20000"
        },
        "nat": {
            "rate_limit_interval" : "300",
            "rate_limit_burst": "20000"
        },
        "sflow": {
            "rate_limit_interval" : "300",
            "rate_limit_burst": "20000"
        },
        "macsec": {
            "rate_limit_interval" : "300",
            "rate_limit_burst": "20000"
        },
        "gnmi": {
            "rate_limit_interval" : "300",
            "rate_limit_burst": "20000"
        },
        "otel": {
            "rate_limit_interval" : "300",
            "rate_limit_burst": "20000"
        },
        "eventd": {
            "rate_limit_interval" : "300",
            "rate_limit_burst": "20000"
        }
    },
    "PASSW_HARDENING": {
        "POLICIES":{
            "state": "disabled",
            "expiration": "180",
            "expiration_warning": "15",
            "history_cnt": "10",
            "len_min": "8",
            "reject_user_passw_match": "true",
            "lower_class": "true",
            "upper_class": "true",
            "digits_class": "true",
            "special_class": "true"
        }
    },
    "BANNER_MESSAGE": {
        "global": {
            "state": "disabled",
            "login": "Debian GNU/Linux 11",
            "motd": "You are on\n  ____   ___  _   _ _  ____\n / ___| / _ \\| \\ | (_)/ ___|\n \\___ \\| | | |  \\| | | |\n  ___) | |_| | |\\  | | |___\n |____/ \\___/|_| \\_|_|\\____|\n\n-- Software for Open Networking in the Cloud --\n\nUnauthorized access and/or use are prohibited.\nAll access and/or use are subject to monitoring.\n\nHelp:    https://sonic-net.github.io/SONiC/\n\n",
            "logout": ""
        }
    },
    "SYSTEM_DEFAULTS" : {
        "mux_tunnel_egress_acl": {
            "status": "disabled"

        }

    },
    "KDUMP": {
        "config": {
            "enabled": "false",

            "memory": "0M-2G:256M,2G-4G:320M,4G-8G:384M,8G-:448M",
            "num_dumps": "3"
        }
    },
    "NTP": {
        "global": {
            "authentication": "disabled",
            "dhcp": "enabled",
            "server_role": "disabled",
            "src_intf": "eth0",
            "admin_state": "enabled",
            "vrf": "default"
        }
    }
}
+ j2 files/build_templates/config-setup.service.j2
+ sudo tee ./fsroot-vs/usr/lib//systemd/system/config-setup.service
[Unit]
Description=Config initialization and migration service
After=rc-local.service
After=database.service
After=config-topology.service
Requires=config-topology.service
Requires=database.service
[Service]
Type=oneshot
ExecStart=/usr/bin/config-setup boot
RemainAfterExit=yes

[Install]
WantedBy=multi-user.target

+ sudo cp files/image_config/config-setup/config-setup ./fsroot-vs/usr/bin/config-setup
+ sudo mkdir -p ./fsroot-vs/etc/config-setup
+ sudo cp files/image_config/config-setup/config-setup.conf ./fsroot-vs/etc/config-setup/config-setup.conf
+ sudo mkdir -p ./fsroot-vs/etc/config-setup/config-migration-pre-hooks.d
+ sudo cp files/image_config/config-setup/01-pre-security-cipher ./fsroot-vs/etc/config-setup/config-migration-pre-hooks.d/01-pre-security-cipher
+ sudo chmod +x ./fsroot-vs/etc/config-setup/config-migration-pre-hooks.d/01-pre-security-cipher
+ sudo mkdir -p ./fsroot-vs/etc/config-setup/config-migration-post-hooks.d
+ sudo cp files/image_config/config-setup/01-post-security-cipher ./fsroot-vs/etc/config-setup/config-migration-post-hooks.d/01-post-security-cipher
+ sudo chmod +x ./fsroot-vs/etc/config-setup/config-migration-post-hooks.d/01-post-security-cipher
+ echo config-setup.service
+ sudo tee -a ./fsroot-vs/etc/sonic/generated_services.conf
config-setup.service
+ sudo LANG=C chroot ./fsroot-vs systemctl enable config-setup.service
Created symlink '/etc/systemd/system/multi-user.target.wants/config-setup.service' -> '/usr/lib/systemd/system/config-setup.service'.
+ sudo cp files/image_config/reset-factory/reset-factory ./fsroot-vs/usr/bin/reset-factory
+ sudo cp files/build_templates/tacacs-config.timer ./fsroot-vs/usr/lib//systemd/system/
+ echo tacacs-config.timer
+ sudo tee -a ./fsroot-vs/etc/sonic/generated_services.conf
tacacs-config.timer
+ sudo cp files/build_templates/tacacs-config.service ./fsroot-vs/usr/lib//systemd/system/
+ echo tacacs-config.service
+ sudo tee -a ./fsroot-vs/etc/sonic/generated_services.conf
tacacs-config.service
+ j2 files/build_templates/config-chassisdb.service.j2
+ sudo tee ./fsroot-vs/usr/lib//systemd/system/config-chassisdb.service
[Unit]
Description=Config chassis_db
After=rc-local.service
Requires=rc-local.service

[Service]
Type=oneshot
ExecStart=/usr/bin/config-chassisdb
RemainAfterExit=yes

[Install]
WantedBy=multi-user.target
+ sudo cp files/image_config/config-chassisdb/config-chassisdb ./fsroot-vs/usr/bin/config-chassisdb
+ echo config-chassisdb.service
+ sudo tee -a ./fsroot-vs/etc/sonic/generated_services.conf
config-chassisdb.service
+ sudo LANG=C chroot ./fsroot-vs systemctl enable config-chassisdb.service
Created symlink '/etc/systemd/system/multi-user.target.wants/config-chassisdb.service' -> '/usr/lib/systemd/system/config-chassisdb.service'.
+ sudo cp files/image_config/midplane-network/is-npu-or-dpu.sh ./fsroot-vs/usr/local/bin/
+ sudo cp files/image_config/midplane-network/define-npu-specific-netdevs.sh ./fsroot-vs/usr/local/bin/
+ sudo cp files/image_config/midplane-network/bridge-midplane.netdev ./fsroot-vs/usr/share/sonic/templates/bridge-midplane.netdev
+ sudo cp files/image_config/midplane-network/bridge-midplane.network ./fsroot-vs/usr/lib//systemd/network/bridge-midplane.network
+ sudo cp files/image_config/midplane-network/dummy-midplane.netdev ./fsroot-vs/usr/share/sonic/templates/dummy-midplane.netdev
+ sudo cp files/image_config/midplane-network/dummy-midplane.network ./fsroot-vs/usr/lib//systemd/network/dummy-midplane.network
+ sudo cp files/image_config/midplane-network/midplane-network-npu.network ./fsroot-vs/usr/lib//systemd/network/midplane-network-npu.network
+ sudo cp files/image_config/midplane-network/midplane-network-dpu.network ./fsroot-vs/usr/lib//systemd/network/midplane-network-dpu.network
+ sudo cp files/image_config/midplane-network/midplane-network-npu.service ./fsroot-vs/usr/lib//systemd/system/midplane-network-npu.service
+ sudo cp files/image_config/midplane-network/midplane-network-dpu.service ./fsroot-vs/usr/lib//systemd/system/midplane-network-dpu.service
+ sudo ln -s /dev/null ./fsroot-vs/etc/systemd/network/bridge-midplane.netdev
+ sudo ln -s /dev/null ./fsroot-vs/etc/systemd/network/dummy-midplane.netdev
+ sudo LANG=C chroot ./fsroot-vs systemctl disable midplane-network-npu.service
+ sudo LANG=C chroot ./fsroot-vs systemctl disable midplane-network-dpu.service
+ sudo ln -s /dev/null ./fsroot-vs/etc/systemd/system/dash-ha.service
+ for i in {0..7}
+ sudo ln -s /dev/null ./fsroot-vs/etc/systemd/system/dash-ha@dpu0.service
+ for i in {0..7}
+ sudo ln -s /dev/null ./fsroot-vs/etc/systemd/system/dash-ha@dpu1.service
+ for i in {0..7}
+ sudo ln -s /dev/null ./fsroot-vs/etc/systemd/system/dash-ha@dpu2.service
+ for i in {0..7}
+ sudo ln -s /dev/null ./fsroot-vs/etc/systemd/system/dash-ha@dpu3.service
+ for i in {0..7}
+ sudo ln -s /dev/null ./fsroot-vs/etc/systemd/system/dash-ha@dpu4.service
+ for i in {0..7}
+ sudo ln -s /dev/null ./fsroot-vs/etc/systemd/system/dash-ha@dpu5.service
+ for i in {0..7}
+ sudo ln -s /dev/null ./fsroot-vs/etc/systemd/system/dash-ha@dpu6.service
+ for i in {0..7}
+ sudo ln -s /dev/null ./fsroot-vs/etc/systemd/system/dash-ha@dpu7.service
+ sudo sed -i s/#ManageForeignRoutingPolicyRules=yes/ManageForeignRoutingPolicyRules=no/g ./fsroot-vs/etc/systemd/networkd.conf
+ sudo sed -i s/#ManageForeignNextHops=yes/ManageForeignNextHops=no/g ./fsroot-vs/etc/systemd/networkd.conf
+ sudo mkdir ./fsroot-vs/usr/lib//systemd/system/systemd-networkd.service.d
+ sudo cp files/image_config/midplane-network/systemd-networkd.override.conf ./fsroot-vs/usr/lib//systemd/system/systemd-networkd.service.d/override.conf
+ [[ vs == pensando ]]
+ sudo mkdir -p ./fsroot-vs/usr/lib//systemd/system/systemd-networkd-wait-online.service.d
+ sudo cp files/image_config/midplane-network/systemd-networkd-wait-online.override.conf ./fsroot-vs/usr/lib//systemd/system/systemd-networkd-wait-online.service.d/override.conf
+ sudo LANG=C chroot ./fsroot-vs systemctl enable systemd-networkd-wait-online.service
Created symlink '/etc/systemd/system/network-online.target.wants/systemd-networkd-wait-online.service' -> '/usr/lib/systemd/system/systemd-networkd-wait-online.service'.
+ sudo cp files/image_config/backend_acl/backend-acl.service ./fsroot-vs/usr/lib//systemd/system/backend-acl.service
+ sudo cp files/image_config/backend_acl/backend_acl.py ./fsroot-vs/usr/bin/backend_acl.py
+ echo backend-acl.service
+ sudo tee -a ./fsroot-vs/etc/sonic/generated_services.conf
backend-acl.service
+ sudo cp files/image_config/rps/rps.py ./fsroot-vs/usr/bin/rps.py
+ sudo chmod 755 ./fsroot-vs/usr/bin/rps.py
+ sudo cp files/image_config/snmp/snmp.yml ./fsroot-vs/etc/sonic/
+ j2 files/build_templates/constants.yml.j2
+ sudo tee ./fsroot-vs/etc/sonic/constants.yml
+ sudo cp files/image_config/constants/bmc.json ./fsroot-vs/usr/share/sonic/templates/
+ [[ vs == aspeed ]]
+ sudo cp files/image_config/sudoers/sudoers ./fsroot-vs/etc/
+ sudo cp files/image_config/sudoers/sudoers.lecture ./fsroot-vs/etc/
+ sudo cp files/image_config/pcie-check/pcie-check.service ./fsroot-vs/usr/lib//systemd/system
+ echo pcie-check.service
+ sudo tee -a ./fsroot-vs/etc/sonic/generated_services.conf
pcie-check.service
+ sudo cp files/image_config/pcie-check/pcie-check.sh ./fsroot-vs/usr/bin/
+ sudo tee -a ./fsroot-vs/usr/sbin/policy-rc.d
+ sudo chmod a+x ./fsroot-vs/usr/sbin/policy-rc.d
+ install_deb_package target/debs/trixie/systemd-sonic-generator_1.0.0_amd64.deb target/debs/trixie/libssl3t64_3.5.4-1+fips_amd64.deb target/debs/trixie/libssl-dev_3.5.4-1+fips_amd64.deb target/debs/trixie/openssl_3.5.4-1+fips_amd64.deb target/debs/trixie/symcrypt-openssl_1.9.4_amd64.deb target/debs/trixie/openssh-client_10.0p1-7+fips_amd64.deb target/debs/trixie/ssh_10.0p1-7+fips_all.deb target/debs/trixie/openssh-sftp-server_10.0p1-7+fips_amd64.deb target/debs/trixie/openssh-server_10.0p1-7+fips_amd64.deb target/debs/trixie/libk5crypto3_1.21.3-5+fips_amd64.deb target/debs/trixie/libkrb5support0_1.21.3-5+fips_amd64.deb target/debs/trixie/libkrb5-3_1.21.3-5+fips_amd64.deb target/debs/trixie/libgssapi-krb5-2_1.21.3-5+fips_amd64.deb target/debs/trixie/socat_1.7.4.1-3_amd64.deb
+ deb_packages='target/debs/trixie/systemd-sonic-generator_1.0.0_amd64.deb target/debs/trixie/libssl3t64_3.5.4-1+fips_amd64.deb target/debs/trixie/libssl-dev_3.5.4-1+fips_amd64.deb target/debs/trixie/openssl_3.5.4-1+fips_amd64.deb target/debs/trixie/symcrypt-openssl_1.9.4_amd64.deb target/debs/trixie/openssh-client_10.0p1-7+fips_amd64.deb target/debs/trixie/ssh_10.0p1-7+fips_all.deb target/debs/trixie/openssh-sftp-server_10.0p1-7+fips_amd64.deb target/debs/trixie/openssh-server_10.0p1-7+fips_amd64.deb target/debs/trixie/libk5crypto3_1.21.3-5+fips_amd64.deb target/debs/trixie/libkrb5support0_1.21.3-5+fips_amd64.deb target/debs/trixie/libkrb5-3_1.21.3-5+fips_amd64.deb target/debs/trixie/libgssapi-krb5-2_1.21.3-5+fips_amd64.deb target/debs/trixie/socat_1.7.4.1-3_amd64.deb'
+ [[ -z target/debs/trixie/systemd-sonic-generator_1.0.0_amd64.deb target/debs/trixie/libssl3t64_3.5.4-1+fips_amd64.deb target/debs/trixie/libssl-dev_3.5.4-1+fips_amd64.deb target/debs/trixie/openssl_3.5.4-1+fips_amd64.deb target/debs/trixie/symcrypt-openssl_1.9.4_amd64.deb target/debs/trixie/openssh-client_10.0p1-7+fips_amd64.deb target/debs/trixie/ssh_10.0p1-7+fips_all.deb target/debs/trixie/openssh-sftp-server_10.0p1-7+fips_amd64.deb target/debs/trixie/openssh-server_10.0p1-7+fips_amd64.deb target/debs/trixie/libk5crypto3_1.21.3-5+fips_amd64.deb target/debs/trixie/libkrb5support0_1.21.3-5+fips_amd64.deb target/debs/trixie/libkrb5-3_1.21.3-5+fips_amd64.deb target/debs/trixie/libgssapi-krb5-2_1.21.3-5+fips_amd64.deb target/debs/trixie/socat_1.7.4.1-3_amd64.deb ]]
+ sudo cp target/debs/trixie/systemd-sonic-generator_1.0.0_amd64.deb target/debs/trixie/libssl3t64_3.5.4-1+fips_amd64.deb target/debs/trixie/libssl-dev_3.5.4-1+fips_amd64.deb target/debs/trixie/openssl_3.5.4-1+fips_amd64.deb target/debs/trixie/symcrypt-openssl_1.9.4_amd64.deb target/debs/trixie/openssh-client_10.0p1-7+fips_amd64.deb target/debs/trixie/ssh_10.0p1-7+fips_all.deb target/debs/trixie/openssh-sftp-server_10.0p1-7+fips_amd64.deb target/debs/trixie/openssh-server_10.0p1-7+fips_amd64.deb target/debs/trixie/libk5crypto3_1.21.3-5+fips_amd64.deb target/debs/trixie/libkrb5support0_1.21.3-5+fips_amd64.deb target/debs/trixie/libkrb5-3_1.21.3-5+fips_amd64.deb target/debs/trixie/libgssapi-krb5-2_1.21.3-5+fips_amd64.deb target/debs/trixie/socat_1.7.4.1-3_amd64.deb ./fsroot-vs/
++ basename -a target/debs/trixie/systemd-sonic-generator_1.0.0_amd64.deb target/debs/trixie/libssl3t64_3.5.4-1+fips_amd64.deb target/debs/trixie/libssl-dev_3.5.4-1+fips_amd64.deb target/debs/trixie/openssl_3.5.4-1+fips_amd64.deb target/debs/trixie/symcrypt-openssl_1.9.4_amd64.deb target/debs/trixie/openssh-client_10.0p1-7+fips_amd64.deb target/debs/trixie/ssh_10.0p1-7+fips_all.deb target/debs/trixie/openssh-sftp-server_10.0p1-7+fips_amd64.deb target/debs/trixie/openssh-server_10.0p1-7+fips_amd64.deb target/debs/trixie/libk5crypto3_1.21.3-5+fips_amd64.deb target/debs/trixie/libkrb5support0_1.21.3-5+fips_amd64.deb target/debs/trixie/libkrb5-3_1.21.3-5+fips_amd64.deb target/debs/trixie/libgssapi-krb5-2_1.21.3-5+fips_amd64.deb target/debs/trixie/socat_1.7.4.1-3_amd64.deb
+ basename_deb_packages='systemd-sonic-generator_1.0.0_amd64.deb
libssl3t64_3.5.4-1+fips_amd64.deb
libssl-dev_3.5.4-1+fips_amd64.deb
openssl_3.5.4-1+fips_amd64.deb
symcrypt-openssl_1.9.4_amd64.deb
openssh-client_10.0p1-7+fips_amd64.deb
ssh_10.0p1-7+fips_all.deb
openssh-sftp-server_10.0p1-7+fips_amd64.deb
openssh-server_10.0p1-7+fips_amd64.deb
libk5crypto3_1.21.3-5+fips_amd64.deb
libkrb5support0_1.21.3-5+fips_amd64.deb
libkrb5-3_1.21.3-5+fips_amd64.deb
libgssapi-krb5-2_1.21.3-5+fips_amd64.deb
socat_1.7.4.1-3_amd64.deb'
+ sudo LANG=C DEBIAN_FRONTEND=noninteractive chroot ./fsroot-vs dpkg -i systemd-sonic-generator_1.0.0_amd64.deb libssl3t64_3.5.4-1+fips_amd64.deb libssl-dev_3.5.4-1+fips_amd64.deb openssl_3.5.4-1+fips_amd64.deb symcrypt-openssl_1.9.4_amd64.deb openssh-client_10.0p1-7+fips_amd64.deb ssh_10.0p1-7+fips_all.deb openssh-sftp-server_10.0p1-7+fips_amd64.deb openssh-server_10.0p1-7+fips_amd64.deb libk5crypto3_1.21.3-5+fips_amd64.deb libkrb5support0_1.21.3-5+fips_amd64.deb libkrb5-3_1.21.3-5+fips_amd64.deb libgssapi-krb5-2_1.21.3-5+fips_amd64.deb socat_1.7.4.1-3_amd64.deb
Selecting previously unselected package systemd-sonic-generator.
(Reading database ... 62210 files and directories currently installed.)
Preparing to unpack systemd-sonic-generator_1.0.0_amd64.deb ...
Unpacking systemd-sonic-generator (1.0.0) ...
dpkg-deb: error: unexpected end of file in archive magic version number in libssl3t64_3.5.4-1+fips_amd64.deb
dpkg: error processing archive libssl3t64_3.5.4-1+fips_amd64.deb (--install):
 dpkg-deb --control subprocess returned error exit status 2
dpkg-deb: error: unexpected end of file in archive magic version number in libssl-dev_3.5.4-1+fips_amd64.deb
dpkg: error processing archive libssl-dev_3.5.4-1+fips_amd64.deb (--install):
 dpkg-deb --control subprocess returned error exit status 2
dpkg-deb: error: unexpected end of file in archive magic version number in openssl_3.5.4-1+fips_amd64.deb
dpkg: error processing archive openssl_3.5.4-1+fips_amd64.deb (--install):
 dpkg-deb --control subprocess returned error exit status 2
dpkg-deb: error: unexpected end of file in archive magic version number in symcrypt-openssl_1.9.4_amd64.deb
dpkg: error processing archive symcrypt-openssl_1.9.4_amd64.deb (--install):
 dpkg-deb --control subprocess returned error exit status 2
dpkg-deb: error: unexpected end of file in archive magic version number in openssh-client_10.0p1-7+fips_amd64.deb
dpkg: error processing archive openssh-client_10.0p1-7+fips_amd64.deb (--install):
 dpkg-deb --control subprocess returned error exit status 2
dpkg-deb: error: unexpected end of file in archive magic version number in ssh_10.0p1-7+fips_all.deb
dpkg: error processing archive ssh_10.0p1-7+fips_all.deb (--install):
 dpkg-deb --control subprocess returned error exit status 2
dpkg-deb: error: unexpected end of file in archive magic version number in openssh-sftp-server_10.0p1-7+fips_amd64.deb
dpkg: error processing archive openssh-sftp-server_10.0p1-7+fips_amd64.deb (--install):
 dpkg-deb --control subprocess returned error exit status 2
dpkg-deb: error: unexpected end of file in archive magic version number in openssh-server_10.0p1-7+fips_amd64.deb
dpkg: error processing archive openssh-server_10.0p1-7+fips_amd64.deb (--install):
 dpkg-deb --control subprocess returned error exit status 2
dpkg-deb: error: unexpected end of file in archive magic version number in libk5crypto3_1.21.3-5+fips_amd64.deb
dpkg: error processing archive libk5crypto3_1.21.3-5+fips_amd64.deb (--install):
 dpkg-deb --control subprocess returned error exit status 2
dpkg-deb: error: unexpected end of file in archive magic version number in libkrb5support0_1.21.3-5+fips_amd64.deb
dpkg: error processing archive libkrb5support0_1.21.3-5+fips_amd64.deb (--install):
 dpkg-deb --control subprocess returned error exit status 2
dpkg-deb: error: unexpected end of file in archive magic version number in libkrb5-3_1.21.3-5+fips_amd64.deb
dpkg: error processing archive libkrb5-3_1.21.3-5+fips_amd64.deb (--install):
 dpkg-deb --control subprocess returned error exit status 2
dpkg-deb: error: unexpected end of file in archive magic version number in libgssapi-krb5-2_1.21.3-5+fips_amd64.deb
dpkg: error processing archive libgssapi-krb5-2_1.21.3-5+fips_amd64.deb (--install):
 dpkg-deb --control subprocess returned error exit status 2
Selecting previously unselected package socat.
Preparing to unpack socat_1.7.4.1-3_amd64.deb ...
Unpacking socat (1.7.4.1-3) ...
Setting up systemd-sonic-generator (1.0.0) ...
Setting up socat (1.7.4.1-3) ...
Errors were encountered while processing:
 libssl3t64_3.5.4-1+fips_amd64.deb
 libssl-dev_3.5.4-1+fips_amd64.deb
 openssl_3.5.4-1+fips_amd64.deb
 symcrypt-openssl_1.9.4_amd64.deb
 openssh-client_10.0p1-7+fips_amd64.deb
 ssh_10.0p1-7+fips_all.deb
 openssh-sftp-server_10.0p1-7+fips_amd64.deb
 openssh-server_10.0p1-7+fips_amd64.deb
 libk5crypto3_1.21.3-5+fips_amd64.deb
 libkrb5support0_1.21.3-5+fips_amd64.deb
 libkrb5-3_1.21.3-5+fips_amd64.deb
 libgssapi-krb5-2_1.21.3-5+fips_amd64.deb
+ sudo LANG=C DEBIAN_FRONTEND=noninteractive chroot ./fsroot-vs apt-get -y install -f
Reading package lists...
Building dependency tree...
Reading state information...
The following package was automatically installed and is no longer required:
  libfuse3-4
Use 'sudo apt autoremove' to remove it.
0 upgraded, 0 newly installed, 0 to remove and 24 not upgraded.
+ cd ./fsroot-vs
+ sudo rm -f systemd-sonic-generator_1.0.0_amd64.deb libssl3t64_3.5.4-1+fips_amd64.deb libssl-dev_3.5.4-1+fips_amd64.deb openssl_3.5.4-1+fips_amd64.deb symcrypt-openssl_1.9.4_amd64.deb openssh-client_10.0p1-7+fips_amd64.deb ssh_10.0p1-7+fips_all.deb openssh-sftp-server_10.0p1-7+fips_amd64.deb openssh-server_10.0p1-7+fips_amd64.deb libk5crypto3_1.21.3-5+fips_amd64.deb libkrb5support0_1.21.3-5+fips_amd64.deb libkrb5-3_1.21.3-5+fips_amd64.deb libgssapi-krb5-2_1.21.3-5+fips_amd64.deb socat_1.7.4.1-3_amd64.deb
++ dpkg-deb -f target/debs/trixie/systemd-sonic-generator_1.0.0_amd64.deb Package
+ PACKAGE_NAME=systemd-sonic-generator
++ dpkg-deb -f target/debs/trixie/systemd-sonic-generator_1.0.0_amd64.deb Version
+ PACKAGE_VERSION=1.0.0
++ sudo chroot ./fsroot-vs dpkg-query '--showformat=${Version}' --show systemd-sonic-generator
+ INSTALLED_VERSION=1.0.0
+ '[' 1.0.0 '!=' '' ']'
+ '[' 1.0.0 '!=' 1.0.0 ']'
+ sudo LANG=C DEBIAN_FRONTEND=noninteractive chroot ./fsroot-vs apt-mark hold systemd-sonic-generator
systemd-sonic-generator set on hold.
++ dpkg-deb -f target/debs/trixie/libssl3t64_3.5.4-1+fips_amd64.deb Package
dpkg-deb: error: unexpected end of file in archive magic version number in target/debs/trixie/libssl3t64_3.5.4-1+fips_amd64.deb
+ PACKAGE_NAME=
+ clean_sys
+ sudo chroot ./fsroot-vs umount /sys/fs/cgroup/cgroup.controllers /sys/fs/cgroup/cgroup.events /sys/fs/cgroup/cgroup.freeze /sys/fs/cgroup/cgroup.kill /sys/fs/cgroup/cgroup.max.depth /sys/fs/cgroup/cgroup.max.descendants /sys/fs/cgroup/cgroup.pressure /sys/fs/cgroup/cgroup.procs /sys/fs/cgroup/cgroup.stat /sys/fs/cgroup/cgroup.stat.local /sys/fs/cgroup/cgroup.subtree_control /sys/fs/cgroup/cgroup.threads /sys/fs/cgroup/cgroup.type /sys/fs/cgroup/cpu.idle /sys/fs/cgroup/cpu.max /sys/fs/cgroup/cpu.max.burst /sys/fs/cgroup/cpu.pressure /sys/fs/cgroup/cpu.stat /sys/fs/cgroup/cpu.stat.local /sys/fs/cgroup/cpu.uclamp.max /sys/fs/cgroup/cpu.uclamp.min /sys/fs/cgroup/cpu.weight /sys/fs/cgroup/cpu.weight.nice /sys/fs/cgroup/cpuset.cpus /sys/fs/cgroup/cpuset.cpus.effective /sys/fs/cgroup/cpuset.cpus.exclusive /sys/fs/cgroup/cpuset.cpus.exclusive.effective /sys/fs/cgroup/cpuset.cpus.partition /sys/fs/cgroup/cpuset.mems /sys/fs/cgroup/cpuset.mems.effective /sys/fs/cgroup/dmem.current /sys/fs/cgroup/dmem.low /sys/fs/cgroup/dmem.max /sys/fs/cgroup/dmem.min /sys/fs/cgroup/docker /sys/fs/cgroup/hugetlb.1GB.current /sys/fs/cgroup/hugetlb.1GB.events /sys/fs/cgroup/hugetlb.1GB.events.local /sys/fs/cgroup/hugetlb.1GB.max /sys/fs/cgroup/hugetlb.1GB.numa_stat /sys/fs/cgroup/hugetlb.1GB.rsvd.current /sys/fs/cgroup/hugetlb.1GB.rsvd.max /sys/fs/cgroup/hugetlb.2MB.current /sys/fs/cgroup/hugetlb.2MB.events /sys/fs/cgroup/hugetlb.2MB.events.local /sys/fs/cgroup/hugetlb.2MB.max /sys/fs/cgroup/hugetlb.2MB.numa_stat /sys/fs/cgroup/hugetlb.2MB.rsvd.current /sys/fs/cgroup/hugetlb.2MB.rsvd.max /sys/fs/cgroup/io.max /sys/fs/cgroup/io.pressure /sys/fs/cgroup/io.prio.class /sys/fs/cgroup/io.stat /sys/fs/cgroup/io.weight /sys/fs/cgroup/memory.current /sys/fs/cgroup/memory.events /sys/fs/cgroup/memory.events.local /sys/fs/cgroup/memory.high /sys/fs/cgroup/memory.low /sys/fs/cgroup/memory.max /sys/fs/cgroup/memory.min /sys/fs/cgroup/memory.numa_stat /sys/fs/cgroup/memory.oom.group /sys/fs/cgroup/memory.peak /sys/fs/cgroup/memory.pressure /sys/fs/cgroup/memory.reclaim /sys/fs/cgroup/memory.stat /sys/fs/cgroup/memory.swap.current /sys/fs/cgroup/memory.swap.events /sys/fs/cgroup/memory.swap.high /sys/fs/cgroup/memory.swap.max /sys/fs/cgroup/memory.swap.peak /sys/fs/cgroup/memory.zswap.current /sys/fs/cgroup/memory.zswap.max /sys/fs/cgroup/memory.zswap.writeback /sys/fs/cgroup/misc.current /sys/fs/cgroup/misc.events /sys/fs/cgroup/misc.events.local /sys/fs/cgroup/misc.max /sys/fs/cgroup/misc.peak /sys/fs/cgroup/pids.current /sys/fs/cgroup/pids.events /sys/fs/cgroup/pids.events.local /sys/fs/cgroup/pids.max /sys/fs/cgroup/pids.peak /sys/fs/cgroup/rdma.current /sys/fs/cgroup/rdma.max /sys/fs/cgroup /sys
umount: /sys/fs/cgroup/cgroup.controllers: not mounted.
umount: /sys/fs/cgroup/cgroup.events: not mounted.
umount: /sys/fs/cgroup/cgroup.freeze: not mounted.
umount: /sys/fs/cgroup/cgroup.kill: not mounted.
umount: /sys/fs/cgroup/cgroup.max.depth: not mounted.
umount: /sys/fs/cgroup/cgroup.max.descendants: not mounted.
umount: /sys/fs/cgroup/cgroup.pressure: not mounted.
umount: /sys/fs/cgroup/cgroup.procs: not mounted.
umount: /sys/fs/cgroup/cgroup.stat: not mounted.
umount: /sys/fs/cgroup/cgroup.stat.local: not mounted.
umount: /sys/fs/cgroup/cgroup.subtree_control: not mounted.
umount: /sys/fs/cgroup/cgroup.threads: not mounted.
umount: /sys/fs/cgroup/cgroup.type: not mounted.
umount: /sys/fs/cgroup/cpu.idle: not mounted.
umount: /sys/fs/cgroup/cpu.max: not mounted.
umount: /sys/fs/cgroup/cpu.max.burst: not mounted.
umount: /sys/fs/cgroup/cpu.pressure: not mounted.
umount: /sys/fs/cgroup/cpu.stat: not mounted.
umount: /sys/fs/cgroup/cpu.stat.local: not mounted.
umount: /sys/fs/cgroup/cpu.uclamp.max: not mounted.
umount: /sys/fs/cgroup/cpu.uclamp.min: not mounted.
umount: /sys/fs/cgroup/cpu.weight: not mounted.
umount: /sys/fs/cgroup/cpu.weight.nice: not mounted.
umount: /sys/fs/cgroup/cpuset.cpus: not mounted.
umount: /sys/fs/cgroup/cpuset.cpus.effective: not mounted.
umount: /sys/fs/cgroup/cpuset.cpus.exclusive: not mounted.
umount: /sys/fs/cgroup/cpuset.cpus.exclusive.effective: not mounted.
umount: /sys/fs/cgroup/cpuset.cpus.partition: not mounted.
umount: /sys/fs/cgroup/cpuset.mems: not mounted.
umount: /sys/fs/cgroup/cpuset.mems.effective: not mounted.
umount: /sys/fs/cgroup/dmem.current: not mounted.
umount: /sys/fs/cgroup/dmem.low: not mounted.
umount: /sys/fs/cgroup/dmem.max: not mounted.
umount: /sys/fs/cgroup/dmem.min: not mounted.
umount: /sys/fs/cgroup/docker: not mounted.
umount: /sys/fs/cgroup/hugetlb.1GB.current: not mounted.
umount: /sys/fs/cgroup/hugetlb.1GB.events: not mounted.
umount: /sys/fs/cgroup/hugetlb.1GB.events.local: not mounted.
umount: /sys/fs/cgroup/hugetlb.1GB.max: not mounted.
umount: /sys/fs/cgroup/hugetlb.1GB.numa_stat: not mounted.
umount: /sys/fs/cgroup/hugetlb.1GB.rsvd.current: not mounted.
umount: /sys/fs/cgroup/hugetlb.1GB.rsvd.max: not mounted.
umount: /sys/fs/cgroup/hugetlb.2MB.current: not mounted.
umount: /sys/fs/cgroup/hugetlb.2MB.events: not mounted.
umount: /sys/fs/cgroup/hugetlb.2MB.events.local: not mounted.
umount: /sys/fs/cgroup/hugetlb.2MB.max: not mounted.
umount: /sys/fs/cgroup/hugetlb.2MB.numa_stat: not mounted.
umount: /sys/fs/cgroup/hugetlb.2MB.rsvd.current: not mounted.
umount: /sys/fs/cgroup/hugetlb.2MB.rsvd.max: not mounted.
umount: /sys/fs/cgroup/io.max: not mounted.
umount: /sys/fs/cgroup/io.pressure: not mounted.
umount: /sys/fs/cgroup/io.prio.class: not mounted.
umount: /sys/fs/cgroup/io.stat: not mounted.
umount: /sys/fs/cgroup/io.weight: not mounted.
umount: /sys/fs/cgroup/memory.current: not mounted.
umount: /sys/fs/cgroup/memory.events: not mounted.
umount: /sys/fs/cgroup/memory.events.local: not mounted.
umount: /sys/fs/cgroup/memory.high: not mounted.
umount: /sys/fs/cgroup/memory.low: not mounted.
umount: /sys/fs/cgroup/memory.max: not mounted.
umount: /sys/fs/cgroup/memory.min: not mounted.
umount: /sys/fs/cgroup/memory.numa_stat: not mounted.
umount: /sys/fs/cgroup/memory.oom.group: not mounted.
umount: /sys/fs/cgroup/memory.peak: not mounted.
umount: /sys/fs/cgroup/memory.pressure: not mounted.
umount: /sys/fs/cgroup/memory.reclaim: not mounted.
umount: /sys/fs/cgroup/memory.stat: not mounted.
umount: /sys/fs/cgroup/memory.swap.current: not mounted.
umount: /sys/fs/cgroup/memory.swap.events: not mounted.
umount: /sys/fs/cgroup/memory.swap.high: not mounted.
umount: /sys/fs/cgroup/memory.swap.max: not mounted.
umount: /sys/fs/cgroup/memory.swap.peak: not mounted.
umount: /sys/fs/cgroup/memory.zswap.current: not mounted.
umount: /sys/fs/cgroup/memory.zswap.max: not mounted.
umount: /sys/fs/cgroup/memory.zswap.writeback: not mounted.
umount: /sys/fs/cgroup/misc.current: not mounted.
umount: /sys/fs/cgroup/misc.events: not mounted.
umount: /sys/fs/cgroup/misc.events.local: not mounted.
umount: /sys/fs/cgroup/misc.max: not mounted.
umount: /sys/fs/cgroup/misc.peak: not mounted.
umount: /sys/fs/cgroup/pids.current: not mounted.
umount: /sys/fs/cgroup/pids.events: not mounted.
umount: /sys/fs/cgroup/pids.events.local: not mounted.
umount: /sys/fs/cgroup/pids.max: not mounted.
umount: /sys/fs/cgroup/pids.peak: not mounted.
umount: /sys/fs/cgroup/rdma.current: not mounted.
umount: /sys/fs/cgroup/rdma.max: not mounted.
+ true
+ true
+ sudo LANG=C chroot ./fsroot-vs umount /proc
+ true
[  FAIL LOG END  ] [ target/sonic-vs.bin ]
make: *** [slave.mk:1713: target/sonic-vs.bin] Error 1
make[1]: *** [Makefile.work:751: target/sonic-vs.bin] Error 2
make[1]: Leaving directory '/data/sonic/sonic-dzf-time-measure'
make: *** [Makefile:50: target/sonic-vs.bin] Error 2
