+++ --- Making target/sonic-vs.bin --- +++
./scripts/run_with_retry make BLDENV=trixie -f Makefile.work target/sonic-vs.bin
make[1]: Entering directory '/data/sonic/sonic-dzf-time-measure'
sudo: A terminal is required to authenticate
"SECURE_UPGRADE_PROD_SIGNING_TOOL": ""
/data/sonic/sonic-dzf-time-measure/src/sonic-build-hooks /data/sonic/sonic-dzf-time-measure
make[2]: Entering directory '/data/sonic/sonic-dzf-time-measure/src/sonic-build-hooks'
dpkg-deb: warning: root directory tmp/sonic-build-hooks has unusual owner or group 17388989:983
dpkg-deb: hint: you might need to pass --root-owner-group, see <https://wiki.debian.org/Teams/Dpkg/RootlessBuilds> for further details
dpkg-deb: warning: ignoring 1 warning about the control file(s)
dpkg-deb: building package 'sonic-build-hooks' in 'buildinfo/sonic-build-hooks_1.0_all.deb'.
make[2]: Leaving directory '/data/sonic/sonic-dzf-time-measure/src/sonic-build-hooks'
/data/sonic/sonic-dzf-time-measure
Checking sonic-slave-base image: sonic-slave-trixie:ca17477b760
Checking sonic-slave-user image: sonic-slave-trixie-qiuying.xzc:0e69d80ab15
SONiC Build System

Build Configuration
"CONFIGURED_PLATFORM"             : "vs"
"CONFIGURED_ARCH"                 : "amd64"
"SONIC_CONFIG_PRINT_DEPENDENCIES" : ""
"SONIC_BUILD_JOBS"                : "8"
"SONIC_CONFIG_MAKE_JOBS"          : "192"
"USE_NATIVE_DOCKERD_FOR_BUILD"    : ""
"USE_DOCKER_CACHE"               : ""
"SONIC_CONFIG_USE_CCACHE"         : "n"
"USERNAME"                        : "admin"
"PASSWORD"                        : "YourPaSsWoRd"
"CHANGE_DEFAULT_PASSWORD"         : "n"
"SECURE_UPGRADE_MODE"             : "no_sign"
"SECURE_UPGRADE_DEV_SIGNING_KEY"  : ""
"SECURE_UPGRADE_SIGNING_CERT"     : ""
"SECURE_UPGRADE_KERNEL_CAFILE"    : ""
"SECURE_UPGRADE_PROD_SIGNING_TOOL": ""
"SECURE_UPGRADE_PROD_TOOL_ARGS"   : ""
"ONIE_IMAGE_PART_SIZE"            : ""
"SHUTDOWN_BGP_ON_START"           : ""
"ENABLE_PFCWD_ON_START"           : ""
"SONIC_BUFFER_MODEL"              : ""
"INSTALL_DEBUG_TOOLS"             : ""
"ROUTING_STACK"                   : "frr"
"FRR_USER_UID"                    : "300"
"FRR_USER_GID"                    : "300"
"ENABLE_FRR_TCMALLOC"             : "y"
"ENABLE_SYNCD_RPC"                : ""
"SAITHRIFT_V2"                    : ""
"ENABLE_ORGANIZATION_EXTENSIONS"  : "y"
"HTTP_PROXY"                      : "http://11.161.18.240:3128"
"HTTPS_PROXY"                     : "http://11.161.18.240:3128"
"NO_PROXY"                        : ""
"ENABLE_ZTP"                      : ""
"INCLUDE_PDE"                     : ""
"SONIC_DEBUGGING_ON"              : ""
"SONIC_PROFILING_ON"              : ""
"KERNEL_PROCURE_METHOD"           : "build"
"BUILD_TIMESTAMP"                 : "20260903.091836"
"BUILD_LOG_TIMESTAMP"             : "none"
"SONIC_IMAGE_VERSION"             : "master.0-dirty-20260903.091836"
"BLDENV"                          : "trixie"
"VS_PREPARE_MEM"                  : "yes"
"INCLUDE_MGMT_FRAMEWORK"          : "y"
"INCLUDE_ICCPD"                   : "n"
"INCLUDE_STP"                     : ""
"INCLUDE_SYSTEM_TELEMETRY"        : "n"
"INCLUDE_SYSTEM_GNMI"             : "y"
"INCLUDE_SYSTEM_BMP"              : "y"
"INCLUDE_SYSTEM_OTEL"             : "y"
"INCLUDE_SYSTEM_EVENTD"           : "y"
"ENABLE_HOST_SERVICE_ON_START"    : "y"
"INCLUDE_RESTAPI"                 : "n"
"INCLUDE_SFLOW"                   : "y"
"INCLUDE_NAT"                     : "y"
"INCLUDE_DHCP_RELAY"              : "y"
"INCLUDE_DHCP_SERVER"             : "n"
"INCLUDE_P4RT"                    : "n"
"INCLUDE_VS_DASH_SAI"             : "y"
"INCLUDE_KUBERNETES"              : "n"
"INCLUDE_KUBERNETES_MASTER"       : "n"
"INCLUDE_MACSEC"                  : "y"
"INCLUDE_MUX"                     : "y"
"INCLUDE_TEAMD"                   : "y"
"INCLUDE_DASH_HA"                 : "y"
"INCLUDE_ROUTER_ADVERTISER"       : "y"
"INCLUDE_SNMP"                    : "y"
"INCLUDE_LLDP"                    : "y"
"INCLUDE_BOOTCHART                : "y"
"ENABLE_BOOTCHART                 : "n"
"INCLUDE_FIPS"                    : "y"
"ENABLE_TRANSLIB_WRITE"           : ""
"ENABLE_NATIVE_WRITE"             : "y"
"ENABLE_DIALOUT"                  : ""
"ENABLE_AUTO_TECH_SUPPORT"        : "y"
"PDDF_SUPPORT"                    : "y"
"MULTIARCH_QEMU_ENVIRON"          : "n"
"SONIC_VERSION_CONTROL_COMPONENTS": "py2,py3,web,git,docker"
"ENABLE_ASAN"                     : "n"
"DEFAULT_CONTAINER_REGISTRY"      : "publicmirror.azurecr.io/"
"BUILD_MULTIASIC_KVM"             : "n"
"CROSS_BUILD_ENVIRON"             : "n"
"INCLUDE_EXTERNAL_PATCHES"        : "n"
"PTF_ENV_PY_VER"                  : "py3"
"ENABLE_MULTIDB"                  : ""
"ENABLE_SBOM"                     : "n"
"SBOM_FORMAT"                     : "both"
"SBOM_SCAN_TOOL"                  : "syft"
"SBOM_INCLUDE_LICENSES"           : "y"
"SBOM_STRICT"                     : "y"

"SONIC_DPKG_CACHE_METHOD"         : "none"

[ building ] [ target/debs/trixie/systemd-sonic-generator_1.0.0_amd64.deb ] 
[ building ] [ target/debs/trixie/sonic-platform-vs_1.0_amd64.deb ] 
[ building ] [ target/debs/trixie/initramfs-tools_0.142_all.deb ] 
[ building ] [ target/debs/trixie/linux-headers-6.12.41+deb13-common-sonic_6.12.41-1_all.deb ] 
[ building ] [ target/debs/trixie/sonic-device-data_1.0-1_all.deb ] 
[ building ] [ target/debs/trixie/ifupdown2_3.0.0-1_all.deb ] 
[ building ] [ target/debs/trixie/makedumpfile_1.7.7-1_amd64.deb ] 
[ building ] [ target/debs/trixie/kdump-tools_1.10.7_amd64.deb ] 
[ finished ] [ target/debs/trixie/sonic-platform-vs_1.0_amd64.deb ] 
[ building ] [ target/debs/trixie/libpam-radius-auth_1.4.1-1_amd64.deb ] 
[ finished ] [ target/debs/trixie/initramfs-tools_0.142_all.deb ] 
[ building ] [ target/debs/trixie/libnss-radius_1.0.1-1_amd64.deb ] 
[ finished ] [ target/debs/trixie/libnss-radius_1.0.1-1_amd64.deb ] 
[ building ] [ target/debs/trixie/libtac2_1.4.1-1_amd64.deb ] 
[ finished ] [ target/debs/trixie/makedumpfile_1.7.7-1_amd64.deb ] 
[ building ] [ target/debs/trixie/monit_5.34.3-1_amd64.deb ] 
[ finished ] [ target/debs/trixie/ifupdown2_3.0.0-1_all.deb ] 
[ building ] [ target/debs/trixie/libnl-3-200_3.7.0-0.2+b1sonic1_amd64.deb ] 
[ finished ] [ target/debs/trixie/kdump-tools_1.10.7_amd64.deb ] 
[ building ] [ target/debs/trixie/libyang3_3.12.2-1_amd64.deb ] 
[ finished ] [ target/debs/trixie/systemd-sonic-generator_1.0.0_amd64.deb ] 
[ building ] [ target/debs/trixie/sonic-nettools_0.0.1-0_amd64.deb ] 
[ finished ] [ target/debs/trixie/libtac2_1.4.1-1_amd64.deb ] 
[ building ] [ target/python-wheels/trixie/redis_dump_load-1.1-py3-none-any.whl ] 
[ finished ] [ target/python-wheels/trixie/redis_dump_load-1.1-py3-none-any.whl ] 
[ building ] [ target/debs/trixie/sonic-host-services-data_1.0-1_all.deb ] 
[ finished ] [ target/debs/trixie/sonic-host-services-data_1.0-1_all.deb ] 
[ building ] [ target/debs/trixie/socat_1.7.4.1-3_amd64.deb ] 
[ finished ] [ target/debs/trixie/libpam-radius-auth_1.4.1-1_amd64.deb ] 
[ finished ] [ target/debs/trixie/libnl-3-200_3.7.0-0.2+b1sonic1_amd64.deb ] 
[ building ] [ target/debs/trixie/bash_5.2.37-2_amd64.deb ] 
[ building ] [ target/debs/trixie/libtac2_1.4.1-1_amd64.deb-install ] 
[ finished ] [ target/debs/trixie/libtac2_1.4.1-1_amd64.deb-install ] 
[ building ] [ target/debs/trixie/libnl-3-200_3.7.0-0.2+b1sonic1_amd64.deb-install ] 
[ finished ] [ target/debs/trixie/libnl-3-200_3.7.0-0.2+b1sonic1_amd64.deb-install ] 
[ building ] [ target/debs/trixie/sedutil_1.15-5ad84d8_amd64.deb ] 
[ finished ] [ target/debs/trixie/sonic-nettools_0.0.1-0_amd64.deb ] 
[ finished ] [ target/debs/trixie/monit_5.34.3-1_amd64.deb ] 
[ building ] [ target/debs/trixie/grub2-common_2.06-13+deb13u1_amd64.deb ] 
[ building ] [ target/files/trixie/swss_vars.j2 ] 
[ finished ] [ target/files/trixie/swss_vars.j2 ] 
[ building ] [ target/files/trixie/rsyslog_plugin.conf.j2 ] 
[ finished ] [ target/files/trixie/rsyslog_plugin.conf.j2 ] 
[ building ] [ target/files/trixie/container ] 
[ finished ] [ target/files/trixie/container ] 
[ building ] [ target/files/trixie/readiness_probe.sh ] 
[ finished ] [ target/files/trixie/readiness_probe.sh ] 
[ building ] [ target/files/trixie/container_startup.py ] 
[ finished ] [ target/files/trixie/container_startup.py ] 
[ building ] [ target/python-wheels/trixie/redis_dump_load-1.1-py3-none-any.whl-install ] 
[ finished ] [ target/python-wheels/trixie/redis_dump_load-1.1-py3-none-any.whl-install ] 
[ building ] [ target/debs/trixie/iproute2_6.15.0-1+sonic.0_amd64.deb ] 
[ finished ] [ target/debs/trixie/socat_1.7.4.1-3_amd64.deb ] 
[ building ] [ target/debs/trixie/symcrypt-openssl_1.9.4_amd64.deb ] 
[ finished ] [ target/debs/trixie/sedutil_1.15-5ad84d8_amd64.deb ] 
[ building ] [ target/debs/trixie/p4lang-pi_0.1.1-1_amd64.deb ] 
[ finished ] [ target/debs/trixie/iproute2_6.15.0-1+sonic.0_amd64.deb ] 
[ building ] [ target/debs/trixie/libnexthopgroup_1.0.0_amd64.deb ] 
[ finished ] [ target/debs/trixie/symcrypt-openssl_1.9.4_amd64.deb ] 
[ finished ] [ target/debs/trixie/libnexthopgroup_1.0.0_amd64.deb ] 
[ finished ] [ target/debs/trixie/libyang3_3.12.2-1_amd64.deb ] 
[ building ] [ target/debs/trixie/libdashapi_1.0.0_amd64.deb ] 
[ building ] [ target/files/trixie/90-sonic.conf ] 
[ finished ] [ target/files/trixie/90-sonic.conf ] 
[ building ] [ target/files/trixie/update_chassisdb_config ] 
[ finished ] [ target/files/trixie/update_chassisdb_config ] 
[ building ] [ target/debs/trixie/libyang3_3.12.2-1_amd64.deb-install ] 
[ finished ] [ target/debs/trixie/libyang3_3.12.2-1_amd64.deb-install ] 
[ building ] [ target/debs/trixie/libnexthopgroup_1.0.0_amd64.deb-install ] 
[ finished ] [ target/debs/trixie/libnexthopgroup_1.0.0_amd64.deb-install ] 
[ building ] [ target/files/trixie/container_checker ] 
[ finished ] [ target/files/trixie/container_checker ] 
[ building ] [ target/files/trixie/gnmi.sh ] 
[ finished ] [ target/files/trixie/gnmi.sh ] 
[ building ] [ target/files/trixie/k8s_pod_control.sh ] 
[ finished ] [ target/files/trixie/k8s_pod_control.sh ] 
[ building ] [ target/debs/trixie/lldpd_1.0.16-1+deb12u1_amd64.deb ] 
[ finished ] [ target/debs/trixie/bash_5.2.37-2_amd64.deb ] 
[ building ] [ target/files/trixie/arp_update ] 
[ finished ] [ target/files/trixie/arp_update ] 
[ building ] [ target/files/trixie/arp_update_vars.j2 ] 
[ finished ] [ target/files/trixie/arp_update_vars.j2 ] 
[ building ] [ target/python-wheels/trixie/scapy-2.6.1.dev0-py3-none-any.whl ] 
[ building ] [ target/debs/trixie/lm-sensors_3.6.0-7.1_amd64.deb ] 
[ finished ] [ target/debs/trixie/sonic-device-data_1.0-1_all.deb ] 
[ building ] [ target/python-wheels/trixie/sonic_platform_pddf_common-1.0-py3-none-any.whl ] 
[ finished ] [ target/python-wheels/trixie/scapy-2.6.1.dev0-py3-none-any.whl ] 
[ building ] [ target/files/trixie/restapi.sh ] 
[ finished ] [ target/files/trixie/restapi.sh ] 
[ building ] [ target/debs/trixie/hsflowd_2.0.51-26_amd64.deb ] 
[ finished ] [ target/python-wheels/trixie/sonic_platform_pddf_common-1.0-py3-none-any.whl ] 
[ building ] [ target/debs/trixie/sflowtool_5.04_amd64.deb ] 
[ finished ] [ target/debs/trixie/lm-sensors_3.6.0-7.1_amd64.deb ] 
[ building ] [ target/debs/trixie/psample_1.1-1_amd64.deb ] 
[ finished ] [ target/debs/trixie/sflowtool_5.04_amd64.deb ] 
[ building ] [ target/docker-dash-engine.gz ] 
[ finished ] [ target/debs/trixie/psample_1.1-1_amd64.deb ] 
[ building ] [ target/debs/trixie/isc-dhcp-relay_4.4.3-P1-2_amd64.deb ] 
[ finished ] [ target/debs/trixie/lldpd_1.0.16-1+deb12u1_amd64.deb ] 
[ finished ] [ target/debs/trixie/hsflowd_2.0.51-26_amd64.deb ] 
[ building ] [ target/debs/trixie/rasdaemon_0.6.8-1_amd64.deb ] 
[ building ] [ target/files/trixie/remote_ctr.config.json ] 
[ finished ] [ target/files/trixie/remote_ctr.config.json ] 
[ building ] [ target/files/trixie/ctrmgrd.service ] 
[ finished ] [ target/files/trixie/ctrmgrd.service ] 
[ building ] [ target/debs/trixie/libpam-tacplus_1.4.1-1_amd64.deb ] 
[ finished ] [ target/debs/trixie/libpam-tacplus_1.4.1-1_amd64.deb ] 
[ building ] [ target/debs/trixie/libtac-dev_1.4.1-1_amd64.deb ] 
[ finished ] [ target/debs/trixie/libtac-dev_1.4.1-1_amd64.deb ] 
[ building ] [ target/debs/trixie/libnl-3-dev_3.7.0-0.2+b1sonic1_amd64.deb ] 
[ finished ] [ target/debs/trixie/libnl-3-dev_3.7.0-0.2+b1sonic1_amd64.deb ] 
[ building ] [ target/debs/trixie/libnl-route-3-200_3.7.0-0.2+b1sonic1_amd64.deb ] 
[ finished ] [ target/debs/trixie/libnl-route-3-200_3.7.0-0.2+b1sonic1_amd64.deb ] 
[ building ] [ target/debs/trixie/libnl-3-dev_3.7.0-0.2+b1sonic1_amd64.deb-install ] 
[ finished ] [ target/debs/trixie/libnl-3-dev_3.7.0-0.2+b1sonic1_amd64.deb-install ] 
[ building ] [ target/debs/trixie/libnl-route-3-200_3.7.0-0.2+b1sonic1_amd64.deb-install ] 
[ finished ] [ target/debs/trixie/libnl-route-3-200_3.7.0-0.2+b1sonic1_amd64.deb-install ] 
[ building ] [ target/debs/trixie/libyang-dev_3.12.2-1_amd64.deb ] 
[ finished ] [ target/debs/trixie/libyang-dev_3.12.2-1_amd64.deb ] 
[ building ] [ target/debs/trixie/libnl-genl-3-200_3.7.0-0.2+b1sonic1_amd64.deb ] 
[ finished ] [ target/debs/trixie/libnl-genl-3-200_3.7.0-0.2+b1sonic1_amd64.deb ] 
[ building ] [ target/debs/trixie/libyang-dev_3.12.2-1_amd64.deb-install ] 
[ finished ] [ target/debs/trixie/libyang-dev_3.12.2-1_amd64.deb-install ] 
[ building ] [ target/debs/trixie/libnl-genl-3-200_3.7.0-0.2+b1sonic1_amd64.deb-install ] 
[ finished ] [ target/debs/trixie/libnl-genl-3-200_3.7.0-0.2+b1sonic1_amd64.deb-install ] 
[ building ] [ target/python-wheels/trixie/swsssdk-2.0.1-py3-none-any.whl ] 
[ finished ] [ target/python-wheels/trixie/swsssdk-2.0.1-py3-none-any.whl ] 
[ building ] [ target/debs/trixie/libtac-dev_1.4.1-1_amd64.deb-install ] 
[ finished ] [ target/debs/trixie/libtac-dev_1.4.1-1_amd64.deb-install ] 
[ building ] [ target/python-wheels/trixie/swsssdk-2.0.1-py3-none-any.whl-install ] 
[ finished ] [ target/python-wheels/trixie/swsssdk-2.0.1-py3-none-any.whl-install ] 
[ building ] [ target/debs/trixie/libssl3t64_3.5.4-1+fips_amd64.deb ] 
[ finished ] [ target/debs/trixie/libssl3t64_3.5.4-1+fips_amd64.deb ] 
[ building ] [ target/debs/trixie/libssl-dev_3.5.4-1+fips_amd64.deb ] 
[ finished ] [ target/debs/trixie/libssl-dev_3.5.4-1+fips_amd64.deb ] 
[ building ] [ target/debs/trixie/openssl_3.5.4-1+fips_amd64.deb ] 
[ finished ] [ target/debs/trixie/openssl_3.5.4-1+fips_amd64.deb ] 
[ building ] [ target/debs/trixie/libk5crypto3_1.21.3-5+fips_amd64.deb ] 
[ finished ] [ target/debs/trixie/libk5crypto3_1.21.3-5+fips_amd64.deb ] 
[ building ] [ target/debs/trixie/libkrb5support0_1.21.3-5+fips_amd64.deb ] 
[ finished ] [ target/debs/trixie/libkrb5support0_1.21.3-5+fips_amd64.deb ] 
[ building ] [ target/debs/trixie/libkrb5-3_1.21.3-5+fips_amd64.deb ] 
[ finished ] [ target/debs/trixie/libkrb5-3_1.21.3-5+fips_amd64.deb ] 
[ building ] [ target/debs/trixie/libgssapi-krb5-2_1.21.3-5+fips_amd64.deb ] 
[ finished ] [ target/debs/trixie/libgssapi-krb5-2_1.21.3-5+fips_amd64.deb ] 
[ building ] [ target/debs/trixie/libnexthopgroup-dev_1.0.0_amd64.deb ] 
[ finished ] [ target/debs/trixie/libnexthopgroup-dev_1.0.0_amd64.deb ] 
[ building ] [ target/debs/trixie/libsensors5_3.6.0-7.1_amd64.deb ] 
[ finished ] [ target/debs/trixie/libsensors5_3.6.0-7.1_amd64.deb ] 
[ building ] [ target/debs/trixie/fancontrol_3.6.0-7.1_all.deb ] 
[ finished ] [ target/debs/trixie/fancontrol_3.6.0-7.1_all.deb ] 
[ building ] [ target/debs/trixie/sensord_3.6.0-7.1_amd64.deb ] 
[ finished ] [ target/debs/trixie/sensord_3.6.0-7.1_amd64.deb ] 
[ building ] [ target/debs/trixie/libnss-tacplus_1.0.4-1_amd64.deb ] 
[ finished ] [ target/debs/trixie/libdashapi_1.0.0_amd64.deb ] 
[ finished ] [ target/debs/trixie/rasdaemon_0.6.8-1_amd64.deb ] 
[ building ] [ target/debs/trixie/libnl-route-3-dev_3.7.0-0.2+b1sonic1_amd64.deb ] 
[ finished ] [ target/debs/trixie/libnl-route-3-dev_3.7.0-0.2+b1sonic1_amd64.deb ] 
[ building ] [ target/debs/trixie/python3-libyang_3.1.0-1_amd64.deb ] 
[ building ] [ target/debs/trixie/libnl-genl-3-dev_3.7.0-0.2+b1sonic1_amd64.deb ] 
[ finished ] [ target/debs/trixie/libnl-genl-3-dev_3.7.0-0.2+b1sonic1_amd64.deb ] 
[ building ] [ target/debs/trixie/libnl-nf-3-200_3.7.0-0.2+b1sonic1_amd64.deb ] 
[ finished ] [ target/debs/trixie/libnl-nf-3-200_3.7.0-0.2+b1sonic1_amd64.deb ] 
[ building ] [ target/debs/trixie/libnl-genl-3-dev_3.7.0-0.2+b1sonic1_amd64.deb-install ] 
[ finished ] [ target/debs/trixie/libnl-genl-3-dev_3.7.0-0.2+b1sonic1_amd64.deb-install ] 
[ building ] [ target/debs/trixie/libnl-route-3-dev_3.7.0-0.2+b1sonic1_amd64.deb-install ] 
[ finished ] [ target/debs/trixie/libnl-route-3-dev_3.7.0-0.2+b1sonic1_amd64.deb-install ] 
[ building ] [ target/debs/trixie/bash-tacplus_1.0.0_amd64.deb ] 
[ finished ] [ target/debs/trixie/libnss-tacplus_1.0.4-1_amd64.deb ] 
[ building ] [ target/debs/trixie/audisp-tacplus_1.0.2_amd64.deb ] 
[ finished ] [ target/debs/trixie/python3-libyang_3.1.0-1_amd64.deb ] 
[ finished ] [ target/debs/trixie/bash-tacplus_1.0.0_amd64.deb ] 
[ building ] [ target/debs/trixie/libnl-nf-3-200_3.7.0-0.2+b1sonic1_amd64.deb-install ] 
[ building ] [ target/debs/trixie/python3-libyang_3.1.0-1_amd64.deb-install ] 
[ finished ] [ target/debs/trixie/libnl-nf-3-200_3.7.0-0.2+b1sonic1_amd64.deb-install ] 
[ building ] [ target/docker-base-trixie.gz ] 
[ finished ] [ target/debs/trixie/python3-libyang_3.1.0-1_amd64.deb-install ] 
[ building ] [ target/debs/trixie/libnexthopgroup-dev_1.0.0_amd64.deb-install ] 
[ finished ] [ target/debs/trixie/libnexthopgroup-dev_1.0.0_amd64.deb-install ] 
[ building ] [ target/debs/trixie/libdashapi_1.0.0_amd64.deb-install ] 
[ finished ] [ target/debs/trixie/libdashapi_1.0.0_amd64.deb-install ] 
[ building ] [ target/debs/trixie/frr_10.5.4-sonic-0_amd64.deb ] 
[ finished ] [ target/debs/trixie/audisp-tacplus_1.0.2_amd64.deb ] 
[ building ] [ target/debs/trixie/openssh-server_10.0p1-7_amd64.deb ] 
[ finished ] [ target/debs/trixie/linux-headers-6.12.41+deb13-common-sonic_6.12.41-1_all.deb ] 
[ building ] [ target/python-wheels/trixie/sonic_yang_models-1.0-py3-none-any.whl ] 
[ finished ] [ target/debs/trixie/p4lang-pi_0.1.1-1_amd64.deb ] 
[ building ] [ target/debs/trixie/libnl-nf-3-dev_3.7.0-0.2+b1sonic1_amd64.deb ] 
[ finished ] [ target/debs/trixie/libnl-nf-3-dev_3.7.0-0.2+b1sonic1_amd64.deb ] 
[ building ] [ target/debs/trixie/p4lang-pi_0.1.1-1_amd64.deb-install ] 
[ finished ] [ target/debs/trixie/p4lang-pi_0.1.1-1_amd64.deb-install ] 
[ building ] [ target/debs/trixie/libnl-nf-3-dev_3.7.0-0.2+b1sonic1_amd64.deb-install ] 
[ finished ] [ target/debs/trixie/libnl-nf-3-dev_3.7.0-0.2+b1sonic1_amd64.deb-install ] 
[ building ] [ target/debs/trixie/linux-headers-6.12.41+deb13-common-sonic_6.12.41-1_all.deb-install ] 
[ finished ] [ target/debs/trixie/linux-headers-6.12.41+deb13-common-sonic_6.12.41-1_all.deb-install ] 
[ building ] [ target/debs/trixie/linux-image-6.12.41+deb13-sonic-amd64-unsigned_6.12.41-1_amd64.deb ] 
[ finished ] [ target/debs/trixie/linux-image-6.12.41+deb13-sonic-amd64-unsigned_6.12.41-1_amd64.deb ] 
[ building ] [ target/debs/trixie/linux-kbuild-6.12.41+deb13_6.12.41-1_amd64.deb ] 
[ finished ] [ target/debs/trixie/linux-kbuild-6.12.41+deb13_6.12.41-1_amd64.deb ] 
[ building ] [ target/debs/trixie/libnl-cli-3-200_3.7.0-0.2+b1sonic1_amd64.deb ] 
[ finished ] [ target/debs/trixie/libnl-cli-3-200_3.7.0-0.2+b1sonic1_amd64.deb ] 
[ building ] [ target/debs/trixie/p4lang-bmv2_1.15.0-9_amd64.deb ] 
[ finished ] [ target/debs/trixie/frr_10.5.4-sonic-0_amd64.deb ] 
[ building ] [ target/debs/trixie/libnl-cli-3-200_3.7.0-0.2+b1sonic1_amd64.deb-install ] 
[ finished ] [ target/debs/trixie/libnl-cli-3-200_3.7.0-0.2+b1sonic1_amd64.deb-install ] 
[ building ] [ target/debs/trixie/frr-snmp_10.5.4-sonic-0_amd64.deb ] 
[ finished ] [ target/debs/trixie/frr-snmp_10.5.4-sonic-0_amd64.deb ] 
[ building ] [ target/debs/trixie/linux-kbuild-6.12.41+deb13_6.12.41-1_amd64.deb-install ] 
[ finished ] [ target/debs/trixie/linux-kbuild-6.12.41+deb13_6.12.41-1_amd64.deb-install ] 
[ building ] [ target/debs/trixie/libnl-cli-3-dev_3.7.0-0.2+b1sonic1_amd64.deb ] 
[ finished ] [ target/debs/trixie/libnl-cli-3-dev_3.7.0-0.2+b1sonic1_amd64.deb ] 
[ building ] [ target/debs/trixie/libnl-cli-3-dev_3.7.0-0.2+b1sonic1_amd64.deb-install ] 
[ finished ] [ target/debs/trixie/libnl-cli-3-dev_3.7.0-0.2+b1sonic1_amd64.deb-install ] 
[ building ] [ target/debs/trixie/libteam5_1.31-1_amd64.deb ] 
[ finished ] [ target/docker-dash-engine.gz ] 
[ finished ] [ target/debs/trixie/openssh-server_10.0p1-7_amd64.deb ] 
[ finished ] [ target/debs/trixie/libteam5_1.31-1_amd64.deb ] 
[ building ] [ target/debs/trixie/libteamdctl0_1.31-1_amd64.deb ] 
[ finished ] [ target/debs/trixie/libteamdctl0_1.31-1_amd64.deb ] 
[ building ] [ target/debs/trixie/libteam5_1.31-1_amd64.deb-install ] 
[ building ] [ target/debs/trixie/libteam-dev_1.31-1_amd64.deb ] 
[ finished ] [ target/debs/trixie/libteam-dev_1.31-1_amd64.deb ] 
[ building ] [ target/debs/trixie/libteam-utils_1.31-1_amd64.deb ] 
[ finished ] [ target/debs/trixie/libteam-utils_1.31-1_amd64.deb ] 
[ finished ] [ target/debs/trixie/libteam5_1.31-1_amd64.deb-install ] 
[ building ] [ target/debs/trixie/libteamdctl0_1.31-1_amd64.deb-install ] 
[ finished ] [ target/debs/trixie/libteamdctl0_1.31-1_amd64.deb-install ] 
[ building ] [ target/debs/trixie/libteam-dev_1.31-1_amd64.deb-install ] 
[ building ] [ target/debs/trixie/libteam-utils_1.31-1_amd64.deb-install ] 
[ finished ] [ target/debs/trixie/libteam-dev_1.31-1_amd64.deb-install ] 
[ finished ] [ target/debs/trixie/libteam-utils_1.31-1_amd64.deb-install ] 
[ finished ] [ target/python-wheels/trixie/sonic_yang_models-1.0-py3-none-any.whl ] 
[ building ] [ target/python-wheels/trixie/sonic_yang_models-1.0-py3-none-any.whl-install ] 
[ finished ] [ target/python-wheels/trixie/sonic_yang_models-1.0-py3-none-any.whl-install ] 
[ building ] [ target/python-wheels/trixie/sonic_yang_mgmt-1.0-py3-none-any.whl ] 
[ building ] [ target/debs/trixie/sonic-mgmt-common_1.0.0_amd64.deb ] 
[ finished ] [ target/docker-base-trixie.gz ] 
[ building ] [ target/docker-base-trixie.gz-load ] 
[ finished ] [ target/docker-base-trixie.gz-load ] 
[ finished ] [ target/python-wheels/trixie/sonic_yang_mgmt-1.0-py3-none-any.whl ] 
[ building ] [ target/python-wheels/trixie/sonic_yang_mgmt-1.0-py3-none-any.whl-install ] 
[ finished ] [ target/python-wheels/trixie/sonic_yang_mgmt-1.0-py3-none-any.whl-install ] 
[ building ] [ target/debs/trixie/libswsscommon_1.0.0_amd64.deb ] 
[ finished ] [ target/debs/trixie/sonic-mgmt-common_1.0.0_amd64.deb ] 
[ building ] [ target/debs/trixie/sonic-mgmt-common-codegen_1.0.0_amd64.deb ] 
[ finished ] [ target/debs/trixie/sonic-mgmt-common-codegen_1.0.0_amd64.deb ] 
[ building ] [ target/debs/trixie/sonic-mgmt-common_1.0.0_amd64.deb-install ] 
[ finished ] [ target/debs/trixie/sonic-mgmt-common_1.0.0_amd64.deb-install ] 
[ building ] [ target/debs/trixie/sonic-mgmt-common-codegen_1.0.0_amd64.deb-install ] 
[ finished ] [ target/debs/trixie/sonic-mgmt-common-codegen_1.0.0_amd64.deb-install ] 
[ building ] [ target/debs/trixie/sonic-mgmt-framework_1.0-01_amd64.deb ] 
[ finished ] [ target/debs/trixie/isc-dhcp-relay_4.4.3-P1-2_amd64.deb ] 
[ finished ] [ target/debs/trixie/sonic-mgmt-framework_1.0-01_amd64.deb ] 
[ finished ] [ target/debs/trixie/libswsscommon_1.0.0_amd64.deb ] 
[ building ] [ target/debs/trixie/python3-swsscommon_1.0.0_amd64.deb ] 
[ finished ] [ target/debs/trixie/python3-swsscommon_1.0.0_amd64.deb ] 
[ building ] [ target/debs/trixie/sonic-db-cli_1.0.0_amd64.deb ] 
[ finished ] [ target/debs/trixie/sonic-db-cli_1.0.0_amd64.deb ] 
[ building ] [ target/debs/trixie/libswsscommon-dev_1.0.0_amd64.deb ] 
[ finished ] [ target/debs/trixie/libswsscommon-dev_1.0.0_amd64.deb ] 
[ building ] [ target/debs/trixie/libswsscommon_1.0.0_amd64.deb-install ] 
[ finished ] [ target/debs/trixie/libswsscommon_1.0.0_amd64.deb-install ] 
[ building ] [ target/debs/trixie/libswsscommon-dev_1.0.0_amd64.deb-install ] 
[ building ] [ target/debs/trixie/python3-swsscommon_1.0.0_amd64.deb-install ] 
[ finished ] [ target/debs/trixie/libswsscommon-dev_1.0.0_amd64.deb-install ] 
[ building ] [ target/debs/trixie/sonic-eventd_1.0.0-0_amd64.deb ] 
[ building ] [ target/debs/trixie/sonic-ctrmgrd-rs_1.0.0_amd64.deb ] 
[ finished ] [ target/debs/trixie/python3-swsscommon_1.0.0_amd64.deb-install ] 
[ building ] [ target/debs/trixie/sonic-host-services-rs_1.0.0_amd64.deb ] 
[ building ] [ target/debs/trixie/syslog-counter_1.0.0_amd64.deb ] 
[ building ] [ target/debs/trixie/sonic-supervisord-utilities-rs_1.0.0_amd64.deb ] 
[ building ] [ target/debs/trixie/sonic-bmp_0.1_amd64.deb ] 
[ finished ] [ target/debs/trixie/sonic-eventd_1.0.0-0_amd64.deb ] 
[ building ] [ target/debs/trixie/dash-ha_1.0.0_amd64.deb ] 
[ finished ] [ target/debs/trixie/sonic-bmp_0.1_amd64.deb ] 
[ building ] [ target/debs/trixie/stp_1.0.0_amd64.deb ] 
[ finished ] [ target/debs/trixie/stp_1.0.0_amd64.deb ] 
[ building ] [ target/debs/trixie/sonic-gnmi_0.1_amd64.deb ] 
[ finished ] [ target/debs/trixie/sonic-gnmi_0.1_amd64.deb ] 
[ finished ] [ target/debs/trixie/sonic-supervisord-utilities-rs_1.0.0_amd64.deb ] 
[ finished ] [ target/debs/trixie/syslog-counter_1.0.0_amd64.deb ] 
[ building ] [ target/debs/trixie/sysmgr_1.0.0_amd64.deb ] 
[ building ] [ target/debs/trixie/sonic-linkmgrd_1.0.0-1_amd64.deb ] 
[ finished ] [ target/debs/trixie/sonic-host-services-rs_1.0.0_amd64.deb ] 
[ finished ] [ target/debs/trixie/sonic-ctrmgrd-rs_1.0.0_amd64.deb ] 
[ finished ] [ target/debs/trixie/sysmgr_1.0.0_amd64.deb ] 
[ building ] [ target/debs/trixie/sonic-dhcpmon_1.0.0-0_amd64.deb ] 
[ building ] [ target/debs/trixie/sonic-dhcp4relay_1.0.0-0_amd64.deb ] 
[ finished ] [ target/debs/trixie/sonic-dhcpmon_1.0.0-0_amd64.deb ] 
[ building ] [ target/debs/trixie/sonic-dhcp6relay_1.0.0-0_amd64.deb ] 
[ building ] [ target/debs/trixie/wpasupplicant_2.9.0-14_amd64.deb ] 
[ building ] [ target/debs/trixie/sonic-rsyslog-plugin_1.0.0-0_amd64.deb ] 
[ finished ] [ target/debs/trixie/sonic-rsyslog-plugin_1.0.0-0_amd64.deb ] 
[ building ] [ target/python-wheels/trixie/sonic_py_common-1.0-py3-none-any.whl ] 
/sonic/src/sonic-dash-ha /sonic
Removing patch ../sonic-dash-ha.patch/0001-build-use-relative-path-when-building-cargo-dependen.patch
Restoring Cargo.toml

No patches applied
/sonic
[ finished ] [ target/debs/trixie/dash-ha_1.0.0_amd64.deb ] 
[ building ] [ target/debs/trixie/sonic-bmp_0.1_amd64.deb-install ] 
[ finished ] [ target/debs/trixie/sonic-bmp_0.1_amd64.deb-install ] 
[ building ] [ target/debs/trixie/stp_1.0.0_amd64.deb-install ] 
[ finished ] [ target/debs/trixie/stp_1.0.0_amd64.deb-install ] 
[ finished ] [ target/python-wheels/trixie/sonic_py_common-1.0-py3-none-any.whl ] 
[ building ] [ target/python-wheels/trixie/sonic_py_common-1.0-py3-none-any.whl-install ] 
[ finished ] [ target/python-wheels/trixie/sonic_py_common-1.0-py3-none-any.whl-install ] 
[ building ] [ target/python-wheels/trixie/sonic_config_engine-1.0-py3-none-any.whl ] 
[ building ] [ target/python-wheels/trixie/sonic_containercfgd-1.0-py3-none-any.whl ] 
[ finished ] [ target/debs/trixie/wpasupplicant_2.9.0-14_amd64.deb ] 
[ building ] [ target/python-wheels/trixie/sonic_supervisord_utilities-1.0-py3-none-any.whl ] 
[ finished ] [ target/python-wheels/trixie/sonic_containercfgd-1.0-py3-none-any.whl ] 
[ building ] [ target/python-wheels/trixie/sonic_d-2.0.0-py3-none-any.whl ] 
[ finished ] [ target/debs/trixie/sonic-dhcp6relay_1.0.0-0_amd64.deb ] 
[ building ] [ target/python-wheels/trixie/sonic_ledd-1.1-py3-none-any.whl ] 
[ finished ] [ target/python-wheels/trixie/sonic_ledd-1.1-py3-none-any.whl ] 
[ building ] [ target/python-wheels/trixie/sonic_pcied-1.0-py3-none-any.whl ] 
[ finished ] [ target/python-wheels/trixie/sonic_d-2.0.0-py3-none-any.whl ] 
[ building ] [ target/python-wheels/trixie/sonic_stormond-1.0-py3-none-any.whl ] 
[ finished ] [ target/python-wheels/trixie/sonic_supervisord_utilities-1.0-py3-none-any.whl ] 
[ building ] [ target/python-wheels/trixie/sonic_dhcp_utilities-1.0-py3-none-any.whl ] 
[ finished ] [ target/python-wheels/trixie/sonic_pcied-1.0-py3-none-any.whl ] 
[ building ] [ target/python-wheels/trixie/sonic_ctrmgrd-1.0.0-py3-none-any.whl ] 
[ finished ] [ target/python-wheels/trixie/sonic_dhcp_utilities-1.0-py3-none-any.whl ] 
[ finished ] [ target/python-wheels/trixie/sonic_stormond-1.0-py3-none-any.whl ] 
[ finished ] [ target/debs/trixie/sonic-dhcp4relay_1.0.0-0_amd64.deb ] 
[ finished ] [ target/python-wheels/trixie/sonic_ctrmgrd-1.0.0-py3-none-any.whl ] 
[ finished ] [ target/debs/trixie/grub2-common_2.06-13+deb13u1_amd64.deb ] 
[ building ] [ target/sonic-vs.bin__vs__rfs.squashfs ] 
[ finished ] [ target/debs/trixie/sonic-linkmgrd_1.0.0-1_amd64.deb ] 
[ finished ] [ target/python-wheels/trixie/sonic_config_engine-1.0-py3-none-any.whl ] 
[ building ] [ target/python-wheels/trixie/sonic_config_engine-1.0-py3-none-any.whl-install ] 
[ finished ] [ target/python-wheels/trixie/sonic_config_engine-1.0-py3-none-any.whl-install ] 
[ building ] [ target/docker-config-engine-trixie.gz ] 
[ building ] [ target/python-wheels/trixie/sonic_bgpcfgd-1.0-py3-none-any.whl ] 
[ building ] [ target/python-wheels/trixie/sonic_frr_mgmt_framework-1.0-py3-none-any.whl ] 
[ building ] [ target/python-wheels/trixie/system_health-1.0-py3-none-any.whl ] 
[ building ] [ target/python-wheels/trixie/sonic_platform_common-1.0-py3-none-any.whl ] 
[ finished ] [ target/debs/trixie/p4lang-bmv2_1.15.0-9_amd64.deb ] 
[ building ] [ target/debs/trixie/p4lang-bmv2_1.15.0-9_amd64.deb-install ] 
[ finished ] [ target/debs/trixie/p4lang-bmv2_1.15.0-9_amd64.deb-install ] 
[ building ] [ target/debs/trixie/p4lang-p4c_1.2.4.2-2_amd64.deb ] 
[ finished ] [ target/python-wheels/trixie/sonic_frr_mgmt_framework-1.0-py3-none-any.whl ] 
[ finished ] [ target/python-wheels/trixie/system_health-1.0-py3-none-any.whl ] 
[ finished ] [ target/python-wheels/trixie/sonic_platform_common-1.0-py3-none-any.whl ] 
[ building ] [ target/python-wheels/trixie/sonic_platform_common-1.0-py3-none-any.whl-install ] 
[ finished ] [ target/python-wheels/trixie/sonic_platform_common-1.0-py3-none-any.whl-install ] 
[ building ] [ target/python-wheels/trixie/sonic_utilities-1.2-py3-none-any.whl ] 
[ building ] [ target/python-wheels/trixie/sonic_psud-1.0-py3-none-any.whl ] 
[ building ] [ target/python-wheels/trixie/sonic_syseepromd-1.0-py3-none-any.whl ] 
[ building ] [ target/python-wheels/trixie/sonic_thermalctld-1.0-py3-none-any.whl ] 
[ finished ] [ target/python-wheels/trixie/sonic_bgpcfgd-1.0-py3-none-any.whl ] 
[ finished ] [ target/python-wheels/trixie/sonic_syseepromd-1.0-py3-none-any.whl ] 
[ building ] [ target/python-wheels/trixie/sonic_xcvrd-1.0-py3-none-any.whl ] 
[ finished ] [ target/python-wheels/trixie/sonic_thermalctld-1.0-py3-none-any.whl ] 
[ building ] [ target/python-wheels/trixie/sonic_ycabled-1.0-py3-none-any.whl ] 
[ finished ] [ target/python-wheels/trixie/sonic_psud-1.0-py3-none-any.whl ] 
[ building ] [ target/python-wheels/trixie/sonic_chassisd-1.0-py3-none-any.whl ] 
[ finished ] [ target/python-wheels/trixie/sonic_chassisd-1.0-py3-none-any.whl ] 
[ building ] [ target/python-wheels/trixie/sonic_bmcctld-1.0-py3-none-any.whl ] 
[ building ] [ target/python-wheels/trixie/sonic_sensormond-1.0-py3-none-any.whl ] 
[ finished ] [ target/python-wheels/trixie/sonic_bmcctld-1.0-py3-none-any.whl ] 
[ building ] [ target/python-wheels/trixie/asyncsnmp-2.1.0-py3-none-any.whl ] 
[ finished ] [ target/python-wheels/trixie/sonic_ycabled-1.0-py3-none-any.whl ] 
[ finished ] [ target/python-wheels/trixie/sonic_sensormond-1.0-py3-none-any.whl ] 
[ finished ] [ target/python-wheels/trixie/sonic_xcvrd-1.0-py3-none-any.whl ] 
[ finished ] [ target/python-wheels/trixie/asyncsnmp-2.1.0-py3-none-any.whl ] 
[ finished ] [ target/docker-config-engine-trixie.gz ] 
[ building ] [ target/docker-config-engine-trixie.gz-load ] 
[ finished ] [ target/docker-config-engine-trixie.gz-load ] 
[ building ] [ target/docker-bmp-watchdog.gz ] 
[ building ] [ target/docker-database.gz ] 
[ building ] [ target/docker-gnmi-sidecar.gz ] 
/sonic/dockers/docker-gnmi-sidecar/cli-plugin-tests /sonic
[ building ] [ target/docker-gnmi-watchdog.gz ] 
[ building ] [ target/docker-sonic-gnmi.gz ] 
/sonic
[ finished ] [ target/docker-gnmi-sidecar.gz ] 
[ building ] [ target/docker-lldp.gz ] 
[ finished ] [ target/docker-sonic-gnmi.gz ] 
[ building ] [ target/docker-mux.gz ] 
[ finished ] [ target/docker-database.gz ] 
[ building ] [ target/docker-sonic-otel.gz ] 
[ finished ] [ target/docker-lldp.gz ] 
[ building ] [ target/docker-platform-monitor.gz ] 
[ finished ] [ target/docker-mux.gz ] 
[ building ] [ target/docker-restapi-sidecar.gz ] 
/sonic/dockers/docker-restapi-sidecar/cli-plugin-tests /sonic
/sonic
[ finished ] [ target/docker-restapi-sidecar.gz ] 
[ building ] [ target/docker-router-advertiser.gz ] 
[ finished ] [ target/docker-sonic-otel.gz ] 
[ building ] [ target/docker-snmp.gz ] 
[ finished ] [ target/docker-router-advertiser.gz ] 
[ building ] [ target/docker-sonic-mgmt-framework.gz ] 
[ finished ] [ target/docker-snmp.gz ] 
[ building ] [ target/docker-sysmgr.gz ] 
[ finished ] [ target/python-wheels/trixie/sonic_utilities-1.2-py3-none-any.whl ] 
[ building ] [ target/python-wheels/trixie/sonic_utilities-1.2-py3-none-any.whl-install ] 
[ finished ] [ target/python-wheels/trixie/sonic_utilities-1.2-py3-none-any.whl-install ] 
[ building ] [ target/debs/trixie/sonic-utilities-data_1.0-1_all.deb ] 
[ finished ] [ target/docker-sonic-mgmt-framework.gz ] 
[ building ] [ target/python-wheels/trixie/sonic_bmpcfgd_services-1.0-py3-none-any.whl ] 
[ finished ] [ target/debs/trixie/sonic-utilities-data_1.0-1_all.deb ] 
[ building ] [ target/docker-eventd.gz ] 
[ finished ] [ target/python-wheels/trixie/sonic_bmpcfgd_services-1.0-py3-none-any.whl ] 
[ building ] [ target/docker-dhcp-relay.gz ] 
/sonic/dockers/docker-dhcp-relay/cli-plugin-tests /sonic
[ finished ] [ target/docker-sysmgr.gz ] 
[ building ] [ target/python-wheels/trixie/sonic_host_services-1.0-py3-none-any.whl ] 
[ finished ] [ target/docker-eventd.gz ] 
[ building ] [ target/docker-sonic-bmp.gz ] 
[ finished ] [ target/sonic-vs.bin__vs__rfs.squashfs ] 
[ finished ] [ target/docker-sonic-bmp.gz ] 
[ finished ] [ target/docker-platform-monitor.gz ] 
/sonic
[ finished ] [ target/docker-gnmi-watchdog.gz ] 
[ finished ] [ target/python-wheels/trixie/sonic_host_services-1.0-py3-none-any.whl ] 
[ FAIL LOG START ] [ target/python-wheels/trixie/sonic_host_services-1.0-py3-none-any.whl ]
Build start time: Thu Sep 3 01:44:25 UTC 2026
[ REASON ] :      target/python-wheels/trixie/sonic_host_services-1.0-py3-none-any.whl does not exist   NON-EXISTENT PREREQUISITES: target/python-wheels/trixie/sonic_py_common-1.0-py3-none-any.whl-install target/python-wheels/trixie/sonic_utilities-1.2-py3-none-any.whl-install target/debs/trixie/libswsscommon_1.0.0_amd64.deb-install target/debs/trixie/python3-swsscommon_1.0.0_amd64.deb-install 
[ FLAGS  FILE    ] : [] 
[ FLAGS  DEPENDS ] : [] 
[ FLAGS  DIFF    ] : [] 
/sonic/src/sonic-host-services /sonic
Defaulting to user installation because normal site-packages is not writeable
Processing /sonic/src/sonic-host-services
  Preparing metadata (setup.py): started
  Preparing metadata (setup.py): finished with status 'done'
Requirement already satisfied: dbus-python in /usr/lib/python3/dist-packages (from sonic-host-services==1.0) (1.4.0)
Requirement already satisfied: systemd-python in /usr/lib/python3/dist-packages (from sonic-host-services==1.0) (235)
Requirement already satisfied: Jinja2>=2.10 in /usr/lib/python3/dist-packages (from sonic-host-services==1.0) (3.1.6)
Requirement already satisfied: PyGObject in /usr/lib/python3/dist-packages (from sonic-host-services==1.0) (3.50.0)
Collecting pycairo==1.26.1 (from sonic-host-services==1.0)
  Downloading pycairo-1.26.1.tar.gz (346 kB)
  Preparing metadata (pyproject.toml): started
  Preparing metadata (pyproject.toml): finished with status 'done'
Requirement already satisfied: psutil in /usr/lib/python3/dist-packages (from sonic-host-services==1.0) (7.0.0)
Requirement already satisfied: sonic-py-common in /usr/local/lib/python3.13/dist-packages (from sonic-host-services==1.0) (1.0)
Requirement already satisfied: sonic-utilities in /usr/local/lib/python3.13/dist-packages (from sonic-host-services==1.0) (1.2)
Requirement already satisfied: MarkupSafe>=2.0 in /usr/lib/python3/dist-packages (from Jinja2>=2.10->sonic-host-services==1.0) (2.1.5)
Requirement already satisfied: natsort in /usr/lib/python3/dist-packages (from sonic-py-common->sonic-host-services==1.0) (8.0.2)
Requirement already satisfied: pyyaml in /usr/lib/python3/dist-packages (from sonic-py-common->sonic-host-services==1.0) (6.0.2)
Requirement already satisfied: redis-dump-load in /usr/local/lib/python3.13/dist-packages (from sonic-py-common->sonic-host-services==1.0) (1.1)
Requirement already satisfied: redis in /usr/local/lib/python3.13/dist-packages (from redis-dump-load->sonic-py-common->sonic-host-services==1.0) (8.0.1)
Requirement already satisfied: bcrypt>=3.2.2 in /usr/lib/python3/dist-packages (from sonic-utilities->sonic-host-services==1.0) (4.2.0)
Requirement already satisfied: click<8.2,>=8.0 in /usr/lib/python3/dist-packages (from sonic-utilities->sonic-host-services==1.0) (8.1.8)
Requirement already satisfied: cryptography>=3.3.2 in /usr/lib/python3/dist-packages (from sonic-utilities->sonic-host-services==1.0) (43.0.0)
Requirement already satisfied: urllib3>=2 in /usr/lib/python3/dist-packages (from sonic-utilities->sonic-host-services==1.0) (2.3.0)
Requirement already satisfied: click-log>=0.3.2 in /var/qiuying.xzc/.local/lib/python3.13/site-packages (from sonic-utilities->sonic-host-services==1.0) (0.4.0)
Requirement already satisfied: docker>=4.4.4 in /var/qiuying.xzc/.local/lib/python3.13/site-packages (from sonic-utilities->sonic-host-services==1.0) (7.1.0)
Requirement already satisfied: docker-image-py>=0.1.10 in /var/qiuying.xzc/.local/lib/python3.13/site-packages (from sonic-utilities->sonic-host-services==1.0) (0.1.13)
Requirement already satisfied: filelock>=3.0.12 in /var/qiuying.xzc/.local/lib/python3.13/site-packages (from sonic-utilities->sonic-host-services==1.0) (3.29.4)
Requirement already satisfied: enlighten>=1.8.0 in /usr/lib/python3/dist-packages (from sonic-utilities->sonic-host-services==1.0) (1.11.2)
Requirement already satisfied: ijson>=3.2.3 in /var/qiuying.xzc/.local/lib/python3.13/site-packages (from sonic-utilities->sonic-host-services==1.0) (3.5.0)
Requirement already satisfied: ipaddress>=1.0.23 in /var/qiuying.xzc/.local/lib/python3.13/site-packages (from sonic-utilities->sonic-host-services==1.0) (1.0.23)
Requirement already satisfied: protobuf in /usr/local/lib/python3.13/dist-packages (from sonic-utilities->sonic-host-services==1.0) (5.29.6)
Requirement already satisfied: jsondiff>=1.2.0 in /var/qiuying.xzc/.local/lib/python3.13/site-packages (from sonic-utilities->sonic-host-services==1.0) (2.2.1)
Requirement already satisfied: jsonpatch>=1.32.0 in /var/qiuying.xzc/.local/lib/python3.13/site-packages (from sonic-utilities->sonic-host-services==1.0) (1.33)
Requirement already satisfied: jsonpointer>=1.9 in /var/qiuying.xzc/.local/lib/python3.13/site-packages (from sonic-utilities->sonic-host-services==1.0) (3.1.1)
Requirement already satisfied: m2crypto>=0.31.0 in /usr/lib/python3/dist-packages (from sonic-utilities->sonic-host-services==1.0) (0.42.0)
Requirement already satisfied: netaddr>=0.8.0 in /var/qiuying.xzc/.local/lib/python3.13/site-packages (from sonic-utilities->sonic-host-services==1.0) (0.8.0)
Requirement already satisfied: netifaces>=0.10.7 in /usr/lib/python3/dist-packages (from sonic-utilities->sonic-host-services==1.0) (0.11.0)
Requirement already satisfied: paramiko>=3.0 in /usr/lib/python3/dist-packages (from sonic-utilities->sonic-host-services==1.0) (3.5.1)
Requirement already satisfied: pexpect>=4.8.0 in /usr/lib/python3/dist-packages (from sonic-utilities->sonic-host-services==1.0) (4.9.0)
Requirement already satisfied: semantic-version>=2.8.5 in /var/qiuying.xzc/.local/lib/python3.13/site-packages (from sonic-utilities->sonic-host-services==1.0) (2.10.0)
Requirement already satisfied: prettyprinter>=0.18.0 in /var/qiuying.xzc/.local/lib/python3.13/site-packages (from sonic-utilities->sonic-host-services==1.0) (0.18.0)
Requirement already satisfied: pyroute2>=0.7.7 in /var/qiuying.xzc/.local/lib/python3.13/site-packages (from sonic-utilities->sonic-host-services==1.0) (0.9.6)
Requirement already satisfied: requests>=2.25.0 in /usr/lib/python3/dist-packages (from sonic-utilities->sonic-host-services==1.0) (2.32.3)
Requirement already satisfied: tabulate==0.9.0 in /var/qiuying.xzc/.local/lib/python3.13/site-packages (from sonic-utilities->sonic-host-services==1.0) (0.9.0)
Requirement already satisfied: toposort==1.6 in /var/qiuying.xzc/.local/lib/python3.13/site-packages (from sonic-utilities->sonic-host-services==1.0) (1.6)
Requirement already satisfied: www-authenticate==0.9.2 in /var/qiuying.xzc/.local/lib/python3.13/site-packages (from sonic-utilities->sonic-host-services==1.0) (0.9.2)
Requirement already satisfied: xmltodict==0.12.0 in /var/qiuying.xzc/.local/lib/python3.13/site-packages (from sonic-utilities->sonic-host-services==1.0) (0.12.0)
Requirement already satisfied: lazy-object-proxy in /var/qiuying.xzc/.local/lib/python3.13/site-packages (from sonic-utilities->sonic-host-services==1.0) (1.12.0)
Requirement already satisfied: six>=1.16.0 in /usr/lib/python3/dist-packages (from sonic-utilities->sonic-host-services==1.0) (1.17.0)
Requirement already satisfied: scp==0.14.5 in /var/qiuying.xzc/.local/lib/python3.13/site-packages (from sonic-utilities->sonic-host-services==1.0) (0.14.5)
Requirement already satisfied: sonic-config-engine in /usr/local/lib/python3.13/dist-packages (from sonic-utilities->sonic-host-services==1.0) (1.0)
Requirement already satisfied: sonic-platform-common in /usr/local/lib/python3.13/dist-packages (from sonic-utilities->sonic-host-services==1.0) (1.0)
Requirement already satisfied: sonic-yang-mgmt in /usr/local/lib/python3.13/dist-packages (from sonic-utilities->sonic-host-services==1.0) (1.0)
Requirement already satisfied: regex>=2019.4.14 in /usr/lib/python3/dist-packages (from docker-image-py>=0.1.10->sonic-utilities->sonic-host-services==1.0) (2024.11.6)
Requirement already satisfied: pynacl>=1.5 in /usr/lib/python3/dist-packages (from paramiko>=3.0->sonic-utilities->sonic-host-services==1.0) (1.5.0)
Requirement already satisfied: ptyprocess>=0.5 in /usr/lib/python3/dist-packages (from pexpect>=4.8.0->sonic-utilities->sonic-host-services==1.0) (0.7.0)
Requirement already satisfied: Pygments>=2.2.0 in /usr/lib/python3/dist-packages (from prettyprinter>=0.18.0->sonic-utilities->sonic-host-services==1.0) (2.18.0)
Requirement already satisfied: colorful>=0.4.0 in /var/qiuying.xzc/.local/lib/python3.13/site-packages (from prettyprinter>=0.18.0->sonic-utilities->sonic-host-services==1.0) (0.5.8)
Requirement already satisfied: cffi>=1.4.1 in /usr/lib/python3/dist-packages (from pynacl>=1.5->paramiko>=3.0->sonic-utilities->sonic-host-services==1.0) (1.17.1)
Requirement already satisfied: pycparser in /usr/lib/python3/dist-packages (from cffi>=1.4.1->pynacl>=1.5->paramiko>=3.0->sonic-utilities->sonic-host-services==1.0) (2.22)
Requirement already satisfied: charset_normalizer<4,>=2 in /usr/lib/python3/dist-packages (from requests>=2.25.0->sonic-utilities->sonic-host-services==1.0) (3.4.2)
Requirement already satisfied: idna<4,>=2.5 in /usr/lib/python3/dist-packages (from requests>=2.25.0->sonic-utilities->sonic-host-services==1.0) (3.10)
Requirement already satisfied: certifi>=2017.4.17 in /usr/lib/python3/dist-packages (from requests>=2.25.0->sonic-utilities->sonic-host-services==1.0) (2025.1.31)
Requirement already satisfied: bitarray==2.8.1 in /var/qiuying.xzc/.local/lib/python3.13/site-packages (from sonic-config-engine->sonic-utilities->sonic-host-services==1.0) (2.8.1)
Requirement already satisfied: lxml>=4.9.1 in /usr/lib/python3/dist-packages (from sonic-config-engine->sonic-utilities->sonic-host-services==1.0) (5.4.0)
Requirement already satisfied: sonic-yang-models>=1.0 in /usr/local/lib/python3.13/dist-packages (from sonic-config-engine->sonic-utilities->sonic-host-services==1.0) (1.0)
Building wheels for collected packages: sonic-host-services, pycairo
  DEPRECATION: Building 'sonic-host-services' using the legacy setup.py bdist_wheel mechanism, which will be removed in a future version. pip 25.3 will enforce this behaviour change. A possible replacement is to use the standardized build interface by setting the `--use-pep517` option, (possibly combined with `--no-build-isolation`), or adding a `pyproject.toml` file to the source tree of 'sonic-host-services'. Discussion can be found at https://github.com/pypa/pip/issues/6334
  Building wheel for sonic-host-services (setup.py): started
  Building wheel for sonic-host-services (setup.py): finished with status 'done'
  Created wheel for sonic-host-services: filename=sonic_host_services-1.0-py3-none-any.whl size=107359 sha256=825279c86b91d5264cb5b954bdfc48fdd05eb5bfabe58fdbc3887580808f2eca
  Stored in directory: /var/qiuying.xzc/.cache/pip/wheels/3b/ba/8c/ab1d99173f0bfc31aa20c1d0c14bcbcfc38beeee47dffbbbe0
  Building wheel for pycairo (pyproject.toml): started
  Building wheel for pycairo (pyproject.toml): finished with status 'done'
  Created wheel for pycairo: filename=pycairo-1.26.1-cp313-cp313-linux_x86_64.whl size=331936 sha256=2e5ba81d4ba2724cb10a5a144f4f104f18aab4ace183a49d5db0c81656bfcae4
  Stored in directory: /var/qiuying.xzc/.cache/pip/wheels/d6/f5/d6/21a3d3c1e52d5ed1f1d21353a9d52553e95e4adb4df532bac4
Successfully built sonic-host-services pycairo
Installing collected packages: pycairo, sonic-host-services

Successfully installed pycairo-1.26.1 sonic-host-services-1.0
/sonic/src/sonic-host-services/setup.py:4: DeprecationWarning: pkg_resources is deprecated as an API. See https://setuptools.pypa.io/en/latest/pkg_resources.html
  import pkg_resources
/usr/local/lib/python3.13/dist-packages/setuptools/__init__.py:94: _DeprecatedInstaller: setuptools.installer and fetch_build_eggs are deprecated.
!!

        ********************************************************************************
        Requirements should be satisfied by a PEP 517 installer.
        If you are using pip, you can try `pip install --use-pep517`.
        ********************************************************************************

!!
  dist.fetch_build_eggs(dist.setup_requires)
/usr/local/lib/python3.13/dist-packages/setuptools/_distutils/dist.py:270: UserWarning: Unknown distribution option: 'tests_require'
  warnings.warn(msg)
/usr/local/lib/python3.13/dist-packages/setuptools/_distutils/dist.py:270: UserWarning: Unknown distribution option: 'test_suite'
  warnings.warn(msg)
Found existing installation: sonic-host-services 1.0
Uninstalling sonic-host-services-1.0:
  Successfully uninstalled sonic-host-services-1.0
Building Wheels package target/python-wheels/trixie/sonic_host_services-1.0-py3-none-any.whl
Defaulting to user installation because normal site-packages is not writeable
Processing /sonic/src/sonic-host-services
  Preparing metadata (setup.py): started
  Preparing metadata (setup.py): finished with status 'done'
Requirement already satisfied: dbus-python in /usr/lib/python3/dist-packages (from sonic-host-services==1.0) (1.4.0)
Requirement already satisfied: systemd-python in /usr/lib/python3/dist-packages (from sonic-host-services==1.0) (235)
Requirement already satisfied: Jinja2>=2.10 in /usr/lib/python3/dist-packages (from sonic-host-services==1.0) (3.1.6)
Requirement already satisfied: PyGObject in /usr/lib/python3/dist-packages (from sonic-host-services==1.0) (3.50.0)
Requirement already satisfied: pycairo==1.26.1 in /var/qiuying.xzc/.local/lib/python3.13/site-packages (from sonic-host-services==1.0) (1.26.1)
Requirement already satisfied: psutil in /usr/lib/python3/dist-packages (from sonic-host-services==1.0) (7.0.0)
Requirement already satisfied: sonic-py-common in /usr/local/lib/python3.13/dist-packages (from sonic-host-services==1.0) (1.0)
Requirement already satisfied: sonic-utilities in /usr/local/lib/python3.13/dist-packages (from sonic-host-services==1.0) (1.2)
Requirement already satisfied: parameterized in /usr/lib/python3/dist-packages (from sonic-host-services==1.0) (0.9.0)
Requirement already satisfied: pytest in /usr/lib/python3/dist-packages (from sonic-host-services==1.0) (8.3.5)
Requirement already satisfied: pyfakefs in /usr/local/lib/python3.13/dist-packages (from sonic-host-services==1.0) (6.2.0)
Requirement already satisfied: deepdiff>=6.2.2 in /usr/lib/python3/dist-packages (from sonic-host-services==1.0) (8.1.1)
Requirement already satisfied: orderly-set<6,>=5.2.3 in /usr/lib/python3/dist-packages (from deepdiff>=6.2.2->sonic-host-services==1.0) (5.3.2)
Requirement already satisfied: MarkupSafe>=2.0 in /usr/lib/python3/dist-packages (from Jinja2>=2.10->sonic-host-services==1.0) (2.1.5)
Requirement already satisfied: iniconfig in /usr/lib/python3/dist-packages (from pytest->sonic-host-services==1.0) (1.1.1)
Requirement already satisfied: packaging in /usr/lib/python3/dist-packages (from pytest->sonic-host-services==1.0) (25.0)
Requirement already satisfied: pluggy<2,>=1.5 in /usr/lib/python3/dist-packages (from pytest->sonic-host-services==1.0) (1.5.0)
Requirement already satisfied: natsort in /usr/lib/python3/dist-packages (from sonic-py-common->sonic-host-services==1.0) (8.0.2)
Requirement already satisfied: pyyaml in /usr/lib/python3/dist-packages (from sonic-py-common->sonic-host-services==1.0) (6.0.2)
Requirement already satisfied: redis-dump-load in /usr/local/lib/python3.13/dist-packages (from sonic-py-common->sonic-host-services==1.0) (1.1)
Requirement already satisfied: redis in /usr/local/lib/python3.13/dist-packages (from redis-dump-load->sonic-py-common->sonic-host-services==1.0) (8.0.1)
Requirement already satisfied: bcrypt>=3.2.2 in /usr/lib/python3/dist-packages (from sonic-utilities->sonic-host-services==1.0) (4.2.0)
Requirement already satisfied: click<8.2,>=8.0 in /usr/lib/python3/dist-packages (from sonic-utilities->sonic-host-services==1.0) (8.1.8)
Requirement already satisfied: cryptography>=3.3.2 in /usr/lib/python3/dist-packages (from sonic-utilities->sonic-host-services==1.0) (43.0.0)
Requirement already satisfied: urllib3>=2 in /usr/lib/python3/dist-packages (from sonic-utilities->sonic-host-services==1.0) (2.3.0)
Requirement already satisfied: click-log>=0.3.2 in /var/qiuying.xzc/.local/lib/python3.13/site-packages (from sonic-utilities->sonic-host-services==1.0) (0.4.0)
Requirement already satisfied: docker>=4.4.4 in /var/qiuying.xzc/.local/lib/python3.13/site-packages (from sonic-utilities->sonic-host-services==1.0) (7.1.0)
Requirement already satisfied: docker-image-py>=0.1.10 in /var/qiuying.xzc/.local/lib/python3.13/site-packages (from sonic-utilities->sonic-host-services==1.0) (0.1.13)
Requirement already satisfied: filelock>=3.0.12 in /var/qiuying.xzc/.local/lib/python3.13/site-packages (from sonic-utilities->sonic-host-services==1.0) (3.29.4)
Requirement already satisfied: enlighten>=1.8.0 in /usr/lib/python3/dist-packages (from sonic-utilities->sonic-host-services==1.0) (1.11.2)
Requirement already satisfied: ijson>=3.2.3 in /var/qiuying.xzc/.local/lib/python3.13/site-packages (from sonic-utilities->sonic-host-services==1.0) (3.5.0)
Requirement already satisfied: ipaddress>=1.0.23 in /var/qiuying.xzc/.local/lib/python3.13/site-packages (from sonic-utilities->sonic-host-services==1.0) (1.0.23)
Requirement already satisfied: protobuf in /usr/local/lib/python3.13/dist-packages (from sonic-utilities->sonic-host-services==1.0) (5.29.6)
Requirement already satisfied: jsondiff>=1.2.0 in /var/qiuying.xzc/.local/lib/python3.13/site-packages (from sonic-utilities->sonic-host-services==1.0) (2.2.1)
Requirement already satisfied: jsonpatch>=1.32.0 in /var/qiuying.xzc/.local/lib/python3.13/site-packages (from sonic-utilities->sonic-host-services==1.0) (1.33)
Requirement already satisfied: jsonpointer>=1.9 in /var/qiuying.xzc/.local/lib/python3.13/site-packages (from sonic-utilities->sonic-host-services==1.0) (3.1.1)
Requirement already satisfied: m2crypto>=0.31.0 in /usr/lib/python3/dist-packages (from sonic-utilities->sonic-host-services==1.0) (0.42.0)
Requirement already satisfied: netaddr>=0.8.0 in /var/qiuying.xzc/.local/lib/python3.13/site-packages (from sonic-utilities->sonic-host-services==1.0) (0.8.0)
Requirement already satisfied: netifaces>=0.10.7 in /usr/lib/python3/dist-packages (from sonic-utilities->sonic-host-services==1.0) (0.11.0)
Requirement already satisfied: paramiko>=3.0 in /usr/lib/python3/dist-packages (from sonic-utilities->sonic-host-services==1.0) (3.5.1)
Requirement already satisfied: pexpect>=4.8.0 in /usr/lib/python3/dist-packages (from sonic-utilities->sonic-host-services==1.0) (4.9.0)
Requirement already satisfied: semantic-version>=2.8.5 in /var/qiuying.xzc/.local/lib/python3.13/site-packages (from sonic-utilities->sonic-host-services==1.0) (2.10.0)
Requirement already satisfied: prettyprinter>=0.18.0 in /var/qiuying.xzc/.local/lib/python3.13/site-packages (from sonic-utilities->sonic-host-services==1.0) (0.18.0)
Requirement already satisfied: pyroute2>=0.7.7 in /var/qiuying.xzc/.local/lib/python3.13/site-packages (from sonic-utilities->sonic-host-services==1.0) (0.9.6)
Requirement already satisfied: requests>=2.25.0 in /usr/lib/python3/dist-packages (from sonic-utilities->sonic-host-services==1.0) (2.32.3)
Requirement already satisfied: tabulate==0.9.0 in /var/qiuying.xzc/.local/lib/python3.13/site-packages (from sonic-utilities->sonic-host-services==1.0) (0.9.0)
Requirement already satisfied: toposort==1.6 in /var/qiuying.xzc/.local/lib/python3.13/site-packages (from sonic-utilities->sonic-host-services==1.0) (1.6)
Requirement already satisfied: www-authenticate==0.9.2 in /var/qiuying.xzc/.local/lib/python3.13/site-packages (from sonic-utilities->sonic-host-services==1.0) (0.9.2)
Requirement already satisfied: xmltodict==0.12.0 in /var/qiuying.xzc/.local/lib/python3.13/site-packages (from sonic-utilities->sonic-host-services==1.0) (0.12.0)
Requirement already satisfied: lazy-object-proxy in /var/qiuying.xzc/.local/lib/python3.13/site-packages (from sonic-utilities->sonic-host-services==1.0) (1.12.0)
Requirement already satisfied: six>=1.16.0 in /usr/lib/python3/dist-packages (from sonic-utilities->sonic-host-services==1.0) (1.17.0)
Requirement already satisfied: scp==0.14.5 in /var/qiuying.xzc/.local/lib/python3.13/site-packages (from sonic-utilities->sonic-host-services==1.0) (0.14.5)
Requirement already satisfied: sonic-config-engine in /usr/local/lib/python3.13/dist-packages (from sonic-utilities->sonic-host-services==1.0) (1.0)
Requirement already satisfied: sonic-platform-common in /usr/local/lib/python3.13/dist-packages (from sonic-utilities->sonic-host-services==1.0) (1.0)
Requirement already satisfied: sonic-yang-mgmt in /usr/local/lib/python3.13/dist-packages (from sonic-utilities->sonic-host-services==1.0) (1.0)
Requirement already satisfied: regex>=2019.4.14 in /usr/lib/python3/dist-packages (from docker-image-py>=0.1.10->sonic-utilities->sonic-host-services==1.0) (2024.11.6)
Requirement already satisfied: pynacl>=1.5 in /usr/lib/python3/dist-packages (from paramiko>=3.0->sonic-utilities->sonic-host-services==1.0) (1.5.0)
Requirement already satisfied: ptyprocess>=0.5 in /usr/lib/python3/dist-packages (from pexpect>=4.8.0->sonic-utilities->sonic-host-services==1.0) (0.7.0)
Requirement already satisfied: Pygments>=2.2.0 in /usr/lib/python3/dist-packages (from prettyprinter>=0.18.0->sonic-utilities->sonic-host-services==1.0) (2.18.0)
Requirement already satisfied: colorful>=0.4.0 in /var/qiuying.xzc/.local/lib/python3.13/site-packages (from prettyprinter>=0.18.0->sonic-utilities->sonic-host-services==1.0) (0.5.8)
Requirement already satisfied: cffi>=1.4.1 in /usr/lib/python3/dist-packages (from pynacl>=1.5->paramiko>=3.0->sonic-utilities->sonic-host-services==1.0) (1.17.1)
Requirement already satisfied: pycparser in /usr/lib/python3/dist-packages (from cffi>=1.4.1->pynacl>=1.5->paramiko>=3.0->sonic-utilities->sonic-host-services==1.0) (2.22)
Requirement already satisfied: charset_normalizer<4,>=2 in /usr/lib/python3/dist-packages (from requests>=2.25.0->sonic-utilities->sonic-host-services==1.0) (3.4.2)
Requirement already satisfied: idna<4,>=2.5 in /usr/lib/python3/dist-packages (from requests>=2.25.0->sonic-utilities->sonic-host-services==1.0) (3.10)
Requirement already satisfied: certifi>=2017.4.17 in /usr/lib/python3/dist-packages (from requests>=2.25.0->sonic-utilities->sonic-host-services==1.0) (2025.1.31)
Requirement already satisfied: bitarray==2.8.1 in /var/qiuying.xzc/.local/lib/python3.13/site-packages (from sonic-config-engine->sonic-utilities->sonic-host-services==1.0) (2.8.1)
Requirement already satisfied: lxml>=4.9.1 in /usr/lib/python3/dist-packages (from sonic-config-engine->sonic-utilities->sonic-host-services==1.0) (5.4.0)
Requirement already satisfied: sonic-yang-models>=1.0 in /usr/local/lib/python3.13/dist-packages (from sonic-config-engine->sonic-utilities->sonic-host-services==1.0) (1.0)
Building wheels for collected packages: sonic-host-services
  DEPRECATION: Building 'sonic-host-services' using the legacy setup.py bdist_wheel mechanism, which will be removed in a future version. pip 25.3 will enforce this behaviour change. A possible replacement is to use the standardized build interface by setting the `--use-pep517` option, (possibly combined with `--no-build-isolation`), or adding a `pyproject.toml` file to the source tree of 'sonic-host-services'. Discussion can be found at https://github.com/pypa/pip/issues/6334
  Building wheel for sonic-host-services (setup.py): started
  Building wheel for sonic-host-services (setup.py): finished with status 'done'
  Created wheel for sonic-host-services: filename=sonic_host_services-1.0-py3-none-any.whl size=107359 sha256=825279c86b91d5264cb5b954bdfc48fdd05eb5bfabe58fdbc3887580808f2eca
  Stored in directory: /var/qiuying.xzc/.cache/pip/wheels/3b/ba/8c/ab1d99173f0bfc31aa20c1d0c14bcbcfc38beeee47dffbbbe0
Successfully built sonic-host-services
Installing collected packages: sonic-host-services
Successfully installed sonic-host-services-1.0
/sonic/src/sonic-host-services/setup.py:4: DeprecationWarning: pkg_resources is deprecated as an API. See https://setuptools.pypa.io/en/latest/pkg_resources.html
  import pkg_resources
/usr/local/lib/python3.13/dist-packages/setuptools/__init__.py:94: _DeprecatedInstaller: setuptools.installer and fetch_build_eggs are deprecated.
!!

        ********************************************************************************
        Requirements should be satisfied by a PEP 517 installer.
        If you are using pip, you can try `pip install --use-pep517`.
        ********************************************************************************

!!
  dist.fetch_build_eggs(dist.setup_requires)
/usr/local/lib/python3.13/dist-packages/setuptools/_distutils/dist.py:270: UserWarning: Unknown distribution option: 'tests_require'
  warnings.warn(msg)
/usr/local/lib/python3.13/dist-packages/setuptools/_distutils/dist.py:270: UserWarning: Unknown distribution option: 'test_suite'
  warnings.warn(msg)
Found existing installation: sonic-host-services 1.0
Uninstalling sonic-host-services-1.0:
  Successfully uninstalled sonic-host-services-1.0
============================= test session starts ==============================
platform linux -- Python 3.13.5, pytest-8.3.5, pluggy-1.5.0 -- /usr/bin/python3
cachedir: .pytest_cache
rootdir: /sonic/src/sonic-host-services
configfile: pytest.ini
plugins: xdist-3.8.0, pyfakefs-6.2.0, cov-5.0.0, typeguard-4.4.2
collecting ... collected 645 items

tests/caclmgrd/caclmgrd_bfd_test.py::TestCaclmgrdBfd::test_caclmgrd_bfd_0_BFD_SESSION_TEST <- ../../../usr/local/lib/python3.13/dist-packages/pyfakefs/fake_filesystem_unittest.py FAILED [  0%]
tests/caclmgrd/caclmgrd_bgp_loopback1_test.py::TestCaclmgrdLoopback1Drop::test_caclmgrd_soc_0_BGP_LOOPBACK1_SESSION_TEST <- ../../../usr/local/lib/python3.13/dist-packages/pyfakefs/fake_filesystem_unittest.py PASSED [  0%]
tests/caclmgrd/caclmgrd_chassis_midplane_test.py::TestCaclmgrdChassisMidplane::test_caclmgrd_chassis_midplane_0_Allow_chassis_midlane_traffic <- ../../../usr/local/lib/python3.13/dist-packages/pyfakefs/fake_filesystem_unittest.py PASSED [  0%]
tests/caclmgrd/caclmgrd_chassis_midplane_test.py::TestCaclmgrdChassisMidplane::test_get_midplane_bridge_ip_from_configdb PASSED [  0%]
tests/caclmgrd/caclmgrd_conntrack_test.py::TestCaclmgrdConntrack::test_caclmgrd_icmpv6_ct_rules_0_ICMPv6_conntrack_rules_test <- ../../../usr/local/lib/python3.13/dist-packages/pyfakefs/fake_filesystem_unittest.py FAILED [  0%]
tests/caclmgrd/caclmgrd_dash_ha_test.py::TestCaclmgrdDashHa::test_caclmgrd_dash_ha_0_DASH_HA_TEST <- ../../../usr/local/lib/python3.13/dist-packages/pyfakefs/fake_filesystem_unittest.py FAILED [  0%]
tests/caclmgrd/caclmgrd_default_rule_test.py::TestCaclmgrdDefaultRule::test_caclmgrd_default_rule_0_No_CACL_rules_Default_deny_rule_NOT_EXISTS <- ../../../usr/local/lib/python3.13/dist-packages/pyfakefs/fake_filesystem_unittest.py FAILED [  1%]
tests/caclmgrd/caclmgrd_default_rule_test.py::TestCaclmgrdDefaultRule::test_caclmgrd_default_rule_1_At_least_one_CACL_rules_Default_deny_rule_EXISTS <- ../../../usr/local/lib/python3.13/dist-packages/pyfakefs/fake_filesystem_unittest.py FAILED [  1%]
tests/caclmgrd/caclmgrd_default_rule_test.py::TestCaclmgrdDefaultRule::test_empty_acl_table_entry_skipped FAILED [  1%]
tests/caclmgrd/caclmgrd_dhcp_test.py::TestCaclmgrdDhcp::test_caclmgrd_dhcp_00_Active_Present_Interface <- ../../../usr/local/lib/python3.13/dist-packages/pyfakefs/fake_filesystem_unittest.py PASSED [  1%]
tests/caclmgrd/caclmgrd_dhcp_test.py::TestCaclmgrdDhcp::test_caclmgrd_dhcp_01_Active_Present_Mark <- ../../../usr/local/lib/python3.13/dist-packages/pyfakefs/fake_filesystem_unittest.py PASSED [  1%]
tests/caclmgrd/caclmgrd_dhcp_test.py::TestCaclmgrdDhcp::test_caclmgrd_dhcp_02_Active_Absent_Interface <- ../../../usr/local/lib/python3.13/dist-packages/pyfakefs/fake_filesystem_unittest.py PASSED [  1%]
tests/caclmgrd/caclmgrd_dhcp_test.py::TestCaclmgrdDhcp::test_caclmgrd_dhcp_03_Active_Absent_Mark <- ../../../usr/local/lib/python3.13/dist-packages/pyfakefs/fake_filesystem_unittest.py PASSED [  2%]
tests/caclmgrd/caclmgrd_dhcp_test.py::TestCaclmgrdDhcp::test_caclmgrd_dhcp_04_Standby_Present_Interface <- ../../../usr/local/lib/python3.13/dist-packages/pyfakefs/fake_filesystem_unittest.py PASSED [  2%]
tests/caclmgrd/caclmgrd_dhcp_test.py::TestCaclmgrdDhcp::test_caclmgrd_dhcp_05_Standby_Present_Mark <- ../../../usr/local/lib/python3.13/dist-packages/pyfakefs/fake_filesystem_unittest.py PASSED [  2%]
tests/caclmgrd/caclmgrd_dhcp_test.py::TestCaclmgrdDhcp::test_caclmgrd_dhcp_06_Standby_Absent_Interface <- ../../../usr/local/lib/python3.13/dist-packages/pyfakefs/fake_filesystem_unittest.py PASSED [  2%]
tests/caclmgrd/caclmgrd_dhcp_test.py::TestCaclmgrdDhcp::test_caclmgrd_dhcp_07_Standby_Absent_Mark <- ../../../usr/local/lib/python3.13/dist-packages/pyfakefs/fake_filesystem_unittest.py PASSED [  2%]
tests/caclmgrd/caclmgrd_dhcp_test.py::TestCaclmgrdDhcp::test_caclmgrd_dhcp_08_Unknown_Present_Interface <- ../../../usr/local/lib/python3.13/dist-packages/pyfakefs/fake_filesystem_unittest.py PASSED [  2%]
tests/caclmgrd/caclmgrd_dhcp_test.py::TestCaclmgrdDhcp::test_caclmgrd_dhcp_09_Unknown_Present_Mark <- ../../../usr/local/lib/python3.13/dist-packages/pyfakefs/fake_filesystem_unittest.py PASSED [  2%]
tests/caclmgrd/caclmgrd_dhcp_test.py::TestCaclmgrdDhcp::test_caclmgrd_dhcp_10_Uknown_Absent_Interface <- ../../../usr/local/lib/python3.13/dist-packages/pyfakefs/fake_filesystem_unittest.py PASSED [  3%]
tests/caclmgrd/caclmgrd_dhcp_test.py::TestCaclmgrdDhcp::test_caclmgrd_dhcp_11_Uknown_Absent_Mark <- ../../../usr/local/lib/python3.13/dist-packages/pyfakefs/fake_filesystem_unittest.py PASSED [  3%]
tests/caclmgrd/caclmgrd_external_client_acl_test.py::TestCaclmgrdExternalClientAcl::test_caclmgrd_external_client_acl_0_Test_for_EXTERNAL_CLIENT_ACL_with_no_dest_port_configured_ <- ../../../usr/local/lib/python3.13/dist-packages/pyfakefs/fake_filesystem_unittest.py FAILED [  3%]
tests/caclmgrd/caclmgrd_external_client_acl_test.py::TestCaclmgrdExternalClientAcl::test_caclmgrd_external_client_acl_1_Test_single_IPv4_dst_port_src_ip_for_EXTERNAL_CLIENT_ACL <- ../../../usr/local/lib/python3.13/dist-packages/pyfakefs/fake_filesystem_unittest.py FAILED [  3%]
tests/caclmgrd/caclmgrd_external_client_acl_test.py::TestCaclmgrdExternalClientAcl::test_caclmgrd_external_client_acl_2_Test_single_IPv4_dst_port_dst_ip_for_EXTERNAL_CLIENT_ACL <- ../../../usr/local/lib/python3.13/dist-packages/pyfakefs/fake_filesystem_unittest.py FAILED [  3%]
tests/caclmgrd/caclmgrd_external_client_acl_test.py::TestCaclmgrdExternalClientAcl::test_caclmgrd_external_client_acl_3_Test_single_IPv4_dst_port_incoming_interface_for_EXTERNAL_CLIENT_ACL <- ../../../usr/local/lib/python3.13/dist-packages/pyfakefs/fake_filesystem_unittest.py FAILED [  3%]
tests/caclmgrd/caclmgrd_external_client_acl_test.py::TestCaclmgrdExternalClientAcl::test_caclmgrd_external_client_acl_4_Test_IPv4_dst_port_range_src_ip_forEXTERNAL_CLIENT_ACL <- ../../../usr/local/lib/python3.13/dist-packages/pyfakefs/fake_filesystem_unittest.py FAILED [  4%]
tests/caclmgrd/caclmgrd_external_client_acl_test.py::TestCaclmgrdExternalClientAcl::test_caclmgrd_external_client_acl_5_Test_IPv6_single_dst_port_range_src_ip_forEXTERNAL_CLIENT_ACL <- ../../../usr/local/lib/python3.13/dist-packages/pyfakefs/fake_filesystem_unittest.py FAILED [  4%]
tests/caclmgrd/caclmgrd_external_client_acl_test.py::TestCaclmgrdExternalClientAcl::test_caclmgrd_external_client_acl_6_Test_IPv6_single_dst_port_range_dst_ip_forEXTERNAL_CLIENT_ACL <- ../../../usr/local/lib/python3.13/dist-packages/pyfakefs/fake_filesystem_unittest.py FAILED [  4%]
tests/caclmgrd/caclmgrd_external_client_acl_test.py::TestCaclmgrdExternalClientAcl::test_caclmgrd_external_client_acl_7_Test_IPv6_dst_port_range_src_ip_forEXTERNAL_CLIENT_ACL <- ../../../usr/local/lib/python3.13/dist-packages/pyfakefs/fake_filesystem_unittest.py FAILED [  4%]
tests/caclmgrd/caclmgrd_feature_test.py::TestFeature::test_feature_present_0_BFD_SESSION_TEST <- ../../../usr/local/lib/python3.13/dist-packages/pyfakefs/fake_filesystem_unittest.py PASSED [  4%]
tests/caclmgrd/caclmgrd_generate_allow_internal_docker_ip_traffic_test.py::TestCaclmgrdGenerateInternalDockerIp::test_caclmgrd_internal_docker_ip_traffic_0_Allow_internal_docker_traffic <- ../../../usr/local/lib/python3.13/dist-packages/pyfakefs/fake_filesystem_unittest.py PASSED [  4%]
tests/caclmgrd/caclmgrd_gil_ip_multiasic_test.py::TestCaclmgrdGilIpMultiAsic::test_caclmgrd_gil_ip_multiasic_0_Non_default_namespace_GIL_FORWARD_ACCEPT_rules_added_for_SSH_and_SNMP <- ../../../usr/local/lib/python3.13/dist-packages/pyfakefs/fake_filesystem_unittest.py FAILED [  4%]
tests/caclmgrd/caclmgrd_gil_ip_multiasic_test.py::TestCaclmgrdGilIpMultiAsic::test_caclmgrd_gil_ip_multiasic_1_Non_default_namespace_SSH_ACL_rule_uses_FORWARD_chain <- ../../../usr/local/lib/python3.13/dist-packages/pyfakefs/fake_filesystem_unittest.py FAILED [  5%]
tests/caclmgrd/caclmgrd_gil_ip_multiasic_test.py::TestCaclmgrdGilIpMultiAsic::test_caclmgrd_gil_ip_multiasic_2_Non_default_namespace_SNMP_ACL_rule_uses_FORWARD_chain <- ../../../usr/local/lib/python3.13/dist-packages/pyfakefs/fake_filesystem_unittest.py FAILED [  5%]
tests/caclmgrd/caclmgrd_gil_ip_multiasic_test.py::TestCaclmgrdGilIpMultiAsic::test_caclmgrd_gil_ip_multiasic_3_Non_default_namespace_NTP_ACL_rule_still_uses_INPUT_chain <- ../../../usr/local/lib/python3.13/dist-packages/pyfakefs/fake_filesystem_unittest.py FAILED [  5%]
tests/caclmgrd/caclmgrd_gil_ip_multiasic_test.py::TestCaclmgrdGilIpMultiAsic::test_caclmgrd_gil_ip_multiasic_4_Default_namespace_SSH_ACL_rule_uses_INPUT_chain_no_regression_ <- ../../../usr/local/lib/python3.13/dist-packages/pyfakefs/fake_filesystem_unittest.py FAILED [  5%]
tests/caclmgrd/caclmgrd_ip2me_test.py::TestCaclmgrdIP2Me::test_caclmgrd_ip2me_0_Only_MGMT_interface_default_rules <- ../../../usr/local/lib/python3.13/dist-packages/pyfakefs/fake_filesystem_unittest.py PASSED [  5%]
tests/caclmgrd/caclmgrd_ip2me_test.py::TestCaclmgrdIP2Me::test_caclmgrd_ip2me_1_Layer_3_loopback_interfaces_block_access <- ../../../usr/local/lib/python3.13/dist-packages/pyfakefs/fake_filesystem_unittest.py PASSED [  5%]
tests/caclmgrd/caclmgrd_ip2me_test.py::TestCaclmgrdIP2Me::test_caclmgrd_ip2me_2_One_VLAN_interface_24_we_are_1 <- ../../../usr/local/lib/python3.13/dist-packages/pyfakefs/fake_filesystem_unittest.py PASSED [  6%]
tests/caclmgrd/caclmgrd_ip2me_test.py::TestCaclmgrdIP2Me::test_caclmgrd_ip2me_3_One_interface_of_each_type_IPv6_64_block_all_interfaces_but_MGMT <- ../../../usr/local/lib/python3.13/dist-packages/pyfakefs/fake_filesystem_unittest.py PASSED [  6%]
tests/caclmgrd/caclmgrd_namespace_docker_ip_test.py::TestCaclmgrdNamespaceDockerIP::test_caclmgrd_namespace_docker_ip PASSED [  6%]
tests/caclmgrd/caclmgrd_redfish_acl_test.py::TestCaclmgrdRedfishAcl::test_caclmgrd_redfish_acl_0_Test_single_IPv4_src_ip_allow_default_deny_for_REDFISH_ACL <- ../../../usr/local/lib/python3.13/dist-packages/pyfakefs/fake_filesystem_unittest.py FAILED [  6%]
tests/caclmgrd/caclmgrd_redfish_acl_test.py::TestCaclmgrdRedfishAcl::test_caclmgrd_redfish_acl_1_Test_IPv6_src_ip_allow_default_deny_for_REDFISH_ACL <- ../../../usr/local/lib/python3.13/dist-packages/pyfakefs/fake_filesystem_unittest.py FAILED [  6%]
tests/caclmgrd/caclmgrd_redfish_acl_test.py::TestCaclmgrdRedfishAcl::test_caclmgrd_redfish_acl_skipped_when_feature_disabled_0_Disabled_feature_IPv4_REDFISH_ACL_must_be_skipped <- ../../../usr/local/lib/python3.13/dist-packages/pyfakefs/fake_filesystem_unittest.py FAILED [  6%]
tests/caclmgrd/caclmgrd_redfish_acl_test.py::TestCaclmgrdRedfishAcl::test_caclmgrd_redfish_acl_skipped_when_feature_disabled_1_Disabled_feature_IPv6_REDFISH_ACL_must_be_skipped <- ../../../usr/local/lib/python3.13/dist-packages/pyfakefs/fake_filesystem_unittest.py FAILED [  6%]
tests/caclmgrd/caclmgrd_redfish_acl_test.py::TestCaclmgrdRedfishAcl::test_handle_redfish_feature_events PASSED [  7%]
tests/caclmgrd/caclmgrd_scale_test.py::TestCaclmgrdScale::test_caclmgrd_scale_0_SCALE_SESSION_TEST <- ../../../usr/local/lib/python3.13/dist-packages/pyfakefs/fake_filesystem_unittest.py FAILED [  7%]
tests/caclmgrd/caclmgrd_soc_rules_test.py::TestCaclmgrdSoc::test_caclmgrd_soc_0_SOC_SESSION_TEST <- ../../../usr/lib/python3.13/unittest/mock.py PASSED [  7%]
tests/caclmgrd/caclmgrd_soc_rules_test.py::TestCaclmgrdSoc::test_caclmgrd_soc_ip_string_0_SOC_SESSION_TEST <- ../../../usr/lib/python3.13/unittest/mock.py PASSED [  7%]
tests/caclmgrd/caclmgrd_soc_rules_test.py::TestCaclmgrdSoc::test_caclmgrd_soc_no_ips_0_SOC_SESSION_TEST <- ../../../usr/lib/python3.13/unittest/mock.py PASSED [  7%]
tests/caclmgrd/caclmgrd_soc_rules_test.py::TestCaclmgrdSoc::test_get_ipv4_networks_from_interface_table PASSED [  7%]
tests/caclmgrd/caclmgrd_test.py::TestCaclmgrd::test_get_chain_list PASSED [  8%]
tests/caclmgrd/caclmgrd_test.py::TestCaclmgrd::test_run PASSED           [  8%]
tests/caclmgrd/caclmgrd_test.py::TestCaclmgrd::test_run_commands_pipe PASSED [  8%]
tests/caclmgrd/caclmgrd_test.py::TestCaclmgrd::test_run_exception PASSED [  8%]
tests/caclmgrd/caclmgrd_test.py::TestCaclmgrd::test_update_control_plane_acls_exception PASSED [  8%]
tests/caclmgrd/caclmgrd_vxlan_test.py::TestCaclmgrdVxlan::test_caclmgrd_vxlan_0_VXLAN_TUNNEL_TEST_V4 <- ../../../usr/local/lib/python3.13/dist-packages/pyfakefs/fake_filesystem_unittest.py FAILED [  8%]
tests/caclmgrd/caclmgrd_vxlan_test.py::TestCaclmgrdVxlan::test_caclmgrd_vxlan_1_VXLAN_TUNNEL_TEST_V6 <- ../../../usr/local/lib/python3.13/dist-packages/pyfakefs/fake_filesystem_unittest.py FAILED [  8%]
tests/console_monitor/console_monitor_test.py::TestDCEService::test_dce_check_feature_enabled_when_disabled PASSED [  9%]
tests/console_monitor/console_monitor_test.py::TestDCEService::test_dce_check_feature_enabled_when_enabled PASSED [  9%]
tests/console_monitor/console_monitor_test.py::TestDCEService::test_dce_console_port_handler_triggers_sync PASSED [  9%]
tests/console_monitor/console_monitor_test.py::TestDCEService::test_dce_console_switch_handler_triggers_sync PASSED [  9%]
tests/console_monitor/console_monitor_test.py::TestDCEService::test_dce_get_all_configs_parses_correctly PASSED [  9%]
tests/console_monitor/console_monitor_test.py::TestDCEService::test_dce_receive_one_frame_splitted_in_two_reads PASSED [  9%]
tests/console_monitor/console_monitor_test.py::TestDCEService::test_dce_service_initialization PASSED [ 10%]
tests/console_monitor/console_monitor_test.py::TestDCEService::test_dce_sync_starts_no_services_when_disabled PASSED [ 10%]
tests/console_monitor/console_monitor_test.py::TestDCEService::test_dce_sync_starts_services_when_enabled PASSED [ 10%]
tests/console_monitor/console_monitor_test.py::TestDCEService::test_dce_sync_stops_services_when_port_deleted PASSED [ 10%]
tests/console_monitor/console_monitor_test.py::TestFrameProtocol::test_crc16_modbus PASSED [ 10%]
tests/console_monitor/console_monitor_test.py::TestFrameProtocol::test_escape_data_escapes_special_chars PASSED [ 10%]
tests/console_monitor/console_monitor_test.py::TestFrameProtocol::test_frame_build_creates_valid_frame PASSED [ 11%]
tests/console_monitor/console_monitor_test.py::TestFrameProtocol::test_frame_parse_rejects_bad_crc PASSED [ 11%]
tests/console_monitor/console_monitor_test.py::TestFrameProtocol::test_frame_parse_roundtrip PASSED [ 11%]
tests/console_monitor/console_monitor_test.py::TestFrameProtocol::test_unescape_data_restores_original PASSED [ 11%]
tests/console_monitor/console_monitor_test.py::TestFrameFilter::test_frame_filter_detects_heartbeat PASSED [ 11%]
tests/console_monitor/console_monitor_test.py::TestFrameFilter::test_frame_filter_passes_user_data PASSED [ 11%]
tests/console_monitor/console_monitor_test.py::TestFrameFilter::test_frame_filter_separates_frame_and_data PASSED [ 11%]
tests/console_monitor/console_monitor_test.py::TestDTEService::test_dte_check_enabled_returns_false PASSED [ 12%]
tests/console_monitor/console_monitor_test.py::TestDTEService::test_dte_check_enabled_returns_false_when_missing PASSED [ 12%]
tests/console_monitor/console_monitor_test.py::TestDTEService::test_dte_check_enabled_returns_true PASSED [ 12%]
tests/console_monitor/console_monitor_test.py::TestDTEService::test_dte_console_switch_handler_toggles_heartbeat PASSED [ 12%]
tests/console_monitor/console_monitor_test.py::TestDTEService::test_dte_heartbeat_frame_sequence_increments PASSED [ 12%]
tests/console_monitor/console_monitor_test.py::TestDTEService::test_dte_heartbeat_sequence_wraps_at_256 PASSED [ 12%]
tests/console_monitor/console_monitor_test.py::TestDTEService::test_dte_no_heartbeat_when_disabled PASSED [ 13%]
tests/console_monitor/console_monitor_test.py::TestDTEService::test_dte_service_initialization PASSED [ 13%]
tests/console_monitor/console_monitor_test.py::TestDTEService::test_dte_start_heartbeat_when_enabled PASSED [ 13%]
tests/console_monitor/console_monitor_test.py::TestDTEService::test_dte_stop_heartbeat_when_disabled PASSED [ 13%]
tests/console_monitor/console_monitor_test.py::TestDTEUtilityFunctions::test_parse_proc_cmdline_multiple_console PASSED [ 13%]
tests/console_monitor/console_monitor_test.py::TestDTEUtilityFunctions::test_parse_proc_cmdline_no_baud_uses_default PASSED [ 13%]
tests/console_monitor/console_monitor_test.py::TestDTEUtilityFunctions::test_parse_proc_cmdline_no_console_raises_error PASSED [ 13%]
tests/console_monitor/console_monitor_test.py::TestDTEUtilityFunctions::test_parse_proc_cmdline_single_console PASSED [ 14%]
tests/console_monitor/console_monitor_test.py::TestDCEIntegration::test_dce_full_initialization_flow PASSED [ 14%]
tests/console_monitor/console_monitor_test.py::TestDCEIntegration::test_dce_service_creation_0_DCE_3_Links_Enabled PASSED [ 14%]
tests/console_monitor/console_monitor_test.py::TestDCEIntegration::test_dce_service_creation_1_DCE_Feature_Disabled PASSED [ 14%]
tests/console_monitor/console_monitor_test.py::TestDCEIntegration::test_dce_service_creation_2_DCE_No_Ports PASSED [ 14%]
tests/console_monitor/console_monitor_test.py::TestProxyService::test_proxy_service_calculate_filter_timeout PASSED [ 14%]
tests/console_monitor/console_monitor_test.py::TestProxyService::test_proxy_service_initialization PASSED [ 15%]
tests/console_monitor/console_monitor_test.py::TestProxyService::test_proxy_service_stop_without_start PASSED [ 15%]
tests/console_monitor/console_monitor_test.py::TestFrameFilterComprehensive::test_frame_filter_buffer_overflow_flushes_user_data PASSED [ 15%]
tests/console_monitor/console_monitor_test.py::TestFrameFilterComprehensive::test_frame_filter_flush_clears_escape_state PASSED [ 15%]
tests/console_monitor/console_monitor_test.py::TestFrameFilterComprehensive::test_frame_filter_flush_returns_buffer PASSED [ 15%]
tests/console_monitor/console_monitor_test.py::TestFrameFilterComprehensive::test_frame_filter_handles_dle_escape_sequence PASSED [ 15%]
tests/console_monitor/console_monitor_test.py::TestFrameFilterComprehensive::test_frame_filter_has_pending_data PASSED [ 15%]
tests/console_monitor/console_monitor_test.py::TestFrameFilterComprehensive::test_frame_filter_in_frame_property PASSED [ 16%]
tests/console_monitor/console_monitor_test.py::TestFrameFilterComprehensive::test_frame_filter_mixed_user_data_and_frames PASSED [ 16%]
tests/console_monitor/console_monitor_test.py::TestFrameFilterComprehensive::test_frame_filter_multiple_frames_in_one_buffer PASSED [ 16%]
tests/console_monitor/console_monitor_test.py::TestFrameFilterComprehensive::test_frame_filter_timeout_discards_incomplete_frame PASSED [ 16%]
tests/console_monitor/console_monitor_test.py::TestFrameFilterComprehensive::test_frame_filter_timeout_flushes_user_data_outside_frame PASSED [ 16%]
tests/console_monitor/console_monitor_test.py::TestUtilityFunctions::test_configure_pty PASSED [ 16%]
tests/console_monitor/console_monitor_test.py::TestUtilityFunctions::test_configure_serial_with_different_bauds PASSED [ 17%]
tests/console_monitor/console_monitor_test.py::TestUtilityFunctions::test_configure_serial_with_pty PASSED [ 17%]
tests/console_monitor/console_monitor_test.py::TestUtilityFunctions::test_crc16_modbus PASSED [ 17%]
tests/console_monitor/console_monitor_test.py::TestUtilityFunctions::test_escape_data PASSED [ 17%]
tests/console_monitor/console_monitor_test.py::TestUtilityFunctions::test_escape_unescape_roundtrip PASSED [ 17%]
tests/console_monitor/console_monitor_test.py::TestUtilityFunctions::test_get_udev_prefix_default PASSED [ 17%]
tests/console_monitor/console_monitor_test.py::TestUtilityFunctions::test_set_nonblocking PASSED [ 17%]
tests/console_monitor/console_monitor_test.py::TestUtilityFunctions::test_unescape_data PASSED [ 18%]
tests/console_monitor/console_monitor_test.py::TestProxyServiceRuntime::test_proxy_service_check_heartbeat_timeout PASSED [ 18%]
tests/console_monitor/console_monitor_test.py::TestProxyServiceRuntime::test_proxy_service_check_heartbeat_timeout_with_data_activity PASSED [ 18%]
tests/console_monitor/console_monitor_test.py::TestProxyServiceRuntime::test_proxy_service_cleanup_state PASSED [ 18%]
tests/console_monitor/console_monitor_test.py::TestProxyServiceRuntime::test_proxy_service_on_frame_received_heartbeat PASSED [ 18%]
tests/console_monitor/console_monitor_test.py::TestProxyServiceRuntime::test_proxy_service_on_user_data_received PASSED [ 18%]
tests/console_monitor/console_monitor_test.py::TestProxyServiceRuntime::test_proxy_service_run_loop_processes_split_frame PASSED [ 19%]
tests/console_monitor/console_monitor_test.py::TestProxyServiceRuntime::test_proxy_service_update_state PASSED [ 19%]
tests/console_monitor/console_monitor_test.py::TestProxyServiceRuntime::test_proxy_service_update_state_only_on_change PASSED [ 19%]
tests/console_monitor/console_monitor_test.py::TestFrameProtocolExtended::test_frame_build_produces_framed_output PASSED [ 19%]
tests/console_monitor/console_monitor_test.py::TestFrameProtocolExtended::test_frame_crc_validation PASSED [ 19%]
tests/console_monitor/console_monitor_test.py::TestFrameProtocolExtended::test_frame_create_heartbeat_builds_valid_frame PASSED [ 19%]
tests/console_monitor/console_monitor_test.py::TestFrameProtocolExtended::test_frame_is_heartbeat_returns_false_for_other_types PASSED [ 20%]
tests/console_monitor/console_monitor_test.py::TestFrameProtocolExtended::test_frame_is_heartbeat_returns_true_for_heartbeat PASSED [ 20%]
tests/console_monitor/console_monitor_test.py::TestFrameProtocolExtended::test_frame_parse_roundtrip PASSED [ 20%]
tests/console_monitor/console_monitor_test.py::TestFrameProtocolExtended::test_frame_sequence_full_range PASSED [ 20%]
tests/console_monitor/console_monitor_test.py::TestDCEServiceExtended::test_dce_console_port_handler_triggers_sync PASSED [ 20%]
tests/console_monitor/console_monitor_test.py::TestDCEServiceExtended::test_dce_console_switch_handler_triggers_sync PASSED [ 20%]
tests/console_monitor/console_monitor_test.py::TestDCEServiceExtended::test_dce_get_all_configs_parses_correctly PASSED [ 20%]
tests/console_monitor/console_monitor_test.py::TestDCEServiceExtended::test_dce_stop_stops_all_links PASSED [ 21%]
tests/console_monitor/console_monitor_test.py::TestDCEServiceExtended::test_dce_sync_adds_new_link PASSED [ 21%]
tests/console_monitor/console_monitor_test.py::TestDCEServiceExtended::test_dce_sync_removes_link_when_port_deleted PASSED [ 21%]
tests/console_monitor/console_monitor_test.py::TestDCEServiceExtended::test_dce_sync_restarts_link_on_baud_change PASSED [ 21%]
tests/console_monitor/console_monitor_test.py::TestDTEServiceExtended::test_dte_send_heartbeat_increments_seq PASSED [ 21%]
tests/console_monitor/console_monitor_test.py::TestDTEServiceExtended::test_dte_send_heartbeat_skips_invalid_fd PASSED [ 21%]
tests/console_monitor/console_monitor_test.py::TestDTEServiceExtended::test_dte_send_heartbeat_wraps_seq PASSED [ 22%]
tests/console_monitor/console_monitor_test.py::TestDTEServiceExtended::test_dte_start_heartbeat_is_idempotent PASSED [ 22%]
tests/console_monitor/console_monitor_test.py::TestDTEServiceExtended::test_dte_stop_closes_serial_fd PASSED [ 22%]
tests/console_monitor/console_monitor_test.py::TestDTEServiceExtended::test_dte_stop_heartbeat_sets_stop_event PASSED [ 22%]
tests/console_monitor/console_monitor_test.py::TestMainEntryPoint::test_main_rejects_unknown_mode PASSED [ 22%]
tests/console_monitor/console_monitor_test.py::TestMainEntryPoint::test_main_shows_usage_without_args PASSED [ 22%]
tests/console_monitor/console_monitor_test.py::TestMainEntryPoint::test_run_dce_calls_service_methods PASSED [ 22%]
tests/console_monitor/console_monitor_test.py::TestMainEntryPoint::test_run_dce_returns_error_on_start_failure PASSED [ 23%]
tests/console_monitor/console_monitor_test.py::TestMainEntryPoint::test_run_dte_falls_back_to_proc_cmdline PASSED [ 23%]
tests/console_monitor/console_monitor_test.py::TestMainEntryPoint::test_run_dte_returns_error_on_parse_failure PASSED [ 23%]
tests/console_monitor/console_monitor_test.py::TestMainEntryPoint::test_run_dte_with_cmdline_args PASSED [ 23%]
tests/console_monitor/console_monitor_test.py::TestDCEServiceStartStop::test_dce_register_callbacks_subscribes_to_tables PASSED [ 23%]
tests/console_monitor/console_monitor_test.py::TestDCEServiceStartStop::test_dce_run_calls_listen PASSED [ 23%]
tests/console_monitor/console_monitor_test.py::TestDCEServiceStartStop::test_dce_start_connects_to_databases PASSED [ 24%]
tests/console_monitor/console_monitor_test.py::TestDTEServiceStartStop::test_dte_heartbeat_loop_sends_heartbeats PASSED [ 24%]
tests/console_monitor/console_monitor_test.py::TestDTEServiceStartStop::test_dte_register_callbacks_subscribes_to_console_switch PASSED [ 24%]
tests/console_monitor/console_monitor_test.py::TestDTEServiceStartStop::test_dte_run_calls_listen PASSED [ 24%]
tests/console_monitor/console_monitor_test.py::TestDTEServiceStartStop::test_dte_start_opens_serial_port PASSED [ 24%]
tests/console_monitor/console_monitor_test.py::TestProxyServiceStart::test_proxy_service_get_udev_prefix PASSED [ 24%]
tests/console_monitor/console_monitor_test.py::TestProxyServiceStart::test_proxy_service_stop_sets_running_false PASSED [ 24%]
tests/console_monitor/console_monitor_test.py::TestGetUdevPrefix::test_get_udev_prefix_reads_config_file PASSED [ 25%]
tests/console_monitor/console_monitor_test.py::TestGetUdevPrefix::test_get_udev_prefix_returns_default_on_import_error PASSED [ 25%]
tests/console_monitor/console_monitor_test.py::TestFrameParseEdgeCases::test_frame_parse_content_too_short_returns_none PASSED [ 25%]
tests/console_monitor/console_monitor_test.py::TestFrameParseEdgeCases::test_frame_parse_empty_returns_none PASSED [ 25%]
tests/console_monitor/console_monitor_test.py::TestFrameParseEdgeCases::test_frame_parse_too_short_returns_none PASSED [ 25%]
tests/console_monitor/console_monitor_test.py::TestFrameParseEdgeCases::test_frame_parse_with_payload PASSED [ 25%]
tests/console_monitor/console_monitor_test.py::TestPTYBridgeFunction::test_run_pty_bridge_builds_correct_paths PASSED [ 26%]
tests/console_monitor/console_monitor_test.py::TestPTYBridgeFunction::test_run_pty_bridge_exec_failure PASSED [ 26%]
tests/console_monitor/console_monitor_test.py::TestProxyServicePhases::test_proxy_cleanup_closes_fds PASSED [ 26%]
tests/console_monitor/console_monitor_test.py::TestProxyServicePhases::test_proxy_cleanup_flushes_remaining_data PASSED [ 26%]
tests/console_monitor/console_monitor_test.py::TestProxyServicePhases::test_proxy_initialize_failure PASSED [ 26%]
tests/console_monitor/console_monitor_test.py::TestProxyServicePhases::test_proxy_initialize_success PASSED [ 26%]
tests/console_monitor/console_monitor_test.py::TestProxyServicePhases::test_proxy_on_frame_received_unknown_type PASSED [ 26%]
tests/console_monitor/console_monitor_test.py::TestProxyServicePhases::test_proxy_on_ptm_read PASSED [ 27%]
tests/console_monitor/console_monitor_test.py::TestProxyServicePhases::test_proxy_on_ptm_read_handles_blocking_error PASSED [ 27%]
tests/console_monitor/console_monitor_test.py::TestProxyServicePhases::test_proxy_on_serial_read PASSED [ 27%]
tests/console_monitor/console_monitor_test.py::TestProxyServicePhases::test_proxy_on_serial_read_handles_blocking_error PASSED [ 27%]
tests/console_monitor/console_monitor_test.py::TestProxyServicePhases::test_proxy_run_returns_failure_when_config_fails PASSED [ 27%]
tests/console_monitor/console_monitor_test.py::TestProxyServicePhases::test_proxy_run_returns_success_after_phases PASSED [ 27%]
tests/console_monitor/console_monitor_test.py::TestProxyServicePhases::test_proxy_wait_for_config_stops_when_not_running PASSED [ 28%]
tests/console_monitor/console_monitor_test.py::TestProxyServicePhases::test_proxy_wait_for_config_success PASSED [ 28%]
tests/console_monitor/console_monitor_test.py::TestProxyServicePhases::test_proxy_wait_for_device_stops_when_not_running PASSED [ 28%]
tests/console_monitor/console_monitor_test.py::TestProxyServicePhases::test_proxy_wait_for_device_success PASSED [ 28%]
tests/console_monitor/console_monitor_test.py::TestProxyServicePhases::test_proxy_wait_for_ptm_stops_when_not_running PASSED [ 28%]
tests/console_monitor/console_monitor_test.py::TestProxyServicePhases::test_proxy_wait_for_ptm_success PASSED [ 28%]
tests/console_monitor/console_monitor_test.py::TestDCEServiceSystemctl::test_dce_check_feature_enabled_handles_exception PASSED [ 28%]
tests/console_monitor/console_monitor_test.py::TestDCEServiceSystemctl::test_dce_get_all_configs_handles_exception PASSED [ 29%]
tests/console_monitor/console_monitor_test.py::TestDCEServiceSystemctl::test_dce_start_failure PASSED [ 29%]
tests/console_monitor/console_monitor_test.py::TestDCEServiceSystemctl::test_dce_start_link_fails_when_proxy_fails PASSED [ 29%]
tests/console_monitor/console_monitor_test.py::TestDCEServiceSystemctl::test_dce_start_link_fails_when_pty_bridge_fails PASSED [ 29%]
tests/console_monitor/console_monitor_test.py::TestDCEServiceSystemctl::test_dce_start_proxy_timeout PASSED [ 29%]
tests/console_monitor/console_monitor_test.py::TestDCEServiceSystemctl::test_dce_start_pty_bridge_exception PASSED [ 29%]
tests/console_monitor/console_monitor_test.py::TestDCEServiceSystemctl::test_dce_start_pty_bridge_timeout PASSED [ 30%]
tests/console_monitor/console_monitor_test.py::TestDCEServiceSystemctl::test_dce_stop_proxy_timeout PASSED [ 30%]
tests/console_monitor/console_monitor_test.py::TestDCEServiceSystemctl::test_dce_stop_pty_bridge_timeout PASSED [ 30%]
tests/console_monitor/console_monitor_test.py::TestDTEServiceExtendedCoverage::test_dte_check_enabled_handles_exception PASSED [ 30%]
tests/console_monitor/console_monitor_test.py::TestDTEServiceExtendedCoverage::test_dte_console_switch_handler_no_change PASSED [ 30%]
tests/console_monitor/console_monitor_test.py::TestDTEServiceExtendedCoverage::test_dte_send_heartbeat_write_failure PASSED [ 30%]
tests/console_monitor/console_monitor_test.py::TestDTEServiceExtendedCoverage::test_dte_start_failure PASSED [ 31%]
tests/console_monitor/console_monitor_test.py::TestRunProxyFunction::test_run_proxy_calls_service_run PASSED [ 31%]
tests/console_monitor/console_monitor_test.py::TestRunProxyFunction::test_run_proxy_handles_signal PASSED [ 31%]
tests/console_monitor/console_monitor_test.py::TestFrameFilterInternalMethods::test_frame_filter_discard_buffer_called_on_overflow_in_frame PASSED [ 31%]
tests/console_monitor/console_monitor_test.py::TestFrameFilterInternalMethods::test_frame_filter_sof_in_frame_restarts PASSED [ 31%]
tests/console_monitor/console_monitor_test.py::TestFrameFilterInternalMethods::test_frame_filter_try_parse_frame_empty_buffer PASSED [ 31%]
tests/console_monitor/console_monitor_test.py::TestMainWithSubcommands::test_main_dce_mode PASSED [ 31%]
tests/console_monitor/console_monitor_test.py::TestMainWithSubcommands::test_main_dte_mode PASSED [ 32%]
tests/console_monitor/console_monitor_test.py::TestMainWithSubcommands::test_main_proxy_mode PASSED [ 32%]
tests/console_monitor/console_monitor_test.py::TestMainWithSubcommands::test_main_pty_bridge_mode PASSED [ 32%]
tests/console_monitor/console_monitor_test.py::TestMainWithSubcommands::test_main_with_log_level PASSED [ 32%]
tests/console_monitor/console_monitor_test.py::TestCalculateFilterTimeout::test_calculate_filter_timeout_different_bauds PASSED [ 32%]
tests/console_monitor/console_monitor_test.py::TestCalculateFilterTimeout::test_calculate_filter_timeout_with_custom_multiplier PASSED [ 32%]
tests/console_monitor/console_monitor_test.py::TestParseProcCmdlineErrors::test_parse_proc_cmdline_file_read_error PASSED [ 33%]
tests/console_monitor/console_monitor_test.py::TestProxyServiceRunLoop::test_proxy_run_loop_filter_timeout PASSED [ 33%]
tests/console_monitor/console_monitor_test.py::TestProxyServiceRunLoop::test_proxy_run_loop_handles_exception PASSED [ 33%]
tests/console_monitor/console_monitor_test.py::TestProxyServiceRunLoop::test_proxy_run_loop_wakeup_pipe PASSED [ 33%]
tests/console_monitor/console_monitor_test.py::TestProxyServiceUserDataOSError::test_on_user_data_received_write_error PASSED [ 33%]
tests/console_monitor/console_monitor_test.py::TestDCEServiceSystemctlFailures::test_dce_start_proxy_exception PASSED [ 33%]
tests/console_monitor/console_monitor_test.py::TestDCEServiceSystemctlFailures::test_dce_start_proxy_failure PASSED [ 33%]
tests/console_monitor/console_monitor_test.py::TestDCEServiceSystemctlFailures::test_dce_start_pty_bridge_failure PASSED [ 34%]
tests/console_monitor/console_monitor_test.py::TestDCEServiceSystemctlFailures::test_dce_stop_proxy_exception PASSED [ 34%]
tests/console_monitor/console_monitor_test.py::TestDCEServiceSystemctlFailures::test_dce_stop_proxy_failure PASSED [ 34%]
tests/console_monitor/console_monitor_test.py::TestDCEServiceSystemctlFailures::test_dce_stop_pty_bridge_exception PASSED [ 34%]
tests/console_monitor/console_monitor_test.py::TestDCEServiceSystemctlFailures::test_dce_stop_pty_bridge_failure PASSED [ 34%]
tests/console_monitor/console_monitor_test.py::TestProxyServiceCleanupStateError::test_cleanup_state_handles_exception PASSED [ 34%]
tests/console_monitor/console_monitor_test.py::TestProxyServiceUpdateStateError::test_update_state_handles_exception PASSED [ 35%]
tests/console_monitor/console_monitor_test.py::TestGetUdevPrefixPaths::test_get_udev_prefix_empty_config PASSED [ 35%]
tests/console_monitor/console_monitor_test.py::TestProxyStopWithWakePipe::test_proxy_stop_handles_write_error PASSED [ 35%]
tests/console_monitor/console_monitor_test.py::TestProxyStopWithWakePipe::test_proxy_stop_wakes_select_loop PASSED [ 35%]
tests/debug_info_test.py::TestDebugArtifactCollector::test_run_command_success PASSED [ 35%]
tests/debug_info_test.py::TestDebugArtifactCollector::test_run_command_timeout PASSED [ 35%]
tests/debug_info_test.py::TestDebugArtifactCollector::test_get_device_metadata_failure PASSED [ 35%]
tests/debug_info_test.py::TestDebugArtifactCollector::test_get_device_metadata_success PASSED [ 36%]
tests/debug_info_test.py::TestDebugArtifactCollector::test_get_device_metadata_missing_fields PASSED [ 36%]
tests/debug_info_test.py::TestDebugArtifactCollector::test_collect_invalid_json PASSED [ 36%]
tests/debug_info_test.py::TestDebugArtifactCollector::test_collect_success PASSED [ 36%]
tests/debug_info_test.py::TestDebugArtifactCollector::test_collect_artifact_throw_exception PASSED [ 36%]
tests/debug_info_test.py::TestDebugArtifactCollector::test_check_always_ready PASSED [ 36%]
tests/debug_info_test.py::TestDebugArtifactCollector::test_ack_failure PASSED [ 37%]
tests/debug_info_test.py::TestDebugArtifactCollector::test_register PASSED [ 37%]
tests/debug_info_test.py::TestDebugArtifactCollector::test_collect_counter_artifacts_with_errors PASSED [ 37%]
tests/debug_info_test.py::TestDebugArtifactCollector::test_save_persistent_storage_flag_exists PASSED [ 37%]
tests/debug_info_test.py::TestDebugArtifactCollector::test_save_persistent_oserror_creating_flag PASSED [ 37%]
tests/debug_info_test.py::TestDebugArtifactCollector::test_save_persistent_path_not_exists PASSED [ 37%]
tests/debug_info_test.py::TestDebugArtifactCollector::test_save_persistent_not_enough_space PASSED [ 37%]
tests/debug_info_test.py::TestDebugArtifactCollector::test_save_persistent_storage_success PASSED [ 38%]
tests/debug_info_test.py::TestDebugArtifactCollector::test_collect_teamdctl_get_portchannels_fails PASSED [ 38%]
tests/debug_info_test.py::TestDebugArtifactCollector::test_collect_teamdctl_no_portchannels PASSED [ 38%]
tests/debug_info_test.py::TestDebugArtifactCollector::test_teamdctl_valid_portchannel_success PASSED [ 38%]
tests/debug_info_test.py::TestDebugArtifactCollector::test_teamdctl_valid_portchannel_failure PASSED [ 38%]
tests/debug_info_test.py::TestDebugArtifactCollector::test_teamdctl_file_write_failure PASSED [ 38%]
tests/determine-reboot-cause_test.py::TestDetermineRebootCause::test_parse_warmfast_reboot_from_proc_cmdline PASSED [ 39%]
tests/determine-reboot-cause_test.py::TestDetermineRebootCause::test_find_software_reboot_cause_user PASSED [ 39%]
tests/determine-reboot-cause_test.py::TestDetermineRebootCause::test_find_software_reboot_cause_first_boot PASSED [ 39%]
tests/determine-reboot-cause_test.py::TestDetermineRebootCause::test_find_software_reboot_cause PASSED [ 39%]
tests/determine-reboot-cause_test.py::TestDetermineRebootCause::test_find_proc_cmdline_reboot_cause PASSED [ 39%]
tests/determine-reboot-cause_test.py::TestDetermineRebootCause::test_find_hardware_reboot_cause PASSED [ 39%]
tests/determine-reboot-cause_test.py::TestDetermineRebootCause::test_find_hardware_reboot_cause_with_minor PASSED [ 40%]
tests/determine-reboot-cause_test.py::TestDetermineRebootCause::test_find_hardware_reboot_cause_not_installed_or_not_implemented PASSED [ 40%]
tests/determine-reboot-cause_test.py::TestDetermineRebootCause::test_get_reboot_cause_dict_watchdog PASSED [ 40%]
tests/determine-reboot-cause_test.py::TestDetermineRebootCause::test_get_reboot_cause_dict_user PASSED [ 40%]
tests/determine-reboot-cause_test.py::TestDetermineRebootCause::test_get_reboot_cause_dict_kernel_panic PASSED [ 40%]
tests/determine-reboot-cause_test.py::TestDetermineRebootCause::test_get_reboot_cause_dict_heartbeat_loss PASSED [ 40%]
tests/determine-reboot-cause_test.py::TestDetermineRebootCause::test_determine_reboot_cause_hardware PASSED [ 40%]
tests/determine-reboot-cause_test.py::TestDetermineRebootCause::test_determine_reboot_cause_software PASSED [ 41%]
tests/determine-reboot-cause_test.py::TestDetermineRebootCause::test_determine_reboot_cause_cmdline_software PASSED [ 41%]
tests/determine-reboot-cause_test.py::TestDetermineRebootCause::test_determine_reboot_cause_cmdline_no_software PASSED [ 41%]
tests/determine-reboot-cause_test.py::TestDetermineRebootCause::test_determine_reboot_cause_cmdline_hardware PASSED [ 41%]
tests/determine-reboot-cause_test.py::TestDetermineRebootCause::test_determine_reboot_cause_software_hardware PASSED [ 41%]
tests/determine-reboot-cause_test.py::TestDetermineRebootCause::test_determine_reboot_cause_software_heartbeatloss_hardware_other PASSED [ 41%]
tests/determine-reboot-cause_test.py::TestDetermineRebootCause::test_determine_reboot_cause_software_kernelpanic_hardware_other PASSED [ 42%]
tests/determine-reboot-cause_test.py::TestDetermineRebootCause::test_determine_reboot_cause_main_without_reboot_cause_dir FAILED [ 42%]
tests/determine-reboot-cause_test.py::TestDetermineRebootCause::test_determine_reboot_cause_main_with_reboot_cause_dir FAILED [ 42%]
tests/determine-reboot-cause_test.py::TestDetermineRebootCause::test_check_and_create_dpu_dirs PASSED [ 42%]
tests/determine-reboot-cause_test.py::TestDetermineRebootCause::test_reboot_cause_gen_time_is_utc PASSED [ 42%]
tests/featured/featured_test.py::TestFeatureHandler::test_enable_and_disable_feature_ExclusionList_skips_actions FAILED [ 42%]
tests/featured/featured_test.py::TestFeatureHandler::test_feature_config_parsing PASSED [ 42%]
tests/featured/featured_test.py::TestFeatureHandler::test_feature_config_parsing_defaults PASSED [ 43%]
tests/featured/featured_test.py::TestFeatureHandler::test_feature_resync FAILED [ 43%]
tests/featured/featured_test.py::TestFeatureHandler::test_handler_00_DualTorCase <- ../../../usr/local/lib/python3.13/dist-packages/pyfakefs/fake_filesystem_unittest.py FAILED [ 43%]
tests/featured/featured_test.py::TestFeatureHandler::test_handler_01_SingleToRCase <- ../../../usr/local/lib/python3.13/dist-packages/pyfakefs/fake_filesystem_unittest.py FAILED [ 43%]
tests/featured/featured_test.py::TestFeatureHandler::test_handler_02_T1Case <- ../../../usr/local/lib/python3.13/dist-packages/pyfakefs/fake_filesystem_unittest.py FAILED [ 43%]
tests/featured/featured_test.py::TestFeatureHandler::test_handler_03_SingleToRCase_DHCP_Relay_Enabled <- ../../../usr/local/lib/python3.13/dist-packages/pyfakefs/fake_filesystem_unittest.py FAILED [ 43%]
tests/featured/featured_test.py::TestFeatureHandler::test_handler_04_DualTorCaseWithNoSystemCalls <- ../../../usr/local/lib/python3.13/dist-packages/pyfakefs/fake_filesystem_unittest.py FAILED [ 44%]
tests/featured/featured_test.py::TestFeatureHandler::test_handler_05_Chassis_Supervisor_PACKET <- ../../../usr/local/lib/python3.13/dist-packages/pyfakefs/fake_filesystem_unittest.py FAILED [ 44%]
tests/featured/featured_test.py::TestFeatureHandler::test_handler_06_Chassis_Supervisor_VOQ <- ../../../usr/local/lib/python3.13/dist-packages/pyfakefs/fake_filesystem_unittest.py FAILED [ 44%]
tests/featured/featured_test.py::TestFeatureHandler::test_handler_07_Chassis_LineCard_VOQ <- ../../../usr/local/lib/python3.13/dist-packages/pyfakefs/fake_filesystem_unittest.py FAILED [ 44%]
tests/featured/featured_test.py::TestFeatureHandler::test_handler_08_Chassis_LineCard_Packet <- ../../../usr/local/lib/python3.13/dist-packages/pyfakefs/fake_filesystem_unittest.py FAILED [ 44%]
tests/featured/featured_test.py::TestFeatureHandler::test_handler_09_Chassis_Supervisor_PACKET_multinpu <- ../../../usr/local/lib/python3.13/dist-packages/pyfakefs/fake_filesystem_unittest.py FAILED [ 44%]
tests/featured/featured_test.py::TestFeatureHandler::test_handler_10_Chassis_LineCard_VOQ_multinpu <- ../../../usr/local/lib/python3.13/dist-packages/pyfakefs/fake_filesystem_unittest.py FAILED [ 44%]
tests/featured/featured_test.py::TestFeatureHandler::test_port_init_done_twice FAILED [ 45%]
tests/featured/featured_test.py::TestFeatureHandler::test_sync_feature_scope_conditional_write FAILED [ 45%]
tests/featured/featured_test.py::TestFeatureHandler::test_sync_feature_scope_namespace_dbs FAILED [ 45%]
tests/featured/featured_test.py::TestFeatureHandler::test_sync_state_field_00_DualTorCase <- ../../../usr/local/lib/python3.13/dist-packages/pyfakefs/fake_filesystem_unittest.py FAILED [ 45%]
tests/featured/featured_test.py::TestFeatureHandler::test_sync_state_field_01_SingleToRCase <- ../../../usr/local/lib/python3.13/dist-packages/pyfakefs/fake_filesystem_unittest.py FAILED [ 45%]
tests/featured/featured_test.py::TestFeatureHandler::test_sync_state_field_02_T1Case <- ../../../usr/local/lib/python3.13/dist-packages/pyfakefs/fake_filesystem_unittest.py FAILED [ 45%]
tests/featured/featured_test.py::TestFeatureHandler::test_sync_state_field_03_SingleToRCase_DHCP_Relay_Enabled <- ../../../usr/local/lib/python3.13/dist-packages/pyfakefs/fake_filesystem_unittest.py FAILED [ 46%]
tests/featured/featured_test.py::TestFeatureHandler::test_sync_state_field_04_DualTorCaseWithNoSystemCalls <- ../../../usr/local/lib/python3.13/dist-packages/pyfakefs/fake_filesystem_unittest.py FAILED [ 46%]
tests/featured/featured_test.py::TestFeatureHandler::test_sync_state_field_05_Chassis_Supervisor_PACKET <- ../../../usr/local/lib/python3.13/dist-packages/pyfakefs/fake_filesystem_unittest.py FAILED [ 46%]
tests/featured/featured_test.py::TestFeatureHandler::test_sync_state_field_06_Chassis_Supervisor_VOQ <- ../../../usr/local/lib/python3.13/dist-packages/pyfakefs/fake_filesystem_unittest.py FAILED [ 46%]
tests/featured/featured_test.py::TestFeatureHandler::test_sync_state_field_07_Chassis_LineCard_VOQ <- ../../../usr/local/lib/python3.13/dist-packages/pyfakefs/fake_filesystem_unittest.py FAILED [ 46%]
tests/featured/featured_test.py::TestFeatureHandler::test_sync_state_field_08_Chassis_LineCard_Packet <- ../../../usr/local/lib/python3.13/dist-packages/pyfakefs/fake_filesystem_unittest.py FAILED [ 46%]
tests/featured/featured_test.py::TestFeatureHandler::test_sync_state_field_09_Chassis_Supervisor_PACKET_multinpu <- ../../../usr/local/lib/python3.13/dist-packages/pyfakefs/fake_filesystem_unittest.py FAILED [ 46%]
tests/featured/featured_test.py::TestFeatureHandler::test_sync_state_field_10_Chassis_LineCard_VOQ_multinpu <- ../../../usr/local/lib/python3.13/dist-packages/pyfakefs/fake_filesystem_unittest.py FAILED [ 47%]
tests/featured/featured_test.py::TestHandlerDeregistration::test_handler_deregister_cleans_namespace_dbs FAILED [ 47%]
tests/featured/featured_test.py::TestResyncFeatureStateNamespace::test_namespace_concrete_user_state_preserved FAILED [ 47%]
tests/featured/featured_test.py::TestResyncFeatureStateNamespace::test_namespace_immutable_state_forced FAILED [ 47%]
tests/featured/featured_test.py::TestResyncFeatureStateNamespace::test_namespace_missing_state_repopulated FAILED [ 47%]
tests/featured/featured_test.py::TestResyncFeatureStateNamespace::test_namespace_template_rendered_when_host_matches FAILED [ 47%]
tests/featured/featured_test.py::TestResyncFeatureStateNamespace::test_namespace_valid_state_not_overwritten FAILED [ 48%]
tests/featured/featured_test.py::TestHandlerReregistration::test_deregister_then_register_restores_namespace_state FAILED [ 48%]
tests/featured/featured_test.py::TestFeatureDaemon::test_advanced_reboot FAILED [ 48%]
tests/featured/featured_test.py::TestFeatureDaemon::test_delayed_service FAILED [ 48%]
tests/featured/featured_test.py::TestFeatureDaemon::test_feature_events FAILED [ 48%]
tests/featured/featured_test.py::TestFeatureDaemon::test_portinit_timeout FAILED [ 48%]
tests/featured/featured_test.py::TestFeatureDaemon::test_systemctl_command_failure FAILED [ 48%]
tests/featured/featured_test.py::TestWaitForServiceStable::test_disable_feature_calls_wait_for_service_stable FAILED [ 49%]
tests/featured/featured_test.py::TestWaitForServiceStable::test_service_activating_timeout FAILED [ 49%]
tests/featured/featured_test.py::TestWaitForServiceStable::test_service_already_active FAILED [ 49%]
tests/featured/featured_test.py::TestWaitForServiceStable::test_service_failed FAILED [ 49%]
tests/featured/featured_test.py::TestWaitForServiceStable::test_service_inactive FAILED [ 49%]
tests/featured/featured_test.py::TestWaitForServiceStable::test_service_transitions_from_activating_to_active FAILED [ 49%]
tests/glome_test.py::TestGlome::test_push_config_checkpoint_copy PASSED  [ 50%]
tests/glome_test.py::TestGlome::test_push_config_checkpoint_noop PASSED  [ 50%]
tests/glome_test.py::TestGlome::test_push_config_checkpoint_remove PASSED [ 50%]
tests/glome_test.py::TestGlome::test_push_config_disabled_file_noop PASSED [ 50%]
tests/glome_test.py::TestGlome::test_push_config_disabled_file_removed PASSED [ 50%]
tests/glome_test.py::TestGlome::test_push_config_enabled PASSED          [ 50%]
tests/glome_test.py::TestGlome::test_push_config_error PASSED            [ 51%]
tests/glome_test.py::TestGlome::test_restore_checkpoint_copy PASSED      [ 51%]
tests/glome_test.py::TestGlome::test_restore_checkpoint_error PASSED     [ 51%]
tests/glome_test.py::TestGlome::test_restore_checkpoint_noop PASSED      [ 51%]
tests/glome_test.py::TestGlome::test_restore_checkpoint_remove PASSED    [ 51%]
tests/gnoi_reset_test.py::TestGnoiReset::test_zero_fill_unsupported PASSED [ 51%]
tests/gnoi_reset_test.py::TestGnoiReset::test_retain_certs_warning PASSED [ 51%]
tests/gnoi_reset_test.py::TestGnoiReset::test_invalid_json_format PASSED [ 52%]
tests/gnoi_reset_test.py::TestGnoiReset::test_valid_request_unimplemented PASSED [ 52%]
tests/gnoi_reset_test.py::TestGnoiReset::test_populate_reset_response_success PASSED [ 52%]
tests/gnoi_reset_test.py::TestGnoiReset::test_populate_reset_response_other_error PASSED [ 52%]
tests/gnoi_reset_test.py::TestGnoiReset::test_check_reboot_in_progress_true PASSED [ 52%]
tests/gnoi_reset_test.py::TestGnoiReset::test_check_reboot_in_progress_false PASSED [ 52%]
tests/gnoi_reset_test.py::TestGnoiReset::test_execute_reboot_success PASSED [ 53%]
tests/gnoi_reset_test.py::TestGnoiReset::test_execute_reboot_runtime_error PASSED [ 53%]
tests/gnoi_reset_test.py::TestGnoiReset::test_register PASSED            [ 53%]
tests/gnoi_shutdown_daemon_test.py::TestGnoiShutdownDaemon::test_execute_command_exception PASSED [ 53%]
tests/gnoi_shutdown_daemon_test.py::TestGnoiShutdownDaemon::test_execute_command_success PASSED [ 53%]
tests/gnoi_shutdown_daemon_test.py::TestGnoiShutdownDaemon::test_execute_command_timeout PASSED [ 53%]
tests/gnoi_shutdown_daemon_test.py::TestGnoiShutdownDaemon::test_get_dpu_gnmi_port_exception PASSED [ 53%]
tests/gnoi_shutdown_daemon_test.py::TestGnoiShutdownDaemon::test_get_dpu_gnmi_port_variants PASSED [ 54%]
tests/gnoi_shutdown_daemon_test.py::TestGnoiShutdownDaemon::test_get_dpu_ip_and_port PASSED [ 54%]
tests/gnoi_shutdown_daemon_test.py::TestGnoiShutdownDaemon::test_get_dpu_ip_empty_entry PASSED [ 54%]
tests/gnoi_shutdown_daemon_test.py::TestGnoiShutdownDaemon::test_get_dpu_ip_exception PASSED [ 54%]
tests/gnoi_shutdown_daemon_test.py::TestGnoiShutdownDaemon::test_get_dpu_ip_no_ips_field PASSED [ 54%]
tests/gnoi_shutdown_daemon_test.py::TestGnoiShutdownDaemon::test_get_dpu_ip_with_string_ips PASSED [ 54%]
tests/gnoi_shutdown_daemon_test.py::TestGnoiShutdownDaemon::test_get_halt_timeout_default PASSED [ 55%]
tests/gnoi_shutdown_daemon_test.py::TestGnoiShutdownDaemon::test_get_halt_timeout_exception PASSED [ 55%]
tests/gnoi_shutdown_daemon_test.py::TestGnoiShutdownDaemon::test_get_halt_timeout_from_platform_json PASSED [ 55%]
tests/gnoi_shutdown_daemon_test.py::TestGnoiShutdownDaemon::test_handle_transition_config_exception PASSED [ 55%]
tests/gnoi_shutdown_daemon_test.py::TestGnoiShutdownDaemon::test_handle_transition_dpu_already_offline PASSED [ 55%]
tests/gnoi_shutdown_daemon_test.py::TestGnoiShutdownDaemon::test_handle_transition_dpu_fault_proceeds PASSED [ 55%]
tests/gnoi_shutdown_daemon_test.py::TestGnoiShutdownDaemon::test_handle_transition_dpu_offline_clear_halt_failure PASSED [ 55%]
tests/gnoi_shutdown_daemon_test.py::TestGnoiShutdownDaemon::test_handle_transition_dpu_powered_down PASSED [ 56%]
tests/gnoi_shutdown_daemon_test.py::TestGnoiShutdownDaemon::test_handle_transition_gnoi_halt_timeout PASSED [ 56%]
tests/gnoi_shutdown_daemon_test.py::TestGnoiShutdownDaemon::test_handle_transition_ip_failure PASSED [ 56%]
tests/gnoi_shutdown_daemon_test.py::TestGnoiShutdownDaemon::test_handle_transition_oper_status_check_exception PASSED [ 56%]
tests/gnoi_shutdown_daemon_test.py::TestGnoiShutdownDaemon::test_handle_transition_success PASSED [ 56%]
tests/gnoi_shutdown_daemon_test.py::TestGnoiShutdownDaemon::test_main_loop_flow PASSED [ 56%]
tests/gnoi_shutdown_daemon_test.py::TestGnoiShutdownDaemon::test_main_loop_get_transition_exception PASSED [ 57%]
tests/gnoi_shutdown_daemon_test.py::TestGnoiShutdownDaemon::test_main_loop_no_dpu_name PASSED [ 57%]
tests/gnoi_shutdown_daemon_test.py::TestGnoiShutdownDaemon::test_poll_reboot_status_failure PASSED [ 57%]
tests/gnoi_shutdown_daemon_test.py::TestGnoiShutdownDaemon::test_send_reboot_command_failure PASSED [ 57%]
tests/gnoi_shutdown_daemon_test.py::TestGnoiShutdownDaemon::test_send_reboot_command_success PASSED [ 57%]
tests/gnoi_shutdown_daemon_test.py::TestGnoiShutdownDaemon::test_should_skip_gnoi_shutdown_bad_index PASSED [ 57%]
tests/gnoi_shutdown_daemon_test.py::TestGnoiShutdownDaemon::test_should_skip_gnoi_shutdown_fault PASSED [ 57%]
tests/gnoi_shutdown_daemon_test.py::TestGnoiShutdownDaemon::test_should_skip_gnoi_shutdown_no_module PASSED [ 58%]
tests/gnoi_shutdown_daemon_test.py::TestGnoiShutdownDaemon::test_should_skip_gnoi_shutdown_offline PASSED [ 58%]
tests/gnoi_shutdown_daemon_test.py::TestGnoiShutdownDaemon::test_should_skip_gnoi_shutdown_online PASSED [ 58%]
tests/gnoi_shutdown_daemon_test.py::TestGnoiShutdownDaemon::test_should_skip_gnoi_shutdown_powered_down PASSED [ 58%]
tests/gnoi_shutdown_daemon_test.py::TestGnoiShutdownDaemon::test_sonic_platform_import_mock PASSED [ 58%]
tests/gnsi_console_test.py::TestGnsiConsole::test_create_checkpoint_success PASSED [ 58%]
tests/gnsi_console_test.py::TestGnsiConsole::test_create_checkpoint_fail PASSED [ 59%]
tests/gnsi_console_test.py::TestGnsiConsole::test_restore_checkpoint_fail_checkpoint_not_present PASSED [ 59%]
tests/gnsi_console_test.py::TestGnsiConsole::test_restore_checkpoint_success PASSED [ 59%]
tests/gnsi_console_test.py::TestGnsiConsole::test_delete_checkpoint_success PASSED [ 59%]
tests/gnsi_console_test.py::TestGnsiConsole::test_delete_checkpoint_fail PASSED [ 59%]
tests/gnsi_console_test.py::TestGnsiConsole::test_get_hashed_password_success PASSED [ 59%]
tests/gnsi_console_test.py::TestGnsiConsole::test_get_hashed_password_fail PASSED [ 60%]
tests/gnsi_console_test.py::TestGnsiConsole::test_read_password_file_success PASSED [ 60%]
tests/gnsi_console_test.py::TestGnsiConsole::test_read_password_file_fail PASSED [ 60%]
tests/gnsi_console_test.py::TestGnsiConsole::test_update_password_if_user_found_success PASSED [ 60%]
tests/gnsi_console_test.py::TestGnsiConsole::test_update_password_if_user_found_fail PASSED [ 60%]
tests/gnsi_console_test.py::TestGnsiConsole::test_create_temp_passwd_file_success PASSED [ 60%]
tests/gnsi_console_test.py::TestGnsiConsole::test_create_temp_passwd_file_fail_file_does_not_exist_on_failure PASSED [ 60%]
tests/gnsi_console_test.py::TestGnsiConsole::test_create_temp_passwd_file_fail_file_removed_on_failure PASSED [ 61%]
tests/gnsi_console_test.py::TestGnsiConsole::test_create_temp_passwd_file_on_failure_file_remove_also_fail PASSED [ 61%]
tests/gnsi_console_test.py::TestGnsiConsole::test_update_password_file_success PASSED [ 61%]
tests/gnsi_console_test.py::TestGnsiConsole::test_update_password_file_fail_move_failed PASSED [ 61%]
tests/gnsi_console_test.py::TestGnsiConsole::test_update_password_file_fail_file_does_not_exist_on_failure PASSED [ 61%]
tests/gnsi_console_test.py::TestGnsiConsole::test_update_password_file_fail_file_removed_on_failure PASSED [ 61%]
tests/gnsi_console_test.py::TestGnsiConsole::test_update_password_file_fail_on_failure_file_remove_also_fail PASSED [ 62%]
tests/gnsi_console_test.py::TestGnsiConsole::test_set_fail_checkpoint_does_not_exist PASSED [ 62%]
tests/gnsi_console_test.py::TestGnsiConsole::test_set_fail_invalid_json PASSED [ 62%]
tests/gnsi_console_test.py::TestGnsiConsole::test_set_fail_key_not_present PASSED [ 62%]
tests/gnsi_console_test.py::TestGnsiConsole::test_set_read_password_failed PASSED [ 62%]
tests/gnsi_console_test.py::TestGnsiConsole::test_set_success PASSED     [ 62%]
tests/gnsi_console_test.py::TestGnsiConsole::test_set_fail_create_temp_password_file_fail PASSED [ 62%]
tests/gnsi_console_test.py::TestGnsiConsole::test_set_name_and_password_keys_not_present PASSED [ 63%]
tests/gnsi_console_test.py::TestGnsiConsole::test_set_name_hashed_password_fail_for_one_request PASSED [ 63%]
tests/gnsi_console_test.py::TestGnsiConsole::test_register PASSED        [ 63%]
tests/host_modules/config_test.py::TestConfigEngine::test_reload PASSED  [ 63%]
tests/host_modules/config_test.py::TestConfigEngine::test_save PASSED    [ 63%]
tests/host_modules/debug_service_test.py::TestDebugExecutor::test_run_and_stream_cancelled PASSED [ 63%]
tests/host_modules/debug_service_test.py::TestDebugExecutor::test_run_and_stream_failure PASSED [ 64%]
tests/host_modules/debug_service_test.py::TestDebugExecutor::test_run_and_stream_no_stderr PASSED [ 64%]
tests/host_modules/debug_service_test.py::TestDebugExecutor::test_run_and_stream_success PASSED [ 64%]
tests/host_modules/debug_service_test.py::TestDebugExecutor::test_run_command_exception PASSED [ 64%]
tests/host_modules/debug_service_test.py::TestDebugExecutor::test_run_command_submits_to_thread_pool PASSED [ 64%]
tests/host_modules/docker_service_test.py::TestDockerService::test_docker_stop_success PASSED [ 64%]
tests/host_modules/docker_service_test.py::TestDockerService::test_docker_stop_fail_disallowed PASSED [ 64%]
tests/host_modules/docker_service_test.py::TestDockerService::test_docker_stop_fail_not_exist PASSED [ 65%]
tests/host_modules/docker_service_test.py::TestDockerService::test_docker_stop_fail_api_error PASSED [ 65%]
tests/host_modules/docker_service_test.py::TestDockerService::test_docker_kill_success PASSED [ 65%]
tests/host_modules/docker_service_test.py::TestDockerService::test_docker_kill_fail_disallowed PASSED [ 65%]
tests/host_modules/docker_service_test.py::TestDockerService::test_docker_kill_fail_not_found PASSED [ 65%]
tests/host_modules/docker_service_test.py::TestDockerService::test_docker_kill_fail_api_error PASSED [ 65%]
tests/host_modules/docker_service_test.py::TestDockerService::test_docker_restart_success PASSED [ 66%]
tests/host_modules/docker_service_test.py::TestDockerService::test_docker_restart_fail_disallowed PASSED [ 66%]
tests/host_modules/docker_service_test.py::TestDockerService::test_docker_restart_fail_not_found PASSED [ 66%]
tests/host_modules/docker_service_test.py::TestDockerService::test_docker_restart_fail_api_error PASSED [ 66%]
tests/host_modules/docker_service_test.py::TestDockerService::test_docker_run_success PASSED [ 66%]
tests/host_modules/docker_service_test.py::TestDockerService::test_docker_run_fail_image_not_found PASSED [ 66%]
tests/host_modules/docker_service_test.py::TestDockerService::test_docker_run_fail_api_error PASSED [ 66%]
tests/host_modules/docker_service_test.py::TestDockerService::test_docker_run_fail_image_not_allowed PASSED [ 67%]
tests/host_modules/docker_service_test.py::TestDockerService::test_docker_run_fail_non_empty_command PASSED [ 67%]
tests/host_modules/docker_service_test.py::TestDockerService::test_docker_load_success PASSED [ 67%]
tests/host_modules/docker_service_test.py::TestDockerService::test_docker_load_file_not_found PASSED [ 67%]
tests/host_modules/docker_service_test.py::TestDockerService::test_docker_list_success PASSED [ 67%]
tests/host_modules/file_test.py::TestFileService::test_get_file_stat_valid PASSED [ 67%]
tests/host_modules/file_test.py::TestFileService::test_get_file_stat_invalid_path PASSED [ 68%]
tests/host_modules/file_test.py::TestFileService::test_get_file_stat_empty_path PASSED [ 68%]
tests/host_modules/file_test.py::TestFileService::test_download_sftp_success PASSED [ 68%]
tests/host_modules/file_test.py::TestFileService::test_download_sftp_failure PASSED [ 68%]
tests/host_modules/file_test.py::TestFileService::test_download_http_success PASSED [ 68%]
tests/host_modules/file_test.py::TestFileService::test_download_http_failure PASSED [ 68%]
tests/host_modules/file_test.py::TestFileService::test_download_scp_success PASSED [ 68%]
tests/host_modules/file_test.py::TestFileService::test_download_scp_failure PASSED [ 69%]
tests/host_modules/file_test.py::TestFileService::test_download_unsupported_protocol PASSED [ 69%]
tests/host_modules/file_test.py::TestFileService::test_remove_success PASSED [ 69%]
tests/host_modules/file_test.py::TestFileService::test_remove_file_not_found PASSED [ 69%]
tests/host_modules/file_test.py::TestFileService::test_remove_dir_not_world_writable PASSED [ 69%]
tests/host_modules/file_test.py::TestFileService::test_remove_dir_not_found PASSED [ 69%]
tests/host_modules/gcu_test.py::TestGCU::test_apply_patch_db PASSED      [ 70%]
tests/host_modules/gcu_test.py::TestGCU::test_apply_patch_yang PASSED    [ 70%]
tests/host_modules/gcu_test.py::TestGCU::test_replace_db PASSED          [ 70%]
tests/host_modules/gcu_test.py::TestGCU::test_replace_yang PASSED        [ 70%]
tests/host_modules/gcu_test.py::TestGCU::test_create_checkpoint PASSED   [ 70%]
tests/host_modules/gcu_test.py::TestGCU::test_delete_checkpoint PASSED   [ 70%]
tests/host_modules/image_service_test.py::TestImageService::test_download_success PASSED [ 71%]
tests/host_modules/image_service_test.py::TestImageService::test_download_fail_no_dir PASSED [ 71%]
tests/host_modules/image_service_test.py::TestImageService::test_download_fail_missing_other_write PASSED [ 71%]
tests/host_modules/image_service_test.py::TestImageService::test_download_failed_relative_path PASSED [ 71%]
tests/host_modules/image_service_test.py::TestImageService::test_download_failed_not_found PASSED [ 71%]
tests/host_modules/image_service_test.py::TestImageService::test_download_fail_write_io_exception PASSED [ 71%]
tests/host_modules/image_service_test.py::TestImageService::test_install_success PASSED [ 71%]
tests/host_modules/image_service_test.py::TestImageService::test_install_fail PASSED [ 72%]
tests/host_modules/image_service_test.py::TestImageService::test_checksum[sha256-916f0027a575074ce72a331777c3478d6513f786a591bd892da1a577bf2335f9] PASSED [ 72%]
tests/host_modules/image_service_test.py::TestImageService::test_checksum[sha512-0e1e21ecf105ec853d24d728867ad70613c21663a4693074b2a3619c1bd39d66b588c33723bb466c72424e80e3ca63c249078ab347bab9428500e7ee43059d0d] PASSED [ 72%]
tests/host_modules/image_service_test.py::TestImageService::test_checksum[md5-eb733a00c0c9d336e65691a37ab54293] PASSED [ 72%]
tests/host_modules/image_service_test.py::TestImageService::test_checksum_no_such_file PASSED [ 72%]
tests/host_modules/image_service_test.py::TestImageService::test_checksum_unsupported_algorithm PASSED [ 72%]
tests/host_modules/image_service_test.py::TestImageService::test_checksum_general_exception PASSED [ 73%]
tests/host_modules/image_service_test.py::TestImageService::test_list_images_success PASSED [ 73%]
tests/host_modules/image_service_test.py::TestImageService::test_list_images_success_lowercase_output PASSED [ 73%]
tests/host_modules/image_service_test.py::TestImageService::test_list_images_success_empty_image_output[Current: \nNext: next_image\nAvailable:\nimage1\nimage2\n--next_image-expected_available0] PASSED [ 73%]
tests/host_modules/image_service_test.py::TestImageService::test_list_images_success_empty_image_output[Current: current_image\nNext: \nAvailable:\nimage1\nimage2\n-current_image--expected_available1] PASSED [ 73%]
tests/host_modules/image_service_test.py::TestImageService::test_list_images_success_empty_image_output[Current: current_image\nNext: next_image\nAvailable:\n-current_image-next_image-expected_available2] PASSED [ 73%]
tests/host_modules/image_service_test.py::TestImageService::test_list_images_various_missing_lines[Next: next_image\nAvailable:\nimage1\nimage2\n--next_image-expected_available0] PASSED [ 73%]
tests/host_modules/image_service_test.py::TestImageService::test_list_images_various_missing_lines[Current: current_image\nAvailable:\nimage1\nimage2\n-current_image--expected_available1] PASSED [ 74%]
tests/host_modules/image_service_test.py::TestImageService::test_list_images_various_missing_lines[Current: current_image\nNext: next_image\n-current_image-next_image-expected_available2] PASSED [ 74%]
tests/host_modules/image_service_test.py::TestImageService::test_list_images_various_missing_lines[Available:\nimage1\nimage2\n---expected_available3] PASSED [ 74%]
tests/host_modules/image_service_test.py::TestImageService::test_list_images_various_missing_lines[Current: current_image\nNext: next_image\nAvailable:\n-current_image-next_image-expected_available4] PASSED [ 74%]
tests/host_modules/image_service_test.py::TestImageService::test_list_images_success_empty_available_images PASSED [ 74%]
tests/host_modules/image_service_test.py::TestImageService::test_list_images_failed PASSED [ 74%]
tests/host_modules/image_service_test.py::TestImageService::test_image_set_next_boot_success PASSED [ 75%]
tests/host_modules/image_service_test.py::TestImageService::test_image_set_next_boot_fail_not_exists PASSED [ 75%]
tests/host_modules/image_service_test.py::TestImageService::test_image_set_next_boot_fail_not_exists_generic_rc PASSED [ 75%]
tests/host_modules/image_service_test.py::TestImageService::test_gnoi_install_os_valid_json PASSED [ 75%]
tests/host_modules/image_service_test.py::TestImageService::test_gnoi_install_os_invalid_json PASSED [ 75%]
tests/host_modules/reboot_test.py::TestReboot::test_populate_reboot_status_flag PASSED [ 75%]
tests/host_modules/reboot_test.py::TestReboot::test_populate_reboot_status_flag_with_status PASSED [ 75%]
tests/host_modules/reboot_test.py::TestReboot::test_get_dpu_halt_services_timeout_value PASSED [ 76%]
tests/host_modules/reboot_test.py::TestReboot::test_get_dpu_halt_services_timeout_none PASSED [ 76%]
tests/host_modules/reboot_test.py::TestReboot::test_get_dpu_halt_services_timeout_exceptions[side_effect0] PASSED [ 76%]
tests/host_modules/reboot_test.py::TestReboot::test_get_dpu_halt_services_timeout_exceptions[side_effect1] PASSED [ 76%]
tests/host_modules/reboot_test.py::TestReboot::test_get_dpu_halt_services_timeout_exceptions[side_effect2] PASSED [ 76%]
tests/host_modules/reboot_test.py::TestReboot::test_get_dpu_halt_services_timeout_exceptions[side_effect3] PASSED [ 76%]
tests/host_modules/reboot_test.py::TestReboot::test_get_dpu_halt_services_timeout_exceptions[side_effect4] PASSED [ 77%]
tests/host_modules/reboot_test.py::TestReboot::test_validate_reboot_request_success_cold_boot_enum_method PASSED [ 77%]
tests/host_modules/reboot_test.py::TestReboot::test_validate_reboot_request_success_cold_boot_string_method PASSED [ 77%]
tests/host_modules/reboot_test.py::TestReboot::test_validate_reboot_request_success_halt_boot_enum_method PASSED [ 77%]
tests/host_modules/reboot_test.py::TestReboot::test_validate_reboot_request_success_halt_boot_string_method PASSED [ 77%]
tests/host_modules/reboot_test.py::TestReboot::test_validate_reboot_request_success_warm_enum_method PASSED [ 77%]
tests/host_modules/reboot_test.py::TestReboot::test_validate_reboot_request_success_WARM_enum_method PASSED [ 77%]
tests/host_modules/reboot_test.py::TestReboot::test_validate_reboot_request_fail_unknown_method PASSED [ 78%]
tests/host_modules/reboot_test.py::TestReboot::test_validate_reboot_request_fail_no_method PASSED [ 78%]
tests/host_modules/reboot_test.py::TestReboot::test_validate_reboot_request_fail_delayed_reboot PASSED [ 78%]
tests/host_modules/reboot_test.py::TestReboot::test_is_container_running_success PASSED [ 78%]
tests/host_modules/reboot_test.py::TestReboot::test_is_container_running_failure PASSED [ 78%]
tests/host_modules/reboot_test.py::TestReboot::test_is_container_running_exception PASSED [ 78%]
tests/host_modules/reboot_test.py::TestReboot::test_is_halt_command_running_success PASSED [ 79%]
tests/host_modules/reboot_test.py::TestReboot::test_is_halt_command_running_failure PASSED [ 79%]
tests/host_modules/reboot_test.py::TestReboot::test_is_halt_command_running_exception PASSED [ 79%]
tests/host_modules/reboot_test.py::TestReboot::test_execute_reboot_success PASSED [ 79%]
tests/host_modules/reboot_test.py::TestReboot::test_execute_reboot_fail_unknown_reboot PASSED [ 79%]
tests/host_modules/reboot_test.py::TestReboot::test_execute_reboot_fail_issue_reboot_command_cold_boot PASSED [ 79%]
tests/host_modules/reboot_test.py::TestReboot::test_execute_reboot_fail_issue_reboot_command_halt PASSED [ 80%]
tests/host_modules/reboot_test.py::TestReboot::test_get_dpu_halt_services_timeout_key_absent PASSED [ 80%]
tests/host_modules/reboot_test.py::TestReboot::test_execute_reboot_success_halt PASSED [ 80%]
tests/host_modules/reboot_test.py::TestReboot::test_execute_reboot_fail_halt_timeout PASSED [ 80%]
tests/host_modules/reboot_test.py::TestReboot::test_execute_reboot_fail_issue_reboot_command_warm PASSED [ 80%]
tests/host_modules/reboot_test.py::TestReboot::test_issue_reboot_success_cold_boot PASSED [ 80%]
tests/host_modules/reboot_test.py::TestReboot::test_issue_reboot_success_cold_no_message PASSED [ 80%]
tests/host_modules/reboot_test.py::TestReboot::test_issue_reboot_success_halt PASSED [ 81%]
tests/host_modules/reboot_test.py::TestReboot::test_issue_reboot_success_warm PASSED [ 81%]
tests/host_modules/reboot_test.py::TestReboot::test_issue_reboot_previous_reboot_ongoing PASSED [ 81%]
tests/host_modules/reboot_test.py::TestReboot::test_issue_reboot_bad_format_reboot_request PASSED [ 81%]
tests/host_modules/reboot_test.py::TestReboot::test_issue_reboot_invalid_reboot_request PASSED [ 81%]
tests/host_modules/reboot_test.py::TestReboot::test_issue_reboot_fail_issue_reboot_thread PASSED [ 81%]
tests/host_modules/reboot_test.py::TestReboot::test_get_reboot_status_active PASSED [ 82%]
tests/host_modules/reboot_test.py::TestReboot::test_get_reboot_status_inactive PASSED [ 82%]
tests/host_modules/reboot_test.py::TestReboot::test_register PASSED      [ 82%]
tests/host_modules/showtech_test.py::TestShowtech::test_info PASSED      [ 82%]
tests/host_modules/systemd_service_test.py::TestSystemdService::test_service_restart_valid PASSED [ 82%]
tests/host_modules/systemd_service_test.py::TestSystemdService::test_service_restart_invalid PASSED [ 82%]
tests/host_modules/systemd_service_test.py::TestSystemdService::test_service_restart_empty PASSED [ 82%]
tests/host_modules/systemd_service_test.py::TestSystemdService::test_service_stop_valid PASSED [ 83%]
tests/host_modules/systemd_service_test.py::TestSystemdService::test_service_stop_invalid PASSED [ 83%]
tests/host_modules/systemd_service_test.py::TestSystemdService::test_service_stop_empty PASSED [ 83%]
tests/hostcfgd/hostcfgd_fips_test.py::TestHostcfgdFIPS::test_hostcfgd_fips_disable FAILED [ 83%]
tests/hostcfgd/hostcfgd_fips_test.py::TestHostcfgdFIPS::test_hostcfgd_fips_enable FAILED [ 83%]
tests/hostcfgd/hostcfgd_fips_test.py::TestHostcfgdFIPS::test_hostcfgd_fips_enforce FAILED [ 83%]
tests/hostcfgd/hostcfgd_fips_test.py::TestHostcfgdFIPS::test_hostcfgd_fips_enforce_reconf FAILED [ 84%]
tests/hostcfgd/hostcfgd_ldap_test.py::TestHostcfgdLDAP::test_hostcfgd_ldap_0_LDAP PASSED [ 84%]
tests/hostcfgd/hostcfgd_logging_test.py::TestHostcfgLogging::test_rsyslog_handle_modified FAILED [ 84%]
tests/hostcfgd/hostcfgd_passwh_test.py::TestHostcfgdPASSWH::test_hostcfgd_passwh_0_PASSWORD_HARDENING PASSED [ 84%]
tests/hostcfgd/hostcfgd_passwh_test.py::TestHostcfgdPASSWH::test_hostcfgd_passwh_classes_0_PASSWORD_HARDENING PASSED [ 84%]
tests/hostcfgd/hostcfgd_passwh_test.py::TestHostcfgdPASSWH::test_hostcfgd_passwh_enable_0_PASSWORD_HARDENING PASSED [ 84%]
tests/hostcfgd/hostcfgd_radius_test.py::TestHostcfgdRADIUS::test_hostcfgd_radius_0_RADIUS PASSED [ 84%]
tests/hostcfgd/hostcfgd_radius_test.py::TestHostcfgdRADIUS::test_hostcfgd_radius_1_LOCAL PASSED [ 85%]
tests/hostcfgd/hostcfgd_rsyslog_test.py::TestHostcfgdRSyslog::test_rsyslog_handle_add_server FAILED [ 85%]
tests/hostcfgd/hostcfgd_rsyslog_test.py::TestHostcfgdRSyslog::test_rsyslog_handle_change_global FAILED [ 85%]
tests/hostcfgd/hostcfgd_rsyslog_test.py::TestHostcfgdRSyslog::test_rsyslog_handle_change_server FAILED [ 85%]
tests/hostcfgd/hostcfgd_rsyslog_test.py::TestHostcfgdRSyslog::test_rsyslog_handle_empty FAILED [ 85%]
tests/hostcfgd/hostcfgd_rsyslog_test.py::TestHostcfgdRSyslog::test_rsyslog_handle_the_same_config FAILED [ 85%]
tests/hostcfgd/hostcfgd_ssh_server_test.py::TestHostcfgdSSHServer::test_hostcfgd_sshs_all_0_SSH_SERVER PASSED [ 86%]
tests/hostcfgd/hostcfgd_ssh_server_test.py::TestHostcfgdSSHServer::test_hostcfgd_sshs_authentication_retries_0_SSH_SERVER PASSED [ 86%]
tests/hostcfgd/hostcfgd_ssh_server_test.py::TestHostcfgdSSHServer::test_hostcfgd_sshs_ciphers_0_SSH_SERVER PASSED [ 86%]
tests/hostcfgd/hostcfgd_ssh_server_test.py::TestHostcfgdSSHServer::test_hostcfgd_sshs_default_values_0_SSH_SERVER PASSED [ 86%]
tests/hostcfgd/hostcfgd_ssh_server_test.py::TestHostcfgdSSHServer::test_hostcfgd_sshs_kex_algorithms_0_SSH_SERVER PASSED [ 86%]
tests/hostcfgd/hostcfgd_ssh_server_test.py::TestHostcfgdSSHServer::test_hostcfgd_sshs_login_timeout_0_SSH_SERVER PASSED [ 86%]
tests/hostcfgd/hostcfgd_ssh_server_test.py::TestHostcfgdSSHServer::test_hostcfgd_sshs_macs_0_SSH_SERVER PASSED [ 86%]
tests/hostcfgd/hostcfgd_ssh_server_test.py::TestHostcfgdSSHServer::test_hostcfgd_sshs_password_authentication_0_SSH_SERVER PASSED [ 87%]
tests/hostcfgd/hostcfgd_ssh_server_test.py::TestHostcfgdSSHServer::test_hostcfgd_sshs_permit_root_login_0_SSH_SERVER PASSED [ 87%]
tests/hostcfgd/hostcfgd_ssh_server_test.py::TestHostcfgdSSHServer::test_hostcfgd_sshs_ports_0_SSH_SERVER PASSED [ 87%]
tests/hostcfgd/hostcfgd_tacacs_test.py::TestHostcfgdTACACS::test_hostcfgd_delete_config_table_0_TACACS PASSED [ 87%]
tests/hostcfgd/hostcfgd_tacacs_test.py::TestHostcfgdTACACS::test_hostcfgd_sshd_not_empty_0_TACACS PASSED [ 87%]
tests/hostcfgd/hostcfgd_tacacs_test.py::TestHostcfgdTACACS::test_hostcfgd_tacacs_0_TACACS PASSED [ 87%]
tests/hostcfgd/hostcfgd_test.py::TesNtpCfgd::test_loopback_update PASSED [ 88%]
tests/hostcfgd/hostcfgd_test.py::TesNtpCfgd::test_ntp_global_update_ntp_servers PASSED [ 88%]
tests/hostcfgd/hostcfgd_test.py::TesNtpCfgd::test_ntp_is_caching_config PASSED [ 88%]
tests/hostcfgd/hostcfgd_test.py::TesNtpCfgd::test_ntp_update_ntp_keys PASSED [ 88%]
tests/hostcfgd/hostcfgd_test.py::TestSerialConsoleCfgd::test_serial_console_is_caching_config PASSED [ 88%]
tests/hostcfgd/hostcfgd_test.py::TestSerialConsoleCfgd::test_serial_console_update_cfg PASSED [ 88%]
tests/hostcfgd/hostcfgd_test.py::TestHostcfgdDaemon::test_device_metadata_bmc_entry_does_not_trigger_hostname_update PASSED [ 88%]
tests/hostcfgd/hostcfgd_test.py::TestHostcfgdDaemon::test_devicemeta_event PASSED [ 89%]
tests/hostcfgd/hostcfgd_test.py::TestHostcfgdDaemon::test_dns_events PASSED [ 89%]
tests/hostcfgd/hostcfgd_test.py::TestHostcfgdDaemon::test_dns_options_events PASSED [ 89%]
tests/hostcfgd/hostcfgd_test.py::TestHostcfgdDaemon::test_kdump_event FAILED [ 89%]
tests/hostcfgd/hostcfgd_test.py::TestHostcfgdDaemon::test_kdump_event_with_proc_cmdline PASSED [ 89%]
tests/hostcfgd/hostcfgd_test.py::TestHostcfgdDaemon::test_kdump_load FAILED [ 89%]
tests/hostcfgd/hostcfgd_test.py::TestHostcfgdDaemon::test_loopback_events PASSED [ 90%]
tests/hostcfgd/hostcfgd_test.py::TestHostcfgdDaemon::test_mgmtiface_event PASSED [ 90%]
tests/hostcfgd/hostcfgd_test.py::TestHostcfgdDaemon::test_mgmtvrf_route_check_failed PASSED [ 90%]
tests/hostcfgd/hostcfgd_test.py::TestDnsHandler::test_dns_update PASSED  [ 90%]
tests/hostcfgd/hostcfgd_test.py::TestDnsHandler::test_load PASSED        [ 90%]
tests/hostcfgd/hostcfgd_test.py::TestBannerCfg::test_load PASSED         [ 90%]
tests/hostcfgd/hostcfgd_test.py::TestBannerCfg::test_banner_message PASSED [ 91%]
tests/hostcfgd/hostcfgd_test.py::TestMemoryStatisticsCfgd::test_apply_setting_exception PASSED [ 91%]
tests/hostcfgd/hostcfgd_test.py::TestMemoryStatisticsCfgd::test_apply_setting_with_enabled_false PASSED [ 91%]
tests/hostcfgd/hostcfgd_test.py::TestMemoryStatisticsCfgd::test_apply_setting_with_non_enabled_key PASSED [ 91%]
tests/hostcfgd/hostcfgd_test.py::TestMemoryStatisticsCfgd::test_get_memory_statistics_pid_exception PASSED [ 91%]
tests/hostcfgd/hostcfgd_test.py::TestMemoryStatisticsCfgd::test_get_memory_statistics_pid_file_not_found PASSED [ 91%]
tests/hostcfgd/hostcfgd_test.py::TestMemoryStatisticsCfgd::test_get_memory_statistics_pid_invalid_content PASSED [ 91%]
tests/hostcfgd/hostcfgd_test.py::TestMemoryStatisticsCfgd::test_get_memory_statistics_pid_nonexistent PASSED [ 92%]
tests/hostcfgd/hostcfgd_test.py::TestMemoryStatisticsCfgd::test_get_memory_statistics_pid_success PASSED [ 92%]
tests/hostcfgd/hostcfgd_test.py::TestMemoryStatisticsCfgd::test_get_memory_statistics_pid_wrong_process PASSED [ 92%]
tests/hostcfgd/hostcfgd_test.py::TestMemoryStatisticsCfgd::test_load_with_empty_config PASSED [ 92%]
tests/hostcfgd/hostcfgd_test.py::TestMemoryStatisticsCfgd::test_load_with_invalid_key PASSED [ 92%]
tests/hostcfgd/hostcfgd_test.py::TestMemoryStatisticsCfgd::test_memory_statistics_disable PASSED [ 92%]
tests/hostcfgd/hostcfgd_test.py::TestMemoryStatisticsCfgd::test_memory_statistics_disable_no_running_daemon PASSED [ 93%]
tests/hostcfgd/hostcfgd_test.py::TestMemoryStatisticsCfgd::test_memory_statistics_disable_with_shutdown PASSED [ 93%]
tests/hostcfgd/hostcfgd_test.py::TestMemoryStatisticsCfgd::test_memory_statistics_enable PASSED [ 93%]
tests/hostcfgd/hostcfgd_test.py::TestMemoryStatisticsCfgd::test_memory_statistics_handler_exception FAILED [ 93%]
tests/hostcfgd/hostcfgd_test.py::TestMemoryStatisticsCfgd::test_memory_statistics_update_exception_handling PASSED [ 93%]
tests/hostcfgd/hostcfgd_test.py::TestMemoryStatisticsCfgd::test_memory_statistics_update_invalid_key PASSED [ 93%]
tests/hostcfgd/hostcfgd_test.py::TestMemoryStatisticsCfgd::test_memory_statistics_update_invalid_numeric_value PASSED [ 93%]
tests/hostcfgd/hostcfgd_test.py::TestMemoryStatisticsCfgd::test_memory_statistics_update_same_value PASSED [ 94%]
tests/hostcfgd/hostcfgd_test.py::TestMemoryStatisticsCfgd::test_process_name_mismatch PASSED [ 94%]
tests/hostcfgd/hostcfgd_test.py::TestMemoryStatisticsCfgd::test_reload_memory_statistics_failure PASSED [ 94%]
tests/hostcfgd/hostcfgd_test.py::TestMemoryStatisticsCfgd::test_reload_memory_statistics_no_pid PASSED [ 94%]
tests/hostcfgd/hostcfgd_test.py::TestMemoryStatisticsCfgd::test_reload_memory_statistics_success PASSED [ 94%]
tests/hostcfgd/hostcfgd_test.py::TestMemoryStatisticsCfgd::test_restart_memory_statistics_failure PASSED [ 94%]
tests/hostcfgd/hostcfgd_test.py::TestMemoryStatisticsCfgd::test_restart_memory_statistics_success PASSED [ 95%]
tests/hostcfgd/hostcfgd_test.py::TestMemoryStatisticsCfgd::test_shutdown_memory_statistics_failure PASSED [ 95%]
tests/hostcfgd/hostcfgd_test.py::TestMemoryStatisticsCfgd::test_shutdown_memory_statistics_success PASSED [ 95%]
tests/hostcfgd/hostcfgd_test.py::TestMemoryStatisticsCfgd::test_wait_for_shutdown_general_exception PASSED [ 95%]
tests/hostcfgd/hostcfgd_test.py::TestMemoryStatisticsCfgd::test_wait_for_shutdown_no_process PASSED [ 95%]
tests/hostcfgd/hostcfgd_test.py::TestMemoryStatisticsCfgd::test_wait_for_shutdown_success PASSED [ 95%]
tests/hostcfgd/hostcfgd_test.py::TestMemoryStatisticsCfgd::test_wait_for_shutdown_timeout PASSED [ 95%]
tests/hostcfgd/hostcfgd_test.py::TestDeviceMetaCfgLoad::test_apply_timezone_empty_timezone PASSED [ 96%]
tests/hostcfgd/hostcfgd_test.py::TestDeviceMetaCfgLoad::test_apply_timezone_general_exception PASSED [ 96%]
tests/hostcfgd/hostcfgd_test.py::TestDeviceMetaCfgLoad::test_apply_timezone_no_change_needed PASSED [ 96%]
tests/hostcfgd/hostcfgd_test.py::TestDeviceMetaCfgLoad::test_apply_timezone_oserror_exception PASSED [ 96%]
tests/hostcfgd/hostcfgd_test.py::TestDeviceMetaCfgLoad::test_apply_timezone_subprocess_exception PASSED [ 96%]
tests/hostcfgd/hostcfgd_test.py::TestDeviceMetaCfgLoad::test_load_initial_timezone_different_from_current PASSED [ 96%]
tests/procdockerstatsd_test.py::TestProcDockerStatsDaemon::test_convert_to_bytes PASSED [ 97%]
tests/procdockerstatsd_test.py::TestProcDockerStatsDaemon::test_run_command PASSED [ 97%]
tests/procdockerstatsd_test.py::TestProcDockerStatsDaemon::test_update_processstats_command PASSED [ 97%]
tests/procdockerstatsd_test.py::TestProcDockerStatsDaemon::test_update_fipsstats_command PASSED [ 97%]
tests/procdockerstatsd_test.py::TestProcDockerStatsDaemon::test_update_processstats_handles_nosuchprocess PASSED [ 97%]
tests/procdockerstatsd_test.py::TestProcDockerStatsDaemon::test_datetime_utcnow_usage PASSED [ 97%]
tests/procdockerstatsd_test.py::TestProcDockerStatsDaemon::test_run_method_executes_with_utcnow PASSED [ 97%]
tests/process-reboot-cause_test.py::TestProcessRebootCause::test_invalid_json PASSED [ 98%]
tests/process-reboot-cause_test.py::TestProcessRebootCause::test_process_reboot_cause PASSED [ 98%]
tests/process-reboot-cause_test.py::TestProcessRebootCause::test_read_reboot_cause_files_and_save_to_db PASSED [ 98%]
tests/process-reboot-cause_test.py::TestProcessRebootCause::test_read_reboot_cause_files_name_not_in_data PASSED [ 98%]
tests/ssh_mgmt_test.py::TestSshMgmt::test_create_checkpoint PASSED       [ 98%]
tests/ssh_mgmt_test.py::TestSshMgmt::test_restore_checkpoint PASSED      [ 98%]
tests/ssh_mgmt_test.py::TestSshMgmt::test_delete_checkpoint PASSED       [ 99%]
tests/ssh_mgmt_test.py::TestSshMgmt::test_set PASSED                     [ 99%]
tests/ssh_mgmt_test.py::TestSshMgmt::test_set_ca_pub_key PASSED          [ 99%]
tests/ssh_mgmt_test.py::TestSshMgmt::test_set_account_keys PASSED        [ 99%]
tests/ssh_mgmt_test.py::TestSshMgmt::test_set_account_users PASSED       [ 99%]
tests/ssh_mgmt_test.py::TestSshMgmt::test_copy_files_failure PASSED      [ 99%]
tests/ssh_mgmt_test.py::TestSshMgmt::test_register PASSED                [100%]<unknown>:43: SyntaxWarning: invalid escape sequence '\/'
/sonic/src/sonic-host-services/host_modules/showtech.py:43: SyntaxWarning: invalid escape sequence '\/'
  output_file_match = re.search('\/var\/.*dump.*\.gz', result.stdout)
<unknown>:951: SyntaxWarning: invalid escape sequence '\P'
<unknown>:958: SyntaxWarning: invalid escape sequence '\P'
/sonic/src/sonic-host-services/scripts/hostcfgd:951: SyntaxWarning: invalid escape sequence '\P'
  modify_single_file_inplace(ETC_LOGIN_DEF, ["/^PASS_MAX_DAYS/c\PASS_MAX_DAYS " +str(curr_expiration)])
/sonic/src/sonic-host-services/scripts/hostcfgd:958: SyntaxWarning: invalid escape sequence '\P'
  modify_single_file_inplace(ETC_LOGIN_DEF, ["/^PASS_WARN_AGE/c\PASS_WARN_AGE " +str(curr_expiration_warning)])
<unknown>:43: SyntaxWarning: invalid escape sequence '\/'
/sonic/src/sonic-host-services/host_modules/showtech.py:43: SyntaxWarning: invalid escape sequence '\/'
  output_file_match = re.search('\/var\/.*dump.*\.gz', result.stdout)
<unknown>:951: SyntaxWarning: invalid escape sequence '\P'
<unknown>:958: SyntaxWarning: invalid escape sequence '\P'
/sonic/src/sonic-host-services/scripts/hostcfgd:951: SyntaxWarning: invalid escape sequence '\P'
  modify_single_file_inplace(ETC_LOGIN_DEF, ["/^PASS_MAX_DAYS/c\PASS_MAX_DAYS " +str(curr_expiration)])
/sonic/src/sonic-host-services/scripts/hostcfgd:958: SyntaxWarning: invalid escape sequence '\P'
  modify_single_file_inplace(ETC_LOGIN_DEF, ["/^PASS_WARN_AGE/c\PASS_WARN_AGE " +str(curr_expiration_warning)])
<unknown>:43: SyntaxWarning: invalid escape sequence '\/'
<unknown>:951: SyntaxWarning: invalid escape sequence '\P'
<unknown>:958: SyntaxWarning: invalid escape sequence '\P'
<unknown>:43: SyntaxWarning: invalid escape sequence '\/'
<unknown>:951: SyntaxWarning: invalid escape sequence '\P'
<unknown>:958: SyntaxWarning: invalid escape sequence '\P'
<unknown>:43: SyntaxWarning: invalid escape sequence '\/'
/sonic/src/sonic-host-services/host_modules/showtech.py:43: SyntaxWarning: invalid escape sequence '\/'
  output_file_match = re.search('\/var\/.*dump.*\.gz', result.stdout)
<unknown>:951: SyntaxWarning: invalid escape sequence '\P'
<unknown>:958: SyntaxWarning: invalid escape sequence '\P'
/sonic/src/sonic-host-services/scripts/hostcfgd:951: SyntaxWarning: invalid escape sequence '\P'
  modify_single_file_inplace(ETC_LOGIN_DEF, ["/^PASS_MAX_DAYS/c\PASS_MAX_DAYS " +str(curr_expiration)])
/sonic/src/sonic-host-services/scripts/hostcfgd:958: SyntaxWarning: invalid escape sequence '\P'
  modify_single_file_inplace(ETC_LOGIN_DEF, ["/^PASS_WARN_AGE/c\PASS_WARN_AGE " +str(curr_expiration_warning)])


=================================== FAILURES ===================================
_____________ TestCaclmgrdBfd.test_caclmgrd_bfd_0_BFD_SESSION_TEST _____________

a = (<tests.caclmgrd.caclmgrd_bfd_test.TestCaclmgrdBfd testMethod=test_caclmgrd_bfd_0_BFD_SESSION_TEST>,)
kw = {}

    @wraps(func)
    def standalone_func(*a, **kw):
>       return func(*(a + p.args), **p.kwargs, **kw)

/usr/lib/python3/dist-packages/parameterized/parameterized.py:620: 
_ _ _ _ _ _ _ _ _ _ _ _ _ _ _ _ _ _ _ _ _ _ _ _ _ _ _ _ _ _ _ _ _ _ _ _ _ _ _ _ 
/usr/local/lib/python3.13/dist-packages/pyfakefs/fake_filesystem_unittest.py:230: in wrapped
    return f(*args, **kwargs)
_ _ _ _ _ _ _ _ _ _ _ _ _ _ _ _ _ _ _ _ _ _ _ _ _ _ _ _ _ _ _ _ _ _ _ _ _ _ _ _ 

self = <tests.caclmgrd.caclmgrd_bfd_test.TestCaclmgrdBfd testMethod=test_caclmgrd_bfd_0_BFD_SESSION_TEST>
test_name = 'BFD_SESSION_TEST'
test_data = {'call_rc': 0, 'config_db': {'DEVICE_METADATA': {'localhost': {'subtype': 'DualToR', 'type': 'ToRRouter'}}, 'FEATURE':... call(['ip6tables', '-A', 'INPUT', '-d', '2001:db8:10::/128', '-j', 'DROP'], universal_newlines=True, stdout=-1)], ...}
fs = <pyfakefs.fake_filesystem.FakeFilesystem object at 0x7439bae7dbe0>

    @parameterized.expand(CACLMGRD_BFD_TEST_VECTOR)
    @patchfs
    def test_caclmgrd_bfd(self, test_name, test_data, fs):
        if not os.path.exists(DBCONFIG_PATH):
            fs.create_file(DBCONFIG_PATH) # fake database_config.json
    
        MockConfigDb.set_config_db(test_data["config_db"])
    
        with mock.patch("caclmgrd.ControlPlaneAclManager.run_commands_pipe", return_value='sonic'):
            with mock.patch("caclmgrd.subprocess") as mocked_subprocess:
                popen_mock = mock.Mock()
                popen_attrs = test_data["popen_attributes"]
                popen_mock.configure_mock(**popen_attrs)
                mocked_subprocess.Popen.return_value = popen_mock
                mocked_subprocess.PIPE = -1
    
                call_rc = test_data["call_rc"]
                mocked_subprocess.call.return_value = call_rc
    
                caclmgrd_daemon = self.caclmgrd.ControlPlaneAclManager("caclmgrd")
                caclmgrd_daemon.allow_bfd_protocol('')
                mocked_subprocess.Popen.assert_has_calls(test_data["expected_bfd_subprocess_calls"], any_order=True)
                caclmgrd_daemon.bfdAllowed = True
                mocked_subprocess.Popen.reset_mock()
                caclmgrd_daemon.num_changes[''] = 1
                caclmgrd_daemon.check_and_update_control_plane_acls('', 1)
    
                #Ensure BFD rules are installed before ip2me rules to avoid traffic loss during update of control plane acl rules
                bfd_ipv4_idx = 0
                bfd_ipv6_idx = 0
                ip2me_ipv4_idx = 0
                ip2me_ipv6_idx = 0
                idx = 0
                for call in mocked_subprocess.Popen.call_args_list:
                    if test_data["expected_subprocess_calls"][0] == call:
                        bfd_ipv4_idx = idx
                    elif test_data["expected_subprocess_calls"][1] == call:
                        bfd_ipv6_idx = idx
                    elif test_data["expected_subprocess_calls"][2] == call:
                        ip2me_ipv4_idx = idx
                    elif test_data["expected_subprocess_calls"][3] == call:
                        ip2me_ipv6_idx = idx
                    idx = idx+1
>               assert (bfd_ipv4_idx != 0 and bfd_ipv6_idx != 0 and ip2me_ipv4_idx !=0 and ip2me_ipv6_idx != 0)
E               assert (0 != 0)

tests/caclmgrd/caclmgrd_bfd_test.py:72: AssertionError
_ TestCaclmgrdConntrack.test_caclmgrd_icmpv6_ct_rules_0_ICMPv6_conntrack_rules_test _

a = (<tests.caclmgrd.caclmgrd_conntrack_test.TestCaclmgrdConntrack testMethod=test_caclmgrd_icmpv6_ct_rules_0_ICMPv6_conntrack_rules_test>,)
kw = {}

    @wraps(func)
    def standalone_func(*a, **kw):
>       return func(*(a + p.args), **p.kwargs, **kw)

/usr/lib/python3/dist-packages/parameterized/parameterized.py:620: 
_ _ _ _ _ _ _ _ _ _ _ _ _ _ _ _ _ _ _ _ _ _ _ _ _ _ _ _ _ _ _ _ _ _ _ _ _ _ _ _ 
/usr/local/lib/python3.13/dist-packages/pyfakefs/fake_filesystem_unittest.py:230: in wrapped
    return f(*args, **kwargs)
tests/caclmgrd/caclmgrd_conntrack_test.py:45: in test_caclmgrd_icmpv6_ct_rules
    ip6tables_rules_ret, _ = caclmgrd_daemon.get_acl_rules_and_translate_to_iptables_commands('', MockConfigDb())
scripts/caclmgrd:687: in get_acl_rules_and_translate_to_iptables_commands
    iptables_cmds += self.generate_allow_internal_chasis_midplane_traffic(namespace, config_db_connector)
scripts/caclmgrd:374: in generate_allow_internal_chasis_midplane_traffic
    if device_info.is_smartswitch():
/usr/local/lib/python3.13/dist-packages/sonic_py_common/device_info.py:680: in is_smartswitch
    platform_data = get_platform_json_data()
/usr/local/lib/python3.13/dist-packages/sonic_py_common/device_info.py:187: in get_platform_json_data
    platform_path = get_path_to_platform_dir()
_ _ _ _ _ _ _ _ _ _ _ _ _ _ _ _ _ _ _ _ _ _ _ _ _ _ _ _ _ _ _ _ _ _ _ _ _ _ _ _ 

    def get_path_to_platform_dir():
        """
        Retreives the paths to the device's platform directory
    
        Returns:
            A string containing the path to the platform directory of the device
        """
        # Get platform
        platform = get_platform()
    
        # Determine whether we're running in a container or on the host
        platform_path_host = os.path.join(HOST_DEVICE_PATH, platform)
    
        if os.path.isdir(CONTAINER_PLATFORM_PATH):
            platform_path = CONTAINER_PLATFORM_PATH
        elif os.path.isdir(platform_path_host):
            platform_path = platform_path_host
        else:
>           raise OSError("Failed to locate platform directory")
E           OSError: Failed to locate platform directory

/usr/local/lib/python3.13/dist-packages/sonic_py_common/device_info.py:292: OSError
___________ TestCaclmgrdDashHa.test_caclmgrd_dash_ha_0_DASH_HA_TEST ____________

a = (<tests.caclmgrd.caclmgrd_dash_ha_test.TestCaclmgrdDashHa testMethod=test_caclmgrd_dash_ha_0_DASH_HA_TEST>,)
kw = {}

    @wraps(func)
    def standalone_func(*a, **kw):
>       return func(*(a + p.args), **p.kwargs, **kw)

/usr/lib/python3/dist-packages/parameterized/parameterized.py:620: 
_ _ _ _ _ _ _ _ _ _ _ _ _ _ _ _ _ _ _ _ _ _ _ _ _ _ _ _ _ _ _ _ _ _ _ _ _ _ _ _ 
/usr/local/lib/python3.13/dist-packages/pyfakefs/fake_filesystem_unittest.py:230: in wrapped
    return f(*args, **kwargs)
tests/caclmgrd/caclmgrd_dash_ha_test.py:66: in test_caclmgrd_dash_ha
    mocked_subprocess.Popen.assert_has_calls(test_data["expected_add_subprocess_calls"], any_order=True)
_ _ _ _ _ _ _ _ _ _ _ _ _ _ _ _ _ _ _ _ _ _ _ _ _ _ _ _ _ _ _ _ _ _ _ _ _ _ _ _ 

self = <MagicMock name='subprocess.Popen' id='127791295575248'>
calls = [call(['iptables', '-I', 'INPUT', '2', '-p', 'tcp', '--dport', '23606', '-j', 'ACCEPT'], universal_newlines=True, stdo...'ip6tables', '-I', 'INPUT', '2', '-p', 'tcp', '--dport', '23606', '-j', 'ACCEPT'], universal_newlines=True, stdout=-1)]
any_order = True

    def assert_has_calls(self, calls, any_order=False):
        """assert the mock has been called with the specified calls.
        The `mock_calls` list is checked for the calls.
    
        If `any_order` is False (the default) then the calls must be
        sequential. There can be extra calls before or after the
        specified calls.
    
        If `any_order` is True then the calls can be in any order, but
        they must all appear in `mock_calls`."""
        expected = [self._call_matcher(c) for c in calls]
        cause = next((e for e in expected if isinstance(e, Exception)), None)
        all_calls = _CallList(self._call_matcher(c) for c in self.mock_calls)
        if not any_order:
            if expected not in all_calls:
                if cause is None:
                    problem = 'Calls not found.'
                else:
                    problem = ('Error processing expected calls.\n'
                               'Errors: {}').format(
                                   [e if isinstance(e, Exception) else None
                                    for e in expected])
                raise AssertionError(
                    f'{problem}\n'
                    f'Expected: {_CallList(calls)}\n'
                    f'  Actual: {safe_repr(self.mock_calls)}'
                ) from cause
            return
    
        all_calls = list(all_calls)
    
        not_found = []
        for kall in expected:
            try:
                all_calls.remove(kall)
            except ValueError:
                not_found.append(kall)
        if not_found:
>           raise AssertionError(
                '%r does not contain all of %r in its call list, '
                'found %r instead' % (self._mock_name or 'mock',
                                      tuple(not_found), all_calls)
            ) from cause
E           AssertionError: 'Popen' does not contain all of (call(['iptables', '-I', 'INPUT', '2', '-p', 'tcp', '--dport', '23606', '-j', 'ACCEPT'], universal_newlines=True, stdout=-1), call(['ip6tables', '-I', 'INPUT', '2', '-p', 'tcp', '--dport', '23606', '-j', 'ACCEPT'], universal_newlines=True, stdout=-1)) in its call list, found [] instead

/usr/lib/python3.13/unittest/mock.py:1032: AssertionError
_ TestCaclmgrdDefaultRule.test_caclmgrd_default_rule_0_No_CACL_rules_Default_deny_rule_NOT_EXISTS _

a = (<tests.caclmgrd.caclmgrd_default_rule_test.TestCaclmgrdDefaultRule testMethod=test_caclmgrd_default_rule_0_No_CACL_rules_Default_deny_rule_NOT_EXISTS>,)
kw = {}

    @wraps(func)
    def standalone_func(*a, **kw):
>       return func(*(a + p.args), **p.kwargs, **kw)

/usr/lib/python3/dist-packages/parameterized/parameterized.py:620: 
_ _ _ _ _ _ _ _ _ _ _ _ _ _ _ _ _ _ _ _ _ _ _ _ _ _ _ _ _ _ _ _ _ _ _ _ _ _ _ _ 
/usr/local/lib/python3.13/dist-packages/pyfakefs/fake_filesystem_unittest.py:230: in wrapped
    return f(*args, **kwargs)
tests/caclmgrd/caclmgrd_default_rule_test.py:49: in test_caclmgrd_default_rule
    iptables_rules_ret, _ = caclmgrd_daemon.get_acl_rules_and_translate_to_iptables_commands('', MockConfigDb())
scripts/caclmgrd:687: in get_acl_rules_and_translate_to_iptables_commands
    iptables_cmds += self.generate_allow_internal_chasis_midplane_traffic(namespace, config_db_connector)
scripts/caclmgrd:374: in generate_allow_internal_chasis_midplane_traffic
    if device_info.is_smartswitch():
/usr/local/lib/python3.13/dist-packages/sonic_py_common/device_info.py:680: in is_smartswitch
    platform_data = get_platform_json_data()
/usr/local/lib/python3.13/dist-packages/sonic_py_common/device_info.py:187: in get_platform_json_data
    platform_path = get_path_to_platform_dir()
_ _ _ _ _ _ _ _ _ _ _ _ _ _ _ _ _ _ _ _ _ _ _ _ _ _ _ _ _ _ _ _ _ _ _ _ _ _ _ _ 

    def get_path_to_platform_dir():
        """
        Retreives the paths to the device's platform directory
    
        Returns:
            A string containing the path to the platform directory of the device
        """
        # Get platform
        platform = get_platform()
    
        # Determine whether we're running in a container or on the host
        platform_path_host = os.path.join(HOST_DEVICE_PATH, platform)
    
        if os.path.isdir(CONTAINER_PLATFORM_PATH):
            platform_path = CONTAINER_PLATFORM_PATH
        elif os.path.isdir(platform_path_host):
            platform_path = platform_path_host
        else:
>           raise OSError("Failed to locate platform directory")
E           OSError: Failed to locate platform directory

/usr/local/lib/python3.13/dist-packages/sonic_py_common/device_info.py:292: OSError
_ TestCaclmgrdDefaultRule.test_caclmgrd_default_rule_1_At_least_one_CACL_rules_Default_deny_rule_EXISTS _

a = (<tests.caclmgrd.caclmgrd_default_rule_test.TestCaclmgrdDefaultRule testMethod=test_caclmgrd_default_rule_1_At_least_one_CACL_rules_Default_deny_rule_EXISTS>,)
kw = {}

    @wraps(func)
    def standalone_func(*a, **kw):
>       return func(*(a + p.args), **p.kwargs, **kw)

/usr/lib/python3/dist-packages/parameterized/parameterized.py:620: 
_ _ _ _ _ _ _ _ _ _ _ _ _ _ _ _ _ _ _ _ _ _ _ _ _ _ _ _ _ _ _ _ _ _ _ _ _ _ _ _ 
/usr/local/lib/python3.13/dist-packages/pyfakefs/fake_filesystem_unittest.py:230: in wrapped
    return f(*args, **kwargs)
tests/caclmgrd/caclmgrd_default_rule_test.py:49: in test_caclmgrd_default_rule
    iptables_rules_ret, _ = caclmgrd_daemon.get_acl_rules_and_translate_to_iptables_commands('', MockConfigDb())
scripts/caclmgrd:687: in get_acl_rules_and_translate_to_iptables_commands
    iptables_cmds += self.generate_allow_internal_chasis_midplane_traffic(namespace, config_db_connector)
scripts/caclmgrd:374: in generate_allow_internal_chasis_midplane_traffic
    if device_info.is_smartswitch():
/usr/local/lib/python3.13/dist-packages/sonic_py_common/device_info.py:680: in is_smartswitch
    platform_data = get_platform_json_data()
/usr/local/lib/python3.13/dist-packages/sonic_py_common/device_info.py:187: in get_platform_json_data
    platform_path = get_path_to_platform_dir()
_ _ _ _ _ _ _ _ _ _ _ _ _ _ _ _ _ _ _ _ _ _ _ _ _ _ _ _ _ _ _ _ _ _ _ _ _ _ _ _ 

    def get_path_to_platform_dir():
        """
        Retreives the paths to the device's platform directory
    
        Returns:
            A string containing the path to the platform directory of the device
        """
        # Get platform
        platform = get_platform()
    
        # Determine whether we're running in a container or on the host
        platform_path_host = os.path.join(HOST_DEVICE_PATH, platform)
    
        if os.path.isdir(CONTAINER_PLATFORM_PATH):
            platform_path = CONTAINER_PLATFORM_PATH
        elif os.path.isdir(platform_path_host):
            platform_path = platform_path_host
        else:
>           raise OSError("Failed to locate platform directory")
E           OSError: Failed to locate platform directory

/usr/local/lib/python3.13/dist-packages/sonic_py_common/device_info.py:292: OSError
__________ TestCaclmgrdDefaultRule.test_empty_acl_table_entry_skipped __________

self = <tests.caclmgrd.caclmgrd_default_rule_test.TestCaclmgrdDefaultRule testMethod=test_empty_acl_table_entry_skipped>
fs = <pyfakefs.fake_filesystem.FakeFilesystem object at 0x7439bac9b570>

    @patchfs
    def test_empty_acl_table_entry_skipped(self, fs):
        """ACL_TABLE rows with empty data must be ignored (no KeyError on 'type')."""
        if not os.path.exists(DBCONFIG_PATH):
            fs.create_file(DBCONFIG_PATH)
    
        MockConfigDb.set_config_db({
            "ACL_RULE": {},
            "ACL_TABLE": {"PLACEHOLDER": {}},
            "DEVICE_METADATA": {"localhost": {}},
            "FEATURE": {},
        })
        self.caclmgrd.ControlPlaneAclManager.get_namespace_mgmt_ip = mock.MagicMock()
        self.caclmgrd.ControlPlaneAclManager.get_namespace_mgmt_ipv6 = mock.MagicMock()
        self.caclmgrd.ControlPlaneAclManager.generate_block_ip2me_traffic_iptables_commands = mock.MagicMock(return_value=[])
        self.caclmgrd.ControlPlaneAclManager.get_chain_list = mock.MagicMock(return_value=["INPUT", "FORWARD", "OUTPUT"])
        self.caclmgrd.ControlPlaneAclManager.get_chassis_midplane_interface_ip = mock.MagicMock(return_value='')
        caclmgrd_daemon = self.caclmgrd.ControlPlaneAclManager("caclmgrd")
    
>       iptables_rules_ret, _ = caclmgrd_daemon.get_acl_rules_and_translate_to_iptables_commands('', MockConfigDb())

tests/caclmgrd/caclmgrd_default_rule_test.py:77: 
_ _ _ _ _ _ _ _ _ _ _ _ _ _ _ _ _ _ _ _ _ _ _ _ _ _ _ _ _ _ _ _ _ _ _ _ _ _ _ _ 
scripts/caclmgrd:687: in get_acl_rules_and_translate_to_iptables_commands
    iptables_cmds += self.generate_allow_internal_chasis_midplane_traffic(namespace, config_db_connector)
scripts/caclmgrd:374: in generate_allow_internal_chasis_midplane_traffic
    if device_info.is_smartswitch():
/usr/local/lib/python3.13/dist-packages/sonic_py_common/device_info.py:680: in is_smartswitch
    platform_data = get_platform_json_data()
/usr/local/lib/python3.13/dist-packages/sonic_py_common/device_info.py:187: in get_platform_json_data
    platform_path = get_path_to_platform_dir()
_ _ _ _ _ _ _ _ _ _ _ _ _ _ _ _ _ _ _ _ _ _ _ _ _ _ _ _ _ _ _ _ _ _ _ _ _ _ _ _ 

    def get_path_to_platform_dir():
        """
        Retreives the paths to the device's platform directory
    
        Returns:
            A string containing the path to the platform directory of the device
        """
        # Get platform
        platform = get_platform()
    
        # Determine whether we're running in a container or on the host
        platform_path_host = os.path.join(HOST_DEVICE_PATH, platform)
    
        if os.path.isdir(CONTAINER_PLATFORM_PATH):
            platform_path = CONTAINER_PLATFORM_PATH
        elif os.path.isdir(platform_path_host):
            platform_path = platform_path_host
        else:
>           raise OSError("Failed to locate platform directory")
E           OSError: Failed to locate platform directory

/usr/local/lib/python3.13/dist-packages/sonic_py_common/device_info.py:292: OSError
_ TestCaclmgrdExternalClientAcl.test_caclmgrd_external_client_acl_0_Test_for_EXTERNAL_CLIENT_ACL_with_no_dest_port_configured_ _

a = (<tests.caclmgrd.caclmgrd_external_client_acl_test.TestCaclmgrdExternalClientAcl testMethod=test_caclmgrd_external_client_acl_0_Test_for_EXTERNAL_CLIENT_ACL_with_no_dest_port_configured_>,)
kw = {}

    @wraps(func)
    def standalone_func(*a, **kw):
>       return func(*(a + p.args), **p.kwargs, **kw)

/usr/lib/python3/dist-packages/parameterized/parameterized.py:620: 
_ _ _ _ _ _ _ _ _ _ _ _ _ _ _ _ _ _ _ _ _ _ _ _ _ _ _ _ _ _ _ _ _ _ _ _ _ _ _ _ 
/usr/local/lib/python3.13/dist-packages/pyfakefs/fake_filesystem_unittest.py:230: in wrapped
    return f(*args, **kwargs)
tests/caclmgrd/caclmgrd_external_client_acl_test.py:44: in test_caclmgrd_external_client_acl
    iptables_rules_ret, _ = caclmgrd_daemon.get_acl_rules_and_translate_to_iptables_commands('', MockConfigDb())
scripts/caclmgrd:687: in get_acl_rules_and_translate_to_iptables_commands
    iptables_cmds += self.generate_allow_internal_chasis_midplane_traffic(namespace, config_db_connector)
scripts/caclmgrd:374: in generate_allow_internal_chasis_midplane_traffic
    if device_info.is_smartswitch():
/usr/local/lib/python3.13/dist-packages/sonic_py_common/device_info.py:680: in is_smartswitch
    platform_data = get_platform_json_data()
/usr/local/lib/python3.13/dist-packages/sonic_py_common/device_info.py:187: in get_platform_json_data
    platform_path = get_path_to_platform_dir()
_ _ _ _ _ _ _ _ _ _ _ _ _ _ _ _ _ _ _ _ _ _ _ _ _ _ _ _ _ _ _ _ _ _ _ _ _ _ _ _ 

    def get_path_to_platform_dir():
        """
        Retreives the paths to the device's platform directory
    
        Returns:
            A string containing the path to the platform directory of the device
        """
        # Get platform
        platform = get_platform()
    
        # Determine whether we're running in a container or on the host
        platform_path_host = os.path.join(HOST_DEVICE_PATH, platform)
    
        if os.path.isdir(CONTAINER_PLATFORM_PATH):
            platform_path = CONTAINER_PLATFORM_PATH
        elif os.path.isdir(platform_path_host):
            platform_path = platform_path_host
        else:
>           raise OSError("Failed to locate platform directory")
E           OSError: Failed to locate platform directory

/usr/local/lib/python3.13/dist-packages/sonic_py_common/device_info.py:292: OSError
_ TestCaclmgrdExternalClientAcl.test_caclmgrd_external_client_acl_1_Test_single_IPv4_dst_port_src_ip_for_EXTERNAL_CLIENT_ACL _

a = (<tests.caclmgrd.caclmgrd_external_client_acl_test.TestCaclmgrdExternalClientAcl testMethod=test_caclmgrd_external_client_acl_1_Test_single_IPv4_dst_port_src_ip_for_EXTERNAL_CLIENT_ACL>,)
kw = {}

    @wraps(func)
    def standalone_func(*a, **kw):
>       return func(*(a + p.args), **p.kwargs, **kw)

/usr/lib/python3/dist-packages/parameterized/parameterized.py:620: 
_ _ _ _ _ _ _ _ _ _ _ _ _ _ _ _ _ _ _ _ _ _ _ _ _ _ _ _ _ _ _ _ _ _ _ _ _ _ _ _ 
/usr/local/lib/python3.13/dist-packages/pyfakefs/fake_filesystem_unittest.py:230: in wrapped
    return f(*args, **kwargs)
tests/caclmgrd/caclmgrd_external_client_acl_test.py:44: in test_caclmgrd_external_client_acl
    iptables_rules_ret, _ = caclmgrd_daemon.get_acl_rules_and_translate_to_iptables_commands('', MockConfigDb())
scripts/caclmgrd:687: in get_acl_rules_and_translate_to_iptables_commands
    iptables_cmds += self.generate_allow_internal_chasis_midplane_traffic(namespace, config_db_connector)
scripts/caclmgrd:374: in generate_allow_internal_chasis_midplane_traffic
    if device_info.is_smartswitch():
/usr/local/lib/python3.13/dist-packages/sonic_py_common/device_info.py:680: in is_smartswitch
    platform_data = get_platform_json_data()
/usr/local/lib/python3.13/dist-packages/sonic_py_common/device_info.py:187: in get_platform_json_data
    platform_path = get_path_to_platform_dir()
_ _ _ _ _ _ _ _ _ _ _ _ _ _ _ _ _ _ _ _ _ _ _ _ _ _ _ _ _ _ _ _ _ _ _ _ _ _ _ _ 

    def get_path_to_platform_dir():
        """
        Retreives the paths to the device's platform directory
    
        Returns:
            A string containing the path to the platform directory of the device
        """
        # Get platform
        platform = get_platform()
    
        # Determine whether we're running in a container or on the host
        platform_path_host = os.path.join(HOST_DEVICE_PATH, platform)
    
        if os.path.isdir(CONTAINER_PLATFORM_PATH):
            platform_path = CONTAINER_PLATFORM_PATH
        elif os.path.isdir(platform_path_host):
            platform_path = platform_path_host
        else:
>           raise OSError("Failed to locate platform directory")
E           OSError: Failed to locate platform directory

/usr/local/lib/python3.13/dist-packages/sonic_py_common/device_info.py:292: OSError
_ TestCaclmgrdExternalClientAcl.test_caclmgrd_external_client_acl_2_Test_single_IPv4_dst_port_dst_ip_for_EXTERNAL_CLIENT_ACL _

a = (<tests.caclmgrd.caclmgrd_external_client_acl_test.TestCaclmgrdExternalClientAcl testMethod=test_caclmgrd_external_client_acl_2_Test_single_IPv4_dst_port_dst_ip_for_EXTERNAL_CLIENT_ACL>,)
kw = {}

    @wraps(func)
    def standalone_func(*a, **kw):
>       return func(*(a + p.args), **p.kwargs, **kw)

/usr/lib/python3/dist-packages/parameterized/parameterized.py:620: 
_ _ _ _ _ _ _ _ _ _ _ _ _ _ _ _ _ _ _ _ _ _ _ _ _ _ _ _ _ _ _ _ _ _ _ _ _ _ _ _ 
/usr/local/lib/python3.13/dist-packages/pyfakefs/fake_filesystem_unittest.py:230: in wrapped
    return f(*args, **kwargs)
tests/caclmgrd/caclmgrd_external_client_acl_test.py:44: in test_caclmgrd_external_client_acl
    iptables_rules_ret, _ = caclmgrd_daemon.get_acl_rules_and_translate_to_iptables_commands('', MockConfigDb())
scripts/caclmgrd:687: in get_acl_rules_and_translate_to_iptables_commands
    iptables_cmds += self.generate_allow_internal_chasis_midplane_traffic(namespace, config_db_connector)
scripts/caclmgrd:374: in generate_allow_internal_chasis_midplane_traffic
    if device_info.is_smartswitch():
/usr/local/lib/python3.13/dist-packages/sonic_py_common/device_info.py:680: in is_smartswitch
    platform_data = get_platform_json_data()
/usr/local/lib/python3.13/dist-packages/sonic_py_common/device_info.py:187: in get_platform_json_data
    platform_path = get_path_to_platform_dir()
_ _ _ _ _ _ _ _ _ _ _ _ _ _ _ _ _ _ _ _ _ _ _ _ _ _ _ _ _ _ _ _ _ _ _ _ _ _ _ _ 

    def get_path_to_platform_dir():
        """
        Retreives the paths to the device's platform directory
    
        Returns:
            A string containing the path to the platform directory of the device
        """
        # Get platform
        platform = get_platform()
    
        # Determine whether we're running in a container or on the host
        platform_path_host = os.path.join(HOST_DEVICE_PATH, platform)
    
        if os.path.isdir(CONTAINER_PLATFORM_PATH):
            platform_path = CONTAINER_PLATFORM_PATH
        elif os.path.isdir(platform_path_host):
            platform_path = platform_path_host
        else:
>           raise OSError("Failed to locate platform directory")
E           OSError: Failed to locate platform directory

/usr/local/lib/python3.13/dist-packages/sonic_py_common/device_info.py:292: OSError
_ TestCaclmgrdExternalClientAcl.test_caclmgrd_external_client_acl_3_Test_single_IPv4_dst_port_incoming_interface_for_EXTERNAL_CLIENT_ACL _

a = (<tests.caclmgrd.caclmgrd_external_client_acl_test.TestCaclmgrdExternalClientAcl testMethod=test_caclmgrd_external_client_acl_3_Test_single_IPv4_dst_port_incoming_interface_for_EXTERNAL_CLIENT_ACL>,)
kw = {}

    @wraps(func)
    def standalone_func(*a, **kw):
>       return func(*(a + p.args), **p.kwargs, **kw)

/usr/lib/python3/dist-packages/parameterized/parameterized.py:620: 
_ _ _ _ _ _ _ _ _ _ _ _ _ _ _ _ _ _ _ _ _ _ _ _ _ _ _ _ _ _ _ _ _ _ _ _ _ _ _ _ 
/usr/local/lib/python3.13/dist-packages/pyfakefs/fake_filesystem_unittest.py:230: in wrapped
    return f(*args, **kwargs)
tests/caclmgrd/caclmgrd_external_client_acl_test.py:44: in test_caclmgrd_external_client_acl
    iptables_rules_ret, _ = caclmgrd_daemon.get_acl_rules_and_translate_to_iptables_commands('', MockConfigDb())
scripts/caclmgrd:687: in get_acl_rules_and_translate_to_iptables_commands
    iptables_cmds += self.generate_allow_internal_chasis_midplane_traffic(namespace, config_db_connector)
scripts/caclmgrd:374: in generate_allow_internal_chasis_midplane_traffic
    if device_info.is_smartswitch():
/usr/local/lib/python3.13/dist-packages/sonic_py_common/device_info.py:680: in is_smartswitch
    platform_data = get_platform_json_data()
/usr/local/lib/python3.13/dist-packages/sonic_py_common/device_info.py:187: in get_platform_json_data
    platform_path = get_path_to_platform_dir()
_ _ _ _ _ _ _ _ _ _ _ _ _ _ _ _ _ _ _ _ _ _ _ _ _ _ _ _ _ _ _ _ _ _ _ _ _ _ _ _ 

    def get_path_to_platform_dir():
        """
        Retreives the paths to the device's platform directory
    
        Returns:
            A string containing the path to the platform directory of the device
        """
        # Get platform
        platform = get_platform()
    
        # Determine whether we're running in a container or on the host
        platform_path_host = os.path.join(HOST_DEVICE_PATH, platform)
    
        if os.path.isdir(CONTAINER_PLATFORM_PATH):
            platform_path = CONTAINER_PLATFORM_PATH
        elif os.path.isdir(platform_path_host):
            platform_path = platform_path_host
        else:
>           raise OSError("Failed to locate platform directory")
E           OSError: Failed to locate platform directory

/usr/local/lib/python3.13/dist-packages/sonic_py_common/device_info.py:292: OSError
_ TestCaclmgrdExternalClientAcl.test_caclmgrd_external_client_acl_4_Test_IPv4_dst_port_range_src_ip_forEXTERNAL_CLIENT_ACL _

a = (<tests.caclmgrd.caclmgrd_external_client_acl_test.TestCaclmgrdExternalClientAcl testMethod=test_caclmgrd_external_client_acl_4_Test_IPv4_dst_port_range_src_ip_forEXTERNAL_CLIENT_ACL>,)
kw = {}

    @wraps(func)
    def standalone_func(*a, **kw):
>       return func(*(a + p.args), **p.kwargs, **kw)

/usr/lib/python3/dist-packages/parameterized/parameterized.py:620: 
_ _ _ _ _ _ _ _ _ _ _ _ _ _ _ _ _ _ _ _ _ _ _ _ _ _ _ _ _ _ _ _ _ _ _ _ _ _ _ _ 
/usr/local/lib/python3.13/dist-packages/pyfakefs/fake_filesystem_unittest.py:230: in wrapped
    return f(*args, **kwargs)
tests/caclmgrd/caclmgrd_external_client_acl_test.py:44: in test_caclmgrd_external_client_acl
    iptables_rules_ret, _ = caclmgrd_daemon.get_acl_rules_and_translate_to_iptables_commands('', MockConfigDb())
scripts/caclmgrd:687: in get_acl_rules_and_translate_to_iptables_commands
    iptables_cmds += self.generate_allow_internal_chasis_midplane_traffic(namespace, config_db_connector)
scripts/caclmgrd:374: in generate_allow_internal_chasis_midplane_traffic
    if device_info.is_smartswitch():
/usr/local/lib/python3.13/dist-packages/sonic_py_common/device_info.py:680: in is_smartswitch
    platform_data = get_platform_json_data()
/usr/local/lib/python3.13/dist-packages/sonic_py_common/device_info.py:187: in get_platform_json_data
    platform_path = get_path_to_platform_dir()
_ _ _ _ _ _ _ _ _ _ _ _ _ _ _ _ _ _ _ _ _ _ _ _ _ _ _ _ _ _ _ _ _ _ _ _ _ _ _ _ 

    def get_path_to_platform_dir():
        """
        Retreives the paths to the device's platform directory
    
        Returns:
            A string containing the path to the platform directory of the device
        """
        # Get platform
        platform = get_platform()
    
        # Determine whether we're running in a container or on the host
        platform_path_host = os.path.join(HOST_DEVICE_PATH, platform)
    
        if os.path.isdir(CONTAINER_PLATFORM_PATH):
            platform_path = CONTAINER_PLATFORM_PATH
        elif os.path.isdir(platform_path_host):
            platform_path = platform_path_host
        else:
>           raise OSError("Failed to locate platform directory")
E           OSError: Failed to locate platform directory

/usr/local/lib/python3.13/dist-packages/sonic_py_common/device_info.py:292: OSError
_ TestCaclmgrdExternalClientAcl.test_caclmgrd_external_client_acl_5_Test_IPv6_single_dst_port_range_src_ip_forEXTERNAL_CLIENT_ACL _

a = (<tests.caclmgrd.caclmgrd_external_client_acl_test.TestCaclmgrdExternalClientAcl testMethod=test_caclmgrd_external_client_acl_5_Test_IPv6_single_dst_port_range_src_ip_forEXTERNAL_CLIENT_ACL>,)
kw = {}

    @wraps(func)
    def standalone_func(*a, **kw):
>       return func(*(a + p.args), **p.kwargs, **kw)

/usr/lib/python3/dist-packages/parameterized/parameterized.py:620: 
_ _ _ _ _ _ _ _ _ _ _ _ _ _ _ _ _ _ _ _ _ _ _ _ _ _ _ _ _ _ _ _ _ _ _ _ _ _ _ _ 
/usr/local/lib/python3.13/dist-packages/pyfakefs/fake_filesystem_unittest.py:230: in wrapped
    return f(*args, **kwargs)
tests/caclmgrd/caclmgrd_external_client_acl_test.py:44: in test_caclmgrd_external_client_acl
    iptables_rules_ret, _ = caclmgrd_daemon.get_acl_rules_and_translate_to_iptables_commands('', MockConfigDb())
scripts/caclmgrd:687: in get_acl_rules_and_translate_to_iptables_commands
    iptables_cmds += self.generate_allow_internal_chasis_midplane_traffic(namespace, config_db_connector)
scripts/caclmgrd:374: in generate_allow_internal_chasis_midplane_traffic
    if device_info.is_smartswitch():
/usr/local/lib/python3.13/dist-packages/sonic_py_common/device_info.py:680: in is_smartswitch
    platform_data = get_platform_json_data()
/usr/local/lib/python3.13/dist-packages/sonic_py_common/device_info.py:187: in get_platform_json_data
    platform_path = get_path_to_platform_dir()
_ _ _ _ _ _ _ _ _ _ _ _ _ _ _ _ _ _ _ _ _ _ _ _ _ _ _ _ _ _ _ _ _ _ _ _ _ _ _ _ 

    def get_path_to_platform_dir():
        """
        Retreives the paths to the device's platform directory
    
        Returns:
            A string containing the path to the platform directory of the device
        """
        # Get platform
        platform = get_platform()
    
        # Determine whether we're running in a container or on the host
        platform_path_host = os.path.join(HOST_DEVICE_PATH, platform)
    
        if os.path.isdir(CONTAINER_PLATFORM_PATH):
            platform_path = CONTAINER_PLATFORM_PATH
        elif os.path.isdir(platform_path_host):
            platform_path = platform_path_host
        else:
>           raise OSError("Failed to locate platform directory")
E           OSError: Failed to locate platform directory

/usr/local/lib/python3.13/dist-packages/sonic_py_common/device_info.py:292: OSError
_ TestCaclmgrdExternalClientAcl.test_caclmgrd_external_client_acl_6_Test_IPv6_single_dst_port_range_dst_ip_forEXTERNAL_CLIENT_ACL _

a = (<tests.caclmgrd.caclmgrd_external_client_acl_test.TestCaclmgrdExternalClientAcl testMethod=test_caclmgrd_external_client_acl_6_Test_IPv6_single_dst_port_range_dst_ip_forEXTERNAL_CLIENT_ACL>,)
kw = {}

    @wraps(func)
    def standalone_func(*a, **kw):
>       return func(*(a + p.args), **p.kwargs, **kw)

/usr/lib/python3/dist-packages/parameterized/parameterized.py:620: 
_ _ _ _ _ _ _ _ _ _ _ _ _ _ _ _ _ _ _ _ _ _ _ _ _ _ _ _ _ _ _ _ _ _ _ _ _ _ _ _ 
/usr/local/lib/python3.13/dist-packages/pyfakefs/fake_filesystem_unittest.py:230: in wrapped
    return f(*args, **kwargs)
tests/caclmgrd/caclmgrd_external_client_acl_test.py:44: in test_caclmgrd_external_client_acl
    iptables_rules_ret, _ = caclmgrd_daemon.get_acl_rules_and_translate_to_iptables_commands('', MockConfigDb())
scripts/caclmgrd:687: in get_acl_rules_and_translate_to_iptables_commands
    iptables_cmds += self.generate_allow_internal_chasis_midplane_traffic(namespace, config_db_connector)
scripts/caclmgrd:374: in generate_allow_internal_chasis_midplane_traffic
    if device_info.is_smartswitch():
/usr/local/lib/python3.13/dist-packages/sonic_py_common/device_info.py:680: in is_smartswitch
    platform_data = get_platform_json_data()
/usr/local/lib/python3.13/dist-packages/sonic_py_common/device_info.py:187: in get_platform_json_data
    platform_path = get_path_to_platform_dir()
_ _ _ _ _ _ _ _ _ _ _ _ _ _ _ _ _ _ _ _ _ _ _ _ _ _ _ _ _ _ _ _ _ _ _ _ _ _ _ _ 

    def get_path_to_platform_dir():
        """
        Retreives the paths to the device's platform directory
    
        Returns:
            A string containing the path to the platform directory of the device
        """
        # Get platform
        platform = get_platform()
    
        # Determine whether we're running in a container or on the host
        platform_path_host = os.path.join(HOST_DEVICE_PATH, platform)
    
        if os.path.isdir(CONTAINER_PLATFORM_PATH):
            platform_path = CONTAINER_PLATFORM_PATH
        elif os.path.isdir(platform_path_host):
            platform_path = platform_path_host
        else:
>           raise OSError("Failed to locate platform directory")
E           OSError: Failed to locate platform directory

/usr/local/lib/python3.13/dist-packages/sonic_py_common/device_info.py:292: OSError
_ TestCaclmgrdExternalClientAcl.test_caclmgrd_external_client_acl_7_Test_IPv6_dst_port_range_src_ip_forEXTERNAL_CLIENT_ACL _

a = (<tests.caclmgrd.caclmgrd_external_client_acl_test.TestCaclmgrdExternalClientAcl testMethod=test_caclmgrd_external_client_acl_7_Test_IPv6_dst_port_range_src_ip_forEXTERNAL_CLIENT_ACL>,)
kw = {}

    @wraps(func)
    def standalone_func(*a, **kw):
>       return func(*(a + p.args), **p.kwargs, **kw)

/usr/lib/python3/dist-packages/parameterized/parameterized.py:620: 
_ _ _ _ _ _ _ _ _ _ _ _ _ _ _ _ _ _ _ _ _ _ _ _ _ _ _ _ _ _ _ _ _ _ _ _ _ _ _ _ 
/usr/local/lib/python3.13/dist-packages/pyfakefs/fake_filesystem_unittest.py:230: in wrapped
    return f(*args, **kwargs)
tests/caclmgrd/caclmgrd_external_client_acl_test.py:44: in test_caclmgrd_external_client_acl
    iptables_rules_ret, _ = caclmgrd_daemon.get_acl_rules_and_translate_to_iptables_commands('', MockConfigDb())
scripts/caclmgrd:687: in get_acl_rules_and_translate_to_iptables_commands
    iptables_cmds += self.generate_allow_internal_chasis_midplane_traffic(namespace, config_db_connector)
scripts/caclmgrd:374: in generate_allow_internal_chasis_midplane_traffic
    if device_info.is_smartswitch():
/usr/local/lib/python3.13/dist-packages/sonic_py_common/device_info.py:680: in is_smartswitch
    platform_data = get_platform_json_data()
/usr/local/lib/python3.13/dist-packages/sonic_py_common/device_info.py:187: in get_platform_json_data
    platform_path = get_path_to_platform_dir()
_ _ _ _ _ _ _ _ _ _ _ _ _ _ _ _ _ _ _ _ _ _ _ _ _ _ _ _ _ _ _ _ _ _ _ _ _ _ _ _ 

    def get_path_to_platform_dir():
        """
        Retreives the paths to the device's platform directory
    
        Returns:
            A string containing the path to the platform directory of the device
        """
        # Get platform
        platform = get_platform()
    
        # Determine whether we're running in a container or on the host
        platform_path_host = os.path.join(HOST_DEVICE_PATH, platform)
    
        if os.path.isdir(CONTAINER_PLATFORM_PATH):
            platform_path = CONTAINER_PLATFORM_PATH
        elif os.path.isdir(platform_path_host):
            platform_path = platform_path_host
        else:
>           raise OSError("Failed to locate platform directory")
E           OSError: Failed to locate platform directory

/usr/local/lib/python3.13/dist-packages/sonic_py_common/device_info.py:292: OSError
_ TestCaclmgrdGilIpMultiAsic.test_caclmgrd_gil_ip_multiasic_0_Non_default_namespace_GIL_FORWARD_ACCEPT_rules_added_for_SSH_and_SNMP _

a = (<tests.caclmgrd.caclmgrd_gil_ip_multiasic_test.TestCaclmgrdGilIpMultiAsic testMethod=test_caclmgrd_gil_ip_multiasic_0_Non_default_namespace_GIL_FORWARD_ACCEPT_rules_added_for_SSH_and_SNMP>,)
kw = {}

    @wraps(func)
    def standalone_func(*a, **kw):
>       return func(*(a + p.args), **p.kwargs, **kw)

/usr/lib/python3/dist-packages/parameterized/parameterized.py:620: 
_ _ _ _ _ _ _ _ _ _ _ _ _ _ _ _ _ _ _ _ _ _ _ _ _ _ _ _ _ _ _ _ _ _ _ _ _ _ _ _ 
/usr/local/lib/python3.13/dist-packages/pyfakefs/fake_filesystem_unittest.py:230: in wrapped
    return f(*args, **kwargs)
tests/caclmgrd/caclmgrd_gil_ip_multiasic_test.py:67: in test_caclmgrd_gil_ip_multiasic
    iptables_rules, _ = daemon.get_acl_rules_and_translate_to_iptables_commands(
scripts/caclmgrd:687: in get_acl_rules_and_translate_to_iptables_commands
    iptables_cmds += self.generate_allow_internal_chasis_midplane_traffic(namespace, config_db_connector)
scripts/caclmgrd:374: in generate_allow_internal_chasis_midplane_traffic
    if device_info.is_smartswitch():
/usr/local/lib/python3.13/dist-packages/sonic_py_common/device_info.py:680: in is_smartswitch
    platform_data = get_platform_json_data()
/usr/local/lib/python3.13/dist-packages/sonic_py_common/device_info.py:187: in get_platform_json_data
    platform_path = get_path_to_platform_dir()
_ _ _ _ _ _ _ _ _ _ _ _ _ _ _ _ _ _ _ _ _ _ _ _ _ _ _ _ _ _ _ _ _ _ _ _ _ _ _ _ 

    def get_path_to_platform_dir():
        """
        Retreives the paths to the device's platform directory
    
        Returns:
            A string containing the path to the platform directory of the device
        """
        # Get platform
        platform = get_platform()
    
        # Determine whether we're running in a container or on the host
        platform_path_host = os.path.join(HOST_DEVICE_PATH, platform)
    
        if os.path.isdir(CONTAINER_PLATFORM_PATH):
            platform_path = CONTAINER_PLATFORM_PATH
        elif os.path.isdir(platform_path_host):
            platform_path = platform_path_host
        else:
>           raise OSError("Failed to locate platform directory")
E           OSError: Failed to locate platform directory

/usr/local/lib/python3.13/dist-packages/sonic_py_common/device_info.py:292: OSError
_ TestCaclmgrdGilIpMultiAsic.test_caclmgrd_gil_ip_multiasic_1_Non_default_namespace_SSH_ACL_rule_uses_FORWARD_chain _

a = (<tests.caclmgrd.caclmgrd_gil_ip_multiasic_test.TestCaclmgrdGilIpMultiAsic testMethod=test_caclmgrd_gil_ip_multiasic_1_Non_default_namespace_SSH_ACL_rule_uses_FORWARD_chain>,)
kw = {}

    @wraps(func)
    def standalone_func(*a, **kw):
>       return func(*(a + p.args), **p.kwargs, **kw)

/usr/lib/python3/dist-packages/parameterized/parameterized.py:620: 
_ _ _ _ _ _ _ _ _ _ _ _ _ _ _ _ _ _ _ _ _ _ _ _ _ _ _ _ _ _ _ _ _ _ _ _ _ _ _ _ 
/usr/local/lib/python3.13/dist-packages/pyfakefs/fake_filesystem_unittest.py:230: in wrapped
    return f(*args, **kwargs)
tests/caclmgrd/caclmgrd_gil_ip_multiasic_test.py:67: in test_caclmgrd_gil_ip_multiasic
    iptables_rules, _ = daemon.get_acl_rules_and_translate_to_iptables_commands(
scripts/caclmgrd:687: in get_acl_rules_and_translate_to_iptables_commands
    iptables_cmds += self.generate_allow_internal_chasis_midplane_traffic(namespace, config_db_connector)
scripts/caclmgrd:374: in generate_allow_internal_chasis_midplane_traffic
    if device_info.is_smartswitch():
/usr/local/lib/python3.13/dist-packages/sonic_py_common/device_info.py:680: in is_smartswitch
    platform_data = get_platform_json_data()
/usr/local/lib/python3.13/dist-packages/sonic_py_common/device_info.py:187: in get_platform_json_data
    platform_path = get_path_to_platform_dir()
_ _ _ _ _ _ _ _ _ _ _ _ _ _ _ _ _ _ _ _ _ _ _ _ _ _ _ _ _ _ _ _ _ _ _ _ _ _ _ _ 

    def get_path_to_platform_dir():
        """
        Retreives the paths to the device's platform directory
    
        Returns:
            A string containing the path to the platform directory of the device
        """
        # Get platform
        platform = get_platform()
    
        # Determine whether we're running in a container or on the host
        platform_path_host = os.path.join(HOST_DEVICE_PATH, platform)
    
        if os.path.isdir(CONTAINER_PLATFORM_PATH):
            platform_path = CONTAINER_PLATFORM_PATH
        elif os.path.isdir(platform_path_host):
            platform_path = platform_path_host
        else:
>           raise OSError("Failed to locate platform directory")
E           OSError: Failed to locate platform directory

/usr/local/lib/python3.13/dist-packages/sonic_py_common/device_info.py:292: OSError
_ TestCaclmgrdGilIpMultiAsic.test_caclmgrd_gil_ip_multiasic_2_Non_default_namespace_SNMP_ACL_rule_uses_FORWARD_chain _

a = (<tests.caclmgrd.caclmgrd_gil_ip_multiasic_test.TestCaclmgrdGilIpMultiAsic testMethod=test_caclmgrd_gil_ip_multiasic_2_Non_default_namespace_SNMP_ACL_rule_uses_FORWARD_chain>,)
kw = {}

    @wraps(func)
    def standalone_func(*a, **kw):
>       return func(*(a + p.args), **p.kwargs, **kw)

/usr/lib/python3/dist-packages/parameterized/parameterized.py:620: 
_ _ _ _ _ _ _ _ _ _ _ _ _ _ _ _ _ _ _ _ _ _ _ _ _ _ _ _ _ _ _ _ _ _ _ _ _ _ _ _ 
/usr/local/lib/python3.13/dist-packages/pyfakefs/fake_filesystem_unittest.py:230: in wrapped
    return f(*args, **kwargs)
tests/caclmgrd/caclmgrd_gil_ip_multiasic_test.py:67: in test_caclmgrd_gil_ip_multiasic
    iptables_rules, _ = daemon.get_acl_rules_and_translate_to_iptables_commands(
scripts/caclmgrd:687: in get_acl_rules_and_translate_to_iptables_commands
    iptables_cmds += self.generate_allow_internal_chasis_midplane_traffic(namespace, config_db_connector)
scripts/caclmgrd:374: in generate_allow_internal_chasis_midplane_traffic
    if device_info.is_smartswitch():
/usr/local/lib/python3.13/dist-packages/sonic_py_common/device_info.py:680: in is_smartswitch
    platform_data = get_platform_json_data()
/usr/local/lib/python3.13/dist-packages/sonic_py_common/device_info.py:187: in get_platform_json_data
    platform_path = get_path_to_platform_dir()
_ _ _ _ _ _ _ _ _ _ _ _ _ _ _ _ _ _ _ _ _ _ _ _ _ _ _ _ _ _ _ _ _ _ _ _ _ _ _ _ 

    def get_path_to_platform_dir():
        """
        Retreives the paths to the device's platform directory
    
        Returns:
            A string containing the path to the platform directory of the device
        """
        # Get platform
        platform = get_platform()
    
        # Determine whether we're running in a container or on the host
        platform_path_host = os.path.join(HOST_DEVICE_PATH, platform)
    
        if os.path.isdir(CONTAINER_PLATFORM_PATH):
            platform_path = CONTAINER_PLATFORM_PATH
        elif os.path.isdir(platform_path_host):
            platform_path = platform_path_host
        else:
>           raise OSError("Failed to locate platform directory")
E           OSError: Failed to locate platform directory

/usr/local/lib/python3.13/dist-packages/sonic_py_common/device_info.py:292: OSError
_ TestCaclmgrdGilIpMultiAsic.test_caclmgrd_gil_ip_multiasic_3_Non_default_namespace_NTP_ACL_rule_still_uses_INPUT_chain _

a = (<tests.caclmgrd.caclmgrd_gil_ip_multiasic_test.TestCaclmgrdGilIpMultiAsic testMethod=test_caclmgrd_gil_ip_multiasic_3_Non_default_namespace_NTP_ACL_rule_still_uses_INPUT_chain>,)
kw = {}

    @wraps(func)
    def standalone_func(*a, **kw):
>       return func(*(a + p.args), **p.kwargs, **kw)

/usr/lib/python3/dist-packages/parameterized/parameterized.py:620: 
_ _ _ _ _ _ _ _ _ _ _ _ _ _ _ _ _ _ _ _ _ _ _ _ _ _ _ _ _ _ _ _ _ _ _ _ _ _ _ _ 
/usr/local/lib/python3.13/dist-packages/pyfakefs/fake_filesystem_unittest.py:230: in wrapped
    return f(*args, **kwargs)
tests/caclmgrd/caclmgrd_gil_ip_multiasic_test.py:67: in test_caclmgrd_gil_ip_multiasic
    iptables_rules, _ = daemon.get_acl_rules_and_translate_to_iptables_commands(
scripts/caclmgrd:687: in get_acl_rules_and_translate_to_iptables_commands
    iptables_cmds += self.generate_allow_internal_chasis_midplane_traffic(namespace, config_db_connector)
scripts/caclmgrd:374: in generate_allow_internal_chasis_midplane_traffic
    if device_info.is_smartswitch():
/usr/local/lib/python3.13/dist-packages/sonic_py_common/device_info.py:680: in is_smartswitch
    platform_data = get_platform_json_data()
/usr/local/lib/python3.13/dist-packages/sonic_py_common/device_info.py:187: in get_platform_json_data
    platform_path = get_path_to_platform_dir()
_ _ _ _ _ _ _ _ _ _ _ _ _ _ _ _ _ _ _ _ _ _ _ _ _ _ _ _ _ _ _ _ _ _ _ _ _ _ _ _ 

    def get_path_to_platform_dir():
        """
        Retreives the paths to the device's platform directory
    
        Returns:
            A string containing the path to the platform directory of the device
        """
        # Get platform
        platform = get_platform()
    
        # Determine whether we're running in a container or on the host
        platform_path_host = os.path.join(HOST_DEVICE_PATH, platform)
    
        if os.path.isdir(CONTAINER_PLATFORM_PATH):
            platform_path = CONTAINER_PLATFORM_PATH
        elif os.path.isdir(platform_path_host):
            platform_path = platform_path_host
        else:
>           raise OSError("Failed to locate platform directory")
E           OSError: Failed to locate platform directory

/usr/local/lib/python3.13/dist-packages/sonic_py_common/device_info.py:292: OSError
_ TestCaclmgrdGilIpMultiAsic.test_caclmgrd_gil_ip_multiasic_4_Default_namespace_SSH_ACL_rule_uses_INPUT_chain_no_regression_ _

a = (<tests.caclmgrd.caclmgrd_gil_ip_multiasic_test.TestCaclmgrdGilIpMultiAsic testMethod=test_caclmgrd_gil_ip_multiasic_4_Default_namespace_SSH_ACL_rule_uses_INPUT_chain_no_regression_>,)
kw = {}

    @wraps(func)
    def standalone_func(*a, **kw):
>       return func(*(a + p.args), **p.kwargs, **kw)

/usr/lib/python3/dist-packages/parameterized/parameterized.py:620: 
_ _ _ _ _ _ _ _ _ _ _ _ _ _ _ _ _ _ _ _ _ _ _ _ _ _ _ _ _ _ _ _ _ _ _ _ _ _ _ _ 
/usr/local/lib/python3.13/dist-packages/pyfakefs/fake_filesystem_unittest.py:230: in wrapped
    return f(*args, **kwargs)
tests/caclmgrd/caclmgrd_gil_ip_multiasic_test.py:67: in test_caclmgrd_gil_ip_multiasic
    iptables_rules, _ = daemon.get_acl_rules_and_translate_to_iptables_commands(
scripts/caclmgrd:687: in get_acl_rules_and_translate_to_iptables_commands
    iptables_cmds += self.generate_allow_internal_chasis_midplane_traffic(namespace, config_db_connector)
scripts/caclmgrd:374: in generate_allow_internal_chasis_midplane_traffic
    if device_info.is_smartswitch():
/usr/local/lib/python3.13/dist-packages/sonic_py_common/device_info.py:680: in is_smartswitch
    platform_data = get_platform_json_data()
/usr/local/lib/python3.13/dist-packages/sonic_py_common/device_info.py:187: in get_platform_json_data
    platform_path = get_path_to_platform_dir()
_ _ _ _ _ _ _ _ _ _ _ _ _ _ _ _ _ _ _ _ _ _ _ _ _ _ _ _ _ _ _ _ _ _ _ _ _ _ _ _ 

    def get_path_to_platform_dir():
        """
        Retreives the paths to the device's platform directory
    
        Returns:
            A string containing the path to the platform directory of the device
        """
        # Get platform
        platform = get_platform()
    
        # Determine whether we're running in a container or on the host
        platform_path_host = os.path.join(HOST_DEVICE_PATH, platform)
    
        if os.path.isdir(CONTAINER_PLATFORM_PATH):
            platform_path = CONTAINER_PLATFORM_PATH
        elif os.path.isdir(platform_path_host):
            platform_path = platform_path_host
        else:
>           raise OSError("Failed to locate platform directory")
E           OSError: Failed to locate platform directory

/usr/local/lib/python3.13/dist-packages/sonic_py_common/device_info.py:292: OSError
_ TestCaclmgrdRedfishAcl.test_caclmgrd_redfish_acl_0_Test_single_IPv4_src_ip_allow_default_deny_for_REDFISH_ACL _

a = (<tests.caclmgrd.caclmgrd_redfish_acl_test.TestCaclmgrdRedfishAcl testMethod=test_caclmgrd_redfish_acl_0_Test_single_IPv4_src_ip_allow_default_deny_for_REDFISH_ACL>,)
kw = {}

    @wraps(func)
    def standalone_func(*a, **kw):
>       return func(*(a + p.args), **p.kwargs, **kw)

/usr/lib/python3/dist-packages/parameterized/parameterized.py:620: 
_ _ _ _ _ _ _ _ _ _ _ _ _ _ _ _ _ _ _ _ _ _ _ _ _ _ _ _ _ _ _ _ _ _ _ _ _ _ _ _ 
/usr/local/lib/python3.13/dist-packages/pyfakefs/fake_filesystem_unittest.py:230: in wrapped
    return f(*args, **kwargs)
tests/caclmgrd/caclmgrd_redfish_acl_test.py:54: in test_caclmgrd_redfish_acl
    iptables_rules_ret, _ = caclmgrd_daemon.get_acl_rules_and_translate_to_iptables_commands('', MockConfigDb())
scripts/caclmgrd:687: in get_acl_rules_and_translate_to_iptables_commands
    iptables_cmds += self.generate_allow_internal_chasis_midplane_traffic(namespace, config_db_connector)
scripts/caclmgrd:374: in generate_allow_internal_chasis_midplane_traffic
    if device_info.is_smartswitch():
/usr/local/lib/python3.13/dist-packages/sonic_py_common/device_info.py:680: in is_smartswitch
    platform_data = get_platform_json_data()
/usr/local/lib/python3.13/dist-packages/sonic_py_common/device_info.py:187: in get_platform_json_data
    platform_path = get_path_to_platform_dir()
_ _ _ _ _ _ _ _ _ _ _ _ _ _ _ _ _ _ _ _ _ _ _ _ _ _ _ _ _ _ _ _ _ _ _ _ _ _ _ _ 

    def get_path_to_platform_dir():
        """
        Retreives the paths to the device's platform directory
    
        Returns:
            A string containing the path to the platform directory of the device
        """
        # Get platform
        platform = get_platform()
    
        # Determine whether we're running in a container or on the host
        platform_path_host = os.path.join(HOST_DEVICE_PATH, platform)
    
        if os.path.isdir(CONTAINER_PLATFORM_PATH):
            platform_path = CONTAINER_PLATFORM_PATH
        elif os.path.isdir(platform_path_host):
            platform_path = platform_path_host
        else:
>           raise OSError("Failed to locate platform directory")
E           OSError: Failed to locate platform directory

/usr/local/lib/python3.13/dist-packages/sonic_py_common/device_info.py:292: OSError
_ TestCaclmgrdRedfishAcl.test_caclmgrd_redfish_acl_1_Test_IPv6_src_ip_allow_default_deny_for_REDFISH_ACL _

a = (<tests.caclmgrd.caclmgrd_redfish_acl_test.TestCaclmgrdRedfishAcl testMethod=test_caclmgrd_redfish_acl_1_Test_IPv6_src_ip_allow_default_deny_for_REDFISH_ACL>,)
kw = {}

    @wraps(func)
    def standalone_func(*a, **kw):
>       return func(*(a + p.args), **p.kwargs, **kw)

/usr/lib/python3/dist-packages/parameterized/parameterized.py:620: 
_ _ _ _ _ _ _ _ _ _ _ _ _ _ _ _ _ _ _ _ _ _ _ _ _ _ _ _ _ _ _ _ _ _ _ _ _ _ _ _ 
/usr/local/lib/python3.13/dist-packages/pyfakefs/fake_filesystem_unittest.py:230: in wrapped
    return f(*args, **kwargs)
tests/caclmgrd/caclmgrd_redfish_acl_test.py:54: in test_caclmgrd_redfish_acl
    iptables_rules_ret, _ = caclmgrd_daemon.get_acl_rules_and_translate_to_iptables_commands('', MockConfigDb())
scripts/caclmgrd:687: in get_acl_rules_and_translate_to_iptables_commands
    iptables_cmds += self.generate_allow_internal_chasis_midplane_traffic(namespace, config_db_connector)
scripts/caclmgrd:374: in generate_allow_internal_chasis_midplane_traffic
    if device_info.is_smartswitch():
/usr/local/lib/python3.13/dist-packages/sonic_py_common/device_info.py:680: in is_smartswitch
    platform_data = get_platform_json_data()
/usr/local/lib/python3.13/dist-packages/sonic_py_common/device_info.py:187: in get_platform_json_data
    platform_path = get_path_to_platform_dir()
_ _ _ _ _ _ _ _ _ _ _ _ _ _ _ _ _ _ _ _ _ _ _ _ _ _ _ _ _ _ _ _ _ _ _ _ _ _ _ _ 

    def get_path_to_platform_dir():
        """
        Retreives the paths to the device's platform directory
    
        Returns:
            A string containing the path to the platform directory of the device
        """
        # Get platform
        platform = get_platform()
    
        # Determine whether we're running in a container or on the host
        platform_path_host = os.path.join(HOST_DEVICE_PATH, platform)
    
        if os.path.isdir(CONTAINER_PLATFORM_PATH):
            platform_path = CONTAINER_PLATFORM_PATH
        elif os.path.isdir(platform_path_host):
            platform_path = platform_path_host
        else:
>           raise OSError("Failed to locate platform directory")
E           OSError: Failed to locate platform directory

/usr/local/lib/python3.13/dist-packages/sonic_py_common/device_info.py:292: OSError
_ TestCaclmgrdRedfishAcl.test_caclmgrd_redfish_acl_skipped_when_feature_disabled_0_Disabled_feature_IPv4_REDFISH_ACL_must_be_skipped _

a = (<tests.caclmgrd.caclmgrd_redfish_acl_test.TestCaclmgrdRedfishAcl testMethod=test_caclmgrd_redfish_acl_skipped_when_feature_disabled_0_Disabled_feature_IPv4_REDFISH_ACL_must_be_skipped>,)
kw = {}

    @wraps(func)
    def standalone_func(*a, **kw):
>       return func(*(a + p.args), **p.kwargs, **kw)

/usr/lib/python3/dist-packages/parameterized/parameterized.py:620: 
_ _ _ _ _ _ _ _ _ _ _ _ _ _ _ _ _ _ _ _ _ _ _ _ _ _ _ _ _ _ _ _ _ _ _ _ _ _ _ _ 
/usr/local/lib/python3.13/dist-packages/pyfakefs/fake_filesystem_unittest.py:230: in wrapped
    return f(*args, **kwargs)
tests/caclmgrd/caclmgrd_redfish_acl_test.py:85: in test_caclmgrd_redfish_acl_skipped_when_feature_disabled
    iptables_rules_ret, _ = caclmgrd_daemon.get_acl_rules_and_translate_to_iptables_commands('', MockConfigDb())
scripts/caclmgrd:687: in get_acl_rules_and_translate_to_iptables_commands
    iptables_cmds += self.generate_allow_internal_chasis_midplane_traffic(namespace, config_db_connector)
scripts/caclmgrd:374: in generate_allow_internal_chasis_midplane_traffic
    if device_info.is_smartswitch():
/usr/local/lib/python3.13/dist-packages/sonic_py_common/device_info.py:680: in is_smartswitch
    platform_data = get_platform_json_data()
/usr/local/lib/python3.13/dist-packages/sonic_py_common/device_info.py:187: in get_platform_json_data
    platform_path = get_path_to_platform_dir()
_ _ _ _ _ _ _ _ _ _ _ _ _ _ _ _ _ _ _ _ _ _ _ _ _ _ _ _ _ _ _ _ _ _ _ _ _ _ _ _ 

    def get_path_to_platform_dir():
        """
        Retreives the paths to the device's platform directory
    
        Returns:
            A string containing the path to the platform directory of the device
        """
        # Get platform
        platform = get_platform()
    
        # Determine whether we're running in a container or on the host
        platform_path_host = os.path.join(HOST_DEVICE_PATH, platform)
    
        if os.path.isdir(CONTAINER_PLATFORM_PATH):
            platform_path = CONTAINER_PLATFORM_PATH
        elif os.path.isdir(platform_path_host):
            platform_path = platform_path_host
        else:
>           raise OSError("Failed to locate platform directory")
E           OSError: Failed to locate platform directory

/usr/local/lib/python3.13/dist-packages/sonic_py_common/device_info.py:292: OSError
_ TestCaclmgrdRedfishAcl.test_caclmgrd_redfish_acl_skipped_when_feature_disabled_1_Disabled_feature_IPv6_REDFISH_ACL_must_be_skipped _

a = (<tests.caclmgrd.caclmgrd_redfish_acl_test.TestCaclmgrdRedfishAcl testMethod=test_caclmgrd_redfish_acl_skipped_when_feature_disabled_1_Disabled_feature_IPv6_REDFISH_ACL_must_be_skipped>,)
kw = {}

    @wraps(func)
    def standalone_func(*a, **kw):
>       return func(*(a + p.args), **p.kwargs, **kw)

/usr/lib/python3/dist-packages/parameterized/parameterized.py:620: 
_ _ _ _ _ _ _ _ _ _ _ _ _ _ _ _ _ _ _ _ _ _ _ _ _ _ _ _ _ _ _ _ _ _ _ _ _ _ _ _ 
/usr/local/lib/python3.13/dist-packages/pyfakefs/fake_filesystem_unittest.py:230: in wrapped
    return f(*args, **kwargs)
tests/caclmgrd/caclmgrd_redfish_acl_test.py:85: in test_caclmgrd_redfish_acl_skipped_when_feature_disabled
    iptables_rules_ret, _ = caclmgrd_daemon.get_acl_rules_and_translate_to_iptables_commands('', MockConfigDb())
scripts/caclmgrd:687: in get_acl_rules_and_translate_to_iptables_commands
    iptables_cmds += self.generate_allow_internal_chasis_midplane_traffic(namespace, config_db_connector)
scripts/caclmgrd:374: in generate_allow_internal_chasis_midplane_traffic
    if device_info.is_smartswitch():
/usr/local/lib/python3.13/dist-packages/sonic_py_common/device_info.py:680: in is_smartswitch
    platform_data = get_platform_json_data()
/usr/local/lib/python3.13/dist-packages/sonic_py_common/device_info.py:187: in get_platform_json_data
    platform_path = get_path_to_platform_dir()
_ _ _ _ _ _ _ _ _ _ _ _ _ _ _ _ _ _ _ _ _ _ _ _ _ _ _ _ _ _ _ _ _ _ _ _ _ _ _ _ 

    def get_path_to_platform_dir():
        """
        Retreives the paths to the device's platform directory
    
        Returns:
            A string containing the path to the platform directory of the device
        """
        # Get platform
        platform = get_platform()
    
        # Determine whether we're running in a container or on the host
        platform_path_host = os.path.join(HOST_DEVICE_PATH, platform)
    
        if os.path.isdir(CONTAINER_PLATFORM_PATH):
            platform_path = CONTAINER_PLATFORM_PATH
        elif os.path.isdir(platform_path_host):
            platform_path = platform_path_host
        else:
>           raise OSError("Failed to locate platform directory")
E           OSError: Failed to locate platform directory

/usr/local/lib/python3.13/dist-packages/sonic_py_common/device_info.py:292: OSError
__________ TestCaclmgrdScale.test_caclmgrd_scale_0_SCALE_SESSION_TEST __________

a = (<tests.caclmgrd.caclmgrd_scale_test.TestCaclmgrdScale testMethod=test_caclmgrd_scale_0_SCALE_SESSION_TEST>,)
kw = {}

    @wraps(func)
    def standalone_func(*a, **kw):
>       return func(*(a + p.args), **p.kwargs, **kw)

/usr/lib/python3/dist-packages/parameterized/parameterized.py:620: 
_ _ _ _ _ _ _ _ _ _ _ _ _ _ _ _ _ _ _ _ _ _ _ _ _ _ _ _ _ _ _ _ _ _ _ _ _ _ _ _ 
/usr/local/lib/python3.13/dist-packages/pyfakefs/fake_filesystem_unittest.py:230: in wrapped
    return f(*args, **kwargs)
tests/caclmgrd/caclmgrd_scale_test.py:51: in test_caclmgrd_scale
    mocked_subprocess.Popen.assert_has_calls(test_data["expected_subprocess_calls"], any_order=True)
_ _ _ _ _ _ _ _ _ _ _ _ _ _ _ _ _ _ _ _ _ _ _ _ _ _ _ _ _ _ _ _ _ _ _ _ _ _ _ _ 

self = <MagicMock name='subprocess.Popen' id='127791288589952'>
calls = [call(['ip6tables', '-A', 'INPUT', '-p', 'udp', '-s', '2001::2/128', '--dport', '123', '-j', 'DROP'], universal_newlin..., 'INPUT', '-p', 'udp', '-s', '2001::7/128', '--dport', '123', '-j', 'DROP'], universal_newlines=True, stdout=-1), ...]
any_order = True

    def assert_has_calls(self, calls, any_order=False):
        """assert the mock has been called with the specified calls.
        The `mock_calls` list is checked for the calls.
    
        If `any_order` is False (the default) then the calls must be
        sequential. There can be extra calls before or after the
        specified calls.
    
        If `any_order` is True then the calls can be in any order, but
        they must all appear in `mock_calls`."""
        expected = [self._call_matcher(c) for c in calls]
        cause = next((e for e in expected if isinstance(e, Exception)), None)
        all_calls = _CallList(self._call_matcher(c) for c in self.mock_calls)
        if not any_order:
            if expected not in all_calls:
                if cause is None:
                    problem = 'Calls not found.'
                else:
                    problem = ('Error processing expected calls.\n'
                               'Errors: {}').format(
                                   [e if isinstance(e, Exception) else None
                                    for e in expected])
                raise AssertionError(
                    f'{problem}\n'
                    f'Expected: {_CallList(calls)}\n'
                    f'  Actual: {safe_repr(self.mock_calls)}'
                ) from cause
            return
    
        all_calls = list(all_calls)
    
        not_found = []
        for kall in expected:
            try:
                all_calls.remove(kall)
            except ValueError:
                not_found.append(kall)
        if not_found:
>           raise AssertionError(
                '%r does not contain all of %r in its call list, '
                'found %r instead' % (self._mock_name or 'mock',
                                      tuple(not_found), all_calls)
            ) from cause
E           AssertionError: 'Popen' does not contain all of (call(['ip6tables', '-A', 'INPUT', '-p', 'udp', '-s', '2001::2/128', '--dport', '123', '-j', 'DROP'], universal_newlines=True, stdout=-1), call(['ip6tables', '-A', 'INPUT', '-p', 'udp', '-s', '2001::3/128', '--dport', '123', '-j', 'DROP'], universal_newlines=True, stdout=-1), call(['ip6tables', '-A', 'INPUT', '-p', 'udp', '-s', '2001::4/128', '--dport', '123', '-j', 'DROP'], universal_newlines=True, stdout=-1), call(['ip6tables', '-A', 'INPUT', '-p', 'udp', '-s', '2001::5/128', '--dport', '123', '-j', 'DROP'], universal_newlines=True, stdout=-1), call(['ip6tables', '-A', 'INPUT', '-p', 'udp', '-s', '2001::6/128', '--dport', '123', '-j', 'DROP'], universal_newlines=True, stdout=-1), call(['ip6tables', '-A', 'INPUT', '-p', 'udp', '-s', '2001::7/128', '--dport', '123', '-j', 'DROP'], universal_newlines=True, stdout=-1), call(['ip6tables', '-A', 'INPUT', '-p', 'udp', '-s', '2001::8/128', '--dport', '123', '-j', 'DROP'], universal_newlines=True, stdout=-1), call(['ip6tables', '-A', 'INPUT', '-p', 'udp', '-s', '2001::9/128', '--dport', '123', '-j', 'DROP'], universal_newlines=True, stdout=-1), call(['ip6tables', '-A', 'INPUT', '-p', 'udp', '-s', '2001::10/128', '--dport', '123', '-j', 'DROP'], universal_newlines=True, stdout=-1), call(['ip6tables', '-A', 'INPUT', '-p', 'udp', '-s', '2001::11/128', '--dport', '123', '-j', 'DROP'], universal_newlines=True, stdout=-1), call(['ip6tables', '-A', 'INPUT', '-p', 'udp', '-s', '2001::12/128', '--dport', '123', '-j', 'DROP'], universal_newlines=True, stdout=-1), call(['ip6tables', '-A', 'INPUT', '-p', 'udp', '-s', '2001::13/128', '--dport', '123', '-j', 'DROP'], universal_newlines=True, stdout=-1), call(['ip6tables', '-A', 'INPUT', '-p', 'udp', '-s', '2001::14/128', '--dport', '123', '-j', 'DROP'], universal_newlines=True, stdout=-1), call(['ip6tables', '-A', 'INPUT', '-p', 'udp', '-s', '2001::15/128', '--dport', '123', '-j', 'DROP'], universal_newlines=True, stdout=-1), call(['ip6tables', '-A', 'INPUT', '-p', 'udp', '-s', '2001::16/128', '--dport', '123', '-j', 'DROP'], universal_newlines=True, stdout=-1), call(['ip6tables', '-A', 'INPUT', '-p', 'udp', '-s', '2001::17/128', '--dport', '123', '-j', 'DROP'], universal_newlines=True, stdout=-1), call(['ip6tables', '-A', 'INPUT', '-p', 'udp', '-s', '2001::18/128', '--dport', '123', '-j', 'DROP'], universal_newlines=True, stdout=-1), call(['ip6tables', '-A', 'INPUT', '-p', 'udp', '-s', '2001::19/128', '--dport', '123', '-j', 'DROP'], universal_newlines=True, stdout=-1), call(['ip6tables', '-A', 'INPUT', '-p', 'udp', '-s', '2001::20/128', '--dport', '123', '-j', 'DROP'], universal_newlines=True, stdout=-1), call(['ip6tables', '-A', 'INPUT', '-p', 'udp', '-s', '2001::21/128', '--dport', '123', '-j', 'DROP'], universal_newlines=True, stdout=-1), call(['ip6tables', '-A', 'INPUT', '-p', 'udp', '-s', '2001::22/128', '--dport', '123', '-j', 'DROP'], universal_newlines=True, stdout=-1), call(['ip6tables', '-A', 'INPUT', '-p', 'udp', '-s', '2001::23/128', '--dport', '123', '-j', 'DROP'], universal_newlines=True, stdout=-1), call(['ip6tables', '-A', 'INPUT', '-p', 'udp', '-s', '2001::24/128', '--dport', '123', '-j', 'DROP'], universal_newlines=True, stdout=-1), call(['ip6tables', '-A', 'INPUT', '-p', 'udp', '-s', '2001::25/128', '--dport', '123', '-j', 'DROP'], universal_newlines=True, stdout=-1), call(['ip6tables', '-A', 'INPUT', '-p', 'udp', '-s', '2001::26/128', '--dport', '123', '-j', 'DROP'], universal_newlines=True, stdout=-1), call(['ip6tables', '-A', 'INPUT', '-p', 'udp', '-s', '2001::27/128', '--dport', '123', '-j', 'DROP'], universal_newlines=True, stdout=-1), call(['ip6tables', '-A', 'INPUT', '-p', 'udp', '-s', '2001::28/128', '--dport', '123', '-j', 'DROP'], universal_newlines=True, stdout=-1), call(['ip6tables', '-A', 'INPUT', '-p', 'udp', '-s', '2001::29/128', '--dport', '123', '-j', 'DROP'], universal_newlines=True, stdout=-1), call(['ip6tables', '-A', 'INPUT', '-p', 'udp', '-s', '2001::30/128', '--dport', '123', '-j', 'DROP'], universal_newlines=True, stdout=-1), call(['ip6tables', '-A', 'INPUT', '-p', 'udp', '-s', '2001::31/128', '--dport', '123', '-j', 'DROP'], universal_newlines=True, stdout=-1), call(['ip6tables', '-A', 'INPUT', '-p', 'udp', '-s', '2001::32/128', '--dport', '123', '-j', 'DROP'], universal_newlines=True, stdout=-1), call(['ip6tables', '-A', 'INPUT', '-p', 'udp', '-s', '2001::33/128', '--dport', '123', '-j', 'DROP'], universal_newlines=True, stdout=-1), call(['ip6tables', '-A', 'INPUT', '-p', 'udp', '-s', '2001::34/128', '--dport', '123', '-j', 'DROP'], universal_newlines=True, stdout=-1), call(['ip6tables', '-A', 'INPUT', '-p', 'udp', '-s', '2001::35/128', '--dport', '123', '-j', 'DROP'], universal_newlines=True, stdout=-1), call(['ip6tables', '-A', 'INPUT', '-p', 'udp', '-s', '2001::36/128', '--dport', '123', '-j', 'DROP'], universal_newlines=True, stdout=-1), call(['ip6tables', '-A', 'INPUT', '-p', 'udp', '-s', '2001::37/128', '--dport', '123', '-j', 'DROP'], universal_newlines=True, stdout=-1), call(['ip6tables', '-A', 'INPUT', '-p', 'udp', '-s', '2001::38/128', '--dport', '123', '-j', 'DROP'], universal_newlines=True, stdout=-1), call(['ip6tables', '-A', 'INPUT', '-p', 'udp', '-s', '2001::39/128', '--dport', '123', '-j', 'DROP'], universal_newlines=True, stdout=-1), call(['ip6tables', '-A', 'INPUT', '-p', 'udp', '-s', '2001::40/128', '--dport', '123', '-j', 'DROP'], universal_newlines=True, stdout=-1), call(['ip6tables', '-A', 'INPUT', '-p', 'udp', '-s', '2001::41/128', '--dport', '123', '-j', 'DROP'], universal_newlines=True, stdout=-1), call(['ip6tables', '-A', 'INPUT', '-p', 'udp', '-s', '2001::42/128', '--dport', '123', '-j', 'DROP'], universal_newlines=True, stdout=-1), call(['ip6tables', '-A', 'INPUT', '-p', 'udp', '-s', '2001::43/128', '--dport', '123', '-j', 'DROP'], universal_newlines=True, stdout=-1), call(['ip6tables', '-A', 'INPUT', '-p', 'udp', '-s', '2001::44/128', '--dport', '123', '-j', 'DROP'], universal_newlines=True, stdout=-1), call(['ip6tables', '-A', 'INPUT', '-p', 'udp', '-s', '2001::45/128', '--dport', '123', '-j', 'DROP'], universal_newlines=True, stdout=-1), call(['ip6tables', '-A', 'INPUT', '-p', 'udp', '-s', '2001::46/128', '--dport', '123', '-j', 'DROP'], universal_newlines=True, stdout=-1), call(['ip6tables', '-A', 'INPUT', '-p', 'udp', '-s', '2001::47/128', '--dport', '123', '-j', 'DROP'], universal_newlines=True, stdout=-1), call(['ip6tables', '-A', 'INPUT', '-p', 'udp', '-s', '2001::48/128', '--dport', '123', '-j', 'DROP'], universal_newlines=True, stdout=-1), call(['ip6tables', '-A', 'INPUT', '-p', 'udp', '-s', '2001::49/128', '--dport', '123', '-j', 'DROP'], universal_newlines=True, stdout=-1), call(['ip6tables', '-A', 'INPUT', '-p', 'udp', '-s', '2001::50/128', '--dport', '123', '-j', 'DROP'], universal_newlines=True, stdout=-1), call(['ip6tables', '-A', 'INPUT', '-p', 'udp', '-s', '2001::51/128', '--dport', '123', '-j', 'DROP'], universal_newlines=True, stdout=-1), call(['ip6tables', '-A', 'INPUT', '-p', 'tcp', '-s', '2001::2/128', '--dport', '161', '-j', 'DROP'], universal_newlines=True, stdout=-1), call(['ip6tables', '-A', 'INPUT', '-p', 'udp', '-s', '2001::2/128', '--dport', '161', '-j', 'DROP'], universal_newlines=True, stdout=-1), call(['ip6tables', '-A', 'INPUT', '-p', 'tcp', '-s', '2001::3/128', '--dport', '161', '-j', 'DROP'], universal_newlines=True, stdout=-1), call(['ip6tables', '-A', 'INPUT', '-p', 'udp', '-s', '2001::3/128', '--dport', '161', '-j', 'DROP'], universal_newlines=True, stdout=-1), call(['ip6tables', '-A', 'INPUT', '-p', 'tcp', '-s', '2001::4/128', '--dport', '161', '-j', 'DROP'], universal_newlines=True, stdout=-1), call(['ip6tables', '-A', 'INPUT', '-p', 'udp', '-s', '2001::4/128', '--dport', '161', '-j', 'DROP'], universal_newlines=True, stdout=-1), call(['ip6tables', '-A', 'INPUT', '-p', 'tcp', '-s', '2001::5/128', '--dport', '161', '-j', 'DROP'], universal_newlines=True, stdout=-1), call(['ip6tables', '-A', 'INPUT', '-p', 'udp', '-s', '2001::5/128', '--dport', '161', '-j', 'DROP'], universal_newlines=True, stdout=-1), call(['ip6tables', '-A', 'INPUT', '-p', 'tcp', '-s', '2001::6/128', '--dport', '161', '-j', 'DROP'], universal_newlines=True, stdout=-1), call(['ip6tables', '-A', 'INPUT', '-p', 'udp', '-s', '2001::6/128', '--dport', '161', '-j', 'DROP'], universal_newlines=True, stdout=-1), call(['ip6tables', '-A', 'INPUT', '-p', 'tcp', '-s', '2001::7/128', '--dport', '161', '-j', 'DROP'], universal_newlines=True, stdout=-1), call(['ip6tables', '-A', 'INPUT', '-p', 'udp', '-s', '2001::7/128', '--dport', '161', '-j', 'DROP'], universal_newlines=True, stdout=-1), call(['ip6tables', '-A', 'INPUT', '-p', 'tcp', '-s', '2001::8/128', '--dport', '161', '-j', 'DROP'], universal_newlines=True, stdout=-1), call(['ip6tables', '-A', 'INPUT', '-p', 'udp', '-s', '2001::8/128', '--dport', '161', '-j', 'DROP'], universal_newlines=True, stdout=-1), call(['ip6tables', '-A', 'INPUT', '-p', 'tcp', '-s', '2001::9/128', '--dport', '161', '-j', 'DROP'], universal_newlines=True, stdout=-1), call(['ip6tables', '-A', 'INPUT', '-p', 'udp', '-s', '2001::9/128', '--dport', '161', '-j', 'DROP'], universal_newlines=True, stdout=-1), call(['ip6tables', '-A', 'INPUT', '-p', 'tcp', '-s', '2001::10/128', '--dport', '161', '-j', 'DROP'], universal_newlines=True, stdout=-1), call(['ip6tables', '-A', 'INPUT', '-p', 'udp', '-s', '2001::10/128', '--dport', '161', '-j', 'DROP'], universal_newlines=True, stdout=-1), call(['ip6tables', '-A', 'INPUT', '-p', 'tcp', '-s', '2001::11/128', '--dport', '161', '-j', 'DROP'], universal_newlines=True, stdout=-1), call(['ip6tables', '-A', 'INPUT', '-p', 'udp', '-s', '2001::11/128', '--dport', '161', '-j', 'DROP'], universal_newlines=True, stdout=-1), call(['ip6tables', '-A', 'INPUT', '-p', 'tcp', '-s', '2001::12/128', '--dport', '161', '-j', 'DROP'], universal_newlines=True, stdout=-1), call(['ip6tables', '-A', 'INPUT', '-p', 'udp', '-s', '2001::12/128', '--dport', '161', '-j', 'DROP'], universal_newlines=True, stdout=-1), call(['ip6tables', '-A', 'INPUT', '-p', 'tcp', '-s', '2001::13/128', '--dport', '161', '-j', 'DROP'], universal_newlines=True, stdout=-1), call(['ip6tables', '-A', 'INPUT', '-p', 'udp', '-s', '2001::13/128', '--dport', '161', '-j', 'DROP'], universal_newlines=True, stdout=-1), call(['ip6tables', '-A', 'INPUT', '-p', 'tcp', '-s', '2001::14/128', '--dport', '161', '-j', 'DROP'], universal_newlines=True, stdout=-1), call(['ip6tables', '-A', 'INPUT', '-p', 'udp', '-s', '2001::14/128', '--dport', '161', '-j', 'DROP'], universal_newlines=True, stdout=-1), call(['ip6tables', '-A', 'INPUT', '-p', 'tcp', '-s', '2001::15/128', '--dport', '161', '-j', 'DROP'], universal_newlines=True, stdout=-1), call(['ip6tables', '-A', 'INPUT', '-p', 'udp', '-s', '2001::15/128', '--dport', '161', '-j', 'DROP'], universal_newlines=True, stdout=-1), call(['ip6tables', '-A', 'INPUT', '-p', 'tcp', '-s', '2001::16/128', '--dport', '161', '-j', 'DROP'], universal_newlines=True, stdout=-1), call(['ip6tables', '-A', 'INPUT', '-p', 'udp', '-s', '2001::16/128', '--dport', '161', '-j', 'DROP'], universal_newlines=True, stdout=-1), call(['ip6tables', '-A', 'INPUT', '-p', 'tcp', '-s', '2001::17/128', '--dport', '161', '-j', 'DROP'], universal_newlines=True, stdout=-1), call(['ip6tables', '-A', 'INPUT', '-p', 'udp', '-s', '2001::17/128', '--dport', '161', '-j', 'DROP'], universal_newlines=True, stdout=-1), call(['ip6tables', '-A', 'INPUT', '-p', 'tcp', '-s', '2001::18/128', '--dport', '161', '-j', 'DROP'], universal_newlines=True, stdout=-1), call(['ip6tables', '-A', 'INPUT', '-p', 'udp', '-s', '2001::18/128', '--dport', '161', '-j', 'DROP'], universal_newlines=True, stdout=-1), call(['ip6tables', '-A', 'INPUT', '-p', 'tcp', '-s', '2001::19/128', '--dport', '161', '-j', 'DROP'], universal_newlines=True, stdout=-1), call(['ip6tables', '-A', 'INPUT', '-p', 'udp', '-s', '2001::19/128', '--dport', '161', '-j', 'DROP'], universal_newlines=True, stdout=-1), call(['ip6tables', '-A', 'INPUT', '-p', 'tcp', '-s', '2001::20/128', '--dport', '161', '-j', 'DROP'], universal_newlines=True, stdout=-1), call(['ip6tables', '-A', 'INPUT', '-p', 'udp', '-s', '2001::20/128', '--dport', '161', '-j', 'DROP'], universal_newlines=True, stdout=-1), call(['ip6tables', '-A', 'INPUT', '-p', 'tcp', '-s', '2001::21/128', '--dport', '161', '-j', 'DROP'], universal_newlines=True, stdout=-1), call(['ip6tables', '-A', 'INPUT', '-p', 'udp', '-s', '2001::21/128', '--dport', '161', '-j', 'DROP'], universal_newlines=True, stdout=-1), call(['ip6tables', '-A', 'INPUT', '-p', 'tcp', '-s', '2001::22/128', '--dport', '161', '-j', 'DROP'], universal_newlines=True, stdout=-1), call(['ip6tables', '-A', 'INPUT', '-p', 'udp', '-s', '2001::22/128', '--dport', '161', '-j', 'DROP'], universal_newlines=True, stdout=-1), call(['ip6tables', '-A', 'INPUT', '-p', 'tcp', '-s', '2001::23/128', '--dport', '161', '-j', 'DROP'], universal_newlines=True, stdout=-1), call(['ip6tables', '-A', 'INPUT', '-p', 'udp', '-s', '2001::23/128', '--dport', '161', '-j', 'DROP'], universal_newlines=True, stdout=-1), call(['ip6tables', '-A', 'INPUT', '-p', 'tcp', '-s', '2001::24/128', '--dport', '161', '-j', 'DROP'], universal_newlines=True, stdout=-1), call(['ip6tables', '-A', 'INPUT', '-p', 'udp', '-s', '2001::24/128', '--dport', '161', '-j', 'DROP'], universal_newlines=True, stdout=-1), call(['ip6tables', '-A', 'INPUT', '-p', 'tcp', '-s', '2001::25/128', '--dport', '161', '-j', 'DROP'], universal_newlines=True, stdout=-1), call(['ip6tables', '-A', 'INPUT', '-p', 'udp', '-s', '2001::25/128', '--dport', '161', '-j', 'DROP'], universal_newlines=True, stdout=-1), call(['ip6tables', '-A', 'INPUT', '-p', 'tcp', '-s', '2001::26/128', '--dport', '161', '-j', 'DROP'], universal_newlines=True, stdout=-1), call(['ip6tables', '-A', 'INPUT', '-p', 'udp', '-s', '2001::26/128', '--dport', '161', '-j', 'DROP'], universal_newlines=True, stdout=-1), call(['ip6tables', '-A', 'INPUT', '-p', 'tcp', '-s', '2001::27/128', '--dport', '161', '-j', 'DROP'], universal_newlines=True, stdout=-1), call(['ip6tables', '-A', 'INPUT', '-p', 'udp', '-s', '2001::27/128', '--dport', '161', '-j', 'DROP'], universal_newlines=True, stdout=-1), call(['ip6tables', '-A', 'INPUT', '-p', 'tcp', '-s', '2001::28/128', '--dport', '161', '-j', 'DROP'], universal_newlines=True, stdout=-1), call(['ip6tables', '-A', 'INPUT', '-p', 'udp', '-s', '2001::28/128', '--dport', '161', '-j', 'DROP'], universal_newlines=True, stdout=-1), call(['ip6tables', '-A', 'INPUT', '-p', 'tcp', '-s', '2001::29/128', '--dport', '161', '-j', 'DROP'], universal_newlines=True, stdout=-1), call(['ip6tables', '-A', 'INPUT', '-p', 'udp', '-s', '2001::29/128', '--dport', '161', '-j', 'DROP'], universal_newlines=True, stdout=-1), call(['ip6tables', '-A', 'INPUT', '-p', 'tcp', '-s', '2001::30/128', '--dport', '161', '-j', 'DROP'], universal_newlines=True, stdout=-1), call(['ip6tables', '-A', 'INPUT', '-p', 'udp', '-s', '2001::30/128', '--dport', '161', '-j', 'DROP'], universal_newlines=True, stdout=-1), call(['ip6tables', '-A', 'INPUT', '-p', 'tcp', '-s', '2001::31/128', '--dport', '161', '-j', 'DROP'], universal_newlines=True, stdout=-1), call(['ip6tables', '-A', 'INPUT', '-p', 'udp', '-s', '2001::31/128', '--dport', '161', '-j', 'DROP'], universal_newlines=True, stdout=-1), call(['ip6tables', '-A', 'INPUT', '-p', 'tcp', '-s', '2001::32/128', '--dport', '161', '-j', 'DROP'], universal_newlines=True, stdout=-1), call(['ip6tables', '-A', 'INPUT', '-p', 'udp', '-s', '2001::32/128', '--dport', '161', '-j', 'DROP'], universal_newlines=True, stdout=-1), call(['ip6tables', '-A', 'INPUT', '-p', 'tcp', '-s', '2001::33/128', '--dport', '161', '-j', 'DROP'], universal_newlines=True, stdout=-1), call(['ip6tables', '-A', 'INPUT', '-p', 'udp', '-s', '2001::33/128', '--dport', '161', '-j', 'DROP'], universal_newlines=True, stdout=-1), call(['ip6tables', '-A', 'INPUT', '-p', 'tcp', '-s', '2001::34/128', '--dport', '161', '-j', 'DROP'], universal_newlines=True, stdout=-1), call(['ip6tables', '-A', 'INPUT', '-p', 'udp', '-s', '2001::34/128', '--dport', '161', '-j', 'DROP'], universal_newlines=True, stdout=-1), call(['ip6tables', '-A', 'INPUT', '-p', 'tcp', '-s', '2001::35/128', '--dport', '161', '-j', 'DROP'], universal_newlines=True, stdout=-1), call(['ip6tables', '-A', 'INPUT', '-p', 'udp', '-s', '2001::35/128', '--dport', '161', '-j', 'DROP'], universal_newlines=True, stdout=-1), call(['ip6tables', '-A', 'INPUT', '-p', 'tcp', '-s', '2001::36/128', '--dport', '161', '-j', 'DROP'], universal_newlines=True, stdout=-1), call(['ip6tables', '-A', 'INPUT', '-p', 'udp', '-s', '2001::36/128', '--dport', '161', '-j', 'DROP'], universal_newlines=True, stdout=-1), call(['ip6tables', '-A', 'INPUT', '-p', 'tcp', '-s', '2001::37/128', '--dport', '161', '-j', 'DROP'], universal_newlines=True, stdout=-1), call(['ip6tables', '-A', 'INPUT', '-p', 'udp', '-s', '2001::37/128', '--dport', '161', '-j', 'DROP'], universal_newlines=True, stdout=-1), call(['ip6tables', '-A', 'INPUT', '-p', 'tcp', '-s', '2001::38/128', '--dport', '161', '-j', 'DROP'], universal_newlines=True, stdout=-1), call(['ip6tables', '-A', 'INPUT', '-p', 'udp', '-s', '2001::38/128', '--dport', '161', '-j', 'DROP'], universal_newlines=True, stdout=-1), call(['ip6tables', '-A', 'INPUT', '-p', 'tcp', '-s', '2001::39/128', '--dport', '161', '-j', 'DROP'], universal_newlines=True, stdout=-1), call(['ip6tables', '-A', 'INPUT', '-p', 'udp', '-s', '2001::39/128', '--dport', '161', '-j', 'DROP'], universal_newlines=True, stdout=-1), call(['ip6tables', '-A', 'INPUT', '-p', 'tcp', '-s', '2001::40/128', '--dport', '161', '-j', 'DROP'], universal_newlines=True, stdout=-1), call(['ip6tables', '-A', 'INPUT', '-p', 'udp', '-s', '2001::40/128', '--dport', '161', '-j', 'DROP'], universal_newlines=True, stdout=-1), call(['ip6tables', '-A', 'INPUT', '-p', 'tcp', '-s', '2001::41/128', '--dport', '161', '-j', 'DROP'], universal_newlines=True, stdout=-1), call(['ip6tables', '-A', 'INPUT', '-p', 'udp', '-s', '2001::41/128', '--dport', '161', '-j', 'DROP'], universal_newlines=True, stdout=-1), call(['ip6tables', '-A', 'INPUT', '-p', 'tcp', '-s', '2001::42/128', '--dport', '161', '-j', 'DROP'], universal_newlines=True, stdout=-1), call(['ip6tables', '-A', 'INPUT', '-p', 'udp', '-s', '2001::42/128', '--dport', '161', '-j', 'DROP'], universal_newlines=True, stdout=-1), call(['ip6tables', '-A', 'INPUT', '-p', 'tcp', '-s', '2001::43/128', '--dport', '161', '-j', 'DROP'], universal_newlines=True, stdout=-1), call(['ip6tables', '-A', 'INPUT', '-p', 'udp', '-s', '2001::43/128', '--dport', '161', '-j', 'DROP'], universal_newlines=True, stdout=-1), call(['ip6tables', '-A', 'INPUT', '-p', 'tcp', '-s', '2001::44/128', '--dport', '161', '-j', 'DROP'], universal_newlines=True, stdout=-1), call(['ip6tables', '-A', 'INPUT', '-p', 'udp', '-s', '2001::44/128', '--dport', '161', '-j', 'DROP'], universal_newlines=True, stdout=-1), call(['ip6tables', '-A', 'INPUT', '-p', 'tcp', '-s', '2001::45/128', '--dport', '161', '-j', 'DROP'], universal_newlines=True, stdout=-1), call(['ip6tables', '-A', 'INPUT', '-p', 'udp', '-s', '2001::45/128', '--dport', '161', '-j', 'DROP'], universal_newlines=True, stdout=-1), call(['ip6tables', '-A', 'INPUT', '-p', 'tcp', '-s', '2001::46/128', '--dport', '161', '-j', 'DROP'], universal_newlines=True, stdout=-1), call(['ip6tables', '-A', 'INPUT', '-p', 'udp', '-s', '2001::46/128', '--dport', '161', '-j', 'DROP'], universal_newlines=True, stdout=-1), call(['ip6tables', '-A', 'INPUT', '-p', 'tcp', '-s', '2001::47/128', '--dport', '161', '-j', 'DROP'], universal_newlines=True, stdout=-1), call(['ip6tables', '-A', 'INPUT', '-p', 'udp', '-s', '2001::47/128', '--dport', '161', '-j', 'DROP'], universal_newlines=True, stdout=-1), call(['ip6tables', '-A', 'INPUT', '-p', 'tcp', '-s', '2001::48/128', '--dport', '161', '-j', 'DROP'], universal_newlines=True, stdout=-1), call(['ip6tables', '-A', 'INPUT', '-p', 'udp', '-s', '2001::48/128', '--dport', '161', '-j', 'DROP'], universal_newlines=True, stdout=-1), call(['ip6tables', '-A', 'INPUT', '-p', 'tcp', '-s', '2001::49/128', '--dport', '161', '-j', 'DROP'], universal_newlines=True, stdout=-1), call(['ip6tables', '-A', 'INPUT', '-p', 'udp', '-s', '2001::49/128', '--dport', '161', '-j', 'DROP'], universal_newlines=True, stdout=-1), call(['ip6tables', '-A', 'INPUT', '-p', 'tcp', '-s', '2001::50/128', '--dport', '161', '-j', 'DROP'], universal_newlines=True, stdout=-1), call(['ip6tables', '-A', 'INPUT', '-p', 'udp', '-s', '2001::50/128', '--dport', '161', '-j', 'DROP'], universal_newlines=True, stdout=-1), call(['ip6tables', '-A', 'INPUT', '-p', 'tcp', '-s', '2001::51/128', '--dport', '161', '-j', 'DROP'], universal_newlines=True, stdout=-1), call(['ip6tables', '-A', 'INPUT', '-p', 'udp', '-s', '2001::51/128', '--dport', '161', '-j', 'DROP'], universal_newlines=True, stdout=-1), call(['ip6tables', '-A', 'INPUT', '-p', 'tcp', '-s', '2001::2/128', '--dport', '22', '-j', 'DROP'], universal_newlines=True, stdout=-1), call(['ip6tables', '-A', 'INPUT', '-p', 'tcp', '-s', '2001::3/128', '--dport', '22', '-j', 'DROP'], universal_newlines=True, stdout=-1), call(['ip6tables', '-A', 'INPUT', '-p', 'tcp', '-s', '2001::4/128', '--dport', '22', '-j', 'DROP'], universal_newlines=True, stdout=-1), call(['ip6tables', '-A', 'INPUT', '-p', 'tcp', '-s', '2001::5/128', '--dport', '22', '-j', 'DROP'], universal_newlines=True, stdout=-1), call(['ip6tables', '-A', 'INPUT', '-p', 'tcp', '-s', '2001::6/128', '--dport', '22', '-j', 'DROP'], universal_newlines=True, stdout=-1), call(['ip6tables', '-A', 'INPUT', '-p', 'tcp', '-s', '2001::7/128', '--dport', '22', '-j', 'DROP'], universal_newlines=True, stdout=-1), call(['ip6tables', '-A', 'INPUT', '-p', 'tcp', '-s', '2001::8/128', '--dport', '22', '-j', 'DROP'], universal_newlines=True, stdout=-1), call(['ip6tables', '-A', 'INPUT', '-p', 'tcp', '-s', '2001::9/128', '--dport', '22', '-j', 'DROP'], universal_newlines=True, stdout=-1), call(['ip6tables', '-A', 'INPUT', '-p', 'tcp', '-s', '2001::10/128', '--dport', '22', '-j', 'DROP'], universal_newlines=True, stdout=-1), call(['ip6tables', '-A', 'INPUT', '-p', 'tcp', '-s', '2001::11/128', '--dport', '22', '-j', 'DROP'], universal_newlines=True, stdout=-1), call(['ip6tables', '-A', 'INPUT', '-p', 'tcp', '-s', '2001::12/128', '--dport', '22', '-j', 'DROP'], universal_newlines=True, stdout=-1), call(['ip6tables', '-A', 'INPUT', '-p', 'tcp', '-s', '2001::13/128', '--dport', '22', '-j', 'DROP'], universal_newlines=True, stdout=-1), call(['ip6tables', '-A', 'INPUT', '-p', 'tcp', '-s', '2001::14/128', '--dport', '22', '-j', 'DROP'], universal_newlines=True, stdout=-1), call(['ip6tables', '-A', 'INPUT', '-p', 'tcp', '-s', '2001::15/128', '--dport', '22', '-j', 'DROP'], universal_newlines=True, stdout=-1), call(['ip6tables', '-A', 'INPUT', '-p', 'tcp', '-s', '2001::16/128', '--dport', '22', '-j', 'DROP'], universal_newlines=True, stdout=-1), call(['ip6tables', '-A', 'INPUT', '-p', 'tcp', '-s', '2001::17/128', '--dport', '22', '-j', 'DROP'], universal_newlines=True, stdout=-1), call(['ip6tables', '-A', 'INPUT', '-p', 'tcp', '-s', '2001::18/128', '--dport', '22', '-j', 'DROP'], universal_newlines=True, stdout=-1), call(['ip6tables', '-A', 'INPUT', '-p', 'tcp', '-s', '2001::19/128', '--dport', '22', '-j', 'DROP'], universal_newlines=True, stdout=-1), call(['ip6tables', '-A', 'INPUT', '-p', 'tcp', '-s', '2001::20/128', '--dport', '22', '-j', 'DROP'], universal_newlines=True, stdout=-1), call(['ip6tables', '-A', 'INPUT', '-p', 'tcp', '-s', '2001::21/128', '--dport', '22', '-j', 'DROP'], universal_newlines=True, stdout=-1), call(['ip6tables', '-A', 'INPUT', '-p', 'tcp', '-s', '2001::22/128', '--dport', '22', '-j', 'DROP'], universal_newlines=True, stdout=-1), call(['ip6tables', '-A', 'INPUT', '-p', 'tcp', '-s', '2001::23/128', '--dport', '22', '-j', 'DROP'], universal_newlines=True, stdout=-1), call(['ip6tables', '-A', 'INPUT', '-p', 'tcp', '-s', '2001::24/128', '--dport', '22', '-j', 'DROP'], universal_newlines=True, stdout=-1), call(['ip6tables', '-A', 'INPUT', '-p', 'tcp', '-s', '2001::25/128', '--dport', '22', '-j', 'DROP'], universal_newlines=True, stdout=-1), call(['ip6tables', '-A', 'INPUT', '-p', 'tcp', '-s', '2001::26/128', '--dport', '22', '-j', 'DROP'], universal_newlines=True, stdout=-1), call(['ip6tables', '-A', 'INPUT', '-p', 'tcp', '-s', '2001::27/128', '--dport', '22', '-j', 'DROP'], universal_newlines=True, stdout=-1), call(['ip6tables', '-A', 'INPUT', '-p', 'tcp', '-s', '2001::28/128', '--dport', '22', '-j', 'DROP'], universal_newlines=True, stdout=-1), call(['ip6tables', '-A', 'INPUT', '-p', 'tcp', '-s', '2001::29/128', '--dport', '22', '-j', 'DROP'], universal_newlines=True, stdout=-1), call(['ip6tables', '-A', 'INPUT', '-p', 'tcp', '-s', '2001::30/128', '--dport', '22', '-j', 'DROP'], universal_newlines=True, stdout=-1), call(['ip6tables', '-A', 'INPUT', '-p', 'tcp', '-s', '2001::31/128', '--dport', '22', '-j', 'DROP'], universal_newlines=True, stdout=-1), call(['ip6tables', '-A', 'INPUT', '-p', 'tcp', '-s', '2001::32/128', '--dport', '22', '-j', 'DROP'], universal_newlines=True, stdout=-1), call(['ip6tables', '-A', 'INPUT', '-p', 'tcp', '-s', '2001::33/128', '--dport', '22', '-j', 'DROP'], universal_newlines=True, stdout=-1), call(['ip6tables', '-A', 'INPUT', '-p', 'tcp', '-s', '2001::34/128', '--dport', '22', '-j', 'DROP'], universal_newlines=True, stdout=-1), call(['ip6tables', '-A', 'INPUT', '-p', 'tcp', '-s', '2001::35/128', '--dport', '22', '-j', 'DROP'], universal_newlines=True, stdout=-1), call(['ip6tables', '-A', 'INPUT', '-p', 'tcp', '-s', '2001::36/128', '--dport', '22', '-j', 'DROP'], universal_newlines=True, stdout=-1), call(['ip6tables', '-A', 'INPUT', '-p', 'tcp', '-s', '2001::37/128', '--dport', '22', '-j', 'DROP'], universal_newlines=True, stdout=-1), call(['ip6tables', '-A', 'INPUT', '-p', 'tcp', '-s', '2001::38/128', '--dport', '22', '-j', 'DROP'], universal_newlines=True, stdout=-1), call(['ip6tables', '-A', 'INPUT', '-p', 'tcp', '-s', '2001::39/128', '--dport', '22', '-j', 'DROP'], universal_newlines=True, stdout=-1), call(['ip6tables', '-A', 'INPUT', '-p', 'tcp', '-s', '2001::40/128', '--dport', '22', '-j', 'DROP'], universal_newlines=True, stdout=-1), call(['ip6tables', '-A', 'INPUT', '-p', 'tcp', '-s', '2001::41/128', '--dport', '22', '-j', 'DROP'], universal_newlines=True, stdout=-1), call(['ip6tables', '-A', 'INPUT', '-p', 'tcp', '-s', '2001::42/128', '--dport', '22', '-j', 'DROP'], universal_newlines=True, stdout=-1), call(['ip6tables', '-A', 'INPUT', '-p', 'tcp', '-s', '2001::43/128', '--dport', '22', '-j', 'DROP'], universal_newlines=True, stdout=-1), call(['ip6tables', '-A', 'INPUT', '-p', 'tcp', '-s', '2001::44/128', '--dport', '22', '-j', 'DROP'], universal_newlines=True, stdout=-1), call(['ip6tables', '-A', 'INPUT', '-p', 'tcp', '-s', '2001::45/128', '--dport', '22', '-j', 'DROP'], universal_newlines=True, stdout=-1), call(['ip6tables', '-A', 'INPUT', '-p', 'tcp', '-s', '2001::46/128', '--dport', '22', '-j', 'DROP'], universal_newlines=True, stdout=-1), call(['ip6tables', '-A', 'INPUT', '-p', 'tcp', '-s', '2001::47/128', '--dport', '22', '-j', 'DROP'], universal_newlines=True, stdout=-1), call(['ip6tables', '-A', 'INPUT', '-p', 'tcp', '-s', '2001::48/128', '--dport', '22', '-j', 'DROP'], universal_newlines=True, stdout=-1), call(['ip6tables', '-A', 'INPUT', '-p', 'tcp', '-s', '2001::49/128', '--dport', '22', '-j', 'DROP'], universal_newlines=True, stdout=-1), call(['ip6tables', '-A', 'INPUT', '-p', 'tcp', '-s', '2001::50/128', '--dport', '22', '-j', 'DROP'], universal_newlines=True, stdout=-1), call(['ip6tables', '-A', 'INPUT', '-p', 'tcp', '-s', '2001::51/128', '--dport', '22', '-j', 'DROP'], universal_newlines=True, stdout=-1)) in its call list, found [] instead

/usr/lib/python3.13/unittest/mock.py:1032: AssertionError
_________ TestCaclmgrdVxlan.test_caclmgrd_vxlan_0_VXLAN_TUNNEL_TEST_V4 _________

a = (<tests.caclmgrd.caclmgrd_vxlan_test.TestCaclmgrdVxlan testMethod=test_caclmgrd_vxlan_0_VXLAN_TUNNEL_TEST_V4>,)
kw = {}

    @wraps(func)
    def standalone_func(*a, **kw):
>       return func(*(a + p.args), **p.kwargs, **kw)

/usr/lib/python3/dist-packages/parameterized/parameterized.py:620: 
_ _ _ _ _ _ _ _ _ _ _ _ _ _ _ _ _ _ _ _ _ _ _ _ _ _ _ _ _ _ _ _ _ _ _ _ _ _ _ _ 
/usr/local/lib/python3.13/dist-packages/pyfakefs/fake_filesystem_unittest.py:230: in wrapped
    return f(*args, **kwargs)
tests/caclmgrd/caclmgrd_vxlan_test.py:63: in test_caclmgrd_vxlan
    mocked_subprocess.Popen.assert_has_calls(test_data["expected_add_subprocess_calls"], any_order=True)
_ _ _ _ _ _ _ _ _ _ _ _ _ _ _ _ _ _ _ _ _ _ _ _ _ _ _ _ _ _ _ _ _ _ _ _ _ _ _ _ 

self = <MagicMock name='subprocess.Popen' id='127791290956304'>
calls = [call(['iptables', '-I', 'INPUT', '2', '-p', 'udp', '-d', '10.1.1.1', '--dport', '4789', '-j', 'ACCEPT', '!', '-i', 'eth0'], universal_newlines=True, stdout=-1)]
any_order = True

    def assert_has_calls(self, calls, any_order=False):
        """assert the mock has been called with the specified calls.
        The `mock_calls` list is checked for the calls.
    
        If `any_order` is False (the default) then the calls must be
        sequential. There can be extra calls before or after the
        specified calls.
    
        If `any_order` is True then the calls can be in any order, but
        they must all appear in `mock_calls`."""
        expected = [self._call_matcher(c) for c in calls]
        cause = next((e for e in expected if isinstance(e, Exception)), None)
        all_calls = _CallList(self._call_matcher(c) for c in self.mock_calls)
        if not any_order:
            if expected not in all_calls:
                if cause is None:
                    problem = 'Calls not found.'
                else:
                    problem = ('Error processing expected calls.\n'
                               'Errors: {}').format(
                                   [e if isinstance(e, Exception) else None
                                    for e in expected])
                raise AssertionError(
                    f'{problem}\n'
                    f'Expected: {_CallList(calls)}\n'
                    f'  Actual: {safe_repr(self.mock_calls)}'
                ) from cause
            return
    
        all_calls = list(all_calls)
    
        not_found = []
        for kall in expected:
            try:
                all_calls.remove(kall)
            except ValueError:
                not_found.append(kall)
        if not_found:
>           raise AssertionError(
                '%r does not contain all of %r in its call list, '
                'found %r instead' % (self._mock_name or 'mock',
                                      tuple(not_found), all_calls)
            ) from cause
E           AssertionError: 'Popen' does not contain all of (call(['iptables', '-I', 'INPUT', '2', '-p', 'udp', '-d', '10.1.1.1', '--dport', '4789', '-j', 'ACCEPT', '!', '-i', 'eth0'], universal_newlines=True, stdout=-1),) in its call list, found [] instead

/usr/lib/python3.13/unittest/mock.py:1032: AssertionError
_________ TestCaclmgrdVxlan.test_caclmgrd_vxlan_1_VXLAN_TUNNEL_TEST_V6 _________

a = (<tests.caclmgrd.caclmgrd_vxlan_test.TestCaclmgrdVxlan testMethod=test_caclmgrd_vxlan_1_VXLAN_TUNNEL_TEST_V6>,)
kw = {}

    @wraps(func)
    def standalone_func(*a, **kw):
>       return func(*(a + p.args), **p.kwargs, **kw)

/usr/lib/python3/dist-packages/parameterized/parameterized.py:620: 
_ _ _ _ _ _ _ _ _ _ _ _ _ _ _ _ _ _ _ _ _ _ _ _ _ _ _ _ _ _ _ _ _ _ _ _ _ _ _ _ 
/usr/local/lib/python3.13/dist-packages/pyfakefs/fake_filesystem_unittest.py:230: in wrapped
    return f(*args, **kwargs)
tests/caclmgrd/caclmgrd_vxlan_test.py:63: in test_caclmgrd_vxlan
    mocked_subprocess.Popen.assert_has_calls(test_data["expected_add_subprocess_calls"], any_order=True)
_ _ _ _ _ _ _ _ _ _ _ _ _ _ _ _ _ _ _ _ _ _ _ _ _ _ _ _ _ _ _ _ _ _ _ _ _ _ _ _ 

self = <MagicMock name='subprocess.Popen' id='127791290954288'>
calls = [call(['ip6tables', '-I', 'INPUT', '2', '-p', 'udp', '-d', '2001::1', '--dport', '4789', '-j', 'ACCEPT', '!', '-i', 'eth0'], universal_newlines=True, stdout=-1)]
any_order = True

    def assert_has_calls(self, calls, any_order=False):
        """assert the mock has been called with the specified calls.
        The `mock_calls` list is checked for the calls.
    
        If `any_order` is False (the default) then the calls must be
        sequential. There can be extra calls before or after the
        specified calls.
    
        If `any_order` is True then the calls can be in any order, but
        they must all appear in `mock_calls`."""
        expected = [self._call_matcher(c) for c in calls]
        cause = next((e for e in expected if isinstance(e, Exception)), None)
        all_calls = _CallList(self._call_matcher(c) for c in self.mock_calls)
        if not any_order:
            if expected not in all_calls:
                if cause is None:
                    problem = 'Calls not found.'
                else:
                    problem = ('Error processing expected calls.\n'
                               'Errors: {}').format(
                                   [e if isinstance(e, Exception) else None
                                    for e in expected])
                raise AssertionError(
                    f'{problem}\n'
                    f'Expected: {_CallList(calls)}\n'
                    f'  Actual: {safe_repr(self.mock_calls)}'
                ) from cause
            return
    
        all_calls = list(all_calls)
    
        not_found = []
        for kall in expected:
            try:
                all_calls.remove(kall)
            except ValueError:
                not_found.append(kall)
        if not_found:
>           raise AssertionError(
                '%r does not contain all of %r in its call list, '
                'found %r instead' % (self._mock_name or 'mock',
                                      tuple(not_found), all_calls)
            ) from cause
E           AssertionError: 'Popen' does not contain all of (call(['ip6tables', '-I', 'INPUT', '2', '-p', 'udp', '-d', '2001::1', '--dport', '4789', '-j', 'ACCEPT', '!', '-i', 'eth0'], universal_newlines=True, stdout=-1),) in its call list, found [] instead

/usr/lib/python3.13/unittest/mock.py:1032: AssertionError
_ TestDetermineRebootCause.test_determine_reboot_cause_main_without_reboot_cause_dir _

self = <tests.determine-reboot-cause_test.TestDetermineRebootCause object at 0x7439c92e30b0>

    @mock.patch('determine_reboot_cause.REBOOT_CAUSE_DIR', os.path.join(os.getcwd(), REBOOT_CAUSE_DIR))
    @mock.patch('determine_reboot_cause.REBOOT_CAUSE_HISTORY_DIR', os.path.join(os.getcwd(), 'host/reboot-cause/history/'))
    @mock.patch('determine_reboot_cause.PREVIOUS_REBOOT_CAUSE_FILE', os.path.join(os.getcwd(), 'host/reboot-cause/previous-reboot-cause.json'))
    @mock.patch('determine_reboot_cause.REBOOT_CAUSE_FILE', os.path.join(os.getcwd(),'host/reboot-cause/reboot-cause.txt'))
    def test_determine_reboot_cause_main_without_reboot_cause_dir(self):
        if os.path.exists(REBOOT_CAUSE_DIR):
            shutil.rmtree(REBOOT_CAUSE_DIR)
        with mock.patch("os.geteuid", return_value=0):
>           determine_reboot_cause.main()

tests/determine-reboot-cause_test.py:246: 
_ _ _ _ _ _ _ _ _ _ _ _ _ _ _ _ _ _ _ _ _ _ _ _ _ _ _ _ _ _ _ _ _ _ _ _ _ _ _ _ 
scripts/determine-reboot-cause:294: in main
    if device_info.is_smartswitch():
/usr/local/lib/python3.13/dist-packages/sonic_py_common/device_info.py:680: in is_smartswitch
    platform_data = get_platform_json_data()
/usr/local/lib/python3.13/dist-packages/sonic_py_common/device_info.py:187: in get_platform_json_data
    platform_path = get_path_to_platform_dir()
_ _ _ _ _ _ _ _ _ _ _ _ _ _ _ _ _ _ _ _ _ _ _ _ _ _ _ _ _ _ _ _ _ _ _ _ _ _ _ _ 

    def get_path_to_platform_dir():
        """
        Retreives the paths to the device's platform directory
    
        Returns:
            A string containing the path to the platform directory of the device
        """
        # Get platform
        platform = get_platform()
    
        # Determine whether we're running in a container or on the host
        platform_path_host = os.path.join(HOST_DEVICE_PATH, platform)
    
        if os.path.isdir(CONTAINER_PLATFORM_PATH):
            platform_path = CONTAINER_PLATFORM_PATH
        elif os.path.isdir(platform_path_host):
            platform_path = platform_path_host
        else:
>           raise OSError("Failed to locate platform directory")
E           OSError: Failed to locate platform directory

/usr/local/lib/python3.13/dist-packages/sonic_py_common/device_info.py:292: OSError
----------------------------- Captured stderr call -----------------------------
--- Logging error ---
Traceback (most recent call last):
  File "/usr/lib/python3.13/logging/handlers.py", line 1013, in emit
    self.socket.send(msg)
    ~~~~~~~~~~~~~~~~^^^^^
OSError: [Errno 9] Bad file descriptor

During handling of the above exception, another exception occurred:

Traceback (most recent call last):
  File "/usr/lib/python3.13/logging/handlers.py", line 1016, in emit
    self._connect_unixsocket(self.address)
    ~~~~~~~~~~~~~~~~~~~~~~~~^^^^^^^^^^^^^^
  File "/usr/lib/python3.13/logging/handlers.py", line 884, in _connect_unixsocket
    self.socket.connect(address)
    ~~~~~~~~~~~~~~~~~~~^^^^^^^^^
FileNotFoundError: [Errno 2] No such file or directory
Call stack:
  File "<frozen runpy>", line 198, in _run_module_as_main
  File "<frozen runpy>", line 88, in _run_code
  File "/usr/lib/python3/dist-packages/pytest/__main__.py", line 9, in <module>
    raise SystemExit(pytest.console_main())
  File "/usr/lib/python3/dist-packages/_pytest/config/__init__.py", line 201, in console_main
    code = main()
  File "/usr/lib/python3/dist-packages/_pytest/config/__init__.py", line 175, in main
    ret: ExitCode | int = config.hook.pytest_cmdline_main(config=config)
  File "/usr/lib/python3/dist-packages/pluggy/_hooks.py", line 513, in __call__
    return self._hookexec(self.name, self._hookimpls.copy(), kwargs, firstresult)
  File "/usr/lib/python3/dist-packages/pluggy/_manager.py", line 120, in _hookexec
    return self._inner_hookexec(hook_name, methods, kwargs, firstresult)
  File "/usr/lib/python3/dist-packages/pluggy/_callers.py", line 103, in _multicall
    res = hook_impl.function(*args)
  File "/usr/lib/python3/dist-packages/_pytest/main.py", line 330, in pytest_cmdline_main
    return wrap_session(config, _main)
  File "/usr/lib/python3/dist-packages/_pytest/main.py", line 283, in wrap_session
    session.exitstatus = doit(config, session) or 0
  File "/usr/lib/python3/dist-packages/_pytest/main.py", line 337, in _main
    config.hook.pytest_runtestloop(session=session)
  File "/usr/lib/python3/dist-packages/pluggy/_hooks.py", line 513, in __call__
    return self._hookexec(self.name, self._hookimpls.copy(), kwargs, firstresult)
  File "/usr/lib/python3/dist-packages/pluggy/_manager.py", line 120, in _hookexec
    return self._inner_hookexec(hook_name, methods, kwargs, firstresult)
  File "/usr/lib/python3/dist-packages/pluggy/_callers.py", line 103, in _multicall
    res = hook_impl.function(*args)
  File "/usr/lib/python3/dist-packages/_pytest/main.py", line 362, in pytest_runtestloop
    item.config.hook.pytest_runtest_protocol(item=item, nextitem=nextitem)
  File "/usr/lib/python3/dist-packages/pluggy/_hooks.py", line 513, in __call__
    return self._hookexec(self.name, self._hookimpls.copy(), kwargs, firstresult)
  File "/usr/lib/python3/dist-packages/pluggy/_manager.py", line 120, in _hookexec
    return self._inner_hookexec(hook_name, methods, kwargs, firstresult)
  File "/usr/lib/python3/dist-packages/pluggy/_callers.py", line 103, in _multicall
    res = hook_impl.function(*args)
  File "/usr/lib/python3/dist-packages/_pytest/runner.py", line 113, in pytest_runtest_protocol
    runtestprotocol(item, nextitem=nextitem)
  File "/usr/lib/python3/dist-packages/_pytest/runner.py", line 132, in runtestprotocol
    reports.append(call_and_report(item, "call", log))
  File "/usr/lib/python3/dist-packages/_pytest/runner.py", line 241, in call_and_report
    call = CallInfo.from_call(
  File "/usr/lib/python3/dist-packages/_pytest/runner.py", line 341, in from_call
    result: TResult | None = func()
  File "/usr/lib/python3/dist-packages/_pytest/runner.py", line 242, in <lambda>
    lambda: runtest_hook(item=item, **kwds), when=when, reraise=reraise
  File "/usr/lib/python3/dist-packages/pluggy/_hooks.py", line 513, in __call__
    return self._hookexec(self.name, self._hookimpls.copy(), kwargs, firstresult)
  File "/usr/lib/python3/dist-packages/pluggy/_manager.py", line 120, in _hookexec
    return self._inner_hookexec(hook_name, methods, kwargs, firstresult)
  File "/usr/lib/python3/dist-packages/pluggy/_callers.py", line 103, in _multicall
    res = hook_impl.function(*args)
  File "/usr/lib/python3/dist-packages/_pytest/runner.py", line 174, in pytest_runtest_call
    item.runtest()
  File "/usr/lib/python3/dist-packages/_pytest/python.py", line 1627, in runtest
    self.ihook.pytest_pyfunc_call(pyfuncitem=self)
  File "/usr/lib/python3/dist-packages/pluggy/_hooks.py", line 513, in __call__
    return self._hookexec(self.name, self._hookimpls.copy(), kwargs, firstresult)
  File "/usr/lib/python3/dist-packages/pluggy/_manager.py", line 120, in _hookexec
    return self._inner_hookexec(hook_name, methods, kwargs, firstresult)
  File "/usr/lib/python3/dist-packages/pluggy/_callers.py", line 103, in _multicall
    res = hook_impl.function(*args)
  File "/usr/lib/python3/dist-packages/_pytest/python.py", line 159, in pytest_pyfunc_call
    result = testfunction(**testargs)
  File "/usr/lib/python3.13/unittest/mock.py", line 1426, in patched
    return func(*newargs, **newkeywargs)
  File "/sonic/src/sonic-host-services/tests/determine-reboot-cause_test.py", line 246, in test_determine_reboot_cause_main_without_reboot_cause_dir
    determine_reboot_cause.main()
  File "/sonic/src/sonic-host-services/scripts/determine-reboot-cause", line 248, in main
    sonic_logger.log_info("Starting up...")
  File "/usr/local/lib/python3.13/dist-packages/sonic_py_common/syslogger.py", line 137, in log_info
    self.log(logging.INFO, msg, also_print_to_console)
  File "/usr/local/lib/python3.13/dist-packages/sonic_py_common/syslogger.py", line 121, in log
    self.logger.log(priority, msg)
Message: 'Starting up...'
Arguments: ()
--- Logging error ---
Traceback (most recent call last):
  File "/usr/lib/python3.13/logging/handlers.py", line 1013, in emit
    self.socket.send(msg)
    ~~~~~~~~~~~~~~~~^^^^^
OSError: [Errno 9] Bad file descriptor

During handling of the above exception, another exception occurred:

Traceback (most recent call last):
  File "/usr/lib/python3.13/logging/handlers.py", line 1016, in emit
    self._connect_unixsocket(self.address)
    ~~~~~~~~~~~~~~~~~~~~~~~~^^^^^^^^^^^^^^
  File "/usr/lib/python3.13/logging/handlers.py", line 884, in _connect_unixsocket
    self.socket.connect(address)
    ~~~~~~~~~~~~~~~~~~~^^^^^^^^^
FileNotFoundError: [Errno 2] No such file or directory
Call stack:
  File "<frozen runpy>", line 198, in _run_module_as_main
  File "<frozen runpy>", line 88, in _run_code
  File "/usr/lib/python3/dist-packages/pytest/__main__.py", line 9, in <module>
    raise SystemExit(pytest.console_main())
  File "/usr/lib/python3/dist-packages/_pytest/config/__init__.py", line 201, in console_main
    code = main()
  File "/usr/lib/python3/dist-packages/_pytest/config/__init__.py", line 175, in main
    ret: ExitCode | int = config.hook.pytest_cmdline_main(config=config)
  File "/usr/lib/python3/dist-packages/pluggy/_hooks.py", line 513, in __call__
    return self._hookexec(self.name, self._hookimpls.copy(), kwargs, firstresult)
  File "/usr/lib/python3/dist-packages/pluggy/_manager.py", line 120, in _hookexec
    return self._inner_hookexec(hook_name, methods, kwargs, firstresult)
  File "/usr/lib/python3/dist-packages/pluggy/_callers.py", line 103, in _multicall
    res = hook_impl.function(*args)
  File "/usr/lib/python3/dist-packages/_pytest/main.py", line 330, in pytest_cmdline_main
    return wrap_session(config, _main)
  File "/usr/lib/python3/dist-packages/_pytest/main.py", line 283, in wrap_session
    session.exitstatus = doit(config, session) or 0
  File "/usr/lib/python3/dist-packages/_pytest/main.py", line 337, in _main
    config.hook.pytest_runtestloop(session=session)
  File "/usr/lib/python3/dist-packages/pluggy/_hooks.py", line 513, in __call__
    return self._hookexec(self.name, self._hookimpls.copy(), kwargs, firstresult)
  File "/usr/lib/python3/dist-packages/pluggy/_manager.py", line 120, in _hookexec
    return self._inner_hookexec(hook_name, methods, kwargs, firstresult)
  File "/usr/lib/python3/dist-packages/pluggy/_callers.py", line 103, in _multicall
    res = hook_impl.function(*args)
  File "/usr/lib/python3/dist-packages/_pytest/main.py", line 362, in pytest_runtestloop
    item.config.hook.pytest_runtest_protocol(item=item, nextitem=nextitem)
  File "/usr/lib/python3/dist-packages/pluggy/_hooks.py", line 513, in __call__
    return self._hookexec(self.name, self._hookimpls.copy(), kwargs, firstresult)
  File "/usr/lib/python3/dist-packages/pluggy/_manager.py", line 120, in _hookexec
    return self._inner_hookexec(hook_name, methods, kwargs, firstresult)
  File "/usr/lib/python3/dist-packages/pluggy/_callers.py", line 103, in _multicall
    res = hook_impl.function(*args)
  File "/usr/lib/python3/dist-packages/_pytest/runner.py", line 113, in pytest_runtest_protocol
    runtestprotocol(item, nextitem=nextitem)
  File "/usr/lib/python3/dist-packages/_pytest/runner.py", line 132, in runtestprotocol
    reports.append(call_and_report(item, "call", log))
  File "/usr/lib/python3/dist-packages/_pytest/runner.py", line 241, in call_and_report
    call = CallInfo.from_call(
  File "/usr/lib/python3/dist-packages/_pytest/runner.py", line 341, in from_call
    result: TResult | None = func()
  File "/usr/lib/python3/dist-packages/_pytest/runner.py", line 242, in <lambda>
    lambda: runtest_hook(item=item, **kwds), when=when, reraise=reraise
  File "/usr/lib/python3/dist-packages/pluggy/_hooks.py", line 513, in __call__
    return self._hookexec(self.name, self._hookimpls.copy(), kwargs, firstresult)
  File "/usr/lib/python3/dist-packages/pluggy/_manager.py", line 120, in _hookexec
    return self._inner_hookexec(hook_name, methods, kwargs, firstresult)
  File "/usr/lib/python3/dist-packages/pluggy/_callers.py", line 103, in _multicall
    res = hook_impl.function(*args)
  File "/usr/lib/python3/dist-packages/_pytest/runner.py", line 174, in pytest_runtest_call
    item.runtest()
  File "/usr/lib/python3/dist-packages/_pytest/python.py", line 1627, in runtest
    self.ihook.pytest_pyfunc_call(pyfuncitem=self)
  File "/usr/lib/python3/dist-packages/pluggy/_hooks.py", line 513, in __call__
    return self._hookexec(self.name, self._hookimpls.copy(), kwargs, firstresult)
  File "/usr/lib/python3/dist-packages/pluggy/_manager.py", line 120, in _hookexec
    return self._inner_hookexec(hook_name, methods, kwargs, firstresult)
  File "/usr/lib/python3/dist-packages/pluggy/_callers.py", line 103, in _multicall
    res = hook_impl.function(*args)
  File "/usr/lib/python3/dist-packages/_pytest/python.py", line 159, in pytest_pyfunc_call
    result = testfunction(**testargs)
  File "/usr/lib/python3.13/unittest/mock.py", line 1426, in patched
    return func(*newargs, **newkeywargs)
  File "/sonic/src/sonic-host-services/tests/determine-reboot-cause_test.py", line 246, in test_determine_reboot_cause_main_without_reboot_cause_dir
    determine_reboot_cause.main()
  File "/sonic/src/sonic-host-services/scripts/determine-reboot-cause", line 258, in main
    previous_reboot_cause, additional_reboot_info = determine_reboot_cause()
  File "/sonic/src/sonic-host-services/scripts/determine-reboot-cause", line 182, in determine_reboot_cause
    proc_cmdline_reboot_cause = find_proc_cmdline_reboot_cause()
  File "/sonic/src/sonic-host-services/scripts/determine-reboot-cause", line 106, in find_proc_cmdline_reboot_cause
    sonic_logger.log_info("No reboot cause found from /proc/cmdline")
  File "/usr/local/lib/python3.13/dist-packages/sonic_py_common/syslogger.py", line 137, in log_info
    self.log(logging.INFO, msg, also_print_to_console)
  File "/usr/local/lib/python3.13/dist-packages/sonic_py_common/syslogger.py", line 121, in log
    self.logger.log(priority, msg)
Message: 'No reboot cause found from /proc/cmdline'
Arguments: ()
--- Logging error ---
Traceback (most recent call last):
  File "/sonic/src/sonic-host-services/scripts/determine-reboot-cause", line 114, in get_reboot_cause_from_platform
    import sonic_platform
ModuleNotFoundError: import of sonic_platform halted; None in sys.modules

During handling of the above exception, another exception occurred:

Traceback (most recent call last):
  File "/usr/lib/python3.13/logging/handlers.py", line 1013, in emit
    self.socket.send(msg)
    ~~~~~~~~~~~~~~~~^^^^^
OSError: [Errno 9] Bad file descriptor

During handling of the above exception, another exception occurred:

Traceback (most recent call last):
  File "/usr/lib/python3.13/logging/handlers.py", line 1016, in emit
    self._connect_unixsocket(self.address)
    ~~~~~~~~~~~~~~~~~~~~~~~~^^^^^^^^^^^^^^
  File "/usr/lib/python3.13/logging/handlers.py", line 884, in _connect_unixsocket
    self.socket.connect(address)
    ~~~~~~~~~~~~~~~~~~~^^^^^^^^^
FileNotFoundError: [Errno 2] No such file or directory
Call stack:
  File "<frozen runpy>", line 198, in _run_module_as_main
  File "<frozen runpy>", line 88, in _run_code
  File "/usr/lib/python3/dist-packages/pytest/__main__.py", line 9, in <module>
    raise SystemExit(pytest.console_main())
  File "/usr/lib/python3/dist-packages/_pytest/config/__init__.py", line 201, in console_main
    code = main()
  File "/usr/lib/python3/dist-packages/_pytest/config/__init__.py", line 175, in main
    ret: ExitCode | int = config.hook.pytest_cmdline_main(config=config)
  File "/usr/lib/python3/dist-packages/pluggy/_hooks.py", line 513, in __call__
    return self._hookexec(self.name, self._hookimpls.copy(), kwargs, firstresult)
  File "/usr/lib/python3/dist-packages/pluggy/_manager.py", line 120, in _hookexec
    return self._inner_hookexec(hook_name, methods, kwargs, firstresult)
  File "/usr/lib/python3/dist-packages/pluggy/_callers.py", line 103, in _multicall
    res = hook_impl.function(*args)
  File "/usr/lib/python3/dist-packages/_pytest/main.py", line 330, in pytest_cmdline_main
    return wrap_session(config, _main)
  File "/usr/lib/python3/dist-packages/_pytest/main.py", line 283, in wrap_session
    session.exitstatus = doit(config, session) or 0
  File "/usr/lib/python3/dist-packages/_pytest/main.py", line 337, in _main
    config.hook.pytest_runtestloop(session=session)
  File "/usr/lib/python3/dist-packages/pluggy/_hooks.py", line 513, in __call__
    return self._hookexec(self.name, self._hookimpls.copy(), kwargs, firstresult)
  File "/usr/lib/python3/dist-packages/pluggy/_manager.py", line 120, in _hookexec
    return self._inner_hookexec(hook_name, methods, kwargs, firstresult)
  File "/usr/lib/python3/dist-packages/pluggy/_callers.py", line 103, in _multicall
    res = hook_impl.function(*args)
  File "/usr/lib/python3/dist-packages/_pytest/main.py", line 362, in pytest_runtestloop
    item.config.hook.pytest_runtest_protocol(item=item, nextitem=nextitem)
  File "/usr/lib/python3/dist-packages/pluggy/_hooks.py", line 513, in __call__
    return self._hookexec(self.name, self._hookimpls.copy(), kwargs, firstresult)
  File "/usr/lib/python3/dist-packages/pluggy/_manager.py", line 120, in _hookexec
    return self._inner_hookexec(hook_name, methods, kwargs, firstresult)
  File "/usr/lib/python3/dist-packages/pluggy/_callers.py", line 103, in _multicall
    res = hook_impl.function(*args)
  File "/usr/lib/python3/dist-packages/_pytest/runner.py", line 113, in pytest_runtest_protocol
    runtestprotocol(item, nextitem=nextitem)
  File "/usr/lib/python3/dist-packages/_pytest/runner.py", line 132, in runtestprotocol
    reports.append(call_and_report(item, "call", log))
  File "/usr/lib/python3/dist-packages/_pytest/runner.py", line 241, in call_and_report
    call = CallInfo.from_call(
  File "/usr/lib/python3/dist-packages/_pytest/runner.py", line 341, in from_call
    result: TResult | None = func()
  File "/usr/lib/python3/dist-packages/_pytest/runner.py", line 242, in <lambda>
    lambda: runtest_hook(item=item, **kwds), when=when, reraise=reraise
  File "/usr/lib/python3/dist-packages/pluggy/_hooks.py", line 513, in __call__
    return self._hookexec(self.name, self._hookimpls.copy(), kwargs, firstresult)
  File "/usr/lib/python3/dist-packages/pluggy/_manager.py", line 120, in _hookexec
    return self._inner_hookexec(hook_name, methods, kwargs, firstresult)
  File "/usr/lib/python3/dist-packages/pluggy/_callers.py", line 103, in _multicall
    res = hook_impl.function(*args)
  File "/usr/lib/python3/dist-packages/_pytest/runner.py", line 174, in pytest_runtest_call
    item.runtest()
  File "/usr/lib/python3/dist-packages/_pytest/python.py", line 1627, in runtest
    self.ihook.pytest_pyfunc_call(pyfuncitem=self)
  File "/usr/lib/python3/dist-packages/pluggy/_hooks.py", line 513, in __call__
    return self._hookexec(self.name, self._hookimpls.copy(), kwargs, firstresult)
  File "/usr/lib/python3/dist-packages/pluggy/_manager.py", line 120, in _hookexec
    return self._inner_hookexec(hook_name, methods, kwargs, firstresult)
  File "/usr/lib/python3/dist-packages/pluggy/_callers.py", line 103, in _multicall
    res = hook_impl.function(*args)
  File "/usr/lib/python3/dist-packages/_pytest/python.py", line 159, in pytest_pyfunc_call
    result = testfunction(**testargs)
  File "/usr/lib/python3.13/unittest/mock.py", line 1426, in patched
    return func(*newargs, **newkeywargs)
  File "/sonic/src/sonic-host-services/tests/determine-reboot-cause_test.py", line 246, in test_determine_reboot_cause_main_without_reboot_cause_dir
    determine_reboot_cause.main()
  File "/sonic/src/sonic-host-services/scripts/determine-reboot-cause", line 258, in main
    previous_reboot_cause, additional_reboot_info = determine_reboot_cause()
  File "/sonic/src/sonic-host-services/scripts/determine-reboot-cause", line 186, in determine_reboot_cause
    hardware_reboot_cause = find_hardware_reboot_cause()
  File "/sonic/src/sonic-host-services/scripts/determine-reboot-cause", line 127, in find_hardware_reboot_cause
    hardware_reboot_cause_major, hardware_reboot_cause_minor = get_reboot_cause_from_platform()
  File "/sonic/src/sonic-host-services/scripts/determine-reboot-cause", line 120, in get_reboot_cause_from_platform
    sonic_logger.log_warning("sonic_platform package not installed or not implemented. Unable to detect hardware reboot causes.")
  File "/usr/local/lib/python3.13/dist-packages/sonic_py_common/syslogger.py", line 131, in log_warning
    self.log(logging.WARNING, msg, also_print_to_console)
  File "/usr/local/lib/python3.13/dist-packages/sonic_py_common/syslogger.py", line 121, in log
    self.logger.log(priority, msg)
Message: 'sonic_platform package not installed or not implemented. Unable to detect hardware reboot causes.'
Arguments: ()
--- Logging error ---
Traceback (most recent call last):
  File "/usr/lib/python3.13/logging/handlers.py", line 1013, in emit
    self.socket.send(msg)
    ~~~~~~~~~~~~~~~~^^^^^
OSError: [Errno 9] Bad file descriptor

During handling of the above exception, another exception occurred:

Traceback (most recent call last):
  File "/usr/lib/python3.13/logging/handlers.py", line 1016, in emit
    self._connect_unixsocket(self.address)
    ~~~~~~~~~~~~~~~~~~~~~~~~^^^^^^^^^^^^^^
  File "/usr/lib/python3.13/logging/handlers.py", line 884, in _connect_unixsocket
    self.socket.connect(address)
    ~~~~~~~~~~~~~~~~~~~^^^^^^^^^
FileNotFoundError: [Errno 2] No such file or directory
Call stack:
  File "<frozen runpy>", line 198, in _run_module_as_main
  File "<frozen runpy>", line 88, in _run_code
  File "/usr/lib/python3/dist-packages/pytest/__main__.py", line 9, in <module>
    raise SystemExit(pytest.console_main())
  File "/usr/lib/python3/dist-packages/_pytest/config/__init__.py", line 201, in console_main
    code = main()
  File "/usr/lib/python3/dist-packages/_pytest/config/__init__.py", line 175, in main
    ret: ExitCode | int = config.hook.pytest_cmdline_main(config=config)
  File "/usr/lib/python3/dist-packages/pluggy/_hooks.py", line 513, in __call__
    return self._hookexec(self.name, self._hookimpls.copy(), kwargs, firstresult)
  File "/usr/lib/python3/dist-packages/pluggy/_manager.py", line 120, in _hookexec
    return self._inner_hookexec(hook_name, methods, kwargs, firstresult)
  File "/usr/lib/python3/dist-packages/pluggy/_callers.py", line 103, in _multicall
    res = hook_impl.function(*args)
  File "/usr/lib/python3/dist-packages/_pytest/main.py", line 330, in pytest_cmdline_main
    return wrap_session(config, _main)
  File "/usr/lib/python3/dist-packages/_pytest/main.py", line 283, in wrap_session
    session.exitstatus = doit(config, session) or 0
  File "/usr/lib/python3/dist-packages/_pytest/main.py", line 337, in _main
    config.hook.pytest_runtestloop(session=session)
  File "/usr/lib/python3/dist-packages/pluggy/_hooks.py", line 513, in __call__
    return self._hookexec(self.name, self._hookimpls.copy(), kwargs, firstresult)
  File "/usr/lib/python3/dist-packages/pluggy/_manager.py", line 120, in _hookexec
    return self._inner_hookexec(hook_name, methods, kwargs, firstresult)
  File "/usr/lib/python3/dist-packages/pluggy/_callers.py", line 103, in _multicall
    res = hook_impl.function(*args)
  File "/usr/lib/python3/dist-packages/_pytest/main.py", line 362, in pytest_runtestloop
    item.config.hook.pytest_runtest_protocol(item=item, nextitem=nextitem)
  File "/usr/lib/python3/dist-packages/pluggy/_hooks.py", line 513, in __call__
    return self._hookexec(self.name, self._hookimpls.copy(), kwargs, firstresult)
  File "/usr/lib/python3/dist-packages/pluggy/_manager.py", line 120, in _hookexec
    return self._inner_hookexec(hook_name, methods, kwargs, firstresult)
  File "/usr/lib/python3/dist-packages/pluggy/_callers.py", line 103, in _multicall
    res = hook_impl.function(*args)
  File "/usr/lib/python3/dist-packages/_pytest/runner.py", line 113, in pytest_runtest_protocol
    runtestprotocol(item, nextitem=nextitem)
  File "/usr/lib/python3/dist-packages/_pytest/runner.py", line 132, in runtestprotocol
    reports.append(call_and_report(item, "call", log))
  File "/usr/lib/python3/dist-packages/_pytest/runner.py", line 241, in call_and_report
    call = CallInfo.from_call(
  File "/usr/lib/python3/dist-packages/_pytest/runner.py", line 341, in from_call
    result: TResult | None = func()
  File "/usr/lib/python3/dist-packages/_pytest/runner.py", line 242, in <lambda>
    lambda: runtest_hook(item=item, **kwds), when=when, reraise=reraise
  File "/usr/lib/python3/dist-packages/pluggy/_hooks.py", line 513, in __call__
    return self._hookexec(self.name, self._hookimpls.copy(), kwargs, firstresult)
  File "/usr/lib/python3/dist-packages/pluggy/_manager.py", line 120, in _hookexec
    return self._inner_hookexec(hook_name, methods, kwargs, firstresult)
  File "/usr/lib/python3/dist-packages/pluggy/_callers.py", line 103, in _multicall
    res = hook_impl.function(*args)
  File "/usr/lib/python3/dist-packages/_pytest/runner.py", line 174, in pytest_runtest_call
    item.runtest()
  File "/usr/lib/python3/dist-packages/_pytest/python.py", line 1627, in runtest
    self.ihook.pytest_pyfunc_call(pyfuncitem=self)
  File "/usr/lib/python3/dist-packages/pluggy/_hooks.py", line 513, in __call__
    return self._hookexec(self.name, self._hookimpls.copy(), kwargs, firstresult)
  File "/usr/lib/python3/dist-packages/pluggy/_manager.py", line 120, in _hookexec
    return self._inner_hookexec(hook_name, methods, kwargs, firstresult)
  File "/usr/lib/python3/dist-packages/pluggy/_callers.py", line 103, in _multicall
    res = hook_impl.function(*args)
  File "/usr/lib/python3/dist-packages/_pytest/python.py", line 159, in pytest_pyfunc_call
    result = testfunction(**testargs)
  File "/usr/lib/python3.13/unittest/mock.py", line 1426, in patched
    return func(*newargs, **newkeywargs)
  File "/sonic/src/sonic-host-services/tests/determine-reboot-cause_test.py", line 246, in test_determine_reboot_cause_main_without_reboot_cause_dir
    determine_reboot_cause.main()
  File "/sonic/src/sonic-host-services/scripts/determine-reboot-cause", line 258, in main
    previous_reboot_cause, additional_reboot_info = determine_reboot_cause()
  File "/sonic/src/sonic-host-services/scripts/determine-reboot-cause", line 186, in determine_reboot_cause
    hardware_reboot_cause = find_hardware_reboot_cause()
  File "/sonic/src/sonic-host-services/scripts/determine-reboot-cause", line 129, in find_hardware_reboot_cause
    sonic_logger.log_info("Platform api indicates reboot cause {}".format(hardware_reboot_cause_major))
  File "/usr/local/lib/python3.13/dist-packages/sonic_py_common/syslogger.py", line 137, in log_info
    self.log(logging.INFO, msg, also_print_to_console)
  File "/usr/local/lib/python3.13/dist-packages/sonic_py_common/syslogger.py", line 121, in log
    self.logger.log(priority, msg)
Message: 'Platform api indicates reboot cause Non-Hardware'
Arguments: ()
--- Logging error ---
Traceback (most recent call last):
  File "/usr/lib/python3.13/logging/handlers.py", line 1013, in emit
    self.socket.send(msg)
    ~~~~~~~~~~~~~~~~^^^^^
OSError: [Errno 9] Bad file descriptor

During handling of the above exception, another exception occurred:

Traceback (most recent call last):
  File "/usr/lib/python3.13/logging/handlers.py", line 1016, in emit
    self._connect_unixsocket(self.address)
    ~~~~~~~~~~~~~~~~~~~~~~~~^^^^^^^^^^^^^^
  File "/usr/lib/python3.13/logging/handlers.py", line 884, in _connect_unixsocket
    self.socket.connect(address)
    ~~~~~~~~~~~~~~~~~~~^^^^^^^^^
FileNotFoundError: [Errno 2] No such file or directory
Call stack:
  File "<frozen runpy>", line 198, in _run_module_as_main
  File "<frozen runpy>", line 88, in _run_code
  File "/usr/lib/python3/dist-packages/pytest/__main__.py", line 9, in <module>
    raise SystemExit(pytest.console_main())
  File "/usr/lib/python3/dist-packages/_pytest/config/__init__.py", line 201, in console_main
    code = main()
  File "/usr/lib/python3/dist-packages/_pytest/config/__init__.py", line 175, in main
    ret: ExitCode | int = config.hook.pytest_cmdline_main(config=config)
  File "/usr/lib/python3/dist-packages/pluggy/_hooks.py", line 513, in __call__
    return self._hookexec(self.name, self._hookimpls.copy(), kwargs, firstresult)
  File "/usr/lib/python3/dist-packages/pluggy/_manager.py", line 120, in _hookexec
    return self._inner_hookexec(hook_name, methods, kwargs, firstresult)
  File "/usr/lib/python3/dist-packages/pluggy/_callers.py", line 103, in _multicall
    res = hook_impl.function(*args)
  File "/usr/lib/python3/dist-packages/_pytest/main.py", line 330, in pytest_cmdline_main
    return wrap_session(config, _main)
  File "/usr/lib/python3/dist-packages/_pytest/main.py", line 283, in wrap_session
    session.exitstatus = doit(config, session) or 0
  File "/usr/lib/python3/dist-packages/_pytest/main.py", line 337, in _main
    config.hook.pytest_runtestloop(session=session)
  File "/usr/lib/python3/dist-packages/pluggy/_hooks.py", line 513, in __call__
    return self._hookexec(self.name, self._hookimpls.copy(), kwargs, firstresult)
  File "/usr/lib/python3/dist-packages/pluggy/_manager.py", line 120, in _hookexec
    return self._inner_hookexec(hook_name, methods, kwargs, firstresult)
  File "/usr/lib/python3/dist-packages/pluggy/_callers.py", line 103, in _multicall
    res = hook_impl.function(*args)
  File "/usr/lib/python3/dist-packages/_pytest/main.py", line 362, in pytest_runtestloop
    item.config.hook.pytest_runtest_protocol(item=item, nextitem=nextitem)
  File "/usr/lib/python3/dist-packages/pluggy/_hooks.py", line 513, in __call__
    return self._hookexec(self.name, self._hookimpls.copy(), kwargs, firstresult)
  File "/usr/lib/python3/dist-packages/pluggy/_manager.py", line 120, in _hookexec
    return self._inner_hookexec(hook_name, methods, kwargs, firstresult)
  File "/usr/lib/python3/dist-packages/pluggy/_callers.py", line 103, in _multicall
    res = hook_impl.function(*args)
  File "/usr/lib/python3/dist-packages/_pytest/runner.py", line 113, in pytest_runtest_protocol
    runtestprotocol(item, nextitem=nextitem)
  File "/usr/lib/python3/dist-packages/_pytest/runner.py", line 132, in runtestprotocol
    reports.append(call_and_report(item, "call", log))
  File "/usr/lib/python3/dist-packages/_pytest/runner.py", line 241, in call_and_report
    call = CallInfo.from_call(
  File "/usr/lib/python3/dist-packages/_pytest/runner.py", line 341, in from_call
    result: TResult | None = func()
  File "/usr/lib/python3/dist-packages/_pytest/runner.py", line 242, in <lambda>
    lambda: runtest_hook(item=item, **kwds), when=when, reraise=reraise
  File "/usr/lib/python3/dist-packages/pluggy/_hooks.py", line 513, in __call__
    return self._hookexec(self.name, self._hookimpls.copy(), kwargs, firstresult)
  File "/usr/lib/python3/dist-packages/pluggy/_manager.py", line 120, in _hookexec
    return self._inner_hookexec(hook_name, methods, kwargs, firstresult)
  File "/usr/lib/python3/dist-packages/pluggy/_callers.py", line 103, in _multicall
    res = hook_impl.function(*args)
  File "/usr/lib/python3/dist-packages/_pytest/runner.py", line 174, in pytest_runtest_call
    item.runtest()
  File "/usr/lib/python3/dist-packages/_pytest/python.py", line 1627, in runtest
    self.ihook.pytest_pyfunc_call(pyfuncitem=self)
  File "/usr/lib/python3/dist-packages/pluggy/_hooks.py", line 513, in __call__
    return self._hookexec(self.name, self._hookimpls.copy(), kwargs, firstresult)
  File "/usr/lib/python3/dist-packages/pluggy/_manager.py", line 120, in _hookexec
    return self._inner_hookexec(hook_name, methods, kwargs, firstresult)
  File "/usr/lib/python3/dist-packages/pluggy/_callers.py", line 103, in _multicall
    res = hook_impl.function(*args)
  File "/usr/lib/python3/dist-packages/_pytest/python.py", line 159, in pytest_pyfunc_call
    result = testfunction(**testargs)
  File "/usr/lib/python3.13/unittest/mock.py", line 1426, in patched
    return func(*newargs, **newkeywargs)
  File "/sonic/src/sonic-host-services/tests/determine-reboot-cause_test.py", line 246, in test_determine_reboot_cause_main_without_reboot_cause_dir
    determine_reboot_cause.main()
  File "/sonic/src/sonic-host-services/scripts/determine-reboot-cause", line 258, in main
    previous_reboot_cause, additional_reboot_info = determine_reboot_cause()
  File "/sonic/src/sonic-host-services/scripts/determine-reboot-cause", line 190, in determine_reboot_cause
    software_reboot_cause = find_software_reboot_cause()
  File "/sonic/src/sonic-host-services/scripts/determine-reboot-cause", line 92, in find_software_reboot_cause
    software_reboot_cause = find_software_reboot_cause_from_reboot_cause_file()
  File "/sonic/src/sonic-host-services/scripts/determine-reboot-cause", line 79, in find_software_reboot_cause_from_reboot_cause_file
    sonic_logger.log_info("Reboot cause file {} not found".format(REBOOT_CAUSE_FILE))
  File "/usr/local/lib/python3.13/dist-packages/sonic_py_common/syslogger.py", line 137, in log_info
    self.log(logging.INFO, msg, also_print_to_console)
  File "/usr/local/lib/python3.13/dist-packages/sonic_py_common/syslogger.py", line 121, in log
    self.logger.log(priority, msg)
Message: 'Reboot cause file /sonic/src/sonic-host-services/host/reboot-cause/reboot-cause.txt not found'
Arguments: ()
------------------------------ Captured log call -------------------------------
INFO     determine-reboot-cause:syslogger.py:121 Starting up...
INFO     determine-reboot-cause:syslogger.py:121 No reboot cause found from /proc/cmdline
WARNING  determine-reboot-cause:syslogger.py:121 sonic_platform package not installed or not implemented. Unable to detect hardware reboot causes.
INFO     determine-reboot-cause:syslogger.py:121 Platform api indicates reboot cause Non-Hardware
INFO     determine-reboot-cause:syslogger.py:121 Reboot cause file /sonic/src/sonic-host-services/host/reboot-cause/reboot-cause.txt not found
_ TestDetermineRebootCause.test_determine_reboot_cause_main_with_reboot_cause_dir _

self = <tests.determine-reboot-cause_test.TestDetermineRebootCause object at 0x7439c96d2150>

    @mock.patch('determine_reboot_cause.REBOOT_CAUSE_DIR', os.path.join(os.getcwd(), REBOOT_CAUSE_DIR))
    @mock.patch('determine_reboot_cause.REBOOT_CAUSE_HISTORY_DIR', os.path.join(os.getcwd(), 'host/reboot-cause/history/'))
    @mock.patch('determine_reboot_cause.PREVIOUS_REBOOT_CAUSE_FILE', os.path.join(os.getcwd(), 'host/reboot-cause/previous-reboot-cause.json'))
    @mock.patch('determine_reboot_cause.REBOOT_CAUSE_FILE', os.path.join(os.getcwd(),'host/reboot-cause/reboot-cause.txt'))
    def test_determine_reboot_cause_main_with_reboot_cause_dir(self):
        with mock.patch("os.geteuid", return_value=0):
>           determine_reboot_cause.main()

tests/determine-reboot-cause_test.py:256: 
_ _ _ _ _ _ _ _ _ _ _ _ _ _ _ _ _ _ _ _ _ _ _ _ _ _ _ _ _ _ _ _ _ _ _ _ _ _ _ _ 
scripts/determine-reboot-cause:294: in main
    if device_info.is_smartswitch():
/usr/local/lib/python3.13/dist-packages/sonic_py_common/device_info.py:680: in is_smartswitch
    platform_data = get_platform_json_data()
/usr/local/lib/python3.13/dist-packages/sonic_py_common/device_info.py:187: in get_platform_json_data
    platform_path = get_path_to_platform_dir()
_ _ _ _ _ _ _ _ _ _ _ _ _ _ _ _ _ _ _ _ _ _ _ _ _ _ _ _ _ _ _ _ _ _ _ _ _ _ _ _ 

    def get_path_to_platform_dir():
        """
        Retreives the paths to the device's platform directory
    
        Returns:
            A string containing the path to the platform directory of the device
        """
        # Get platform
        platform = get_platform()
    
        # Determine whether we're running in a container or on the host
        platform_path_host = os.path.join(HOST_DEVICE_PATH, platform)
    
        if os.path.isdir(CONTAINER_PLATFORM_PATH):
            platform_path = CONTAINER_PLATFORM_PATH
        elif os.path.isdir(platform_path_host):
            platform_path = platform_path_host
        else:
>           raise OSError("Failed to locate platform directory")
E           OSError: Failed to locate platform directory

/usr/local/lib/python3.13/dist-packages/sonic_py_common/device_info.py:292: OSError
----------------------------- Captured stderr call -----------------------------
--- Logging error ---
Traceback (most recent call last):
  File "/usr/lib/python3.13/logging/handlers.py", line 1013, in emit
    self.socket.send(msg)
    ~~~~~~~~~~~~~~~~^^^^^
OSError: [Errno 9] Bad file descriptor

During handling of the above exception, another exception occurred:

Traceback (most recent call last):
  File "/usr/lib/python3.13/logging/handlers.py", line 1016, in emit
    self._connect_unixsocket(self.address)
    ~~~~~~~~~~~~~~~~~~~~~~~~^^^^^^^^^^^^^^
  File "/usr/lib/python3.13/logging/handlers.py", line 884, in _connect_unixsocket
    self.socket.connect(address)
    ~~~~~~~~~~~~~~~~~~~^^^^^^^^^
FileNotFoundError: [Errno 2] No such file or directory
Call stack:
  File "<frozen runpy>", line 198, in _run_module_as_main
  File "<frozen runpy>", line 88, in _run_code
  File "/usr/lib/python3/dist-packages/pytest/__main__.py", line 9, in <module>
    raise SystemExit(pytest.console_main())
  File "/usr/lib/python3/dist-packages/_pytest/config/__init__.py", line 201, in console_main
    code = main()
  File "/usr/lib/python3/dist-packages/_pytest/config/__init__.py", line 175, in main
    ret: ExitCode | int = config.hook.pytest_cmdline_main(config=config)
  File "/usr/lib/python3/dist-packages/pluggy/_hooks.py", line 513, in __call__
    return self._hookexec(self.name, self._hookimpls.copy(), kwargs, firstresult)
  File "/usr/lib/python3/dist-packages/pluggy/_manager.py", line 120, in _hookexec
    return self._inner_hookexec(hook_name, methods, kwargs, firstresult)
  File "/usr/lib/python3/dist-packages/pluggy/_callers.py", line 103, in _multicall
    res = hook_impl.function(*args)
  File "/usr/lib/python3/dist-packages/_pytest/main.py", line 330, in pytest_cmdline_main
    return wrap_session(config, _main)
  File "/usr/lib/python3/dist-packages/_pytest/main.py", line 283, in wrap_session
    session.exitstatus = doit(config, session) or 0
  File "/usr/lib/python3/dist-packages/_pytest/main.py", line 337, in _main
    config.hook.pytest_runtestloop(session=session)
  File "/usr/lib/python3/dist-packages/pluggy/_hooks.py", line 513, in __call__
    return self._hookexec(self.name, self._hookimpls.copy(), kwargs, firstresult)
  File "/usr/lib/python3/dist-packages/pluggy/_manager.py", line 120, in _hookexec
    return self._inner_hookexec(hook_name, methods, kwargs, firstresult)
  File "/usr/lib/python3/dist-packages/pluggy/_callers.py", line 103, in _multicall
    res = hook_impl.function(*args)
  File "/usr/lib/python3/dist-packages/_pytest/main.py", line 362, in pytest_runtestloop
    item.config.hook.pytest_runtest_protocol(item=item, nextitem=nextitem)
  File "/usr/lib/python3/dist-packages/pluggy/_hooks.py", line 513, in __call__
    return self._hookexec(self.name, self._hookimpls.copy(), kwargs, firstresult)
  File "/usr/lib/python3/dist-packages/pluggy/_manager.py", line 120, in _hookexec
    return self._inner_hookexec(hook_name, methods, kwargs, firstresult)
  File "/usr/lib/python3/dist-packages/pluggy/_callers.py", line 103, in _multicall
    res = hook_impl.function(*args)
  File "/usr/lib/python3/dist-packages/_pytest/runner.py", line 113, in pytest_runtest_protocol
    runtestprotocol(item, nextitem=nextitem)
  File "/usr/lib/python3/dist-packages/_pytest/runner.py", line 132, in runtestprotocol
    reports.append(call_and_report(item, "call", log))
  File "/usr/lib/python3/dist-packages/_pytest/runner.py", line 241, in call_and_report
    call = CallInfo.from_call(
  File "/usr/lib/python3/dist-packages/_pytest/runner.py", line 341, in from_call
    result: TResult | None = func()
  File "/usr/lib/python3/dist-packages/_pytest/runner.py", line 242, in <lambda>
    lambda: runtest_hook(item=item, **kwds), when=when, reraise=reraise
  File "/usr/lib/python3/dist-packages/pluggy/_hooks.py", line 513, in __call__
    return self._hookexec(self.name, self._hookimpls.copy(), kwargs, firstresult)
  File "/usr/lib/python3/dist-packages/pluggy/_manager.py", line 120, in _hookexec
    return self._inner_hookexec(hook_name, methods, kwargs, firstresult)
  File "/usr/lib/python3/dist-packages/pluggy/_callers.py", line 103, in _multicall
    res = hook_impl.function(*args)
  File "/usr/lib/python3/dist-packages/_pytest/runner.py", line 174, in pytest_runtest_call
    item.runtest()
  File "/usr/lib/python3/dist-packages/_pytest/python.py", line 1627, in runtest
    self.ihook.pytest_pyfunc_call(pyfuncitem=self)
  File "/usr/lib/python3/dist-packages/pluggy/_hooks.py", line 513, in __call__
    return self._hookexec(self.name, self._hookimpls.copy(), kwargs, firstresult)
  File "/usr/lib/python3/dist-packages/pluggy/_manager.py", line 120, in _hookexec
    return self._inner_hookexec(hook_name, methods, kwargs, firstresult)
  File "/usr/lib/python3/dist-packages/pluggy/_callers.py", line 103, in _multicall
    res = hook_impl.function(*args)
  File "/usr/lib/python3/dist-packages/_pytest/python.py", line 159, in pytest_pyfunc_call
    result = testfunction(**testargs)
  File "/usr/lib/python3.13/unittest/mock.py", line 1426, in patched
    return func(*newargs, **newkeywargs)
  File "/sonic/src/sonic-host-services/tests/determine-reboot-cause_test.py", line 256, in test_determine_reboot_cause_main_with_reboot_cause_dir
    determine_reboot_cause.main()
  File "/sonic/src/sonic-host-services/scripts/determine-reboot-cause", line 248, in main
    sonic_logger.log_info("Starting up...")
  File "/usr/local/lib/python3.13/dist-packages/sonic_py_common/syslogger.py", line 137, in log_info
    self.log(logging.INFO, msg, also_print_to_console)
  File "/usr/local/lib/python3.13/dist-packages/sonic_py_common/syslogger.py", line 121, in log
    self.logger.log(priority, msg)
Message: 'Starting up...'
Arguments: ()
--- Logging error ---
Traceback (most recent call last):
  File "/usr/lib/python3.13/logging/handlers.py", line 1013, in emit
    self.socket.send(msg)
    ~~~~~~~~~~~~~~~~^^^^^
OSError: [Errno 9] Bad file descriptor

During handling of the above exception, another exception occurred:

Traceback (most recent call last):
  File "/usr/lib/python3.13/logging/handlers.py", line 1016, in emit
    self._connect_unixsocket(self.address)
    ~~~~~~~~~~~~~~~~~~~~~~~~^^^^^^^^^^^^^^
  File "/usr/lib/python3.13/logging/handlers.py", line 884, in _connect_unixsocket
    self.socket.connect(address)
    ~~~~~~~~~~~~~~~~~~~^^^^^^^^^
FileNotFoundError: [Errno 2] No such file or directory
Call stack:
  File "<frozen runpy>", line 198, in _run_module_as_main
  File "<frozen runpy>", line 88, in _run_code
  File "/usr/lib/python3/dist-packages/pytest/__main__.py", line 9, in <module>
    raise SystemExit(pytest.console_main())
  File "/usr/lib/python3/dist-packages/_pytest/config/__init__.py", line 201, in console_main
    code = main()
  File "/usr/lib/python3/dist-packages/_pytest/config/__init__.py", line 175, in main
    ret: ExitCode | int = config.hook.pytest_cmdline_main(config=config)
  File "/usr/lib/python3/dist-packages/pluggy/_hooks.py", line 513, in __call__
    return self._hookexec(self.name, self._hookimpls.copy(), kwargs, firstresult)
  File "/usr/lib/python3/dist-packages/pluggy/_manager.py", line 120, in _hookexec
    return self._inner_hookexec(hook_name, methods, kwargs, firstresult)
  File "/usr/lib/python3/dist-packages/pluggy/_callers.py", line 103, in _multicall
    res = hook_impl.function(*args)
  File "/usr/lib/python3/dist-packages/_pytest/main.py", line 330, in pytest_cmdline_main
    return wrap_session(config, _main)
  File "/usr/lib/python3/dist-packages/_pytest/main.py", line 283, in wrap_session
    session.exitstatus = doit(config, session) or 0
  File "/usr/lib/python3/dist-packages/_pytest/main.py", line 337, in _main
    config.hook.pytest_runtestloop(session=session)
  File "/usr/lib/python3/dist-packages/pluggy/_hooks.py", line 513, in __call__
    return self._hookexec(self.name, self._hookimpls.copy(), kwargs, firstresult)
  File "/usr/lib/python3/dist-packages/pluggy/_manager.py", line 120, in _hookexec
    return self._inner_hookexec(hook_name, methods, kwargs, firstresult)
  File "/usr/lib/python3/dist-packages/pluggy/_callers.py", line 103, in _multicall
    res = hook_impl.function(*args)
  File "/usr/lib/python3/dist-packages/_pytest/main.py", line 362, in pytest_runtestloop
    item.config.hook.pytest_runtest_protocol(item=item, nextitem=nextitem)
  File "/usr/lib/python3/dist-packages/pluggy/_hooks.py", line 513, in __call__
    return self._hookexec(self.name, self._hookimpls.copy(), kwargs, firstresult)
  File "/usr/lib/python3/dist-packages/pluggy/_manager.py", line 120, in _hookexec
    return self._inner_hookexec(hook_name, methods, kwargs, firstresult)
  File "/usr/lib/python3/dist-packages/pluggy/_callers.py", line 103, in _multicall
    res = hook_impl.function(*args)
  File "/usr/lib/python3/dist-packages/_pytest/runner.py", line 113, in pytest_runtest_protocol
    runtestprotocol(item, nextitem=nextitem)
  File "/usr/lib/python3/dist-packages/_pytest/runner.py", line 132, in runtestprotocol
    reports.append(call_and_report(item, "call", log))
  File "/usr/lib/python3/dist-packages/_pytest/runner.py", line 241, in call_and_report
    call = CallInfo.from_call(
  File "/usr/lib/python3/dist-packages/_pytest/runner.py", line 341, in from_call
    result: TResult | None = func()
  File "/usr/lib/python3/dist-packages/_pytest/runner.py", line 242, in <lambda>
    lambda: runtest_hook(item=item, **kwds), when=when, reraise=reraise
  File "/usr/lib/python3/dist-packages/pluggy/_hooks.py", line 513, in __call__
    return self._hookexec(self.name, self._hookimpls.copy(), kwargs, firstresult)
  File "/usr/lib/python3/dist-packages/pluggy/_manager.py", line 120, in _hookexec
    return self._inner_hookexec(hook_name, methods, kwargs, firstresult)
  File "/usr/lib/python3/dist-packages/pluggy/_callers.py", line 103, in _multicall
    res = hook_impl.function(*args)
  File "/usr/lib/python3/dist-packages/_pytest/runner.py", line 174, in pytest_runtest_call
    item.runtest()
  File "/usr/lib/python3/dist-packages/_pytest/python.py", line 1627, in runtest
    self.ihook.pytest_pyfunc_call(pyfuncitem=self)
  File "/usr/lib/python3/dist-packages/pluggy/_hooks.py", line 513, in __call__
    return self._hookexec(self.name, self._hookimpls.copy(), kwargs, firstresult)
  File "/usr/lib/python3/dist-packages/pluggy/_manager.py", line 120, in _hookexec
    return self._inner_hookexec(hook_name, methods, kwargs, firstresult)
  File "/usr/lib/python3/dist-packages/pluggy/_callers.py", line 103, in _multicall
    res = hook_impl.function(*args)
  File "/usr/lib/python3/dist-packages/_pytest/python.py", line 159, in pytest_pyfunc_call
    result = testfunction(**testargs)
  File "/usr/lib/python3.13/unittest/mock.py", line 1426, in patched
    return func(*newargs, **newkeywargs)
  File "/sonic/src/sonic-host-services/tests/determine-reboot-cause_test.py", line 256, in test_determine_reboot_cause_main_with_reboot_cause_dir
    determine_reboot_cause.main()
  File "/sonic/src/sonic-host-services/scripts/determine-reboot-cause", line 258, in main
    previous_reboot_cause, additional_reboot_info = determine_reboot_cause()
  File "/sonic/src/sonic-host-services/scripts/determine-reboot-cause", line 182, in determine_reboot_cause
    proc_cmdline_reboot_cause = find_proc_cmdline_reboot_cause()
  File "/sonic/src/sonic-host-services/scripts/determine-reboot-cause", line 106, in find_proc_cmdline_reboot_cause
    sonic_logger.log_info("No reboot cause found from /proc/cmdline")
  File "/usr/local/lib/python3.13/dist-packages/sonic_py_common/syslogger.py", line 137, in log_info
    self.log(logging.INFO, msg, also_print_to_console)
  File "/usr/local/lib/python3.13/dist-packages/sonic_py_common/syslogger.py", line 121, in log
    self.logger.log(priority, msg)
Message: 'No reboot cause found from /proc/cmdline'
Arguments: ()
--- Logging error ---
Traceback (most recent call last):
  File "/sonic/src/sonic-host-services/scripts/determine-reboot-cause", line 114, in get_reboot_cause_from_platform
    import sonic_platform
ModuleNotFoundError: import of sonic_platform halted; None in sys.modules

During handling of the above exception, another exception occurred:

Traceback (most recent call last):
  File "/usr/lib/python3.13/logging/handlers.py", line 1013, in emit
    self.socket.send(msg)
    ~~~~~~~~~~~~~~~~^^^^^
OSError: [Errno 9] Bad file descriptor

During handling of the above exception, another exception occurred:

Traceback (most recent call last):
  File "/usr/lib/python3.13/logging/handlers.py", line 1016, in emit
    self._connect_unixsocket(self.address)
    ~~~~~~~~~~~~~~~~~~~~~~~~^^^^^^^^^^^^^^
  File "/usr/lib/python3.13/logging/handlers.py", line 884, in _connect_unixsocket
    self.socket.connect(address)
    ~~~~~~~~~~~~~~~~~~~^^^^^^^^^
FileNotFoundError: [Errno 2] No such file or directory
Call stack:
  File "<frozen runpy>", line 198, in _run_module_as_main
  File "<frozen runpy>", line 88, in _run_code
  File "/usr/lib/python3/dist-packages/pytest/__main__.py", line 9, in <module>
    raise SystemExit(pytest.console_main())
  File "/usr/lib/python3/dist-packages/_pytest/config/__init__.py", line 201, in console_main
    code = main()
  File "/usr/lib/python3/dist-packages/_pytest/config/__init__.py", line 175, in main
    ret: ExitCode | int = config.hook.pytest_cmdline_main(config=config)
  File "/usr/lib/python3/dist-packages/pluggy/_hooks.py", line 513, in __call__
    return self._hookexec(self.name, self._hookimpls.copy(), kwargs, firstresult)
  File "/usr/lib/python3/dist-packages/pluggy/_manager.py", line 120, in _hookexec
    return self._inner_hookexec(hook_name, methods, kwargs, firstresult)
  File "/usr/lib/python3/dist-packages/pluggy/_callers.py", line 103, in _multicall
    res = hook_impl.function(*args)
  File "/usr/lib/python3/dist-packages/_pytest/main.py", line 330, in pytest_cmdline_main
    return wrap_session(config, _main)
  File "/usr/lib/python3/dist-packages/_pytest/main.py", line 283, in wrap_session
    session.exitstatus = doit(config, session) or 0
  File "/usr/lib/python3/dist-packages/_pytest/main.py", line 337, in _main
    config.hook.pytest_runtestloop(session=session)
  File "/usr/lib/python3/dist-packages/pluggy/_hooks.py", line 513, in __call__
    return self._hookexec(self.name, self._hookimpls.copy(), kwargs, firstresult)
  File "/usr/lib/python3/dist-packages/pluggy/_manager.py", line 120, in _hookexec
    return self._inner_hookexec(hook_name, methods, kwargs, firstresult)
  File "/usr/lib/python3/dist-packages/pluggy/_callers.py", line 103, in _multicall
    res = hook_impl.function(*args)
  File "/usr/lib/python3/dist-packages/_pytest/main.py", line 362, in pytest_runtestloop
    item.config.hook.pytest_runtest_protocol(item=item, nextitem=nextitem)
  File "/usr/lib/python3/dist-packages/pluggy/_hooks.py", line 513, in __call__
    return self._hookexec(self.name, self._hookimpls.copy(), kwargs, firstresult)
  File "/usr/lib/python3/dist-packages/pluggy/_manager.py", line 120, in _hookexec
    return self._inner_hookexec(hook_name, methods, kwargs, firstresult)
  File "/usr/lib/python3/dist-packages/pluggy/_callers.py", line 103, in _multicall
    res = hook_impl.function(*args)
  File "/usr/lib/python3/dist-packages/_pytest/runner.py", line 113, in pytest_runtest_protocol
    runtestprotocol(item, nextitem=nextitem)
  File "/usr/lib/python3/dist-packages/_pytest/runner.py", line 132, in runtestprotocol
    reports.append(call_and_report(item, "call", log))
  File "/usr/lib/python3/dist-packages/_pytest/runner.py", line 241, in call_and_report
    call = CallInfo.from_call(
  File "/usr/lib/python3/dist-packages/_pytest/runner.py", line 341, in from_call
    result: TResult | None = func()
  File "/usr/lib/python3/dist-packages/_pytest/runner.py", line 242, in <lambda>
    lambda: runtest_hook(item=item, **kwds), when=when, reraise=reraise
  File "/usr/lib/python3/dist-packages/pluggy/_hooks.py", line 513, in __call__
    return self._hookexec(self.name, self._hookimpls.copy(), kwargs, firstresult)
  File "/usr/lib/python3/dist-packages/pluggy/_manager.py", line 120, in _hookexec
    return self._inner_hookexec(hook_name, methods, kwargs, firstresult)
  File "/usr/lib/python3/dist-packages/pluggy/_callers.py", line 103, in _multicall
    res = hook_impl.function(*args)
  File "/usr/lib/python3/dist-packages/_pytest/runner.py", line 174, in pytest_runtest_call
    item.runtest()
  File "/usr/lib/python3/dist-packages/_pytest/python.py", line 1627, in runtest
    self.ihook.pytest_pyfunc_call(pyfuncitem=self)
  File "/usr/lib/python3/dist-packages/pluggy/_hooks.py", line 513, in __call__
    return self._hookexec(self.name, self._hookimpls.copy(), kwargs, firstresult)
  File "/usr/lib/python3/dist-packages/pluggy/_manager.py", line 120, in _hookexec
    return self._inner_hookexec(hook_name, methods, kwargs, firstresult)
  File "/usr/lib/python3/dist-packages/pluggy/_callers.py", line 103, in _multicall
    res = hook_impl.function(*args)
  File "/usr/lib/python3/dist-packages/_pytest/python.py", line 159, in pytest_pyfunc_call
    result = testfunction(**testargs)
  File "/usr/lib/python3.13/unittest/mock.py", line 1426, in patched
    return func(*newargs, **newkeywargs)
  File "/sonic/src/sonic-host-services/tests/determine-reboot-cause_test.py", line 256, in test_determine_reboot_cause_main_with_reboot_cause_dir
    determine_reboot_cause.main()
  File "/sonic/src/sonic-host-services/scripts/determine-reboot-cause", line 258, in main
    previous_reboot_cause, additional_reboot_info = determine_reboot_cause()
  File "/sonic/src/sonic-host-services/scripts/determine-reboot-cause", line 186, in determine_reboot_cause
    hardware_reboot_cause = find_hardware_reboot_cause()
  File "/sonic/src/sonic-host-services/scripts/determine-reboot-cause", line 127, in find_hardware_reboot_cause
    hardware_reboot_cause_major, hardware_reboot_cause_minor = get_reboot_cause_from_platform()
  File "/sonic/src/sonic-host-services/scripts/determine-reboot-cause", line 120, in get_reboot_cause_from_platform
    sonic_logger.log_warning("sonic_platform package not installed or not implemented. Unable to detect hardware reboot causes.")
  File "/usr/local/lib/python3.13/dist-packages/sonic_py_common/syslogger.py", line 131, in log_warning
    self.log(logging.WARNING, msg, also_print_to_console)
  File "/usr/local/lib/python3.13/dist-packages/sonic_py_common/syslogger.py", line 121, in log
    self.logger.log(priority, msg)
Message: 'sonic_platform package not installed or not implemented. Unable to detect hardware reboot causes.'
Arguments: ()
--- Logging error ---
Traceback (most recent call last):
  File "/usr/lib/python3.13/logging/handlers.py", line 1013, in emit
    self.socket.send(msg)
    ~~~~~~~~~~~~~~~~^^^^^
OSError: [Errno 9] Bad file descriptor

During handling of the above exception, another exception occurred:

Traceback (most recent call last):
  File "/usr/lib/python3.13/logging/handlers.py", line 1016, in emit
    self._connect_unixsocket(self.address)
    ~~~~~~~~~~~~~~~~~~~~~~~~^^^^^^^^^^^^^^
  File "/usr/lib/python3.13/logging/handlers.py", line 884, in _connect_unixsocket
    self.socket.connect(address)
    ~~~~~~~~~~~~~~~~~~~^^^^^^^^^
FileNotFoundError: [Errno 2] No such file or directory
Call stack:
  File "<frozen runpy>", line 198, in _run_module_as_main
  File "<frozen runpy>", line 88, in _run_code
  File "/usr/lib/python3/dist-packages/pytest/__main__.py", line 9, in <module>
    raise SystemExit(pytest.console_main())
  File "/usr/lib/python3/dist-packages/_pytest/config/__init__.py", line 201, in console_main
    code = main()
  File "/usr/lib/python3/dist-packages/_pytest/config/__init__.py", line 175, in main
    ret: ExitCode | int = config.hook.pytest_cmdline_main(config=config)
  File "/usr/lib/python3/dist-packages/pluggy/_hooks.py", line 513, in __call__
    return self._hookexec(self.name, self._hookimpls.copy(), kwargs, firstresult)
  File "/usr/lib/python3/dist-packages/pluggy/_manager.py", line 120, in _hookexec
    return self._inner_hookexec(hook_name, methods, kwargs, firstresult)
  File "/usr/lib/python3/dist-packages/pluggy/_callers.py", line 103, in _multicall
    res = hook_impl.function(*args)
  File "/usr/lib/python3/dist-packages/_pytest/main.py", line 330, in pytest_cmdline_main
    return wrap_session(config, _main)
  File "/usr/lib/python3/dist-packages/_pytest/main.py", line 283, in wrap_session
    session.exitstatus = doit(config, session) or 0
  File "/usr/lib/python3/dist-packages/_pytest/main.py", line 337, in _main
    config.hook.pytest_runtestloop(session=session)
  File "/usr/lib/python3/dist-packages/pluggy/_hooks.py", line 513, in __call__
    return self._hookexec(self.name, self._hookimpls.copy(), kwargs, firstresult)
  File "/usr/lib/python3/dist-packages/pluggy/_manager.py", line 120, in _hookexec
    return self._inner_hookexec(hook_name, methods, kwargs, firstresult)
  File "/usr/lib/python3/dist-packages/pluggy/_callers.py", line 103, in _multicall
    res = hook_impl.function(*args)
  File "/usr/lib/python3/dist-packages/_pytest/main.py", line 362, in pytest_runtestloop
    item.config.hook.pytest_runtest_protocol(item=item, nextitem=nextitem)
  File "/usr/lib/python3/dist-packages/pluggy/_hooks.py", line 513, in __call__
    return self._hookexec(self.name, self._hookimpls.copy(), kwargs, firstresult)
  File "/usr/lib/python3/dist-packages/pluggy/_manager.py", line 120, in _hookexec
    return self._inner_hookexec(hook_name, methods, kwargs, firstresult)
  File "/usr/lib/python3/dist-packages/pluggy/_callers.py", line 103, in _multicall
    res = hook_impl.function(*args)
  File "/usr/lib/python3/dist-packages/_pytest/runner.py", line 113, in pytest_runtest_protocol
    runtestprotocol(item, nextitem=nextitem)
  File "/usr/lib/python3/dist-packages/_pytest/runner.py", line 132, in runtestprotocol
    reports.append(call_and_report(item, "call", log))
  File "/usr/lib/python3/dist-packages/_pytest/runner.py", line 241, in call_and_report
    call = CallInfo.from_call(
  File "/usr/lib/python3/dist-packages/_pytest/runner.py", line 341, in from_call
    result: TResult | None = func()
  File "/usr/lib/python3/dist-packages/_pytest/runner.py", line 242, in <lambda>
    lambda: runtest_hook(item=item, **kwds), when=when, reraise=reraise
  File "/usr/lib/python3/dist-packages/pluggy/_hooks.py", line 513, in __call__
    return self._hookexec(self.name, self._hookimpls.copy(), kwargs, firstresult)
  File "/usr/lib/python3/dist-packages/pluggy/_manager.py", line 120, in _hookexec
    return self._inner_hookexec(hook_name, methods, kwargs, firstresult)
  File "/usr/lib/python3/dist-packages/pluggy/_callers.py", line 103, in _multicall
    res = hook_impl.function(*args)
  File "/usr/lib/python3/dist-packages/_pytest/runner.py", line 174, in pytest_runtest_call
    item.runtest()
  File "/usr/lib/python3/dist-packages/_pytest/python.py", line 1627, in runtest
    self.ihook.pytest_pyfunc_call(pyfuncitem=self)
  File "/usr/lib/python3/dist-packages/pluggy/_hooks.py", line 513, in __call__
    return self._hookexec(self.name, self._hookimpls.copy(), kwargs, firstresult)
  File "/usr/lib/python3/dist-packages/pluggy/_manager.py", line 120, in _hookexec
    return self._inner_hookexec(hook_name, methods, kwargs, firstresult)
  File "/usr/lib/python3/dist-packages/pluggy/_callers.py", line 103, in _multicall
    res = hook_impl.function(*args)
  File "/usr/lib/python3/dist-packages/_pytest/python.py", line 159, in pytest_pyfunc_call
    result = testfunction(**testargs)
  File "/usr/lib/python3.13/unittest/mock.py", line 1426, in patched
    return func(*newargs, **newkeywargs)
  File "/sonic/src/sonic-host-services/tests/determine-reboot-cause_test.py", line 256, in test_determine_reboot_cause_main_with_reboot_cause_dir
    determine_reboot_cause.main()
  File "/sonic/src/sonic-host-services/scripts/determine-reboot-cause", line 258, in main
    previous_reboot_cause, additional_reboot_info = determine_reboot_cause()
  File "/sonic/src/sonic-host-services/scripts/determine-reboot-cause", line 186, in determine_reboot_cause
    hardware_reboot_cause = find_hardware_reboot_cause()
  File "/sonic/src/sonic-host-services/scripts/determine-reboot-cause", line 129, in find_hardware_reboot_cause
    sonic_logger.log_info("Platform api indicates reboot cause {}".format(hardware_reboot_cause_major))
  File "/usr/local/lib/python3.13/dist-packages/sonic_py_common/syslogger.py", line 137, in log_info
    self.log(logging.INFO, msg, also_print_to_console)
  File "/usr/local/lib/python3.13/dist-packages/sonic_py_common/syslogger.py", line 121, in log
    self.logger.log(priority, msg)
Message: 'Platform api indicates reboot cause Non-Hardware'
Arguments: ()
--- Logging error ---
Traceback (most recent call last):
  File "/usr/lib/python3.13/logging/handlers.py", line 1013, in emit
    self.socket.send(msg)
    ~~~~~~~~~~~~~~~~^^^^^
OSError: [Errno 9] Bad file descriptor

During handling of the above exception, another exception occurred:

Traceback (most recent call last):
  File "/usr/lib/python3.13/logging/handlers.py", line 1016, in emit
    self._connect_unixsocket(self.address)
    ~~~~~~~~~~~~~~~~~~~~~~~~^^^^^^^^^^^^^^
  File "/usr/lib/python3.13/logging/handlers.py", line 884, in _connect_unixsocket
    self.socket.connect(address)
    ~~~~~~~~~~~~~~~~~~~^^^^^^^^^
FileNotFoundError: [Errno 2] No such file or directory
Call stack:
  File "<frozen runpy>", line 198, in _run_module_as_main
  File "<frozen runpy>", line 88, in _run_code
  File "/usr/lib/python3/dist-packages/pytest/__main__.py", line 9, in <module>
    raise SystemExit(pytest.console_main())
  File "/usr/lib/python3/dist-packages/_pytest/config/__init__.py", line 201, in console_main
    code = main()
  File "/usr/lib/python3/dist-packages/_pytest/config/__init__.py", line 175, in main
    ret: ExitCode | int = config.hook.pytest_cmdline_main(config=config)
  File "/usr/lib/python3/dist-packages/pluggy/_hooks.py", line 513, in __call__
    return self._hookexec(self.name, self._hookimpls.copy(), kwargs, firstresult)
  File "/usr/lib/python3/dist-packages/pluggy/_manager.py", line 120, in _hookexec
    return self._inner_hookexec(hook_name, methods, kwargs, firstresult)
  File "/usr/lib/python3/dist-packages/pluggy/_callers.py", line 103, in _multicall
    res = hook_impl.function(*args)
  File "/usr/lib/python3/dist-packages/_pytest/main.py", line 330, in pytest_cmdline_main
    return wrap_session(config, _main)
  File "/usr/lib/python3/dist-packages/_pytest/main.py", line 283, in wrap_session
    session.exitstatus = doit(config, session) or 0
  File "/usr/lib/python3/dist-packages/_pytest/main.py", line 337, in _main
    config.hook.pytest_runtestloop(session=session)
  File "/usr/lib/python3/dist-packages/pluggy/_hooks.py", line 513, in __call__
    return self._hookexec(self.name, self._hookimpls.copy(), kwargs, firstresult)
  File "/usr/lib/python3/dist-packages/pluggy/_manager.py", line 120, in _hookexec
    return self._inner_hookexec(hook_name, methods, kwargs, firstresult)
  File "/usr/lib/python3/dist-packages/pluggy/_callers.py", line 103, in _multicall
    res = hook_impl.function(*args)
  File "/usr/lib/python3/dist-packages/_pytest/main.py", line 362, in pytest_runtestloop
    item.config.hook.pytest_runtest_protocol(item=item, nextitem=nextitem)
  File "/usr/lib/python3/dist-packages/pluggy/_hooks.py", line 513, in __call__
    return self._hookexec(self.name, self._hookimpls.copy(), kwargs, firstresult)
  File "/usr/lib/python3/dist-packages/pluggy/_manager.py", line 120, in _hookexec
    return self._inner_hookexec(hook_name, methods, kwargs, firstresult)
  File "/usr/lib/python3/dist-packages/pluggy/_callers.py", line 103, in _multicall
    res = hook_impl.function(*args)
  File "/usr/lib/python3/dist-packages/_pytest/runner.py", line 113, in pytest_runtest_protocol
    runtestprotocol(item, nextitem=nextitem)
  File "/usr/lib/python3/dist-packages/_pytest/runner.py", line 132, in runtestprotocol
    reports.append(call_and_report(item, "call", log))
  File "/usr/lib/python3/dist-packages/_pytest/runner.py", line 241, in call_and_report
    call = CallInfo.from_call(
  File "/usr/lib/python3/dist-packages/_pytest/runner.py", line 341, in from_call
    result: TResult | None = func()
  File "/usr/lib/python3/dist-packages/_pytest/runner.py", line 242, in <lambda>
    lambda: runtest_hook(item=item, **kwds), when=when, reraise=reraise
  File "/usr/lib/python3/dist-packages/pluggy/_hooks.py", line 513, in __call__
    return self._hookexec(self.name, self._hookimpls.copy(), kwargs, firstresult)
  File "/usr/lib/python3/dist-packages/pluggy/_manager.py", line 120, in _hookexec
    return self._inner_hookexec(hook_name, methods, kwargs, firstresult)
  File "/usr/lib/python3/dist-packages/pluggy/_callers.py", line 103, in _multicall
    res = hook_impl.function(*args)
  File "/usr/lib/python3/dist-packages/_pytest/runner.py", line 174, in pytest_runtest_call
    item.runtest()
  File "/usr/lib/python3/dist-packages/_pytest/python.py", line 1627, in runtest
    self.ihook.pytest_pyfunc_call(pyfuncitem=self)
  File "/usr/lib/python3/dist-packages/pluggy/_hooks.py", line 513, in __call__
    return self._hookexec(self.name, self._hookimpls.copy(), kwargs, firstresult)
  File "/usr/lib/python3/dist-packages/pluggy/_manager.py", line 120, in _hookexec
    return self._inner_hookexec(hook_name, methods, kwargs, firstresult)
  File "/usr/lib/python3/dist-packages/pluggy/_callers.py", line 103, in _multicall
    res = hook_impl.function(*args)
  File "/usr/lib/python3/dist-packages/_pytest/python.py", line 159, in pytest_pyfunc_call
    result = testfunction(**testargs)
  File "/usr/lib/python3.13/unittest/mock.py", line 1426, in patched
    return func(*newargs, **newkeywargs)
  File "/sonic/src/sonic-host-services/tests/determine-reboot-cause_test.py", line 256, in test_determine_reboot_cause_main_with_reboot_cause_dir
    determine_reboot_cause.main()
  File "/sonic/src/sonic-host-services/scripts/determine-reboot-cause", line 258, in main
    previous_reboot_cause, additional_reboot_info = determine_reboot_cause()
  File "/sonic/src/sonic-host-services/scripts/determine-reboot-cause", line 190, in determine_reboot_cause
    software_reboot_cause = find_software_reboot_cause()
  File "/sonic/src/sonic-host-services/scripts/determine-reboot-cause", line 92, in find_software_reboot_cause
    software_reboot_cause = find_software_reboot_cause_from_reboot_cause_file()
  File "/sonic/src/sonic-host-services/scripts/determine-reboot-cause", line 77, in find_software_reboot_cause_from_reboot_cause_file
    sonic_logger.log_info("{} indicates the reboot cause: {}".format(REBOOT_CAUSE_FILE, software_reboot_cause))
  File "/usr/local/lib/python3.13/dist-packages/sonic_py_common/syslogger.py", line 137, in log_info
    self.log(logging.INFO, msg, also_print_to_console)
  File "/usr/local/lib/python3.13/dist-packages/sonic_py_common/syslogger.py", line 121, in log
    self.logger.log(priority, msg)
Message: '/sonic/src/sonic-host-services/host/reboot-cause/reboot-cause.txt indicates the reboot cause: Unknown'
Arguments: ()
------------------------------ Captured log call -------------------------------
INFO     determine-reboot-cause:syslogger.py:121 Starting up...
INFO     determine-reboot-cause:syslogger.py:121 No reboot cause found from /proc/cmdline
WARNING  determine-reboot-cause:syslogger.py:121 sonic_platform package not installed or not implemented. Unable to detect hardware reboot causes.
INFO     determine-reboot-cause:syslogger.py:121 Platform api indicates reboot cause Non-Hardware
INFO     determine-reboot-cause:syslogger.py:121 /sonic/src/sonic-host-services/host/reboot-cause/reboot-cause.txt indicates the reboot cause: Unknown
_ TestFeatureHandler.test_enable_and_disable_feature_ExclusionList_skips_actions _

self = <tests.featured.featured_test.TestFeatureHandler testMethod=test_enable_and_disable_feature_ExclusionList_skips_actions>
mock_syslog = <MagicMock name='syslog' id='127791290648624'>

    @mock.patch("syslog.syslog", side_effect=syslog_side_effect)
    def test_enable_and_disable_feature_ExclusionList_skips_actions(self, mock_syslog):
        """Verify that ExclusionList feature 'frr_bmp' is skipped in both enable and disable."""
        feature_state_table_mock = mock.Mock()
        device_cfg = {"DEVICE_METADATA": {"localhost": {"type": "FixedSwitch"}}}
>       handler = featured.FeatureHandler(MockConfigDb(), feature_state_table_mock, device_cfg, False)

tests/featured/featured_test.py:347: 
_ _ _ _ _ _ _ _ _ _ _ _ _ _ _ _ _ _ _ _ _ _ _ _ _ _ _ _ _ _ _ _ _ _ _ _ _ _ _ _ 
scripts/featured:145: in __init__
    self._device_running_config = device_info.get_device_runtime_metadata()
/usr/local/lib/python3.13/dist-packages/sonic_py_common/device_info.py:769: in get_device_runtime_metadata
    port_metadata = {'ETHERNET_PORTS_PRESENT': True if get_path_to_port_config_file(hwsku=None, asic="0" if is_multi_npu() else None) else False}
/usr/local/lib/python3.13/dist-packages/sonic_py_common/device_info.py:474: in get_path_to_port_config_file
    (platform_path, hwsku_path) = get_paths_to_platform_and_hwsku_dirs()
/usr/local/lib/python3.13/dist-packages/sonic_py_common/device_info.py:435: in get_paths_to_platform_and_hwsku_dirs
    platform_path = get_path_to_platform_dir()
_ _ _ _ _ _ _ _ _ _ _ _ _ _ _ _ _ _ _ _ _ _ _ _ _ _ _ _ _ _ _ _ _ _ _ _ _ _ _ _ 

    def get_path_to_platform_dir():
        """
        Retreives the paths to the device's platform directory
    
        Returns:
            A string containing the path to the platform directory of the device
        """
        # Get platform
        platform = get_platform()
    
        # Determine whether we're running in a container or on the host
        platform_path_host = os.path.join(HOST_DEVICE_PATH, platform)
    
        if os.path.isdir(CONTAINER_PLATFORM_PATH):
            platform_path = CONTAINER_PLATFORM_PATH
        elif os.path.isdir(platform_path_host):
            platform_path = platform_path_host
        else:
>           raise OSError("Failed to locate platform directory")
E           OSError: Failed to locate platform directory

/usr/local/lib/python3.13/dist-packages/sonic_py_common/device_info.py:292: OSError
____________________ TestFeatureHandler.test_feature_resync ____________________

self = <tests.featured.featured_test.TestFeatureHandler testMethod=test_feature_resync>

    @mock.patch('featured.FeatureHandler.update_systemd_config', mock.MagicMock())
    @mock.patch('featured.FeatureHandler.update_feature_state', mock.MagicMock())
    @mock.patch('featured.FeatureHandler.sync_feature_scope', mock.MagicMock())
    @mock.patch('featured.FeatureHandler.sync_feature_delay_state', mock.MagicMock())
    def test_feature_resync(self):
        mock_db = mock.MagicMock()
        mock_db.get_entry = mock.MagicMock()
        mock_db.mod_entry = mock.MagicMock()
        mock_feature_state_table = mock.MagicMock()
    
>       feature_handler = featured.FeatureHandler(mock_db, mock_feature_state_table, {}, False)

tests/featured/featured_test.py:273: 
_ _ _ _ _ _ _ _ _ _ _ _ _ _ _ _ _ _ _ _ _ _ _ _ _ _ _ _ _ _ _ _ _ _ _ _ _ _ _ _ 
scripts/featured:145: in __init__
    self._device_running_config = device_info.get_device_runtime_metadata()
/usr/local/lib/python3.13/dist-packages/sonic_py_common/device_info.py:769: in get_device_runtime_metadata
    port_metadata = {'ETHERNET_PORTS_PRESENT': True if get_path_to_port_config_file(hwsku=None, asic="0" if is_multi_npu() else None) else False}
/usr/local/lib/python3.13/dist-packages/sonic_py_common/device_info.py:474: in get_path_to_port_config_file
    (platform_path, hwsku_path) = get_paths_to_platform_and_hwsku_dirs()
/usr/local/lib/python3.13/dist-packages/sonic_py_common/device_info.py:435: in get_paths_to_platform_and_hwsku_dirs
    platform_path = get_path_to_platform_dir()
_ _ _ _ _ _ _ _ _ _ _ _ _ _ _ _ _ _ _ _ _ _ _ _ _ _ _ _ _ _ _ _ _ _ _ _ _ _ _ _ 

    def get_path_to_platform_dir():
        """
        Retreives the paths to the device's platform directory
    
        Returns:
            A string containing the path to the platform directory of the device
        """
        # Get platform
        platform = get_platform()
    
        # Determine whether we're running in a container or on the host
        platform_path_host = os.path.join(HOST_DEVICE_PATH, platform)
    
        if os.path.isdir(CONTAINER_PLATFORM_PATH):
            platform_path = CONTAINER_PLATFORM_PATH
        elif os.path.isdir(platform_path_host):
            platform_path = platform_path_host
        else:
>           raise OSError("Failed to locate platform directory")
E           OSError: Failed to locate platform directory

/usr/local/lib/python3.13/dist-packages/sonic_py_common/device_info.py:292: OSError
________________ TestFeatureHandler.test_handler_00_DualTorCase ________________

a = (<tests.featured.featured_test.TestFeatureHandler testMethod=test_handler_00_DualTorCase>,)
kw = {}

    @wraps(func)
    def standalone_func(*a, **kw):
>       return func(*(a + p.args), **p.kwargs, **kw)

/usr/lib/python3/dist-packages/parameterized/parameterized.py:620: 
_ _ _ _ _ _ _ _ _ _ _ _ _ _ _ _ _ _ _ _ _ _ _ _ _ _ _ _ _ _ _ _ _ _ _ _ _ _ _ _ 
/usr/local/lib/python3.13/dist-packages/pyfakefs/fake_filesystem_unittest.py:230: in wrapped
    return f(*args, **kwargs)
tests/featured/featured_test.py:216: in test_handler
    feature_handler = featured.FeatureHandler(MockConfigDb(), feature_state_table_mock,
scripts/featured:148: in __init__
    self.num_dpus = device_info.get_num_dpus()
/usr/local/lib/python3.13/dist-packages/sonic_py_common/device_info.py:1143: in get_num_dpus
    if is_dpu():
/usr/local/lib/python3.13/dist-packages/sonic_py_common/device_info.py:694: in is_dpu
    platform_data = get_platform_json_data()
/usr/local/lib/python3.13/dist-packages/sonic_py_common/device_info.py:187: in get_platform_json_data
    platform_path = get_path_to_platform_dir()
_ _ _ _ _ _ _ _ _ _ _ _ _ _ _ _ _ _ _ _ _ _ _ _ _ _ _ _ _ _ _ _ _ _ _ _ _ _ _ _ 

    def get_path_to_platform_dir():
        """
        Retreives the paths to the device's platform directory
    
        Returns:
            A string containing the path to the platform directory of the device
        """
        # Get platform
        platform = get_platform()
    
        # Determine whether we're running in a container or on the host
        platform_path_host = os.path.join(HOST_DEVICE_PATH, platform)
    
        if os.path.isdir(CONTAINER_PLATFORM_PATH):
            platform_path = CONTAINER_PLATFORM_PATH
        elif os.path.isdir(platform_path_host):
            platform_path = platform_path_host
        else:
>           raise OSError("Failed to locate platform directory")
E           OSError: Failed to locate platform directory

/usr/local/lib/python3.13/dist-packages/sonic_py_common/device_info.py:292: OSError
_______________ TestFeatureHandler.test_handler_01_SingleToRCase _______________

a = (<tests.featured.featured_test.TestFeatureHandler testMethod=test_handler_01_SingleToRCase>,)
kw = {}

    @wraps(func)
    def standalone_func(*a, **kw):
>       return func(*(a + p.args), **p.kwargs, **kw)

/usr/lib/python3/dist-packages/parameterized/parameterized.py:620: 
_ _ _ _ _ _ _ _ _ _ _ _ _ _ _ _ _ _ _ _ _ _ _ _ _ _ _ _ _ _ _ _ _ _ _ _ _ _ _ _ 
/usr/local/lib/python3.13/dist-packages/pyfakefs/fake_filesystem_unittest.py:230: in wrapped
    return f(*args, **kwargs)
tests/featured/featured_test.py:216: in test_handler
    feature_handler = featured.FeatureHandler(MockConfigDb(), feature_state_table_mock,
scripts/featured:148: in __init__
    self.num_dpus = device_info.get_num_dpus()
/usr/local/lib/python3.13/dist-packages/sonic_py_common/device_info.py:1143: in get_num_dpus
    if is_dpu():
/usr/local/lib/python3.13/dist-packages/sonic_py_common/device_info.py:694: in is_dpu
    platform_data = get_platform_json_data()
/usr/local/lib/python3.13/dist-packages/sonic_py_common/device_info.py:187: in get_platform_json_data
    platform_path = get_path_to_platform_dir()
_ _ _ _ _ _ _ _ _ _ _ _ _ _ _ _ _ _ _ _ _ _ _ _ _ _ _ _ _ _ _ _ _ _ _ _ _ _ _ _ 

    def get_path_to_platform_dir():
        """
        Retreives the paths to the device's platform directory
    
        Returns:
            A string containing the path to the platform directory of the device
        """
        # Get platform
        platform = get_platform()
    
        # Determine whether we're running in a container or on the host
        platform_path_host = os.path.join(HOST_DEVICE_PATH, platform)
    
        if os.path.isdir(CONTAINER_PLATFORM_PATH):
            platform_path = CONTAINER_PLATFORM_PATH
        elif os.path.isdir(platform_path_host):
            platform_path = platform_path_host
        else:
>           raise OSError("Failed to locate platform directory")
E           OSError: Failed to locate platform directory

/usr/local/lib/python3.13/dist-packages/sonic_py_common/device_info.py:292: OSError
__________________ TestFeatureHandler.test_handler_02_T1Case ___________________

a = (<tests.featured.featured_test.TestFeatureHandler testMethod=test_handler_02_T1Case>,)
kw = {}

    @wraps(func)
    def standalone_func(*a, **kw):
>       return func(*(a + p.args), **p.kwargs, **kw)

/usr/lib/python3/dist-packages/parameterized/parameterized.py:620: 
_ _ _ _ _ _ _ _ _ _ _ _ _ _ _ _ _ _ _ _ _ _ _ _ _ _ _ _ _ _ _ _ _ _ _ _ _ _ _ _ 
/usr/local/lib/python3.13/dist-packages/pyfakefs/fake_filesystem_unittest.py:230: in wrapped
    return f(*args, **kwargs)
tests/featured/featured_test.py:216: in test_handler
    feature_handler = featured.FeatureHandler(MockConfigDb(), feature_state_table_mock,
scripts/featured:148: in __init__
    self.num_dpus = device_info.get_num_dpus()
/usr/local/lib/python3.13/dist-packages/sonic_py_common/device_info.py:1143: in get_num_dpus
    if is_dpu():
/usr/local/lib/python3.13/dist-packages/sonic_py_common/device_info.py:694: in is_dpu
    platform_data = get_platform_json_data()
/usr/local/lib/python3.13/dist-packages/sonic_py_common/device_info.py:187: in get_platform_json_data
    platform_path = get_path_to_platform_dir()
_ _ _ _ _ _ _ _ _ _ _ _ _ _ _ _ _ _ _ _ _ _ _ _ _ _ _ _ _ _ _ _ _ _ _ _ _ _ _ _ 

    def get_path_to_platform_dir():
        """
        Retreives the paths to the device's platform directory
    
        Returns:
            A string containing the path to the platform directory of the device
        """
        # Get platform
        platform = get_platform()
    
        # Determine whether we're running in a container or on the host
        platform_path_host = os.path.join(HOST_DEVICE_PATH, platform)
    
        if os.path.isdir(CONTAINER_PLATFORM_PATH):
            platform_path = CONTAINER_PLATFORM_PATH
        elif os.path.isdir(platform_path_host):
            platform_path = platform_path_host
        else:
>           raise OSError("Failed to locate platform directory")
E           OSError: Failed to locate platform directory

/usr/local/lib/python3.13/dist-packages/sonic_py_common/device_info.py:292: OSError
_____ TestFeatureHandler.test_handler_03_SingleToRCase_DHCP_Relay_Enabled ______

a = (<tests.featured.featured_test.TestFeatureHandler testMethod=test_handler_03_SingleToRCase_DHCP_Relay_Enabled>,)
kw = {}

    @wraps(func)
    def standalone_func(*a, **kw):
>       return func(*(a + p.args), **p.kwargs, **kw)

/usr/lib/python3/dist-packages/parameterized/parameterized.py:620: 
_ _ _ _ _ _ _ _ _ _ _ _ _ _ _ _ _ _ _ _ _ _ _ _ _ _ _ _ _ _ _ _ _ _ _ _ _ _ _ _ 
/usr/local/lib/python3.13/dist-packages/pyfakefs/fake_filesystem_unittest.py:230: in wrapped
    return f(*args, **kwargs)
tests/featured/featured_test.py:216: in test_handler
    feature_handler = featured.FeatureHandler(MockConfigDb(), feature_state_table_mock,
scripts/featured:148: in __init__
    self.num_dpus = device_info.get_num_dpus()
/usr/local/lib/python3.13/dist-packages/sonic_py_common/device_info.py:1143: in get_num_dpus
    if is_dpu():
/usr/local/lib/python3.13/dist-packages/sonic_py_common/device_info.py:694: in is_dpu
    platform_data = get_platform_json_data()
/usr/local/lib/python3.13/dist-packages/sonic_py_common/device_info.py:187: in get_platform_json_data
    platform_path = get_path_to_platform_dir()
_ _ _ _ _ _ _ _ _ _ _ _ _ _ _ _ _ _ _ _ _ _ _ _ _ _ _ _ _ _ _ _ _ _ _ _ _ _ _ _ 

    def get_path_to_platform_dir():
        """
        Retreives the paths to the device's platform directory
    
        Returns:
            A string containing the path to the platform directory of the device
        """
        # Get platform
        platform = get_platform()
    
        # Determine whether we're running in a container or on the host
        platform_path_host = os.path.join(HOST_DEVICE_PATH, platform)
    
        if os.path.isdir(CONTAINER_PLATFORM_PATH):
            platform_path = CONTAINER_PLATFORM_PATH
        elif os.path.isdir(platform_path_host):
            platform_path = platform_path_host
        else:
>           raise OSError("Failed to locate platform directory")
E           OSError: Failed to locate platform directory

/usr/local/lib/python3.13/dist-packages/sonic_py_common/device_info.py:292: OSError
_______ TestFeatureHandler.test_handler_04_DualTorCaseWithNoSystemCalls ________

a = (<tests.featured.featured_test.TestFeatureHandler testMethod=test_handler_04_DualTorCaseWithNoSystemCalls>,)
kw = {}

    @wraps(func)
    def standalone_func(*a, **kw):
>       return func(*(a + p.args), **p.kwargs, **kw)

/usr/lib/python3/dist-packages/parameterized/parameterized.py:620: 
_ _ _ _ _ _ _ _ _ _ _ _ _ _ _ _ _ _ _ _ _ _ _ _ _ _ _ _ _ _ _ _ _ _ _ _ _ _ _ _ 
/usr/local/lib/python3.13/dist-packages/pyfakefs/fake_filesystem_unittest.py:230: in wrapped
    return f(*args, **kwargs)
tests/featured/featured_test.py:216: in test_handler
    feature_handler = featured.FeatureHandler(MockConfigDb(), feature_state_table_mock,
scripts/featured:148: in __init__
    self.num_dpus = device_info.get_num_dpus()
/usr/local/lib/python3.13/dist-packages/sonic_py_common/device_info.py:1143: in get_num_dpus
    if is_dpu():
/usr/local/lib/python3.13/dist-packages/sonic_py_common/device_info.py:694: in is_dpu
    platform_data = get_platform_json_data()
/usr/local/lib/python3.13/dist-packages/sonic_py_common/device_info.py:187: in get_platform_json_data
    platform_path = get_path_to_platform_dir()
_ _ _ _ _ _ _ _ _ _ _ _ _ _ _ _ _ _ _ _ _ _ _ _ _ _ _ _ _ _ _ _ _ _ _ _ _ _ _ _ 

    def get_path_to_platform_dir():
        """
        Retreives the paths to the device's platform directory
    
        Returns:
            A string containing the path to the platform directory of the device
        """
        # Get platform
        platform = get_platform()
    
        # Determine whether we're running in a container or on the host
        platform_path_host = os.path.join(HOST_DEVICE_PATH, platform)
    
        if os.path.isdir(CONTAINER_PLATFORM_PATH):
            platform_path = CONTAINER_PLATFORM_PATH
        elif os.path.isdir(platform_path_host):
            platform_path = platform_path_host
        else:
>           raise OSError("Failed to locate platform directory")
E           OSError: Failed to locate platform directory

/usr/local/lib/python3.13/dist-packages/sonic_py_common/device_info.py:292: OSError
_________ TestFeatureHandler.test_handler_05_Chassis_Supervisor_PACKET _________

a = (<tests.featured.featured_test.TestFeatureHandler testMethod=test_handler_05_Chassis_Supervisor_PACKET>,)
kw = {}

    @wraps(func)
    def standalone_func(*a, **kw):
>       return func(*(a + p.args), **p.kwargs, **kw)

/usr/lib/python3/dist-packages/parameterized/parameterized.py:620: 
_ _ _ _ _ _ _ _ _ _ _ _ _ _ _ _ _ _ _ _ _ _ _ _ _ _ _ _ _ _ _ _ _ _ _ _ _ _ _ _ 
/usr/local/lib/python3.13/dist-packages/pyfakefs/fake_filesystem_unittest.py:230: in wrapped
    return f(*args, **kwargs)
tests/featured/featured_test.py:216: in test_handler
    feature_handler = featured.FeatureHandler(MockConfigDb(), feature_state_table_mock,
scripts/featured:148: in __init__
    self.num_dpus = device_info.get_num_dpus()
/usr/local/lib/python3.13/dist-packages/sonic_py_common/device_info.py:1143: in get_num_dpus
    if is_dpu():
/usr/local/lib/python3.13/dist-packages/sonic_py_common/device_info.py:694: in is_dpu
    platform_data = get_platform_json_data()
/usr/local/lib/python3.13/dist-packages/sonic_py_common/device_info.py:187: in get_platform_json_data
    platform_path = get_path_to_platform_dir()
_ _ _ _ _ _ _ _ _ _ _ _ _ _ _ _ _ _ _ _ _ _ _ _ _ _ _ _ _ _ _ _ _ _ _ _ _ _ _ _ 

    def get_path_to_platform_dir():
        """
        Retreives the paths to the device's platform directory
    
        Returns:
            A string containing the path to the platform directory of the device
        """
        # Get platform
        platform = get_platform()
    
        # Determine whether we're running in a container or on the host
        platform_path_host = os.path.join(HOST_DEVICE_PATH, platform)
    
        if os.path.isdir(CONTAINER_PLATFORM_PATH):
            platform_path = CONTAINER_PLATFORM_PATH
        elif os.path.isdir(platform_path_host):
            platform_path = platform_path_host
        else:
>           raise OSError("Failed to locate platform directory")
E           OSError: Failed to locate platform directory

/usr/local/lib/python3.13/dist-packages/sonic_py_common/device_info.py:292: OSError
__________ TestFeatureHandler.test_handler_06_Chassis_Supervisor_VOQ ___________

a = (<tests.featured.featured_test.TestFeatureHandler testMethod=test_handler_06_Chassis_Supervisor_VOQ>,)
kw = {}

    @wraps(func)
    def standalone_func(*a, **kw):
>       return func(*(a + p.args), **p.kwargs, **kw)

/usr/lib/python3/dist-packages/parameterized/parameterized.py:620: 
_ _ _ _ _ _ _ _ _ _ _ _ _ _ _ _ _ _ _ _ _ _ _ _ _ _ _ _ _ _ _ _ _ _ _ _ _ _ _ _ 
/usr/local/lib/python3.13/dist-packages/pyfakefs/fake_filesystem_unittest.py:230: in wrapped
    return f(*args, **kwargs)
tests/featured/featured_test.py:216: in test_handler
    feature_handler = featured.FeatureHandler(MockConfigDb(), feature_state_table_mock,
scripts/featured:148: in __init__
    self.num_dpus = device_info.get_num_dpus()
/usr/local/lib/python3.13/dist-packages/sonic_py_common/device_info.py:1143: in get_num_dpus
    if is_dpu():
/usr/local/lib/python3.13/dist-packages/sonic_py_common/device_info.py:694: in is_dpu
    platform_data = get_platform_json_data()
/usr/local/lib/python3.13/dist-packages/sonic_py_common/device_info.py:187: in get_platform_json_data
    platform_path = get_path_to_platform_dir()
_ _ _ _ _ _ _ _ _ _ _ _ _ _ _ _ _ _ _ _ _ _ _ _ _ _ _ _ _ _ _ _ _ _ _ _ _ _ _ _ 

    def get_path_to_platform_dir():
        """
        Retreives the paths to the device's platform directory
    
        Returns:
            A string containing the path to the platform directory of the device
        """
        # Get platform
        platform = get_platform()
    
        # Determine whether we're running in a container or on the host
        platform_path_host = os.path.join(HOST_DEVICE_PATH, platform)
    
        if os.path.isdir(CONTAINER_PLATFORM_PATH):
            platform_path = CONTAINER_PLATFORM_PATH
        elif os.path.isdir(platform_path_host):
            platform_path = platform_path_host
        else:
>           raise OSError("Failed to locate platform directory")
E           OSError: Failed to locate platform directory

/usr/local/lib/python3.13/dist-packages/sonic_py_common/device_info.py:292: OSError
___________ TestFeatureHandler.test_handler_07_Chassis_LineCard_VOQ ____________

a = (<tests.featured.featured_test.TestFeatureHandler testMethod=test_handler_07_Chassis_LineCard_VOQ>,)
kw = {}

    @wraps(func)
    def standalone_func(*a, **kw):
>       return func(*(a + p.args), **p.kwargs, **kw)

/usr/lib/python3/dist-packages/parameterized/parameterized.py:620: 
_ _ _ _ _ _ _ _ _ _ _ _ _ _ _ _ _ _ _ _ _ _ _ _ _ _ _ _ _ _ _ _ _ _ _ _ _ _ _ _ 
/usr/local/lib/python3.13/dist-packages/pyfakefs/fake_filesystem_unittest.py:230: in wrapped
    return f(*args, **kwargs)
tests/featured/featured_test.py:216: in test_handler
    feature_handler = featured.FeatureHandler(MockConfigDb(), feature_state_table_mock,
scripts/featured:148: in __init__
    self.num_dpus = device_info.get_num_dpus()
/usr/local/lib/python3.13/dist-packages/sonic_py_common/device_info.py:1143: in get_num_dpus
    if is_dpu():
/usr/local/lib/python3.13/dist-packages/sonic_py_common/device_info.py:694: in is_dpu
    platform_data = get_platform_json_data()
/usr/local/lib/python3.13/dist-packages/sonic_py_common/device_info.py:187: in get_platform_json_data
    platform_path = get_path_to_platform_dir()
_ _ _ _ _ _ _ _ _ _ _ _ _ _ _ _ _ _ _ _ _ _ _ _ _ _ _ _ _ _ _ _ _ _ _ _ _ _ _ _ 

    def get_path_to_platform_dir():
        """
        Retreives the paths to the device's platform directory
    
        Returns:
            A string containing the path to the platform directory of the device
        """
        # Get platform
        platform = get_platform()
    
        # Determine whether we're running in a container or on the host
        platform_path_host = os.path.join(HOST_DEVICE_PATH, platform)
    
        if os.path.isdir(CONTAINER_PLATFORM_PATH):
            platform_path = CONTAINER_PLATFORM_PATH
        elif os.path.isdir(platform_path_host):
            platform_path = platform_path_host
        else:
>           raise OSError("Failed to locate platform directory")
E           OSError: Failed to locate platform directory

/usr/local/lib/python3.13/dist-packages/sonic_py_common/device_info.py:292: OSError
__________ TestFeatureHandler.test_handler_08_Chassis_LineCard_Packet __________

a = (<tests.featured.featured_test.TestFeatureHandler testMethod=test_handler_08_Chassis_LineCard_Packet>,)
kw = {}

    @wraps(func)
    def standalone_func(*a, **kw):
>       return func(*(a + p.args), **p.kwargs, **kw)

/usr/lib/python3/dist-packages/parameterized/parameterized.py:620: 
_ _ _ _ _ _ _ _ _ _ _ _ _ _ _ _ _ _ _ _ _ _ _ _ _ _ _ _ _ _ _ _ _ _ _ _ _ _ _ _ 
/usr/local/lib/python3.13/dist-packages/pyfakefs/fake_filesystem_unittest.py:230: in wrapped
    return f(*args, **kwargs)
tests/featured/featured_test.py:216: in test_handler
    feature_handler = featured.FeatureHandler(MockConfigDb(), feature_state_table_mock,
scripts/featured:148: in __init__
    self.num_dpus = device_info.get_num_dpus()
/usr/local/lib/python3.13/dist-packages/sonic_py_common/device_info.py:1143: in get_num_dpus
    if is_dpu():
/usr/local/lib/python3.13/dist-packages/sonic_py_common/device_info.py:694: in is_dpu
    platform_data = get_platform_json_data()
/usr/local/lib/python3.13/dist-packages/sonic_py_common/device_info.py:187: in get_platform_json_data
    platform_path = get_path_to_platform_dir()
_ _ _ _ _ _ _ _ _ _ _ _ _ _ _ _ _ _ _ _ _ _ _ _ _ _ _ _ _ _ _ _ _ _ _ _ _ _ _ _ 

    def get_path_to_platform_dir():
        """
        Retreives the paths to the device's platform directory
    
        Returns:
            A string containing the path to the platform directory of the device
        """
        # Get platform
        platform = get_platform()
    
        # Determine whether we're running in a container or on the host
        platform_path_host = os.path.join(HOST_DEVICE_PATH, platform)
    
        if os.path.isdir(CONTAINER_PLATFORM_PATH):
            platform_path = CONTAINER_PLATFORM_PATH
        elif os.path.isdir(platform_path_host):
            platform_path = platform_path_host
        else:
>           raise OSError("Failed to locate platform directory")
E           OSError: Failed to locate platform directory

/usr/local/lib/python3.13/dist-packages/sonic_py_common/device_info.py:292: OSError
____ TestFeatureHandler.test_handler_09_Chassis_Supervisor_PACKET_multinpu _____

a = (<tests.featured.featured_test.TestFeatureHandler testMethod=test_handler_09_Chassis_Supervisor_PACKET_multinpu>,)
kw = {}

    @wraps(func)
    def standalone_func(*a, **kw):
>       return func(*(a + p.args), **p.kwargs, **kw)

/usr/lib/python3/dist-packages/parameterized/parameterized.py:620: 
_ _ _ _ _ _ _ _ _ _ _ _ _ _ _ _ _ _ _ _ _ _ _ _ _ _ _ _ _ _ _ _ _ _ _ _ _ _ _ _ 
/usr/local/lib/python3.13/dist-packages/pyfakefs/fake_filesystem_unittest.py:230: in wrapped
    return f(*args, **kwargs)
tests/featured/featured_test.py:216: in test_handler
    feature_handler = featured.FeatureHandler(MockConfigDb(), feature_state_table_mock,
scripts/featured:148: in __init__
    self.num_dpus = device_info.get_num_dpus()
/usr/local/lib/python3.13/dist-packages/sonic_py_common/device_info.py:1143: in get_num_dpus
    if is_dpu():
/usr/local/lib/python3.13/dist-packages/sonic_py_common/device_info.py:694: in is_dpu
    platform_data = get_platform_json_data()
/usr/local/lib/python3.13/dist-packages/sonic_py_common/device_info.py:187: in get_platform_json_data
    platform_path = get_path_to_platform_dir()
_ _ _ _ _ _ _ _ _ _ _ _ _ _ _ _ _ _ _ _ _ _ _ _ _ _ _ _ _ _ _ _ _ _ _ _ _ _ _ _ 

    def get_path_to_platform_dir():
        """
        Retreives the paths to the device's platform directory
    
        Returns:
            A string containing the path to the platform directory of the device
        """
        # Get platform
        platform = get_platform()
    
        # Determine whether we're running in a container or on the host
        platform_path_host = os.path.join(HOST_DEVICE_PATH, platform)
    
        if os.path.isdir(CONTAINER_PLATFORM_PATH):
            platform_path = CONTAINER_PLATFORM_PATH
        elif os.path.isdir(platform_path_host):
            platform_path = platform_path_host
        else:
>           raise OSError("Failed to locate platform directory")
E           OSError: Failed to locate platform directory

/usr/local/lib/python3.13/dist-packages/sonic_py_common/device_info.py:292: OSError
_______ TestFeatureHandler.test_handler_10_Chassis_LineCard_VOQ_multinpu _______

a = (<tests.featured.featured_test.TestFeatureHandler testMethod=test_handler_10_Chassis_LineCard_VOQ_multinpu>,)
kw = {}

    @wraps(func)
    def standalone_func(*a, **kw):
>       return func(*(a + p.args), **p.kwargs, **kw)

/usr/lib/python3/dist-packages/parameterized/parameterized.py:620: 
_ _ _ _ _ _ _ _ _ _ _ _ _ _ _ _ _ _ _ _ _ _ _ _ _ _ _ _ _ _ _ _ _ _ _ _ _ _ _ _ 
/usr/local/lib/python3.13/dist-packages/pyfakefs/fake_filesystem_unittest.py:230: in wrapped
    return f(*args, **kwargs)
tests/featured/featured_test.py:216: in test_handler
    feature_handler = featured.FeatureHandler(MockConfigDb(), feature_state_table_mock,
scripts/featured:148: in __init__
    self.num_dpus = device_info.get_num_dpus()
/usr/local/lib/python3.13/dist-packages/sonic_py_common/device_info.py:1143: in get_num_dpus
    if is_dpu():
/usr/local/lib/python3.13/dist-packages/sonic_py_common/device_info.py:694: in is_dpu
    platform_data = get_platform_json_data()
/usr/local/lib/python3.13/dist-packages/sonic_py_common/device_info.py:187: in get_platform_json_data
    platform_path = get_path_to_platform_dir()
_ _ _ _ _ _ _ _ _ _ _ _ _ _ _ _ _ _ _ _ _ _ _ _ _ _ _ _ _ _ _ _ _ _ _ _ _ _ _ _ 

    def get_path_to_platform_dir():
        """
        Retreives the paths to the device's platform directory
    
        Returns:
            A string containing the path to the platform directory of the device
        """
        # Get platform
        platform = get_platform()
    
        # Determine whether we're running in a container or on the host
        platform_path_host = os.path.join(HOST_DEVICE_PATH, platform)
    
        if os.path.isdir(CONTAINER_PLATFORM_PATH):
            platform_path = CONTAINER_PLATFORM_PATH
        elif os.path.isdir(platform_path_host):
            platform_path = platform_path_host
        else:
>           raise OSError("Failed to locate platform directory")
E           OSError: Failed to locate platform directory

/usr/local/lib/python3.13/dist-packages/sonic_py_common/device_info.py:292: OSError
_________________ TestFeatureHandler.test_port_init_done_twice _________________

self = <tests.featured.featured_test.TestFeatureHandler testMethod=test_port_init_done_twice>

    def test_port_init_done_twice(self):
        """There could be multiple "PortInitDone" event in case of swss
        restart(either due to crash or due to manual operation). swss
        restarting would cause all services that depend on it to be stopped.
        Those stopped services which have delayed=True will not be auto
        restarted by systemd, featured is responsible for enabling those services
        when swss is ready. This test case covers it.
        """
>       feature_handler = featured.FeatureHandler(None, None, {}, False)

tests/featured/featured_test.py:333: 
_ _ _ _ _ _ _ _ _ _ _ _ _ _ _ _ _ _ _ _ _ _ _ _ _ _ _ _ _ _ _ _ _ _ _ _ _ _ _ _ 
scripts/featured:145: in __init__
    self._device_running_config = device_info.get_device_runtime_metadata()
/usr/local/lib/python3.13/dist-packages/sonic_py_common/device_info.py:769: in get_device_runtime_metadata
    port_metadata = {'ETHERNET_PORTS_PRESENT': True if get_path_to_port_config_file(hwsku=None, asic="0" if is_multi_npu() else None) else False}
/usr/local/lib/python3.13/dist-packages/sonic_py_common/device_info.py:474: in get_path_to_port_config_file
    (platform_path, hwsku_path) = get_paths_to_platform_and_hwsku_dirs()
/usr/local/lib/python3.13/dist-packages/sonic_py_common/device_info.py:435: in get_paths_to_platform_and_hwsku_dirs
    platform_path = get_path_to_platform_dir()
_ _ _ _ _ _ _ _ _ _ _ _ _ _ _ _ _ _ _ _ _ _ _ _ _ _ _ _ _ _ _ _ _ _ _ _ _ _ _ _ 

    def get_path_to_platform_dir():
        """
        Retreives the paths to the device's platform directory
    
        Returns:
            A string containing the path to the platform directory of the device
        """
        # Get platform
        platform = get_platform()
    
        # Determine whether we're running in a container or on the host
        platform_path_host = os.path.join(HOST_DEVICE_PATH, platform)
    
        if os.path.isdir(CONTAINER_PLATFORM_PATH):
            platform_path = CONTAINER_PLATFORM_PATH
        elif os.path.isdir(platform_path_host):
            platform_path = platform_path_host
        else:
>           raise OSError("Failed to locate platform directory")
E           OSError: Failed to locate platform directory

/usr/local/lib/python3.13/dist-packages/sonic_py_common/device_info.py:292: OSError
_________ TestFeatureHandler.test_sync_feature_scope_conditional_write _________

self = <tests.featured.featured_test.TestFeatureHandler testMethod=test_sync_feature_scope_conditional_write>

    @mock.patch('featured.FeatureHandler.update_systemd_config', mock.MagicMock())
    @mock.patch('featured.FeatureHandler.update_feature_state', mock.MagicMock())
    @mock.patch('featured.FeatureHandler.sync_feature_delay_state', mock.MagicMock())
    @mock.patch('featured.FeatureHandler.get_systemd_unit_state', mock.MagicMock(return_value=""))
    def test_sync_feature_scope_conditional_write(self):
        """Verify sync_feature_scope only writes when scope values differ or entry is missing."""
        mock_db = mock.MagicMock()
        mock_db.get_entry = mock.MagicMock()
        mock_db.mod_entry = mock.MagicMock()
        mock_feature_state_table = mock.MagicMock()
    
>       feature_handler = featured.FeatureHandler(mock_db, mock_feature_state_table, {}, False)

tests/featured/featured_test.py:390: 
_ _ _ _ _ _ _ _ _ _ _ _ _ _ _ _ _ _ _ _ _ _ _ _ _ _ _ _ _ _ _ _ _ _ _ _ _ _ _ _ 
scripts/featured:145: in __init__
    self._device_running_config = device_info.get_device_runtime_metadata()
/usr/local/lib/python3.13/dist-packages/sonic_py_common/device_info.py:769: in get_device_runtime_metadata
    port_metadata = {'ETHERNET_PORTS_PRESENT': True if get_path_to_port_config_file(hwsku=None, asic="0" if is_multi_npu() else None) else False}
/usr/local/lib/python3.13/dist-packages/sonic_py_common/device_info.py:474: in get_path_to_port_config_file
    (platform_path, hwsku_path) = get_paths_to_platform_and_hwsku_dirs()
/usr/local/lib/python3.13/dist-packages/sonic_py_common/device_info.py:435: in get_paths_to_platform_and_hwsku_dirs
    platform_path = get_path_to_platform_dir()
_ _ _ _ _ _ _ _ _ _ _ _ _ _ _ _ _ _ _ _ _ _ _ _ _ _ _ _ _ _ _ _ _ _ _ _ _ _ _ _ 

    def get_path_to_platform_dir():
        """
        Retreives the paths to the device's platform directory
    
        Returns:
            A string containing the path to the platform directory of the device
        """
        # Get platform
        platform = get_platform()
    
        # Determine whether we're running in a container or on the host
        platform_path_host = os.path.join(HOST_DEVICE_PATH, platform)
    
        if os.path.isdir(CONTAINER_PLATFORM_PATH):
            platform_path = CONTAINER_PLATFORM_PATH
        elif os.path.isdir(platform_path_host):
            platform_path = platform_path_host
        else:
>           raise OSError("Failed to locate platform directory")
E           OSError: Failed to locate platform directory

/usr/local/lib/python3.13/dist-packages/sonic_py_common/device_info.py:292: OSError
___________ TestFeatureHandler.test_sync_feature_scope_namespace_dbs ___________

self = <tests.featured.featured_test.TestFeatureHandler testMethod=test_sync_feature_scope_namespace_dbs>

    @mock.patch('featured.FeatureHandler.update_systemd_config', mock.MagicMock())
    @mock.patch('featured.FeatureHandler.update_feature_state', mock.MagicMock())
    @mock.patch('featured.FeatureHandler.sync_feature_delay_state', mock.MagicMock())
    @mock.patch('featured.FeatureHandler.get_systemd_unit_state', mock.MagicMock(return_value=""))
    def test_sync_feature_scope_namespace_dbs(self):
        """Verify sync_feature_scope propagates writes to per-namespace DBs on multi-ASIC."""
        mock_db = mock.MagicMock()
        mock_db.get_entry = mock.MagicMock()
        mock_db.mod_entry = mock.MagicMock()
        mock_feature_state_table = mock.MagicMock()
    
>       feature_handler = featured.FeatureHandler(mock_db, mock_feature_state_table, {}, False)

tests/featured/featured_test.py:435: 
_ _ _ _ _ _ _ _ _ _ _ _ _ _ _ _ _ _ _ _ _ _ _ _ _ _ _ _ _ _ _ _ _ _ _ _ _ _ _ _ 
scripts/featured:145: in __init__
    self._device_running_config = device_info.get_device_runtime_metadata()
/usr/local/lib/python3.13/dist-packages/sonic_py_common/device_info.py:769: in get_device_runtime_metadata
    port_metadata = {'ETHERNET_PORTS_PRESENT': True if get_path_to_port_config_file(hwsku=None, asic="0" if is_multi_npu() else None) else False}
/usr/local/lib/python3.13/dist-packages/sonic_py_common/device_info.py:474: in get_path_to_port_config_file
    (platform_path, hwsku_path) = get_paths_to_platform_and_hwsku_dirs()
/usr/local/lib/python3.13/dist-packages/sonic_py_common/device_info.py:435: in get_paths_to_platform_and_hwsku_dirs
    platform_path = get_path_to_platform_dir()
_ _ _ _ _ _ _ _ _ _ _ _ _ _ _ _ _ _ _ _ _ _ _ _ _ _ _ _ _ _ _ _ _ _ _ _ _ _ _ _ 

    def get_path_to_platform_dir():
        """
        Retreives the paths to the device's platform directory
    
        Returns:
            A string containing the path to the platform directory of the device
        """
        # Get platform
        platform = get_platform()
    
        # Determine whether we're running in a container or on the host
        platform_path_host = os.path.join(HOST_DEVICE_PATH, platform)
    
        if os.path.isdir(CONTAINER_PLATFORM_PATH):
            platform_path = CONTAINER_PLATFORM_PATH
        elif os.path.isdir(platform_path_host):
            platform_path = platform_path_host
        else:
>           raise OSError("Failed to locate platform directory")
E           OSError: Failed to locate platform directory

/usr/local/lib/python3.13/dist-packages/sonic_py_common/device_info.py:292: OSError
___________ TestFeatureHandler.test_sync_state_field_00_DualTorCase ____________

a = (<tests.featured.featured_test.TestFeatureHandler testMethod=test_sync_state_field_00_DualTorCase>,)
kw = {}

    @wraps(func)
    def standalone_func(*a, **kw):
>       return func(*(a + p.args), **p.kwargs, **kw)

/usr/lib/python3/dist-packages/parameterized/parameterized.py:620: 
_ _ _ _ _ _ _ _ _ _ _ _ _ _ _ _ _ _ _ _ _ _ _ _ _ _ _ _ _ _ _ _ _ _ _ _ _ _ _ _ 
/usr/local/lib/python3.13/dist-packages/pyfakefs/fake_filesystem_unittest.py:230: in wrapped
    return f(*args, **kwargs)
tests/featured/featured_test.py:152: in test_sync_state_field
    feature_handler = featured.FeatureHandler(MockConfigDb(), feature_state_table_mock,
scripts/featured:148: in __init__
    self.num_dpus = device_info.get_num_dpus()
/usr/local/lib/python3.13/dist-packages/sonic_py_common/device_info.py:1143: in get_num_dpus
    if is_dpu():
/usr/local/lib/python3.13/dist-packages/sonic_py_common/device_info.py:694: in is_dpu
    platform_data = get_platform_json_data()
/usr/local/lib/python3.13/dist-packages/sonic_py_common/device_info.py:187: in get_platform_json_data
    platform_path = get_path_to_platform_dir()
_ _ _ _ _ _ _ _ _ _ _ _ _ _ _ _ _ _ _ _ _ _ _ _ _ _ _ _ _ _ _ _ _ _ _ _ _ _ _ _ 

    def get_path_to_platform_dir():
        """
        Retreives the paths to the device's platform directory
    
        Returns:
            A string containing the path to the platform directory of the device
        """
        # Get platform
        platform = get_platform()
    
        # Determine whether we're running in a container or on the host
        platform_path_host = os.path.join(HOST_DEVICE_PATH, platform)
    
        if os.path.isdir(CONTAINER_PLATFORM_PATH):
            platform_path = CONTAINER_PLATFORM_PATH
        elif os.path.isdir(platform_path_host):
            platform_path = platform_path_host
        else:
>           raise OSError("Failed to locate platform directory")
E           OSError: Failed to locate platform directory

/usr/local/lib/python3.13/dist-packages/sonic_py_common/device_info.py:292: OSError
__________ TestFeatureHandler.test_sync_state_field_01_SingleToRCase ___________

a = (<tests.featured.featured_test.TestFeatureHandler testMethod=test_sync_state_field_01_SingleToRCase>,)
kw = {}

    @wraps(func)
    def standalone_func(*a, **kw):
>       return func(*(a + p.args), **p.kwargs, **kw)

/usr/lib/python3/dist-packages/parameterized/parameterized.py:620: 
_ _ _ _ _ _ _ _ _ _ _ _ _ _ _ _ _ _ _ _ _ _ _ _ _ _ _ _ _ _ _ _ _ _ _ _ _ _ _ _ 
/usr/local/lib/python3.13/dist-packages/pyfakefs/fake_filesystem_unittest.py:230: in wrapped
    return f(*args, **kwargs)
tests/featured/featured_test.py:152: in test_sync_state_field
    feature_handler = featured.FeatureHandler(MockConfigDb(), feature_state_table_mock,
scripts/featured:148: in __init__
    self.num_dpus = device_info.get_num_dpus()
/usr/local/lib/python3.13/dist-packages/sonic_py_common/device_info.py:1143: in get_num_dpus
    if is_dpu():
/usr/local/lib/python3.13/dist-packages/sonic_py_common/device_info.py:694: in is_dpu
    platform_data = get_platform_json_data()
/usr/local/lib/python3.13/dist-packages/sonic_py_common/device_info.py:187: in get_platform_json_data
    platform_path = get_path_to_platform_dir()
_ _ _ _ _ _ _ _ _ _ _ _ _ _ _ _ _ _ _ _ _ _ _ _ _ _ _ _ _ _ _ _ _ _ _ _ _ _ _ _ 

    def get_path_to_platform_dir():
        """
        Retreives the paths to the device's platform directory
    
        Returns:
            A string containing the path to the platform directory of the device
        """
        # Get platform
        platform = get_platform()
    
        # Determine whether we're running in a container or on the host
        platform_path_host = os.path.join(HOST_DEVICE_PATH, platform)
    
        if os.path.isdir(CONTAINER_PLATFORM_PATH):
            platform_path = CONTAINER_PLATFORM_PATH
        elif os.path.isdir(platform_path_host):
            platform_path = platform_path_host
        else:
>           raise OSError("Failed to locate platform directory")
E           OSError: Failed to locate platform directory

/usr/local/lib/python3.13/dist-packages/sonic_py_common/device_info.py:292: OSError
______________ TestFeatureHandler.test_sync_state_field_02_T1Case ______________

a = (<tests.featured.featured_test.TestFeatureHandler testMethod=test_sync_state_field_02_T1Case>,)
kw = {}

    @wraps(func)
    def standalone_func(*a, **kw):
>       return func(*(a + p.args), **p.kwargs, **kw)

/usr/lib/python3/dist-packages/parameterized/parameterized.py:620: 
_ _ _ _ _ _ _ _ _ _ _ _ _ _ _ _ _ _ _ _ _ _ _ _ _ _ _ _ _ _ _ _ _ _ _ _ _ _ _ _ 
/usr/local/lib/python3.13/dist-packages/pyfakefs/fake_filesystem_unittest.py:230: in wrapped
    return f(*args, **kwargs)
tests/featured/featured_test.py:152: in test_sync_state_field
    feature_handler = featured.FeatureHandler(MockConfigDb(), feature_state_table_mock,
scripts/featured:148: in __init__
    self.num_dpus = device_info.get_num_dpus()
/usr/local/lib/python3.13/dist-packages/sonic_py_common/device_info.py:1143: in get_num_dpus
    if is_dpu():
/usr/local/lib/python3.13/dist-packages/sonic_py_common/device_info.py:694: in is_dpu
    platform_data = get_platform_json_data()
/usr/local/lib/python3.13/dist-packages/sonic_py_common/device_info.py:187: in get_platform_json_data
    platform_path = get_path_to_platform_dir()
_ _ _ _ _ _ _ _ _ _ _ _ _ _ _ _ _ _ _ _ _ _ _ _ _ _ _ _ _ _ _ _ _ _ _ _ _ _ _ _ 

    def get_path_to_platform_dir():
        """
        Retreives the paths to the device's platform directory
    
        Returns:
            A string containing the path to the platform directory of the device
        """
        # Get platform
        platform = get_platform()
    
        # Determine whether we're running in a container or on the host
        platform_path_host = os.path.join(HOST_DEVICE_PATH, platform)
    
        if os.path.isdir(CONTAINER_PLATFORM_PATH):
            platform_path = CONTAINER_PLATFORM_PATH
        elif os.path.isdir(platform_path_host):
            platform_path = platform_path_host
        else:
>           raise OSError("Failed to locate platform directory")
E           OSError: Failed to locate platform directory

/usr/local/lib/python3.13/dist-packages/sonic_py_common/device_info.py:292: OSError
_ TestFeatureHandler.test_sync_state_field_03_SingleToRCase_DHCP_Relay_Enabled _

a = (<tests.featured.featured_test.TestFeatureHandler testMethod=test_sync_state_field_03_SingleToRCase_DHCP_Relay_Enabled>,)
kw = {}

    @wraps(func)
    def standalone_func(*a, **kw):
>       return func(*(a + p.args), **p.kwargs, **kw)

/usr/lib/python3/dist-packages/parameterized/parameterized.py:620: 
_ _ _ _ _ _ _ _ _ _ _ _ _ _ _ _ _ _ _ _ _ _ _ _ _ _ _ _ _ _ _ _ _ _ _ _ _ _ _ _ 
/usr/local/lib/python3.13/dist-packages/pyfakefs/fake_filesystem_unittest.py:230: in wrapped
    return f(*args, **kwargs)
tests/featured/featured_test.py:152: in test_sync_state_field
    feature_handler = featured.FeatureHandler(MockConfigDb(), feature_state_table_mock,
scripts/featured:148: in __init__
    self.num_dpus = device_info.get_num_dpus()
/usr/local/lib/python3.13/dist-packages/sonic_py_common/device_info.py:1143: in get_num_dpus
    if is_dpu():
/usr/local/lib/python3.13/dist-packages/sonic_py_common/device_info.py:694: in is_dpu
    platform_data = get_platform_json_data()
/usr/local/lib/python3.13/dist-packages/sonic_py_common/device_info.py:187: in get_platform_json_data
    platform_path = get_path_to_platform_dir()
_ _ _ _ _ _ _ _ _ _ _ _ _ _ _ _ _ _ _ _ _ _ _ _ _ _ _ _ _ _ _ _ _ _ _ _ _ _ _ _ 

    def get_path_to_platform_dir():
        """
        Retreives the paths to the device's platform directory
    
        Returns:
            A string containing the path to the platform directory of the device
        """
        # Get platform
        platform = get_platform()
    
        # Determine whether we're running in a container or on the host
        platform_path_host = os.path.join(HOST_DEVICE_PATH, platform)
    
        if os.path.isdir(CONTAINER_PLATFORM_PATH):
            platform_path = CONTAINER_PLATFORM_PATH
        elif os.path.isdir(platform_path_host):
            platform_path = platform_path_host
        else:
>           raise OSError("Failed to locate platform directory")
E           OSError: Failed to locate platform directory

/usr/local/lib/python3.13/dist-packages/sonic_py_common/device_info.py:292: OSError
___ TestFeatureHandler.test_sync_state_field_04_DualTorCaseWithNoSystemCalls ___

a = (<tests.featured.featured_test.TestFeatureHandler testMethod=test_sync_state_field_04_DualTorCaseWithNoSystemCalls>,)
kw = {}

    @wraps(func)
    def standalone_func(*a, **kw):
>       return func(*(a + p.args), **p.kwargs, **kw)

/usr/lib/python3/dist-packages/parameterized/parameterized.py:620: 
_ _ _ _ _ _ _ _ _ _ _ _ _ _ _ _ _ _ _ _ _ _ _ _ _ _ _ _ _ _ _ _ _ _ _ _ _ _ _ _ 
/usr/local/lib/python3.13/dist-packages/pyfakefs/fake_filesystem_unittest.py:230: in wrapped
    return f(*args, **kwargs)
tests/featured/featured_test.py:152: in test_sync_state_field
    feature_handler = featured.FeatureHandler(MockConfigDb(), feature_state_table_mock,
scripts/featured:148: in __init__
    self.num_dpus = device_info.get_num_dpus()
/usr/local/lib/python3.13/dist-packages/sonic_py_common/device_info.py:1143: in get_num_dpus
    if is_dpu():
/usr/local/lib/python3.13/dist-packages/sonic_py_common/device_info.py:694: in is_dpu
    platform_data = get_platform_json_data()
/usr/local/lib/python3.13/dist-packages/sonic_py_common/device_info.py:187: in get_platform_json_data
    platform_path = get_path_to_platform_dir()
_ _ _ _ _ _ _ _ _ _ _ _ _ _ _ _ _ _ _ _ _ _ _ _ _ _ _ _ _ _ _ _ _ _ _ _ _ _ _ _ 

    def get_path_to_platform_dir():
        """
        Retreives the paths to the device's platform directory
    
        Returns:
            A string containing the path to the platform directory of the device
        """
        # Get platform
        platform = get_platform()
    
        # Determine whether we're running in a container or on the host
        platform_path_host = os.path.join(HOST_DEVICE_PATH, platform)
    
        if os.path.isdir(CONTAINER_PLATFORM_PATH):
            platform_path = CONTAINER_PLATFORM_PATH
        elif os.path.isdir(platform_path_host):
            platform_path = platform_path_host
        else:
>           raise OSError("Failed to locate platform directory")
E           OSError: Failed to locate platform directory

/usr/local/lib/python3.13/dist-packages/sonic_py_common/device_info.py:292: OSError
____ TestFeatureHandler.test_sync_state_field_05_Chassis_Supervisor_PACKET _____

a = (<tests.featured.featured_test.TestFeatureHandler testMethod=test_sync_state_field_05_Chassis_Supervisor_PACKET>,)
kw = {}

    @wraps(func)
    def standalone_func(*a, **kw):
>       return func(*(a + p.args), **p.kwargs, **kw)

/usr/lib/python3/dist-packages/parameterized/parameterized.py:620: 
_ _ _ _ _ _ _ _ _ _ _ _ _ _ _ _ _ _ _ _ _ _ _ _ _ _ _ _ _ _ _ _ _ _ _ _ _ _ _ _ 
/usr/local/lib/python3.13/dist-packages/pyfakefs/fake_filesystem_unittest.py:230: in wrapped
    return f(*args, **kwargs)
tests/featured/featured_test.py:152: in test_sync_state_field
    feature_handler = featured.FeatureHandler(MockConfigDb(), feature_state_table_mock,
scripts/featured:148: in __init__
    self.num_dpus = device_info.get_num_dpus()
/usr/local/lib/python3.13/dist-packages/sonic_py_common/device_info.py:1143: in get_num_dpus
    if is_dpu():
/usr/local/lib/python3.13/dist-packages/sonic_py_common/device_info.py:694: in is_dpu
    platform_data = get_platform_json_data()
/usr/local/lib/python3.13/dist-packages/sonic_py_common/device_info.py:187: in get_platform_json_data
    platform_path = get_path_to_platform_dir()
_ _ _ _ _ _ _ _ _ _ _ _ _ _ _ _ _ _ _ _ _ _ _ _ _ _ _ _ _ _ _ _ _ _ _ _ _ _ _ _ 

    def get_path_to_platform_dir():
        """
        Retreives the paths to the device's platform directory
    
        Returns:
            A string containing the path to the platform directory of the device
        """
        # Get platform
        platform = get_platform()
    
        # Determine whether we're running in a container or on the host
        platform_path_host = os.path.join(HOST_DEVICE_PATH, platform)
    
        if os.path.isdir(CONTAINER_PLATFORM_PATH):
            platform_path = CONTAINER_PLATFORM_PATH
        elif os.path.isdir(platform_path_host):
            platform_path = platform_path_host
        else:
>           raise OSError("Failed to locate platform directory")
E           OSError: Failed to locate platform directory

/usr/local/lib/python3.13/dist-packages/sonic_py_common/device_info.py:292: OSError
______ TestFeatureHandler.test_sync_state_field_06_Chassis_Supervisor_VOQ ______

a = (<tests.featured.featured_test.TestFeatureHandler testMethod=test_sync_state_field_06_Chassis_Supervisor_VOQ>,)
kw = {}

    @wraps(func)
    def standalone_func(*a, **kw):
>       return func(*(a + p.args), **p.kwargs, **kw)

/usr/lib/python3/dist-packages/parameterized/parameterized.py:620: 
_ _ _ _ _ _ _ _ _ _ _ _ _ _ _ _ _ _ _ _ _ _ _ _ _ _ _ _ _ _ _ _ _ _ _ _ _ _ _ _ 
/usr/local/lib/python3.13/dist-packages/pyfakefs/fake_filesystem_unittest.py:230: in wrapped
    return f(*args, **kwargs)
tests/featured/featured_test.py:152: in test_sync_state_field
    feature_handler = featured.FeatureHandler(MockConfigDb(), feature_state_table_mock,
scripts/featured:148: in __init__
    self.num_dpus = device_info.get_num_dpus()
/usr/local/lib/python3.13/dist-packages/sonic_py_common/device_info.py:1143: in get_num_dpus
    if is_dpu():
/usr/local/lib/python3.13/dist-packages/sonic_py_common/device_info.py:694: in is_dpu
    platform_data = get_platform_json_data()
/usr/local/lib/python3.13/dist-packages/sonic_py_common/device_info.py:187: in get_platform_json_data
    platform_path = get_path_to_platform_dir()
_ _ _ _ _ _ _ _ _ _ _ _ _ _ _ _ _ _ _ _ _ _ _ _ _ _ _ _ _ _ _ _ _ _ _ _ _ _ _ _ 

    def get_path_to_platform_dir():
        """
        Retreives the paths to the device's platform directory
    
        Returns:
            A string containing the path to the platform directory of the device
        """
        # Get platform
        platform = get_platform()
    
        # Determine whether we're running in a container or on the host
        platform_path_host = os.path.join(HOST_DEVICE_PATH, platform)
    
        if os.path.isdir(CONTAINER_PLATFORM_PATH):
            platform_path = CONTAINER_PLATFORM_PATH
        elif os.path.isdir(platform_path_host):
            platform_path = platform_path_host
        else:
>           raise OSError("Failed to locate platform directory")
E           OSError: Failed to locate platform directory

/usr/local/lib/python3.13/dist-packages/sonic_py_common/device_info.py:292: OSError
_______ TestFeatureHandler.test_sync_state_field_07_Chassis_LineCard_VOQ _______

a = (<tests.featured.featured_test.TestFeatureHandler testMethod=test_sync_state_field_07_Chassis_LineCard_VOQ>,)
kw = {}

    @wraps(func)
    def standalone_func(*a, **kw):
>       return func(*(a + p.args), **p.kwargs, **kw)

/usr/lib/python3/dist-packages/parameterized/parameterized.py:620: 
_ _ _ _ _ _ _ _ _ _ _ _ _ _ _ _ _ _ _ _ _ _ _ _ _ _ _ _ _ _ _ _ _ _ _ _ _ _ _ _ 
/usr/local/lib/python3.13/dist-packages/pyfakefs/fake_filesystem_unittest.py:230: in wrapped
    return f(*args, **kwargs)
tests/featured/featured_test.py:152: in test_sync_state_field
    feature_handler = featured.FeatureHandler(MockConfigDb(), feature_state_table_mock,
scripts/featured:148: in __init__
    self.num_dpus = device_info.get_num_dpus()
/usr/local/lib/python3.13/dist-packages/sonic_py_common/device_info.py:1143: in get_num_dpus
    if is_dpu():
/usr/local/lib/python3.13/dist-packages/sonic_py_common/device_info.py:694: in is_dpu
    platform_data = get_platform_json_data()
/usr/local/lib/python3.13/dist-packages/sonic_py_common/device_info.py:187: in get_platform_json_data
    platform_path = get_path_to_platform_dir()
_ _ _ _ _ _ _ _ _ _ _ _ _ _ _ _ _ _ _ _ _ _ _ _ _ _ _ _ _ _ _ _ _ _ _ _ _ _ _ _ 

    def get_path_to_platform_dir():
        """
        Retreives the paths to the device's platform directory
    
        Returns:
            A string containing the path to the platform directory of the device
        """
        # Get platform
        platform = get_platform()
    
        # Determine whether we're running in a container or on the host
        platform_path_host = os.path.join(HOST_DEVICE_PATH, platform)
    
        if os.path.isdir(CONTAINER_PLATFORM_PATH):
            platform_path = CONTAINER_PLATFORM_PATH
        elif os.path.isdir(platform_path_host):
            platform_path = platform_path_host
        else:
>           raise OSError("Failed to locate platform directory")
E           OSError: Failed to locate platform directory

/usr/local/lib/python3.13/dist-packages/sonic_py_common/device_info.py:292: OSError
_____ TestFeatureHandler.test_sync_state_field_08_Chassis_LineCard_Packet ______

a = (<tests.featured.featured_test.TestFeatureHandler testMethod=test_sync_state_field_08_Chassis_LineCard_Packet>,)
kw = {}

    @wraps(func)
    def standalone_func(*a, **kw):
>       return func(*(a + p.args), **p.kwargs, **kw)

/usr/lib/python3/dist-packages/parameterized/parameterized.py:620: 
_ _ _ _ _ _ _ _ _ _ _ _ _ _ _ _ _ _ _ _ _ _ _ _ _ _ _ _ _ _ _ _ _ _ _ _ _ _ _ _ 
/usr/local/lib/python3.13/dist-packages/pyfakefs/fake_filesystem_unittest.py:230: in wrapped
    return f(*args, **kwargs)
tests/featured/featured_test.py:152: in test_sync_state_field
    feature_handler = featured.FeatureHandler(MockConfigDb(), feature_state_table_mock,
scripts/featured:148: in __init__
    self.num_dpus = device_info.get_num_dpus()
/usr/local/lib/python3.13/dist-packages/sonic_py_common/device_info.py:1143: in get_num_dpus
    if is_dpu():
/usr/local/lib/python3.13/dist-packages/sonic_py_common/device_info.py:694: in is_dpu
    platform_data = get_platform_json_data()
/usr/local/lib/python3.13/dist-packages/sonic_py_common/device_info.py:187: in get_platform_json_data
    platform_path = get_path_to_platform_dir()
_ _ _ _ _ _ _ _ _ _ _ _ _ _ _ _ _ _ _ _ _ _ _ _ _ _ _ _ _ _ _ _ _ _ _ _ _ _ _ _ 

    def get_path_to_platform_dir():
        """
        Retreives the paths to the device's platform directory
    
        Returns:
            A string containing the path to the platform directory of the device
        """
        # Get platform
        platform = get_platform()
    
        # Determine whether we're running in a container or on the host
        platform_path_host = os.path.join(HOST_DEVICE_PATH, platform)
    
        if os.path.isdir(CONTAINER_PLATFORM_PATH):
            platform_path = CONTAINER_PLATFORM_PATH
        elif os.path.isdir(platform_path_host):
            platform_path = platform_path_host
        else:
>           raise OSError("Failed to locate platform directory")
E           OSError: Failed to locate platform directory

/usr/local/lib/python3.13/dist-packages/sonic_py_common/device_info.py:292: OSError
_ TestFeatureHandler.test_sync_state_field_09_Chassis_Supervisor_PACKET_multinpu _

a = (<tests.featured.featured_test.TestFeatureHandler testMethod=test_sync_state_field_09_Chassis_Supervisor_PACKET_multinpu>,)
kw = {}

    @wraps(func)
    def standalone_func(*a, **kw):
>       return func(*(a + p.args), **p.kwargs, **kw)

/usr/lib/python3/dist-packages/parameterized/parameterized.py:620: 
_ _ _ _ _ _ _ _ _ _ _ _ _ _ _ _ _ _ _ _ _ _ _ _ _ _ _ _ _ _ _ _ _ _ _ _ _ _ _ _ 
/usr/local/lib/python3.13/dist-packages/pyfakefs/fake_filesystem_unittest.py:230: in wrapped
    return f(*args, **kwargs)
tests/featured/featured_test.py:152: in test_sync_state_field
    feature_handler = featured.FeatureHandler(MockConfigDb(), feature_state_table_mock,
scripts/featured:148: in __init__
    self.num_dpus = device_info.get_num_dpus()
/usr/local/lib/python3.13/dist-packages/sonic_py_common/device_info.py:1143: in get_num_dpus
    if is_dpu():
/usr/local/lib/python3.13/dist-packages/sonic_py_common/device_info.py:694: in is_dpu
    platform_data = get_platform_json_data()
/usr/local/lib/python3.13/dist-packages/sonic_py_common/device_info.py:187: in get_platform_json_data
    platform_path = get_path_to_platform_dir()
_ _ _ _ _ _ _ _ _ _ _ _ _ _ _ _ _ _ _ _ _ _ _ _ _ _ _ _ _ _ _ _ _ _ _ _ _ _ _ _ 

    def get_path_to_platform_dir():
        """
        Retreives the paths to the device's platform directory
    
        Returns:
            A string containing the path to the platform directory of the device
        """
        # Get platform
        platform = get_platform()
    
        # Determine whether we're running in a container or on the host
        platform_path_host = os.path.join(HOST_DEVICE_PATH, platform)
    
        if os.path.isdir(CONTAINER_PLATFORM_PATH):
            platform_path = CONTAINER_PLATFORM_PATH
        elif os.path.isdir(platform_path_host):
            platform_path = platform_path_host
        else:
>           raise OSError("Failed to locate platform directory")
E           OSError: Failed to locate platform directory

/usr/local/lib/python3.13/dist-packages/sonic_py_common/device_info.py:292: OSError
__ TestFeatureHandler.test_sync_state_field_10_Chassis_LineCard_VOQ_multinpu ___

a = (<tests.featured.featured_test.TestFeatureHandler testMethod=test_sync_state_field_10_Chassis_LineCard_VOQ_multinpu>,)
kw = {}

    @wraps(func)
    def standalone_func(*a, **kw):
>       return func(*(a + p.args), **p.kwargs, **kw)

/usr/lib/python3/dist-packages/parameterized/parameterized.py:620: 
_ _ _ _ _ _ _ _ _ _ _ _ _ _ _ _ _ _ _ _ _ _ _ _ _ _ _ _ _ _ _ _ _ _ _ _ _ _ _ _ 
/usr/local/lib/python3.13/dist-packages/pyfakefs/fake_filesystem_unittest.py:230: in wrapped
    return f(*args, **kwargs)
tests/featured/featured_test.py:152: in test_sync_state_field
    feature_handler = featured.FeatureHandler(MockConfigDb(), feature_state_table_mock,
scripts/featured:148: in __init__
    self.num_dpus = device_info.get_num_dpus()
/usr/local/lib/python3.13/dist-packages/sonic_py_common/device_info.py:1143: in get_num_dpus
    if is_dpu():
/usr/local/lib/python3.13/dist-packages/sonic_py_common/device_info.py:694: in is_dpu
    platform_data = get_platform_json_data()
/usr/local/lib/python3.13/dist-packages/sonic_py_common/device_info.py:187: in get_platform_json_data
    platform_path = get_path_to_platform_dir()
_ _ _ _ _ _ _ _ _ _ _ _ _ _ _ _ _ _ _ _ _ _ _ _ _ _ _ _ _ _ _ _ _ _ _ _ _ _ _ _ 

    def get_path_to_platform_dir():
        """
        Retreives the paths to the device's platform directory
    
        Returns:
            A string containing the path to the platform directory of the device
        """
        # Get platform
        platform = get_platform()
    
        # Determine whether we're running in a container or on the host
        platform_path_host = os.path.join(HOST_DEVICE_PATH, platform)
    
        if os.path.isdir(CONTAINER_PLATFORM_PATH):
            platform_path = CONTAINER_PLATFORM_PATH
        elif os.path.isdir(platform_path_host):
            platform_path = platform_path_host
        else:
>           raise OSError("Failed to locate platform directory")
E           OSError: Failed to locate platform directory

/usr/local/lib/python3.13/dist-packages/sonic_py_common/device_info.py:292: OSError
____ TestHandlerDeregistration.test_handler_deregister_cleans_namespace_dbs ____

self = <tests.featured.featured_test.TestHandlerDeregistration testMethod=test_handler_deregister_cleans_namespace_dbs>

    def test_handler_deregister_cleans_namespace_dbs(self):
        mock_db = mock.MagicMock()
        mock_feature_state_table = mock.MagicMock()
    
>       feature_handler = featured.FeatureHandler(mock_db, mock_feature_state_table, {}, False)

tests/featured/featured_test.py:495: 
_ _ _ _ _ _ _ _ _ _ _ _ _ _ _ _ _ _ _ _ _ _ _ _ _ _ _ _ _ _ _ _ _ _ _ _ _ _ _ _ 
scripts/featured:145: in __init__
    self._device_running_config = device_info.get_device_runtime_metadata()
/usr/local/lib/python3.13/dist-packages/sonic_py_common/device_info.py:769: in get_device_runtime_metadata
    port_metadata = {'ETHERNET_PORTS_PRESENT': True if get_path_to_port_config_file(hwsku=None, asic="0" if is_multi_npu() else None) else False}
/usr/local/lib/python3.13/dist-packages/sonic_py_common/device_info.py:474: in get_path_to_port_config_file
    (platform_path, hwsku_path) = get_paths_to_platform_and_hwsku_dirs()
/usr/local/lib/python3.13/dist-packages/sonic_py_common/device_info.py:435: in get_paths_to_platform_and_hwsku_dirs
    platform_path = get_path_to_platform_dir()
_ _ _ _ _ _ _ _ _ _ _ _ _ _ _ _ _ _ _ _ _ _ _ _ _ _ _ _ _ _ _ _ _ _ _ _ _ _ _ _ 

    def get_path_to_platform_dir():
        """
        Retreives the paths to the device's platform directory
    
        Returns:
            A string containing the path to the platform directory of the device
        """
        # Get platform
        platform = get_platform()
    
        # Determine whether we're running in a container or on the host
        platform_path_host = os.path.join(HOST_DEVICE_PATH, platform)
    
        if os.path.isdir(CONTAINER_PLATFORM_PATH):
            platform_path = CONTAINER_PLATFORM_PATH
        elif os.path.isdir(platform_path_host):
            platform_path = platform_path_host
        else:
>           raise OSError("Failed to locate platform directory")
E           OSError: Failed to locate platform directory

/usr/local/lib/python3.13/dist-packages/sonic_py_common/device_info.py:292: OSError
_ TestResyncFeatureStateNamespace.test_namespace_concrete_user_state_preserved _

self = <tests.featured.featured_test.TestResyncFeatureStateNamespace testMethod=test_namespace_concrete_user_state_preserved>

    def test_namespace_concrete_user_state_preserved(self):
        # Non-immutable rendered state: a concrete user-set namespace value that differs
        # must NOT be overwritten.
>       feature_handler, mock_db, mock_ns_db = self._make_handler('disabled', {'state': 'enabled'})

tests/featured/featured_test.py:577: 
_ _ _ _ _ _ _ _ _ _ _ _ _ _ _ _ _ _ _ _ _ _ _ _ _ _ _ _ _ _ _ _ _ _ _ _ _ _ _ _ 
tests/featured/featured_test.py:520: in _make_handler
    feature_handler = featured.FeatureHandler(mock_db, mock_feature_state_table, {}, False)
scripts/featured:145: in __init__
    self._device_running_config = device_info.get_device_runtime_metadata()
/usr/local/lib/python3.13/dist-packages/sonic_py_common/device_info.py:769: in get_device_runtime_metadata
    port_metadata = {'ETHERNET_PORTS_PRESENT': True if get_path_to_port_config_file(hwsku=None, asic="0" if is_multi_npu() else None) else False}
/usr/local/lib/python3.13/dist-packages/sonic_py_common/device_info.py:474: in get_path_to_port_config_file
    (platform_path, hwsku_path) = get_paths_to_platform_and_hwsku_dirs()
/usr/local/lib/python3.13/dist-packages/sonic_py_common/device_info.py:435: in get_paths_to_platform_and_hwsku_dirs
    platform_path = get_path_to_platform_dir()
_ _ _ _ _ _ _ _ _ _ _ _ _ _ _ _ _ _ _ _ _ _ _ _ _ _ _ _ _ _ _ _ _ _ _ _ _ _ _ _ 

    def get_path_to_platform_dir():
        """
        Retreives the paths to the device's platform directory
    
        Returns:
            A string containing the path to the platform directory of the device
        """
        # Get platform
        platform = get_platform()
    
        # Determine whether we're running in a container or on the host
        platform_path_host = os.path.join(HOST_DEVICE_PATH, platform)
    
        if os.path.isdir(CONTAINER_PLATFORM_PATH):
            platform_path = CONTAINER_PLATFORM_PATH
        elif os.path.isdir(platform_path_host):
            platform_path = platform_path_host
        else:
>           raise OSError("Failed to locate platform directory")
E           OSError: Failed to locate platform directory

/usr/local/lib/python3.13/dist-packages/sonic_py_common/device_info.py:292: OSError
____ TestResyncFeatureStateNamespace.test_namespace_immutable_state_forced _____

self = <tests.featured.featured_test.TestResyncFeatureStateNamespace testMethod=test_namespace_immutable_state_forced>

    def test_namespace_immutable_state_forced(self):
        # Immutable rendered state must be enforced in the namespace even if it holds a
        # concrete (non-template) differing value.
>       feature_handler, mock_db, mock_ns_db = self._make_handler('always_enabled', {'state': 'disabled'})

tests/featured/featured_test.py:555: 
_ _ _ _ _ _ _ _ _ _ _ _ _ _ _ _ _ _ _ _ _ _ _ _ _ _ _ _ _ _ _ _ _ _ _ _ _ _ _ _ 
tests/featured/featured_test.py:520: in _make_handler
    feature_handler = featured.FeatureHandler(mock_db, mock_feature_state_table, {}, False)
scripts/featured:145: in __init__
    self._device_running_config = device_info.get_device_runtime_metadata()
/usr/local/lib/python3.13/dist-packages/sonic_py_common/device_info.py:769: in get_device_runtime_metadata
    port_metadata = {'ETHERNET_PORTS_PRESENT': True if get_path_to_port_config_file(hwsku=None, asic="0" if is_multi_npu() else None) else False}
/usr/local/lib/python3.13/dist-packages/sonic_py_common/device_info.py:474: in get_path_to_port_config_file
    (platform_path, hwsku_path) = get_paths_to_platform_and_hwsku_dirs()
/usr/local/lib/python3.13/dist-packages/sonic_py_common/device_info.py:435: in get_paths_to_platform_and_hwsku_dirs
    platform_path = get_path_to_platform_dir()
_ _ _ _ _ _ _ _ _ _ _ _ _ _ _ _ _ _ _ _ _ _ _ _ _ _ _ _ _ _ _ _ _ _ _ _ _ _ _ _ 

    def get_path_to_platform_dir():
        """
        Retreives the paths to the device's platform directory
    
        Returns:
            A string containing the path to the platform directory of the device
        """
        # Get platform
        platform = get_platform()
    
        # Determine whether we're running in a container or on the host
        platform_path_host = os.path.join(HOST_DEVICE_PATH, platform)
    
        if os.path.isdir(CONTAINER_PLATFORM_PATH):
            platform_path = CONTAINER_PLATFORM_PATH
        elif os.path.isdir(platform_path_host):
            platform_path = platform_path_host
        else:
>           raise OSError("Failed to locate platform directory")
E           OSError: Failed to locate platform directory

/usr/local/lib/python3.13/dist-packages/sonic_py_common/device_info.py:292: OSError
___ TestResyncFeatureStateNamespace.test_namespace_missing_state_repopulated ___

self = <tests.featured.featured_test.TestResyncFeatureStateNamespace testMethod=test_namespace_missing_state_repopulated>

    def test_namespace_missing_state_repopulated(self):
        # Namespace entry exists but has no 'state' (e.g. only has_* written by
        # sync_feature_scope after a deregister/re-register) -> state must be repopulated.
>       feature_handler, mock_db, mock_ns_db = self._make_handler('enabled', {'has_global_scope': 'True'})

tests/featured/featured_test.py:566: 
_ _ _ _ _ _ _ _ _ _ _ _ _ _ _ _ _ _ _ _ _ _ _ _ _ _ _ _ _ _ _ _ _ _ _ _ _ _ _ _ 
tests/featured/featured_test.py:520: in _make_handler
    feature_handler = featured.FeatureHandler(mock_db, mock_feature_state_table, {}, False)
scripts/featured:145: in __init__
    self._device_running_config = device_info.get_device_runtime_metadata()
/usr/local/lib/python3.13/dist-packages/sonic_py_common/device_info.py:769: in get_device_runtime_metadata
    port_metadata = {'ETHERNET_PORTS_PRESENT': True if get_path_to_port_config_file(hwsku=None, asic="0" if is_multi_npu() else None) else False}
/usr/local/lib/python3.13/dist-packages/sonic_py_common/device_info.py:474: in get_path_to_port_config_file
    (platform_path, hwsku_path) = get_paths_to_platform_and_hwsku_dirs()
/usr/local/lib/python3.13/dist-packages/sonic_py_common/device_info.py:435: in get_paths_to_platform_and_hwsku_dirs
    platform_path = get_path_to_platform_dir()
_ _ _ _ _ _ _ _ _ _ _ _ _ _ _ _ _ _ _ _ _ _ _ _ _ _ _ _ _ _ _ _ _ _ _ _ _ _ _ _ 

    def get_path_to_platform_dir():
        """
        Retreives the paths to the device's platform directory
    
        Returns:
            A string containing the path to the platform directory of the device
        """
        # Get platform
        platform = get_platform()
    
        # Determine whether we're running in a container or on the host
        platform_path_host = os.path.join(HOST_DEVICE_PATH, platform)
    
        if os.path.isdir(CONTAINER_PLATFORM_PATH):
            platform_path = CONTAINER_PLATFORM_PATH
        elif os.path.isdir(platform_path_host):
            platform_path = platform_path_host
        else:
>           raise OSError("Failed to locate platform directory")
E           OSError: Failed to locate platform directory

/usr/local/lib/python3.13/dist-packages/sonic_py_common/device_info.py:292: OSError
_ TestResyncFeatureStateNamespace.test_namespace_template_rendered_when_host_matches _

self = <tests.featured.featured_test.TestResyncFeatureStateNamespace testMethod=test_namespace_template_rendered_when_host_matches>

    def test_namespace_template_rendered_when_host_matches(self):
        # Host already 'enabled' (no host write), namespace still holds a template -> render it.
>       feature_handler, mock_db, mock_ns_db = self._make_handler('enabled', {'state': '{{ some_template }}'})

tests/featured/featured_test.py:532: 
_ _ _ _ _ _ _ _ _ _ _ _ _ _ _ _ _ _ _ _ _ _ _ _ _ _ _ _ _ _ _ _ _ _ _ _ _ _ _ _ 
tests/featured/featured_test.py:520: in _make_handler
    feature_handler = featured.FeatureHandler(mock_db, mock_feature_state_table, {}, False)
scripts/featured:145: in __init__
    self._device_running_config = device_info.get_device_runtime_metadata()
/usr/local/lib/python3.13/dist-packages/sonic_py_common/device_info.py:769: in get_device_runtime_metadata
    port_metadata = {'ETHERNET_PORTS_PRESENT': True if get_path_to_port_config_file(hwsku=None, asic="0" if is_multi_npu() else None) else False}
/usr/local/lib/python3.13/dist-packages/sonic_py_common/device_info.py:474: in get_path_to_port_config_file
    (platform_path, hwsku_path) = get_paths_to_platform_and_hwsku_dirs()
/usr/local/lib/python3.13/dist-packages/sonic_py_common/device_info.py:435: in get_paths_to_platform_and_hwsku_dirs
    platform_path = get_path_to_platform_dir()
_ _ _ _ _ _ _ _ _ _ _ _ _ _ _ _ _ _ _ _ _ _ _ _ _ _ _ _ _ _ _ _ _ _ _ _ _ _ _ _ 

    def get_path_to_platform_dir():
        """
        Retreives the paths to the device's platform directory
    
        Returns:
            A string containing the path to the platform directory of the device
        """
        # Get platform
        platform = get_platform()
    
        # Determine whether we're running in a container or on the host
        platform_path_host = os.path.join(HOST_DEVICE_PATH, platform)
    
        if os.path.isdir(CONTAINER_PLATFORM_PATH):
            platform_path = CONTAINER_PLATFORM_PATH
        elif os.path.isdir(platform_path_host):
            platform_path = platform_path_host
        else:
>           raise OSError("Failed to locate platform directory")
E           OSError: Failed to locate platform directory

/usr/local/lib/python3.13/dist-packages/sonic_py_common/device_info.py:292: OSError
__ TestResyncFeatureStateNamespace.test_namespace_valid_state_not_overwritten __

self = <tests.featured.featured_test.TestResyncFeatureStateNamespace testMethod=test_namespace_valid_state_not_overwritten>

    def test_namespace_valid_state_not_overwritten(self):
        # Namespace already matches the rendered state -> idempotent, no write.
>       feature_handler, mock_db, mock_ns_db = self._make_handler('enabled', {'state': 'enabled'})

tests/featured/featured_test.py:543: 
_ _ _ _ _ _ _ _ _ _ _ _ _ _ _ _ _ _ _ _ _ _ _ _ _ _ _ _ _ _ _ _ _ _ _ _ _ _ _ _ 
tests/featured/featured_test.py:520: in _make_handler
    feature_handler = featured.FeatureHandler(mock_db, mock_feature_state_table, {}, False)
scripts/featured:145: in __init__
    self._device_running_config = device_info.get_device_runtime_metadata()
/usr/local/lib/python3.13/dist-packages/sonic_py_common/device_info.py:769: in get_device_runtime_metadata
    port_metadata = {'ETHERNET_PORTS_PRESENT': True if get_path_to_port_config_file(hwsku=None, asic="0" if is_multi_npu() else None) else False}
/usr/local/lib/python3.13/dist-packages/sonic_py_common/device_info.py:474: in get_path_to_port_config_file
    (platform_path, hwsku_path) = get_paths_to_platform_and_hwsku_dirs()
/usr/local/lib/python3.13/dist-packages/sonic_py_common/device_info.py:435: in get_paths_to_platform_and_hwsku_dirs
    platform_path = get_path_to_platform_dir()
_ _ _ _ _ _ _ _ _ _ _ _ _ _ _ _ _ _ _ _ _ _ _ _ _ _ _ _ _ _ _ _ _ _ _ _ _ _ _ _ 

    def get_path_to_platform_dir():
        """
        Retreives the paths to the device's platform directory
    
        Returns:
            A string containing the path to the platform directory of the device
        """
        # Get platform
        platform = get_platform()
    
        # Determine whether we're running in a container or on the host
        platform_path_host = os.path.join(HOST_DEVICE_PATH, platform)
    
        if os.path.isdir(CONTAINER_PLATFORM_PATH):
            platform_path = CONTAINER_PLATFORM_PATH
        elif os.path.isdir(platform_path_host):
            platform_path = platform_path_host
        else:
>           raise OSError("Failed to locate platform directory")
E           OSError: Failed to locate platform directory

/usr/local/lib/python3.13/dist-packages/sonic_py_common/device_info.py:292: OSError
_ TestHandlerReregistration.test_deregister_then_register_restores_namespace_state _

self = <tests.featured.featured_test.TestHandlerReregistration testMethod=test_deregister_then_register_restores_namespace_state>

    def test_deregister_then_register_restores_namespace_state(self):
        # DEL removes the namespace entry; on the subsequent SET, sync_feature_scope is
        # stubbed and the namespace is simulated as a partial row (has_* only, no 'state'),
        # so this asserts that the SET-success resync_feature_state writes the namespace
        # 'state' back. (Handler-level test; sync_feature_scope itself is mocked out.)
        mock_db = mock.MagicMock()
>       feature_handler = featured.FeatureHandler(mock_db, mock.MagicMock(), {}, False)

tests/featured/featured_test.py:595: 
_ _ _ _ _ _ _ _ _ _ _ _ _ _ _ _ _ _ _ _ _ _ _ _ _ _ _ _ _ _ _ _ _ _ _ _ _ _ _ _ 
scripts/featured:145: in __init__
    self._device_running_config = device_info.get_device_runtime_metadata()
/usr/local/lib/python3.13/dist-packages/sonic_py_common/device_info.py:769: in get_device_runtime_metadata
    port_metadata = {'ETHERNET_PORTS_PRESENT': True if get_path_to_port_config_file(hwsku=None, asic="0" if is_multi_npu() else None) else False}
/usr/local/lib/python3.13/dist-packages/sonic_py_common/device_info.py:474: in get_path_to_port_config_file
    (platform_path, hwsku_path) = get_paths_to_platform_and_hwsku_dirs()
/usr/local/lib/python3.13/dist-packages/sonic_py_common/device_info.py:435: in get_paths_to_platform_and_hwsku_dirs
    platform_path = get_path_to_platform_dir()
_ _ _ _ _ _ _ _ _ _ _ _ _ _ _ _ _ _ _ _ _ _ _ _ _ _ _ _ _ _ _ _ _ _ _ _ _ _ _ _ 

    def get_path_to_platform_dir():
        """
        Retreives the paths to the device's platform directory
    
        Returns:
            A string containing the path to the platform directory of the device
        """
        # Get platform
        platform = get_platform()
    
        # Determine whether we're running in a container or on the host
        platform_path_host = os.path.join(HOST_DEVICE_PATH, platform)
    
        if os.path.isdir(CONTAINER_PLATFORM_PATH):
            platform_path = CONTAINER_PLATFORM_PATH
        elif os.path.isdir(platform_path_host):
            platform_path = platform_path_host
        else:
>           raise OSError("Failed to locate platform directory")
E           OSError: Failed to locate platform directory

/usr/local/lib/python3.13/dist-packages/sonic_py_common/device_info.py:292: OSError
____________________ TestFeatureDaemon.test_advanced_reboot ____________________

self = <tests.featured.featured_test.TestFeatureDaemon testMethod=test_advanced_reboot>
mock_syslog = <MagicMock name='get_device_runtime_metadata' id='127791288592304'>
get_runtime = <MagicMock name='syslog' id='127791290657360'>

    def test_advanced_reboot(self, mock_syslog, get_runtime):
        MockRestartWaiter.advancedReboot = True
        with mock.patch('featured.subprocess') as mocked_subprocess:
            popen_mock = mock.Mock()
            attrs = {'communicate.return_value': ('output', 'error')}
            popen_mock.configure_mock(**attrs)
            mocked_subprocess.Popen.return_value = popen_mock
>           daemon = featured.FeatureDaemon()

tests/featured/featured_test.py:714: 
_ _ _ _ _ _ _ _ _ _ _ _ _ _ _ _ _ _ _ _ _ _ _ _ _ _ _ _ _ _ _ _ _ _ _ _ _ _ _ _ 
scripts/featured:635: in __init__
    self.feature_handler = FeatureHandler(self.config_db, feature_state_table, self.device_config, self.advanced_boot)
scripts/featured:148: in __init__
    self.num_dpus = device_info.get_num_dpus()
/usr/local/lib/python3.13/dist-packages/sonic_py_common/device_info.py:1143: in get_num_dpus
    if is_dpu():
/usr/local/lib/python3.13/dist-packages/sonic_py_common/device_info.py:694: in is_dpu
    platform_data = get_platform_json_data()
/usr/local/lib/python3.13/dist-packages/sonic_py_common/device_info.py:187: in get_platform_json_data
    platform_path = get_path_to_platform_dir()
_ _ _ _ _ _ _ _ _ _ _ _ _ _ _ _ _ _ _ _ _ _ _ _ _ _ _ _ _ _ _ _ _ _ _ _ _ _ _ _ 

    def get_path_to_platform_dir():
        """
        Retreives the paths to the device's platform directory
    
        Returns:
            A string containing the path to the platform directory of the device
        """
        # Get platform
        platform = get_platform()
    
        # Determine whether we're running in a container or on the host
        platform_path_host = os.path.join(HOST_DEVICE_PATH, platform)
    
        if os.path.isdir(CONTAINER_PLATFORM_PATH):
            platform_path = CONTAINER_PLATFORM_PATH
        elif os.path.isdir(platform_path_host):
            platform_path = platform_path_host
        else:
>           raise OSError("Failed to locate platform directory")
E           OSError: Failed to locate platform directory

/usr/local/lib/python3.13/dist-packages/sonic_py_common/device_info.py:292: OSError
----------------------------- Captured stdout call -----------------------------
Running Setup
6: ConfigDB connect success
Running TearDown
____________________ TestFeatureDaemon.test_delayed_service ____________________

self = <tests.featured.featured_test.TestFeatureDaemon testMethod=test_delayed_service>
mock_syslog = <MagicMock name='get_device_runtime_metadata' id='127791290944208'>
get_runtime = <MagicMock name='syslog' id='127791290949584'>

    def test_delayed_service(self, mock_syslog, get_runtime):
        MockSelect.set_event_queue([('FEATURE', 'dhcp_relay'),
                                    ('FEATURE', 'mux'),
                                    ('PORT_TABLE', 'PortInitDone')])
        # Note: To simplify testing, subscriberstatetable only read from CONFIG_DB
        MockConfigDb.CONFIG_DB['PORT_TABLE'] = {'PortInitDone': {'lanes': '0'}, 'PortConfigDone': {'val': 'true'}}
        with mock.patch('featured.subprocess') as mocked_subprocess:
            popen_mock = mock.Mock()
            attrs = {'communicate.return_value': ('output', 'error')}
            popen_mock.configure_mock(**attrs)
            mocked_subprocess.Popen.return_value = popen_mock
>           daemon = featured.FeatureDaemon()

tests/featured/featured_test.py:689: 
_ _ _ _ _ _ _ _ _ _ _ _ _ _ _ _ _ _ _ _ _ _ _ _ _ _ _ _ _ _ _ _ _ _ _ _ _ _ _ _ 
scripts/featured:635: in __init__
    self.feature_handler = FeatureHandler(self.config_db, feature_state_table, self.device_config, self.advanced_boot)
scripts/featured:148: in __init__
    self.num_dpus = device_info.get_num_dpus()
/usr/local/lib/python3.13/dist-packages/sonic_py_common/device_info.py:1143: in get_num_dpus
    if is_dpu():
/usr/local/lib/python3.13/dist-packages/sonic_py_common/device_info.py:694: in is_dpu
    platform_data = get_platform_json_data()
/usr/local/lib/python3.13/dist-packages/sonic_py_common/device_info.py:187: in get_platform_json_data
    platform_path = get_path_to_platform_dir()
_ _ _ _ _ _ _ _ _ _ _ _ _ _ _ _ _ _ _ _ _ _ _ _ _ _ _ _ _ _ _ _ _ _ _ _ _ _ _ _ 

    def get_path_to_platform_dir():
        """
        Retreives the paths to the device's platform directory
    
        Returns:
            A string containing the path to the platform directory of the device
        """
        # Get platform
        platform = get_platform()
    
        # Determine whether we're running in a container or on the host
        platform_path_host = os.path.join(HOST_DEVICE_PATH, platform)
    
        if os.path.isdir(CONTAINER_PLATFORM_PATH):
            platform_path = CONTAINER_PLATFORM_PATH
        elif os.path.isdir(platform_path_host):
            platform_path = platform_path_host
        else:
>           raise OSError("Failed to locate platform directory")
E           OSError: Failed to locate platform directory

/usr/local/lib/python3.13/dist-packages/sonic_py_common/device_info.py:292: OSError
----------------------------- Captured stdout call -----------------------------
Running Setup
6: ConfigDB connect success
Running TearDown
____________________ TestFeatureDaemon.test_feature_events _____________________

self = <tests.featured.featured_test.TestFeatureDaemon testMethod=test_feature_events>
mock_syslog = <MagicMock name='get_device_runtime_metadata' id='127791288585248'>
get_runtime = <MagicMock name='syslog' id='127791288592304'>

    def test_feature_events(self, mock_syslog, get_runtime):
        MockSelect.set_event_queue([('FEATURE', 'dhcp_relay'),
                                    ('FEATURE', 'mux')])
        with mock.patch('featured.subprocess') as mocked_subprocess:
            popen_mock = mock.Mock()
            attrs = {'communicate.return_value': ('output', 'error')}
            popen_mock.configure_mock(**attrs)
            mocked_subprocess.Popen.return_value = popen_mock
>           daemon = featured.FeatureDaemon()

tests/featured/featured_test.py:648: 
_ _ _ _ _ _ _ _ _ _ _ _ _ _ _ _ _ _ _ _ _ _ _ _ _ _ _ _ _ _ _ _ _ _ _ _ _ _ _ _ 
scripts/featured:635: in __init__
    self.feature_handler = FeatureHandler(self.config_db, feature_state_table, self.device_config, self.advanced_boot)
scripts/featured:148: in __init__
    self.num_dpus = device_info.get_num_dpus()
/usr/local/lib/python3.13/dist-packages/sonic_py_common/device_info.py:1143: in get_num_dpus
    if is_dpu():
/usr/local/lib/python3.13/dist-packages/sonic_py_common/device_info.py:694: in is_dpu
    platform_data = get_platform_json_data()
/usr/local/lib/python3.13/dist-packages/sonic_py_common/device_info.py:187: in get_platform_json_data
    platform_path = get_path_to_platform_dir()
_ _ _ _ _ _ _ _ _ _ _ _ _ _ _ _ _ _ _ _ _ _ _ _ _ _ _ _ _ _ _ _ _ _ _ _ _ _ _ _ 

    def get_path_to_platform_dir():
        """
        Retreives the paths to the device's platform directory
    
        Returns:
            A string containing the path to the platform directory of the device
        """
        # Get platform
        platform = get_platform()
    
        # Determine whether we're running in a container or on the host
        platform_path_host = os.path.join(HOST_DEVICE_PATH, platform)
    
        if os.path.isdir(CONTAINER_PLATFORM_PATH):
            platform_path = CONTAINER_PLATFORM_PATH
        elif os.path.isdir(platform_path_host):
            platform_path = platform_path_host
        else:
>           raise OSError("Failed to locate platform directory")
E           OSError: Failed to locate platform directory

/usr/local/lib/python3.13/dist-packages/sonic_py_common/device_info.py:292: OSError
----------------------------- Captured stdout call -----------------------------
Running Setup
6: ConfigDB connect success
Running TearDown
___________________ TestFeatureDaemon.test_portinit_timeout ____________________

self = <tests.featured.featured_test.TestFeatureDaemon testMethod=test_portinit_timeout>
mock_syslog = <MagicMock name='get_device_runtime_metadata' id='127791290647952'>
get_runtime = <MagicMock name='syslog' id='127791290658032'>

    def test_portinit_timeout(self, mock_syslog, get_runtime):
        print(MockConfigDb.CONFIG_DB)
        MockSelect.NUM_TIMEOUT_TRIES = 1
        MockSelect.set_event_queue([('FEATURE', 'dhcp_relay'),
                                    ('FEATURE', 'mux')])
        with mock.patch('featured.subprocess') as mocked_subprocess:
            popen_mock = mock.Mock()
            attrs = {'communicate.return_value': ('output', 'error')}
            popen_mock.configure_mock(**attrs)
            mocked_subprocess.Popen.return_value = popen_mock
>           daemon = featured.FeatureDaemon()

tests/featured/featured_test.py:743: 
_ _ _ _ _ _ _ _ _ _ _ _ _ _ _ _ _ _ _ _ _ _ _ _ _ _ _ _ _ _ _ _ _ _ _ _ _ _ _ _ 
scripts/featured:635: in __init__
    self.feature_handler = FeatureHandler(self.config_db, feature_state_table, self.device_config, self.advanced_boot)
scripts/featured:148: in __init__
    self.num_dpus = device_info.get_num_dpus()
/usr/local/lib/python3.13/dist-packages/sonic_py_common/device_info.py:1143: in get_num_dpus
    if is_dpu():
/usr/local/lib/python3.13/dist-packages/sonic_py_common/device_info.py:694: in is_dpu
    platform_data = get_platform_json_data()
/usr/local/lib/python3.13/dist-packages/sonic_py_common/device_info.py:187: in get_platform_json_data
    platform_path = get_path_to_platform_dir()
_ _ _ _ _ _ _ _ _ _ _ _ _ _ _ _ _ _ _ _ _ _ _ _ _ _ _ _ _ _ _ _ _ _ _ _ _ _ _ _ 

    def get_path_to_platform_dir():
        """
        Retreives the paths to the device's platform directory
    
        Returns:
            A string containing the path to the platform directory of the device
        """
        # Get platform
        platform = get_platform()
    
        # Determine whether we're running in a container or on the host
        platform_path_host = os.path.join(HOST_DEVICE_PATH, platform)
    
        if os.path.isdir(CONTAINER_PLATFORM_PATH):
            platform_path = CONTAINER_PLATFORM_PATH
        elif os.path.isdir(platform_path_host):
            platform_path = platform_path_host
        else:
>           raise OSError("Failed to locate platform directory")
E           OSError: Failed to locate platform directory

/usr/local/lib/python3.13/dist-packages/sonic_py_common/device_info.py:292: OSError
----------------------------- Captured stdout call -----------------------------
Running Setup
{'FEATURE': {'dhcp_relay': {'auto_restart': 'enabled', 'has_global_scope': 'True', 'has_per_asic_scope': 'False', 'delayed': 'False', 'high_mem_alert': 'disabled', 'set_owner': 'kube', 'state': "{% if not (DEVICE_METADATA is defined and DEVICE_METADATA['localhost'] is defined and DEVICE_METADATA['localhost']['type'] is defined and DEVICE_METADATA['localhost']['type'] != 'ToRRouter') %}enabled{% else %}disabled{% endif %}"}, 'mux': {'auto_restart': 'enabled', 'has_global_scope': 'True', 'has_per_asic_scope': 'False', 'delayed': 'False', 'high_mem_alert': 'disabled', 'set_owner': 'local', 'state': "{% if 'subtype' in DEVICE_METADATA['localhost'] and DEVICE_METADATA['localhost']['subtype'] == 'DualToR' %}enabled{% else %}always_disabled{% endif %}"}}, 'DEVICE_METADATA': {'localhost': {'subtype': 'DualToR', 'type': 'ToRRouter', 'hostname': 'SomeNewHostname', 'timezone': 'Europe/Kyiv'}}, 'DEVICE_RUNTIME_METADATA': {'ETHERNET_PORTS_PRESENT': True}}
6: ConfigDB connect success
Running TearDown
_______________ TestFeatureDaemon.test_systemctl_command_failure _______________

self = <tests.featured.featured_test.TestFeatureDaemon testMethod=test_systemctl_command_failure>
mock_syslog = <MagicMock name='get_device_runtime_metadata' id='127791290954288'>
get_runtime = <MagicMock name='syslog' id='127791290942864'>

    def test_systemctl_command_failure(self, mock_syslog, get_runtime):
        """Test that when systemctl commands fail:
        1. The feature state is not cached
        2. The feature state is set to FAILED
        3. The update_feature_state returns False
        """
        mock_db = mock.MagicMock()
        mock_feature_state_table = mock.MagicMock()
    
>       feature_handler = featured.FeatureHandler(mock_db, mock_feature_state_table, {}, False)

tests/featured/featured_test.py:769: 
_ _ _ _ _ _ _ _ _ _ _ _ _ _ _ _ _ _ _ _ _ _ _ _ _ _ _ _ _ _ _ _ _ _ _ _ _ _ _ _ 
scripts/featured:148: in __init__
    self.num_dpus = device_info.get_num_dpus()
/usr/local/lib/python3.13/dist-packages/sonic_py_common/device_info.py:1143: in get_num_dpus
    if is_dpu():
/usr/local/lib/python3.13/dist-packages/sonic_py_common/device_info.py:694: in is_dpu
    platform_data = get_platform_json_data()
/usr/local/lib/python3.13/dist-packages/sonic_py_common/device_info.py:187: in get_platform_json_data
    platform_path = get_path_to_platform_dir()
_ _ _ _ _ _ _ _ _ _ _ _ _ _ _ _ _ _ _ _ _ _ _ _ _ _ _ _ _ _ _ _ _ _ _ _ _ _ _ _ 

    def get_path_to_platform_dir():
        """
        Retreives the paths to the device's platform directory
    
        Returns:
            A string containing the path to the platform directory of the device
        """
        # Get platform
        platform = get_platform()
    
        # Determine whether we're running in a container or on the host
        platform_path_host = os.path.join(HOST_DEVICE_PATH, platform)
    
        if os.path.isdir(CONTAINER_PLATFORM_PATH):
            platform_path = CONTAINER_PLATFORM_PATH
        elif os.path.isdir(platform_path_host):
            platform_path = platform_path_host
        else:
>           raise OSError("Failed to locate platform directory")
E           OSError: Failed to locate platform directory

/usr/local/lib/python3.13/dist-packages/sonic_py_common/device_info.py:292: OSError
----------------------------- Captured stdout call -----------------------------
Running Setup
Running TearDown
_ TestWaitForServiceStable.test_disable_feature_calls_wait_for_service_stable __

self = <tests.featured.featured_test.TestWaitForServiceStable testMethod=test_disable_feature_calls_wait_for_service_stable>
mock_syslog = <MagicMock name='syslog' id='127791290955632'>

    @mock.patch("syslog.syslog", side_effect=syslog_side_effect)
    def test_disable_feature_calls_wait_for_service_stable(self, mock_syslog):
        """Verify disable_feature calls wait_for_service_stable before systemctl stop."""
>       handler = self._create_handler()

tests/featured/featured_test.py:907: 
_ _ _ _ _ _ _ _ _ _ _ _ _ _ _ _ _ _ _ _ _ _ _ _ _ _ _ _ _ _ _ _ _ _ _ _ _ _ _ _ 
tests/featured/featured_test.py:817: in _create_handler
    handler = featured.FeatureHandler(MockConfigDb(), feature_state_table_mock, device_cfg, False)
scripts/featured:145: in __init__
    self._device_running_config = device_info.get_device_runtime_metadata()
/usr/local/lib/python3.13/dist-packages/sonic_py_common/device_info.py:769: in get_device_runtime_metadata
    port_metadata = {'ETHERNET_PORTS_PRESENT': True if get_path_to_port_config_file(hwsku=None, asic="0" if is_multi_npu() else None) else False}
/usr/local/lib/python3.13/dist-packages/sonic_py_common/device_info.py:474: in get_path_to_port_config_file
    (platform_path, hwsku_path) = get_paths_to_platform_and_hwsku_dirs()
/usr/local/lib/python3.13/dist-packages/sonic_py_common/device_info.py:435: in get_paths_to_platform_and_hwsku_dirs
    platform_path = get_path_to_platform_dir()
_ _ _ _ _ _ _ _ _ _ _ _ _ _ _ _ _ _ _ _ _ _ _ _ _ _ _ _ _ _ _ _ _ _ _ _ _ _ _ _ 

    def get_path_to_platform_dir():
        """
        Retreives the paths to the device's platform directory
    
        Returns:
            A string containing the path to the platform directory of the device
        """
        # Get platform
        platform = get_platform()
    
        # Determine whether we're running in a container or on the host
        platform_path_host = os.path.join(HOST_DEVICE_PATH, platform)
    
        if os.path.isdir(CONTAINER_PLATFORM_PATH):
            platform_path = CONTAINER_PLATFORM_PATH
        elif os.path.isdir(platform_path_host):
            platform_path = platform_path_host
        else:
>           raise OSError("Failed to locate platform directory")
E           OSError: Failed to locate platform directory

/usr/local/lib/python3.13/dist-packages/sonic_py_common/device_info.py:292: OSError
___________ TestWaitForServiceStable.test_service_activating_timeout ___________

self = <tests.featured.featured_test.TestWaitForServiceStable testMethod=test_service_activating_timeout>
mock_time = <MagicMock name='time' id='127791290945552'>
mock_sleep = <MagicMock name='sleep' id='127791290947568'>
mock_subprocess = <MagicMock name='subprocess' id='127791290946224'>

    @mock.patch("featured.subprocess")
    @mock.patch("featured.time.sleep")
    @mock.patch("featured.time.time")
    def test_service_activating_timeout(self, mock_time, mock_sleep, mock_subprocess):
        """Service stays 'activating' past timeout — should return 'activating'."""
>       handler = self._create_handler()

tests/featured/featured_test.py:875: 
_ _ _ _ _ _ _ _ _ _ _ _ _ _ _ _ _ _ _ _ _ _ _ _ _ _ _ _ _ _ _ _ _ _ _ _ _ _ _ _ 
tests/featured/featured_test.py:817: in _create_handler
    handler = featured.FeatureHandler(MockConfigDb(), feature_state_table_mock, device_cfg, False)
scripts/featured:145: in __init__
    self._device_running_config = device_info.get_device_runtime_metadata()
/usr/local/lib/python3.13/dist-packages/sonic_py_common/device_info.py:769: in get_device_runtime_metadata
    port_metadata = {'ETHERNET_PORTS_PRESENT': True if get_path_to_port_config_file(hwsku=None, asic="0" if is_multi_npu() else None) else False}
/usr/local/lib/python3.13/dist-packages/sonic_py_common/device_info.py:474: in get_path_to_port_config_file
    (platform_path, hwsku_path) = get_paths_to_platform_and_hwsku_dirs()
/usr/local/lib/python3.13/dist-packages/sonic_py_common/device_info.py:435: in get_paths_to_platform_and_hwsku_dirs
    platform_path = get_path_to_platform_dir()
_ _ _ _ _ _ _ _ _ _ _ _ _ _ _ _ _ _ _ _ _ _ _ _ _ _ _ _ _ _ _ _ _ _ _ _ _ _ _ _ 

    def get_path_to_platform_dir():
        """
        Retreives the paths to the device's platform directory
    
        Returns:
            A string containing the path to the platform directory of the device
        """
        # Get platform
        platform = get_platform()
    
        # Determine whether we're running in a container or on the host
        platform_path_host = os.path.join(HOST_DEVICE_PATH, platform)
    
        if os.path.isdir(CONTAINER_PLATFORM_PATH):
            platform_path = CONTAINER_PLATFORM_PATH
        elif os.path.isdir(platform_path_host):
            platform_path = platform_path_host
        else:
>           raise OSError("Failed to locate platform directory")
E           OSError: Failed to locate platform directory

/usr/local/lib/python3.13/dist-packages/sonic_py_common/device_info.py:292: OSError
_____________ TestWaitForServiceStable.test_service_already_active _____________

self = <tests.featured.featured_test.TestWaitForServiceStable testMethod=test_service_already_active>
mock_sleep = <MagicMock name='sleep' id='127791290943536'>
mock_subprocess = <MagicMock name='subprocess' id='127791290953952'>

    @mock.patch("featured.subprocess")
    @mock.patch("featured.time.sleep")
    def test_service_already_active(self, mock_sleep, mock_subprocess):
        """Service is already 'active' — should return immediately without polling."""
>       handler = self._create_handler()

tests/featured/featured_test.py:824: 
_ _ _ _ _ _ _ _ _ _ _ _ _ _ _ _ _ _ _ _ _ _ _ _ _ _ _ _ _ _ _ _ _ _ _ _ _ _ _ _ 
tests/featured/featured_test.py:817: in _create_handler
    handler = featured.FeatureHandler(MockConfigDb(), feature_state_table_mock, device_cfg, False)
scripts/featured:145: in __init__
    self._device_running_config = device_info.get_device_runtime_metadata()
/usr/local/lib/python3.13/dist-packages/sonic_py_common/device_info.py:769: in get_device_runtime_metadata
    port_metadata = {'ETHERNET_PORTS_PRESENT': True if get_path_to_port_config_file(hwsku=None, asic="0" if is_multi_npu() else None) else False}
/usr/local/lib/python3.13/dist-packages/sonic_py_common/device_info.py:474: in get_path_to_port_config_file
    (platform_path, hwsku_path) = get_paths_to_platform_and_hwsku_dirs()
/usr/local/lib/python3.13/dist-packages/sonic_py_common/device_info.py:435: in get_paths_to_platform_and_hwsku_dirs
    platform_path = get_path_to_platform_dir()
_ _ _ _ _ _ _ _ _ _ _ _ _ _ _ _ _ _ _ _ _ _ _ _ _ _ _ _ _ _ _ _ _ _ _ _ _ _ _ _ 

    def get_path_to_platform_dir():
        """
        Retreives the paths to the device's platform directory
    
        Returns:
            A string containing the path to the platform directory of the device
        """
        # Get platform
        platform = get_platform()
    
        # Determine whether we're running in a container or on the host
        platform_path_host = os.path.join(HOST_DEVICE_PATH, platform)
    
        if os.path.isdir(CONTAINER_PLATFORM_PATH):
            platform_path = CONTAINER_PLATFORM_PATH
        elif os.path.isdir(platform_path_host):
            platform_path = platform_path_host
        else:
>           raise OSError("Failed to locate platform directory")
E           OSError: Failed to locate platform directory

/usr/local/lib/python3.13/dist-packages/sonic_py_common/device_info.py:292: OSError
_________________ TestWaitForServiceStable.test_service_failed _________________

self = <tests.featured.featured_test.TestWaitForServiceStable testMethod=test_service_failed>
mock_sleep = <MagicMock name='sleep' id='127791290942864'>
mock_subprocess = <MagicMock name='subprocess' id='127791290953616'>

    @mock.patch("featured.subprocess")
    @mock.patch("featured.time.sleep")
    def test_service_failed(self, mock_sleep, mock_subprocess):
        """Service is 'failed' — should return immediately."""
>       handler = self._create_handler()

tests/featured/featured_test.py:893: 
_ _ _ _ _ _ _ _ _ _ _ _ _ _ _ _ _ _ _ _ _ _ _ _ _ _ _ _ _ _ _ _ _ _ _ _ _ _ _ _ 
tests/featured/featured_test.py:817: in _create_handler
    handler = featured.FeatureHandler(MockConfigDb(), feature_state_table_mock, device_cfg, False)
scripts/featured:145: in __init__
    self._device_running_config = device_info.get_device_runtime_metadata()
/usr/local/lib/python3.13/dist-packages/sonic_py_common/device_info.py:769: in get_device_runtime_metadata
    port_metadata = {'ETHERNET_PORTS_PRESENT': True if get_path_to_port_config_file(hwsku=None, asic="0" if is_multi_npu() else None) else False}
/usr/local/lib/python3.13/dist-packages/sonic_py_common/device_info.py:474: in get_path_to_port_config_file
    (platform_path, hwsku_path) = get_paths_to_platform_and_hwsku_dirs()
/usr/local/lib/python3.13/dist-packages/sonic_py_common/device_info.py:435: in get_paths_to_platform_and_hwsku_dirs
    platform_path = get_path_to_platform_dir()
_ _ _ _ _ _ _ _ _ _ _ _ _ _ _ _ _ _ _ _ _ _ _ _ _ _ _ _ _ _ _ _ _ _ _ _ _ _ _ _ 

    def get_path_to_platform_dir():
        """
        Retreives the paths to the device's platform directory
    
        Returns:
            A string containing the path to the platform directory of the device
        """
        # Get platform
        platform = get_platform()
    
        # Determine whether we're running in a container or on the host
        platform_path_host = os.path.join(HOST_DEVICE_PATH, platform)
    
        if os.path.isdir(CONTAINER_PLATFORM_PATH):
            platform_path = CONTAINER_PLATFORM_PATH
        elif os.path.isdir(platform_path_host):
            platform_path = platform_path_host
        else:
>           raise OSError("Failed to locate platform directory")
E           OSError: Failed to locate platform directory

/usr/local/lib/python3.13/dist-packages/sonic_py_common/device_info.py:292: OSError
________________ TestWaitForServiceStable.test_service_inactive ________________

self = <tests.featured.featured_test.TestWaitForServiceStable testMethod=test_service_inactive>
mock_sleep = <MagicMock name='sleep' id='127791290942192'>
mock_subprocess = <MagicMock name='subprocess' id='127791288592304'>

    @mock.patch("featured.subprocess")
    @mock.patch("featured.time.sleep")
    def test_service_inactive(self, mock_sleep, mock_subprocess):
        """Service is 'inactive' — should return immediately."""
>       handler = self._create_handler()

tests/featured/featured_test.py:839: 
_ _ _ _ _ _ _ _ _ _ _ _ _ _ _ _ _ _ _ _ _ _ _ _ _ _ _ _ _ _ _ _ _ _ _ _ _ _ _ _ 
tests/featured/featured_test.py:817: in _create_handler
    handler = featured.FeatureHandler(MockConfigDb(), feature_state_table_mock, device_cfg, False)
scripts/featured:145: in __init__
    self._device_running_config = device_info.get_device_runtime_metadata()
/usr/local/lib/python3.13/dist-packages/sonic_py_common/device_info.py:769: in get_device_runtime_metadata
    port_metadata = {'ETHERNET_PORTS_PRESENT': True if get_path_to_port_config_file(hwsku=None, asic="0" if is_multi_npu() else None) else False}
/usr/local/lib/python3.13/dist-packages/sonic_py_common/device_info.py:474: in get_path_to_port_config_file
    (platform_path, hwsku_path) = get_paths_to_platform_and_hwsku_dirs()
/usr/local/lib/python3.13/dist-packages/sonic_py_common/device_info.py:435: in get_paths_to_platform_and_hwsku_dirs
    platform_path = get_path_to_platform_dir()
_ _ _ _ _ _ _ _ _ _ _ _ _ _ _ _ _ _ _ _ _ _ _ _ _ _ _ _ _ _ _ _ _ _ _ _ _ _ _ _ 

    def get_path_to_platform_dir():
        """
        Retreives the paths to the device's platform directory
    
        Returns:
            A string containing the path to the platform directory of the device
        """
        # Get platform
        platform = get_platform()
    
        # Determine whether we're running in a container or on the host
        platform_path_host = os.path.join(HOST_DEVICE_PATH, platform)
    
        if os.path.isdir(CONTAINER_PLATFORM_PATH):
            platform_path = CONTAINER_PLATFORM_PATH
        elif os.path.isdir(platform_path_host):
            platform_path = platform_path_host
        else:
>           raise OSError("Failed to locate platform directory")
E           OSError: Failed to locate platform directory

/usr/local/lib/python3.13/dist-packages/sonic_py_common/device_info.py:292: OSError
_ TestWaitForServiceStable.test_service_transitions_from_activating_to_active __

self = <tests.featured.featured_test.TestWaitForServiceStable testMethod=test_service_transitions_from_activating_to_active>
mock_sleep = <MagicMock name='sleep' id='127791289341936'>
mock_subprocess = <MagicMock name='subprocess' id='127791292035968'>

    @mock.patch("featured.subprocess")
    @mock.patch("featured.time.sleep")
    def test_service_transitions_from_activating_to_active(self, mock_sleep, mock_subprocess):
        """Service starts in 'activating' then transitions to 'active' — should poll and return."""
>       handler = self._create_handler()

tests/featured/featured_test.py:854: 
_ _ _ _ _ _ _ _ _ _ _ _ _ _ _ _ _ _ _ _ _ _ _ _ _ _ _ _ _ _ _ _ _ _ _ _ _ _ _ _ 
tests/featured/featured_test.py:817: in _create_handler
    handler = featured.FeatureHandler(MockConfigDb(), feature_state_table_mock, device_cfg, False)
scripts/featured:145: in __init__
    self._device_running_config = device_info.get_device_runtime_metadata()
/usr/local/lib/python3.13/dist-packages/sonic_py_common/device_info.py:769: in get_device_runtime_metadata
    port_metadata = {'ETHERNET_PORTS_PRESENT': True if get_path_to_port_config_file(hwsku=None, asic="0" if is_multi_npu() else None) else False}
/usr/local/lib/python3.13/dist-packages/sonic_py_common/device_info.py:474: in get_path_to_port_config_file
    (platform_path, hwsku_path) = get_paths_to_platform_and_hwsku_dirs()
/usr/local/lib/python3.13/dist-packages/sonic_py_common/device_info.py:435: in get_paths_to_platform_and_hwsku_dirs
    platform_path = get_path_to_platform_dir()
_ _ _ _ _ _ _ _ _ _ _ _ _ _ _ _ _ _ _ _ _ _ _ _ _ _ _ _ _ _ _ _ _ _ _ _ _ _ _ _ 

    def get_path_to_platform_dir():
        """
        Retreives the paths to the device's platform directory
    
        Returns:
            A string containing the path to the platform directory of the device
        """
        # Get platform
        platform = get_platform()
    
        # Determine whether we're running in a container or on the host
        platform_path_host = os.path.join(HOST_DEVICE_PATH, platform)
    
        if os.path.isdir(CONTAINER_PLATFORM_PATH):
            platform_path = CONTAINER_PLATFORM_PATH
        elif os.path.isdir(platform_path_host):
            platform_path = platform_path_host
        else:
>           raise OSError("Failed to locate platform directory")
E           OSError: Failed to locate platform directory

/usr/local/lib/python3.13/dist-packages/sonic_py_common/device_info.py:292: OSError
_________________ TestHostcfgdFIPS.test_hostcfgd_fips_disable __________________

self = <tests.hostcfgd.hostcfgd_fips_test.TestHostcfgdFIPS testMethod=test_hostcfgd_fips_disable>
mock_check_call = <MagicMock name='check_call' id='127791290656016'>
mock_check_output = <MagicMock name='check_output' id='127791290657360'>
mock_syslog = <MagicMock name='syslog' id='127791290657024'>
mock_get_bootloader = <MagicMock name='get_bootloader' id='127791290648624'>

    @mock.patch('sonic_installer.bootloader.get_bootloader', side_effect=[MockBootloader()])
    @mock.patch('syslog.syslog')
    @mock.patch('subprocess.check_output', side_effect=[json.dumps(running_services)])
    @mock.patch('subprocess.check_call')
    def test_hostcfgd_fips_disable(self, mock_check_call, mock_check_output, mock_syslog, mock_get_bootloader):
        with open(hostcfgd.PROC_CMDLINE, 'w') as f:
            f.write('swiotlb=65536 sonic_fips=0')
        with open(hostcfgd.OPENSSL_FIPS_CONFIG_FILE, 'w') as f:
            f.write('1')
        self.test_data['FIPS']['global']['enable'] = 'false'
        MockConfigDb.set_config_db(self.test_data)
>       host_config_daemon = hostcfgd.HostConfigDaemon()

tests/hostcfgd/hostcfgd_fips_test.py:94: 
_ _ _ _ _ _ _ _ _ _ _ _ _ _ _ _ _ _ _ _ _ _ _ _ _ _ _ _ _ _ _ _ _ _ _ _ _ _ _ _ 
scripts/hostcfgd:2171: in __init__
    self.kdumpCfg = KdumpCfg(self.config_db)
scripts/hostcfgd:1177: in __init__
    self.init_kdump_config_from_cmdline()
scripts/hostcfgd:1195: in init_kdump_config_from_cmdline
    kdump_config = self.config_db.get_entry("KDUMP", "config")
_ _ _ _ _ _ _ _ _ _ _ _ _ _ _ _ _ _ _ _ _ _ _ _ _ _ _ _ _ _ _ _ _ _ _ _ _ _ _ _ 

self = <tests.common.mock_configdb.MockConfigDb object at 0x7438514f3480>
key = 'KDUMP', field = 'config'

    def get_entry(self, key, field):
>       return MockConfigDb.CONFIG_DB[key][field]
E       KeyError: 'KDUMP'

tests/common/mock_configdb.py:46: KeyError
__________________ TestHostcfgdFIPS.test_hostcfgd_fips_enable __________________

self = <tests.hostcfgd.hostcfgd_fips_test.TestHostcfgdFIPS testMethod=test_hostcfgd_fips_enable>
mock_check_call = <MagicMock name='check_call' id='127791286916432'>
mock_check_output = <MagicMock name='check_output' id='127791286923824'>
mock_syslog = <MagicMock name='syslog' id='127791290955296'>
mock_get_bootloader = <MagicMock name='get_bootloader' id='127791290954288'>

    @mock.patch('sonic_installer.bootloader.get_bootloader', side_effect=[MockBootloader()])
    @mock.patch('syslog.syslog')
    @mock.patch('subprocess.check_output', side_effect=[json.dumps(running_services)])
    @mock.patch('subprocess.check_call')
    def test_hostcfgd_fips_enable(self, mock_check_call, mock_check_output, mock_syslog, mock_get_bootloader):
        with open(hostcfgd.PROC_CMDLINE, 'w') as f:
            f.write('swiotlb=65536 sonic_fips=0')
        self.test_data['FIPS']['global']['enable'] = 'true'
        MockConfigDb.set_config_db(self.test_data)
>       host_config_daemon = hostcfgd.HostConfigDaemon()

tests/hostcfgd/hostcfgd_fips_test.py:75: 
_ _ _ _ _ _ _ _ _ _ _ _ _ _ _ _ _ _ _ _ _ _ _ _ _ _ _ _ _ _ _ _ _ _ _ _ _ _ _ _ 
scripts/hostcfgd:2171: in __init__
    self.kdumpCfg = KdumpCfg(self.config_db)
scripts/hostcfgd:1177: in __init__
    self.init_kdump_config_from_cmdline()
scripts/hostcfgd:1195: in init_kdump_config_from_cmdline
    kdump_config = self.config_db.get_entry("KDUMP", "config")
_ _ _ _ _ _ _ _ _ _ _ _ _ _ _ _ _ _ _ _ _ _ _ _ _ _ _ _ _ _ _ _ _ _ _ _ _ _ _ _ 

self = <tests.common.mock_configdb.MockConfigDb object at 0x7438514ec500>
key = 'KDUMP', field = 'config'

    def get_entry(self, key, field):
>       return MockConfigDb.CONFIG_DB[key][field]
E       KeyError: 'KDUMP'

tests/common/mock_configdb.py:46: KeyError
_________________ TestHostcfgdFIPS.test_hostcfgd_fips_enforce __________________

self = <tests.hostcfgd.hostcfgd_fips_test.TestHostcfgdFIPS testMethod=test_hostcfgd_fips_enforce>
mock_check_call = <MagicMock name='check_call' id='127791295563488'>
mock_check_output = <MagicMock name='check_output' id='127791288593984'>
mock_syslog = <MagicMock name='syslog' id='127791288592304'>
mock_get_bootloader = <MagicMock name='get_bootloader' id='127791290658368'>

    @mock.patch('sonic_installer.bootloader.get_bootloader', return_value=MockBootloader())
    @mock.patch('syslog.syslog')
    @mock.patch('subprocess.check_output', side_effect=[json.dumps(running_services)])
    @mock.patch('subprocess.check_call')
    def test_hostcfgd_fips_enforce(self, mock_check_call, mock_check_output, mock_syslog, mock_get_bootloader):
        with open(hostcfgd.PROC_CMDLINE, 'w') as f:
            f.write('swiotlb=65536 sonic_fips=0')
        self.test_data['FIPS']['global']['enforce'] = 'true'
        MockConfigDb.set_config_db(self.test_data)
>       host_config_daemon = hostcfgd.HostConfigDaemon()

tests/hostcfgd/hostcfgd_fips_test.py:111: 
_ _ _ _ _ _ _ _ _ _ _ _ _ _ _ _ _ _ _ _ _ _ _ _ _ _ _ _ _ _ _ _ _ _ _ _ _ _ _ _ 
scripts/hostcfgd:2171: in __init__
    self.kdumpCfg = KdumpCfg(self.config_db)
scripts/hostcfgd:1177: in __init__
    self.init_kdump_config_from_cmdline()
scripts/hostcfgd:1195: in init_kdump_config_from_cmdline
    kdump_config = self.config_db.get_entry("KDUMP", "config")
_ _ _ _ _ _ _ _ _ _ _ _ _ _ _ _ _ _ _ _ _ _ _ _ _ _ _ _ _ _ _ _ _ _ _ _ _ _ _ _ 

self = <tests.common.mock_configdb.MockConfigDb object at 0x7438514ec050>
key = 'KDUMP', field = 'config'

    def get_entry(self, key, field):
>       return MockConfigDb.CONFIG_DB[key][field]
E       KeyError: 'KDUMP'

tests/common/mock_configdb.py:46: KeyError
______________ TestHostcfgdFIPS.test_hostcfgd_fips_enforce_reconf ______________

self = <tests.hostcfgd.hostcfgd_fips_test.TestHostcfgdFIPS testMethod=test_hostcfgd_fips_enforce_reconf>
mock_check_call = <MagicMock name='check_call' id='127791290955296'>
mock_check_output = <MagicMock name='check_output' id='127791290942864'>
mock_syslog = <MagicMock name='syslog' id='127791290944880'>
mock_get_bootloader = <MagicMock name='get_bootloader' id='127791290954288'>

    @mock.patch('sonic_installer.bootloader.get_bootloader', return_value=MockBootloader(True))
    @mock.patch('syslog.syslog')
    @mock.patch('subprocess.check_output', side_effect=[json.dumps(running_services)])
    @mock.patch('subprocess.check_call')
    def test_hostcfgd_fips_enforce_reconf(self, mock_check_call, mock_check_output, mock_syslog, mock_get_bootloader):
        with open(hostcfgd.PROC_CMDLINE, 'w') as f:
            f.write('swiotlb=65536 sonic_fips=1')
        self.test_data['FIPS']['global']['enforce'] = 'true'
        MockConfigDb.set_config_db(self.test_data)
>       host_config_daemon = hostcfgd.HostConfigDaemon()

tests/hostcfgd/hostcfgd_fips_test.py:128: 
_ _ _ _ _ _ _ _ _ _ _ _ _ _ _ _ _ _ _ _ _ _ _ _ _ _ _ _ _ _ _ _ _ _ _ _ _ _ _ _ 
scripts/hostcfgd:2171: in __init__
    self.kdumpCfg = KdumpCfg(self.config_db)
scripts/hostcfgd:1177: in __init__
    self.init_kdump_config_from_cmdline()
scripts/hostcfgd:1195: in init_kdump_config_from_cmdline
    kdump_config = self.config_db.get_entry("KDUMP", "config")
_ _ _ _ _ _ _ _ _ _ _ _ _ _ _ _ _ _ _ _ _ _ _ _ _ _ _ _ _ _ _ _ _ _ _ _ _ _ _ _ 

self = <tests.common.mock_configdb.MockConfigDb object at 0x7438514f08c0>
key = 'KDUMP', field = 'config'

    def get_entry(self, key, field):
>       return MockConfigDb.CONFIG_DB[key][field]
E       KeyError: 'KDUMP'

tests/common/mock_configdb.py:46: KeyError
_______________ TestHostcfgLogging.test_rsyslog_handle_modified ________________

self = <tests.hostcfgd.hostcfgd_logging_test.TestHostcfgLogging testMethod=test_rsyslog_handle_modified>

    def setUp(self):
        MockConfigDb.set_config_db(logging_test_data['initial'])
>       self.host_config_daemon = hostcfgd.HostConfigDaemon()

tests/hostcfgd/hostcfgd_logging_test.py:49: 
_ _ _ _ _ _ _ _ _ _ _ _ _ _ _ _ _ _ _ _ _ _ _ _ _ _ _ _ _ _ _ _ _ _ _ _ _ _ _ _ 
scripts/hostcfgd:2171: in __init__
    self.kdumpCfg = KdumpCfg(self.config_db)
scripts/hostcfgd:1177: in __init__
    self.init_kdump_config_from_cmdline()
scripts/hostcfgd:1195: in init_kdump_config_from_cmdline
    kdump_config = self.config_db.get_entry("KDUMP", "config")
_ _ _ _ _ _ _ _ _ _ _ _ _ _ _ _ _ _ _ _ _ _ _ _ _ _ _ _ _ _ _ _ _ _ _ _ _ _ _ _ 

self = <tests.common.mock_configdb.MockConfigDb object at 0x7438514ed5e0>
key = 'KDUMP', field = 'config'

    def get_entry(self, key, field):
>       return MockConfigDb.CONFIG_DB[key][field]
E       KeyError: 'KDUMP'

tests/common/mock_configdb.py:46: KeyError
______________ TestHostcfgdRSyslog.test_rsyslog_handle_add_server ______________

self = <tests.hostcfgd.hostcfgd_rsyslog_test.TestHostcfgdRSyslog testMethod=test_rsyslog_handle_add_server>

    def setUp(self):
        MockConfigDb.set_config_db(rsyslog_test_data['initial'])
>       self.host_config_daemon = hostcfgd.HostConfigDaemon()

tests/hostcfgd/hostcfgd_rsyslog_test.py:49: 
_ _ _ _ _ _ _ _ _ _ _ _ _ _ _ _ _ _ _ _ _ _ _ _ _ _ _ _ _ _ _ _ _ _ _ _ _ _ _ _ 
scripts/hostcfgd:2171: in __init__
    self.kdumpCfg = KdumpCfg(self.config_db)
scripts/hostcfgd:1177: in __init__
    self.init_kdump_config_from_cmdline()
scripts/hostcfgd:1195: in init_kdump_config_from_cmdline
    kdump_config = self.config_db.get_entry("KDUMP", "config")
_ _ _ _ _ _ _ _ _ _ _ _ _ _ _ _ _ _ _ _ _ _ _ _ _ _ _ _ _ _ _ _ _ _ _ _ _ _ _ _ 

self = <tests.common.mock_configdb.MockConfigDb object at 0x7438514ee6c0>
key = 'KDUMP', field = 'config'

    def get_entry(self, key, field):
>       return MockConfigDb.CONFIG_DB[key][field]
E       KeyError: 'KDUMP'

tests/common/mock_configdb.py:46: KeyError
____________ TestHostcfgdRSyslog.test_rsyslog_handle_change_global _____________

self = <tests.hostcfgd.hostcfgd_rsyslog_test.TestHostcfgdRSyslog testMethod=test_rsyslog_handle_change_global>

    def setUp(self):
        MockConfigDb.set_config_db(rsyslog_test_data['initial'])
>       self.host_config_daemon = hostcfgd.HostConfigDaemon()

tests/hostcfgd/hostcfgd_rsyslog_test.py:49: 
_ _ _ _ _ _ _ _ _ _ _ _ _ _ _ _ _ _ _ _ _ _ _ _ _ _ _ _ _ _ _ _ _ _ _ _ _ _ _ _ 
scripts/hostcfgd:2171: in __init__
    self.kdumpCfg = KdumpCfg(self.config_db)
scripts/hostcfgd:1177: in __init__
    self.init_kdump_config_from_cmdline()
scripts/hostcfgd:1195: in init_kdump_config_from_cmdline
    kdump_config = self.config_db.get_entry("KDUMP", "config")
_ _ _ _ _ _ _ _ _ _ _ _ _ _ _ _ _ _ _ _ _ _ _ _ _ _ _ _ _ _ _ _ _ _ _ _ _ _ _ _ 

self = <tests.common.mock_configdb.MockConfigDb object at 0x7438514ef430>
key = 'KDUMP', field = 'config'

    def get_entry(self, key, field):
>       return MockConfigDb.CONFIG_DB[key][field]
E       KeyError: 'KDUMP'

tests/common/mock_configdb.py:46: KeyError
____________ TestHostcfgdRSyslog.test_rsyslog_handle_change_server _____________

self = <tests.hostcfgd.hostcfgd_rsyslog_test.TestHostcfgdRSyslog testMethod=test_rsyslog_handle_change_server>

    def setUp(self):
        MockConfigDb.set_config_db(rsyslog_test_data['initial'])
>       self.host_config_daemon = hostcfgd.HostConfigDaemon()

tests/hostcfgd/hostcfgd_rsyslog_test.py:49: 
_ _ _ _ _ _ _ _ _ _ _ _ _ _ _ _ _ _ _ _ _ _ _ _ _ _ _ _ _ _ _ _ _ _ _ _ _ _ _ _ 
scripts/hostcfgd:2171: in __init__
    self.kdumpCfg = KdumpCfg(self.config_db)
scripts/hostcfgd:1177: in __init__
    self.init_kdump_config_from_cmdline()
scripts/hostcfgd:1195: in init_kdump_config_from_cmdline
    kdump_config = self.config_db.get_entry("KDUMP", "config")
_ _ _ _ _ _ _ _ _ _ _ _ _ _ _ _ _ _ _ _ _ _ _ _ _ _ _ _ _ _ _ _ _ _ _ _ _ _ _ _ 

self = <tests.common.mock_configdb.MockConfigDb object at 0x7438514ee530>
key = 'KDUMP', field = 'config'

    def get_entry(self, key, field):
>       return MockConfigDb.CONFIG_DB[key][field]
E       KeyError: 'KDUMP'

tests/common/mock_configdb.py:46: KeyError
________________ TestHostcfgdRSyslog.test_rsyslog_handle_empty _________________

self = <tests.hostcfgd.hostcfgd_rsyslog_test.TestHostcfgdRSyslog testMethod=test_rsyslog_handle_empty>

    def setUp(self):
        MockConfigDb.set_config_db(rsyslog_test_data['initial'])
>       self.host_config_daemon = hostcfgd.HostConfigDaemon()

tests/hostcfgd/hostcfgd_rsyslog_test.py:49: 
_ _ _ _ _ _ _ _ _ _ _ _ _ _ _ _ _ _ _ _ _ _ _ _ _ _ _ _ _ _ _ _ _ _ _ _ _ _ _ _ 
scripts/hostcfgd:2171: in __init__
    self.kdumpCfg = KdumpCfg(self.config_db)
scripts/hostcfgd:1177: in __init__
    self.init_kdump_config_from_cmdline()
scripts/hostcfgd:1195: in init_kdump_config_from_cmdline
    kdump_config = self.config_db.get_entry("KDUMP", "config")
_ _ _ _ _ _ _ _ _ _ _ _ _ _ _ _ _ _ _ _ _ _ _ _ _ _ _ _ _ _ _ _ _ _ _ _ _ _ _ _ 

self = <tests.common.mock_configdb.MockConfigDb object at 0x7438514ed9f0>
key = 'KDUMP', field = 'config'

    def get_entry(self, key, field):
>       return MockConfigDb.CONFIG_DB[key][field]
E       KeyError: 'KDUMP'

tests/common/mock_configdb.py:46: KeyError
___________ TestHostcfgdRSyslog.test_rsyslog_handle_the_same_config ____________

self = <tests.hostcfgd.hostcfgd_rsyslog_test.TestHostcfgdRSyslog testMethod=test_rsyslog_handle_the_same_config>

    def setUp(self):
        MockConfigDb.set_config_db(rsyslog_test_data['initial'])
>       self.host_config_daemon = hostcfgd.HostConfigDaemon()

tests/hostcfgd/hostcfgd_rsyslog_test.py:49: 
_ _ _ _ _ _ _ _ _ _ _ _ _ _ _ _ _ _ _ _ _ _ _ _ _ _ _ _ _ _ _ _ _ _ _ _ _ _ _ _ 
scripts/hostcfgd:2171: in __init__
    self.kdumpCfg = KdumpCfg(self.config_db)
scripts/hostcfgd:1177: in __init__
    self.init_kdump_config_from_cmdline()
scripts/hostcfgd:1195: in init_kdump_config_from_cmdline
    kdump_config = self.config_db.get_entry("KDUMP", "config")
_ _ _ _ _ _ _ _ _ _ _ _ _ _ _ _ _ _ _ _ _ _ _ _ _ _ _ _ _ _ _ _ _ _ _ _ _ _ _ _ 

self = <tests.common.mock_configdb.MockConfigDb object at 0x743851388320>
key = 'KDUMP', field = 'config'

    def get_entry(self, key, field):
>       return MockConfigDb.CONFIG_DB[key][field]
E       KeyError: 'KDUMP'

tests/common/mock_configdb.py:46: KeyError
_____________________ TestHostcfgdDaemon.test_kdump_event ______________________

self = <tests.hostcfgd.hostcfgd_test.TestHostcfgdDaemon testMethod=test_kdump_event>

    def test_kdump_event(self):
        MockConfigDb.set_config_db(HOSTCFG_DAEMON_CFG_DB)
        daemon = hostcfgd.HostConfigDaemon()
        daemon.register_callbacks()
        MockConfigDb.event_queue = [('KDUMP', 'config')]
        with mock.patch('hostcfgd.subprocess') as mocked_subprocess:
            popen_mock = mock.Mock()
            attrs = {'communicate.return_value': ('output', 'error')}
            popen_mock.configure_mock(**attrs)
            mocked_subprocess.Popen.return_value = popen_mock
            try:
                daemon.start()
            except TimeoutError:
                pass
            expected = [
                call(['sonic-kdump-config', '--disable']),
                call(['sonic-kdump-config', '--num_dumps', '3']),
                call(['sonic-kdump-config', '--memory', '0M-2G:256M,2G-4G:320M,4G-8G:384M,8G-16G:448M,16G-32G:768M,32G-:1G']),
                call(['sonic-kdump-config', '--remote']),  # Covering remote
                call(['sonic-kdump-config', '--ssh_string', 'user@localhost']),  # Covering ssh_string
                call(['sonic-kdump-config', '--ssh_path', '/a/b/c'])  # Covering ssh_path
            ]
>           mocked_subprocess.check_call.assert_has_calls(expected, any_order=True)

tests/hostcfgd/hostcfgd_test.py:221: 
_ _ _ _ _ _ _ _ _ _ _ _ _ _ _ _ _ _ _ _ _ _ _ _ _ _ _ _ _ _ _ _ _ _ _ _ _ _ _ _ 

self = <MagicMock name='subprocess.check_call' id='127791289650880'>
calls = [call(['sonic-kdump-config', '--disable']), call(['sonic-kdump-config', '--num_dumps', '3']), call(['sonic-kdump-confi..., call(['sonic-kdump-config', '--ssh_string', 'user@localhost']), call(['sonic-kdump-config', '--ssh_path', '/a/b/c'])]
any_order = True

    def assert_has_calls(self, calls, any_order=False):
        """assert the mock has been called with the specified calls.
        The `mock_calls` list is checked for the calls.
    
        If `any_order` is False (the default) then the calls must be
        sequential. There can be extra calls before or after the
        specified calls.
    
        If `any_order` is True then the calls can be in any order, but
        they must all appear in `mock_calls`."""
        expected = [self._call_matcher(c) for c in calls]
        cause = next((e for e in expected if isinstance(e, Exception)), None)
        all_calls = _CallList(self._call_matcher(c) for c in self.mock_calls)
        if not any_order:
            if expected not in all_calls:
                if cause is None:
                    problem = 'Calls not found.'
                else:
                    problem = ('Error processing expected calls.\n'
                               'Errors: {}').format(
                                   [e if isinstance(e, Exception) else None
                                    for e in expected])
                raise AssertionError(
                    f'{problem}\n'
                    f'Expected: {_CallList(calls)}\n'
                    f'  Actual: {safe_repr(self.mock_calls)}'
                ) from cause
            return
    
        all_calls = list(all_calls)
    
        not_found = []
        for kall in expected:
            try:
                all_calls.remove(kall)
            except ValueError:
                not_found.append(kall)
        if not_found:
>           raise AssertionError(
                '%r does not contain all of %r in its call list, '
                'found %r instead' % (self._mock_name or 'mock',
                                      tuple(not_found), all_calls)
            ) from cause
E           AssertionError: 'check_call' does not contain all of (call(['sonic-kdump-config', '--disable']), call(['sonic-kdump-config', '--memory', '0M-2G:256M,2G-4G:320M,4G-8G:384M,8G-16G:448M,16G-32G:768M,32G-:1G'])) in its call list, found [call(['sonic-kdump-config', '--enable']), call(['sonic-kdump-config', '--memory', '0M-2G:0M,2G-4G:256M,4G-64G:384M,64G-512G:512M,512G-:1G'])] instead

/usr/lib/python3.13/unittest/mock.py:1032: AssertionError
______________________ TestHostcfgdDaemon.test_kdump_load ______________________

self = <tests.hostcfgd.hostcfgd_test.TestHostcfgdDaemon testMethod=test_kdump_load>

    def test_kdump_load(self):
        MockConfigDb.set_config_db(HOSTCFG_DAEMON_INIT_CFG_DB)
        MockConfigDb.CONFIG_DB['KDUMP'] = {
            'config': {
                "enabled": "true",
            }
        }
        daemon = hostcfgd.HostConfigDaemon()
        with mock.patch('hostcfgd.subprocess') as mocked_subprocess:
            daemon.kdumpCfg.load(MockConfigDb.CONFIG_DB['KDUMP'])
    
            expected = [
                call(['sonic-kdump-config', '--enable']),
                call(['sonic-kdump-config', '--num_dumps', '3']),
                call(['sonic-kdump-config', '--memory', '0M-2G:256M,2G-4G:320M,4G-8G:384M,8G-16G:448M,16G-32G:768M,32G-:1G']),
                call(['sonic-kdump-config', '--remote']),  # Covering remote
                call(['sonic-kdump-config', '--ssh_string', 'user@localhost']),  # Covering ssh_string
                call(['sonic-kdump-config', '--ssh_path', '/a/b/c'])  # Covering ssh_path
            ]
    
>           mocked_subprocess.check_call.assert_has_calls(expected, any_order=True)

tests/hostcfgd/hostcfgd_test.py:243: 
_ _ _ _ _ _ _ _ _ _ _ _ _ _ _ _ _ _ _ _ _ _ _ _ _ _ _ _ _ _ _ _ _ _ _ _ _ _ _ _ 

self = <MagicMock name='subprocess.check_call' id='127791289661296'>
calls = [call(['sonic-kdump-config', '--enable']), call(['sonic-kdump-config', '--num_dumps', '3']), call(['sonic-kdump-config..., call(['sonic-kdump-config', '--ssh_string', 'user@localhost']), call(['sonic-kdump-config', '--ssh_path', '/a/b/c'])]
any_order = True

    def assert_has_calls(self, calls, any_order=False):
        """assert the mock has been called with the specified calls.
        The `mock_calls` list is checked for the calls.
    
        If `any_order` is False (the default) then the calls must be
        sequential. There can be extra calls before or after the
        specified calls.
    
        If `any_order` is True then the calls can be in any order, but
        they must all appear in `mock_calls`."""
        expected = [self._call_matcher(c) for c in calls]
        cause = next((e for e in expected if isinstance(e, Exception)), None)
        all_calls = _CallList(self._call_matcher(c) for c in self.mock_calls)
        if not any_order:
            if expected not in all_calls:
                if cause is None:
                    problem = 'Calls not found.'
                else:
                    problem = ('Error processing expected calls.\n'
                               'Errors: {}').format(
                                   [e if isinstance(e, Exception) else None
                                    for e in expected])
                raise AssertionError(
                    f'{problem}\n'
                    f'Expected: {_CallList(calls)}\n'
                    f'  Actual: {safe_repr(self.mock_calls)}'
                ) from cause
            return
    
        all_calls = list(all_calls)
    
        not_found = []
        for kall in expected:
            try:
                all_calls.remove(kall)
            except ValueError:
                not_found.append(kall)
        if not_found:
>           raise AssertionError(
                '%r does not contain all of %r in its call list, '
                'found %r instead' % (self._mock_name or 'mock',
                                      tuple(not_found), all_calls)
            ) from cause
E           AssertionError: 'check_call' does not contain all of (call(['sonic-kdump-config', '--enable']), call(['sonic-kdump-config', '--num_dumps', '3']), call(['sonic-kdump-config', '--memory', '0M-2G:256M,2G-4G:320M,4G-8G:384M,8G-16G:448M,16G-32G:768M,32G-:1G']), call(['sonic-kdump-config', '--remote']), call(['sonic-kdump-config', '--ssh_string', 'user@localhost']), call(['sonic-kdump-config', '--ssh_path', '/a/b/c'])) in its call list, found [] instead

/usr/lib/python3.13/unittest/mock.py:1032: AssertionError
______ TestMemoryStatisticsCfgd.test_memory_statistics_handler_exception _______

self = <tests.hostcfgd.hostcfgd_test.TestMemoryStatisticsCfgd testMethod=test_memory_statistics_handler_exception>

    def test_memory_statistics_handler_exception(self):
        """Test exception handling in memory_statistics_handler"""
>       daemon = hostcfgd.HostConfigDaemon()

tests/hostcfgd/hostcfgd_test.py:845: 
_ _ _ _ _ _ _ _ _ _ _ _ _ _ _ _ _ _ _ _ _ _ _ _ _ _ _ _ _ _ _ _ _ _ _ _ _ _ _ _ 
scripts/hostcfgd:2171: in __init__
    self.kdumpCfg = KdumpCfg(self.config_db)
scripts/hostcfgd:1177: in __init__
    self.init_kdump_config_from_cmdline()
scripts/hostcfgd:1195: in init_kdump_config_from_cmdline
    kdump_config = self.config_db.get_entry("KDUMP", "config")
_ _ _ _ _ _ _ _ _ _ _ _ _ _ _ _ _ _ _ _ _ _ _ _ _ _ _ _ _ _ _ _ _ _ _ _ _ _ _ _ 

self = <tests.common.mock_configdb.MockConfigDb object at 0x74385134b480>
key = 'KDUMP', field = 'config'

    def get_entry(self, key, field):
>       return MockConfigDb.CONFIG_DB[key][field]
E       KeyError: 'KDUMP'

tests/common/mock_configdb.py:46: KeyError
=============================== warnings summary ===============================
<frozen importlib._bootstrap>:488
  <frozen importlib._bootstrap>:488: DeprecationWarning: builtin type SwigPyPacked has no __module__ attribute

<frozen importlib._bootstrap>:488
  <frozen importlib._bootstrap>:488: DeprecationWarning: builtin type SwigPyObject has no __module__ attribute

<frozen importlib._bootstrap>:488
  <frozen importlib._bootstrap>:488: DeprecationWarning: builtin type swigvarlink has no __module__ attribute

host_modules/showtech.py:43
  /sonic/src/sonic-host-services/host_modules/showtech.py:43: SyntaxWarning: invalid escape sequence '\/'
    output_file_match = re.search('\/var\/.*dump.*\.gz', result.stdout)

scripts/hostcfgd:951
  /sonic/src/sonic-host-services/scripts/hostcfgd:951: SyntaxWarning: invalid escape sequence '\P'
    modify_single_file_inplace(ETC_LOGIN_DEF, ["/^PASS_MAX_DAYS/c\PASS_MAX_DAYS " +str(curr_expiration)])

scripts/hostcfgd:958
  /sonic/src/sonic-host-services/scripts/hostcfgd:958: SyntaxWarning: invalid escape sequence '\P'
    modify_single_file_inplace(ETC_LOGIN_DEF, ["/^PASS_WARN_AGE/c\PASS_WARN_AGE " +str(curr_expiration_warning)])

../../../usr/lib/python3/dist-packages/M2Crypto/__init__.py:33
  /usr/lib/python3/dist-packages/M2Crypto/__init__.py:33: DeprecationWarning: distutils Version classes are deprecated. Use packaging.version instead.
    __ver = Version(__version__)

tests/determine-reboot-cause_test.py::TestDetermineRebootCause::test_determine_reboot_cause_main_without_reboot_cause_dir
tests/determine-reboot-cause_test.py::TestDetermineRebootCause::test_determine_reboot_cause_main_with_reboot_cause_dir
  /sonic/src/sonic-host-services/scripts/determine-reboot-cause:261: DeprecationWarning: datetime.datetime.utcnow() is deprecated and scheduled for removal in a future version. Use timezone-aware objects to represent datetimes in UTC: datetime.datetime.now(datetime.UTC).
    reboot_cause_gen_time = str(datetime.datetime.utcnow().strftime('%Y_%m_%d_%H_%M_%S'))

tests/procdockerstatsd_test.py::TestProcDockerStatsDaemon::test_update_processstats_command
tests/procdockerstatsd_test.py::TestProcDockerStatsDaemon::test_update_processstats_command
tests/procdockerstatsd_test.py::TestProcDockerStatsDaemon::test_update_processstats_command
tests/procdockerstatsd_test.py::TestProcDockerStatsDaemon::test_update_processstats_handles_nosuchprocess
  /sonic/src/sonic-host-services/scripts/procdockerstatsd:154: DeprecationWarning: datetime.datetime.utcfromtimestamp() is deprecated and scheduled for removal in a future version. Use timezone-aware objects to represent datetimes in UTC: datetime.datetime.fromtimestamp(timestamp, datetime.UTC).
    stime_formatted = datetime.utcfromtimestamp(stime).strftime("%b%d")

tests/procdockerstatsd_test.py::TestProcDockerStatsDaemon::test_update_fipsstats_command
  /sonic/src/sonic-host-services/scripts/procdockerstatsd:211: DeprecationWarning: datetime.datetime.utcnow() is deprecated and scheduled for removal in a future version. Use timezone-aware objects to represent datetimes in UTC: datetime.datetime.now(datetime.UTC).
    update_value['timestamp'] = datetime.utcnow().isoformat()

tests/procdockerstatsd_test.py::TestProcDockerStatsDaemon::test_run_method_executes_with_utcnow
  /sonic/src/sonic-host-services/scripts/procdockerstatsd:232: DeprecationWarning: datetime.datetime.utcnow() is deprecated and scheduled for removal in a future version. Use timezone-aware objects to represent datetimes in UTC: datetime.datetime.now(datetime.UTC).
    datetimeobj = datetime.utcnow()

-- Docs: https://docs.pytest.org/en/stable/how-to/capture-warnings.html
----- generated xml file: /sonic/src/sonic-host-services/test-results.xml ------

---------- coverage: platform linux, python 3.13.5-final-0 -----------
Name                              Stmts   Miss  Cover
-----------------------------------------------------
host_modules/config_engine.py        35      1    97%
host_modules/debug_info.py          233     34    85%
host_modules/debug_service.py        89      9    90%
host_modules/docker_service.py      117     12    90%
host_modules/file_service.py         88      6    93%
host_modules/gcu.py                  80      0   100%
host_modules/glome.py                67      4    94%
host_modules/gnoi_reset.py           76     10    87%
host_modules/gnsi_console.py        113      0   100%
host_modules/host_service.py         20      3    85%
host_modules/image_service.py       135      0   100%
host_modules/reboot.py              155      2    99%
host_modules/showtech.py             27      7    74%
host_modules/ssh_mgmt.py            170      0   100%
host_modules/systemd_service.py      37      6    84%
scripts/caclmgrd                    840    268    68%
scripts/console-monitor             840     64    92%
scripts/determine-reboot-cause      168     14    92%
scripts/featured                    431    319    26%
scripts/gnoi_shutdown_daemon.py     235     34    86%
scripts/hostcfgd                   1609    358    78%
scripts/ldap.py                      63      4    94%
scripts/procdockerstatsd            195     54    72%
scripts/process-reboot-cause         82     13    84%
-----------------------------------------------------
TOTAL                              5905   1222    79%
Coverage HTML written to dir htmlcov
Coverage XML written to file coverage.xml

=========================== short test summary info ============================
FAILED tests/caclmgrd/caclmgrd_bfd_test.py::TestCaclmgrdBfd::test_caclmgrd_bfd_0_BFD_SESSION_TEST - assert (0 != 0)
FAILED tests/caclmgrd/caclmgrd_conntrack_test.py::TestCaclmgrdConntrack::test_caclmgrd_icmpv6_ct_rules_0_ICMPv6_conntrack_rules_test - OSError: Failed to locate platform directory
FAILED tests/caclmgrd/caclmgrd_dash_ha_test.py::TestCaclmgrdDashHa::test_caclmgrd_dash_ha_0_DASH_HA_TEST - AssertionError: 'Popen' does not contain all of (call(['iptables', '-I', 'INPUT', '2', '-p', 'tcp', '--dport', '23606', '-j', 'ACCEPT'], universal_newlines=True, stdout=-1), call(['ip6tables', '-I', 'INPUT', '2', '-p', 'tcp', '--dport', '23606', '-j', 'ACCEPT'], universal_newlines=True, stdout=-1)) in its call list, found [] instead
FAILED tests/caclmgrd/caclmgrd_default_rule_test.py::TestCaclmgrdDefaultRule::test_caclmgrd_default_rule_0_No_CACL_rules_Default_deny_rule_NOT_EXISTS - OSError: Failed to locate platform directory
FAILED tests/caclmgrd/caclmgrd_default_rule_test.py::TestCaclmgrdDefaultRule::test_caclmgrd_default_rule_1_At_least_one_CACL_rules_Default_deny_rule_EXISTS - OSError: Failed to locate platform directory
FAILED tests/caclmgrd/caclmgrd_default_rule_test.py::TestCaclmgrdDefaultRule::test_empty_acl_table_entry_skipped - OSError: Failed to locate platform directory
FAILED tests/caclmgrd/caclmgrd_external_client_acl_test.py::TestCaclmgrdExternalClientAcl::test_caclmgrd_external_client_acl_0_Test_for_EXTERNAL_CLIENT_ACL_with_no_dest_port_configured_ - OSError: Failed to locate platform directory
FAILED tests/caclmgrd/caclmgrd_external_client_acl_test.py::TestCaclmgrdExternalClientAcl::test_caclmgrd_external_client_acl_1_Test_single_IPv4_dst_port_src_ip_for_EXTERNAL_CLIENT_ACL - OSError: Failed to locate platform directory
FAILED tests/caclmgrd/caclmgrd_external_client_acl_test.py::TestCaclmgrdExternalClientAcl::test_caclmgrd_external_client_acl_2_Test_single_IPv4_dst_port_dst_ip_for_EXTERNAL_CLIENT_ACL - OSError: Failed to locate platform directory
FAILED tests/caclmgrd/caclmgrd_external_client_acl_test.py::TestCaclmgrdExternalClientAcl::test_caclmgrd_external_client_acl_3_Test_single_IPv4_dst_port_incoming_interface_for_EXTERNAL_CLIENT_ACL - OSError: Failed to locate platform directory
FAILED tests/caclmgrd/caclmgrd_external_client_acl_test.py::TestCaclmgrdExternalClientAcl::test_caclmgrd_external_client_acl_4_Test_IPv4_dst_port_range_src_ip_forEXTERNAL_CLIENT_ACL - OSError: Failed to locate platform directory
FAILED tests/caclmgrd/caclmgrd_external_client_acl_test.py::TestCaclmgrdExternalClientAcl::test_caclmgrd_external_client_acl_5_Test_IPv6_single_dst_port_range_src_ip_forEXTERNAL_CLIENT_ACL - OSError: Failed to locate platform directory
FAILED tests/caclmgrd/caclmgrd_external_client_acl_test.py::TestCaclmgrdExternalClientAcl::test_caclmgrd_external_client_acl_6_Test_IPv6_single_dst_port_range_dst_ip_forEXTERNAL_CLIENT_ACL - OSError: Failed to locate platform directory
FAILED tests/caclmgrd/caclmgrd_external_client_acl_test.py::TestCaclmgrdExternalClientAcl::test_caclmgrd_external_client_acl_7_Test_IPv6_dst_port_range_src_ip_forEXTERNAL_CLIENT_ACL - OSError: Failed to locate platform directory
FAILED tests/caclmgrd/caclmgrd_gil_ip_multiasic_test.py::TestCaclmgrdGilIpMultiAsic::test_caclmgrd_gil_ip_multiasic_0_Non_default_namespace_GIL_FORWARD_ACCEPT_rules_added_for_SSH_and_SNMP - OSError: Failed to locate platform directory
FAILED tests/caclmgrd/caclmgrd_gil_ip_multiasic_test.py::TestCaclmgrdGilIpMultiAsic::test_caclmgrd_gil_ip_multiasic_1_Non_default_namespace_SSH_ACL_rule_uses_FORWARD_chain - OSError: Failed to locate platform directory
FAILED tests/caclmgrd/caclmgrd_gil_ip_multiasic_test.py::TestCaclmgrdGilIpMultiAsic::test_caclmgrd_gil_ip_multiasic_2_Non_default_namespace_SNMP_ACL_rule_uses_FORWARD_chain - OSError: Failed to locate platform directory
FAILED tests/caclmgrd/caclmgrd_gil_ip_multiasic_test.py::TestCaclmgrdGilIpMultiAsic::test_caclmgrd_gil_ip_multiasic_3_Non_default_namespace_NTP_ACL_rule_still_uses_INPUT_chain - OSError: Failed to locate platform directory
FAILED tests/caclmgrd/caclmgrd_gil_ip_multiasic_test.py::TestCaclmgrdGilIpMultiAsic::test_caclmgrd_gil_ip_multiasic_4_Default_namespace_SSH_ACL_rule_uses_INPUT_chain_no_regression_ - OSError: Failed to locate platform directory
FAILED tests/caclmgrd/caclmgrd_redfish_acl_test.py::TestCaclmgrdRedfishAcl::test_caclmgrd_redfish_acl_0_Test_single_IPv4_src_ip_allow_default_deny_for_REDFISH_ACL - OSError: Failed to locate platform directory
FAILED tests/caclmgrd/caclmgrd_redfish_acl_test.py::TestCaclmgrdRedfishAcl::test_caclmgrd_redfish_acl_1_Test_IPv6_src_ip_allow_default_deny_for_REDFISH_ACL - OSError: Failed to locate platform directory
FAILED tests/caclmgrd/caclmgrd_redfish_acl_test.py::TestCaclmgrdRedfishAcl::test_caclmgrd_redfish_acl_skipped_when_feature_disabled_0_Disabled_feature_IPv4_REDFISH_ACL_must_be_skipped - OSError: Failed to locate platform directory
FAILED tests/caclmgrd/caclmgrd_redfish_acl_test.py::TestCaclmgrdRedfishAcl::test_caclmgrd_redfish_acl_skipped_when_feature_disabled_1_Disabled_feature_IPv6_REDFISH_ACL_must_be_skipped - OSError: Failed to locate platform directory
FAILED tests/caclmgrd/caclmgrd_scale_test.py::TestCaclmgrdScale::test_caclmgrd_scale_0_SCALE_SESSION_TEST - AssertionError: 'Popen' does not contain all of (call(['ip6tables', '-A', 'INPUT', '-p', 'udp', '-s', '2001::2/128', '--dport', '123', '-j', 'DROP'], universal_newlines=True, stdout=-1), call(['ip6tables', '-A', 'INPUT', '-p', 'udp', '-s', '2001::3/128', '--dport', '123', '-j', 'DROP'], universal_newlines=True, stdout=-1), call(['ip6tables', '-A', 'INPUT', '-p', 'udp', '-s', '2001::4/128', '--dport', '123', '-j', 'DROP'], universal_newlines=True, stdout=-1), call(['ip6tables', '-A', 'INPUT', '-p', 'udp', '-s', '2001::5/128', '--dport', '123', '-j', 'DROP'], universal_newlines=True, stdout=-1), call(['ip6tables', '-A', 'INPUT', '-p', 'udp', '-s', '2001::6/128', '--dport', '123', '-j', 'DROP'], universal_newlines=True, stdout=-1), call(['ip6tables', '-A', 'INPUT', '-p', 'udp', '-s', '2001::7/128', '--dport', '123', '-j', 'DROP'], universal_newlines=True, stdout=-1), call(['ip6tables', '-A', 'INPUT', '-p', 'udp', '-s', '2001::8/128', '--dport', '123', '-j', 'DROP'], universal_newlines=True, stdout=-1), call(['ip6tables', '-A', 'INPUT', '-p', 'udp', '-s', '2001::9/128', '--dport', '123', '-j', 'DROP'], universal_newlines=True, stdout=-1), call(['ip6tables', '-A', 'INPUT', '-p', 'udp', '-s', '2001::10/128', '--dport', '123', '-j', 'DROP'], universal_newlines=True, stdout=-1), call(['ip6tables', '-A', 'INPUT', '-p', 'udp', '-s', '2001::11/128', '--dport', '123', '-j', 'DROP'], universal_newlines=True, stdout=-1), call(['ip6tables', '-A', 'INPUT', '-p', 'udp', '-s', '2001::12/128', '--dport', '123', '-j', 'DROP'], universal_newlines=True, stdout=-1), call(['ip6tables', '-A', 'INPUT', '-p', 'udp', '-s', '2001::13/128', '--dport', '123', '-j', 'DROP'], universal_newlines=True, stdout=-1), call(['ip6tables', '-A', 'INPUT', '-p', 'udp', '-s', '2001::14/128', '--dport', '123', '-j', 'DROP'], universal_newlines=True, stdout=-1), call(['ip6tables', '-A', 'INPUT', '-p', 'udp', '-s', '2001::15/128', '--dport', '123', '-j', 'DROP'], universal_newlines=True, stdout=-1), call(['ip6tables', '-A', 'INPUT', '-p', 'udp', '-s', '2001::16/128', '--dport', '123', '-j', 'DROP'], universal_newlines=True, stdout=-1), call(['ip6tables', '-A', 'INPUT', '-p', 'udp', '-s', '2001::17/128', '--dport', '123', '-j', 'DROP'], universal_newlines=True, stdout=-1), call(['ip6tables', '-A', 'INPUT', '-p', 'udp', '-s', '2001::18/128', '--dport', '123', '-j', 'DROP'], universal_newlines=True, stdout=-1), call(['ip6tables', '-A', 'INPUT', '-p', 'udp', '-s', '2001::19/128', '--dport', '123', '-j', 'DROP'], universal_newlines=True, stdout=-1), call(['ip6tables', '-A', 'INPUT', '-p', 'udp', '-s', '2001::20/128', '--dport', '123', '-j', 'DROP'], universal_newlines=True, stdout=-1), call(['ip6tables', '-A', 'INPUT', '-p', 'udp', '-s', '2001::21/128', '--dport', '123', '-j', 'DROP'], universal_newlines=True, stdout=-1), call(['ip6tables', '-A', 'INPUT', '-p', 'udp', '-s', '2001::22/128', '--dport', '123', '-j', 'DROP'], universal_newlines=True, stdout=-1), call(['ip6tables', '-A', 'INPUT', '-p', 'udp', '-s', '2001::23/128', '--dport', '123', '-j', 'DROP'], universal_newlines=True, stdout=-1), call(['ip6tables', '-A', 'INPUT', '-p', 'udp', '-s', '2001::24/128', '--dport', '123', '-j', 'DROP'], universal_newlines=True, stdout=-1), call(['ip6tables', '-A', 'INPUT', '-p', 'udp', '-s', '2001::25/128', '--dport', '123', '-j', 'DROP'], universal_newlines=True, stdout=-1), call(['ip6tables', '-A', 'INPUT', '-p', 'udp', '-s', '2001::26/128', '--dport', '123', '-j', 'DROP'], universal_newlines=True, stdout=-1), call(['ip6tables', '-A', 'INPUT', '-p', 'udp', '-s', '2001::27/128', '--dport', '123', '-j', 'DROP'], universal_newlines=True, stdout=-1), call(['ip6tables', '-A', 'INPUT', '-p', 'udp', '-s', '2001::28/128', '--dport', '123', '-j', 'DROP'], universal_newlines=True, stdout=-1), call(['ip6tables', '-A', 'INPUT', '-p', 'udp', '-s', '2001::29/128', '--dport', '123', '-j', 'DROP'], universal_newlines=True, stdout=-1), call(['ip6tables', '-A', 'INPUT', '-p', 'udp', '-s', '2001::30/128', '--dport', '123', '-j', 'DROP'], universal_newlines=True, stdout=-1), call(['ip6tables', '-A', 'INPUT', '-p', 'udp', '-s', '2001::31/128', '--dport', '123', '-j', 'DROP'], universal_newlines=True, stdout=-1), call(['ip6tables', '-A', 'INPUT', '-p', 'udp', '-s', '2001::32/128', '--dport', '123', '-j', 'DROP'], universal_newlines=True, stdout=-1), call(['ip6tables', '-A', 'INPUT', '-p', 'udp', '-s', '2001::33/128', '--dport', '123', '-j', 'DROP'], universal_newlines=True, stdout=-1), call(['ip6tables', '-A', 'INPUT', '-p', 'udp', '-s', '2001::34/128', '--dport', '123', '-j', 'DROP'], universal_newlines=True, stdout=-1), call(['ip6tables', '-A', 'INPUT', '-p', 'udp', '-s', '2001::35/128', '--dport', '123', '-j', 'DROP'], universal_newlines=True, stdout=-1), call(['ip6tables', '-A', 'INPUT', '-p', 'udp', '-s', '2001::36/128', '--dport', '123', '-j', 'DROP'], universal_newlines=True, stdout=-1), call(['ip6tables', '-A', 'INPUT', '-p', 'udp', '-s', '2001::37/128', '--dport', '123', '-j', 'DROP'], universal_newlines=True, stdout=-1), call(['ip6tables', '-A', 'INPUT', '-p', 'udp', '-s', '2001::38/128', '--dport', '123', '-j', 'DROP'], universal_newlines=True, stdout=-1), call(['ip6tables', '-A', 'INPUT', '-p', 'udp', '-s', '2001::39/128', '--dport', '123', '-j', 'DROP'], universal_newlines=True, stdout=-1), call(['ip6tables', '-A', 'INPUT', '-p', 'udp', '-s', '2001::40/128', '--dport', '123', '-j', 'DROP'], universal_newlines=True, stdout=-1), call(['ip6tables', '-A', 'INPUT', '-p', 'udp', '-s', '2001::41/128', '--dport', '123', '-j', 'DROP'], universal_newlines=True, stdout=-1), call(['ip6tables', '-A', 'INPUT', '-p', 'udp', '-s', '2001::42/128', '--dport', '123', '-j', 'DROP'], universal_newlines=True, stdout=-1), call(['ip6tables', '-A', 'INPUT', '-p', 'udp', '-s', '2001::43/128', '--dport', '123', '-j', 'DROP'], universal_newlines=True, stdout=-1), call(['ip6tables', '-A', 'INPUT', '-p', 'udp', '-s', '2001::44/128', '--dport', '123', '-j', 'DROP'], universal_newlines=True, stdout=-1), call(['ip6tables', '-A', 'INPUT', '-p', 'udp', '-s', '2001::45/128', '--dport', '123', '-j', 'DROP'], universal_newlines=True, stdout=-1), call(['ip6tables', '-A', 'INPUT', '-p', 'udp', '-s', '2001::46/128', '--dport', '123', '-j', 'DROP'], universal_newlines=True, stdout=-1), call(['ip6tables', '-A', 'INPUT', '-p', 'udp', '-s', '2001::47/128', '--dport', '123', '-j', 'DROP'], universal_newlines=True, stdout=-1), call(['ip6tables', '-A', 'INPUT', '-p', 'udp', '-s', '2001::48/128', '--dport', '123', '-j', 'DROP'], universal_newlines=True, stdout=-1), call(['ip6tables', '-A', 'INPUT', '-p', 'udp', '-s', '2001::49/128', '--dport', '123', '-j', 'DROP'], universal_newlines=True, stdout=-1), call(['ip6tables', '-A', 'INPUT', '-p', 'udp', '-s', '2001::50/128', '--dport', '123', '-j', 'DROP'], universal_newlines=True, stdout=-1), call(['ip6tables', '-A', 'INPUT', '-p', 'udp', '-s', '2001::51/128', '--dport', '123', '-j', 'DROP'], universal_newlines=True, stdout=-1), call(['ip6tables', '-A', 'INPUT', '-p', 'tcp', '-s', '2001::2/128', '--dport', '161', '-j', 'DROP'], universal_newlines=True, stdout=-1), call(['ip6tables', '-A', 'INPUT', '-p', 'udp', '-s', '2001::2/128', '--dport', '161', '-j', 'DROP'], universal_newlines=True, stdout=-1), call(['ip6tables', '-A', 'INPUT', '-p', 'tcp', '-s', '2001::3/128', '--dport', '161', '-j', 'DROP'], universal_newlines=True, stdout=-1), call(['ip6tables', '-A', 'INPUT', '-p', 'udp', '-s', '2001::3/128', '--dport', '161', '-j', 'DROP'], universal_newlines=True, stdout=-1), call(['ip6tables', '-A', 'INPUT', '-p', 'tcp', '-s', '2001::4/128', '--dport', '161', '-j', 'DROP'], universal_newlines=True, stdout=-1), call(['ip6tables', '-A', 'INPUT', '-p', 'udp', '-s', '2001::4/128', '--dport', '161', '-j', 'DROP'], universal_newlines=True, stdout=-1), call(['ip6tables', '-A', 'INPUT', '-p', 'tcp', '-s', '2001::5/128', '--dport', '161', '-j', 'DROP'], universal_newlines=True, stdout=-1), call(['ip6tables', '-A', 'INPUT', '-p', 'udp', '-s', '2001::5/128', '--dport', '161', '-j', 'DROP'], universal_newlines=True, stdout=-1), call(['ip6tables', '-A', 'INPUT', '-p', 'tcp', '-s', '2001::6/128', '--dport', '161', '-j', 'DROP'], universal_newlines=True, stdout=-1), call(['ip6tables', '-A', 'INPUT', '-p', 'udp', '-s', '2001::6/128', '--dport', '161', '-j', 'DROP'], universal_newlines=True, stdout=-1), call(['ip6tables', '-A', 'INPUT', '-p', 'tcp', '-s', '2001::7/128', '--dport', '161', '-j', 'DROP'], universal_newlines=True, stdout=-1), call(['ip6tables', '-A', 'INPUT', '-p', 'udp', '-s', '2001::7/128', '--dport', '161', '-j', 'DROP'], universal_newlines=True, stdout=-1), call(['ip6tables', '-A', 'INPUT', '-p', 'tcp', '-s', '2001::8/128', '--dport', '161', '-j', 'DROP'], universal_newlines=True, stdout=-1), call(['ip6tables', '-A', 'INPUT', '-p', 'udp', '-s', '2001::8/128', '--dport', '161', '-j', 'DROP'], universal_newlines=True, stdout=-1), call(['ip6tables', '-A', 'INPUT', '-p', 'tcp', '-s', '2001::9/128', '--dport', '161', '-j', 'DROP'], universal_newlines=True, stdout=-1), call(['ip6tables', '-A', 'INPUT', '-p', 'udp', '-s', '2001::9/128', '--dport', '161', '-j', 'DROP'], universal_newlines=True, stdout=-1), call(['ip6tables', '-A', 'INPUT', '-p', 'tcp', '-s', '2001::10/128', '--dport', '161', '-j', 'DROP'], universal_newlines=True, stdout=-1), call(['ip6tables', '-A', 'INPUT', '-p', 'udp', '-s', '2001::10/128', '--dport', '161', '-j', 'DROP'], universal_newlines=True, stdout=-1), call(['ip6tables', '-A', 'INPUT', '-p', 'tcp', '-s', '2001::11/128', '--dport', '161', '-j', 'DROP'], universal_newlines=True, stdout=-1), call(['ip6tables', '-A', 'INPUT', '-p', 'udp', '-s', '2001::11/128', '--dport', '161', '-j', 'DROP'], universal_newlines=True, stdout=-1), call(['ip6tables', '-A', 'INPUT', '-p', 'tcp', '-s', '2001::12/128', '--dport', '161', '-j', 'DROP'], universal_newlines=True, stdout=-1), call(['ip6tables', '-A', 'INPUT', '-p', 'udp', '-s', '2001::12/128', '--dport', '161', '-j', 'DROP'], universal_newlines=True, stdout=-1), call(['ip6tables', '-A', 'INPUT', '-p', 'tcp', '-s', '2001::13/128', '--dport', '161', '-j', 'DROP'], universal_newlines=True, stdout=-1), call(['ip6tables', '-A', 'INPUT', '-p', 'udp', '-s', '2001::13/128', '--dport', '161', '-j', 'DROP'], universal_newlines=True, stdout=-1), call(['ip6tables', '-A', 'INPUT', '-p', 'tcp', '-s', '2001::14/128', '--dport', '161', '-j', 'DROP'], universal_newlines=True, stdout=-1), call(['ip6tables', '-A', 'INPUT', '-p', 'udp', '-s', '2001::14/128', '--dport', '161', '-j', 'DROP'], universal_newlines=True, stdout=-1), call(['ip6tables', '-A', 'INPUT', '-p', 'tcp', '-s', '2001::15/128', '--dport', '161', '-j', 'DROP'], universal_newlines=True, stdout=-1), call(['ip6tables', '-A', 'INPUT', '-p', 'udp', '-s', '2001::15/128', '--dport', '161', '-j', 'DROP'], universal_newlines=True, stdout=-1), call(['ip6tables', '-A', 'INPUT', '-p', 'tcp', '-s', '2001::16/128', '--dport', '161', '-j', 'DROP'], universal_newlines=True, stdout=-1), call(['ip6tables', '-A', 'INPUT', '-p', 'udp', '-s', '2001::16/128', '--dport', '161', '-j', 'DROP'], universal_newlines=True, stdout=-1), call(['ip6tables', '-A', 'INPUT', '-p', 'tcp', '-s', '2001::17/128', '--dport', '161', '-j', 'DROP'], universal_newlines=True, stdout=-1), call(['ip6tables', '-A', 'INPUT', '-p', 'udp', '-s', '2001::17/128', '--dport', '161', '-j', 'DROP'], universal_newlines=True, stdout=-1), call(['ip6tables', '-A', 'INPUT', '-p', 'tcp', '-s', '2001::18/128', '--dport', '161', '-j', 'DROP'], universal_newlines=True, stdout=-1), call(['ip6tables', '-A', 'INPUT', '-p', 'udp', '-s', '2001::18/128', '--dport', '161', '-j', 'DROP'], universal_newlines=True, stdout=-1), call(['ip6tables', '-A', 'INPUT', '-p', 'tcp', '-s', '2001::19/128', '--dport', '161', '-j', 'DROP'], universal_newlines=True, stdout=-1), call(['ip6tables', '-A', 'INPUT', '-p', 'udp', '-s', '2001::19/128', '--dport', '161', '-j', 'DROP'], universal_newlines=True, stdout=-1), call(['ip6tables', '-A', 'INPUT', '-p', 'tcp', '-s', '2001::20/128', '--dport', '161', '-j', 'DROP'], universal_newlines=True, stdout=-1), call(['ip6tables', '-A', 'INPUT', '-p', 'udp', '-s', '2001::20/128', '--dport', '161', '-j', 'DROP'], universal_newlines=True, stdout=-1), call(['ip6tables', '-A', 'INPUT', '-p', 'tcp', '-s', '2001::21/128', '--dport', '161', '-j', 'DROP'], universal_newlines=True, stdout=-1), call(['ip6tables', '-A', 'INPUT', '-p', 'udp', '-s', '2001::21/128', '--dport', '161', '-j', 'DROP'], universal_newlines=True, stdout=-1), call(['ip6tables', '-A', 'INPUT', '-p', 'tcp', '-s', '2001::22/128', '--dport', '161', '-j', 'DROP'], universal_newlines=True, stdout=-1), call(['ip6tables', '-A', 'INPUT', '-p', 'udp', '-s', '2001::22/128', '--dport', '161', '-j', 'DROP'], universal_newlines=True, stdout=-1), call(['ip6tables', '-A', 'INPUT', '-p', 'tcp', '-s', '2001::23/128', '--dport', '161', '-j', 'DROP'], universal_newlines=True, stdout=-1), call(['ip6tables', '-A', 'INPUT', '-p', 'udp', '-s', '2001::23/128', '--dport', '161', '-j', 'DROP'], universal_newlines=True, stdout=-1), call(['ip6tables', '-A', 'INPUT', '-p', 'tcp', '-s', '2001::24/128', '--dport', '161', '-j', 'DROP'], universal_newlines=True, stdout=-1), call(['ip6tables', '-A', 'INPUT', '-p', 'udp', '-s', '2001::24/128', '--dport', '161', '-j', 'DROP'], universal_newlines=True, stdout=-1), call(['ip6tables', '-A', 'INPUT', '-p', 'tcp', '-s', '2001::25/128', '--dport', '161', '-j', 'DROP'], universal_newlines=True, stdout=-1), call(['ip6tables', '-A', 'INPUT', '-p', 'udp', '-s', '2001::25/128', '--dport', '161', '-j', 'DROP'], universal_newlines=True, stdout=-1), call(['ip6tables', '-A', 'INPUT', '-p', 'tcp', '-s', '2001::26/128', '--dport', '161', '-j', 'DROP'], universal_newlines=True, stdout=-1), call(['ip6tables', '-A', 'INPUT', '-p', 'udp', '-s', '2001::26/128', '--dport', '161', '-j', 'DROP'], universal_newlines=True, stdout=-1), call(['ip6tables', '-A', 'INPUT', '-p', 'tcp', '-s', '2001::27/128', '--dport', '161', '-j', 'DROP'], universal_newlines=True, stdout=-1), call(['ip6tables', '-A', 'INPUT', '-p', 'udp', '-s', '2001::27/128', '--dport', '161', '-j', 'DROP'], universal_newlines=True, stdout=-1), call(['ip6tables', '-A', 'INPUT', '-p', 'tcp', '-s', '2001::28/128', '--dport', '161', '-j', 'DROP'], universal_newlines=True, stdout=-1), call(['ip6tables', '-A', 'INPUT', '-p', 'udp', '-s', '2001::28/128', '--dport', '161', '-j', 'DROP'], universal_newlines=True, stdout=-1), call(['ip6tables', '-A', 'INPUT', '-p', 'tcp', '-s', '2001::29/128', '--dport', '161', '-j', 'DROP'], universal_newlines=True, stdout=-1), call(['ip6tables', '-A', 'INPUT', '-p', 'udp', '-s', '2001::29/128', '--dport', '161', '-j', 'DROP'], universal_newlines=True, stdout=-1), call(['ip6tables', '-A', 'INPUT', '-p', 'tcp', '-s', '2001::30/128', '--dport', '161', '-j', 'DROP'], universal_newlines=True, stdout=-1), call(['ip6tables', '-A', 'INPUT', '-p', 'udp', '-s', '2001::30/128', '--dport', '161', '-j', 'DROP'], universal_newlines=True, stdout=-1), call(['ip6tables', '-A', 'INPUT', '-p', 'tcp', '-s', '2001::31/128', '--dport', '161', '-j', 'DROP'], universal_newlines=True, stdout=-1), call(['ip6tables', '-A', 'INPUT', '-p', 'udp', '-s', '2001::31/128', '--dport', '161', '-j', 'DROP'], universal_newlines=True, stdout=-1), call(['ip6tables', '-A', 'INPUT', '-p', 'tcp', '-s', '2001::32/128', '--dport', '161', '-j', 'DROP'], universal_newlines=True, stdout=-1), call(['ip6tables', '-A', 'INPUT', '-p', 'udp', '-s', '2001::32/128', '--dport', '161', '-j', 'DROP'], universal_newlines=True, stdout=-1), call(['ip6tables', '-A', 'INPUT', '-p', 'tcp', '-s', '2001::33/128', '--dport', '161', '-j', 'DROP'], universal_newlines=True, stdout=-1), call(['ip6tables', '-A', 'INPUT', '-p', 'udp', '-s', '2001::33/128', '--dport', '161', '-j', 'DROP'], universal_newlines=True, stdout=-1), call(['ip6tables', '-A', 'INPUT', '-p', 'tcp', '-s', '2001::34/128', '--dport', '161', '-j', 'DROP'], universal_newlines=True, stdout=-1), call(['ip6tables', '-A', 'INPUT', '-p', 'udp', '-s', '2001::34/128', '--dport', '161', '-j', 'DROP'], universal_newlines=True, stdout=-1), call(['ip6tables', '-A', 'INPUT', '-p', 'tcp', '-s', '2001::35/128', '--dport', '161', '-j', 'DROP'], universal_newlines=True, stdout=-1), call(['ip6tables', '-A', 'INPUT', '-p', 'udp', '-s', '2001::35/128', '--dport', '161', '-j', 'DROP'], universal_newlines=True, stdout=-1), call(['ip6tables', '-A', 'INPUT', '-p', 'tcp', '-s', '2001::36/128', '--dport', '161', '-j', 'DROP'], universal_newlines=True, stdout=-1), call(['ip6tables', '-A', 'INPUT', '-p', 'udp', '-s', '2001::36/128', '--dport', '161', '-j', 'DROP'], universal_newlines=True, stdout=-1), call(['ip6tables', '-A', 'INPUT', '-p', 'tcp', '-s', '2001::37/128', '--dport', '161', '-j', 'DROP'], universal_newlines=True, stdout=-1), call(['ip6tables', '-A', 'INPUT', '-p', 'udp', '-s', '2001::37/128', '--dport', '161', '-j', 'DROP'], universal_newlines=True, stdout=-1), call(['ip6tables', '-A', 'INPUT', '-p', 'tcp', '-s', '2001::38/128', '--dport', '161', '-j', 'DROP'], universal_newlines=True, stdout=-1), call(['ip6tables', '-A', 'INPUT', '-p', 'udp', '-s', '2001::38/128', '--dport', '161', '-j', 'DROP'], universal_newlines=True, stdout=-1), call(['ip6tables', '-A', 'INPUT', '-p', 'tcp', '-s', '2001::39/128', '--dport', '161', '-j', 'DROP'], universal_newlines=True, stdout=-1), call(['ip6tables', '-A', 'INPUT', '-p', 'udp', '-s', '2001::39/128', '--dport', '161', '-j', 'DROP'], universal_newlines=True, stdout=-1), call(['ip6tables', '-A', 'INPUT', '-p', 'tcp', '-s', '2001::40/128', '--dport', '161', '-j', 'DROP'], universal_newlines=True, stdout=-1), call(['ip6tables', '-A', 'INPUT', '-p', 'udp', '-s', '2001::40/128', '--dport', '161', '-j', 'DROP'], universal_newlines=True, stdout=-1), call(['ip6tables', '-A', 'INPUT', '-p', 'tcp', '-s', '2001::41/128', '--dport', '161', '-j', 'DROP'], universal_newlines=True, stdout=-1), call(['ip6tables', '-A', 'INPUT', '-p', 'udp', '-s', '2001::41/128', '--dport', '161', '-j', 'DROP'], universal_newlines=True, stdout=-1), call(['ip6tables', '-A', 'INPUT', '-p', 'tcp', '-s', '2001::42/128', '--dport', '161', '-j', 'DROP'], universal_newlines=True, stdout=-1), call(['ip6tables', '-A', 'INPUT', '-p', 'udp', '-s', '2001::42/128', '--dport', '161', '-j', 'DROP'], universal_newlines=True, stdout=-1), call(['ip6tables', '-A', 'INPUT', '-p', 'tcp', '-s', '2001::43/128', '--dport', '161', '-j', 'DROP'], universal_newlines=True, stdout=-1), call(['ip6tables', '-A', 'INPUT', '-p', 'udp', '-s', '2001::43/128', '--dport', '161', '-j', 'DROP'], universal_newlines=True, stdout=-1), call(['ip6tables', '-A', 'INPUT', '-p', 'tcp', '-s', '2001::44/128', '--dport', '161', '-j', 'DROP'], universal_newlines=True, stdout=-1), call(['ip6tables', '-A', 'INPUT', '-p', 'udp', '-s', '2001::44/128', '--dport', '161', '-j', 'DROP'], universal_newlines=True, stdout=-1), call(['ip6tables', '-A', 'INPUT', '-p', 'tcp', '-s', '2001::45/128', '--dport', '161', '-j', 'DROP'], universal_newlines=True, stdout=-1), call(['ip6tables', '-A', 'INPUT', '-p', 'udp', '-s', '2001::45/128', '--dport', '161', '-j', 'DROP'], universal_newlines=True, stdout=-1), call(['ip6tables', '-A', 'INPUT', '-p', 'tcp', '-s', '2001::46/128', '--dport', '161', '-j', 'DROP'], universal_newlines=True, stdout=-1), call(['ip6tables', '-A', 'INPUT', '-p', 'udp', '-s', '2001::46/128', '--dport', '161', '-j', 'DROP'], universal_newlines=True, stdout=-1), call(['ip6tables', '-A', 'INPUT', '-p', 'tcp', '-s', '2001::47/128', '--dport', '161', '-j', 'DROP'], universal_newlines=True, stdout=-1), call(['ip6tables', '-A', 'INPUT', '-p', 'udp', '-s', '2001::47/128', '--dport', '161', '-j', 'DROP'], universal_newlines=True, stdout=-1), call(['ip6tables', '-A', 'INPUT', '-p', 'tcp', '-s', '2001::48/128', '--dport', '161', '-j', 'DROP'], universal_newlines=True, stdout=-1), call(['ip6tables', '-A', 'INPUT', '-p', 'udp', '-s', '2001::48/128', '--dport', '161', '-j', 'DROP'], universal_newlines=True, stdout=-1), call(['ip6tables', '-A', 'INPUT', '-p', 'tcp', '-s', '2001::49/128', '--dport', '161', '-j', 'DROP'], universal_newlines=True, stdout=-1), call(['ip6tables', '-A', 'INPUT', '-p', 'udp', '-s', '2001::49/128', '--dport', '161', '-j', 'DROP'], universal_newlines=True, stdout=-1), call(['ip6tables', '-A', 'INPUT', '-p', 'tcp', '-s', '2001::50/128', '--dport', '161', '-j', 'DROP'], universal_newlines=True, stdout=-1), call(['ip6tables', '-A', 'INPUT', '-p', 'udp', '-s', '2001::50/128', '--dport', '161', '-j', 'DROP'], universal_newlines=True, stdout=-1), call(['ip6tables', '-A', 'INPUT', '-p', 'tcp', '-s', '2001::51/128', '--dport', '161', '-j', 'DROP'], universal_newlines=True, stdout=-1), call(['ip6tables', '-A', 'INPUT', '-p', 'udp', '-s', '2001::51/128', '--dport', '161', '-j', 'DROP'], universal_newlines=True, stdout=-1), call(['ip6tables', '-A', 'INPUT', '-p', 'tcp', '-s', '2001::2/128', '--dport', '22', '-j', 'DROP'], universal_newlines=True, stdout=-1), call(['ip6tables', '-A', 'INPUT', '-p', 'tcp', '-s', '2001::3/128', '--dport', '22', '-j', 'DROP'], universal_newlines=True, stdout=-1), call(['ip6tables', '-A', 'INPUT', '-p', 'tcp', '-s', '2001::4/128', '--dport', '22', '-j', 'DROP'], universal_newlines=True, stdout=-1), call(['ip6tables', '-A', 'INPUT', '-p', 'tcp', '-s', '2001::5/128', '--dport', '22', '-j', 'DROP'], universal_newlines=True, stdout=-1), call(['ip6tables', '-A', 'INPUT', '-p', 'tcp', '-s', '2001::6/128', '--dport', '22', '-j', 'DROP'], universal_newlines=True, stdout=-1), call(['ip6tables', '-A', 'INPUT', '-p', 'tcp', '-s', '2001::7/128', '--dport', '22', '-j', 'DROP'], universal_newlines=True, stdout=-1), call(['ip6tables', '-A', 'INPUT', '-p', 'tcp', '-s', '2001::8/128', '--dport', '22', '-j', 'DROP'], universal_newlines=True, stdout=-1), call(['ip6tables', '-A', 'INPUT', '-p', 'tcp', '-s', '2001::9/128', '--dport', '22', '-j', 'DROP'], universal_newlines=True, stdout=-1), call(['ip6tables', '-A', 'INPUT', '-p', 'tcp', '-s', '2001::10/128', '--dport', '22', '-j', 'DROP'], universal_newlines=True, stdout=-1), call(['ip6tables', '-A', 'INPUT', '-p', 'tcp', '-s', '2001::11/128', '--dport', '22', '-j', 'DROP'], universal_newlines=True, stdout=-1), call(['ip6tables', '-A', 'INPUT', '-p', 'tcp', '-s', '2001::12/128', '--dport', '22', '-j', 'DROP'], universal_newlines=True, stdout=-1), call(['ip6tables', '-A', 'INPUT', '-p', 'tcp', '-s', '2001::13/128', '--dport', '22', '-j', 'DROP'], universal_newlines=True, stdout=-1), call(['ip6tables', '-A', 'INPUT', '-p', 'tcp', '-s', '2001::14/128', '--dport', '22', '-j', 'DROP'], universal_newlines=True, stdout=-1), call(['ip6tables', '-A', 'INPUT', '-p', 'tcp', '-s', '2001::15/128', '--dport', '22', '-j', 'DROP'], universal_newlines=True, stdout=-1), call(['ip6tables', '-A', 'INPUT', '-p', 'tcp', '-s', '2001::16/128', '--dport', '22', '-j', 'DROP'], universal_newlines=True, stdout=-1), call(['ip6tables', '-A', 'INPUT', '-p', 'tcp', '-s', '2001::17/128', '--dport', '22', '-j', 'DROP'], universal_newlines=True, stdout=-1), call(['ip6tables', '-A', 'INPUT', '-p', 'tcp', '-s', '2001::18/128', '--dport', '22', '-j', 'DROP'], universal_newlines=True, stdout=-1), call(['ip6tables', '-A', 'INPUT', '-p', 'tcp', '-s', '2001::19/128', '--dport', '22', '-j', 'DROP'], universal_newlines=True, stdout=-1), call(['ip6tables', '-A', 'INPUT', '-p', 'tcp', '-s', '2001::20/128', '--dport', '22', '-j', 'DROP'], universal_newlines=True, stdout=-1), call(['ip6tables', '-A', 'INPUT', '-p', 'tcp', '-s', '2001::21/128', '--dport', '22', '-j', 'DROP'], universal_newlines=True, stdout=-1), call(['ip6tables', '-A', 'INPUT', '-p', 'tcp', '-s', '2001::22/128', '--dport', '22', '-j', 'DROP'], universal_newlines=True, stdout=-1), call(['ip6tables', '-A', 'INPUT', '-p', 'tcp', '-s', '2001::23/128', '--dport', '22', '-j', 'DROP'], universal_newlines=True, stdout=-1), call(['ip6tables', '-A', 'INPUT', '-p', 'tcp', '-s', '2001::24/128', '--dport', '22', '-j', 'DROP'], universal_newlines=True, stdout=-1), call(['ip6tables', '-A', 'INPUT', '-p', 'tcp', '-s', '2001::25/128', '--dport', '22', '-j', 'DROP'], universal_newlines=True, stdout=-1), call(['ip6tables', '-A', 'INPUT', '-p', 'tcp', '-s', '2001::26/128', '--dport', '22', '-j', 'DROP'], universal_newlines=True, stdout=-1), call(['ip6tables', '-A', 'INPUT', '-p', 'tcp', '-s', '2001::27/128', '--dport', '22', '-j', 'DROP'], universal_newlines=True, stdout=-1), call(['ip6tables', '-A', 'INPUT', '-p', 'tcp', '-s', '2001::28/128', '--dport', '22', '-j', 'DROP'], universal_newlines=True, stdout=-1), call(['ip6tables', '-A', 'INPUT', '-p', 'tcp', '-s', '2001::29/128', '--dport', '22', '-j', 'DROP'], universal_newlines=True, stdout=-1), call(['ip6tables', '-A', 'INPUT', '-p', 'tcp', '-s', '2001::30/128', '--dport', '22', '-j', 'DROP'], universal_newlines=True, stdout=-1), call(['ip6tables', '-A', 'INPUT', '-p', 'tcp', '-s', '2001::31/128', '--dport', '22', '-j', 'DROP'], universal_newlines=True, stdout=-1), call(['ip6tables', '-A', 'INPUT', '-p', 'tcp', '-s', '2001::32/128', '--dport', '22', '-j', 'DROP'], universal_newlines=True, stdout=-1), call(['ip6tables', '-A', 'INPUT', '-p', 'tcp', '-s', '2001::33/128', '--dport', '22', '-j', 'DROP'], universal_newlines=True, stdout=-1), call(['ip6tables', '-A', 'INPUT', '-p', 'tcp', '-s', '2001::34/128', '--dport', '22', '-j', 'DROP'], universal_newlines=True, stdout=-1), call(['ip6tables', '-A', 'INPUT', '-p', 'tcp', '-s', '2001::35/128', '--dport', '22', '-j', 'DROP'], universal_newlines=True, stdout=-1), call(['ip6tables', '-A', 'INPUT', '-p', 'tcp', '-s', '2001::36/128', '--dport', '22', '-j', 'DROP'], universal_newlines=True, stdout=-1), call(['ip6tables', '-A', 'INPUT', '-p', 'tcp', '-s', '2001::37/128', '--dport', '22', '-j', 'DROP'], universal_newlines=True, stdout=-1), call(['ip6tables', '-A', 'INPUT', '-p', 'tcp', '-s', '2001::38/128', '--dport', '22', '-j', 'DROP'], universal_newlines=True, stdout=-1), call(['ip6tables', '-A', 'INPUT', '-p', 'tcp', '-s', '2001::39/128', '--dport', '22', '-j', 'DROP'], universal_newlines=True, stdout=-1), call(['ip6tables', '-A', 'INPUT', '-p', 'tcp', '-s', '2001::40/128', '--dport', '22', '-j', 'DROP'], universal_newlines=True, stdout=-1), call(['ip6tables', '-A', 'INPUT', '-p', 'tcp', '-s', '2001::41/128', '--dport', '22', '-j', 'DROP'], universal_newlines=True, stdout=-1), call(['ip6tables', '-A', 'INPUT', '-p', 'tcp', '-s', '2001::42/128', '--dport', '22', '-j', 'DROP'], universal_newlines=True, stdout=-1), call(['ip6tables', '-A', 'INPUT', '-p', 'tcp', '-s', '2001::43/128', '--dport', '22', '-j', 'DROP'], universal_newlines=True, stdout=-1), call(['ip6tables', '-A', 'INPUT', '-p', 'tcp', '-s', '2001::44/128', '--dport', '22', '-j', 'DROP'], universal_newlines=True, stdout=-1), call(['ip6tables', '-A', 'INPUT', '-p', 'tcp', '-s', '2001::45/128', '--dport', '22', '-j', 'DROP'], universal_newlines=True, stdout=-1), call(['ip6tables', '-A', 'INPUT', '-p', 'tcp', '-s', '2001::46/128', '--dport', '22', '-j', 'DROP'], universal_newlines=True, stdout=-1), call(['ip6tables', '-A', 'INPUT', '-p', 'tcp', '-s', '2001::47/128', '--dport', '22', '-j', 'DROP'], universal_newlines=True, stdout=-1), call(['ip6tables', '-A', 'INPUT', '-p', 'tcp', '-s', '2001::48/128', '--dport', '22', '-j', 'DROP'], universal_newlines=True, stdout=-1), call(['ip6tables', '-A', 'INPUT', '-p', 'tcp', '-s', '2001::49/128', '--dport', '22', '-j', 'DROP'], universal_newlines=True, stdout=-1), call(['ip6tables', '-A', 'INPUT', '-p', 'tcp', '-s', '2001::50/128', '--dport', '22', '-j', 'DROP'], universal_newlines=True, stdout=-1), call(['ip6tables', '-A', 'INPUT', '-p', 'tcp', '-s', '2001::51/128', '--dport', '22', '-j', 'DROP'], universal_newlines=True, stdout=-1)) in its call list, found [] instead
FAILED tests/caclmgrd/caclmgrd_vxlan_test.py::TestCaclmgrdVxlan::test_caclmgrd_vxlan_0_VXLAN_TUNNEL_TEST_V4 - AssertionError: 'Popen' does not contain all of (call(['iptables', '-I', 'INPUT', '2', '-p', 'udp', '-d', '10.1.1.1', '--dport', '4789', '-j', 'ACCEPT', '!', '-i', 'eth0'], universal_newlines=True, stdout=-1),) in its call list, found [] instead
FAILED tests/caclmgrd/caclmgrd_vxlan_test.py::TestCaclmgrdVxlan::test_caclmgrd_vxlan_1_VXLAN_TUNNEL_TEST_V6 - AssertionError: 'Popen' does not contain all of (call(['ip6tables', '-I', 'INPUT', '2', '-p', 'udp', '-d', '2001::1', '--dport', '4789', '-j', 'ACCEPT', '!', '-i', 'eth0'], universal_newlines=True, stdout=-1),) in its call list, found [] instead
FAILED tests/determine-reboot-cause_test.py::TestDetermineRebootCause::test_determine_reboot_cause_main_without_reboot_cause_dir - OSError: Failed to locate platform directory
FAILED tests/determine-reboot-cause_test.py::TestDetermineRebootCause::test_determine_reboot_cause_main_with_reboot_cause_dir - OSError: Failed to locate platform directory
FAILED tests/featured/featured_test.py::TestFeatureHandler::test_enable_and_disable_feature_ExclusionList_skips_actions - OSError: Failed to locate platform directory
FAILED tests/featured/featured_test.py::TestFeatureHandler::test_feature_resync - OSError: Failed to locate platform directory
FAILED tests/featured/featured_test.py::TestFeatureHandler::test_handler_00_DualTorCase - OSError: Failed to locate platform directory
FAILED tests/featured/featured_test.py::TestFeatureHandler::test_handler_01_SingleToRCase - OSError: Failed to locate platform directory
FAILED tests/featured/featured_test.py::TestFeatureHandler::test_handler_02_T1Case - OSError: Failed to locate platform directory
FAILED tests/featured/featured_test.py::TestFeatureHandler::test_handler_03_SingleToRCase_DHCP_Relay_Enabled - OSError: Failed to locate platform directory
FAILED tests/featured/featured_test.py::TestFeatureHandler::test_handler_04_DualTorCaseWithNoSystemCalls - OSError: Failed to locate platform directory
FAILED tests/featured/featured_test.py::TestFeatureHandler::test_handler_05_Chassis_Supervisor_PACKET - OSError: Failed to locate platform directory
FAILED tests/featured/featured_test.py::TestFeatureHandler::test_handler_06_Chassis_Supervisor_VOQ - OSError: Failed to locate platform directory
FAILED tests/featured/featured_test.py::TestFeatureHandler::test_handler_07_Chassis_LineCard_VOQ - OSError: Failed to locate platform directory
FAILED tests/featured/featured_test.py::TestFeatureHandler::test_handler_08_Chassis_LineCard_Packet - OSError: Failed to locate platform directory
FAILED tests/featured/featured_test.py::TestFeatureHandler::test_handler_09_Chassis_Supervisor_PACKET_multinpu - OSError: Failed to locate platform directory
FAILED tests/featured/featured_test.py::TestFeatureHandler::test_handler_10_Chassis_LineCard_VOQ_multinpu - OSError: Failed to locate platform directory
FAILED tests/featured/featured_test.py::TestFeatureHandler::test_port_init_done_twice - OSError: Failed to locate platform directory
FAILED tests/featured/featured_test.py::TestFeatureHandler::test_sync_feature_scope_conditional_write - OSError: Failed to locate platform directory
FAILED tests/featured/featured_test.py::TestFeatureHandler::test_sync_feature_scope_namespace_dbs - OSError: Failed to locate platform directory
FAILED tests/featured/featured_test.py::TestFeatureHandler::test_sync_state_field_00_DualTorCase - OSError: Failed to locate platform directory
FAILED tests/featured/featured_test.py::TestFeatureHandler::test_sync_state_field_01_SingleToRCase - OSError: Failed to locate platform directory
FAILED tests/featured/featured_test.py::TestFeatureHandler::test_sync_state_field_02_T1Case - OSError: Failed to locate platform directory
FAILED tests/featured/featured_test.py::TestFeatureHandler::test_sync_state_field_03_SingleToRCase_DHCP_Relay_Enabled - OSError: Failed to locate platform directory
FAILED tests/featured/featured_test.py::TestFeatureHandler::test_sync_state_field_04_DualTorCaseWithNoSystemCalls - OSError: Failed to locate platform directory
FAILED tests/featured/featured_test.py::TestFeatureHandler::test_sync_state_field_05_Chassis_Supervisor_PACKET - OSError: Failed to locate platform directory
FAILED tests/featured/featured_test.py::TestFeatureHandler::test_sync_state_field_06_Chassis_Supervisor_VOQ - OSError: Failed to locate platform directory
FAILED tests/featured/featured_test.py::TestFeatureHandler::test_sync_state_field_07_Chassis_LineCard_VOQ - OSError: Failed to locate platform directory
FAILED tests/featured/featured_test.py::TestFeatureHandler::test_sync_state_field_08_Chassis_LineCard_Packet - OSError: Failed to locate platform directory
FAILED tests/featured/featured_test.py::TestFeatureHandler::test_sync_state_field_09_Chassis_Supervisor_PACKET_multinpu - OSError: Failed to locate platform directory
FAILED tests/featured/featured_test.py::TestFeatureHandler::test_sync_state_field_10_Chassis_LineCard_VOQ_multinpu - OSError: Failed to locate platform directory
FAILED tests/featured/featured_test.py::TestHandlerDeregistration::test_handler_deregister_cleans_namespace_dbs - OSError: Failed to locate platform directory
FAILED tests/featured/featured_test.py::TestResyncFeatureStateNamespace::test_namespace_concrete_user_state_preserved - OSError: Failed to locate platform directory
FAILED tests/featured/featured_test.py::TestResyncFeatureStateNamespace::test_namespace_immutable_state_forced - OSError: Failed to locate platform directory
FAILED tests/featured/featured_test.py::TestResyncFeatureStateNamespace::test_namespace_missing_state_repopulated - OSError: Failed to locate platform directory
FAILED tests/featured/featured_test.py::TestResyncFeatureStateNamespace::test_namespace_template_rendered_when_host_matches - OSError: Failed to locate platform directory
FAILED tests/featured/featured_test.py::TestResyncFeatureStateNamespace::test_namespace_valid_state_not_overwritten - OSError: Failed to locate platform directory
FAILED tests/featured/featured_test.py::TestHandlerReregistration::test_deregister_then_register_restores_namespace_state - OSError: Failed to locate platform directory
FAILED tests/featured/featured_test.py::TestFeatureDaemon::test_advanced_reboot - OSError: Failed to locate platform directory
FAILED tests/featured/featured_test.py::TestFeatureDaemon::test_delayed_service - OSError: Failed to locate platform directory
FAILED tests/featured/featured_test.py::TestFeatureDaemon::test_feature_events - OSError: Failed to locate platform directory
FAILED tests/featured/featured_test.py::TestFeatureDaemon::test_portinit_timeout - OSError: Failed to locate platform directory
FAILED tests/featured/featured_test.py::TestFeatureDaemon::test_systemctl_command_failure - OSError: Failed to locate platform directory
FAILED tests/featured/featured_test.py::TestWaitForServiceStable::test_disable_feature_calls_wait_for_service_stable - OSError: Failed to locate platform directory
FAILED tests/featured/featured_test.py::TestWaitForServiceStable::test_service_activating_timeout - OSError: Failed to locate platform directory
FAILED tests/featured/featured_test.py::TestWaitForServiceStable::test_service_already_active - OSError: Failed to locate platform directory
FAILED tests/featured/featured_test.py::TestWaitForServiceStable::test_service_failed - OSError: Failed to locate platform directory
FAILED tests/featured/featured_test.py::TestWaitForServiceStable::test_service_inactive - OSError: Failed to locate platform directory
FAILED tests/featured/featured_test.py::TestWaitForServiceStable::test_service_transitions_from_activating_to_active - OSError: Failed to locate platform directory
FAILED tests/hostcfgd/hostcfgd_fips_test.py::TestHostcfgdFIPS::test_hostcfgd_fips_disable - KeyError: 'KDUMP'
FAILED tests/hostcfgd/hostcfgd_fips_test.py::TestHostcfgdFIPS::test_hostcfgd_fips_enable - KeyError: 'KDUMP'
FAILED tests/hostcfgd/hostcfgd_fips_test.py::TestHostcfgdFIPS::test_hostcfgd_fips_enforce - KeyError: 'KDUMP'
FAILED tests/hostcfgd/hostcfgd_fips_test.py::TestHostcfgdFIPS::test_hostcfgd_fips_enforce_reconf - KeyError: 'KDUMP'
FAILED tests/hostcfgd/hostcfgd_logging_test.py::TestHostcfgLogging::test_rsyslog_handle_modified - KeyError: 'KDUMP'
FAILED tests/hostcfgd/hostcfgd_rsyslog_test.py::TestHostcfgdRSyslog::test_rsyslog_handle_add_server - KeyError: 'KDUMP'
FAILED tests/hostcfgd/hostcfgd_rsyslog_test.py::TestHostcfgdRSyslog::test_rsyslog_handle_change_global - KeyError: 'KDUMP'
FAILED tests/hostcfgd/hostcfgd_rsyslog_test.py::TestHostcfgdRSyslog::test_rsyslog_handle_change_server - KeyError: 'KDUMP'
FAILED tests/hostcfgd/hostcfgd_rsyslog_test.py::TestHostcfgdRSyslog::test_rsyslog_handle_empty - KeyError: 'KDUMP'
FAILED tests/hostcfgd/hostcfgd_rsyslog_test.py::TestHostcfgdRSyslog::test_rsyslog_handle_the_same_config - KeyError: 'KDUMP'
FAILED tests/hostcfgd/hostcfgd_test.py::TestHostcfgdDaemon::test_kdump_event - AssertionError: 'check_call' does not contain all of (call(['sonic-kdump-config', '--disable']), call(['sonic-kdump-config', '--memory', '0M-2G:256M,2G-4G:320M,4G-8G:384M,8G-16G:448M,16G-32G:768M,32G-:1G'])) in its call list, found [call(['sonic-kdump-config', '--enable']), call(['sonic-kdump-config', '--memory', '0M-2G:0M,2G-4G:256M,4G-64G:384M,64G-512G:512M,512G-:1G'])] instead
FAILED tests/hostcfgd/hostcfgd_test.py::TestHostcfgdDaemon::test_kdump_load - AssertionError: 'check_call' does not contain all of (call(['sonic-kdump-config', '--enable']), call(['sonic-kdump-config', '--num_dumps', '3']), call(['sonic-kdump-config', '--memory', '0M-2G:256M,2G-4G:320M,4G-8G:384M,8G-16G:448M,16G-32G:768M,32G-:1G']), call(['sonic-kdump-config', '--remote']), call(['sonic-kdump-config', '--ssh_string', 'user@localhost']), call(['sonic-kdump-config', '--ssh_path', '/a/b/c'])) in its call list, found [] instead
FAILED tests/hostcfgd/hostcfgd_test.py::TestMemoryStatisticsCfgd::test_memory_statistics_handler_exception - KeyError: 'KDUMP'
============ 86 failed, 559 passed, 15 warnings in 96.05s (0:01:36) ============
[  FAIL LOG END  ] [ target/python-wheels/trixie/sonic_host_services-1.0-py3-none-any.whl ]
make: *** [slave.mk:1164: target/python-wheels/trixie/sonic_host_services-1.0-py3-none-any.whl] Error 1
make: *** Waiting for unfinished jobs....
[ finished ] [ target/docker-bmp-watchdog.gz ] 
[ finished ] [ target/docker-dhcp-relay.gz ] 
[ finished ] [ target/debs/trixie/p4lang-p4c_1.2.4.2-2_amd64.deb ] 
make[1]: *** [Makefile.work:751: target/sonic-vs.bin] Error 2
make[1]: Leaving directory '/data/sonic/sonic-dzf-time-measure'
make: *** [Makefile:50: target/sonic-vs.bin] Error 2
