+++ --- Making target/sonic-vs.bin --- +++
./scripts/run_with_retry make BLDENV=trixie -f Makefile.work target/sonic-vs.bin
make[1]: Entering directory '/data/sonic/sonic-dzf-time-measure'
sudo: timed out
"SECURE_UPGRADE_PROD_SIGNING_TOOL": ""
/data/sonic/sonic-dzf-time-measure/src/sonic-build-hooks /data/sonic/sonic-dzf-time-measure
make[2]: Entering directory '/data/sonic/sonic-dzf-time-measure/src/sonic-build-hooks'
dpkg-deb: warning: root directory tmp/sonic-build-hooks has unusual owner or group 17388989:983
dpkg-deb: hint: you might need to pass --root-owner-group, see <https://wiki.debian.org/Teams/Dpkg/RootlessBuilds> for further details
dpkg-deb: warning: ignoring 1 warning about the control file(s)
dpkg-deb: building package 'sonic-build-hooks' in 'buildinfo/sonic-build-hooks_1.0_all.deb'.
make[2]: Leaving directory '/data/sonic/sonic-dzf-time-measure/src/sonic-build-hooks'
/data/sonic/sonic-dzf-time-measure
Checking sonic-slave-base image: sonic-slave-trixie:ca17477b760
Checking sonic-slave-user image: sonic-slave-trixie-qiuying.xzc:0e69d80ab15
SONiC Build System

Build Configuration
"CONFIGURED_PLATFORM"             : "vs"
"CONFIGURED_ARCH"                 : "amd64"
"SONIC_CONFIG_PRINT_DEPENDENCIES" : ""
"SONIC_BUILD_JOBS"                : "8"
"SONIC_CONFIG_MAKE_JOBS"          : "192"
"USE_NATIVE_DOCKERD_FOR_BUILD"    : ""
"USE_DOCKER_CACHE"               : ""
"SONIC_CONFIG_USE_CCACHE"         : "n"
"USERNAME"                        : "admin"
"PASSWORD"                        : "YourPaSsWoRd"
"CHANGE_DEFAULT_PASSWORD"         : "n"
"SECURE_UPGRADE_MODE"             : "no_sign"
"SECURE_UPGRADE_DEV_SIGNING_KEY"  : ""
"SECURE_UPGRADE_SIGNING_CERT"     : ""
"SECURE_UPGRADE_KERNEL_CAFILE"    : ""
"SECURE_UPGRADE_PROD_SIGNING_TOOL": ""
"SECURE_UPGRADE_PROD_TOOL_ARGS"   : ""
"ONIE_IMAGE_PART_SIZE"            : ""
"SHUTDOWN_BGP_ON_START"           : ""
"ENABLE_PFCWD_ON_START"           : ""
"SONIC_BUFFER_MODEL"              : ""
"INSTALL_DEBUG_TOOLS"             : ""
"ROUTING_STACK"                   : "frr"
"FRR_USER_UID"                    : "300"
"FRR_USER_GID"                    : "300"
"ENABLE_FRR_TCMALLOC"             : "y"
"ENABLE_SYNCD_RPC"                : ""
"SAITHRIFT_V2"                    : ""
"ENABLE_ORGANIZATION_EXTENSIONS"  : "y"
"HTTP_PROXY"                      : ""
"HTTPS_PROXY"                     : ""
"NO_PROXY"                        : ""
"ENABLE_ZTP"                      : ""
"INCLUDE_PDE"                     : ""
"SONIC_DEBUGGING_ON"              : ""
"SONIC_PROFILING_ON"              : ""
"KERNEL_PROCURE_METHOD"           : "build"
"BUILD_TIMESTAMP"                 : "20260903.051735"
"BUILD_LOG_TIMESTAMP"             : "none"
"SONIC_IMAGE_VERSION"             : "master.0-dirty-20260903.051735"
"BLDENV"                          : "trixie"
"VS_PREPARE_MEM"                  : "yes"
"INCLUDE_MGMT_FRAMEWORK"          : "y"
"INCLUDE_ICCPD"                   : "n"
"INCLUDE_STP"                     : ""
"INCLUDE_SYSTEM_TELEMETRY"        : "n"
"INCLUDE_SYSTEM_GNMI"             : "y"
"INCLUDE_SYSTEM_BMP"              : "y"
"INCLUDE_SYSTEM_OTEL"             : "y"
"INCLUDE_SYSTEM_EVENTD"           : "y"
"ENABLE_HOST_SERVICE_ON_START"    : "y"
"INCLUDE_RESTAPI"                 : "n"
"INCLUDE_SFLOW"                   : "y"
"INCLUDE_NAT"                     : "y"
"INCLUDE_DHCP_RELAY"              : "y"
"INCLUDE_DHCP_SERVER"             : "n"
"INCLUDE_P4RT"                    : "n"
"INCLUDE_VS_DASH_SAI"             : "y"
"INCLUDE_KUBERNETES"              : "n"
"INCLUDE_KUBERNETES_MASTER"       : "n"
"INCLUDE_MACSEC"                  : "y"
"INCLUDE_MUX"                     : "y"
"INCLUDE_TEAMD"                   : "y"
"INCLUDE_DASH_HA"                 : "y"
"INCLUDE_ROUTER_ADVERTISER"       : "y"
"INCLUDE_SNMP"                    : "y"
"INCLUDE_LLDP"                    : "y"
"INCLUDE_BOOTCHART                : "y"
"ENABLE_BOOTCHART                 : "n"
"INCLUDE_FIPS"                    : "y"
"ENABLE_TRANSLIB_WRITE"           : ""
"ENABLE_NATIVE_WRITE"             : "y"
"ENABLE_DIALOUT"                  : ""
"ENABLE_AUTO_TECH_SUPPORT"        : "y"
"PDDF_SUPPORT"                    : "y"
"MULTIARCH_QEMU_ENVIRON"          : "n"
"SONIC_VERSION_CONTROL_COMPONENTS": "py2,py3,web,git,docker"
"ENABLE_ASAN"                     : "n"
"DEFAULT_CONTAINER_REGISTRY"      : "publicmirror.azurecr.io/"
"BUILD_MULTIASIC_KVM"             : "n"
"CROSS_BUILD_ENVIRON"             : "n"
"INCLUDE_EXTERNAL_PATCHES"        : "n"
"PTF_ENV_PY_VER"                  : "py3"
"ENABLE_MULTIDB"                  : ""
"ENABLE_SBOM"                     : "n"
"SBOM_FORMAT"                     : "both"
"SBOM_SCAN_TOOL"                  : "syft"
"SBOM_INCLUDE_LICENSES"           : "y"
"SBOM_STRICT"                     : "y"

"SONIC_DPKG_CACHE_METHOD"         : "none"

[ 01 ] [ target/debs/trixie/systemd-sonic-generator_1.0.0_amd64.deb ]
[A[K[ 01 ] [ target/debs/trixie/systemd-sonic-generator_1.0.0_amd64.deb ]
[ 02 ] [ target/debs/trixie/sonic-platform-vs_1.0_amd64.deb ]
[A[K[A[K[ 01 ] [ target/debs/trixie/systemd-sonic-generator_1.0.0_amd64.deb ]
[ 02 ] [ target/debs/trixie/sonic-platform-vs_1.0_amd64.deb ]
[ 03 ] [ target/debs/trixie/initramfs-tools_0.142_all.deb ]
[A[K[A[K[A[K[ 01 ] [ target/debs/trixie/systemd-sonic-generator_1.0.0_amd64.deb ]
[ 02 ] [ target/debs/trixie/sonic-platform-vs_1.0_amd64.deb ]
[ 03 ] [ target/debs/trixie/initramfs-tools_0.142_all.deb ]
[ 04 ] [ target/debs/trixie/linux-headers-6.12.41+deb13-common-sonic_6.12.41-1_all.deb ]
[A[K[A[K[A[K[A[K[ 01 ] [ target/debs/trixie/systemd-sonic-generator_1.0.0_amd64.deb ]
[ 02 ] [ target/debs/trixie/sonic-platform-vs_1.0_amd64.deb ]
[ 03 ] [ target/debs/trixie/initramfs-tools_0.142_all.deb ]
[ 04 ] [ target/debs/trixie/linux-headers-6.12.41+deb13-common-sonic_6.12.41-1_all.deb ]
[ 05 ] [ target/debs/trixie/sonic-device-data_1.0-1_all.deb ]
[A[K[A[K[A[K[A[K[A[K[ 01 ] [ target/debs/trixie/systemd-sonic-generator_1.0.0_amd64.deb ]
[ 02 ] [ target/debs/trixie/sonic-platform-vs_1.0_amd64.deb ]
[ 03 ] [ target/debs/trixie/initramfs-tools_0.142_all.deb ]
[ 04 ] [ target/debs/trixie/linux-headers-6.12.41+deb13-common-sonic_6.12.41-1_all.deb ]
[ 05 ] [ target/debs/trixie/sonic-device-data_1.0-1_all.deb ]
[ 06 ] [ target/debs/trixie/ifupdown2_3.0.0-1_all.deb ]
[A[K[A[K[A[K[A[K[A[K[A[K[ 01 ] [ target/debs/trixie/systemd-sonic-generator_1.0.0_amd64.deb ]
[ 02 ] [ target/debs/trixie/sonic-platform-vs_1.0_amd64.deb ]
[ 03 ] [ target/debs/trixie/initramfs-tools_0.142_all.deb ]
[ 04 ] [ target/debs/trixie/linux-headers-6.12.41+deb13-common-sonic_6.12.41-1_all.deb ]
[ 05 ] [ target/debs/trixie/sonic-device-data_1.0-1_all.deb ]
[ 06 ] [ target/debs/trixie/ifupdown2_3.0.0-1_all.deb ]
[ 07 ] [ target/debs/trixie/makedumpfile_1.7.7-1_amd64.deb ]
[A[K[A[K[A[K[A[K[A[K[A[K[A[K[ 01 ] [ target/debs/trixie/systemd-sonic-generator_1.0.0_amd64.deb ]
[ 02 ] [ target/debs/trixie/sonic-platform-vs_1.0_amd64.deb ]
[ 03 ] [ target/debs/trixie/initramfs-tools_0.142_all.deb ]
[ 04 ] [ target/debs/trixie/linux-headers-6.12.41+deb13-common-sonic_6.12.41-1_all.deb ]
[ 05 ] [ target/debs/trixie/sonic-device-data_1.0-1_all.deb ]
[ 06 ] [ target/debs/trixie/ifupdown2_3.0.0-1_all.deb ]
[ 07 ] [ target/debs/trixie/makedumpfile_1.7.7-1_amd64.deb ]
[ 08 ] [ target/debs/trixie/kdump-tools_1.10.7_amd64.deb ]
[A[K[A[K[A[K[A[K[A[K[A[K[A[K[A[K[ 01 ] [ target/debs/trixie/systemd-sonic-generator_1.0.0_amd64.deb ]
[ 02 ] [ target/debs/trixie/initramfs-tools_0.142_all.deb ]
[ 03 ] [ target/debs/trixie/linux-headers-6.12.41+deb13-common-sonic_6.12.41-1_all.deb ]
[ 04 ] [ target/debs/trixie/sonic-device-data_1.0-1_all.deb ]
[ 05 ] [ target/debs/trixie/ifupdown2_3.0.0-1_all.deb ]
[ 06 ] [ target/debs/trixie/makedumpfile_1.7.7-1_amd64.deb ]
[ 07 ] [ target/debs/trixie/kdump-tools_1.10.7_amd64.deb ]
[A[K[A[K[A[K[A[K[A[K[A[K[A[K[ 01 ] [ target/debs/trixie/systemd-sonic-generator_1.0.0_amd64.deb ]
[ 02 ] [ target/debs/trixie/initramfs-tools_0.142_all.deb ]
[ 03 ] [ target/debs/trixie/linux-headers-6.12.41+deb13-common-sonic_6.12.41-1_all.deb ]
[ 04 ] [ target/debs/trixie/sonic-device-data_1.0-1_all.deb ]
[ 05 ] [ target/debs/trixie/ifupdown2_3.0.0-1_all.deb ]
[ 06 ] [ target/debs/trixie/makedumpfile_1.7.7-1_amd64.deb ]
[ 07 ] [ target/debs/trixie/kdump-tools_1.10.7_amd64.deb ]
[ 08 ] [ target/debs/trixie/libpam-radius-auth_1.4.1-1_amd64.deb ]
[A[K[A[K[A[K[A[K[A[K[A[K[A[K[A[K[ 01 ] [ target/debs/trixie/systemd-sonic-generator_1.0.0_amd64.deb ]
[ 02 ] [ target/debs/trixie/linux-headers-6.12.41+deb13-common-sonic_6.12.41-1_all.deb ]
[ 03 ] [ target/debs/trixie/sonic-device-data_1.0-1_all.deb ]
[ 04 ] [ target/debs/trixie/ifupdown2_3.0.0-1_all.deb ]
[ 05 ] [ target/debs/trixie/makedumpfile_1.7.7-1_amd64.deb ]
[ 06 ] [ target/debs/trixie/kdump-tools_1.10.7_amd64.deb ]
[ 07 ] [ target/debs/trixie/libpam-radius-auth_1.4.1-1_amd64.deb ]
[A[K[A[K[A[K[A[K[A[K[A[K[A[K[ 01 ] [ target/debs/trixie/systemd-sonic-generator_1.0.0_amd64.deb ]
[ 02 ] [ target/debs/trixie/linux-headers-6.12.41+deb13-common-sonic_6.12.41-1_all.deb ]
[ 03 ] [ target/debs/trixie/sonic-device-data_1.0-1_all.deb ]
[ 04 ] [ target/debs/trixie/ifupdown2_3.0.0-1_all.deb ]
[ 05 ] [ target/debs/trixie/makedumpfile_1.7.7-1_amd64.deb ]
[ 06 ] [ target/debs/trixie/kdump-tools_1.10.7_amd64.deb ]
[ 07 ] [ target/debs/trixie/libpam-radius-auth_1.4.1-1_amd64.deb ]
[ 08 ] [ target/debs/trixie/libnss-radius_1.0.1-1_amd64.deb ]
[A[K[A[K[A[K[A[K[A[K[A[K[A[K[A[K[ 01 ] [ target/debs/trixie/systemd-sonic-generator_1.0.0_amd64.deb ]
[ 02 ] [ target/debs/trixie/linux-headers-6.12.41+deb13-common-sonic_6.12.41-1_all.deb ]
[ 03 ] [ target/debs/trixie/sonic-device-data_1.0-1_all.deb ]
[ 04 ] [ target/debs/trixie/ifupdown2_3.0.0-1_all.deb ]
[ 05 ] [ target/debs/trixie/makedumpfile_1.7.7-1_amd64.deb ]
[ 06 ] [ target/debs/trixie/kdump-tools_1.10.7_amd64.deb ]
[ 07 ] [ target/debs/trixie/libpam-radius-auth_1.4.1-1_amd64.deb ]
[A[K[A[K[A[K[A[K[A[K[A[K[A[K[ 01 ] [ target/debs/trixie/systemd-sonic-generator_1.0.0_amd64.deb ]
[ 02 ] [ target/debs/trixie/linux-headers-6.12.41+deb13-common-sonic_6.12.41-1_all.deb ]
[ 03 ] [ target/debs/trixie/sonic-device-data_1.0-1_all.deb ]
[ 04 ] [ target/debs/trixie/ifupdown2_3.0.0-1_all.deb ]
[ 05 ] [ target/debs/trixie/makedumpfile_1.7.7-1_amd64.deb ]
[ 06 ] [ target/debs/trixie/kdump-tools_1.10.7_amd64.deb ]
[ 07 ] [ target/debs/trixie/libpam-radius-auth_1.4.1-1_amd64.deb ]
[ 08 ] [ target/debs/trixie/libtac2_1.4.1-1_amd64.deb ]
[A[K[A[K[A[K[A[K[A[K[A[K[A[K[A[K[ 01 ] [ target/debs/trixie/systemd-sonic-generator_1.0.0_amd64.deb ]
[ 02 ] [ target/debs/trixie/linux-headers-6.12.41+deb13-common-sonic_6.12.41-1_all.deb ]
[ 03 ] [ target/debs/trixie/sonic-device-data_1.0-1_all.deb ]
[ 04 ] [ target/debs/trixie/ifupdown2_3.0.0-1_all.deb ]
[ 05 ] [ target/debs/trixie/kdump-tools_1.10.7_amd64.deb ]
[ 06 ] [ target/debs/trixie/libpam-radius-auth_1.4.1-1_amd64.deb ]
[ 07 ] [ target/debs/trixie/libtac2_1.4.1-1_amd64.deb ]
[A[K[A[K[A[K[A[K[A[K[A[K[A[K[ 01 ] [ target/debs/trixie/systemd-sonic-generator_1.0.0_amd64.deb ]
[ 02 ] [ target/debs/trixie/linux-headers-6.12.41+deb13-common-sonic_6.12.41-1_all.deb ]
[ 03 ] [ target/debs/trixie/sonic-device-data_1.0-1_all.deb ]
[ 04 ] [ target/debs/trixie/ifupdown2_3.0.0-1_all.deb ]
[ 05 ] [ target/debs/trixie/kdump-tools_1.10.7_amd64.deb ]
[ 06 ] [ target/debs/trixie/libpam-radius-auth_1.4.1-1_amd64.deb ]
[ 07 ] [ target/debs/trixie/libtac2_1.4.1-1_amd64.deb ]
[ 08 ] [ target/debs/trixie/monit_5.34.3-1_amd64.deb ]
[A[K[A[K[A[K[A[K[A[K[A[K[A[K[A[K[ 01 ] [ target/debs/trixie/systemd-sonic-generator_1.0.0_amd64.deb ]
[ 02 ] [ target/debs/trixie/linux-headers-6.12.41+deb13-common-sonic_6.12.41-1_all.deb ]
[ 03 ] [ target/debs/trixie/sonic-device-data_1.0-1_all.deb ]
[ 04 ] [ target/debs/trixie/ifupdown2_3.0.0-1_all.deb ]
[ 05 ] [ target/debs/trixie/libpam-radius-auth_1.4.1-1_amd64.deb ]
[ 06 ] [ target/debs/trixie/libtac2_1.4.1-1_amd64.deb ]
[ 07 ] [ target/debs/trixie/monit_5.34.3-1_amd64.deb ]
[A[K[A[K[A[K[A[K[A[K[A[K[A[K[ 01 ] [ target/debs/trixie/systemd-sonic-generator_1.0.0_amd64.deb ]
[ 02 ] [ target/debs/trixie/linux-headers-6.12.41+deb13-common-sonic_6.12.41-1_all.deb ]
[ 03 ] [ target/debs/trixie/sonic-device-data_1.0-1_all.deb ]
[ 04 ] [ target/debs/trixie/ifupdown2_3.0.0-1_all.deb ]
[ 05 ] [ target/debs/trixie/libpam-radius-auth_1.4.1-1_amd64.deb ]
[ 06 ] [ target/debs/trixie/libtac2_1.4.1-1_amd64.deb ]
[ 07 ] [ target/debs/trixie/monit_5.34.3-1_amd64.deb ]
[ 08 ] [ target/debs/trixie/libnl-3-200_3.7.0-0.2+b1sonic1_amd64.deb ]
[A[K[A[K[A[K[A[K[A[K[A[K[A[K[A[K[ 01 ] [ target/debs/trixie/linux-headers-6.12.41+deb13-common-sonic_6.12.41-1_all.deb ]
[ 02 ] [ target/debs/trixie/sonic-device-data_1.0-1_all.deb ]
[ 03 ] [ target/debs/trixie/ifupdown2_3.0.0-1_all.deb ]
[ 04 ] [ target/debs/trixie/libpam-radius-auth_1.4.1-1_amd64.deb ]
[ 05 ] [ target/debs/trixie/libtac2_1.4.1-1_amd64.deb ]
[ 06 ] [ target/debs/trixie/monit_5.34.3-1_amd64.deb ]
[ 07 ] [ target/debs/trixie/libnl-3-200_3.7.0-0.2+b1sonic1_amd64.deb ]
[A[K[A[K[A[K[A[K[A[K[A[K[A[K[ 01 ] [ target/debs/trixie/linux-headers-6.12.41+deb13-common-sonic_6.12.41-1_all.deb ]
[ 02 ] [ target/debs/trixie/sonic-device-data_1.0-1_all.deb ]
[ 03 ] [ target/debs/trixie/ifupdown2_3.0.0-1_all.deb ]
[ 04 ] [ target/debs/trixie/libpam-radius-auth_1.4.1-1_amd64.deb ]
[ 05 ] [ target/debs/trixie/libtac2_1.4.1-1_amd64.deb ]
[ 06 ] [ target/debs/trixie/monit_5.34.3-1_amd64.deb ]
[ 07 ] [ target/debs/trixie/libnl-3-200_3.7.0-0.2+b1sonic1_amd64.deb ]
[ 08 ] [ target/debs/trixie/libyang3_3.12.2-1_amd64.deb ]
[A[K[A[K[A[K[A[K[A[K[A[K[A[K[A[K[ 01 ] [ target/debs/trixie/linux-headers-6.12.41+deb13-common-sonic_6.12.41-1_all.deb ]
[ 02 ] [ target/debs/trixie/sonic-device-data_1.0-1_all.deb ]
[ 03 ] [ target/debs/trixie/libpam-radius-auth_1.4.1-1_amd64.deb ]
[ 04 ] [ target/debs/trixie/libtac2_1.4.1-1_amd64.deb ]
[ 05 ] [ target/debs/trixie/monit_5.34.3-1_amd64.deb ]
[ 06 ] [ target/debs/trixie/libnl-3-200_3.7.0-0.2+b1sonic1_amd64.deb ]
[ 07 ] [ target/debs/trixie/libyang3_3.12.2-1_amd64.deb ]
[A[K[A[K[A[K[A[K[A[K[A[K[A[K[ 01 ] [ target/debs/trixie/linux-headers-6.12.41+deb13-common-sonic_6.12.41-1_all.deb ]
[ 02 ] [ target/debs/trixie/sonic-device-data_1.0-1_all.deb ]
[ 03 ] [ target/debs/trixie/libpam-radius-auth_1.4.1-1_amd64.deb ]
[ 04 ] [ target/debs/trixie/libtac2_1.4.1-1_amd64.deb ]
[ 05 ] [ target/debs/trixie/monit_5.34.3-1_amd64.deb ]
[ 06 ] [ target/debs/trixie/libnl-3-200_3.7.0-0.2+b1sonic1_amd64.deb ]
[ 07 ] [ target/debs/trixie/libyang3_3.12.2-1_amd64.deb ]
[ 08 ] [ target/debs/trixie/sonic-nettools_0.0.1-0_amd64.deb ]
[A[K[A[K[A[K[A[K[A[K[A[K[A[K[A[K[ 01 ] [ target/debs/trixie/linux-headers-6.12.41+deb13-common-sonic_6.12.41-1_all.deb ]
[ 02 ] [ target/debs/trixie/sonic-device-data_1.0-1_all.deb ]
[ 03 ] [ target/debs/trixie/libpam-radius-auth_1.4.1-1_amd64.deb ]
[ 04 ] [ target/debs/trixie/libtac2_1.4.1-1_amd64.deb ]
[ 05 ] [ target/debs/trixie/monit_5.34.3-1_amd64.deb ]
[ 06 ] [ target/debs/trixie/libnl-3-200_3.7.0-0.2+b1sonic1_amd64.deb ]
[ 07 ] [ target/debs/trixie/libyang3_3.12.2-1_amd64.deb ]
[A[K[A[K[A[K[A[K[A[K[A[K[A[K[ 01 ] [ target/debs/trixie/linux-headers-6.12.41+deb13-common-sonic_6.12.41-1_all.deb ]
[ 02 ] [ target/debs/trixie/sonic-device-data_1.0-1_all.deb ]
[ 03 ] [ target/debs/trixie/libpam-radius-auth_1.4.1-1_amd64.deb ]
[ 04 ] [ target/debs/trixie/libtac2_1.4.1-1_amd64.deb ]
[ 05 ] [ target/debs/trixie/libnl-3-200_3.7.0-0.2+b1sonic1_amd64.deb ]
[ 06 ] [ target/debs/trixie/libyang3_3.12.2-1_amd64.deb ]
[A[K[A[K[A[K[A[K[A[K[A[K[ 01 ] [ target/debs/trixie/linux-headers-6.12.41+deb13-common-sonic_6.12.41-1_all.deb ]
[ 02 ] [ target/debs/trixie/sonic-device-data_1.0-1_all.deb ]
[ 03 ] [ target/debs/trixie/libpam-radius-auth_1.4.1-1_amd64.deb ]
[ 04 ] [ target/debs/trixie/libtac2_1.4.1-1_amd64.deb ]
[ 05 ] [ target/debs/trixie/libyang3_3.12.2-1_amd64.deb ]
[A[K[A[K[A[K[A[K[A[K[ 01 ] [ target/debs/trixie/linux-headers-6.12.41+deb13-common-sonic_6.12.41-1_all.deb ]
[ 02 ] [ target/debs/trixie/sonic-device-data_1.0-1_all.deb ]
[ 03 ] [ target/debs/trixie/libpam-radius-auth_1.4.1-1_amd64.deb ]
[ 04 ] [ target/debs/trixie/libtac2_1.4.1-1_amd64.deb ]
[ 05 ] [ target/debs/trixie/libyang3_3.12.2-1_amd64.deb ]
[ 06 ] [ target/python-wheels/trixie/redis_dump_load-1.1-py3-none-any.whl ]
[A[K[A[K[A[K[A[K[A[K[A[K[ 01 ] [ target/debs/trixie/linux-headers-6.12.41+deb13-common-sonic_6.12.41-1_all.deb ]
[ 02 ] [ target/debs/trixie/sonic-device-data_1.0-1_all.deb ]
[ 03 ] [ target/debs/trixie/libpam-radius-auth_1.4.1-1_amd64.deb ]
[ 04 ] [ target/debs/trixie/libtac2_1.4.1-1_amd64.deb ]
[ 05 ] [ target/debs/trixie/libyang3_3.12.2-1_amd64.deb ]
[ 06 ] [ target/python-wheels/trixie/redis_dump_load-1.1-py3-none-any.whl ]
[ 07 ] [ target/debs/trixie/sonic-host-services-data_1.0-1_all.deb ]
[A[K[A[K[A[K[A[K[A[K[A[K[A[K[ 01 ] [ target/debs/trixie/linux-headers-6.12.41+deb13-common-sonic_6.12.41-1_all.deb ]
[ 02 ] [ target/debs/trixie/sonic-device-data_1.0-1_all.deb ]
[ 03 ] [ target/debs/trixie/libpam-radius-auth_1.4.1-1_amd64.deb ]
[ 04 ] [ target/debs/trixie/libtac2_1.4.1-1_amd64.deb ]
[ 05 ] [ target/debs/trixie/libyang3_3.12.2-1_amd64.deb ]
[ 06 ] [ target/python-wheels/trixie/redis_dump_load-1.1-py3-none-any.whl ]
[ 07 ] [ target/debs/trixie/sonic-host-services-data_1.0-1_all.deb ]
[ 08 ] [ target/debs/trixie/socat_1.7.4.1-3_amd64.deb ]
[A[K[A[K[A[K[A[K[A[K[A[K[A[K[A[K[ 01 ] [ target/debs/trixie/linux-headers-6.12.41+deb13-common-sonic_6.12.41-1_all.deb ]
[ 02 ] [ target/debs/trixie/sonic-device-data_1.0-1_all.deb ]
[ 03 ] [ target/debs/trixie/libpam-radius-auth_1.4.1-1_amd64.deb ]
[ 04 ] [ target/debs/trixie/libtac2_1.4.1-1_amd64.deb ]
[ 05 ] [ target/debs/trixie/libyang3_3.12.2-1_amd64.deb ]
[ 06 ] [ target/python-wheels/trixie/redis_dump_load-1.1-py3-none-any.whl ]
[ 07 ] [ target/debs/trixie/socat_1.7.4.1-3_amd64.deb ]
[A[K[A[K[A[K[A[K[A[K[A[K[A[K[ 01 ] [ target/debs/trixie/linux-headers-6.12.41+deb13-common-sonic_6.12.41-1_all.deb ]
[ 02 ] [ target/debs/trixie/sonic-device-data_1.0-1_all.deb ]
[ 03 ] [ target/debs/trixie/libpam-radius-auth_1.4.1-1_amd64.deb ]
[ 04 ] [ target/debs/trixie/libtac2_1.4.1-1_amd64.deb ]
[ 05 ] [ target/debs/trixie/libyang3_3.12.2-1_amd64.deb ]
[ 06 ] [ target/python-wheels/trixie/redis_dump_load-1.1-py3-none-any.whl ]
[ 07 ] [ target/debs/trixie/socat_1.7.4.1-3_amd64.deb ]
[ 08 ] [ target/debs/trixie/bash_5.2.37-2_amd64.deb ]
[A[K[A[K[A[K[A[K[A[K[A[K[A[K[A[K[ 01 ] [ target/debs/trixie/linux-headers-6.12.41+deb13-common-sonic_6.12.41-1_all.deb ]
[ 02 ] [ target/debs/trixie/sonic-device-data_1.0-1_all.deb ]
[ 03 ] [ target/debs/trixie/libpam-radius-auth_1.4.1-1_amd64.deb ]
[ 04 ] [ target/debs/trixie/libtac2_1.4.1-1_amd64.deb ]
[ 05 ] [ target/debs/trixie/libyang3_3.12.2-1_amd64.deb ]
[ 06 ] [ target/debs/trixie/socat_1.7.4.1-3_amd64.deb ]
[ 07 ] [ target/debs/trixie/bash_5.2.37-2_amd64.deb ]
[A[K[A[K[A[K[A[K[A[K[A[K[A[K[ 01 ] [ target/debs/trixie/linux-headers-6.12.41+deb13-common-sonic_6.12.41-1_all.deb ]
[ 02 ] [ target/debs/trixie/sonic-device-data_1.0-1_all.deb ]
[ 03 ] [ target/debs/trixie/libpam-radius-auth_1.4.1-1_amd64.deb ]
[ 04 ] [ target/debs/trixie/libtac2_1.4.1-1_amd64.deb ]
[ 05 ] [ target/debs/trixie/libyang3_3.12.2-1_amd64.deb ]
[ 06 ] [ target/debs/trixie/socat_1.7.4.1-3_amd64.deb ]
[ 07 ] [ target/debs/trixie/bash_5.2.37-2_amd64.deb ]
[ 08 ] [ target/debs/trixie/libnl-3-200_3.7.0-0.2+b1sonic1_amd64.deb-install ]
[A[K[A[K[A[K[A[K[A[K[A[K[A[K[A[K[ 01 ] [ target/debs/trixie/linux-headers-6.12.41+deb13-common-sonic_6.12.41-1_all.deb ]
[ 02 ] [ target/debs/trixie/sonic-device-data_1.0-1_all.deb ]
[ 03 ] [ target/debs/trixie/libpam-radius-auth_1.4.1-1_amd64.deb ]
[ 04 ] [ target/debs/trixie/libtac2_1.4.1-1_amd64.deb ]
[ 05 ] [ target/debs/trixie/libyang3_3.12.2-1_amd64.deb ]
[ 06 ] [ target/debs/trixie/socat_1.7.4.1-3_amd64.deb ]
[ 07 ] [ target/debs/trixie/bash_5.2.37-2_amd64.deb ]
[A[K[A[K[A[K[A[K[A[K[A[K[A[K[ 01 ] [ target/debs/trixie/linux-headers-6.12.41+deb13-common-sonic_6.12.41-1_all.deb ]
[ 02 ] [ target/debs/trixie/sonic-device-data_1.0-1_all.deb ]
[ 03 ] [ target/debs/trixie/libpam-radius-auth_1.4.1-1_amd64.deb ]
[ 04 ] [ target/debs/trixie/libtac2_1.4.1-1_amd64.deb ]
[ 05 ] [ target/debs/trixie/libyang3_3.12.2-1_amd64.deb ]
[ 06 ] [ target/debs/trixie/socat_1.7.4.1-3_amd64.deb ]
[ 07 ] [ target/debs/trixie/bash_5.2.37-2_amd64.deb ]
[ 08 ] [ target/debs/trixie/sedutil_1.15-5ad84d8_amd64.deb ]
[A[K[A[K[A[K[A[K[A[K[A[K[A[K[A[K[ 01 ] [ target/debs/trixie/linux-headers-6.12.41+deb13-common-sonic_6.12.41-1_all.deb ]
[ 02 ] [ target/debs/trixie/sonic-device-data_1.0-1_all.deb ]
[ 03 ] [ target/debs/trixie/libpam-radius-auth_1.4.1-1_amd64.deb ]
[ 04 ] [ target/debs/trixie/libtac2_1.4.1-1_amd64.deb ]
[ 05 ] [ target/debs/trixie/libyang3_3.12.2-1_amd64.deb ]
[ 06 ] [ target/debs/trixie/socat_1.7.4.1-3_amd64.deb ]
[ 07 ] [ target/debs/trixie/bash_5.2.37-2_amd64.deb ]
[A[K[A[K[A[K[A[K[A[K[A[K[A[K[ 01 ] [ target/debs/trixie/linux-headers-6.12.41+deb13-common-sonic_6.12.41-1_all.deb ]
[ 02 ] [ target/debs/trixie/sonic-device-data_1.0-1_all.deb ]
[ 03 ] [ target/debs/trixie/libpam-radius-auth_1.4.1-1_amd64.deb ]
[ 04 ] [ target/debs/trixie/libtac2_1.4.1-1_amd64.deb ]
[ 05 ] [ target/debs/trixie/libyang3_3.12.2-1_amd64.deb ]
[ 06 ] [ target/debs/trixie/socat_1.7.4.1-3_amd64.deb ]
[ 07 ] [ target/debs/trixie/bash_5.2.37-2_amd64.deb ]
[ 08 ] [ target/debs/trixie/grub2-common_2.06-13+deb13u1_amd64.deb ]
[A[K[A[K[A[K[A[K[A[K[A[K[A[K[A[K[ 01 ] [ target/debs/trixie/linux-headers-6.12.41+deb13-common-sonic_6.12.41-1_all.deb ]
[ 02 ] [ target/debs/trixie/sonic-device-data_1.0-1_all.deb ]
[ 03 ] [ target/debs/trixie/libpam-radius-auth_1.4.1-1_amd64.deb ]
[ 04 ] [ target/debs/trixie/libtac2_1.4.1-1_amd64.deb ]
[ 05 ] [ target/debs/trixie/libyang3_3.12.2-1_amd64.deb ]
[ 06 ] [ target/debs/trixie/bash_5.2.37-2_amd64.deb ]
[ 07 ] [ target/debs/trixie/grub2-common_2.06-13+deb13u1_amd64.deb ]
[A[K[A[K[A[K[A[K[A[K[A[K[A[K[ 01 ] [ target/debs/trixie/linux-headers-6.12.41+deb13-common-sonic_6.12.41-1_all.deb ]
[ 02 ] [ target/debs/trixie/sonic-device-data_1.0-1_all.deb ]
[ 03 ] [ target/debs/trixie/libpam-radius-auth_1.4.1-1_amd64.deb ]
[ 04 ] [ target/debs/trixie/libtac2_1.4.1-1_amd64.deb ]
[ 05 ] [ target/debs/trixie/libyang3_3.12.2-1_amd64.deb ]
[ 06 ] [ target/debs/trixie/bash_5.2.37-2_amd64.deb ]
[ 07 ] [ target/debs/trixie/grub2-common_2.06-13+deb13u1_amd64.deb ]
[ 08 ] [ target/files/trixie/swss_vars.j2 ]
[A[K[A[K[A[K[A[K[A[K[A[K[A[K[A[K[ 01 ] [ target/debs/trixie/linux-headers-6.12.41+deb13-common-sonic_6.12.41-1_all.deb ]
[ 02 ] [ target/debs/trixie/sonic-device-data_1.0-1_all.deb ]
[ 03 ] [ target/debs/trixie/libpam-radius-auth_1.4.1-1_amd64.deb ]
[ 04 ] [ target/debs/trixie/libtac2_1.4.1-1_amd64.deb ]
[ 05 ] [ target/debs/trixie/libyang3_3.12.2-1_amd64.deb ]
[ 06 ] [ target/debs/trixie/bash_5.2.37-2_amd64.deb ]
[ 07 ] [ target/debs/trixie/grub2-common_2.06-13+deb13u1_amd64.deb ]
[A[K[A[K[A[K[A[K[A[K[A[K[A[K[ 01 ] [ target/debs/trixie/linux-headers-6.12.41+deb13-common-sonic_6.12.41-1_all.deb ]
[ 02 ] [ target/debs/trixie/sonic-device-data_1.0-1_all.deb ]
[ 03 ] [ target/debs/trixie/libpam-radius-auth_1.4.1-1_amd64.deb ]
[ 04 ] [ target/debs/trixie/libtac2_1.4.1-1_amd64.deb ]
[ 05 ] [ target/debs/trixie/libyang3_3.12.2-1_amd64.deb ]
[ 06 ] [ target/debs/trixie/bash_5.2.37-2_amd64.deb ]
[ 07 ] [ target/debs/trixie/grub2-common_2.06-13+deb13u1_amd64.deb ]
[ 08 ] [ target/files/trixie/rsyslog_plugin.conf.j2 ]
[A[K[A[K[A[K[A[K[A[K[A[K[A[K[A[K[ 01 ] [ target/debs/trixie/linux-headers-6.12.41+deb13-common-sonic_6.12.41-1_all.deb ]
[ 02 ] [ target/debs/trixie/sonic-device-data_1.0-1_all.deb ]
[ 03 ] [ target/debs/trixie/libpam-radius-auth_1.4.1-1_amd64.deb ]
[ 04 ] [ target/debs/trixie/libtac2_1.4.1-1_amd64.deb ]
[ 05 ] [ target/debs/trixie/libyang3_3.12.2-1_amd64.deb ]
[ 06 ] [ target/debs/trixie/bash_5.2.37-2_amd64.deb ]
[ 07 ] [ target/debs/trixie/grub2-common_2.06-13+deb13u1_amd64.deb ]
[A[K[A[K[A[K[A[K[A[K[A[K[A[K[ 01 ] [ target/debs/trixie/linux-headers-6.12.41+deb13-common-sonic_6.12.41-1_all.deb ]
[ 02 ] [ target/debs/trixie/sonic-device-data_1.0-1_all.deb ]
[ 03 ] [ target/debs/trixie/libpam-radius-auth_1.4.1-1_amd64.deb ]
[ 04 ] [ target/debs/trixie/libtac2_1.4.1-1_amd64.deb ]
[ 05 ] [ target/debs/trixie/libyang3_3.12.2-1_amd64.deb ]
[ 06 ] [ target/debs/trixie/bash_5.2.37-2_amd64.deb ]
[ 07 ] [ target/debs/trixie/grub2-common_2.06-13+deb13u1_amd64.deb ]
[ 08 ] [ target/files/trixie/container ]
[A[K[A[K[A[K[A[K[A[K[A[K[A[K[A[K[ 01 ] [ target/debs/trixie/linux-headers-6.12.41+deb13-common-sonic_6.12.41-1_all.deb ]
[ 02 ] [ target/debs/trixie/sonic-device-data_1.0-1_all.deb ]
[ 03 ] [ target/debs/trixie/libpam-radius-auth_1.4.1-1_amd64.deb ]
[ 04 ] [ target/debs/trixie/libtac2_1.4.1-1_amd64.deb ]
[ 05 ] [ target/debs/trixie/libyang3_3.12.2-1_amd64.deb ]
[ 06 ] [ target/debs/trixie/bash_5.2.37-2_amd64.deb ]
[ 07 ] [ target/debs/trixie/grub2-common_2.06-13+deb13u1_amd64.deb ]
[A[K[A[K[A[K[A[K[A[K[A[K[A[K[ 01 ] [ target/debs/trixie/linux-headers-6.12.41+deb13-common-sonic_6.12.41-1_all.deb ]
[ 02 ] [ target/debs/trixie/sonic-device-data_1.0-1_all.deb ]
[ 03 ] [ target/debs/trixie/libpam-radius-auth_1.4.1-1_amd64.deb ]
[ 04 ] [ target/debs/trixie/libtac2_1.4.1-1_amd64.deb ]
[ 05 ] [ target/debs/trixie/libyang3_3.12.2-1_amd64.deb ]
[ 06 ] [ target/debs/trixie/bash_5.2.37-2_amd64.deb ]
[ 07 ] [ target/debs/trixie/grub2-common_2.06-13+deb13u1_amd64.deb ]
[ 08 ] [ target/files/trixie/readiness_probe.sh ]
[A[K[A[K[A[K[A[K[A[K[A[K[A[K[A[K[ 01 ] [ target/debs/trixie/linux-headers-6.12.41+deb13-common-sonic_6.12.41-1_all.deb ]
[ 02 ] [ target/debs/trixie/sonic-device-data_1.0-1_all.deb ]
[ 03 ] [ target/debs/trixie/libpam-radius-auth_1.4.1-1_amd64.deb ]
[ 04 ] [ target/debs/trixie/libtac2_1.4.1-1_amd64.deb ]
[ 05 ] [ target/debs/trixie/libyang3_3.12.2-1_amd64.deb ]
[ 06 ] [ target/debs/trixie/bash_5.2.37-2_amd64.deb ]
[ 07 ] [ target/debs/trixie/grub2-common_2.06-13+deb13u1_amd64.deb ]
[A[K[A[K[A[K[A[K[A[K[A[K[A[K[ 01 ] [ target/debs/trixie/linux-headers-6.12.41+deb13-common-sonic_6.12.41-1_all.deb ]
[ 02 ] [ target/debs/trixie/sonic-device-data_1.0-1_all.deb ]
[ 03 ] [ target/debs/trixie/libpam-radius-auth_1.4.1-1_amd64.deb ]
[ 04 ] [ target/debs/trixie/libtac2_1.4.1-1_amd64.deb ]
[ 05 ] [ target/debs/trixie/libyang3_3.12.2-1_amd64.deb ]
[ 06 ] [ target/debs/trixie/bash_5.2.37-2_amd64.deb ]
[ 07 ] [ target/debs/trixie/grub2-common_2.06-13+deb13u1_amd64.deb ]
[ 08 ] [ target/files/trixie/container_startup.py ]
[A[K[A[K[A[K[A[K[A[K[A[K[A[K[A[K[ 01 ] [ target/debs/trixie/linux-headers-6.12.41+deb13-common-sonic_6.12.41-1_all.deb ]
[ 02 ] [ target/debs/trixie/sonic-device-data_1.0-1_all.deb ]
[ 03 ] [ target/debs/trixie/libpam-radius-auth_1.4.1-1_amd64.deb ]
[ 04 ] [ target/debs/trixie/libtac2_1.4.1-1_amd64.deb ]
[ 05 ] [ target/debs/trixie/libyang3_3.12.2-1_amd64.deb ]
[ 06 ] [ target/debs/trixie/bash_5.2.37-2_amd64.deb ]
[ 07 ] [ target/debs/trixie/grub2-common_2.06-13+deb13u1_amd64.deb ]
[A[K[A[K[A[K[A[K[A[K[A[K[A[K[ 01 ] [ target/debs/trixie/linux-headers-6.12.41+deb13-common-sonic_6.12.41-1_all.deb ]
[ 02 ] [ target/debs/trixie/sonic-device-data_1.0-1_all.deb ]
[ 03 ] [ target/debs/trixie/libpam-radius-auth_1.4.1-1_amd64.deb ]
[ 04 ] [ target/debs/trixie/libtac2_1.4.1-1_amd64.deb ]
[ 05 ] [ target/debs/trixie/libyang3_3.12.2-1_amd64.deb ]
[ 06 ] [ target/debs/trixie/bash_5.2.37-2_amd64.deb ]
[ 07 ] [ target/debs/trixie/grub2-common_2.06-13+deb13u1_amd64.deb ]
[ 08 ] [ target/python-wheels/trixie/redis_dump_load-1.1-py3-none-any.whl-install ]
[A[K[A[K[A[K[A[K[A[K[A[K[A[K[A[K[ 01 ] [ target/debs/trixie/linux-headers-6.12.41+deb13-common-sonic_6.12.41-1_all.deb ]
[ 02 ] [ target/debs/trixie/sonic-device-data_1.0-1_all.deb ]
[ 03 ] [ target/debs/trixie/libpam-radius-auth_1.4.1-1_amd64.deb ]
[ 04 ] [ target/debs/trixie/libtac2_1.4.1-1_amd64.deb ]
[ 05 ] [ target/debs/trixie/libyang3_3.12.2-1_amd64.deb ]
[ 06 ] [ target/debs/trixie/bash_5.2.37-2_amd64.deb ]
[ 07 ] [ target/debs/trixie/grub2-common_2.06-13+deb13u1_amd64.deb ]
[A[K[A[K[A[K[A[K[A[K[A[K[A[K[ 01 ] [ target/debs/trixie/linux-headers-6.12.41+deb13-common-sonic_6.12.41-1_all.deb ]
[ 02 ] [ target/debs/trixie/sonic-device-data_1.0-1_all.deb ]
[ 03 ] [ target/debs/trixie/libpam-radius-auth_1.4.1-1_amd64.deb ]
[ 04 ] [ target/debs/trixie/libtac2_1.4.1-1_amd64.deb ]
[ 05 ] [ target/debs/trixie/libyang3_3.12.2-1_amd64.deb ]
[ 06 ] [ target/debs/trixie/bash_5.2.37-2_amd64.deb ]
[ 07 ] [ target/debs/trixie/grub2-common_2.06-13+deb13u1_amd64.deb ]
[ 08 ] [ target/debs/trixie/iproute2_6.15.0-1+sonic.0_amd64.deb ]
[A[K[A[K[A[K[A[K[A[K[A[K[A[K[A[K[ 01 ] [ target/debs/trixie/linux-headers-6.12.41+deb13-common-sonic_6.12.41-1_all.deb ]
[ 02 ] [ target/debs/trixie/sonic-device-data_1.0-1_all.deb ]
[ 03 ] [ target/debs/trixie/libpam-radius-auth_1.4.1-1_amd64.deb ]
[ 04 ] [ target/debs/trixie/libtac2_1.4.1-1_amd64.deb ]
[ 05 ] [ target/debs/trixie/libyang3_3.12.2-1_amd64.deb ]
[ 06 ] [ target/debs/trixie/bash_5.2.37-2_amd64.deb ]
[ 07 ] [ target/debs/trixie/grub2-common_2.06-13+deb13u1_amd64.deb ]
[A[K[A[K[A[K[A[K[A[K[A[K[A[K[ 01 ] [ target/debs/trixie/linux-headers-6.12.41+deb13-common-sonic_6.12.41-1_all.deb ]
[ 02 ] [ target/debs/trixie/sonic-device-data_1.0-1_all.deb ]
[ 03 ] [ target/debs/trixie/libpam-radius-auth_1.4.1-1_amd64.deb ]
[ 04 ] [ target/debs/trixie/libtac2_1.4.1-1_amd64.deb ]
[ 05 ] [ target/debs/trixie/bash_5.2.37-2_amd64.deb ]
[ 06 ] [ target/debs/trixie/grub2-common_2.06-13+deb13u1_amd64.deb ]
[A[K[A[K[A[K[A[K[A[K[A[K[ 01 ] [ target/debs/trixie/linux-headers-6.12.41+deb13-common-sonic_6.12.41-1_all.deb ]
[ 02 ] [ target/debs/trixie/sonic-device-data_1.0-1_all.deb ]
[ 03 ] [ target/debs/trixie/libpam-radius-auth_1.4.1-1_amd64.deb ]
[ 04 ] [ target/debs/trixie/libtac2_1.4.1-1_amd64.deb ]
[ 05 ] [ target/debs/trixie/bash_5.2.37-2_amd64.deb ]
[ 06 ] [ target/debs/trixie/grub2-common_2.06-13+deb13u1_amd64.deb ]
[ 07 ] [ target/debs/trixie/symcrypt-openssl_1.9.4_amd64.deb ]
[A[K[A[K[A[K[A[K[A[K[A[K[A[K[ 01 ] [ target/debs/trixie/linux-headers-6.12.41+deb13-common-sonic_6.12.41-1_all.deb ]
[ 02 ] [ target/debs/trixie/sonic-device-data_1.0-1_all.deb ]
[ 03 ] [ target/debs/trixie/libpam-radius-auth_1.4.1-1_amd64.deb ]
[ 04 ] [ target/debs/trixie/libtac2_1.4.1-1_amd64.deb ]
[ 05 ] [ target/debs/trixie/bash_5.2.37-2_amd64.deb ]
[ 06 ] [ target/debs/trixie/grub2-common_2.06-13+deb13u1_amd64.deb ]
[ 07 ] [ target/debs/trixie/symcrypt-openssl_1.9.4_amd64.deb ]
[ 08 ] [ target/debs/trixie/libyang3_3.12.2-1_amd64.deb-install ]
[A[K[A[K[A[K[A[K[A[K[A[K[A[K[A[K[ 01 ] [ target/debs/trixie/linux-headers-6.12.41+deb13-common-sonic_6.12.41-1_all.deb ]
[ 02 ] [ target/debs/trixie/sonic-device-data_1.0-1_all.deb ]
[ 03 ] [ target/debs/trixie/libpam-radius-auth_1.4.1-1_amd64.deb ]
[ 04 ] [ target/debs/trixie/libtac2_1.4.1-1_amd64.deb ]
[ 05 ] [ target/debs/trixie/bash_5.2.37-2_amd64.deb ]
[ 06 ] [ target/debs/trixie/grub2-common_2.06-13+deb13u1_amd64.deb ]
[ 07 ] [ target/debs/trixie/symcrypt-openssl_1.9.4_amd64.deb ]
[A[K[A[K[A[K[A[K[A[K[A[K[A[K[ 01 ] [ target/debs/trixie/linux-headers-6.12.41+deb13-common-sonic_6.12.41-1_all.deb ]
[ 02 ] [ target/debs/trixie/sonic-device-data_1.0-1_all.deb ]
[ 03 ] [ target/debs/trixie/libpam-radius-auth_1.4.1-1_amd64.deb ]
[ 04 ] [ target/debs/trixie/libtac2_1.4.1-1_amd64.deb ]
[ 05 ] [ target/debs/trixie/bash_5.2.37-2_amd64.deb ]
[ 06 ] [ target/debs/trixie/grub2-common_2.06-13+deb13u1_amd64.deb ]
[ 07 ] [ target/debs/trixie/symcrypt-openssl_1.9.4_amd64.deb ]
[ 08 ] [ target/debs/trixie/p4lang-pi_0.1.1-1_amd64.deb ]
[A[K[A[K[A[K[A[K[A[K[A[K[A[K[A[K[ 01 ] [ target/debs/trixie/linux-headers-6.12.41+deb13-common-sonic_6.12.41-1_all.deb ]
[ 02 ] [ target/debs/trixie/sonic-device-data_1.0-1_all.deb ]
[ 03 ] [ target/debs/trixie/libtac2_1.4.1-1_amd64.deb ]
[ 04 ] [ target/debs/trixie/bash_5.2.37-2_amd64.deb ]
[ 05 ] [ target/debs/trixie/grub2-common_2.06-13+deb13u1_amd64.deb ]
[ 06 ] [ target/debs/trixie/symcrypt-openssl_1.9.4_amd64.deb ]
[ 07 ] [ target/debs/trixie/p4lang-pi_0.1.1-1_amd64.deb ]
[A[K[A[K[A[K[A[K[A[K[A[K[A[K[ 01 ] [ target/debs/trixie/linux-headers-6.12.41+deb13-common-sonic_6.12.41-1_all.deb ]
[ 02 ] [ target/debs/trixie/sonic-device-data_1.0-1_all.deb ]
[ 03 ] [ target/debs/trixie/libtac2_1.4.1-1_amd64.deb ]
[ 04 ] [ target/debs/trixie/bash_5.2.37-2_amd64.deb ]
[ 05 ] [ target/debs/trixie/grub2-common_2.06-13+deb13u1_amd64.deb ]
[ 06 ] [ target/debs/trixie/symcrypt-openssl_1.9.4_amd64.deb ]
[ 07 ] [ target/debs/trixie/p4lang-pi_0.1.1-1_amd64.deb ]
[ 08 ] [ target/debs/trixie/libnexthopgroup_1.0.0_amd64.deb ]
[A[K[A[K[A[K[A[K[A[K[A[K[A[K[A[K[ 01 ] [ target/debs/trixie/linux-headers-6.12.41+deb13-common-sonic_6.12.41-1_all.deb ]
[ 02 ] [ target/debs/trixie/sonic-device-data_1.0-1_all.deb ]
[ 03 ] [ target/debs/trixie/libtac2_1.4.1-1_amd64.deb ]
[ 04 ] [ target/debs/trixie/grub2-common_2.06-13+deb13u1_amd64.deb ]
[ 05 ] [ target/debs/trixie/symcrypt-openssl_1.9.4_amd64.deb ]
[ 06 ] [ target/debs/trixie/p4lang-pi_0.1.1-1_amd64.deb ]
[ 07 ] [ target/debs/trixie/libnexthopgroup_1.0.0_amd64.deb ]
[A[K[A[K[A[K[A[K[A[K[A[K[A[K[ 01 ] [ target/debs/trixie/linux-headers-6.12.41+deb13-common-sonic_6.12.41-1_all.deb ]
[ 02 ] [ target/debs/trixie/sonic-device-data_1.0-1_all.deb ]
[ 03 ] [ target/debs/trixie/libtac2_1.4.1-1_amd64.deb ]
[ 04 ] [ target/debs/trixie/grub2-common_2.06-13+deb13u1_amd64.deb ]
[ 05 ] [ target/debs/trixie/symcrypt-openssl_1.9.4_amd64.deb ]
[ 06 ] [ target/debs/trixie/p4lang-pi_0.1.1-1_amd64.deb ]
[ 07 ] [ target/debs/trixie/libnexthopgroup_1.0.0_amd64.deb ]
[ 08 ] [ target/debs/trixie/libdashapi_1.0.0_amd64.deb ]
[A[K[A[K[A[K[A[K[A[K[A[K[A[K[A[K[ 01 ] [ target/debs/trixie/linux-headers-6.12.41+deb13-common-sonic_6.12.41-1_all.deb ]
[ 02 ] [ target/debs/trixie/libtac2_1.4.1-1_amd64.deb ]
[ 03 ] [ target/debs/trixie/grub2-common_2.06-13+deb13u1_amd64.deb ]
[ 04 ] [ target/debs/trixie/symcrypt-openssl_1.9.4_amd64.deb ]
[ 05 ] [ target/debs/trixie/p4lang-pi_0.1.1-1_amd64.deb ]
[ 06 ] [ target/debs/trixie/libnexthopgroup_1.0.0_amd64.deb ]
[ 07 ] [ target/debs/trixie/libdashapi_1.0.0_amd64.deb ]
[A[K[A[K[A[K[A[K[A[K[A[K[A[K[ 01 ] [ target/debs/trixie/linux-headers-6.12.41+deb13-common-sonic_6.12.41-1_all.deb ]
[ 02 ] [ target/debs/trixie/libtac2_1.4.1-1_amd64.deb ]
[ 03 ] [ target/debs/trixie/grub2-common_2.06-13+deb13u1_amd64.deb ]
[ 04 ] [ target/debs/trixie/symcrypt-openssl_1.9.4_amd64.deb ]
[ 05 ] [ target/debs/trixie/p4lang-pi_0.1.1-1_amd64.deb ]
[ 06 ] [ target/debs/trixie/libnexthopgroup_1.0.0_amd64.deb ]
[ 07 ] [ target/debs/trixie/libdashapi_1.0.0_amd64.deb ]
[ 08 ] [ target/files/trixie/90-sonic.conf ]
[A[K[A[K[A[K[A[K[A[K[A[K[A[K[A[K[ 01 ] [ target/debs/trixie/linux-headers-6.12.41+deb13-common-sonic_6.12.41-1_all.deb ]
[ 02 ] [ target/debs/trixie/libtac2_1.4.1-1_amd64.deb ]
[ 03 ] [ target/debs/trixie/grub2-common_2.06-13+deb13u1_amd64.deb ]
[ 04 ] [ target/debs/trixie/symcrypt-openssl_1.9.4_amd64.deb ]
[ 05 ] [ target/debs/trixie/p4lang-pi_0.1.1-1_amd64.deb ]
[ 06 ] [ target/debs/trixie/libnexthopgroup_1.0.0_amd64.deb ]
[ 07 ] [ target/debs/trixie/libdashapi_1.0.0_amd64.deb ]
[A[K[A[K[A[K[A[K[A[K[A[K[A[K[ 01 ] [ target/debs/trixie/linux-headers-6.12.41+deb13-common-sonic_6.12.41-1_all.deb ]
[ 02 ] [ target/debs/trixie/libtac2_1.4.1-1_amd64.deb ]
[ 03 ] [ target/debs/trixie/grub2-common_2.06-13+deb13u1_amd64.deb ]
[ 04 ] [ target/debs/trixie/symcrypt-openssl_1.9.4_amd64.deb ]
[ 05 ] [ target/debs/trixie/p4lang-pi_0.1.1-1_amd64.deb ]
[ 06 ] [ target/debs/trixie/libnexthopgroup_1.0.0_amd64.deb ]
[ 07 ] [ target/debs/trixie/libdashapi_1.0.0_amd64.deb ]
[ 08 ] [ target/files/trixie/update_chassisdb_config ]
[A[K[A[K[A[K[A[K[A[K[A[K[A[K[A[K[ 01 ] [ target/debs/trixie/linux-headers-6.12.41+deb13-common-sonic_6.12.41-1_all.deb ]
[ 02 ] [ target/debs/trixie/libtac2_1.4.1-1_amd64.deb ]
[ 03 ] [ target/debs/trixie/grub2-common_2.06-13+deb13u1_amd64.deb ]
[ 04 ] [ target/debs/trixie/symcrypt-openssl_1.9.4_amd64.deb ]
[ 05 ] [ target/debs/trixie/p4lang-pi_0.1.1-1_amd64.deb ]
[ 06 ] [ target/debs/trixie/libnexthopgroup_1.0.0_amd64.deb ]
[ 07 ] [ target/debs/trixie/libdashapi_1.0.0_amd64.deb ]
[A[K[A[K[A[K[A[K[A[K[A[K[A[K[ 01 ] [ target/debs/trixie/linux-headers-6.12.41+deb13-common-sonic_6.12.41-1_all.deb ]
[ 02 ] [ target/debs/trixie/libtac2_1.4.1-1_amd64.deb ]
[ 03 ] [ target/debs/trixie/grub2-common_2.06-13+deb13u1_amd64.deb ]
[ 04 ] [ target/debs/trixie/symcrypt-openssl_1.9.4_amd64.deb ]
[ 05 ] [ target/debs/trixie/p4lang-pi_0.1.1-1_amd64.deb ]
[ 06 ] [ target/debs/trixie/libnexthopgroup_1.0.0_amd64.deb ]
[ 07 ] [ target/debs/trixie/libdashapi_1.0.0_amd64.deb ]
[ 08 ] [ target/files/trixie/container_checker ]
[A[K[A[K[A[K[A[K[A[K[A[K[A[K[A[K[ 01 ] [ target/debs/trixie/linux-headers-6.12.41+deb13-common-sonic_6.12.41-1_all.deb ]
[ 02 ] [ target/debs/trixie/libtac2_1.4.1-1_amd64.deb ]
[ 03 ] [ target/debs/trixie/grub2-common_2.06-13+deb13u1_amd64.deb ]
[ 04 ] [ target/debs/trixie/symcrypt-openssl_1.9.4_amd64.deb ]
[ 05 ] [ target/debs/trixie/p4lang-pi_0.1.1-1_amd64.deb ]
[ 06 ] [ target/debs/trixie/libnexthopgroup_1.0.0_amd64.deb ]
[ 07 ] [ target/debs/trixie/libdashapi_1.0.0_amd64.deb ]
[A[K[A[K[A[K[A[K[A[K[A[K[A[K[ 01 ] [ target/debs/trixie/linux-headers-6.12.41+deb13-common-sonic_6.12.41-1_all.deb ]
[ 02 ] [ target/debs/trixie/libtac2_1.4.1-1_amd64.deb ]
[ 03 ] [ target/debs/trixie/grub2-common_2.06-13+deb13u1_amd64.deb ]
[ 04 ] [ target/debs/trixie/symcrypt-openssl_1.9.4_amd64.deb ]
[ 05 ] [ target/debs/trixie/p4lang-pi_0.1.1-1_amd64.deb ]
[ 06 ] [ target/debs/trixie/libnexthopgroup_1.0.0_amd64.deb ]
[ 07 ] [ target/debs/trixie/libdashapi_1.0.0_amd64.deb ]
[ 08 ] [ target/files/trixie/gnmi.sh ]
[A[K[A[K[A[K[A[K[A[K[A[K[A[K[A[K[ 01 ] [ target/debs/trixie/linux-headers-6.12.41+deb13-common-sonic_6.12.41-1_all.deb ]
[ 02 ] [ target/debs/trixie/libtac2_1.4.1-1_amd64.deb ]
[ 03 ] [ target/debs/trixie/grub2-common_2.06-13+deb13u1_amd64.deb ]
[ 04 ] [ target/debs/trixie/symcrypt-openssl_1.9.4_amd64.deb ]
[ 05 ] [ target/debs/trixie/p4lang-pi_0.1.1-1_amd64.deb ]
[ 06 ] [ target/debs/trixie/libnexthopgroup_1.0.0_amd64.deb ]
[ 07 ] [ target/debs/trixie/libdashapi_1.0.0_amd64.deb ]
[A[K[A[K[A[K[A[K[A[K[A[K[A[K[ 01 ] [ target/debs/trixie/linux-headers-6.12.41+deb13-common-sonic_6.12.41-1_all.deb ]
[ 02 ] [ target/debs/trixie/libtac2_1.4.1-1_amd64.deb ]
[ 03 ] [ target/debs/trixie/grub2-common_2.06-13+deb13u1_amd64.deb ]
[ 04 ] [ target/debs/trixie/symcrypt-openssl_1.9.4_amd64.deb ]
[ 05 ] [ target/debs/trixie/p4lang-pi_0.1.1-1_amd64.deb ]
[ 06 ] [ target/debs/trixie/libnexthopgroup_1.0.0_amd64.deb ]
[ 07 ] [ target/debs/trixie/libdashapi_1.0.0_amd64.deb ]
[ 08 ] [ target/files/trixie/k8s_pod_control.sh ]
[A[K[A[K[A[K[A[K[A[K[A[K[A[K[A[K[ 01 ] [ target/debs/trixie/linux-headers-6.12.41+deb13-common-sonic_6.12.41-1_all.deb ]
[ 02 ] [ target/debs/trixie/libtac2_1.4.1-1_amd64.deb ]
[ 03 ] [ target/debs/trixie/grub2-common_2.06-13+deb13u1_amd64.deb ]
[ 04 ] [ target/debs/trixie/symcrypt-openssl_1.9.4_amd64.deb ]
[ 05 ] [ target/debs/trixie/p4lang-pi_0.1.1-1_amd64.deb ]
[ 06 ] [ target/debs/trixie/libnexthopgroup_1.0.0_amd64.deb ]
[ 07 ] [ target/debs/trixie/libdashapi_1.0.0_amd64.deb ]
[A[K[A[K[A[K[A[K[A[K[A[K[A[K[ 01 ] [ target/debs/trixie/linux-headers-6.12.41+deb13-common-sonic_6.12.41-1_all.deb ]
[ 02 ] [ target/debs/trixie/libtac2_1.4.1-1_amd64.deb ]
[ 03 ] [ target/debs/trixie/grub2-common_2.06-13+deb13u1_amd64.deb ]
[ 04 ] [ target/debs/trixie/p4lang-pi_0.1.1-1_amd64.deb ]
[ 05 ] [ target/debs/trixie/libnexthopgroup_1.0.0_amd64.deb ]
[ 06 ] [ target/debs/trixie/libdashapi_1.0.0_amd64.deb ]
[A[K[A[K[A[K[A[K[A[K[A[K[ 01 ] [ target/debs/trixie/linux-headers-6.12.41+deb13-common-sonic_6.12.41-1_all.deb ]
[ 02 ] [ target/debs/trixie/libtac2_1.4.1-1_amd64.deb ]
[ 03 ] [ target/debs/trixie/grub2-common_2.06-13+deb13u1_amd64.deb ]
[ 04 ] [ target/debs/trixie/p4lang-pi_0.1.1-1_amd64.deb ]
[ 05 ] [ target/debs/trixie/libdashapi_1.0.0_amd64.deb ]
[A[K[A[K[A[K[A[K[A[K[ 01 ] [ target/debs/trixie/linux-headers-6.12.41+deb13-common-sonic_6.12.41-1_all.deb ]
[ 02 ] [ target/debs/trixie/libtac2_1.4.1-1_amd64.deb ]
[ 03 ] [ target/debs/trixie/grub2-common_2.06-13+deb13u1_amd64.deb ]
[ 04 ] [ target/debs/trixie/p4lang-pi_0.1.1-1_amd64.deb ]
[ 05 ] [ target/debs/trixie/libdashapi_1.0.0_amd64.deb ]
[ 06 ] [ target/debs/trixie/lldpd_1.0.16-1+deb12u1_amd64.deb ]
[A[K[A[K[A[K[A[K[A[K[A[K[ 01 ] [ target/debs/trixie/linux-headers-6.12.41+deb13-common-sonic_6.12.41-1_all.deb ]
[ 02 ] [ target/debs/trixie/libtac2_1.4.1-1_amd64.deb ]
[ 03 ] [ target/debs/trixie/grub2-common_2.06-13+deb13u1_amd64.deb ]
[ 04 ] [ target/debs/trixie/p4lang-pi_0.1.1-1_amd64.deb ]
[ 05 ] [ target/debs/trixie/libdashapi_1.0.0_amd64.deb ]
[ 06 ] [ target/debs/trixie/lldpd_1.0.16-1+deb12u1_amd64.deb ]
[ 07 ] [ target/files/trixie/arp_update ]
[A[K[A[K[A[K[A[K[A[K[A[K[A[K[ 01 ] [ target/debs/trixie/linux-headers-6.12.41+deb13-common-sonic_6.12.41-1_all.deb ]
[ 02 ] [ target/debs/trixie/libtac2_1.4.1-1_amd64.deb ]
[ 03 ] [ target/debs/trixie/grub2-common_2.06-13+deb13u1_amd64.deb ]
[ 04 ] [ target/debs/trixie/p4lang-pi_0.1.1-1_amd64.deb ]
[ 05 ] [ target/debs/trixie/libdashapi_1.0.0_amd64.deb ]
[ 06 ] [ target/debs/trixie/lldpd_1.0.16-1+deb12u1_amd64.deb ]
[ 07 ] [ target/files/trixie/arp_update ]
[ 08 ] [ target/files/trixie/arp_update_vars.j2 ]
[A[K[A[K[A[K[A[K[A[K[A[K[A[K[A[K[ 01 ] [ target/debs/trixie/linux-headers-6.12.41+deb13-common-sonic_6.12.41-1_all.deb ]
[ 02 ] [ target/debs/trixie/libtac2_1.4.1-1_amd64.deb ]
[ 03 ] [ target/debs/trixie/grub2-common_2.06-13+deb13u1_amd64.deb ]
[ 04 ] [ target/debs/trixie/p4lang-pi_0.1.1-1_amd64.deb ]
[ 05 ] [ target/debs/trixie/libdashapi_1.0.0_amd64.deb ]
[ 06 ] [ target/debs/trixie/lldpd_1.0.16-1+deb12u1_amd64.deb ]
[ 07 ] [ target/files/trixie/arp_update ]
[A[K[A[K[A[K[A[K[A[K[A[K[A[K[ 01 ] [ target/debs/trixie/linux-headers-6.12.41+deb13-common-sonic_6.12.41-1_all.deb ]
[ 02 ] [ target/debs/trixie/libtac2_1.4.1-1_amd64.deb ]
[ 03 ] [ target/debs/trixie/grub2-common_2.06-13+deb13u1_amd64.deb ]
[ 04 ] [ target/debs/trixie/p4lang-pi_0.1.1-1_amd64.deb ]
[ 05 ] [ target/debs/trixie/libdashapi_1.0.0_amd64.deb ]
[ 06 ] [ target/debs/trixie/lldpd_1.0.16-1+deb12u1_amd64.deb ]
[ 07 ] [ target/files/trixie/arp_update ]
[ 08 ] [ target/python-wheels/trixie/scapy-2.6.1.dev0-py3-none-any.whl ]
[A[K[A[K[A[K[A[K[A[K[A[K[A[K[A[K[ 01 ] [ target/debs/trixie/linux-headers-6.12.41+deb13-common-sonic_6.12.41-1_all.deb ]
[ 02 ] [ target/debs/trixie/libtac2_1.4.1-1_amd64.deb ]
[ 03 ] [ target/debs/trixie/grub2-common_2.06-13+deb13u1_amd64.deb ]
[ 04 ] [ target/debs/trixie/p4lang-pi_0.1.1-1_amd64.deb ]
[ 05 ] [ target/debs/trixie/libdashapi_1.0.0_amd64.deb ]
[ 06 ] [ target/debs/trixie/lldpd_1.0.16-1+deb12u1_amd64.deb ]
[ 07 ] [ target/python-wheels/trixie/scapy-2.6.1.dev0-py3-none-any.whl ]
[A[K[A[K[A[K[A[K[A[K[A[K[A[K[ 01 ] [ target/debs/trixie/linux-headers-6.12.41+deb13-common-sonic_6.12.41-1_all.deb ]
[ 02 ] [ target/debs/trixie/libtac2_1.4.1-1_amd64.deb ]
[ 03 ] [ target/debs/trixie/grub2-common_2.06-13+deb13u1_amd64.deb ]
[ 04 ] [ target/debs/trixie/p4lang-pi_0.1.1-1_amd64.deb ]
[ 05 ] [ target/debs/trixie/libdashapi_1.0.0_amd64.deb ]
[ 06 ] [ target/debs/trixie/lldpd_1.0.16-1+deb12u1_amd64.deb ]
[ 07 ] [ target/python-wheels/trixie/scapy-2.6.1.dev0-py3-none-any.whl ]
[ 08 ] [ target/debs/trixie/lm-sensors_3.6.0-7.1_amd64.deb ]
[A[K[A[K[A[K[A[K[A[K[A[K[A[K[A[K[ 01 ] [ target/debs/trixie/linux-headers-6.12.41+deb13-common-sonic_6.12.41-1_all.deb ]
[ 02 ] [ target/debs/trixie/libtac2_1.4.1-1_amd64.deb ]
[ 03 ] [ target/debs/trixie/grub2-common_2.06-13+deb13u1_amd64.deb ]
[ 04 ] [ target/debs/trixie/p4lang-pi_0.1.1-1_amd64.deb ]
[ 05 ] [ target/debs/trixie/libdashapi_1.0.0_amd64.deb ]
[ 06 ] [ target/debs/trixie/lldpd_1.0.16-1+deb12u1_amd64.deb ]
[ 07 ] [ target/debs/trixie/lm-sensors_3.6.0-7.1_amd64.deb ]
[A[K[A[K[A[K[A[K[A[K[A[K[A[K[ 01 ] [ target/debs/trixie/linux-headers-6.12.41+deb13-common-sonic_6.12.41-1_all.deb ]
[ 02 ] [ target/debs/trixie/libtac2_1.4.1-1_amd64.deb ]
[ 03 ] [ target/debs/trixie/grub2-common_2.06-13+deb13u1_amd64.deb ]
[ 04 ] [ target/debs/trixie/p4lang-pi_0.1.1-1_amd64.deb ]
[ 05 ] [ target/debs/trixie/libdashapi_1.0.0_amd64.deb ]
[ 06 ] [ target/debs/trixie/lldpd_1.0.16-1+deb12u1_amd64.deb ]
[ 07 ] [ target/debs/trixie/lm-sensors_3.6.0-7.1_amd64.deb ]
[ 08 ] [ target/python-wheels/trixie/sonic_platform_pddf_common-1.0-py3-none-any.whl ]
[A[K[A[K[A[K[A[K[A[K[A[K[A[K[A[K[ 01 ] [ target/debs/trixie/linux-headers-6.12.41+deb13-common-sonic_6.12.41-1_all.deb ]
[ 02 ] [ target/debs/trixie/libtac2_1.4.1-1_amd64.deb ]
[ 03 ] [ target/debs/trixie/grub2-common_2.06-13+deb13u1_amd64.deb ]
[ 04 ] [ target/debs/trixie/p4lang-pi_0.1.1-1_amd64.deb ]
[ 05 ] [ target/debs/trixie/libdashapi_1.0.0_amd64.deb ]
[ 06 ] [ target/debs/trixie/lldpd_1.0.16-1+deb12u1_amd64.deb ]
[ 07 ] [ target/debs/trixie/lm-sensors_3.6.0-7.1_amd64.deb ]
[A[K[A[K[A[K[A[K[A[K[A[K[A[K[ 01 ] [ target/debs/trixie/linux-headers-6.12.41+deb13-common-sonic_6.12.41-1_all.deb ]
[ 02 ] [ target/debs/trixie/libtac2_1.4.1-1_amd64.deb ]
[ 03 ] [ target/debs/trixie/grub2-common_2.06-13+deb13u1_amd64.deb ]
[ 04 ] [ target/debs/trixie/p4lang-pi_0.1.1-1_amd64.deb ]
[ 05 ] [ target/debs/trixie/libdashapi_1.0.0_amd64.deb ]
[ 06 ] [ target/debs/trixie/lldpd_1.0.16-1+deb12u1_amd64.deb ]
[ 07 ] [ target/debs/trixie/lm-sensors_3.6.0-7.1_amd64.deb ]
[ 08 ] [ target/files/trixie/restapi.sh ]
[A[K[A[K[A[K[A[K[A[K[A[K[A[K[A[K[ 01 ] [ target/debs/trixie/linux-headers-6.12.41+deb13-common-sonic_6.12.41-1_all.deb ]
[ 02 ] [ target/debs/trixie/libtac2_1.4.1-1_amd64.deb ]
[ 03 ] [ target/debs/trixie/grub2-common_2.06-13+deb13u1_amd64.deb ]
[ 04 ] [ target/debs/trixie/p4lang-pi_0.1.1-1_amd64.deb ]
[ 05 ] [ target/debs/trixie/libdashapi_1.0.0_amd64.deb ]
[ 06 ] [ target/debs/trixie/lldpd_1.0.16-1+deb12u1_amd64.deb ]
[ 07 ] [ target/debs/trixie/lm-sensors_3.6.0-7.1_amd64.deb ]
[A[K[A[K[A[K[A[K[A[K[A[K[A[K[ 01 ] [ target/debs/trixie/linux-headers-6.12.41+deb13-common-sonic_6.12.41-1_all.deb ]
[ 02 ] [ target/debs/trixie/libtac2_1.4.1-1_amd64.deb ]
[ 03 ] [ target/debs/trixie/grub2-common_2.06-13+deb13u1_amd64.deb ]
[ 04 ] [ target/debs/trixie/p4lang-pi_0.1.1-1_amd64.deb ]
[ 05 ] [ target/debs/trixie/libdashapi_1.0.0_amd64.deb ]
[ 06 ] [ target/debs/trixie/lldpd_1.0.16-1+deb12u1_amd64.deb ]
[ 07 ] [ target/debs/trixie/lm-sensors_3.6.0-7.1_amd64.deb ]
[ 08 ] [ target/debs/trixie/hsflowd_2.0.51-26_amd64.deb ]
[A[K[A[K[A[K[A[K[A[K[A[K[A[K[A[K[ 01 ] [ target/debs/trixie/linux-headers-6.12.41+deb13-common-sonic_6.12.41-1_all.deb ]
[ 02 ] [ target/debs/trixie/libtac2_1.4.1-1_amd64.deb ]
[ 03 ] [ target/debs/trixie/grub2-common_2.06-13+deb13u1_amd64.deb ]
[ 04 ] [ target/debs/trixie/p4lang-pi_0.1.1-1_amd64.deb ]
[ 05 ] [ target/debs/trixie/libdashapi_1.0.0_amd64.deb ]
[ 06 ] [ target/debs/trixie/lldpd_1.0.16-1+deb12u1_amd64.deb ]
[ 07 ] [ target/debs/trixie/hsflowd_2.0.51-26_amd64.deb ]
[A[K[A[K[A[K[A[K[A[K[A[K[A[K[ 01 ] [ target/debs/trixie/linux-headers-6.12.41+deb13-common-sonic_6.12.41-1_all.deb ]
[ 02 ] [ target/debs/trixie/grub2-common_2.06-13+deb13u1_amd64.deb ]
[ 03 ] [ target/debs/trixie/p4lang-pi_0.1.1-1_amd64.deb ]
[ 04 ] [ target/debs/trixie/libdashapi_1.0.0_amd64.deb ]
[ 05 ] [ target/debs/trixie/lldpd_1.0.16-1+deb12u1_amd64.deb ]
[ 06 ] [ target/debs/trixie/hsflowd_2.0.51-26_amd64.deb ]
[A[K[A[K[A[K[A[K[A[K[A[K[ 01 ] [ target/debs/trixie/linux-headers-6.12.41+deb13-common-sonic_6.12.41-1_all.deb ]
[ 02 ] [ target/debs/trixie/grub2-common_2.06-13+deb13u1_amd64.deb ]
[ 03 ] [ target/debs/trixie/p4lang-pi_0.1.1-1_amd64.deb ]
[ 04 ] [ target/debs/trixie/libdashapi_1.0.0_amd64.deb ]
[ 05 ] [ target/debs/trixie/lldpd_1.0.16-1+deb12u1_amd64.deb ]
[ 06 ] [ target/debs/trixie/hsflowd_2.0.51-26_amd64.deb ]
[ 07 ] [ target/debs/trixie/sflowtool_5.04_amd64.deb ]
[A[K[A[K[A[K[A[K[A[K[A[K[A[K[ 01 ] [ target/debs/trixie/linux-headers-6.12.41+deb13-common-sonic_6.12.41-1_all.deb ]
[ 02 ] [ target/debs/trixie/grub2-common_2.06-13+deb13u1_amd64.deb ]
[ 03 ] [ target/debs/trixie/p4lang-pi_0.1.1-1_amd64.deb ]
[ 04 ] [ target/debs/trixie/libdashapi_1.0.0_amd64.deb ]
[ 05 ] [ target/debs/trixie/lldpd_1.0.16-1+deb12u1_amd64.deb ]
[ 06 ] [ target/debs/trixie/hsflowd_2.0.51-26_amd64.deb ]
[ 07 ] [ target/debs/trixie/sflowtool_5.04_amd64.deb ]
[ 08 ] [ target/debs/trixie/psample_1.1-1_amd64.deb ]
[A[K[A[K[A[K[A[K[A[K[A[K[A[K[A[K[ 01 ] [ target/debs/trixie/linux-headers-6.12.41+deb13-common-sonic_6.12.41-1_all.deb ]
[ 02 ] [ target/debs/trixie/grub2-common_2.06-13+deb13u1_amd64.deb ]
[ 03 ] [ target/debs/trixie/p4lang-pi_0.1.1-1_amd64.deb ]
[ 04 ] [ target/debs/trixie/libdashapi_1.0.0_amd64.deb ]
[ 05 ] [ target/debs/trixie/hsflowd_2.0.51-26_amd64.deb ]
[ 06 ] [ target/debs/trixie/sflowtool_5.04_amd64.deb ]
[ 07 ] [ target/debs/trixie/psample_1.1-1_amd64.deb ]
[A[K[A[K[A[K[A[K[A[K[A[K[A[K[ 01 ] [ target/debs/trixie/linux-headers-6.12.41+deb13-common-sonic_6.12.41-1_all.deb ]
[ 02 ] [ target/debs/trixie/grub2-common_2.06-13+deb13u1_amd64.deb ]
[ 03 ] [ target/debs/trixie/p4lang-pi_0.1.1-1_amd64.deb ]
[ 04 ] [ target/debs/trixie/libdashapi_1.0.0_amd64.deb ]
[ 05 ] [ target/debs/trixie/hsflowd_2.0.51-26_amd64.deb ]
[ 06 ] [ target/debs/trixie/sflowtool_5.04_amd64.deb ]
[ 07 ] [ target/debs/trixie/psample_1.1-1_amd64.deb ]
[ 08 ] [ target/docker-dash-engine.gz ]
[A[K[A[K[A[K[A[K[A[K[A[K[A[K[A[K[ 01 ] [ target/debs/trixie/linux-headers-6.12.41+deb13-common-sonic_6.12.41-1_all.deb ]
[ 02 ] [ target/debs/trixie/grub2-common_2.06-13+deb13u1_amd64.deb ]
[ 03 ] [ target/debs/trixie/p4lang-pi_0.1.1-1_amd64.deb ]
[ 04 ] [ target/debs/trixie/libdashapi_1.0.0_amd64.deb ]
[ 05 ] [ target/debs/trixie/hsflowd_2.0.51-26_amd64.deb ]
[ 06 ] [ target/debs/trixie/psample_1.1-1_amd64.deb ]
[ 07 ] [ target/docker-dash-engine.gz ]
[A[K[A[K[A[K[A[K[A[K[A[K[A[K[ 01 ] [ target/debs/trixie/linux-headers-6.12.41+deb13-common-sonic_6.12.41-1_all.deb ]
[ 02 ] [ target/debs/trixie/grub2-common_2.06-13+deb13u1_amd64.deb ]
[ 03 ] [ target/debs/trixie/p4lang-pi_0.1.1-1_amd64.deb ]
[ 04 ] [ target/debs/trixie/libdashapi_1.0.0_amd64.deb ]
[ 05 ] [ target/debs/trixie/hsflowd_2.0.51-26_amd64.deb ]
[ 06 ] [ target/debs/trixie/psample_1.1-1_amd64.deb ]
[ 07 ] [ target/docker-dash-engine.gz ]
[ 08 ] [ target/debs/trixie/isc-dhcp-relay_4.4.3-P1-2_amd64.deb ]
[A[K[A[K[A[K[A[K[A[K[A[K[A[K[A[K[ 01 ] [ target/debs/trixie/linux-headers-6.12.41+deb13-common-sonic_6.12.41-1_all.deb ]
[ 02 ] [ target/debs/trixie/grub2-common_2.06-13+deb13u1_amd64.deb ]
[ 03 ] [ target/debs/trixie/p4lang-pi_0.1.1-1_amd64.deb ]
[ 04 ] [ target/debs/trixie/libdashapi_1.0.0_amd64.deb ]
[ 05 ] [ target/debs/trixie/hsflowd_2.0.51-26_amd64.deb ]
[ 06 ] [ target/docker-dash-engine.gz ]
[ 07 ] [ target/debs/trixie/isc-dhcp-relay_4.4.3-P1-2_amd64.deb ]
[A[K[A[K[A[K[A[K[A[K[A[K[A[K[ 01 ] [ target/debs/trixie/linux-headers-6.12.41+deb13-common-sonic_6.12.41-1_all.deb ]
[ 02 ] [ target/debs/trixie/grub2-common_2.06-13+deb13u1_amd64.deb ]
[ 03 ] [ target/debs/trixie/p4lang-pi_0.1.1-1_amd64.deb ]
[ 04 ] [ target/debs/trixie/libdashapi_1.0.0_amd64.deb ]
[ 05 ] [ target/debs/trixie/hsflowd_2.0.51-26_amd64.deb ]
[ 06 ] [ target/docker-dash-engine.gz ]
[ 07 ] [ target/debs/trixie/isc-dhcp-relay_4.4.3-P1-2_amd64.deb ]
[ 08 ] [ target/debs/trixie/rasdaemon_0.6.8-1_amd64.deb ]
[A[K[A[K[A[K[A[K[A[K[A[K[A[K[A[K[ 01 ] [ target/debs/trixie/linux-headers-6.12.41+deb13-common-sonic_6.12.41-1_all.deb ]
[ 02 ] [ target/debs/trixie/grub2-common_2.06-13+deb13u1_amd64.deb ]
[ 03 ] [ target/debs/trixie/p4lang-pi_0.1.1-1_amd64.deb ]
[ 04 ] [ target/debs/trixie/hsflowd_2.0.51-26_amd64.deb ]
[ 05 ] [ target/docker-dash-engine.gz ]
[ 06 ] [ target/debs/trixie/isc-dhcp-relay_4.4.3-P1-2_amd64.deb ]
[ 07 ] [ target/debs/trixie/rasdaemon_0.6.8-1_amd64.deb ]
[A[K[A[K[A[K[A[K[A[K[A[K[A[K[ 01 ] [ target/debs/trixie/linux-headers-6.12.41+deb13-common-sonic_6.12.41-1_all.deb ]
[ 02 ] [ target/debs/trixie/grub2-common_2.06-13+deb13u1_amd64.deb ]
[ 03 ] [ target/debs/trixie/p4lang-pi_0.1.1-1_amd64.deb ]
[ 04 ] [ target/debs/trixie/hsflowd_2.0.51-26_amd64.deb ]
[ 05 ] [ target/docker-dash-engine.gz ]
[ 06 ] [ target/debs/trixie/isc-dhcp-relay_4.4.3-P1-2_amd64.deb ]
[ 07 ] [ target/debs/trixie/rasdaemon_0.6.8-1_amd64.deb ]
[ 08 ] [ target/files/trixie/remote_ctr.config.json ]
[A[K[A[K[A[K[A[K[A[K[A[K[A[K[A[K[ 01 ] [ target/debs/trixie/linux-headers-6.12.41+deb13-common-sonic_6.12.41-1_all.deb ]
[ 02 ] [ target/debs/trixie/grub2-common_2.06-13+deb13u1_amd64.deb ]
[ 03 ] [ target/debs/trixie/p4lang-pi_0.1.1-1_amd64.deb ]
[ 04 ] [ target/debs/trixie/hsflowd_2.0.51-26_amd64.deb ]
[ 05 ] [ target/docker-dash-engine.gz ]
[ 06 ] [ target/debs/trixie/isc-dhcp-relay_4.4.3-P1-2_amd64.deb ]
[ 07 ] [ target/debs/trixie/rasdaemon_0.6.8-1_amd64.deb ]
[A[K[A[K[A[K[A[K[A[K[A[K[A[K[ 01 ] [ target/debs/trixie/linux-headers-6.12.41+deb13-common-sonic_6.12.41-1_all.deb ]
[ 02 ] [ target/debs/trixie/grub2-common_2.06-13+deb13u1_amd64.deb ]
[ 03 ] [ target/debs/trixie/p4lang-pi_0.1.1-1_amd64.deb ]
[ 04 ] [ target/debs/trixie/hsflowd_2.0.51-26_amd64.deb ]
[ 05 ] [ target/docker-dash-engine.gz ]
[ 06 ] [ target/debs/trixie/isc-dhcp-relay_4.4.3-P1-2_amd64.deb ]
[ 07 ] [ target/debs/trixie/rasdaemon_0.6.8-1_amd64.deb ]
[ 08 ] [ target/files/trixie/ctrmgrd.service ]
[A[K[A[K[A[K[A[K[A[K[A[K[A[K[A[K[ 01 ] [ target/debs/trixie/linux-headers-6.12.41+deb13-common-sonic_6.12.41-1_all.deb ]
[ 02 ] [ target/debs/trixie/grub2-common_2.06-13+deb13u1_amd64.deb ]
[ 03 ] [ target/debs/trixie/p4lang-pi_0.1.1-1_amd64.deb ]
[ 04 ] [ target/debs/trixie/hsflowd_2.0.51-26_amd64.deb ]
[ 05 ] [ target/docker-dash-engine.gz ]
[ 06 ] [ target/debs/trixie/isc-dhcp-relay_4.4.3-P1-2_amd64.deb ]
[ 07 ] [ target/debs/trixie/rasdaemon_0.6.8-1_amd64.deb ]
[A[K[A[K[A[K[A[K[A[K[A[K[A[K[ 01 ] [ target/debs/trixie/linux-headers-6.12.41+deb13-common-sonic_6.12.41-1_all.deb ]
[ 02 ] [ target/debs/trixie/grub2-common_2.06-13+deb13u1_amd64.deb ]
[ 03 ] [ target/debs/trixie/p4lang-pi_0.1.1-1_amd64.deb ]
[ 04 ] [ target/debs/trixie/hsflowd_2.0.51-26_amd64.deb ]
[ 05 ] [ target/docker-dash-engine.gz ]
[ 06 ] [ target/debs/trixie/isc-dhcp-relay_4.4.3-P1-2_amd64.deb ]
[ 07 ] [ target/debs/trixie/rasdaemon_0.6.8-1_amd64.deb ]
[ 08 ] [ target/debs/trixie/libpam-tacplus_1.4.1-1_amd64.deb ]
[A[K[A[K[A[K[A[K[A[K[A[K[A[K[A[K[ 01 ] [ target/debs/trixie/linux-headers-6.12.41+deb13-common-sonic_6.12.41-1_all.deb ]
[ 02 ] [ target/debs/trixie/grub2-common_2.06-13+deb13u1_amd64.deb ]
[ 03 ] [ target/debs/trixie/p4lang-pi_0.1.1-1_amd64.deb ]
[ 04 ] [ target/debs/trixie/hsflowd_2.0.51-26_amd64.deb ]
[ 05 ] [ target/docker-dash-engine.gz ]
[ 06 ] [ target/debs/trixie/isc-dhcp-relay_4.4.3-P1-2_amd64.deb ]
[ 07 ] [ target/debs/trixie/rasdaemon_0.6.8-1_amd64.deb ]
[A[K[A[K[A[K[A[K[A[K[A[K[A[K[ 01 ] [ target/debs/trixie/linux-headers-6.12.41+deb13-common-sonic_6.12.41-1_all.deb ]
[ 02 ] [ target/debs/trixie/grub2-common_2.06-13+deb13u1_amd64.deb ]
[ 03 ] [ target/debs/trixie/p4lang-pi_0.1.1-1_amd64.deb ]
[ 04 ] [ target/debs/trixie/hsflowd_2.0.51-26_amd64.deb ]
[ 05 ] [ target/docker-dash-engine.gz ]
[ 06 ] [ target/debs/trixie/isc-dhcp-relay_4.4.3-P1-2_amd64.deb ]
[ 07 ] [ target/debs/trixie/rasdaemon_0.6.8-1_amd64.deb ]
[ 08 ] [ target/debs/trixie/libtac-dev_1.4.1-1_amd64.deb ]
[A[K[A[K[A[K[A[K[A[K[A[K[A[K[A[K[ 01 ] [ target/debs/trixie/linux-headers-6.12.41+deb13-common-sonic_6.12.41-1_all.deb ]
[ 02 ] [ target/debs/trixie/grub2-common_2.06-13+deb13u1_amd64.deb ]
[ 03 ] [ target/debs/trixie/p4lang-pi_0.1.1-1_amd64.deb ]
[ 04 ] [ target/debs/trixie/hsflowd_2.0.51-26_amd64.deb ]
[ 05 ] [ target/docker-dash-engine.gz ]
[ 06 ] [ target/debs/trixie/isc-dhcp-relay_4.4.3-P1-2_amd64.deb ]
[ 07 ] [ target/debs/trixie/rasdaemon_0.6.8-1_amd64.deb ]
[A[K[A[K[A[K[A[K[A[K[A[K[A[K[ 01 ] [ target/debs/trixie/linux-headers-6.12.41+deb13-common-sonic_6.12.41-1_all.deb ]
[ 02 ] [ target/debs/trixie/grub2-common_2.06-13+deb13u1_amd64.deb ]
[ 03 ] [ target/debs/trixie/p4lang-pi_0.1.1-1_amd64.deb ]
[ 04 ] [ target/debs/trixie/hsflowd_2.0.51-26_amd64.deb ]
[ 05 ] [ target/docker-dash-engine.gz ]
[ 06 ] [ target/debs/trixie/isc-dhcp-relay_4.4.3-P1-2_amd64.deb ]
[ 07 ] [ target/debs/trixie/rasdaemon_0.6.8-1_amd64.deb ]
[ 08 ] [ target/debs/trixie/libtac2_1.4.1-1_amd64.deb-install ]
[A[K[A[K[A[K[A[K[A[K[A[K[A[K[A[K[ 01 ] [ target/debs/trixie/linux-headers-6.12.41+deb13-common-sonic_6.12.41-1_all.deb ]
[ 02 ] [ target/debs/trixie/grub2-common_2.06-13+deb13u1_amd64.deb ]
[ 03 ] [ target/debs/trixie/p4lang-pi_0.1.1-1_amd64.deb ]
[ 04 ] [ target/debs/trixie/hsflowd_2.0.51-26_amd64.deb ]
[ 05 ] [ target/docker-dash-engine.gz ]
[ 06 ] [ target/debs/trixie/isc-dhcp-relay_4.4.3-P1-2_amd64.deb ]
[ 07 ] [ target/debs/trixie/rasdaemon_0.6.8-1_amd64.deb ]
[A[K[A[K[A[K[A[K[A[K[A[K[A[K[ 01 ] [ target/debs/trixie/linux-headers-6.12.41+deb13-common-sonic_6.12.41-1_all.deb ]
[ 02 ] [ target/debs/trixie/grub2-common_2.06-13+deb13u1_amd64.deb ]
[ 03 ] [ target/debs/trixie/p4lang-pi_0.1.1-1_amd64.deb ]
[ 04 ] [ target/debs/trixie/hsflowd_2.0.51-26_amd64.deb ]
[ 05 ] [ target/docker-dash-engine.gz ]
[ 06 ] [ target/debs/trixie/isc-dhcp-relay_4.4.3-P1-2_amd64.deb ]
[ 07 ] [ target/debs/trixie/rasdaemon_0.6.8-1_amd64.deb ]
[ 08 ] [ target/debs/trixie/libnl-3-dev_3.7.0-0.2+b1sonic1_amd64.deb ]
[A[K[A[K[A[K[A[K[A[K[A[K[A[K[A[K[ 01 ] [ target/debs/trixie/linux-headers-6.12.41+deb13-common-sonic_6.12.41-1_all.deb ]
[ 02 ] [ target/debs/trixie/grub2-common_2.06-13+deb13u1_amd64.deb ]
[ 03 ] [ target/debs/trixie/p4lang-pi_0.1.1-1_amd64.deb ]
[ 04 ] [ target/debs/trixie/hsflowd_2.0.51-26_amd64.deb ]
[ 05 ] [ target/docker-dash-engine.gz ]
[ 06 ] [ target/debs/trixie/isc-dhcp-relay_4.4.3-P1-2_amd64.deb ]
[ 07 ] [ target/debs/trixie/rasdaemon_0.6.8-1_amd64.deb ]
[A[K[A[K[A[K[A[K[A[K[A[K[A[K[ 01 ] [ target/debs/trixie/linux-headers-6.12.41+deb13-common-sonic_6.12.41-1_all.deb ]
[ 02 ] [ target/debs/trixie/grub2-common_2.06-13+deb13u1_amd64.deb ]
[ 03 ] [ target/debs/trixie/p4lang-pi_0.1.1-1_amd64.deb ]
[ 04 ] [ target/debs/trixie/hsflowd_2.0.51-26_amd64.deb ]
[ 05 ] [ target/docker-dash-engine.gz ]
[ 06 ] [ target/debs/trixie/isc-dhcp-relay_4.4.3-P1-2_amd64.deb ]
[ 07 ] [ target/debs/trixie/rasdaemon_0.6.8-1_amd64.deb ]
[ 08 ] [ target/debs/trixie/libnl-route-3-200_3.7.0-0.2+b1sonic1_amd64.deb ]
[A[K[A[K[A[K[A[K[A[K[A[K[A[K[A[K[ 01 ] [ target/debs/trixie/linux-headers-6.12.41+deb13-common-sonic_6.12.41-1_all.deb ]
[ 02 ] [ target/debs/trixie/grub2-common_2.06-13+deb13u1_amd64.deb ]
[ 03 ] [ target/debs/trixie/p4lang-pi_0.1.1-1_amd64.deb ]
[ 04 ] [ target/debs/trixie/hsflowd_2.0.51-26_amd64.deb ]
[ 05 ] [ target/docker-dash-engine.gz ]
[ 06 ] [ target/debs/trixie/isc-dhcp-relay_4.4.3-P1-2_amd64.deb ]
[ 07 ] [ target/debs/trixie/rasdaemon_0.6.8-1_amd64.deb ]
[A[K[A[K[A[K[A[K[A[K[A[K[A[K[ 01 ] [ target/debs/trixie/linux-headers-6.12.41+deb13-common-sonic_6.12.41-1_all.deb ]
[ 02 ] [ target/debs/trixie/grub2-common_2.06-13+deb13u1_amd64.deb ]
[ 03 ] [ target/debs/trixie/p4lang-pi_0.1.1-1_amd64.deb ]
[ 04 ] [ target/debs/trixie/hsflowd_2.0.51-26_amd64.deb ]
[ 05 ] [ target/docker-dash-engine.gz ]
[ 06 ] [ target/debs/trixie/isc-dhcp-relay_4.4.3-P1-2_amd64.deb ]
[ 07 ] [ target/debs/trixie/rasdaemon_0.6.8-1_amd64.deb ]
[ 08 ] [ target/debs/trixie/libnl-3-dev_3.7.0-0.2+b1sonic1_amd64.deb-install ]
[A[K[A[K[A[K[A[K[A[K[A[K[A[K[A[K[ 01 ] [ target/debs/trixie/linux-headers-6.12.41+deb13-common-sonic_6.12.41-1_all.deb ]
[ 02 ] [ target/debs/trixie/grub2-common_2.06-13+deb13u1_amd64.deb ]
[ 03 ] [ target/debs/trixie/p4lang-pi_0.1.1-1_amd64.deb ]
[ 04 ] [ target/debs/trixie/hsflowd_2.0.51-26_amd64.deb ]
[ 05 ] [ target/docker-dash-engine.gz ]
[ 06 ] [ target/debs/trixie/isc-dhcp-relay_4.4.3-P1-2_amd64.deb ]
[ 07 ] [ target/debs/trixie/rasdaemon_0.6.8-1_amd64.deb ]
[A[K[A[K[A[K[A[K[A[K[A[K[A[K[ 01 ] [ target/debs/trixie/linux-headers-6.12.41+deb13-common-sonic_6.12.41-1_all.deb ]
[ 02 ] [ target/debs/trixie/grub2-common_2.06-13+deb13u1_amd64.deb ]
[ 03 ] [ target/debs/trixie/p4lang-pi_0.1.1-1_amd64.deb ]
[ 04 ] [ target/debs/trixie/hsflowd_2.0.51-26_amd64.deb ]
[ 05 ] [ target/docker-dash-engine.gz ]
[ 06 ] [ target/debs/trixie/isc-dhcp-relay_4.4.3-P1-2_amd64.deb ]
[ 07 ] [ target/debs/trixie/rasdaemon_0.6.8-1_amd64.deb ]
[ 08 ] [ target/debs/trixie/libnl-route-3-200_3.7.0-0.2+b1sonic1_amd64.deb-install ]
[A[K[A[K[A[K[A[K[A[K[A[K[A[K[A[K[ 01 ] [ target/debs/trixie/linux-headers-6.12.41+deb13-common-sonic_6.12.41-1_all.deb ]
[ 02 ] [ target/debs/trixie/grub2-common_2.06-13+deb13u1_amd64.deb ]
[ 03 ] [ target/debs/trixie/p4lang-pi_0.1.1-1_amd64.deb ]
[ 04 ] [ target/debs/trixie/hsflowd_2.0.51-26_amd64.deb ]
[ 05 ] [ target/docker-dash-engine.gz ]
[ 06 ] [ target/debs/trixie/isc-dhcp-relay_4.4.3-P1-2_amd64.deb ]
[ 07 ] [ target/debs/trixie/rasdaemon_0.6.8-1_amd64.deb ]
[A[K[A[K[A[K[A[K[A[K[A[K[A[K[ 01 ] [ target/debs/trixie/linux-headers-6.12.41+deb13-common-sonic_6.12.41-1_all.deb ]
[ 02 ] [ target/debs/trixie/grub2-common_2.06-13+deb13u1_amd64.deb ]
[ 03 ] [ target/debs/trixie/p4lang-pi_0.1.1-1_amd64.deb ]
[ 04 ] [ target/debs/trixie/hsflowd_2.0.51-26_amd64.deb ]
[ 05 ] [ target/docker-dash-engine.gz ]
[ 06 ] [ target/debs/trixie/isc-dhcp-relay_4.4.3-P1-2_amd64.deb ]
[ 07 ] [ target/debs/trixie/rasdaemon_0.6.8-1_amd64.deb ]
[ 08 ] [ target/debs/trixie/libyang-dev_3.12.2-1_amd64.deb ]
[A[K[A[K[A[K[A[K[A[K[A[K[A[K[A[K[ 01 ] [ target/debs/trixie/linux-headers-6.12.41+deb13-common-sonic_6.12.41-1_all.deb ]
[ 02 ] [ target/debs/trixie/grub2-common_2.06-13+deb13u1_amd64.deb ]
[ 03 ] [ target/debs/trixie/p4lang-pi_0.1.1-1_amd64.deb ]
[ 04 ] [ target/debs/trixie/hsflowd_2.0.51-26_amd64.deb ]
[ 05 ] [ target/docker-dash-engine.gz ]
[ 06 ] [ target/debs/trixie/isc-dhcp-relay_4.4.3-P1-2_amd64.deb ]
[ 07 ] [ target/debs/trixie/rasdaemon_0.6.8-1_amd64.deb ]
[A[K[A[K[A[K[A[K[A[K[A[K[A[K[ 01 ] [ target/debs/trixie/linux-headers-6.12.41+deb13-common-sonic_6.12.41-1_all.deb ]
[ 02 ] [ target/debs/trixie/grub2-common_2.06-13+deb13u1_amd64.deb ]
[ 03 ] [ target/debs/trixie/p4lang-pi_0.1.1-1_amd64.deb ]
[ 04 ] [ target/debs/trixie/hsflowd_2.0.51-26_amd64.deb ]
[ 05 ] [ target/docker-dash-engine.gz ]
[ 06 ] [ target/debs/trixie/isc-dhcp-relay_4.4.3-P1-2_amd64.deb ]
[ 07 ] [ target/debs/trixie/rasdaemon_0.6.8-1_amd64.deb ]
[ 08 ] [ target/debs/trixie/libnl-genl-3-200_3.7.0-0.2+b1sonic1_amd64.deb ]
[A[K[A[K[A[K[A[K[A[K[A[K[A[K[A[K[ 01 ] [ target/debs/trixie/linux-headers-6.12.41+deb13-common-sonic_6.12.41-1_all.deb ]
[ 02 ] [ target/debs/trixie/grub2-common_2.06-13+deb13u1_amd64.deb ]
[ 03 ] [ target/debs/trixie/p4lang-pi_0.1.1-1_amd64.deb ]
[ 04 ] [ target/debs/trixie/hsflowd_2.0.51-26_amd64.deb ]
[ 05 ] [ target/docker-dash-engine.gz ]
[ 06 ] [ target/debs/trixie/isc-dhcp-relay_4.4.3-P1-2_amd64.deb ]
[ 07 ] [ target/debs/trixie/rasdaemon_0.6.8-1_amd64.deb ]
[A[K[A[K[A[K[A[K[A[K[A[K[A[K[ 01 ] [ target/debs/trixie/linux-headers-6.12.41+deb13-common-sonic_6.12.41-1_all.deb ]
[ 02 ] [ target/debs/trixie/grub2-common_2.06-13+deb13u1_amd64.deb ]
[ 03 ] [ target/debs/trixie/p4lang-pi_0.1.1-1_amd64.deb ]
[ 04 ] [ target/debs/trixie/hsflowd_2.0.51-26_amd64.deb ]
[ 05 ] [ target/docker-dash-engine.gz ]
[ 06 ] [ target/debs/trixie/isc-dhcp-relay_4.4.3-P1-2_amd64.deb ]
[ 07 ] [ target/debs/trixie/rasdaemon_0.6.8-1_amd64.deb ]
[ 08 ] [ target/debs/trixie/libyang-dev_3.12.2-1_amd64.deb-install ]
[A[K[A[K[A[K[A[K[A[K[A[K[A[K[A[K[ 01 ] [ target/debs/trixie/linux-headers-6.12.41+deb13-common-sonic_6.12.41-1_all.deb ]
[ 02 ] [ target/debs/trixie/grub2-common_2.06-13+deb13u1_amd64.deb ]
[ 03 ] [ target/debs/trixie/p4lang-pi_0.1.1-1_amd64.deb ]
[ 04 ] [ target/debs/trixie/hsflowd_2.0.51-26_amd64.deb ]
[ 05 ] [ target/docker-dash-engine.gz ]
[ 06 ] [ target/debs/trixie/isc-dhcp-relay_4.4.3-P1-2_amd64.deb ]
[ 07 ] [ target/debs/trixie/rasdaemon_0.6.8-1_amd64.deb ]
[A[K[A[K[A[K[A[K[A[K[A[K[A[K[ 01 ] [ target/debs/trixie/linux-headers-6.12.41+deb13-common-sonic_6.12.41-1_all.deb ]
[ 02 ] [ target/debs/trixie/grub2-common_2.06-13+deb13u1_amd64.deb ]
[ 03 ] [ target/debs/trixie/p4lang-pi_0.1.1-1_amd64.deb ]
[ 04 ] [ target/debs/trixie/hsflowd_2.0.51-26_amd64.deb ]
[ 05 ] [ target/docker-dash-engine.gz ]
[ 06 ] [ target/debs/trixie/isc-dhcp-relay_4.4.3-P1-2_amd64.deb ]
[ 07 ] [ target/debs/trixie/rasdaemon_0.6.8-1_amd64.deb ]
[ 08 ] [ target/debs/trixie/libnl-genl-3-200_3.7.0-0.2+b1sonic1_amd64.deb-install ]
[A[K[A[K[A[K[A[K[A[K[A[K[A[K[A[K[ 01 ] [ target/debs/trixie/linux-headers-6.12.41+deb13-common-sonic_6.12.41-1_all.deb ]
[ 02 ] [ target/debs/trixie/grub2-common_2.06-13+deb13u1_amd64.deb ]
[ 03 ] [ target/debs/trixie/p4lang-pi_0.1.1-1_amd64.deb ]
[ 04 ] [ target/debs/trixie/hsflowd_2.0.51-26_amd64.deb ]
[ 05 ] [ target/docker-dash-engine.gz ]
[ 06 ] [ target/debs/trixie/isc-dhcp-relay_4.4.3-P1-2_amd64.deb ]
[ 07 ] [ target/debs/trixie/rasdaemon_0.6.8-1_amd64.deb ]
[A[K[A[K[A[K[A[K[A[K[A[K[A[K[ 01 ] [ target/debs/trixie/linux-headers-6.12.41+deb13-common-sonic_6.12.41-1_all.deb ]
[ 02 ] [ target/debs/trixie/grub2-common_2.06-13+deb13u1_amd64.deb ]
[ 03 ] [ target/debs/trixie/p4lang-pi_0.1.1-1_amd64.deb ]
[ 04 ] [ target/debs/trixie/hsflowd_2.0.51-26_amd64.deb ]
[ 05 ] [ target/docker-dash-engine.gz ]
[ 06 ] [ target/debs/trixie/isc-dhcp-relay_4.4.3-P1-2_amd64.deb ]
[ 07 ] [ target/debs/trixie/rasdaemon_0.6.8-1_amd64.deb ]
[ 08 ] [ target/python-wheels/trixie/swsssdk-2.0.1-py3-none-any.whl ]
[A[K[A[K[A[K[A[K[A[K[A[K[A[K[A[K[ 01 ] [ target/debs/trixie/linux-headers-6.12.41+deb13-common-sonic_6.12.41-1_all.deb ]
[ 02 ] [ target/debs/trixie/grub2-common_2.06-13+deb13u1_amd64.deb ]
[ 03 ] [ target/debs/trixie/p4lang-pi_0.1.1-1_amd64.deb ]
[ 04 ] [ target/debs/trixie/hsflowd_2.0.51-26_amd64.deb ]
[ 05 ] [ target/docker-dash-engine.gz ]
[ 06 ] [ target/debs/trixie/isc-dhcp-relay_4.4.3-P1-2_amd64.deb ]
[ 07 ] [ target/python-wheels/trixie/swsssdk-2.0.1-py3-none-any.whl ]
[A[K[A[K[A[K[A[K[A[K[A[K[A[K[ 01 ] [ target/debs/trixie/linux-headers-6.12.41+deb13-common-sonic_6.12.41-1_all.deb ]
[ 02 ] [ target/debs/trixie/grub2-common_2.06-13+deb13u1_amd64.deb ]
[ 03 ] [ target/debs/trixie/p4lang-pi_0.1.1-1_amd64.deb ]
[ 04 ] [ target/debs/trixie/hsflowd_2.0.51-26_amd64.deb ]
[ 05 ] [ target/docker-dash-engine.gz ]
[ 06 ] [ target/debs/trixie/isc-dhcp-relay_4.4.3-P1-2_amd64.deb ]
[ 07 ] [ target/python-wheels/trixie/swsssdk-2.0.1-py3-none-any.whl ]
[ 08 ] [ target/debs/trixie/libtac-dev_1.4.1-1_amd64.deb-install ]
[A[K[A[K[A[K[A[K[A[K[A[K[A[K[A[K[ 01 ] [ target/debs/trixie/linux-headers-6.12.41+deb13-common-sonic_6.12.41-1_all.deb ]
[ 02 ] [ target/debs/trixie/grub2-common_2.06-13+deb13u1_amd64.deb ]
[ 03 ] [ target/debs/trixie/p4lang-pi_0.1.1-1_amd64.deb ]
[ 04 ] [ target/debs/trixie/hsflowd_2.0.51-26_amd64.deb ]
[ 05 ] [ target/docker-dash-engine.gz ]
[ 06 ] [ target/debs/trixie/isc-dhcp-relay_4.4.3-P1-2_amd64.deb ]
[ 07 ] [ target/python-wheels/trixie/swsssdk-2.0.1-py3-none-any.whl ]
[A[K[A[K[A[K[A[K[A[K[A[K[A[K[ 01 ] [ target/debs/trixie/linux-headers-6.12.41+deb13-common-sonic_6.12.41-1_all.deb ]
[ 02 ] [ target/debs/trixie/grub2-common_2.06-13+deb13u1_amd64.deb ]
[ 03 ] [ target/debs/trixie/p4lang-pi_0.1.1-1_amd64.deb ]
[ 04 ] [ target/debs/trixie/hsflowd_2.0.51-26_amd64.deb ]
[ 05 ] [ target/docker-dash-engine.gz ]
[ 06 ] [ target/debs/trixie/isc-dhcp-relay_4.4.3-P1-2_amd64.deb ]
[ 07 ] [ target/python-wheels/trixie/swsssdk-2.0.1-py3-none-any.whl ]
[ 08 ] [ target/debs/trixie/libssl3t64_3.5.4-1+fips_amd64.deb ]
[A[K[A[K[A[K[A[K[A[K[A[K[A[K[A[K[ 01 ] [ target/debs/trixie/linux-headers-6.12.41+deb13-common-sonic_6.12.41-1_all.deb ]
[ 02 ] [ target/debs/trixie/grub2-common_2.06-13+deb13u1_amd64.deb ]
[ 03 ] [ target/debs/trixie/p4lang-pi_0.1.1-1_amd64.deb ]
[ 04 ] [ target/debs/trixie/hsflowd_2.0.51-26_amd64.deb ]
[ 05 ] [ target/docker-dash-engine.gz ]
[ 06 ] [ target/debs/trixie/isc-dhcp-relay_4.4.3-P1-2_amd64.deb ]
[ 07 ] [ target/python-wheels/trixie/swsssdk-2.0.1-py3-none-any.whl ]
[A[K[A[K[A[K[A[K[A[K[A[K[A[K[ 01 ] [ target/debs/trixie/linux-headers-6.12.41+deb13-common-sonic_6.12.41-1_all.deb ]
[ 02 ] [ target/debs/trixie/grub2-common_2.06-13+deb13u1_amd64.deb ]
[ 03 ] [ target/debs/trixie/p4lang-pi_0.1.1-1_amd64.deb ]
[ 04 ] [ target/debs/trixie/hsflowd_2.0.51-26_amd64.deb ]
[ 05 ] [ target/docker-dash-engine.gz ]
[ 06 ] [ target/debs/trixie/isc-dhcp-relay_4.4.3-P1-2_amd64.deb ]
[ 07 ] [ target/python-wheels/trixie/swsssdk-2.0.1-py3-none-any.whl ]
[ 08 ] [ target/debs/trixie/libssl-dev_3.5.4-1+fips_amd64.deb ]
[A[K[A[K[A[K[A[K[A[K[A[K[A[K[A[K[ 01 ] [ target/debs/trixie/linux-headers-6.12.41+deb13-common-sonic_6.12.41-1_all.deb ]
[ 02 ] [ target/debs/trixie/grub2-common_2.06-13+deb13u1_amd64.deb ]
[ 03 ] [ target/debs/trixie/p4lang-pi_0.1.1-1_amd64.deb ]
[ 04 ] [ target/debs/trixie/hsflowd_2.0.51-26_amd64.deb ]
[ 05 ] [ target/docker-dash-engine.gz ]
[ 06 ] [ target/debs/trixie/isc-dhcp-relay_4.4.3-P1-2_amd64.deb ]
[ 07 ] [ target/python-wheels/trixie/swsssdk-2.0.1-py3-none-any.whl ]
[A[K[A[K[A[K[A[K[A[K[A[K[A[K[ 01 ] [ target/debs/trixie/grub2-common_2.06-13+deb13u1_amd64.deb ]
[ 02 ] [ target/debs/trixie/p4lang-pi_0.1.1-1_amd64.deb ]
[ 03 ] [ target/debs/trixie/hsflowd_2.0.51-26_amd64.deb ]
[ 04 ] [ target/docker-dash-engine.gz ]
[ 05 ] [ target/debs/trixie/isc-dhcp-relay_4.4.3-P1-2_amd64.deb ]
[ 06 ] [ target/python-wheels/trixie/swsssdk-2.0.1-py3-none-any.whl ]
[A[K[A[K[A[K[A[K[A[K[A[K[ 01 ] [ target/debs/trixie/grub2-common_2.06-13+deb13u1_amd64.deb ]
[ 02 ] [ target/debs/trixie/p4lang-pi_0.1.1-1_amd64.deb ]
[ 03 ] [ target/debs/trixie/hsflowd_2.0.51-26_amd64.deb ]
[ 04 ] [ target/docker-dash-engine.gz ]
[ 05 ] [ target/debs/trixie/isc-dhcp-relay_4.4.3-P1-2_amd64.deb ]
[ 06 ] [ target/python-wheels/trixie/swsssdk-2.0.1-py3-none-any.whl ]
[ 07 ] [ target/debs/trixie/libk5crypto3_1.21.3-5+fips_amd64.deb ]
[A[K[A[K[A[K[A[K[A[K[A[K[A[K[ 01 ] [ target/debs/trixie/grub2-common_2.06-13+deb13u1_amd64.deb ]
[ 02 ] [ target/debs/trixie/p4lang-pi_0.1.1-1_amd64.deb ]
[ 03 ] [ target/debs/trixie/hsflowd_2.0.51-26_amd64.deb ]
[ 04 ] [ target/docker-dash-engine.gz ]
[ 05 ] [ target/debs/trixie/isc-dhcp-relay_4.4.3-P1-2_amd64.deb ]
[ 06 ] [ target/python-wheels/trixie/swsssdk-2.0.1-py3-none-any.whl ]
[A[K[A[K[A[K[A[K[A[K[A[K[ 01 ] [ target/debs/trixie/grub2-common_2.06-13+deb13u1_amd64.deb ]
[ 02 ] [ target/debs/trixie/p4lang-pi_0.1.1-1_amd64.deb ]
[ 03 ] [ target/debs/trixie/hsflowd_2.0.51-26_amd64.deb ]
[ 04 ] [ target/docker-dash-engine.gz ]
[ 05 ] [ target/debs/trixie/isc-dhcp-relay_4.4.3-P1-2_amd64.deb ]
[ 06 ] [ target/python-wheels/trixie/swsssdk-2.0.1-py3-none-any.whl ]
[ 07 ] [ target/debs/trixie/libkrb5support0_1.21.3-5+fips_amd64.deb ]
[A[K[A[K[A[K[A[K[A[K[A[K[A[K[ 01 ] [ target/debs/trixie/grub2-common_2.06-13+deb13u1_amd64.deb ]
[ 02 ] [ target/debs/trixie/p4lang-pi_0.1.1-1_amd64.deb ]
[ 03 ] [ target/debs/trixie/hsflowd_2.0.51-26_amd64.deb ]
[ 04 ] [ target/docker-dash-engine.gz ]
[ 05 ] [ target/debs/trixie/isc-dhcp-relay_4.4.3-P1-2_amd64.deb ]
[ 06 ] [ target/python-wheels/trixie/swsssdk-2.0.1-py3-none-any.whl ]
[A[K[A[K[A[K[A[K[A[K[A[K[ 01 ] [ target/debs/trixie/grub2-common_2.06-13+deb13u1_amd64.deb ]
[ 02 ] [ target/debs/trixie/p4lang-pi_0.1.1-1_amd64.deb ]
[ 03 ] [ target/debs/trixie/hsflowd_2.0.51-26_amd64.deb ]
[ 04 ] [ target/docker-dash-engine.gz ]
[ 05 ] [ target/debs/trixie/isc-dhcp-relay_4.4.3-P1-2_amd64.deb ]
[ 06 ] [ target/python-wheels/trixie/swsssdk-2.0.1-py3-none-any.whl ]
[ 07 ] [ target/debs/trixie/libkrb5-3_1.21.3-5+fips_amd64.deb ]
[A[K[A[K[A[K[A[K[A[K[A[K[A[K[ 01 ] [ target/debs/trixie/grub2-common_2.06-13+deb13u1_amd64.deb ]
[ 02 ] [ target/debs/trixie/p4lang-pi_0.1.1-1_amd64.deb ]
[ 03 ] [ target/debs/trixie/hsflowd_2.0.51-26_amd64.deb ]
[ 04 ] [ target/docker-dash-engine.gz ]
[ 05 ] [ target/debs/trixie/isc-dhcp-relay_4.4.3-P1-2_amd64.deb ]
[ 06 ] [ target/python-wheels/trixie/swsssdk-2.0.1-py3-none-any.whl ]
[A[K[A[K[A[K[A[K[A[K[A[K[ 01 ] [ target/debs/trixie/grub2-common_2.06-13+deb13u1_amd64.deb ]
[ 02 ] [ target/debs/trixie/p4lang-pi_0.1.1-1_amd64.deb ]
[ 03 ] [ target/debs/trixie/hsflowd_2.0.51-26_amd64.deb ]
[ 04 ] [ target/docker-dash-engine.gz ]
[ 05 ] [ target/debs/trixie/isc-dhcp-relay_4.4.3-P1-2_amd64.deb ]
[ 06 ] [ target/python-wheels/trixie/swsssdk-2.0.1-py3-none-any.whl ]
[ 07 ] [ target/debs/trixie/libgssapi-krb5-2_1.21.3-5+fips_amd64.deb ]
[A[K[A[K[A[K[A[K[A[K[A[K[A[K[ 01 ] [ target/debs/trixie/grub2-common_2.06-13+deb13u1_amd64.deb ]
[ 02 ] [ target/debs/trixie/p4lang-pi_0.1.1-1_amd64.deb ]
[ 03 ] [ target/debs/trixie/hsflowd_2.0.51-26_amd64.deb ]
[ 04 ] [ target/docker-dash-engine.gz ]
[ 05 ] [ target/debs/trixie/isc-dhcp-relay_4.4.3-P1-2_amd64.deb ]
[ 06 ] [ target/python-wheels/trixie/swsssdk-2.0.1-py3-none-any.whl ]
[A[K[A[K[A[K[A[K[A[K[A[K[ 01 ] [ target/debs/trixie/grub2-common_2.06-13+deb13u1_amd64.deb ]
[ 02 ] [ target/debs/trixie/p4lang-pi_0.1.1-1_amd64.deb ]
[ 03 ] [ target/debs/trixie/hsflowd_2.0.51-26_amd64.deb ]
[ 04 ] [ target/docker-dash-engine.gz ]
[ 05 ] [ target/debs/trixie/isc-dhcp-relay_4.4.3-P1-2_amd64.deb ]
[ 06 ] [ target/python-wheels/trixie/swsssdk-2.0.1-py3-none-any.whl ]
[ 07 ] [ target/debs/trixie/libnexthopgroup-dev_1.0.0_amd64.deb ]
[A[K[A[K[A[K[A[K[A[K[A[K[A[K[ 01 ] [ target/debs/trixie/grub2-common_2.06-13+deb13u1_amd64.deb ]
[ 02 ] [ target/debs/trixie/p4lang-pi_0.1.1-1_amd64.deb ]
[ 03 ] [ target/debs/trixie/hsflowd_2.0.51-26_amd64.deb ]
[ 04 ] [ target/docker-dash-engine.gz ]
[ 05 ] [ target/debs/trixie/isc-dhcp-relay_4.4.3-P1-2_amd64.deb ]
[ 06 ] [ target/python-wheels/trixie/swsssdk-2.0.1-py3-none-any.whl ]
[A[K[A[K[A[K[A[K[A[K[A[K[ 01 ] [ target/debs/trixie/grub2-common_2.06-13+deb13u1_amd64.deb ]
[ 02 ] [ target/debs/trixie/p4lang-pi_0.1.1-1_amd64.deb ]
[ 03 ] [ target/debs/trixie/hsflowd_2.0.51-26_amd64.deb ]
[ 04 ] [ target/docker-dash-engine.gz ]
[ 05 ] [ target/debs/trixie/isc-dhcp-relay_4.4.3-P1-2_amd64.deb ]
[ 06 ] [ target/python-wheels/trixie/swsssdk-2.0.1-py3-none-any.whl ]
[ 07 ] [ target/debs/trixie/libnexthopgroup_1.0.0_amd64.deb-install ]
[A[K[A[K[A[K[A[K[A[K[A[K[A[K[ 01 ] [ target/debs/trixie/grub2-common_2.06-13+deb13u1_amd64.deb ]
[ 02 ] [ target/debs/trixie/p4lang-pi_0.1.1-1_amd64.deb ]
[ 03 ] [ target/debs/trixie/hsflowd_2.0.51-26_amd64.deb ]
[ 04 ] [ target/docker-dash-engine.gz ]
[ 05 ] [ target/debs/trixie/isc-dhcp-relay_4.4.3-P1-2_amd64.deb ]
[ 06 ] [ target/python-wheels/trixie/swsssdk-2.0.1-py3-none-any.whl ]
[A[K[A[K[A[K[A[K[A[K[A[K[ 01 ] [ target/debs/trixie/grub2-common_2.06-13+deb13u1_amd64.deb ]
[ 02 ] [ target/debs/trixie/p4lang-pi_0.1.1-1_amd64.deb ]
[ 03 ] [ target/debs/trixie/hsflowd_2.0.51-26_amd64.deb ]
[ 04 ] [ target/docker-dash-engine.gz ]
[ 05 ] [ target/debs/trixie/isc-dhcp-relay_4.4.3-P1-2_amd64.deb ]
[ 06 ] [ target/python-wheels/trixie/swsssdk-2.0.1-py3-none-any.whl ]
[ 07 ] [ target/debs/trixie/libdashapi_1.0.0_amd64.deb-install ]
[A[K[A[K[A[K[A[K[A[K[A[K[A[K[ 01 ] [ target/debs/trixie/grub2-common_2.06-13+deb13u1_amd64.deb ]
[ 02 ] [ target/debs/trixie/p4lang-pi_0.1.1-1_amd64.deb ]
[ 03 ] [ target/debs/trixie/hsflowd_2.0.51-26_amd64.deb ]
[ 04 ] [ target/docker-dash-engine.gz ]
[ 05 ] [ target/debs/trixie/isc-dhcp-relay_4.4.3-P1-2_amd64.deb ]
[ 06 ] [ target/python-wheels/trixie/swsssdk-2.0.1-py3-none-any.whl ]
[A[K[A[K[A[K[A[K[A[K[A[K[ 01 ] [ target/debs/trixie/grub2-common_2.06-13+deb13u1_amd64.deb ]
[ 02 ] [ target/debs/trixie/p4lang-pi_0.1.1-1_amd64.deb ]
[ 03 ] [ target/debs/trixie/hsflowd_2.0.51-26_amd64.deb ]
[ 04 ] [ target/docker-dash-engine.gz ]
[ 05 ] [ target/debs/trixie/isc-dhcp-relay_4.4.3-P1-2_amd64.deb ]
[ 06 ] [ target/python-wheels/trixie/swsssdk-2.0.1-py3-none-any.whl ]
[ 07 ] [ target/debs/trixie/libnexthopgroup-dev_1.0.0_amd64.deb-install ]
[A[K[A[K[A[K[A[K[A[K[A[K[A[K[ 01 ] [ target/debs/trixie/grub2-common_2.06-13+deb13u1_amd64.deb ]
[ 02 ] [ target/debs/trixie/p4lang-pi_0.1.1-1_amd64.deb ]
[ 03 ] [ target/debs/trixie/hsflowd_2.0.51-26_amd64.deb ]
[ 04 ] [ target/docker-dash-engine.gz ]
[ 05 ] [ target/debs/trixie/isc-dhcp-relay_4.4.3-P1-2_amd64.deb ]
[ 06 ] [ target/python-wheels/trixie/swsssdk-2.0.1-py3-none-any.whl ]
[A[K[A[K[A[K[A[K[A[K[A[K[ 01 ] [ target/debs/trixie/grub2-common_2.06-13+deb13u1_amd64.deb ]
[ 02 ] [ target/debs/trixie/p4lang-pi_0.1.1-1_amd64.deb ]
[ 03 ] [ target/debs/trixie/hsflowd_2.0.51-26_amd64.deb ]
[ 04 ] [ target/docker-dash-engine.gz ]
[ 05 ] [ target/debs/trixie/isc-dhcp-relay_4.4.3-P1-2_amd64.deb ]
[ 06 ] [ target/python-wheels/trixie/swsssdk-2.0.1-py3-none-any.whl ]
[ 07 ] [ target/debs/trixie/libsensors5_3.6.0-7.1_amd64.deb ]
[A[K[A[K[A[K[A[K[A[K[A[K[A[K[ 01 ] [ target/debs/trixie/grub2-common_2.06-13+deb13u1_amd64.deb ]
[ 02 ] [ target/debs/trixie/p4lang-pi_0.1.1-1_amd64.deb ]
[ 03 ] [ target/debs/trixie/hsflowd_2.0.51-26_amd64.deb ]
[ 04 ] [ target/docker-dash-engine.gz ]
[ 05 ] [ target/debs/trixie/isc-dhcp-relay_4.4.3-P1-2_amd64.deb ]
[ 06 ] [ target/python-wheels/trixie/swsssdk-2.0.1-py3-none-any.whl ]
[A[K[A[K[A[K[A[K[A[K[A[K[ 01 ] [ target/debs/trixie/grub2-common_2.06-13+deb13u1_amd64.deb ]
[ 02 ] [ target/debs/trixie/p4lang-pi_0.1.1-1_amd64.deb ]
[ 03 ] [ target/debs/trixie/hsflowd_2.0.51-26_amd64.deb ]
[ 04 ] [ target/docker-dash-engine.gz ]
[ 05 ] [ target/debs/trixie/isc-dhcp-relay_4.4.3-P1-2_amd64.deb ]
[ 06 ] [ target/python-wheels/trixie/swsssdk-2.0.1-py3-none-any.whl ]
[ 07 ] [ target/debs/trixie/fancontrol_3.6.0-7.1_all.deb ]
[A[K[A[K[A[K[A[K[A[K[A[K[A[K[ 01 ] [ target/debs/trixie/grub2-common_2.06-13+deb13u1_amd64.deb ]
[ 02 ] [ target/debs/trixie/p4lang-pi_0.1.1-1_amd64.deb ]
[ 03 ] [ target/debs/trixie/hsflowd_2.0.51-26_amd64.deb ]
[ 04 ] [ target/docker-dash-engine.gz ]
[ 05 ] [ target/debs/trixie/isc-dhcp-relay_4.4.3-P1-2_amd64.deb ]
[ 06 ] [ target/python-wheels/trixie/swsssdk-2.0.1-py3-none-any.whl ]
[A[K[A[K[A[K[A[K[A[K[A[K[ 01 ] [ target/debs/trixie/grub2-common_2.06-13+deb13u1_amd64.deb ]
[ 02 ] [ target/debs/trixie/p4lang-pi_0.1.1-1_amd64.deb ]
[ 03 ] [ target/debs/trixie/hsflowd_2.0.51-26_amd64.deb ]
[ 04 ] [ target/docker-dash-engine.gz ]
[ 05 ] [ target/debs/trixie/isc-dhcp-relay_4.4.3-P1-2_amd64.deb ]
[ 06 ] [ target/python-wheels/trixie/swsssdk-2.0.1-py3-none-any.whl ]
[ 07 ] [ target/debs/trixie/sensord_3.6.0-7.1_amd64.deb ]
[A[K[A[K[A[K[A[K[A[K[A[K[A[K[ 01 ] [ target/debs/trixie/grub2-common_2.06-13+deb13u1_amd64.deb ]
[ 02 ] [ target/debs/trixie/p4lang-pi_0.1.1-1_amd64.deb ]
[ 03 ] [ target/debs/trixie/hsflowd_2.0.51-26_amd64.deb ]
[ 04 ] [ target/docker-dash-engine.gz ]
[ 05 ] [ target/debs/trixie/isc-dhcp-relay_4.4.3-P1-2_amd64.deb ]
[ 06 ] [ target/python-wheels/trixie/swsssdk-2.0.1-py3-none-any.whl ]
[A[K[A[K[A[K[A[K[A[K[A[K[ 01 ] [ target/debs/trixie/grub2-common_2.06-13+deb13u1_amd64.deb ]
[ 02 ] [ target/debs/trixie/p4lang-pi_0.1.1-1_amd64.deb ]
[ 03 ] [ target/debs/trixie/hsflowd_2.0.51-26_amd64.deb ]
[ 04 ] [ target/docker-dash-engine.gz ]
[ 05 ] [ target/debs/trixie/isc-dhcp-relay_4.4.3-P1-2_amd64.deb ]
[ 06 ] [ target/python-wheels/trixie/swsssdk-2.0.1-py3-none-any.whl ]
[ 07 ] [ target/debs/trixie/linux-headers-6.12.41+deb13-common-sonic_6.12.41-1_all.deb-install ]
[A[K[A[K[A[K[A[K[A[K[A[K[A[K[ 01 ] [ target/debs/trixie/grub2-common_2.06-13+deb13u1_amd64.deb ]
[ 02 ] [ target/debs/trixie/p4lang-pi_0.1.1-1_amd64.deb ]
[ 03 ] [ target/debs/trixie/hsflowd_2.0.51-26_amd64.deb ]
[ 04 ] [ target/docker-dash-engine.gz ]
[ 05 ] [ target/debs/trixie/isc-dhcp-relay_4.4.3-P1-2_amd64.deb ]
[ 06 ] [ target/python-wheels/trixie/swsssdk-2.0.1-py3-none-any.whl ]
[A[K[A[K[A[K[A[K[A[K[A[K[ 01 ] [ target/debs/trixie/grub2-common_2.06-13+deb13u1_amd64.deb ]
[ 02 ] [ target/debs/trixie/p4lang-pi_0.1.1-1_amd64.deb ]
[ 03 ] [ target/debs/trixie/hsflowd_2.0.51-26_amd64.deb ]
[ 04 ] [ target/docker-dash-engine.gz ]
[ 05 ] [ target/debs/trixie/isc-dhcp-relay_4.4.3-P1-2_amd64.deb ]
[ 06 ] [ target/python-wheels/trixie/swsssdk-2.0.1-py3-none-any.whl ]
[ 07 ] [ target/debs/trixie/linux-image-6.12.41+deb13-sonic-amd64-unsigned_6.12.41-1_amd64.deb ]
[A[K[A[K[A[K[A[K[A[K[A[K[A[K[ 01 ] [ target/debs/trixie/grub2-common_2.06-13+deb13u1_amd64.deb ]
[ 02 ] [ target/debs/trixie/p4lang-pi_0.1.1-1_amd64.deb ]
[ 03 ] [ target/debs/trixie/hsflowd_2.0.51-26_amd64.deb ]
[ 04 ] [ target/docker-dash-engine.gz ]
[ 05 ] [ target/debs/trixie/isc-dhcp-relay_4.4.3-P1-2_amd64.deb ]
[ 06 ] [ target/python-wheels/trixie/swsssdk-2.0.1-py3-none-any.whl ]
[A[K[A[K[A[K[A[K[A[K[A[K[ 01 ] [ target/debs/trixie/grub2-common_2.06-13+deb13u1_amd64.deb ]
[ 02 ] [ target/debs/trixie/p4lang-pi_0.1.1-1_amd64.deb ]
[ 03 ] [ target/debs/trixie/hsflowd_2.0.51-26_amd64.deb ]
[ 04 ] [ target/docker-dash-engine.gz ]
[ 05 ] [ target/debs/trixie/isc-dhcp-relay_4.4.3-P1-2_amd64.deb ]
[ 06 ] [ target/python-wheels/trixie/swsssdk-2.0.1-py3-none-any.whl ]
[ 07 ] [ target/debs/trixie/linux-kbuild-6.12.41+deb13_6.12.41-1_amd64.deb ]
[A[K[A[K[A[K[A[K[A[K[A[K[A[K[ 01 ] [ target/debs/trixie/grub2-common_2.06-13+deb13u1_amd64.deb ]
[ 02 ] [ target/debs/trixie/p4lang-pi_0.1.1-1_amd64.deb ]
[ 03 ] [ target/debs/trixie/hsflowd_2.0.51-26_amd64.deb ]
[ 04 ] [ target/docker-dash-engine.gz ]
[ 05 ] [ target/debs/trixie/isc-dhcp-relay_4.4.3-P1-2_amd64.deb ]
[ 06 ] [ target/python-wheels/trixie/swsssdk-2.0.1-py3-none-any.whl ]
[A[K[A[K[A[K[A[K[A[K[A[K[ 01 ] [ target/debs/trixie/grub2-common_2.06-13+deb13u1_amd64.deb ]
[ 02 ] [ target/debs/trixie/p4lang-pi_0.1.1-1_amd64.deb ]
[ 03 ] [ target/debs/trixie/hsflowd_2.0.51-26_amd64.deb ]
[ 04 ] [ target/docker-dash-engine.gz ]
[ 05 ] [ target/debs/trixie/isc-dhcp-relay_4.4.3-P1-2_amd64.deb ]
[ 06 ] [ target/python-wheels/trixie/swsssdk-2.0.1-py3-none-any.whl ]
[ 07 ] [ target/debs/trixie/libnss-tacplus_1.0.4-1_amd64.deb ]
[A[K[A[K[A[K[A[K[A[K[A[K[A[K[ 01 ] [ target/debs/trixie/grub2-common_2.06-13+deb13u1_amd64.deb ]
[ 02 ] [ target/debs/trixie/p4lang-pi_0.1.1-1_amd64.deb ]
[ 03 ] [ target/debs/trixie/hsflowd_2.0.51-26_amd64.deb ]
[ 04 ] [ target/docker-dash-engine.gz ]
[ 05 ] [ target/debs/trixie/isc-dhcp-relay_4.4.3-P1-2_amd64.deb ]
[ 06 ] [ target/debs/trixie/libnss-tacplus_1.0.4-1_amd64.deb ]
[A[K[A[K[A[K[A[K[A[K[A[K[ 01 ] [ target/debs/trixie/grub2-common_2.06-13+deb13u1_amd64.deb ]
[ 02 ] [ target/debs/trixie/p4lang-pi_0.1.1-1_amd64.deb ]
[ 03 ] [ target/debs/trixie/hsflowd_2.0.51-26_amd64.deb ]
[ 04 ] [ target/docker-dash-engine.gz ]
[ 05 ] [ target/debs/trixie/isc-dhcp-relay_4.4.3-P1-2_amd64.deb ]
[ 06 ] [ target/debs/trixie/libnss-tacplus_1.0.4-1_amd64.deb ]
[ 07 ] [ target/debs/trixie/libnl-route-3-dev_3.7.0-0.2+b1sonic1_amd64.deb ]
[A[K[A[K[A[K[A[K[A[K[A[K[A[K[ 01 ] [ target/debs/trixie/grub2-common_2.06-13+deb13u1_amd64.deb ]
[ 02 ] [ target/debs/trixie/p4lang-pi_0.1.1-1_amd64.deb ]
[ 03 ] [ target/debs/trixie/hsflowd_2.0.51-26_amd64.deb ]
[ 04 ] [ target/docker-dash-engine.gz ]
[ 05 ] [ target/debs/trixie/isc-dhcp-relay_4.4.3-P1-2_amd64.deb ]
[ 06 ] [ target/debs/trixie/libnss-tacplus_1.0.4-1_amd64.deb ]
[A[K[A[K[A[K[A[K[A[K[A[K[ 01 ] [ target/debs/trixie/grub2-common_2.06-13+deb13u1_amd64.deb ]
[ 02 ] [ target/debs/trixie/p4lang-pi_0.1.1-1_amd64.deb ]
[ 03 ] [ target/debs/trixie/hsflowd_2.0.51-26_amd64.deb ]
[ 04 ] [ target/docker-dash-engine.gz ]
[ 05 ] [ target/debs/trixie/isc-dhcp-relay_4.4.3-P1-2_amd64.deb ]
[ 06 ] [ target/debs/trixie/libnss-tacplus_1.0.4-1_amd64.deb ]
[ 07 ] [ target/debs/trixie/python3-libyang_3.1.0-1_amd64.deb ]
[A[K[A[K[A[K[A[K[A[K[A[K[A[K[ 01 ] [ target/debs/trixie/grub2-common_2.06-13+deb13u1_amd64.deb ]
[ 02 ] [ target/debs/trixie/p4lang-pi_0.1.1-1_amd64.deb ]
[ 03 ] [ target/debs/trixie/hsflowd_2.0.51-26_amd64.deb ]
[ 04 ] [ target/docker-dash-engine.gz ]
[ 05 ] [ target/debs/trixie/isc-dhcp-relay_4.4.3-P1-2_amd64.deb ]
[ 06 ] [ target/debs/trixie/libnss-tacplus_1.0.4-1_amd64.deb ]
[ 07 ] [ target/debs/trixie/python3-libyang_3.1.0-1_amd64.deb ]
[ 08 ] [ target/debs/trixie/openssl_3.5.4-1+fips_amd64.deb ]
[A[K[A[K[A[K[A[K[A[K[A[K[A[K[A[K[ 01 ] [ target/debs/trixie/grub2-common_2.06-13+deb13u1_amd64.deb ]
[ 02 ] [ target/debs/trixie/p4lang-pi_0.1.1-1_amd64.deb ]
[ 03 ] [ target/debs/trixie/hsflowd_2.0.51-26_amd64.deb ]
[ 04 ] [ target/docker-dash-engine.gz ]
[ 05 ] [ target/debs/trixie/isc-dhcp-relay_4.4.3-P1-2_amd64.deb ]
[ 06 ] [ target/debs/trixie/libnss-tacplus_1.0.4-1_amd64.deb ]
[ 07 ] [ target/debs/trixie/python3-libyang_3.1.0-1_amd64.deb ]
[A[K[A[K[A[K[A[K[A[K[A[K[A[K[ 01 ] [ target/debs/trixie/grub2-common_2.06-13+deb13u1_amd64.deb ]
[ 02 ] [ target/debs/trixie/p4lang-pi_0.1.1-1_amd64.deb ]
[ 03 ] [ target/debs/trixie/hsflowd_2.0.51-26_amd64.deb ]
[ 04 ] [ target/docker-dash-engine.gz ]
[ 05 ] [ target/debs/trixie/isc-dhcp-relay_4.4.3-P1-2_amd64.deb ]
[ 06 ] [ target/debs/trixie/libnss-tacplus_1.0.4-1_amd64.deb ]
[ 07 ] [ target/debs/trixie/python3-libyang_3.1.0-1_amd64.deb ]
[ 08 ] [ target/debs/trixie/libnl-genl-3-dev_3.7.0-0.2+b1sonic1_amd64.deb ]
[A[K[A[K[A[K[A[K[A[K[A[K[A[K[A[K[ 01 ] [ target/debs/trixie/grub2-common_2.06-13+deb13u1_amd64.deb ]
[ 02 ] [ target/debs/trixie/p4lang-pi_0.1.1-1_amd64.deb ]
[ 03 ] [ target/debs/trixie/hsflowd_2.0.51-26_amd64.deb ]
[ 04 ] [ target/docker-dash-engine.gz ]
[ 05 ] [ target/debs/trixie/isc-dhcp-relay_4.4.3-P1-2_amd64.deb ]
[ 06 ] [ target/debs/trixie/libnss-tacplus_1.0.4-1_amd64.deb ]
[ 07 ] [ target/debs/trixie/python3-libyang_3.1.0-1_amd64.deb ]
[A[K[A[K[A[K[A[K[A[K[A[K[A[K[ 01 ] [ target/debs/trixie/grub2-common_2.06-13+deb13u1_amd64.deb ]
[ 02 ] [ target/debs/trixie/p4lang-pi_0.1.1-1_amd64.deb ]
[ 03 ] [ target/debs/trixie/hsflowd_2.0.51-26_amd64.deb ]
[ 04 ] [ target/docker-dash-engine.gz ]
[ 05 ] [ target/debs/trixie/isc-dhcp-relay_4.4.3-P1-2_amd64.deb ]
[ 06 ] [ target/debs/trixie/libnss-tacplus_1.0.4-1_amd64.deb ]
[ 07 ] [ target/debs/trixie/python3-libyang_3.1.0-1_amd64.deb ]
[ 08 ] [ target/debs/trixie/libnl-nf-3-200_3.7.0-0.2+b1sonic1_amd64.deb ]
[A[K[A[K[A[K[A[K[A[K[A[K[A[K[A[K[ 01 ] [ target/debs/trixie/grub2-common_2.06-13+deb13u1_amd64.deb ]
[ 02 ] [ target/debs/trixie/p4lang-pi_0.1.1-1_amd64.deb ]
[ 03 ] [ target/debs/trixie/hsflowd_2.0.51-26_amd64.deb ]
[ 04 ] [ target/docker-dash-engine.gz ]
[ 05 ] [ target/debs/trixie/isc-dhcp-relay_4.4.3-P1-2_amd64.deb ]
[ 06 ] [ target/debs/trixie/libnss-tacplus_1.0.4-1_amd64.deb ]
[ 07 ] [ target/debs/trixie/python3-libyang_3.1.0-1_amd64.deb ]
[A[K[A[K[A[K[A[K[A[K[A[K[A[K[ 01 ] [ target/debs/trixie/grub2-common_2.06-13+deb13u1_amd64.deb ]
[ 02 ] [ target/debs/trixie/p4lang-pi_0.1.1-1_amd64.deb ]
[ 03 ] [ target/debs/trixie/hsflowd_2.0.51-26_amd64.deb ]
[ 04 ] [ target/docker-dash-engine.gz ]
[ 05 ] [ target/debs/trixie/isc-dhcp-relay_4.4.3-P1-2_amd64.deb ]
[ 06 ] [ target/debs/trixie/libnss-tacplus_1.0.4-1_amd64.deb ]
[ 07 ] [ target/debs/trixie/python3-libyang_3.1.0-1_amd64.deb ]
[ 08 ] [ target/debs/trixie/libnl-genl-3-dev_3.7.0-0.2+b1sonic1_amd64.deb-install ]
[A[K[A[K[A[K[A[K[A[K[A[K[A[K[A[K[ 01 ] [ target/debs/trixie/grub2-common_2.06-13+deb13u1_amd64.deb ]
[ 02 ] [ target/debs/trixie/p4lang-pi_0.1.1-1_amd64.deb ]
[ 03 ] [ target/debs/trixie/hsflowd_2.0.51-26_amd64.deb ]
[ 04 ] [ target/docker-dash-engine.gz ]
[ 05 ] [ target/debs/trixie/isc-dhcp-relay_4.4.3-P1-2_amd64.deb ]
[ 06 ] [ target/debs/trixie/libnss-tacplus_1.0.4-1_amd64.deb ]
[ 07 ] [ target/debs/trixie/python3-libyang_3.1.0-1_amd64.deb ]
[A[K[A[K[A[K[A[K[A[K[A[K[A[K[ 01 ] [ target/debs/trixie/grub2-common_2.06-13+deb13u1_amd64.deb ]
[ 02 ] [ target/debs/trixie/p4lang-pi_0.1.1-1_amd64.deb ]
[ 03 ] [ target/debs/trixie/hsflowd_2.0.51-26_amd64.deb ]
[ 04 ] [ target/docker-dash-engine.gz ]
[ 05 ] [ target/debs/trixie/isc-dhcp-relay_4.4.3-P1-2_amd64.deb ]
[ 06 ] [ target/debs/trixie/libnss-tacplus_1.0.4-1_amd64.deb ]
[ 07 ] [ target/debs/trixie/python3-libyang_3.1.0-1_amd64.deb ]
[ 08 ] [ target/debs/trixie/libnl-route-3-dev_3.7.0-0.2+b1sonic1_amd64.deb-install ]
[A[K[A[K[A[K[A[K[A[K[A[K[A[K[A[K[ 01 ] [ target/debs/trixie/grub2-common_2.06-13+deb13u1_amd64.deb ]
[ 02 ] [ target/debs/trixie/p4lang-pi_0.1.1-1_amd64.deb ]
[ 03 ] [ target/debs/trixie/hsflowd_2.0.51-26_amd64.deb ]
[ 04 ] [ target/docker-dash-engine.gz ]
[ 05 ] [ target/debs/trixie/isc-dhcp-relay_4.4.3-P1-2_amd64.deb ]
[ 06 ] [ target/debs/trixie/libnss-tacplus_1.0.4-1_amd64.deb ]
[ 07 ] [ target/debs/trixie/python3-libyang_3.1.0-1_amd64.deb ]
[A[K[A[K[A[K[A[K[A[K[A[K[A[K[ 01 ] [ target/debs/trixie/grub2-common_2.06-13+deb13u1_amd64.deb ]
[ 02 ] [ target/debs/trixie/p4lang-pi_0.1.1-1_amd64.deb ]
[ 03 ] [ target/debs/trixie/hsflowd_2.0.51-26_amd64.deb ]
[ 04 ] [ target/docker-dash-engine.gz ]
[ 05 ] [ target/debs/trixie/isc-dhcp-relay_4.4.3-P1-2_amd64.deb ]
[ 06 ] [ target/debs/trixie/libnss-tacplus_1.0.4-1_amd64.deb ]
[ 07 ] [ target/debs/trixie/python3-libyang_3.1.0-1_amd64.deb ]
[ 08 ] [ target/python-wheels/trixie/swsssdk-2.0.1-py3-none-any.whl-install ]
[A[K[A[K[A[K[A[K[A[K[A[K[A[K[A[K[ 01 ] [ target/debs/trixie/grub2-common_2.06-13+deb13u1_amd64.deb ]
[ 02 ] [ target/debs/trixie/p4lang-pi_0.1.1-1_amd64.deb ]
[ 03 ] [ target/debs/trixie/hsflowd_2.0.51-26_amd64.deb ]
[ 04 ] [ target/docker-dash-engine.gz ]
[ 05 ] [ target/debs/trixie/isc-dhcp-relay_4.4.3-P1-2_amd64.deb ]
[ 06 ] [ target/debs/trixie/libnss-tacplus_1.0.4-1_amd64.deb ]
[ 07 ] [ target/debs/trixie/python3-libyang_3.1.0-1_amd64.deb ]
[A[K[A[K[A[K[A[K[A[K[A[K[A[K[ 01 ] [ target/debs/trixie/grub2-common_2.06-13+deb13u1_amd64.deb ]
[ 02 ] [ target/debs/trixie/p4lang-pi_0.1.1-1_amd64.deb ]
[ 03 ] [ target/debs/trixie/hsflowd_2.0.51-26_amd64.deb ]
[ 04 ] [ target/docker-dash-engine.gz ]
[ 05 ] [ target/debs/trixie/isc-dhcp-relay_4.4.3-P1-2_amd64.deb ]
[ 06 ] [ target/debs/trixie/libnss-tacplus_1.0.4-1_amd64.deb ]
[ 07 ] [ target/debs/trixie/python3-libyang_3.1.0-1_amd64.deb ]
[ 08 ] [ target/debs/trixie/libnl-nf-3-200_3.7.0-0.2+b1sonic1_amd64.deb-install ]
[A[K[A[K[A[K[A[K[A[K[A[K[A[K[A[K[ 01 ] [ target/debs/trixie/grub2-common_2.06-13+deb13u1_amd64.deb ]
[ 02 ] [ target/debs/trixie/p4lang-pi_0.1.1-1_amd64.deb ]
[ 03 ] [ target/debs/trixie/hsflowd_2.0.51-26_amd64.deb ]
[ 04 ] [ target/docker-dash-engine.gz ]
[ 05 ] [ target/debs/trixie/isc-dhcp-relay_4.4.3-P1-2_amd64.deb ]
[ 06 ] [ target/debs/trixie/libnss-tacplus_1.0.4-1_amd64.deb ]
[ 07 ] [ target/debs/trixie/python3-libyang_3.1.0-1_amd64.deb ]
[A[K[A[K[A[K[A[K[A[K[A[K[A[K[ 01 ] [ target/debs/trixie/grub2-common_2.06-13+deb13u1_amd64.deb ]
[ 02 ] [ target/debs/trixie/p4lang-pi_0.1.1-1_amd64.deb ]
[ 03 ] [ target/debs/trixie/hsflowd_2.0.51-26_amd64.deb ]
[ 04 ] [ target/docker-dash-engine.gz ]
[ 05 ] [ target/debs/trixie/isc-dhcp-relay_4.4.3-P1-2_amd64.deb ]
[ 06 ] [ target/debs/trixie/libnss-tacplus_1.0.4-1_amd64.deb ]
[ 07 ] [ target/debs/trixie/python3-libyang_3.1.0-1_amd64.deb ]
[ 08 ] [ target/debs/trixie/bash-tacplus_1.0.0_amd64.deb ]
[A[K[A[K[A[K[A[K[A[K[A[K[A[K[A[K[ 01 ] [ target/debs/trixie/grub2-common_2.06-13+deb13u1_amd64.deb ]
[ 02 ] [ target/debs/trixie/p4lang-pi_0.1.1-1_amd64.deb ]
[ 03 ] [ target/docker-dash-engine.gz ]
[ 04 ] [ target/debs/trixie/isc-dhcp-relay_4.4.3-P1-2_amd64.deb ]
[ 05 ] [ target/debs/trixie/libnss-tacplus_1.0.4-1_amd64.deb ]
[ 06 ] [ target/debs/trixie/python3-libyang_3.1.0-1_amd64.deb ]
[ 07 ] [ target/debs/trixie/bash-tacplus_1.0.0_amd64.deb ]
[A[K[A[K[A[K[A[K[A[K[A[K[A[K[ 01 ] [ target/debs/trixie/grub2-common_2.06-13+deb13u1_amd64.deb ]
[ 02 ] [ target/debs/trixie/p4lang-pi_0.1.1-1_amd64.deb ]
[ 03 ] [ target/docker-dash-engine.gz ]
[ 04 ] [ target/debs/trixie/isc-dhcp-relay_4.4.3-P1-2_amd64.deb ]
[ 05 ] [ target/debs/trixie/libnss-tacplus_1.0.4-1_amd64.deb ]
[ 06 ] [ target/debs/trixie/python3-libyang_3.1.0-1_amd64.deb ]
[ 07 ] [ target/debs/trixie/bash-tacplus_1.0.0_amd64.deb ]
[ 08 ] [ target/debs/trixie/audisp-tacplus_1.0.2_amd64.deb ]
[A[K[A[K[A[K[A[K[A[K[A[K[A[K[A[K[ 01 ] [ target/debs/trixie/grub2-common_2.06-13+deb13u1_amd64.deb ]
[ 02 ] [ target/debs/trixie/p4lang-pi_0.1.1-1_amd64.deb ]
[ 03 ] [ target/docker-dash-engine.gz ]
[ 04 ] [ target/debs/trixie/isc-dhcp-relay_4.4.3-P1-2_amd64.deb ]
[ 05 ] [ target/debs/trixie/libnss-tacplus_1.0.4-1_amd64.deb ]
[ 06 ] [ target/debs/trixie/python3-libyang_3.1.0-1_amd64.deb ]
[ 07 ] [ target/debs/trixie/audisp-tacplus_1.0.2_amd64.deb ]
[A[K[A[K[A[K[A[K[A[K[A[K[A[K[ 01 ] [ target/debs/trixie/grub2-common_2.06-13+deb13u1_amd64.deb ]
[ 02 ] [ target/debs/trixie/p4lang-pi_0.1.1-1_amd64.deb ]
[ 03 ] [ target/docker-dash-engine.gz ]
[ 04 ] [ target/debs/trixie/isc-dhcp-relay_4.4.3-P1-2_amd64.deb ]
[ 05 ] [ target/debs/trixie/libnss-tacplus_1.0.4-1_amd64.deb ]
[ 06 ] [ target/debs/trixie/python3-libyang_3.1.0-1_amd64.deb ]
[ 07 ] [ target/debs/trixie/audisp-tacplus_1.0.2_amd64.deb ]
[ 08 ] [ target/docker-base-trixie.gz ]
[A[K[A[K[A[K[A[K[A[K[A[K[A[K[A[K[ 01 ] [ target/debs/trixie/grub2-common_2.06-13+deb13u1_amd64.deb ]
[ 02 ] [ target/debs/trixie/p4lang-pi_0.1.1-1_amd64.deb ]
[ 03 ] [ target/docker-dash-engine.gz ]
[ 04 ] [ target/debs/trixie/isc-dhcp-relay_4.4.3-P1-2_amd64.deb ]
[ 05 ] [ target/debs/trixie/python3-libyang_3.1.0-1_amd64.deb ]
[ 06 ] [ target/debs/trixie/audisp-tacplus_1.0.2_amd64.deb ]
[ 07 ] [ target/docker-base-trixie.gz ]
[A[K[A[K[A[K[A[K[A[K[A[K[A[K[ 01 ] [ target/debs/trixie/grub2-common_2.06-13+deb13u1_amd64.deb ]
[ 02 ] [ target/debs/trixie/p4lang-pi_0.1.1-1_amd64.deb ]
[ 03 ] [ target/docker-dash-engine.gz ]
[ 04 ] [ target/debs/trixie/isc-dhcp-relay_4.4.3-P1-2_amd64.deb ]
[ 05 ] [ target/debs/trixie/python3-libyang_3.1.0-1_amd64.deb ]
[ 06 ] [ target/debs/trixie/audisp-tacplus_1.0.2_amd64.deb ]
[ 07 ] [ target/docker-base-trixie.gz ]
[ 08 ] [ target/debs/trixie/frr_10.5.4-sonic-0_amd64.deb ]
[A[K[A[K[A[K[A[K[A[K[A[K[A[K[A[K[ 01 ] [ target/debs/trixie/grub2-common_2.06-13+deb13u1_amd64.deb ]
[ 02 ] [ target/debs/trixie/p4lang-pi_0.1.1-1_amd64.deb ]
[ 03 ] [ target/docker-dash-engine.gz ]
[ 04 ] [ target/debs/trixie/isc-dhcp-relay_4.4.3-P1-2_amd64.deb ]
[ 05 ] [ target/debs/trixie/audisp-tacplus_1.0.2_amd64.deb ]
[ 06 ] [ target/docker-base-trixie.gz ]
[ 07 ] [ target/debs/trixie/frr_10.5.4-sonic-0_amd64.deb ]
[A[K[A[K[A[K[A[K[A[K[A[K[A[K[ 01 ] [ target/debs/trixie/grub2-common_2.06-13+deb13u1_amd64.deb ]
[ 02 ] [ target/debs/trixie/p4lang-pi_0.1.1-1_amd64.deb ]
[ 03 ] [ target/docker-dash-engine.gz ]
[ 04 ] [ target/debs/trixie/isc-dhcp-relay_4.4.3-P1-2_amd64.deb ]
[ 05 ] [ target/debs/trixie/audisp-tacplus_1.0.2_amd64.deb ]
[ 06 ] [ target/docker-base-trixie.gz ]
[ 07 ] [ target/debs/trixie/frr_10.5.4-sonic-0_amd64.deb ]
[ 08 ] [ target/debs/trixie/linux-kbuild-6.12.41+deb13_6.12.41-1_amd64.deb-install ]
[A[K[A[K[A[K[A[K[A[K[A[K[A[K[A[K[ 01 ] [ target/debs/trixie/grub2-common_2.06-13+deb13u1_amd64.deb ]
[ 02 ] [ target/debs/trixie/p4lang-pi_0.1.1-1_amd64.deb ]
[ 03 ] [ target/docker-dash-engine.gz ]
[ 04 ] [ target/debs/trixie/isc-dhcp-relay_4.4.3-P1-2_amd64.deb ]
[ 05 ] [ target/debs/trixie/audisp-tacplus_1.0.2_amd64.deb ]
[ 06 ] [ target/docker-base-trixie.gz ]
[ 07 ] [ target/debs/trixie/frr_10.5.4-sonic-0_amd64.deb ]
[A[K[A[K[A[K[A[K[A[K[A[K[A[K[ 01 ] [ target/debs/trixie/grub2-common_2.06-13+deb13u1_amd64.deb ]
[ 02 ] [ target/debs/trixie/p4lang-pi_0.1.1-1_amd64.deb ]
[ 03 ] [ target/docker-dash-engine.gz ]
[ 04 ] [ target/debs/trixie/isc-dhcp-relay_4.4.3-P1-2_amd64.deb ]
[ 05 ] [ target/debs/trixie/audisp-tacplus_1.0.2_amd64.deb ]
[ 06 ] [ target/docker-base-trixie.gz ]
[ 07 ] [ target/debs/trixie/frr_10.5.4-sonic-0_amd64.deb ]
[ 08 ] [ target/debs/trixie/openssh-server_10.0p1-7_amd64.deb ]
[A[K[A[K[A[K[A[K[A[K[A[K[A[K[A[K[ 01 ] [ target/debs/trixie/grub2-common_2.06-13+deb13u1_amd64.deb ]
[ 02 ] [ target/debs/trixie/p4lang-pi_0.1.1-1_amd64.deb ]
[ 03 ] [ target/docker-dash-engine.gz ]
[ 04 ] [ target/debs/trixie/isc-dhcp-relay_4.4.3-P1-2_amd64.deb ]
[ 05 ] [ target/docker-base-trixie.gz ]
[ 06 ] [ target/debs/trixie/frr_10.5.4-sonic-0_amd64.deb ]
[ 07 ] [ target/debs/trixie/openssh-server_10.0p1-7_amd64.deb ]
[A[K[A[K[A[K[A[K[A[K[A[K[A[K[ 01 ] [ target/debs/trixie/grub2-common_2.06-13+deb13u1_amd64.deb ]
[ 02 ] [ target/debs/trixie/p4lang-pi_0.1.1-1_amd64.deb ]
[ 03 ] [ target/docker-dash-engine.gz ]
[ 04 ] [ target/debs/trixie/isc-dhcp-relay_4.4.3-P1-2_amd64.deb ]
[ 05 ] [ target/docker-base-trixie.gz ]
[ 06 ] [ target/debs/trixie/frr_10.5.4-sonic-0_amd64.deb ]
[ 07 ] [ target/debs/trixie/openssh-server_10.0p1-7_amd64.deb ]
[ 08 ] [ target/debs/trixie/python3-libyang_3.1.0-1_amd64.deb-install ]
[A[K[A[K[A[K[A[K[A[K[A[K[A[K[A[K[ 01 ] [ target/debs/trixie/grub2-common_2.06-13+deb13u1_amd64.deb ]
[ 02 ] [ target/docker-dash-engine.gz ]
[ 03 ] [ target/debs/trixie/isc-dhcp-relay_4.4.3-P1-2_amd64.deb ]
[ 04 ] [ target/docker-base-trixie.gz ]
[ 05 ] [ target/debs/trixie/frr_10.5.4-sonic-0_amd64.deb ]
[ 06 ] [ target/debs/trixie/openssh-server_10.0p1-7_amd64.deb ]
[ 07 ] [ target/debs/trixie/python3-libyang_3.1.0-1_amd64.deb-install ]
[A[K[A[K[A[K[A[K[A[K[A[K[A[K[ 01 ] [ target/debs/trixie/grub2-common_2.06-13+deb13u1_amd64.deb ]
[ 02 ] [ target/docker-dash-engine.gz ]
[ 03 ] [ target/debs/trixie/isc-dhcp-relay_4.4.3-P1-2_amd64.deb ]
[ 04 ] [ target/docker-base-trixie.gz ]
[ 05 ] [ target/debs/trixie/frr_10.5.4-sonic-0_amd64.deb ]
[ 06 ] [ target/debs/trixie/openssh-server_10.0p1-7_amd64.deb ]
[ 07 ] [ target/debs/trixie/python3-libyang_3.1.0-1_amd64.deb-install ]
[ 08 ] [ target/debs/trixie/libnl-nf-3-dev_3.7.0-0.2+b1sonic1_amd64.deb ]
[A[K[A[K[A[K[A[K[A[K[A[K[A[K[A[K[ 01 ] [ target/debs/trixie/grub2-common_2.06-13+deb13u1_amd64.deb ]
[ 02 ] [ target/docker-dash-engine.gz ]
[ 03 ] [ target/debs/trixie/isc-dhcp-relay_4.4.3-P1-2_amd64.deb ]
[ 04 ] [ target/docker-base-trixie.gz ]
[ 05 ] [ target/debs/trixie/frr_10.5.4-sonic-0_amd64.deb ]
[ 06 ] [ target/debs/trixie/openssh-server_10.0p1-7_amd64.deb ]
[ 07 ] [ target/debs/trixie/python3-libyang_3.1.0-1_amd64.deb-install ]
[A[K[A[K[A[K[A[K[A[K[A[K[A[K[ 01 ] [ target/debs/trixie/grub2-common_2.06-13+deb13u1_amd64.deb ]
[ 02 ] [ target/docker-dash-engine.gz ]
[ 03 ] [ target/debs/trixie/isc-dhcp-relay_4.4.3-P1-2_amd64.deb ]
[ 04 ] [ target/docker-base-trixie.gz ]
[ 05 ] [ target/debs/trixie/frr_10.5.4-sonic-0_amd64.deb ]
[ 06 ] [ target/debs/trixie/openssh-server_10.0p1-7_amd64.deb ]
[ 07 ] [ target/debs/trixie/python3-libyang_3.1.0-1_amd64.deb-install ]
[ 08 ] [ target/debs/trixie/p4lang-pi_0.1.1-1_amd64.deb-install ]
[A[K[A[K[A[K[A[K[A[K[A[K[A[K[A[K[ 01 ] [ target/debs/trixie/grub2-common_2.06-13+deb13u1_amd64.deb ]
[ 02 ] [ target/docker-dash-engine.gz ]
[ 03 ] [ target/debs/trixie/isc-dhcp-relay_4.4.3-P1-2_amd64.deb ]
[ 04 ] [ target/docker-base-trixie.gz ]
[ 05 ] [ target/debs/trixie/frr_10.5.4-sonic-0_amd64.deb ]
[ 06 ] [ target/debs/trixie/openssh-server_10.0p1-7_amd64.deb ]
[ 07 ] [ target/debs/trixie/python3-libyang_3.1.0-1_amd64.deb-install ]
[A[K[A[K[A[K[A[K[A[K[A[K[A[K[ 01 ] [ target/debs/trixie/grub2-common_2.06-13+deb13u1_amd64.deb ]
[ 02 ] [ target/docker-dash-engine.gz ]
[ 03 ] [ target/debs/trixie/isc-dhcp-relay_4.4.3-P1-2_amd64.deb ]
[ 04 ] [ target/docker-base-trixie.gz ]
[ 05 ] [ target/debs/trixie/frr_10.5.4-sonic-0_amd64.deb ]
[ 06 ] [ target/debs/trixie/openssh-server_10.0p1-7_amd64.deb ]
[ 07 ] [ target/debs/trixie/python3-libyang_3.1.0-1_amd64.deb-install ]
[ 08 ] [ target/debs/trixie/libnl-nf-3-dev_3.7.0-0.2+b1sonic1_amd64.deb-install ]
[A[K[A[K[A[K[A[K[A[K[A[K[A[K[A[K[ 01 ] [ target/debs/trixie/grub2-common_2.06-13+deb13u1_amd64.deb ]
[ 02 ] [ target/docker-dash-engine.gz ]
[ 03 ] [ target/debs/trixie/isc-dhcp-relay_4.4.3-P1-2_amd64.deb ]
[ 04 ] [ target/docker-base-trixie.gz ]
[ 05 ] [ target/debs/trixie/frr_10.5.4-sonic-0_amd64.deb ]
[ 06 ] [ target/debs/trixie/openssh-server_10.0p1-7_amd64.deb ]
[ 07 ] [ target/debs/trixie/python3-libyang_3.1.0-1_amd64.deb-install ]
[A[K[A[K[A[K[A[K[A[K[A[K[A[K[ 01 ] [ target/debs/trixie/grub2-common_2.06-13+deb13u1_amd64.deb ]
[ 02 ] [ target/docker-dash-engine.gz ]
[ 03 ] [ target/debs/trixie/isc-dhcp-relay_4.4.3-P1-2_amd64.deb ]
[ 04 ] [ target/docker-base-trixie.gz ]
[ 05 ] [ target/debs/trixie/frr_10.5.4-sonic-0_amd64.deb ]
[ 06 ] [ target/debs/trixie/openssh-server_10.0p1-7_amd64.deb ]
[ 07 ] [ target/debs/trixie/python3-libyang_3.1.0-1_amd64.deb-install ]
[ 08 ] [ target/debs/trixie/libnl-cli-3-200_3.7.0-0.2+b1sonic1_amd64.deb ]
[A[K[A[K[A[K[A[K[A[K[A[K[A[K[A[K[ 01 ] [ target/debs/trixie/grub2-common_2.06-13+deb13u1_amd64.deb ]
[ 02 ] [ target/docker-dash-engine.gz ]
[ 03 ] [ target/debs/trixie/isc-dhcp-relay_4.4.3-P1-2_amd64.deb ]
[ 04 ] [ target/docker-base-trixie.gz ]
[ 05 ] [ target/debs/trixie/frr_10.5.4-sonic-0_amd64.deb ]
[ 06 ] [ target/debs/trixie/openssh-server_10.0p1-7_amd64.deb ]
[ 07 ] [ target/debs/trixie/python3-libyang_3.1.0-1_amd64.deb-install ]
[A[K[A[K[A[K[A[K[A[K[A[K[A[K[ 01 ] [ target/debs/trixie/grub2-common_2.06-13+deb13u1_amd64.deb ]
[ 02 ] [ target/docker-dash-engine.gz ]
[ 03 ] [ target/debs/trixie/isc-dhcp-relay_4.4.3-P1-2_amd64.deb ]
[ 04 ] [ target/docker-base-trixie.gz ]
[ 05 ] [ target/debs/trixie/frr_10.5.4-sonic-0_amd64.deb ]
[ 06 ] [ target/debs/trixie/openssh-server_10.0p1-7_amd64.deb ]
[ 07 ] [ target/debs/trixie/python3-libyang_3.1.0-1_amd64.deb-install ]
[ 08 ] [ target/debs/trixie/p4lang-bmv2_1.15.0-9_amd64.deb ]
[A[K[A[K[A[K[A[K[A[K[A[K[A[K[A[K[ 01 ] [ target/debs/trixie/grub2-common_2.06-13+deb13u1_amd64.deb ]
[ 02 ] [ target/docker-dash-engine.gz ]
[ 03 ] [ target/debs/trixie/isc-dhcp-relay_4.4.3-P1-2_amd64.deb ]
[ 04 ] [ target/docker-base-trixie.gz ]
[ 05 ] [ target/debs/trixie/frr_10.5.4-sonic-0_amd64.deb ]
[ 06 ] [ target/debs/trixie/openssh-server_10.0p1-7_amd64.deb ]
[ 07 ] [ target/debs/trixie/p4lang-bmv2_1.15.0-9_amd64.deb ]
[A[K[A[K[A[K[A[K[A[K[A[K[A[K[ 01 ] [ target/debs/trixie/grub2-common_2.06-13+deb13u1_amd64.deb ]
[ 02 ] [ target/docker-dash-engine.gz ]
[ 03 ] [ target/debs/trixie/isc-dhcp-relay_4.4.3-P1-2_amd64.deb ]
[ 04 ] [ target/docker-base-trixie.gz ]
[ 05 ] [ target/debs/trixie/frr_10.5.4-sonic-0_amd64.deb ]
[ 06 ] [ target/debs/trixie/openssh-server_10.0p1-7_amd64.deb ]
[ 07 ] [ target/debs/trixie/p4lang-bmv2_1.15.0-9_amd64.deb ]
[ 08 ] [ target/debs/trixie/libnl-cli-3-200_3.7.0-0.2+b1sonic1_amd64.deb-install ]
[A[K[A[K[A[K[A[K[A[K[A[K[A[K[A[K[ 01 ] [ target/debs/trixie/grub2-common_2.06-13+deb13u1_amd64.deb ]
[ 02 ] [ target/docker-dash-engine.gz ]
[ 03 ] [ target/debs/trixie/isc-dhcp-relay_4.4.3-P1-2_amd64.deb ]
[ 04 ] [ target/docker-base-trixie.gz ]
[ 05 ] [ target/debs/trixie/frr_10.5.4-sonic-0_amd64.deb ]
[ 06 ] [ target/debs/trixie/openssh-server_10.0p1-7_amd64.deb ]
[ 07 ] [ target/debs/trixie/p4lang-bmv2_1.15.0-9_amd64.deb ]
[A[K[A[K[A[K[A[K[A[K[A[K[A[K[ 01 ] [ target/debs/trixie/grub2-common_2.06-13+deb13u1_amd64.deb ]
[ 02 ] [ target/docker-dash-engine.gz ]
[ 03 ] [ target/debs/trixie/isc-dhcp-relay_4.4.3-P1-2_amd64.deb ]
[ 04 ] [ target/docker-base-trixie.gz ]
[ 05 ] [ target/debs/trixie/frr_10.5.4-sonic-0_amd64.deb ]
[ 06 ] [ target/debs/trixie/openssh-server_10.0p1-7_amd64.deb ]
[ 07 ] [ target/debs/trixie/p4lang-bmv2_1.15.0-9_amd64.deb ]
[ 08 ] [ target/python-wheels/trixie/sonic_yang_models-1.0-py3-none-any.whl ]
[A[K[A[K[A[K[A[K[A[K[A[K[A[K[A[K[ 01 ] [ target/debs/trixie/grub2-common_2.06-13+deb13u1_amd64.deb ]
[ 02 ] [ target/debs/trixie/isc-dhcp-relay_4.4.3-P1-2_amd64.deb ]
[ 03 ] [ target/docker-base-trixie.gz ]
[ 04 ] [ target/debs/trixie/frr_10.5.4-sonic-0_amd64.deb ]
[ 05 ] [ target/debs/trixie/openssh-server_10.0p1-7_amd64.deb ]
[ 06 ] [ target/debs/trixie/p4lang-bmv2_1.15.0-9_amd64.deb ]
[ 07 ] [ target/python-wheels/trixie/sonic_yang_models-1.0-py3-none-any.whl ]
[A[K[A[K[A[K[A[K[A[K[A[K[A[K[ 01 ] [ target/debs/trixie/grub2-common_2.06-13+deb13u1_amd64.deb ]
[ 02 ] [ target/debs/trixie/isc-dhcp-relay_4.4.3-P1-2_amd64.deb ]
[ 03 ] [ target/docker-base-trixie.gz ]
[ 04 ] [ target/debs/trixie/frr_10.5.4-sonic-0_amd64.deb ]
[ 05 ] [ target/debs/trixie/openssh-server_10.0p1-7_amd64.deb ]
[ 06 ] [ target/debs/trixie/p4lang-bmv2_1.15.0-9_amd64.deb ]
[ 07 ] [ target/python-wheels/trixie/sonic_yang_models-1.0-py3-none-any.whl ]
[ 08 ] [ target/debs/trixie/libnl-cli-3-dev_3.7.0-0.2+b1sonic1_amd64.deb ]
[A[K[A[K[A[K[A[K[A[K[A[K[A[K[A[K[ 01 ] [ target/debs/trixie/grub2-common_2.06-13+deb13u1_amd64.deb ]
[ 02 ] [ target/debs/trixie/isc-dhcp-relay_4.4.3-P1-2_amd64.deb ]
[ 03 ] [ target/docker-base-trixie.gz ]
[ 04 ] [ target/debs/trixie/frr_10.5.4-sonic-0_amd64.deb ]
[ 05 ] [ target/debs/trixie/openssh-server_10.0p1-7_amd64.deb ]
[ 06 ] [ target/debs/trixie/p4lang-bmv2_1.15.0-9_amd64.deb ]
[ 07 ] [ target/python-wheels/trixie/sonic_yang_models-1.0-py3-none-any.whl ]
[A[K[A[K[A[K[A[K[A[K[A[K[A[K[ 01 ] [ target/debs/trixie/grub2-common_2.06-13+deb13u1_amd64.deb ]
[ 02 ] [ target/debs/trixie/isc-dhcp-relay_4.4.3-P1-2_amd64.deb ]
[ 03 ] [ target/docker-base-trixie.gz ]
[ 04 ] [ target/debs/trixie/frr_10.5.4-sonic-0_amd64.deb ]
[ 05 ] [ target/debs/trixie/openssh-server_10.0p1-7_amd64.deb ]
[ 06 ] [ target/debs/trixie/p4lang-bmv2_1.15.0-9_amd64.deb ]
[ 07 ] [ target/python-wheels/trixie/sonic_yang_models-1.0-py3-none-any.whl ]
[ 08 ] [ target/debs/trixie/libnl-cli-3-dev_3.7.0-0.2+b1sonic1_amd64.deb-install ]
[A[K[A[K[A[K[A[K[A[K[A[K[A[K[A[K[ 01 ] [ target/debs/trixie/grub2-common_2.06-13+deb13u1_amd64.deb ]
[ 02 ] [ target/debs/trixie/isc-dhcp-relay_4.4.3-P1-2_amd64.deb ]
[ 03 ] [ target/docker-base-trixie.gz ]
[ 04 ] [ target/debs/trixie/frr_10.5.4-sonic-0_amd64.deb ]
[ 05 ] [ target/debs/trixie/openssh-server_10.0p1-7_amd64.deb ]
[ 06 ] [ target/debs/trixie/p4lang-bmv2_1.15.0-9_amd64.deb ]
[ 07 ] [ target/python-wheels/trixie/sonic_yang_models-1.0-py3-none-any.whl ]
[A[K[A[K[A[K[A[K[A[K[A[K[A[K[ 01 ] [ target/debs/trixie/grub2-common_2.06-13+deb13u1_amd64.deb ]
[ 02 ] [ target/debs/trixie/isc-dhcp-relay_4.4.3-P1-2_amd64.deb ]
[ 03 ] [ target/docker-base-trixie.gz ]
[ 04 ] [ target/debs/trixie/frr_10.5.4-sonic-0_amd64.deb ]
[ 05 ] [ target/debs/trixie/openssh-server_10.0p1-7_amd64.deb ]
[ 06 ] [ target/debs/trixie/p4lang-bmv2_1.15.0-9_amd64.deb ]
[ 07 ] [ target/python-wheels/trixie/sonic_yang_models-1.0-py3-none-any.whl ]
[ 08 ] [ target/debs/trixie/libteam5_1.31-1_amd64.deb ]
[A[K[A[K[A[K[A[K[A[K[A[K[A[K[A[K[ 01 ] [ target/debs/trixie/grub2-common_2.06-13+deb13u1_amd64.deb ]
[ 02 ] [ target/debs/trixie/isc-dhcp-relay_4.4.3-P1-2_amd64.deb ]
[ 03 ] [ target/debs/trixie/frr_10.5.4-sonic-0_amd64.deb ]
[ 04 ] [ target/debs/trixie/openssh-server_10.0p1-7_amd64.deb ]
[ 05 ] [ target/debs/trixie/p4lang-bmv2_1.15.0-9_amd64.deb ]
[ 06 ] [ target/python-wheels/trixie/sonic_yang_models-1.0-py3-none-any.whl ]
[ 07 ] [ target/debs/trixie/libteam5_1.31-1_amd64.deb ]
[A[K[A[K[A[K[A[K[A[K[A[K[A[K[ 01 ] [ target/debs/trixie/grub2-common_2.06-13+deb13u1_amd64.deb ]
[ 02 ] [ target/debs/trixie/isc-dhcp-relay_4.4.3-P1-2_amd64.deb ]
[ 03 ] [ target/debs/trixie/frr_10.5.4-sonic-0_amd64.deb ]
[ 04 ] [ target/debs/trixie/openssh-server_10.0p1-7_amd64.deb ]
[ 05 ] [ target/debs/trixie/p4lang-bmv2_1.15.0-9_amd64.deb ]
[ 06 ] [ target/python-wheels/trixie/sonic_yang_models-1.0-py3-none-any.whl ]
[ 07 ] [ target/debs/trixie/libteam5_1.31-1_amd64.deb ]
[ 08 ] [ target/docker-base-trixie.gz-load ]
[A[K[A[K[A[K[A[K[A[K[A[K[A[K[A[K[ 01 ] [ target/debs/trixie/grub2-common_2.06-13+deb13u1_amd64.deb ]
[ 02 ] [ target/debs/trixie/isc-dhcp-relay_4.4.3-P1-2_amd64.deb ]
[ 03 ] [ target/debs/trixie/frr_10.5.4-sonic-0_amd64.deb ]
[ 04 ] [ target/debs/trixie/openssh-server_10.0p1-7_amd64.deb ]
[ 05 ] [ target/debs/trixie/p4lang-bmv2_1.15.0-9_amd64.deb ]
[ 06 ] [ target/python-wheels/trixie/sonic_yang_models-1.0-py3-none-any.whl ]
[ 07 ] [ target/debs/trixie/libteam5_1.31-1_amd64.deb ]
[A[K[A[K[A[K[A[K[A[K[A[K[A[K[ 01 ] [ target/debs/trixie/grub2-common_2.06-13+deb13u1_amd64.deb ]
[ 02 ] [ target/debs/trixie/isc-dhcp-relay_4.4.3-P1-2_amd64.deb ]
[ 03 ] [ target/debs/trixie/frr_10.5.4-sonic-0_amd64.deb ]
[ 04 ] [ target/debs/trixie/openssh-server_10.0p1-7_amd64.deb ]
[ 05 ] [ target/debs/trixie/p4lang-bmv2_1.15.0-9_amd64.deb ]
[ 06 ] [ target/python-wheels/trixie/sonic_yang_models-1.0-py3-none-any.whl ]
[A[K[A[K[A[K[A[K[A[K[A[K[ 01 ] [ target/debs/trixie/grub2-common_2.06-13+deb13u1_amd64.deb ]
[ 02 ] [ target/debs/trixie/isc-dhcp-relay_4.4.3-P1-2_amd64.deb ]
[ 03 ] [ target/debs/trixie/frr_10.5.4-sonic-0_amd64.deb ]
[ 04 ] [ target/debs/trixie/openssh-server_10.0p1-7_amd64.deb ]
[ 05 ] [ target/debs/trixie/p4lang-bmv2_1.15.0-9_amd64.deb ]
[ 06 ] [ target/python-wheels/trixie/sonic_yang_models-1.0-py3-none-any.whl ]
[ 07 ] [ target/debs/trixie/libteamdctl0_1.31-1_amd64.deb ]
[A[K[A[K[A[K[A[K[A[K[A[K[A[K[ 01 ] [ target/debs/trixie/grub2-common_2.06-13+deb13u1_amd64.deb ]
[ 02 ] [ target/debs/trixie/isc-dhcp-relay_4.4.3-P1-2_amd64.deb ]
[ 03 ] [ target/debs/trixie/frr_10.5.4-sonic-0_amd64.deb ]
[ 04 ] [ target/debs/trixie/openssh-server_10.0p1-7_amd64.deb ]
[ 05 ] [ target/debs/trixie/p4lang-bmv2_1.15.0-9_amd64.deb ]
[ 06 ] [ target/python-wheels/trixie/sonic_yang_models-1.0-py3-none-any.whl ]
[ 07 ] [ target/debs/trixie/libteamdctl0_1.31-1_amd64.deb ]
[ 08 ] [ target/debs/trixie/libteam5_1.31-1_amd64.deb-install ]
[A[K[A[K[A[K[A[K[A[K[A[K[A[K[A[K[ 01 ] [ target/debs/trixie/grub2-common_2.06-13+deb13u1_amd64.deb ]
[ 02 ] [ target/debs/trixie/isc-dhcp-relay_4.4.3-P1-2_amd64.deb ]
[ 03 ] [ target/debs/trixie/frr_10.5.4-sonic-0_amd64.deb ]
[ 04 ] [ target/debs/trixie/openssh-server_10.0p1-7_amd64.deb ]
[ 05 ] [ target/debs/trixie/p4lang-bmv2_1.15.0-9_amd64.deb ]
[ 06 ] [ target/python-wheels/trixie/sonic_yang_models-1.0-py3-none-any.whl ]
[ 07 ] [ target/debs/trixie/libteamdctl0_1.31-1_amd64.deb ]
[A[K[A[K[A[K[A[K[A[K[A[K[A[K[ 01 ] [ target/debs/trixie/grub2-common_2.06-13+deb13u1_amd64.deb ]
[ 02 ] [ target/debs/trixie/isc-dhcp-relay_4.4.3-P1-2_amd64.deb ]
[ 03 ] [ target/debs/trixie/frr_10.5.4-sonic-0_amd64.deb ]
[ 04 ] [ target/debs/trixie/openssh-server_10.0p1-7_amd64.deb ]
[ 05 ] [ target/debs/trixie/p4lang-bmv2_1.15.0-9_amd64.deb ]
[ 06 ] [ target/python-wheels/trixie/sonic_yang_models-1.0-py3-none-any.whl ]
[A[K[A[K[A[K[A[K[A[K[A[K[ 01 ] [ target/debs/trixie/grub2-common_2.06-13+deb13u1_amd64.deb ]
[ 02 ] [ target/debs/trixie/isc-dhcp-relay_4.4.3-P1-2_amd64.deb ]
[ 03 ] [ target/debs/trixie/frr_10.5.4-sonic-0_amd64.deb ]
[ 04 ] [ target/debs/trixie/openssh-server_10.0p1-7_amd64.deb ]
[ 05 ] [ target/debs/trixie/p4lang-bmv2_1.15.0-9_amd64.deb ]
[ 06 ] [ target/python-wheels/trixie/sonic_yang_models-1.0-py3-none-any.whl ]
[ 07 ] [ target/debs/trixie/libteam-dev_1.31-1_amd64.deb ]
[A[K[A[K[A[K[A[K[A[K[A[K[A[K[ 01 ] [ target/debs/trixie/grub2-common_2.06-13+deb13u1_amd64.deb ]
[ 02 ] [ target/debs/trixie/isc-dhcp-relay_4.4.3-P1-2_amd64.deb ]
[ 03 ] [ target/debs/trixie/frr_10.5.4-sonic-0_amd64.deb ]
[ 04 ] [ target/debs/trixie/openssh-server_10.0p1-7_amd64.deb ]
[ 05 ] [ target/debs/trixie/p4lang-bmv2_1.15.0-9_amd64.deb ]
[ 06 ] [ target/python-wheels/trixie/sonic_yang_models-1.0-py3-none-any.whl ]
[ 07 ] [ target/debs/trixie/libteam-dev_1.31-1_amd64.deb ]
[ 08 ] [ target/debs/trixie/libteam-utils_1.31-1_amd64.deb ]
[A[K[A[K[A[K[A[K[A[K[A[K[A[K[A[K[ 01 ] [ target/debs/trixie/grub2-common_2.06-13+deb13u1_amd64.deb ]
[ 02 ] [ target/debs/trixie/isc-dhcp-relay_4.4.3-P1-2_amd64.deb ]
[ 03 ] [ target/debs/trixie/frr_10.5.4-sonic-0_amd64.deb ]
[ 04 ] [ target/debs/trixie/openssh-server_10.0p1-7_amd64.deb ]
[ 05 ] [ target/debs/trixie/p4lang-bmv2_1.15.0-9_amd64.deb ]
[ 06 ] [ target/python-wheels/trixie/sonic_yang_models-1.0-py3-none-any.whl ]
[ 07 ] [ target/debs/trixie/libteam-dev_1.31-1_amd64.deb ]
[A[K[A[K[A[K[A[K[A[K[A[K[A[K[ 01 ] [ target/debs/trixie/grub2-common_2.06-13+deb13u1_amd64.deb ]
[ 02 ] [ target/debs/trixie/isc-dhcp-relay_4.4.3-P1-2_amd64.deb ]
[ 03 ] [ target/debs/trixie/frr_10.5.4-sonic-0_amd64.deb ]
[ 04 ] [ target/debs/trixie/openssh-server_10.0p1-7_amd64.deb ]
[ 05 ] [ target/debs/trixie/p4lang-bmv2_1.15.0-9_amd64.deb ]
[ 06 ] [ target/python-wheels/trixie/sonic_yang_models-1.0-py3-none-any.whl ]
[ 07 ] [ target/debs/trixie/libteam-dev_1.31-1_amd64.deb ]
[ 08 ] [ target/debs/trixie/libteamdctl0_1.31-1_amd64.deb-install ]
[A[K[A[K[A[K[A[K[A[K[A[K[A[K[A[K[ 01 ] [ target/debs/trixie/grub2-common_2.06-13+deb13u1_amd64.deb ]
[ 02 ] [ target/debs/trixie/isc-dhcp-relay_4.4.3-P1-2_amd64.deb ]
[ 03 ] [ target/debs/trixie/frr_10.5.4-sonic-0_amd64.deb ]
[ 04 ] [ target/debs/trixie/openssh-server_10.0p1-7_amd64.deb ]
[ 05 ] [ target/debs/trixie/p4lang-bmv2_1.15.0-9_amd64.deb ]
[ 06 ] [ target/python-wheels/trixie/sonic_yang_models-1.0-py3-none-any.whl ]
[ 07 ] [ target/debs/trixie/libteam-dev_1.31-1_amd64.deb ]
[A[K[A[K[A[K[A[K[A[K[A[K[A[K[ 01 ] [ target/debs/trixie/grub2-common_2.06-13+deb13u1_amd64.deb ]
[ 02 ] [ target/debs/trixie/isc-dhcp-relay_4.4.3-P1-2_amd64.deb ]
[ 03 ] [ target/debs/trixie/frr_10.5.4-sonic-0_amd64.deb ]
[ 04 ] [ target/debs/trixie/openssh-server_10.0p1-7_amd64.deb ]
[ 05 ] [ target/debs/trixie/p4lang-bmv2_1.15.0-9_amd64.deb ]
[ 06 ] [ target/python-wheels/trixie/sonic_yang_models-1.0-py3-none-any.whl ]
[ 07 ] [ target/debs/trixie/libteam-dev_1.31-1_amd64.deb ]
[ 08 ] [ target/debs/trixie/libteam-utils_1.31-1_amd64.deb-install ]
[A[K[A[K[A[K[A[K[A[K[A[K[A[K[A[K[ 01 ] [ target/debs/trixie/grub2-common_2.06-13+deb13u1_amd64.deb ]
[ 02 ] [ target/debs/trixie/isc-dhcp-relay_4.4.3-P1-2_amd64.deb ]
[ 03 ] [ target/debs/trixie/frr_10.5.4-sonic-0_amd64.deb ]
[ 04 ] [ target/debs/trixie/openssh-server_10.0p1-7_amd64.deb ]
[ 05 ] [ target/debs/trixie/p4lang-bmv2_1.15.0-9_amd64.deb ]
[ 06 ] [ target/python-wheels/trixie/sonic_yang_models-1.0-py3-none-any.whl ]
[ 07 ] [ target/debs/trixie/libteam-dev_1.31-1_amd64.deb ]
[A[K[A[K[A[K[A[K[A[K[A[K[A[K[ 01 ] [ target/debs/trixie/grub2-common_2.06-13+deb13u1_amd64.deb ]
[ 02 ] [ target/debs/trixie/isc-dhcp-relay_4.4.3-P1-2_amd64.deb ]
[ 03 ] [ target/debs/trixie/frr_10.5.4-sonic-0_amd64.deb ]
[ 04 ] [ target/debs/trixie/openssh-server_10.0p1-7_amd64.deb ]
[ 05 ] [ target/debs/trixie/p4lang-bmv2_1.15.0-9_amd64.deb ]
[ 06 ] [ target/python-wheels/trixie/sonic_yang_models-1.0-py3-none-any.whl ]
[A[K[A[K[A[K[A[K[A[K[A[K[ 01 ] [ target/debs/trixie/grub2-common_2.06-13+deb13u1_amd64.deb ]
[ 02 ] [ target/debs/trixie/isc-dhcp-relay_4.4.3-P1-2_amd64.deb ]
[ 03 ] [ target/debs/trixie/frr_10.5.4-sonic-0_amd64.deb ]
[ 04 ] [ target/debs/trixie/openssh-server_10.0p1-7_amd64.deb ]
[ 05 ] [ target/debs/trixie/p4lang-bmv2_1.15.0-9_amd64.deb ]
[ 06 ] [ target/python-wheels/trixie/sonic_yang_models-1.0-py3-none-any.whl ]
[ 07 ] [ target/debs/trixie/libteam-dev_1.31-1_amd64.deb-install ]
[A[K[A[K[A[K[A[K[A[K[A[K[A[K[ 01 ] [ target/debs/trixie/grub2-common_2.06-13+deb13u1_amd64.deb ]
[ 02 ] [ target/debs/trixie/isc-dhcp-relay_4.4.3-P1-2_amd64.deb ]
[ 03 ] [ target/debs/trixie/frr_10.5.4-sonic-0_amd64.deb ]
[ 04 ] [ target/debs/trixie/openssh-server_10.0p1-7_amd64.deb ]
[ 05 ] [ target/debs/trixie/p4lang-bmv2_1.15.0-9_amd64.deb ]
[ 06 ] [ target/python-wheels/trixie/sonic_yang_models-1.0-py3-none-any.whl ]
[A[K[A[K[A[K[A[K[A[K[A[K[ 01 ] [ target/debs/trixie/grub2-common_2.06-13+deb13u1_amd64.deb ]
[ 02 ] [ target/debs/trixie/isc-dhcp-relay_4.4.3-P1-2_amd64.deb ]
[ 03 ] [ target/debs/trixie/frr_10.5.4-sonic-0_amd64.deb ]
[ 04 ] [ target/debs/trixie/p4lang-bmv2_1.15.0-9_amd64.deb ]
[ 05 ] [ target/python-wheels/trixie/sonic_yang_models-1.0-py3-none-any.whl ]
[A[K[A[K[A[K[A[K[A[K[ 01 ] [ target/debs/trixie/grub2-common_2.06-13+deb13u1_amd64.deb ]
[ 02 ] [ target/debs/trixie/isc-dhcp-relay_4.4.3-P1-2_amd64.deb ]
[ 03 ] [ target/debs/trixie/frr_10.5.4-sonic-0_amd64.deb ]
[ 04 ] [ target/debs/trixie/p4lang-bmv2_1.15.0-9_amd64.deb ]
[A[K[A[K[A[K[A[K[ 01 ] [ target/debs/trixie/grub2-common_2.06-13+deb13u1_amd64.deb ]
[ 02 ] [ target/debs/trixie/isc-dhcp-relay_4.4.3-P1-2_amd64.deb ]
[ 03 ] [ target/debs/trixie/frr_10.5.4-sonic-0_amd64.deb ]
[ 04 ] [ target/debs/trixie/p4lang-bmv2_1.15.0-9_amd64.deb ]
[ 05 ] [ target/python-wheels/trixie/sonic_yang_models-1.0-py3-none-any.whl-install ]
[A[K[A[K[A[K[A[K[A[K[ 01 ] [ target/debs/trixie/grub2-common_2.06-13+deb13u1_amd64.deb ]
[ 02 ] [ target/debs/trixie/isc-dhcp-relay_4.4.3-P1-2_amd64.deb ]
[ 03 ] [ target/debs/trixie/frr_10.5.4-sonic-0_amd64.deb ]
[ 04 ] [ target/debs/trixie/p4lang-bmv2_1.15.0-9_amd64.deb ]
[A[K[A[K[A[K[A[K[ 01 ] [ target/debs/trixie/grub2-common_2.06-13+deb13u1_amd64.deb ]
[ 02 ] [ target/debs/trixie/isc-dhcp-relay_4.4.3-P1-2_amd64.deb ]
[ 03 ] [ target/debs/trixie/frr_10.5.4-sonic-0_amd64.deb ]
[ 04 ] [ target/debs/trixie/p4lang-bmv2_1.15.0-9_amd64.deb ]
[ 05 ] [ target/python-wheels/trixie/sonic_yang_mgmt-1.0-py3-none-any.whl ]
[A[K[A[K[A[K[A[K[A[K[ 01 ] [ target/debs/trixie/grub2-common_2.06-13+deb13u1_amd64.deb ]
[ 02 ] [ target/debs/trixie/isc-dhcp-relay_4.4.3-P1-2_amd64.deb ]
[ 03 ] [ target/debs/trixie/frr_10.5.4-sonic-0_amd64.deb ]
[ 04 ] [ target/debs/trixie/p4lang-bmv2_1.15.0-9_amd64.deb ]
[ 05 ] [ target/python-wheels/trixie/sonic_yang_mgmt-1.0-py3-none-any.whl ]
[ 06 ] [ target/debs/trixie/sonic-mgmt-common_1.0.0_amd64.deb ]
[A[K[A[K[A[K[A[K[A[K[A[K[ 01 ] [ target/debs/trixie/grub2-common_2.06-13+deb13u1_amd64.deb ]
[ 02 ] [ target/debs/trixie/isc-dhcp-relay_4.4.3-P1-2_amd64.deb ]
[ 03 ] [ target/debs/trixie/frr_10.5.4-sonic-0_amd64.deb ]
[ 04 ] [ target/debs/trixie/p4lang-bmv2_1.15.0-9_amd64.deb ]
[ 05 ] [ target/debs/trixie/sonic-mgmt-common_1.0.0_amd64.deb ]
[A[K[A[K[A[K[A[K[A[K[ 01 ] [ target/debs/trixie/grub2-common_2.06-13+deb13u1_amd64.deb ]
[ 02 ] [ target/debs/trixie/isc-dhcp-relay_4.4.3-P1-2_amd64.deb ]
[ 03 ] [ target/debs/trixie/frr_10.5.4-sonic-0_amd64.deb ]
[ 04 ] [ target/debs/trixie/p4lang-bmv2_1.15.0-9_amd64.deb ]
[ 05 ] [ target/debs/trixie/sonic-mgmt-common_1.0.0_amd64.deb ]
[ 06 ] [ target/python-wheels/trixie/sonic_yang_mgmt-1.0-py3-none-any.whl-install ]
[A[K[A[K[A[K[A[K[A[K[A[K[ 01 ] [ target/debs/trixie/grub2-common_2.06-13+deb13u1_amd64.deb ]
[ 02 ] [ target/debs/trixie/isc-dhcp-relay_4.4.3-P1-2_amd64.deb ]
[ 03 ] [ target/debs/trixie/frr_10.5.4-sonic-0_amd64.deb ]
[ 04 ] [ target/debs/trixie/p4lang-bmv2_1.15.0-9_amd64.deb ]
[ 05 ] [ target/debs/trixie/sonic-mgmt-common_1.0.0_amd64.deb ]
[A[K[A[K[A[K[A[K[A[K[ 01 ] [ target/debs/trixie/grub2-common_2.06-13+deb13u1_amd64.deb ]
[ 02 ] [ target/debs/trixie/isc-dhcp-relay_4.4.3-P1-2_amd64.deb ]
[ 03 ] [ target/debs/trixie/frr_10.5.4-sonic-0_amd64.deb ]
[ 04 ] [ target/debs/trixie/p4lang-bmv2_1.15.0-9_amd64.deb ]
[ 05 ] [ target/debs/trixie/sonic-mgmt-common_1.0.0_amd64.deb ]
[ 06 ] [ target/debs/trixie/libswsscommon_1.0.0_amd64.deb ]
[A[K[A[K[A[K[A[K[A[K[A[K[ 01 ] [ target/debs/trixie/grub2-common_2.06-13+deb13u1_amd64.deb ]
[ 02 ] [ target/debs/trixie/isc-dhcp-relay_4.4.3-P1-2_amd64.deb ]
[ 03 ] [ target/debs/trixie/p4lang-bmv2_1.15.0-9_amd64.deb ]
[ 04 ] [ target/debs/trixie/sonic-mgmt-common_1.0.0_amd64.deb ]
[ 05 ] [ target/debs/trixie/libswsscommon_1.0.0_amd64.deb ]
[A[K[A[K[A[K[A[K[A[K[ 01 ] [ target/debs/trixie/grub2-common_2.06-13+deb13u1_amd64.deb ]
[ 02 ] [ target/debs/trixie/isc-dhcp-relay_4.4.3-P1-2_amd64.deb ]
[ 03 ] [ target/debs/trixie/p4lang-bmv2_1.15.0-9_amd64.deb ]
[ 04 ] [ target/debs/trixie/sonic-mgmt-common_1.0.0_amd64.deb ]
[ 05 ] [ target/debs/trixie/libswsscommon_1.0.0_amd64.deb ]
[ 06 ] [ target/debs/trixie/frr-snmp_10.5.4-sonic-0_amd64.deb ]
[A[K[A[K[A[K[A[K[A[K[A[K[ 01 ] [ target/debs/trixie/grub2-common_2.06-13+deb13u1_amd64.deb ]
[ 02 ] [ target/debs/trixie/isc-dhcp-relay_4.4.3-P1-2_amd64.deb ]
[ 03 ] [ target/debs/trixie/p4lang-bmv2_1.15.0-9_amd64.deb ]
[ 04 ] [ target/debs/trixie/sonic-mgmt-common_1.0.0_amd64.deb ]
[ 05 ] [ target/debs/trixie/libswsscommon_1.0.0_amd64.deb ]
[A[K[A[K[A[K[A[K[A[K[ 01 ] [ target/debs/trixie/grub2-common_2.06-13+deb13u1_amd64.deb ]
[ 02 ] [ target/debs/trixie/p4lang-bmv2_1.15.0-9_amd64.deb ]
[ 03 ] [ target/debs/trixie/sonic-mgmt-common_1.0.0_amd64.deb ]
[ 04 ] [ target/debs/trixie/libswsscommon_1.0.0_amd64.deb ]
[A[K[A[K[A[K[A[K[ 01 ] [ target/debs/trixie/grub2-common_2.06-13+deb13u1_amd64.deb ]
[ 02 ] [ target/debs/trixie/p4lang-bmv2_1.15.0-9_amd64.deb ]
[ 03 ] [ target/debs/trixie/libswsscommon_1.0.0_amd64.deb ]
[A[K[A[K[A[K[ 01 ] [ target/debs/trixie/grub2-common_2.06-13+deb13u1_amd64.deb ]
[ 02 ] [ target/debs/trixie/p4lang-bmv2_1.15.0-9_amd64.deb ]
[ 03 ] [ target/debs/trixie/libswsscommon_1.0.0_amd64.deb ]
[ 04 ] [ target/debs/trixie/sonic-mgmt-common-codegen_1.0.0_amd64.deb ]
[A[K[A[K[A[K[A[K[ 01 ] [ target/debs/trixie/grub2-common_2.06-13+deb13u1_amd64.deb ]
[ 02 ] [ target/debs/trixie/p4lang-bmv2_1.15.0-9_amd64.deb ]
[ 03 ] [ target/debs/trixie/libswsscommon_1.0.0_amd64.deb ]
[A[K[A[K[A[K[ 01 ] [ target/debs/trixie/grub2-common_2.06-13+deb13u1_amd64.deb ]
[ 02 ] [ target/debs/trixie/p4lang-bmv2_1.15.0-9_amd64.deb ]
[ 03 ] [ target/debs/trixie/libswsscommon_1.0.0_amd64.deb ]
[ 04 ] [ target/debs/trixie/sonic-mgmt-common_1.0.0_amd64.deb-install ]
[A[K[A[K[A[K[A[K[ 01 ] [ target/debs/trixie/grub2-common_2.06-13+deb13u1_amd64.deb ]
[ 02 ] [ target/debs/trixie/p4lang-bmv2_1.15.0-9_amd64.deb ]
[ 03 ] [ target/debs/trixie/libswsscommon_1.0.0_amd64.deb ]
[A[K[A[K[A[K[ 01 ] [ target/debs/trixie/grub2-common_2.06-13+deb13u1_amd64.deb ]
[ 02 ] [ target/debs/trixie/p4lang-bmv2_1.15.0-9_amd64.deb ]
[ 03 ] [ target/debs/trixie/libswsscommon_1.0.0_amd64.deb ]
[ 04 ] [ target/debs/trixie/sonic-mgmt-common-codegen_1.0.0_amd64.deb-install ]
[A[K[A[K[A[K[A[K[ 01 ] [ target/debs/trixie/grub2-common_2.06-13+deb13u1_amd64.deb ]
[ 02 ] [ target/debs/trixie/p4lang-bmv2_1.15.0-9_amd64.deb ]
[ 03 ] [ target/debs/trixie/libswsscommon_1.0.0_amd64.deb ]
[A[K[A[K[A[K[ 01 ] [ target/debs/trixie/grub2-common_2.06-13+deb13u1_amd64.deb ]
[ 02 ] [ target/debs/trixie/p4lang-bmv2_1.15.0-9_amd64.deb ]
[ 03 ] [ target/debs/trixie/libswsscommon_1.0.0_amd64.deb ]
[ 04 ] [ target/debs/trixie/sonic-mgmt-framework_1.0-01_amd64.deb ]
[A[K[A[K[A[K[A[K[ 01 ] [ target/debs/trixie/grub2-common_2.06-13+deb13u1_amd64.deb ]
[ 02 ] [ target/debs/trixie/p4lang-bmv2_1.15.0-9_amd64.deb ]
[ 03 ] [ target/debs/trixie/sonic-mgmt-framework_1.0-01_amd64.deb ]
[A[K[A[K[A[K[ 01 ] [ target/debs/trixie/grub2-common_2.06-13+deb13u1_amd64.deb ]
[ 02 ] [ target/debs/trixie/p4lang-bmv2_1.15.0-9_amd64.deb ]
[ 03 ] [ target/debs/trixie/sonic-mgmt-framework_1.0-01_amd64.deb ]
[ 04 ] [ target/debs/trixie/python3-swsscommon_1.0.0_amd64.deb ]
[A[K[A[K[A[K[A[K[ 01 ] [ target/debs/trixie/grub2-common_2.06-13+deb13u1_amd64.deb ]
[ 02 ] [ target/debs/trixie/p4lang-bmv2_1.15.0-9_amd64.deb ]
[ 03 ] [ target/debs/trixie/sonic-mgmt-framework_1.0-01_amd64.deb ]
[A[K[A[K[A[K[ 01 ] [ target/debs/trixie/grub2-common_2.06-13+deb13u1_amd64.deb ]
[ 02 ] [ target/debs/trixie/p4lang-bmv2_1.15.0-9_amd64.deb ]
[ 03 ] [ target/debs/trixie/sonic-mgmt-framework_1.0-01_amd64.deb ]
[ 04 ] [ target/debs/trixie/libswsscommon-dev_1.0.0_amd64.deb ]
[A[K[A[K[A[K[A[K[ 01 ] [ target/debs/trixie/grub2-common_2.06-13+deb13u1_amd64.deb ]
[ 02 ] [ target/debs/trixie/p4lang-bmv2_1.15.0-9_amd64.deb ]
[ 03 ] [ target/debs/trixie/sonic-mgmt-framework_1.0-01_amd64.deb ]
[A[K[A[K[A[K[ 01 ] [ target/debs/trixie/grub2-common_2.06-13+deb13u1_amd64.deb ]
[ 02 ] [ target/debs/trixie/p4lang-bmv2_1.15.0-9_amd64.deb ]
[A[K[A[K[ 01 ] [ target/debs/trixie/grub2-common_2.06-13+deb13u1_amd64.deb ]
[ 02 ] [ target/debs/trixie/p4lang-bmv2_1.15.0-9_amd64.deb ]
[ 03 ] [ target/debs/trixie/sonic-db-cli_1.0.0_amd64.deb ]
[A[K[A[K[A[K[ 01 ] [ target/debs/trixie/grub2-common_2.06-13+deb13u1_amd64.deb ]
[ 02 ] [ target/debs/trixie/p4lang-bmv2_1.15.0-9_amd64.deb ]
[A[K[A[K[ 01 ] [ target/debs/trixie/grub2-common_2.06-13+deb13u1_amd64.deb ]
[ 02 ] [ target/debs/trixie/p4lang-bmv2_1.15.0-9_amd64.deb ]
[ 03 ] [ target/debs/trixie/libswsscommon_1.0.0_amd64.deb-install ]
[A[K[A[K[A[K[ 01 ] [ target/debs/trixie/grub2-common_2.06-13+deb13u1_amd64.deb ]
[ 02 ] [ target/debs/trixie/p4lang-bmv2_1.15.0-9_amd64.deb ]
[A[K[A[K[ 01 ] [ target/debs/trixie/grub2-common_2.06-13+deb13u1_amd64.deb ]
[ 02 ] [ target/debs/trixie/p4lang-bmv2_1.15.0-9_amd64.deb ]
[ 03 ] [ target/debs/trixie/libswsscommon-dev_1.0.0_amd64.deb-install ]
[A[K[A[K[A[K[ 01 ] [ target/debs/trixie/grub2-common_2.06-13+deb13u1_amd64.deb ]
[ 02 ] [ target/debs/trixie/p4lang-bmv2_1.15.0-9_amd64.deb ]
[ 03 ] [ target/debs/trixie/libswsscommon-dev_1.0.0_amd64.deb-install ]
[ 04 ] [ target/debs/trixie/python3-swsscommon_1.0.0_amd64.deb-install ]
[A[K[A[K[A[K[A[K[ 01 ] [ target/debs/trixie/grub2-common_2.06-13+deb13u1_amd64.deb ]
[ 02 ] [ target/debs/trixie/p4lang-bmv2_1.15.0-9_amd64.deb ]
[ 03 ] [ target/debs/trixie/python3-swsscommon_1.0.0_amd64.deb-install ]
[A[K[A[K[A[K[ 01 ] [ target/debs/trixie/grub2-common_2.06-13+deb13u1_amd64.deb ]
[ 02 ] [ target/debs/trixie/p4lang-bmv2_1.15.0-9_amd64.deb ]
[ 03 ] [ target/debs/trixie/python3-swsscommon_1.0.0_amd64.deb-install ]
[ 04 ] [ target/debs/trixie/sonic-eventd_1.0.0-0_amd64.deb ]
[A[K[A[K[A[K[A[K[ 01 ] [ target/debs/trixie/grub2-common_2.06-13+deb13u1_amd64.deb ]
[ 02 ] [ target/debs/trixie/p4lang-bmv2_1.15.0-9_amd64.deb ]
[ 03 ] [ target/debs/trixie/python3-swsscommon_1.0.0_amd64.deb-install ]
[ 04 ] [ target/debs/trixie/sonic-eventd_1.0.0-0_amd64.deb ]
[ 05 ] [ target/debs/trixie/sonic-ctrmgrd-rs_1.0.0_amd64.deb ]
[A[K[A[K[A[K[A[K[A[K[ 01 ] [ target/debs/trixie/grub2-common_2.06-13+deb13u1_amd64.deb ]
[ 02 ] [ target/debs/trixie/p4lang-bmv2_1.15.0-9_amd64.deb ]
[ 03 ] [ target/debs/trixie/sonic-eventd_1.0.0-0_amd64.deb ]
[ 04 ] [ target/debs/trixie/sonic-ctrmgrd-rs_1.0.0_amd64.deb ]
[A[K[A[K[A[K[A[K[ 01 ] [ target/debs/trixie/grub2-common_2.06-13+deb13u1_amd64.deb ]
[ 02 ] [ target/debs/trixie/p4lang-bmv2_1.15.0-9_amd64.deb ]
[ 03 ] [ target/debs/trixie/sonic-eventd_1.0.0-0_amd64.deb ]
[ 04 ] [ target/debs/trixie/sonic-ctrmgrd-rs_1.0.0_amd64.deb ]
[ 05 ] [ target/debs/trixie/sonic-host-services-rs_1.0.0_amd64.deb ]
[A[K[A[K[A[K[A[K[A[K[ 01 ] [ target/debs/trixie/grub2-common_2.06-13+deb13u1_amd64.deb ]
[ 02 ] [ target/debs/trixie/p4lang-bmv2_1.15.0-9_amd64.deb ]
[ 03 ] [ target/debs/trixie/sonic-eventd_1.0.0-0_amd64.deb ]
[ 04 ] [ target/debs/trixie/sonic-ctrmgrd-rs_1.0.0_amd64.deb ]
[ 05 ] [ target/debs/trixie/sonic-host-services-rs_1.0.0_amd64.deb ]
[ 06 ] [ target/debs/trixie/syslog-counter_1.0.0_amd64.deb ]
[A[K[A[K[A[K[A[K[A[K[A[K[ 01 ] [ target/debs/trixie/grub2-common_2.06-13+deb13u1_amd64.deb ]
[ 02 ] [ target/debs/trixie/p4lang-bmv2_1.15.0-9_amd64.deb ]
[ 03 ] [ target/debs/trixie/sonic-eventd_1.0.0-0_amd64.deb ]
[ 04 ] [ target/debs/trixie/sonic-ctrmgrd-rs_1.0.0_amd64.deb ]
[ 05 ] [ target/debs/trixie/sonic-host-services-rs_1.0.0_amd64.deb ]
[ 06 ] [ target/debs/trixie/syslog-counter_1.0.0_amd64.deb ]
[ 07 ] [ target/debs/trixie/sonic-supervisord-utilities-rs_1.0.0_amd64.deb ]
[A[K[A[K[A[K[A[K[A[K[A[K[A[K[ 01 ] [ target/debs/trixie/grub2-common_2.06-13+deb13u1_amd64.deb ]
[ 02 ] [ target/debs/trixie/p4lang-bmv2_1.15.0-9_amd64.deb ]
[ 03 ] [ target/debs/trixie/sonic-eventd_1.0.0-0_amd64.deb ]
[ 04 ] [ target/debs/trixie/sonic-ctrmgrd-rs_1.0.0_amd64.deb ]
[ 05 ] [ target/debs/trixie/sonic-host-services-rs_1.0.0_amd64.deb ]
[ 06 ] [ target/debs/trixie/syslog-counter_1.0.0_amd64.deb ]
[ 07 ] [ target/debs/trixie/sonic-supervisord-utilities-rs_1.0.0_amd64.deb ]
[ 08 ] [ target/debs/trixie/sonic-bmp_0.1_amd64.deb ]
[A[K[A[K[A[K[A[K[A[K[A[K[A[K[A[K[ 01 ] [ target/debs/trixie/grub2-common_2.06-13+deb13u1_amd64.deb ]
[ 02 ] [ target/debs/trixie/p4lang-bmv2_1.15.0-9_amd64.deb ]
[ 03 ] [ target/debs/trixie/sonic-ctrmgrd-rs_1.0.0_amd64.deb ]
[ 04 ] [ target/debs/trixie/sonic-host-services-rs_1.0.0_amd64.deb ]
[ 05 ] [ target/debs/trixie/syslog-counter_1.0.0_amd64.deb ]
[ 06 ] [ target/debs/trixie/sonic-supervisord-utilities-rs_1.0.0_amd64.deb ]
[ 07 ] [ target/debs/trixie/sonic-bmp_0.1_amd64.deb ]
[A[K[A[K[A[K[A[K[A[K[A[K[A[K[ 01 ] [ target/debs/trixie/grub2-common_2.06-13+deb13u1_amd64.deb ]
[ 02 ] [ target/debs/trixie/p4lang-bmv2_1.15.0-9_amd64.deb ]
[ 03 ] [ target/debs/trixie/sonic-ctrmgrd-rs_1.0.0_amd64.deb ]
[ 04 ] [ target/debs/trixie/sonic-host-services-rs_1.0.0_amd64.deb ]
[ 05 ] [ target/debs/trixie/syslog-counter_1.0.0_amd64.deb ]
[ 06 ] [ target/debs/trixie/sonic-supervisord-utilities-rs_1.0.0_amd64.deb ]
[ 07 ] [ target/debs/trixie/sonic-bmp_0.1_amd64.deb ]
[ 08 ] [ target/debs/trixie/dash-ha_1.0.0_amd64.deb ]
[A[K[A[K[A[K[A[K[A[K[A[K[A[K[A[K[ 01 ] [ target/debs/trixie/grub2-common_2.06-13+deb13u1_amd64.deb ]
[ 02 ] [ target/debs/trixie/p4lang-bmv2_1.15.0-9_amd64.deb ]
[ 03 ] [ target/debs/trixie/sonic-ctrmgrd-rs_1.0.0_amd64.deb ]
[ 04 ] [ target/debs/trixie/sonic-host-services-rs_1.0.0_amd64.deb ]
[ 05 ] [ target/debs/trixie/syslog-counter_1.0.0_amd64.deb ]
[ 06 ] [ target/debs/trixie/sonic-supervisord-utilities-rs_1.0.0_amd64.deb ]
[ 07 ] [ target/debs/trixie/dash-ha_1.0.0_amd64.deb ]
[A[K[A[K[A[K[A[K[A[K[A[K[A[K[ 01 ] [ target/debs/trixie/grub2-common_2.06-13+deb13u1_amd64.deb ]
[ 02 ] [ target/debs/trixie/p4lang-bmv2_1.15.0-9_amd64.deb ]
[ 03 ] [ target/debs/trixie/sonic-ctrmgrd-rs_1.0.0_amd64.deb ]
[ 04 ] [ target/debs/trixie/sonic-host-services-rs_1.0.0_amd64.deb ]
[ 05 ] [ target/debs/trixie/syslog-counter_1.0.0_amd64.deb ]
[ 06 ] [ target/debs/trixie/sonic-supervisord-utilities-rs_1.0.0_amd64.deb ]
[ 07 ] [ target/debs/trixie/dash-ha_1.0.0_amd64.deb ]
[ 08 ] [ target/debs/trixie/stp_1.0.0_amd64.deb ]
[A[K[A[K[A[K[A[K[A[K[A[K[A[K[A[K[ 01 ] [ target/debs/trixie/grub2-common_2.06-13+deb13u1_amd64.deb ]
[ 02 ] [ target/debs/trixie/p4lang-bmv2_1.15.0-9_amd64.deb ]
[ 03 ] [ target/debs/trixie/sonic-ctrmgrd-rs_1.0.0_amd64.deb ]
[ 04 ] [ target/debs/trixie/sonic-host-services-rs_1.0.0_amd64.deb ]
[ 05 ] [ target/debs/trixie/syslog-counter_1.0.0_amd64.deb ]
[ 06 ] [ target/debs/trixie/sonic-supervisord-utilities-rs_1.0.0_amd64.deb ]
[ 07 ] [ target/debs/trixie/dash-ha_1.0.0_amd64.deb ]
[A[K[A[K[A[K[A[K[A[K[A[K[A[K[ 01 ] [ target/debs/trixie/grub2-common_2.06-13+deb13u1_amd64.deb ]
[ 02 ] [ target/debs/trixie/p4lang-bmv2_1.15.0-9_amd64.deb ]
[ 03 ] [ target/debs/trixie/sonic-ctrmgrd-rs_1.0.0_amd64.deb ]
[ 04 ] [ target/debs/trixie/sonic-host-services-rs_1.0.0_amd64.deb ]
[ 05 ] [ target/debs/trixie/syslog-counter_1.0.0_amd64.deb ]
[ 06 ] [ target/debs/trixie/sonic-supervisord-utilities-rs_1.0.0_amd64.deb ]
[ 07 ] [ target/debs/trixie/dash-ha_1.0.0_amd64.deb ]
[ 08 ] [ target/debs/trixie/sonic-gnmi_0.1_amd64.deb ]
[A[K[A[K[A[K[A[K[A[K[A[K[A[K[A[K[ 01 ] [ target/debs/trixie/grub2-common_2.06-13+deb13u1_amd64.deb ]
[ 02 ] [ target/debs/trixie/p4lang-bmv2_1.15.0-9_amd64.deb ]
[ 03 ] [ target/debs/trixie/sonic-ctrmgrd-rs_1.0.0_amd64.deb ]
[ 04 ] [ target/debs/trixie/sonic-host-services-rs_1.0.0_amd64.deb ]
[ 05 ] [ target/debs/trixie/syslog-counter_1.0.0_amd64.deb ]
[ 06 ] [ target/debs/trixie/sonic-supervisord-utilities-rs_1.0.0_amd64.deb ]
[ 07 ] [ target/debs/trixie/dash-ha_1.0.0_amd64.deb ]
[A[K[A[K[A[K[A[K[A[K[A[K[A[K[ 01 ] [ target/debs/trixie/grub2-common_2.06-13+deb13u1_amd64.deb ]
[ 02 ] [ target/debs/trixie/p4lang-bmv2_1.15.0-9_amd64.deb ]
[ 03 ] [ target/debs/trixie/sonic-ctrmgrd-rs_1.0.0_amd64.deb ]
[ 04 ] [ target/debs/trixie/sonic-host-services-rs_1.0.0_amd64.deb ]
[ 05 ] [ target/debs/trixie/syslog-counter_1.0.0_amd64.deb ]
[ 06 ] [ target/debs/trixie/sonic-supervisord-utilities-rs_1.0.0_amd64.deb ]
[ 07 ] [ target/debs/trixie/dash-ha_1.0.0_amd64.deb ]
[ 08 ] [ target/debs/trixie/sonic-linkmgrd_1.0.0-1_amd64.deb ]
[A[K[A[K[A[K[A[K[A[K[A[K[A[K[A[K[ 01 ] [ target/debs/trixie/grub2-common_2.06-13+deb13u1_amd64.deb ]
[ 02 ] [ target/debs/trixie/p4lang-bmv2_1.15.0-9_amd64.deb ]
[ 03 ] [ target/debs/trixie/sonic-ctrmgrd-rs_1.0.0_amd64.deb ]
[ 04 ] [ target/debs/trixie/sonic-host-services-rs_1.0.0_amd64.deb ]
[ 05 ] [ target/debs/trixie/syslog-counter_1.0.0_amd64.deb ]
[ 06 ] [ target/debs/trixie/dash-ha_1.0.0_amd64.deb ]
[ 07 ] [ target/debs/trixie/sonic-linkmgrd_1.0.0-1_amd64.deb ]
[A[K[A[K[A[K[A[K[A[K[A[K[A[K[ 01 ] [ target/debs/trixie/grub2-common_2.06-13+deb13u1_amd64.deb ]
[ 02 ] [ target/debs/trixie/p4lang-bmv2_1.15.0-9_amd64.deb ]
[ 03 ] [ target/debs/trixie/sonic-ctrmgrd-rs_1.0.0_amd64.deb ]
[ 04 ] [ target/debs/trixie/sonic-host-services-rs_1.0.0_amd64.deb ]
[ 05 ] [ target/debs/trixie/syslog-counter_1.0.0_amd64.deb ]
[ 06 ] [ target/debs/trixie/dash-ha_1.0.0_amd64.deb ]
[ 07 ] [ target/debs/trixie/sonic-linkmgrd_1.0.0-1_amd64.deb ]
[ 08 ] [ target/debs/trixie/sysmgr_1.0.0_amd64.deb ]
[A[K[A[K[A[K[A[K[A[K[A[K[A[K[A[K[ 01 ] [ target/debs/trixie/grub2-common_2.06-13+deb13u1_amd64.deb ]
[ 02 ] [ target/debs/trixie/p4lang-bmv2_1.15.0-9_amd64.deb ]
[ 03 ] [ target/debs/trixie/sonic-ctrmgrd-rs_1.0.0_amd64.deb ]
[ 04 ] [ target/debs/trixie/sonic-host-services-rs_1.0.0_amd64.deb ]
[ 05 ] [ target/debs/trixie/dash-ha_1.0.0_amd64.deb ]
[ 06 ] [ target/debs/trixie/sonic-linkmgrd_1.0.0-1_amd64.deb ]
[ 07 ] [ target/debs/trixie/sysmgr_1.0.0_amd64.deb ]
[A[K[A[K[A[K[A[K[A[K[A[K[A[K[ 01 ] [ target/debs/trixie/grub2-common_2.06-13+deb13u1_amd64.deb ]
[ 02 ] [ target/debs/trixie/p4lang-bmv2_1.15.0-9_amd64.deb ]
[ 03 ] [ target/debs/trixie/sonic-ctrmgrd-rs_1.0.0_amd64.deb ]
[ 04 ] [ target/debs/trixie/sonic-host-services-rs_1.0.0_amd64.deb ]
[ 05 ] [ target/debs/trixie/dash-ha_1.0.0_amd64.deb ]
[ 06 ] [ target/debs/trixie/sonic-linkmgrd_1.0.0-1_amd64.deb ]
[ 07 ] [ target/debs/trixie/sysmgr_1.0.0_amd64.deb ]
[ 08 ] [ target/debs/trixie/sonic-dhcpmon_1.0.0-0_amd64.deb ]
[A[K[A[K[A[K[A[K[A[K[A[K[A[K[A[K[ 01 ] [ target/debs/trixie/grub2-common_2.06-13+deb13u1_amd64.deb ]
[ 02 ] [ target/debs/trixie/p4lang-bmv2_1.15.0-9_amd64.deb ]
[ 03 ] [ target/debs/trixie/sonic-ctrmgrd-rs_1.0.0_amd64.deb ]
[ 04 ] [ target/debs/trixie/sonic-host-services-rs_1.0.0_amd64.deb ]
[ 05 ] [ target/debs/trixie/dash-ha_1.0.0_amd64.deb ]
[ 06 ] [ target/debs/trixie/sonic-linkmgrd_1.0.0-1_amd64.deb ]
[ 07 ] [ target/debs/trixie/sysmgr_1.0.0_amd64.deb ]
[A[K[A[K[A[K[A[K[A[K[A[K[A[K[ 01 ] [ target/debs/trixie/grub2-common_2.06-13+deb13u1_amd64.deb ]
[ 02 ] [ target/debs/trixie/p4lang-bmv2_1.15.0-9_amd64.deb ]
[ 03 ] [ target/debs/trixie/sonic-ctrmgrd-rs_1.0.0_amd64.deb ]
[ 04 ] [ target/debs/trixie/dash-ha_1.0.0_amd64.deb ]
[ 05 ] [ target/debs/trixie/sonic-linkmgrd_1.0.0-1_amd64.deb ]
[ 06 ] [ target/debs/trixie/sysmgr_1.0.0_amd64.deb ]
[A[K[A[K[A[K[A[K[A[K[A[K[ 01 ] [ target/debs/trixie/grub2-common_2.06-13+deb13u1_amd64.deb ]
[ 02 ] [ target/debs/trixie/p4lang-bmv2_1.15.0-9_amd64.deb ]
[ 03 ] [ target/debs/trixie/sonic-ctrmgrd-rs_1.0.0_amd64.deb ]
[ 04 ] [ target/debs/trixie/dash-ha_1.0.0_amd64.deb ]
[ 05 ] [ target/debs/trixie/sonic-linkmgrd_1.0.0-1_amd64.deb ]
[ 06 ] [ target/debs/trixie/sysmgr_1.0.0_amd64.deb ]
[ 07 ] [ target/debs/trixie/sonic-dhcp4relay_1.0.0-0_amd64.deb ]
[A[K[A[K[A[K[A[K[A[K[A[K[A[K[ 01 ] [ target/debs/trixie/grub2-common_2.06-13+deb13u1_amd64.deb ]
[ 02 ] [ target/debs/trixie/p4lang-bmv2_1.15.0-9_amd64.deb ]
[ 03 ] [ target/debs/trixie/sonic-ctrmgrd-rs_1.0.0_amd64.deb ]
[ 04 ] [ target/debs/trixie/dash-ha_1.0.0_amd64.deb ]
[ 05 ] [ target/debs/trixie/sonic-linkmgrd_1.0.0-1_amd64.deb ]
[ 06 ] [ target/debs/trixie/sonic-dhcp4relay_1.0.0-0_amd64.deb ]
[A[K[A[K[A[K[A[K[A[K[A[K[ 01 ] [ target/debs/trixie/grub2-common_2.06-13+deb13u1_amd64.deb ]
[ 02 ] [ target/debs/trixie/p4lang-bmv2_1.15.0-9_amd64.deb ]
[ 03 ] [ target/debs/trixie/dash-ha_1.0.0_amd64.deb ]
[ 04 ] [ target/debs/trixie/sonic-linkmgrd_1.0.0-1_amd64.deb ]
[ 05 ] [ target/debs/trixie/sonic-dhcp4relay_1.0.0-0_amd64.deb ]
[A[K[A[K[A[K[A[K[A[K[ 01 ] [ target/debs/trixie/grub2-common_2.06-13+deb13u1_amd64.deb ]
[ 02 ] [ target/debs/trixie/p4lang-bmv2_1.15.0-9_amd64.deb ]
[ 03 ] [ target/debs/trixie/dash-ha_1.0.0_amd64.deb ]
[ 04 ] [ target/debs/trixie/sonic-linkmgrd_1.0.0-1_amd64.deb ]
[ 05 ] [ target/debs/trixie/sonic-dhcp4relay_1.0.0-0_amd64.deb ]
[ 06 ] [ target/debs/trixie/sonic-dhcp6relay_1.0.0-0_amd64.deb ]
[A[K[A[K[A[K[A[K[A[K[A[K[ 01 ] [ target/debs/trixie/grub2-common_2.06-13+deb13u1_amd64.deb ]
[ 02 ] [ target/debs/trixie/p4lang-bmv2_1.15.0-9_amd64.deb ]
[ 03 ] [ target/debs/trixie/dash-ha_1.0.0_amd64.deb ]
[ 04 ] [ target/debs/trixie/sonic-linkmgrd_1.0.0-1_amd64.deb ]
[ 05 ] [ target/debs/trixie/sonic-dhcp6relay_1.0.0-0_amd64.deb ]
[A[K[A[K[A[K[A[K[A[K[ 01 ] [ target/debs/trixie/grub2-common_2.06-13+deb13u1_amd64.deb ]
[ 02 ] [ target/debs/trixie/p4lang-bmv2_1.15.0-9_amd64.deb ]
[ 03 ] [ target/debs/trixie/dash-ha_1.0.0_amd64.deb ]
[ 04 ] [ target/debs/trixie/sonic-linkmgrd_1.0.0-1_amd64.deb ]
[ 05 ] [ target/debs/trixie/sonic-dhcp6relay_1.0.0-0_amd64.deb ]
[ 06 ] [ target/debs/trixie/wpasupplicant_2.9.0-14_amd64.deb ]
[A[K[A[K[A[K[A[K[A[K[A[K[ 01 ] [ target/debs/trixie/grub2-common_2.06-13+deb13u1_amd64.deb ]
[ 02 ] [ target/debs/trixie/p4lang-bmv2_1.15.0-9_amd64.deb ]
[ 03 ] [ target/debs/trixie/dash-ha_1.0.0_amd64.deb ]
[ 04 ] [ target/debs/trixie/sonic-linkmgrd_1.0.0-1_amd64.deb ]
[ 05 ] [ target/debs/trixie/wpasupplicant_2.9.0-14_amd64.deb ]
[A[K[A[K[A[K[A[K[A[K[ 01 ] [ target/debs/trixie/grub2-common_2.06-13+deb13u1_amd64.deb ]
[ 02 ] [ target/debs/trixie/p4lang-bmv2_1.15.0-9_amd64.deb ]
[ 03 ] [ target/debs/trixie/dash-ha_1.0.0_amd64.deb ]
[ 04 ] [ target/debs/trixie/sonic-linkmgrd_1.0.0-1_amd64.deb ]
[ 05 ] [ target/debs/trixie/wpasupplicant_2.9.0-14_amd64.deb ]
[ 06 ] [ target/debs/trixie/sonic-rsyslog-plugin_1.0.0-0_amd64.deb ]
[A[K[A[K[A[K[A[K[A[K[A[K[ 01 ] [ target/debs/trixie/grub2-common_2.06-13+deb13u1_amd64.deb ]
[ 02 ] [ target/debs/trixie/p4lang-bmv2_1.15.0-9_amd64.deb ]
[ 03 ] [ target/debs/trixie/dash-ha_1.0.0_amd64.deb ]
[ 04 ] [ target/debs/trixie/sonic-linkmgrd_1.0.0-1_amd64.deb ]
[ 05 ] [ target/debs/trixie/wpasupplicant_2.9.0-14_amd64.deb ]
[A[K[A[K[A[K[A[K[A[K[ 01 ] [ target/debs/trixie/grub2-common_2.06-13+deb13u1_amd64.deb ]
[ 02 ] [ target/debs/trixie/p4lang-bmv2_1.15.0-9_amd64.deb ]
[ 03 ] [ target/debs/trixie/dash-ha_1.0.0_amd64.deb ]
[ 04 ] [ target/debs/trixie/sonic-linkmgrd_1.0.0-1_amd64.deb ]
[ 05 ] [ target/debs/trixie/wpasupplicant_2.9.0-14_amd64.deb ]
[ 06 ] [ target/python-wheels/trixie/sonic_py_common-1.0-py3-none-any.whl ]
[A[K[A[K[A[K[A[K[A[K[A[K[ 01 ] [ target/debs/trixie/grub2-common_2.06-13+deb13u1_amd64.deb ]
[ 02 ] [ target/debs/trixie/p4lang-bmv2_1.15.0-9_amd64.deb ]
[ 03 ] [ target/debs/trixie/dash-ha_1.0.0_amd64.deb ]
[ 04 ] [ target/debs/trixie/sonic-linkmgrd_1.0.0-1_amd64.deb ]
[ 05 ] [ target/debs/trixie/wpasupplicant_2.9.0-14_amd64.deb ]
[ 06 ] [ target/python-wheels/trixie/sonic_py_common-1.0-py3-none-any.whl ]
[ 07 ] [ target/debs/trixie/sonic-bmp_0.1_amd64.deb-install ]
[A[K[A[K[A[K[A[K[A[K[A[K[A[K[ 01 ] [ target/debs/trixie/grub2-common_2.06-13+deb13u1_amd64.deb ]
[ 02 ] [ target/debs/trixie/p4lang-bmv2_1.15.0-9_amd64.deb ]
[ 03 ] [ target/debs/trixie/dash-ha_1.0.0_amd64.deb ]
[ 04 ] [ target/debs/trixie/sonic-linkmgrd_1.0.0-1_amd64.deb ]
[ 05 ] [ target/debs/trixie/wpasupplicant_2.9.0-14_amd64.deb ]
[ 06 ] [ target/python-wheels/trixie/sonic_py_common-1.0-py3-none-any.whl ]
[A[K[A[K[A[K[A[K[A[K[A[K[ 01 ] [ target/debs/trixie/grub2-common_2.06-13+deb13u1_amd64.deb ]
[ 02 ] [ target/debs/trixie/p4lang-bmv2_1.15.0-9_amd64.deb ]
[ 03 ] [ target/debs/trixie/dash-ha_1.0.0_amd64.deb ]
[ 04 ] [ target/debs/trixie/sonic-linkmgrd_1.0.0-1_amd64.deb ]
[ 05 ] [ target/debs/trixie/wpasupplicant_2.9.0-14_amd64.deb ]
[ 06 ] [ target/python-wheels/trixie/sonic_py_common-1.0-py3-none-any.whl ]
[ 07 ] [ target/debs/trixie/stp_1.0.0_amd64.deb-install ]
[A[K[A[K[A[K[A[K[A[K[A[K[A[K[ 01 ] [ target/debs/trixie/grub2-common_2.06-13+deb13u1_amd64.deb ]
[ 02 ] [ target/debs/trixie/p4lang-bmv2_1.15.0-9_amd64.deb ]
[ 03 ] [ target/debs/trixie/dash-ha_1.0.0_amd64.deb ]
[ 04 ] [ target/debs/trixie/sonic-linkmgrd_1.0.0-1_amd64.deb ]
[ 05 ] [ target/debs/trixie/wpasupplicant_2.9.0-14_amd64.deb ]
[ 06 ] [ target/python-wheels/trixie/sonic_py_common-1.0-py3-none-any.whl ]
[A[K[A[K[A[K[A[K[A[K[A[K[ 01 ] [ target/debs/trixie/grub2-common_2.06-13+deb13u1_amd64.deb ]
[ 02 ] [ target/debs/trixie/p4lang-bmv2_1.15.0-9_amd64.deb ]
[ 03 ] [ target/debs/trixie/dash-ha_1.0.0_amd64.deb ]
[ 04 ] [ target/debs/trixie/sonic-linkmgrd_1.0.0-1_amd64.deb ]
[ 05 ] [ target/debs/trixie/wpasupplicant_2.9.0-14_amd64.deb ]
[A[K[A[K[A[K[A[K[A[K[ 01 ] [ target/debs/trixie/grub2-common_2.06-13+deb13u1_amd64.deb ]
[ 02 ] [ target/debs/trixie/p4lang-bmv2_1.15.0-9_amd64.deb ]
[ 03 ] [ target/debs/trixie/dash-ha_1.0.0_amd64.deb ]
[ 04 ] [ target/debs/trixie/sonic-linkmgrd_1.0.0-1_amd64.deb ]
[ 05 ] [ target/debs/trixie/wpasupplicant_2.9.0-14_amd64.deb ]
[ 06 ] [ target/python-wheels/trixie/sonic_py_common-1.0-py3-none-any.whl-install ]
[A[K[A[K[A[K[A[K[A[K[A[K[ 01 ] [ target/debs/trixie/grub2-common_2.06-13+deb13u1_amd64.deb ]
[ 02 ] [ target/debs/trixie/p4lang-bmv2_1.15.0-9_amd64.deb ]
[ 03 ] [ target/debs/trixie/dash-ha_1.0.0_amd64.deb ]
[ 04 ] [ target/debs/trixie/sonic-linkmgrd_1.0.0-1_amd64.deb ]
[ 05 ] [ target/debs/trixie/wpasupplicant_2.9.0-14_amd64.deb ]
[A[K[A[K[A[K[A[K[A[K[ 01 ] [ target/debs/trixie/grub2-common_2.06-13+deb13u1_amd64.deb ]
[ 02 ] [ target/debs/trixie/p4lang-bmv2_1.15.0-9_amd64.deb ]
[ 03 ] [ target/debs/trixie/dash-ha_1.0.0_amd64.deb ]
[ 04 ] [ target/debs/trixie/sonic-linkmgrd_1.0.0-1_amd64.deb ]
[ 05 ] [ target/debs/trixie/wpasupplicant_2.9.0-14_amd64.deb ]
[ 06 ] [ target/python-wheels/trixie/sonic_config_engine-1.0-py3-none-any.whl ]
[A[K[A[K[A[K[A[K[A[K[A[K[ 01 ] [ target/debs/trixie/grub2-common_2.06-13+deb13u1_amd64.deb ]
[ 02 ] [ target/debs/trixie/p4lang-bmv2_1.15.0-9_amd64.deb ]
[ 03 ] [ target/debs/trixie/dash-ha_1.0.0_amd64.deb ]
[ 04 ] [ target/debs/trixie/sonic-linkmgrd_1.0.0-1_amd64.deb ]
[ 05 ] [ target/debs/trixie/wpasupplicant_2.9.0-14_amd64.deb ]
[ 06 ] [ target/python-wheels/trixie/sonic_config_engine-1.0-py3-none-any.whl ]
[ 07 ] [ target/python-wheels/trixie/sonic_containercfgd-1.0-py3-none-any.whl ]
[A[K[A[K[A[K[A[K[A[K[A[K[A[K[ 01 ] [ target/debs/trixie/grub2-common_2.06-13+deb13u1_amd64.deb ]
[ 02 ] [ target/debs/trixie/p4lang-bmv2_1.15.0-9_amd64.deb ]
[ 03 ] [ target/debs/trixie/dash-ha_1.0.0_amd64.deb ]
[ 04 ] [ target/debs/trixie/sonic-linkmgrd_1.0.0-1_amd64.deb ]
[ 05 ] [ target/debs/trixie/wpasupplicant_2.9.0-14_amd64.deb ]
[ 06 ] [ target/python-wheels/trixie/sonic_config_engine-1.0-py3-none-any.whl ]
[ 07 ] [ target/python-wheels/trixie/sonic_containercfgd-1.0-py3-none-any.whl ]
[ 08 ] [ target/python-wheels/trixie/sonic_supervisord_utilities-1.0-py3-none-any.whl ]
/sonic/src/sonic-dash-ha /sonic
Removing patch ../sonic-dash-ha.patch/0001-build-use-relative-path-when-building-cargo-dependen.patch
Restoring Cargo.toml

No patches applied
/sonic
[A[K[A[K[A[K[A[K[A[K[A[K[A[K[A[K[ 01 ] [ target/debs/trixie/grub2-common_2.06-13+deb13u1_amd64.deb ]
[ 02 ] [ target/debs/trixie/p4lang-bmv2_1.15.0-9_amd64.deb ]
[ 03 ] [ target/debs/trixie/sonic-linkmgrd_1.0.0-1_amd64.deb ]
[ 04 ] [ target/debs/trixie/wpasupplicant_2.9.0-14_amd64.deb ]
[ 05 ] [ target/python-wheels/trixie/sonic_config_engine-1.0-py3-none-any.whl ]
[ 06 ] [ target/python-wheels/trixie/sonic_containercfgd-1.0-py3-none-any.whl ]
[ 07 ] [ target/python-wheels/trixie/sonic_supervisord_utilities-1.0-py3-none-any.whl ]
[A[K[A[K[A[K[A[K[A[K[A[K[A[K[ 01 ] [ target/debs/trixie/grub2-common_2.06-13+deb13u1_amd64.deb ]
[ 02 ] [ target/debs/trixie/p4lang-bmv2_1.15.0-9_amd64.deb ]
[ 03 ] [ target/debs/trixie/sonic-linkmgrd_1.0.0-1_amd64.deb ]
[ 04 ] [ target/debs/trixie/wpasupplicant_2.9.0-14_amd64.deb ]
[ 05 ] [ target/python-wheels/trixie/sonic_config_engine-1.0-py3-none-any.whl ]
[ 06 ] [ target/python-wheels/trixie/sonic_containercfgd-1.0-py3-none-any.whl ]
[ 07 ] [ target/python-wheels/trixie/sonic_supervisord_utilities-1.0-py3-none-any.whl ]
[ 08 ] [ target/python-wheels/trixie/sonic_d-2.0.0-py3-none-any.whl ]
[A[K[A[K[A[K[A[K[A[K[A[K[A[K[A[K[ 01 ] [ target/debs/trixie/grub2-common_2.06-13+deb13u1_amd64.deb ]
[ 02 ] [ target/debs/trixie/p4lang-bmv2_1.15.0-9_amd64.deb ]
[ 03 ] [ target/debs/trixie/sonic-linkmgrd_1.0.0-1_amd64.deb ]
[ 04 ] [ target/python-wheels/trixie/sonic_config_engine-1.0-py3-none-any.whl ]
[ 05 ] [ target/python-wheels/trixie/sonic_containercfgd-1.0-py3-none-any.whl ]
[ 06 ] [ target/python-wheels/trixie/sonic_supervisord_utilities-1.0-py3-none-any.whl ]
[ 07 ] [ target/python-wheels/trixie/sonic_d-2.0.0-py3-none-any.whl ]
[A[K[A[K[A[K[A[K[A[K[A[K[A[K[ 01 ] [ target/debs/trixie/grub2-common_2.06-13+deb13u1_amd64.deb ]
[ 02 ] [ target/debs/trixie/p4lang-bmv2_1.15.0-9_amd64.deb ]
[ 03 ] [ target/debs/trixie/sonic-linkmgrd_1.0.0-1_amd64.deb ]
[ 04 ] [ target/python-wheels/trixie/sonic_config_engine-1.0-py3-none-any.whl ]
[ 05 ] [ target/python-wheels/trixie/sonic_containercfgd-1.0-py3-none-any.whl ]
[ 06 ] [ target/python-wheels/trixie/sonic_supervisord_utilities-1.0-py3-none-any.whl ]
[ 07 ] [ target/python-wheels/trixie/sonic_d-2.0.0-py3-none-any.whl ]
[ 08 ] [ target/python-wheels/trixie/sonic_ledd-1.1-py3-none-any.whl ]
[A[K[A[K[A[K[A[K[A[K[A[K[A[K[A[K[ 01 ] [ target/debs/trixie/grub2-common_2.06-13+deb13u1_amd64.deb ]
[ 02 ] [ target/debs/trixie/p4lang-bmv2_1.15.0-9_amd64.deb ]
[ 03 ] [ target/debs/trixie/sonic-linkmgrd_1.0.0-1_amd64.deb ]
[ 04 ] [ target/python-wheels/trixie/sonic_config_engine-1.0-py3-none-any.whl ]
[ 05 ] [ target/python-wheels/trixie/sonic_supervisord_utilities-1.0-py3-none-any.whl ]
[ 06 ] [ target/python-wheels/trixie/sonic_d-2.0.0-py3-none-any.whl ]
[ 07 ] [ target/python-wheels/trixie/sonic_ledd-1.1-py3-none-any.whl ]
[A[K[A[K[A[K[A[K[A[K[A[K[A[K[ 01 ] [ target/debs/trixie/grub2-common_2.06-13+deb13u1_amd64.deb ]
[ 02 ] [ target/debs/trixie/p4lang-bmv2_1.15.0-9_amd64.deb ]
[ 03 ] [ target/debs/trixie/sonic-linkmgrd_1.0.0-1_amd64.deb ]
[ 04 ] [ target/python-wheels/trixie/sonic_config_engine-1.0-py3-none-any.whl ]
[ 05 ] [ target/python-wheels/trixie/sonic_supervisord_utilities-1.0-py3-none-any.whl ]
[ 06 ] [ target/python-wheels/trixie/sonic_d-2.0.0-py3-none-any.whl ]
[ 07 ] [ target/python-wheels/trixie/sonic_ledd-1.1-py3-none-any.whl ]
[ 08 ] [ target/python-wheels/trixie/sonic_pcied-1.0-py3-none-any.whl ]
[A[K[A[K[A[K[A[K[A[K[A[K[A[K[A[K[ 01 ] [ target/debs/trixie/grub2-common_2.06-13+deb13u1_amd64.deb ]
[ 02 ] [ target/debs/trixie/p4lang-bmv2_1.15.0-9_amd64.deb ]
[ 03 ] [ target/debs/trixie/sonic-linkmgrd_1.0.0-1_amd64.deb ]
[ 04 ] [ target/python-wheels/trixie/sonic_config_engine-1.0-py3-none-any.whl ]
[ 05 ] [ target/python-wheels/trixie/sonic_supervisord_utilities-1.0-py3-none-any.whl ]
[ 06 ] [ target/python-wheels/trixie/sonic_d-2.0.0-py3-none-any.whl ]
[ 07 ] [ target/python-wheels/trixie/sonic_pcied-1.0-py3-none-any.whl ]
[A[K[A[K[A[K[A[K[A[K[A[K[A[K[ 01 ] [ target/debs/trixie/grub2-common_2.06-13+deb13u1_amd64.deb ]
[ 02 ] [ target/debs/trixie/p4lang-bmv2_1.15.0-9_amd64.deb ]
[ 03 ] [ target/debs/trixie/sonic-linkmgrd_1.0.0-1_amd64.deb ]
[ 04 ] [ target/python-wheels/trixie/sonic_config_engine-1.0-py3-none-any.whl ]
[ 05 ] [ target/python-wheels/trixie/sonic_supervisord_utilities-1.0-py3-none-any.whl ]
[ 06 ] [ target/python-wheels/trixie/sonic_d-2.0.0-py3-none-any.whl ]
[ 07 ] [ target/python-wheels/trixie/sonic_pcied-1.0-py3-none-any.whl ]
[ 08 ] [ target/python-wheels/trixie/sonic_stormond-1.0-py3-none-any.whl ]
[A[K[A[K[A[K[A[K[A[K[A[K[A[K[A[K[ 01 ] [ target/debs/trixie/grub2-common_2.06-13+deb13u1_amd64.deb ]
[ 02 ] [ target/debs/trixie/p4lang-bmv2_1.15.0-9_amd64.deb ]
[ 03 ] [ target/debs/trixie/sonic-linkmgrd_1.0.0-1_amd64.deb ]
[ 04 ] [ target/python-wheels/trixie/sonic_config_engine-1.0-py3-none-any.whl ]
[ 05 ] [ target/python-wheels/trixie/sonic_d-2.0.0-py3-none-any.whl ]
[ 06 ] [ target/python-wheels/trixie/sonic_pcied-1.0-py3-none-any.whl ]
[ 07 ] [ target/python-wheels/trixie/sonic_stormond-1.0-py3-none-any.whl ]
[A[K[A[K[A[K[A[K[A[K[A[K[A[K[ 01 ] [ target/debs/trixie/grub2-common_2.06-13+deb13u1_amd64.deb ]
[ 02 ] [ target/debs/trixie/p4lang-bmv2_1.15.0-9_amd64.deb ]
[ 03 ] [ target/debs/trixie/sonic-linkmgrd_1.0.0-1_amd64.deb ]
[ 04 ] [ target/python-wheels/trixie/sonic_config_engine-1.0-py3-none-any.whl ]
[ 05 ] [ target/python-wheels/trixie/sonic_d-2.0.0-py3-none-any.whl ]
[ 06 ] [ target/python-wheels/trixie/sonic_pcied-1.0-py3-none-any.whl ]
[ 07 ] [ target/python-wheels/trixie/sonic_stormond-1.0-py3-none-any.whl ]
[ 08 ] [ target/python-wheels/trixie/sonic_dhcp_utilities-1.0-py3-none-any.whl ]
[A[K[A[K[A[K[A[K[A[K[A[K[A[K[A[K[ 01 ] [ target/debs/trixie/grub2-common_2.06-13+deb13u1_amd64.deb ]
[ 02 ] [ target/debs/trixie/p4lang-bmv2_1.15.0-9_amd64.deb ]
[ 03 ] [ target/debs/trixie/sonic-linkmgrd_1.0.0-1_amd64.deb ]
[ 04 ] [ target/python-wheels/trixie/sonic_config_engine-1.0-py3-none-any.whl ]
[ 05 ] [ target/python-wheels/trixie/sonic_pcied-1.0-py3-none-any.whl ]
[ 06 ] [ target/python-wheels/trixie/sonic_stormond-1.0-py3-none-any.whl ]
[ 07 ] [ target/python-wheels/trixie/sonic_dhcp_utilities-1.0-py3-none-any.whl ]
[A[K[A[K[A[K[A[K[A[K[A[K[A[K[ 01 ] [ target/debs/trixie/grub2-common_2.06-13+deb13u1_amd64.deb ]
[ 02 ] [ target/debs/trixie/p4lang-bmv2_1.15.0-9_amd64.deb ]
[ 03 ] [ target/debs/trixie/sonic-linkmgrd_1.0.0-1_amd64.deb ]
[ 04 ] [ target/python-wheels/trixie/sonic_config_engine-1.0-py3-none-any.whl ]
[ 05 ] [ target/python-wheels/trixie/sonic_pcied-1.0-py3-none-any.whl ]
[ 06 ] [ target/python-wheels/trixie/sonic_stormond-1.0-py3-none-any.whl ]
[ 07 ] [ target/python-wheels/trixie/sonic_dhcp_utilities-1.0-py3-none-any.whl ]
[ 08 ] [ target/python-wheels/trixie/sonic_ctrmgrd-1.0.0-py3-none-any.whl ]
[A[K[A[K[A[K[A[K[A[K[A[K[A[K[A[K[ 01 ] [ target/debs/trixie/grub2-common_2.06-13+deb13u1_amd64.deb ]
[ 02 ] [ target/debs/trixie/p4lang-bmv2_1.15.0-9_amd64.deb ]
[ 03 ] [ target/debs/trixie/sonic-linkmgrd_1.0.0-1_amd64.deb ]
[ 04 ] [ target/python-wheels/trixie/sonic_config_engine-1.0-py3-none-any.whl ]
[ 05 ] [ target/python-wheels/trixie/sonic_stormond-1.0-py3-none-any.whl ]
[ 06 ] [ target/python-wheels/trixie/sonic_dhcp_utilities-1.0-py3-none-any.whl ]
[ 07 ] [ target/python-wheels/trixie/sonic_ctrmgrd-1.0.0-py3-none-any.whl ]
[A[K[A[K[A[K[A[K[A[K[A[K[A[K[ 01 ] [ target/debs/trixie/grub2-common_2.06-13+deb13u1_amd64.deb ]
[ 02 ] [ target/debs/trixie/p4lang-bmv2_1.15.0-9_amd64.deb ]
[ 03 ] [ target/debs/trixie/sonic-linkmgrd_1.0.0-1_amd64.deb ]
[ 04 ] [ target/python-wheels/trixie/sonic_config_engine-1.0-py3-none-any.whl ]
[ 05 ] [ target/python-wheels/trixie/sonic_stormond-1.0-py3-none-any.whl ]
[ 06 ] [ target/python-wheels/trixie/sonic_ctrmgrd-1.0.0-py3-none-any.whl ]
[A[K[A[K[A[K[A[K[A[K[A[K[ 01 ] [ target/debs/trixie/grub2-common_2.06-13+deb13u1_amd64.deb ]
[ 02 ] [ target/debs/trixie/p4lang-bmv2_1.15.0-9_amd64.deb ]
[ 03 ] [ target/debs/trixie/sonic-linkmgrd_1.0.0-1_amd64.deb ]
[ 04 ] [ target/python-wheels/trixie/sonic_config_engine-1.0-py3-none-any.whl ]
[ 05 ] [ target/python-wheels/trixie/sonic_ctrmgrd-1.0.0-py3-none-any.whl ]
[A[K[A[K[A[K[A[K[A[K[ 01 ] [ target/debs/trixie/grub2-common_2.06-13+deb13u1_amd64.deb ]
[ 02 ] [ target/debs/trixie/p4lang-bmv2_1.15.0-9_amd64.deb ]
[ 03 ] [ target/debs/trixie/sonic-linkmgrd_1.0.0-1_amd64.deb ]
[ 04 ] [ target/python-wheels/trixie/sonic_config_engine-1.0-py3-none-any.whl ]
[A[K[A[K[A[K[A[K[ 01 ] [ target/debs/trixie/p4lang-bmv2_1.15.0-9_amd64.deb ]
[ 02 ] [ target/debs/trixie/sonic-linkmgrd_1.0.0-1_amd64.deb ]
[ 03 ] [ target/python-wheels/trixie/sonic_config_engine-1.0-py3-none-any.whl ]
[A[K[A[K[A[K[ 01 ] [ target/debs/trixie/p4lang-bmv2_1.15.0-9_amd64.deb ]
[ 02 ] [ target/debs/trixie/sonic-linkmgrd_1.0.0-1_amd64.deb ]
[ 03 ] [ target/python-wheels/trixie/sonic_config_engine-1.0-py3-none-any.whl ]
[ 04 ] [ target/sonic-vs.bin__vs__rfs.squashfs ]
[A[K[A[K[A[K[A[K[ 01 ] [ target/debs/trixie/sonic-linkmgrd_1.0.0-1_amd64.deb ]
[ 02 ] [ target/python-wheels/trixie/sonic_config_engine-1.0-py3-none-any.whl ]
[ 03 ] [ target/sonic-vs.bin__vs__rfs.squashfs ]
[A[K[A[K[A[K[ 01 ] [ target/debs/trixie/sonic-linkmgrd_1.0.0-1_amd64.deb ]
[ 02 ] [ target/python-wheels/trixie/sonic_config_engine-1.0-py3-none-any.whl ]
[ 03 ] [ target/sonic-vs.bin__vs__rfs.squashfs ]
[ 04 ] [ target/debs/trixie/p4lang-bmv2_1.15.0-9_amd64.deb-install ]
[A[K[A[K[A[K[A[K[ 01 ] [ target/debs/trixie/sonic-linkmgrd_1.0.0-1_amd64.deb ]
[ 02 ] [ target/python-wheels/trixie/sonic_config_engine-1.0-py3-none-any.whl ]
[ 03 ] [ target/sonic-vs.bin__vs__rfs.squashfs ]
[A[K[A[K[A[K[ 01 ] [ target/debs/trixie/sonic-linkmgrd_1.0.0-1_amd64.deb ]
[ 02 ] [ target/python-wheels/trixie/sonic_config_engine-1.0-py3-none-any.whl ]
[ 03 ] [ target/sonic-vs.bin__vs__rfs.squashfs ]
[ 04 ] [ target/debs/trixie/p4lang-p4c_1.2.4.2-2_amd64.deb ]
[A[K[A[K[A[K[A[K[ 01 ] [ target/python-wheels/trixie/sonic_config_engine-1.0-py3-none-any.whl ]
[ 02 ] [ target/sonic-vs.bin__vs__rfs.squashfs ]
[ 03 ] [ target/debs/trixie/p4lang-p4c_1.2.4.2-2_amd64.deb ]
[A[K[A[K[A[K[ 01 ] [ target/python-wheels/trixie/sonic_config_engine-1.0-py3-none-any.whl ]
[ 02 ] [ target/debs/trixie/p4lang-p4c_1.2.4.2-2_amd64.deb ]
[A[K[A[K[ 01 ] [ target/debs/trixie/p4lang-p4c_1.2.4.2-2_amd64.deb ]
[A[K[ 01 ] [ target/debs/trixie/p4lang-p4c_1.2.4.2-2_amd64.deb ]
[ 02 ] [ target/python-wheels/trixie/sonic_config_engine-1.0-py3-none-any.whl-install ]
[A[K[A[K[ 01 ] [ target/debs/trixie/p4lang-p4c_1.2.4.2-2_amd64.deb ]
[A[K[ 01 ] [ target/debs/trixie/p4lang-p4c_1.2.4.2-2_amd64.deb ]
[ 02 ] [ target/docker-config-engine-trixie.gz ]
[A[K[A[K[ 01 ] [ target/debs/trixie/p4lang-p4c_1.2.4.2-2_amd64.deb ]
[ 02 ] [ target/docker-config-engine-trixie.gz ]
[ 03 ] [ target/python-wheels/trixie/sonic_bgpcfgd-1.0-py3-none-any.whl ]
[A[K[A[K[A[K[ 01 ] [ target/debs/trixie/p4lang-p4c_1.2.4.2-2_amd64.deb ]
[ 02 ] [ target/docker-config-engine-trixie.gz ]
[ 03 ] [ target/python-wheels/trixie/sonic_bgpcfgd-1.0-py3-none-any.whl ]
[ 04 ] [ target/python-wheels/trixie/sonic_frr_mgmt_framework-1.0-py3-none-any.whl ]
[A[K[A[K[A[K[A[K[ 01 ] [ target/debs/trixie/p4lang-p4c_1.2.4.2-2_amd64.deb ]
[ 02 ] [ target/docker-config-engine-trixie.gz ]
[ 03 ] [ target/python-wheels/trixie/sonic_bgpcfgd-1.0-py3-none-any.whl ]
[ 04 ] [ target/python-wheels/trixie/sonic_frr_mgmt_framework-1.0-py3-none-any.whl ]
[ 05 ] [ target/python-wheels/trixie/system_health-1.0-py3-none-any.whl ]
[A[K[A[K[A[K[A[K[A[K[ 01 ] [ target/debs/trixie/p4lang-p4c_1.2.4.2-2_amd64.deb ]
[ 02 ] [ target/docker-config-engine-trixie.gz ]
[ 03 ] [ target/python-wheels/trixie/sonic_bgpcfgd-1.0-py3-none-any.whl ]
[ 04 ] [ target/python-wheels/trixie/sonic_frr_mgmt_framework-1.0-py3-none-any.whl ]
[ 05 ] [ target/python-wheels/trixie/system_health-1.0-py3-none-any.whl ]
[ 06 ] [ target/python-wheels/trixie/sonic_platform_common-1.0-py3-none-any.whl ]
[A[K[A[K[A[K[A[K[A[K[A[K[ 01 ] [ target/debs/trixie/p4lang-p4c_1.2.4.2-2_amd64.deb ]
[ 02 ] [ target/docker-config-engine-trixie.gz ]
[ 03 ] [ target/python-wheels/trixie/sonic_bgpcfgd-1.0-py3-none-any.whl ]
[ 04 ] [ target/python-wheels/trixie/system_health-1.0-py3-none-any.whl ]
[ 05 ] [ target/python-wheels/trixie/sonic_platform_common-1.0-py3-none-any.whl ]
[A[K[A[K[A[K[A[K[A[K[ 01 ] [ target/debs/trixie/p4lang-p4c_1.2.4.2-2_amd64.deb ]
[ 02 ] [ target/docker-config-engine-trixie.gz ]
[ 03 ] [ target/python-wheels/trixie/sonic_bgpcfgd-1.0-py3-none-any.whl ]
[ 04 ] [ target/python-wheels/trixie/sonic_platform_common-1.0-py3-none-any.whl ]
[A[K[A[K[A[K[A[K[ FAIL LOG START ] [ target/python-wheels/trixie/sonic_platform_common-1.0-py3-none-any.whl ]
Build start time: Wed Sep 2 21:45:30 UTC 2026
[ REASON ] :      target/python-wheels/trixie/sonic_platform_common-1.0-py3-none-any.whl does not exist   NON-EXISTENT PREREQUISITES: target/python-wheels/trixie/sonic_py_common-1.0-py3-none-any.whl-install target/python-wheels/trixie/sonic_config_engine-1.0-py3-none-any.whl-install target/debs/trixie/python3-swsscommon_1.0.0_amd64.deb-install 
[ FLAGS  FILE    ] : [] 
[ FLAGS  DEPENDS ] : [] 
[ FLAGS  DIFF    ] : [] 
/sonic/src/sonic-platform-common /sonic
Defaulting to user installation because normal site-packages is not writeable
Processing /sonic/src/sonic-platform-common
  Preparing metadata (setup.py): started
  Preparing metadata (setup.py): finished with status 'done'
Requirement already satisfied: natsort in /usr/lib/python3/dist-packages (from sonic-platform-common==1.0) (8.0.2)
Requirement already satisfied: PyYAML in /usr/lib/python3/dist-packages (from sonic-platform-common==1.0) (6.0.2)
Requirement already satisfied: redis in /usr/local/lib/python3.13/dist-packages (from sonic-platform-common==1.0) (8.0.1)
Requirement already satisfied: sonic-py-common in /usr/local/lib/python3.13/dist-packages (from sonic-platform-common==1.0) (1.0)
Requirement already satisfied: sonic-config-engine in /usr/local/lib/python3.13/dist-packages (from sonic-platform-common==1.0) (1.0)
Requirement already satisfied: bitarray==2.8.1 in /var/qiuying.xzc/.local/lib/python3.13/site-packages (from sonic-config-engine->sonic-platform-common==1.0) (2.8.1)
Requirement already satisfied: lxml>=4.9.1 in /usr/lib/python3/dist-packages (from sonic-config-engine->sonic-platform-common==1.0) (5.4.0)
Requirement already satisfied: netaddr==0.8.0 in /var/qiuying.xzc/.local/lib/python3.13/site-packages (from sonic-config-engine->sonic-platform-common==1.0) (0.8.0)
Requirement already satisfied: Jinja2>=2.10 in /usr/lib/python3/dist-packages (from sonic-config-engine->sonic-platform-common==1.0) (3.1.6)
Requirement already satisfied: sonic-yang-mgmt>=1.0 in /usr/local/lib/python3.13/dist-packages (from sonic-config-engine->sonic-platform-common==1.0) (1.0)
Requirement already satisfied: sonic-yang-models>=1.0 in /usr/local/lib/python3.13/dist-packages (from sonic-config-engine->sonic-platform-common==1.0) (1.0)
Requirement already satisfied: MarkupSafe>=2.0 in /usr/lib/python3/dist-packages (from Jinja2>=2.10->sonic-config-engine->sonic-platform-common==1.0) (2.1.5)
Requirement already satisfied: ijson>=3.2.3 in /var/qiuying.xzc/.local/lib/python3.13/site-packages (from sonic-yang-mgmt>=1.0->sonic-config-engine->sonic-platform-common==1.0) (3.5.0)
Requirement already satisfied: jsonpointer>=1.9 in /var/qiuying.xzc/.local/lib/python3.13/site-packages (from sonic-yang-mgmt>=1.0->sonic-config-engine->sonic-platform-common==1.0) (3.1.1)
Requirement already satisfied: jsondiff>=1.2.0 in /var/qiuying.xzc/.local/lib/python3.13/site-packages (from sonic-yang-mgmt>=1.0->sonic-config-engine->sonic-platform-common==1.0) (2.2.1)
Requirement already satisfied: tabulate==0.9.0 in /var/qiuying.xzc/.local/lib/python3.13/site-packages (from sonic-yang-mgmt>=1.0->sonic-config-engine->sonic-platform-common==1.0) (0.9.0)
Requirement already satisfied: redis-dump-load in /usr/local/lib/python3.13/dist-packages (from sonic-py-common->sonic-platform-common==1.0) (1.1)
Building wheels for collected packages: sonic-platform-common
  DEPRECATION: Building 'sonic-platform-common' using the legacy setup.py bdist_wheel mechanism, which will be removed in a future version. pip 25.3 will enforce this behaviour change. A possible replacement is to use the standardized build interface by setting the `--use-pep517` option, (possibly combined with `--no-build-isolation`), or adding a `pyproject.toml` file to the source tree of 'sonic-platform-common'. Discussion can be found at https://github.com/pypa/pip/issues/6334
  Building wheel for sonic-platform-common (setup.py): started
  Building wheel for sonic-platform-common (setup.py): finished with status 'done'
  Created wheel for sonic-platform-common: filename=sonic_platform_common-1.0-py3-none-any.whl size=429313 sha256=f5e2b6c23ddb283de60963e43ae413ceb168ea30b61c256dc1667fd3db87f853
  Stored in directory: /var/qiuying.xzc/.cache/pip/wheels/18/5e/d1/9d1f1ac6901593cad7a77acb1e550c165cda594a7280ea539b
Successfully built sonic-platform-common
Installing collected packages: sonic-platform-common
Successfully installed sonic-platform-common-1.0
/sonic/src/sonic-platform-common/setup.py:4: DeprecationWarning: pkg_resources is deprecated as an API. See https://setuptools.pypa.io/en/latest/pkg_resources.html
  import pkg_resources
/usr/local/lib/python3.13/dist-packages/setuptools/__init__.py:94: _DeprecatedInstaller: setuptools.installer and fetch_build_eggs are deprecated.
!!

        ********************************************************************************
        Requirements should be satisfied by a PEP 517 installer.
        If you are using pip, you can try `pip install --use-pep517`.
        ********************************************************************************

!!
  dist.fetch_build_eggs(dist.setup_requires)
/usr/local/lib/python3.13/dist-packages/setuptools/_distutils/dist.py:270: UserWarning: Unknown distribution option: 'tests_require'
  warnings.warn(msg)
Found existing installation: sonic-platform-common 1.0
Uninstalling sonic-platform-common-1.0:
  Successfully uninstalled sonic-platform-common-1.0
Building Wheels package target/python-wheels/trixie/sonic_platform_common-1.0-py3-none-any.whl
Defaulting to user installation because normal site-packages is not writeable
Processing /sonic/src/sonic-platform-common
  Preparing metadata (setup.py): started
  Preparing metadata (setup.py): finished with status 'done'
Requirement already satisfied: natsort in /usr/lib/python3/dist-packages (from sonic-platform-common==1.0) (8.0.2)
Requirement already satisfied: PyYAML in /usr/lib/python3/dist-packages (from sonic-platform-common==1.0) (6.0.2)
Requirement already satisfied: redis in /usr/local/lib/python3.13/dist-packages (from sonic-platform-common==1.0) (8.0.1)
Requirement already satisfied: sonic-py-common in /usr/local/lib/python3.13/dist-packages (from sonic-platform-common==1.0) (1.0)
Requirement already satisfied: sonic-config-engine in /usr/local/lib/python3.13/dist-packages (from sonic-platform-common==1.0) (1.0)
WARNING: sonic-platform-common 1.0 does not provide the extra 'testing'
Requirement already satisfied: bitarray==2.8.1 in /var/qiuying.xzc/.local/lib/python3.13/site-packages (from sonic-config-engine->sonic-platform-common==1.0) (2.8.1)
Requirement already satisfied: lxml>=4.9.1 in /usr/lib/python3/dist-packages (from sonic-config-engine->sonic-platform-common==1.0) (5.4.0)
Requirement already satisfied: netaddr==0.8.0 in /var/qiuying.xzc/.local/lib/python3.13/site-packages (from sonic-config-engine->sonic-platform-common==1.0) (0.8.0)
Requirement already satisfied: Jinja2>=2.10 in /usr/lib/python3/dist-packages (from sonic-config-engine->sonic-platform-common==1.0) (3.1.6)
Requirement already satisfied: sonic-yang-mgmt>=1.0 in /usr/local/lib/python3.13/dist-packages (from sonic-config-engine->sonic-platform-common==1.0) (1.0)
Requirement already satisfied: sonic-yang-models>=1.0 in /usr/local/lib/python3.13/dist-packages (from sonic-config-engine->sonic-platform-common==1.0) (1.0)
Requirement already satisfied: MarkupSafe>=2.0 in /usr/lib/python3/dist-packages (from Jinja2>=2.10->sonic-config-engine->sonic-platform-common==1.0) (2.1.5)
Requirement already satisfied: ijson>=3.2.3 in /var/qiuying.xzc/.local/lib/python3.13/site-packages (from sonic-yang-mgmt>=1.0->sonic-config-engine->sonic-platform-common==1.0) (3.5.0)
Requirement already satisfied: jsonpointer>=1.9 in /var/qiuying.xzc/.local/lib/python3.13/site-packages (from sonic-yang-mgmt>=1.0->sonic-config-engine->sonic-platform-common==1.0) (3.1.1)
Requirement already satisfied: jsondiff>=1.2.0 in /var/qiuying.xzc/.local/lib/python3.13/site-packages (from sonic-yang-mgmt>=1.0->sonic-config-engine->sonic-platform-common==1.0) (2.2.1)
Requirement already satisfied: tabulate==0.9.0 in /var/qiuying.xzc/.local/lib/python3.13/site-packages (from sonic-yang-mgmt>=1.0->sonic-config-engine->sonic-platform-common==1.0) (0.9.0)
Requirement already satisfied: redis-dump-load in /usr/local/lib/python3.13/dist-packages (from sonic-py-common->sonic-platform-common==1.0) (1.1)
Building wheels for collected packages: sonic-platform-common
  DEPRECATION: Building 'sonic-platform-common' using the legacy setup.py bdist_wheel mechanism, which will be removed in a future version. pip 25.3 will enforce this behaviour change. A possible replacement is to use the standardized build interface by setting the `--use-pep517` option, (possibly combined with `--no-build-isolation`), or adding a `pyproject.toml` file to the source tree of 'sonic-platform-common'. Discussion can be found at https://github.com/pypa/pip/issues/6334
  Building wheel for sonic-platform-common (setup.py): started
  Building wheel for sonic-platform-common (setup.py): finished with status 'done'
  Created wheel for sonic-platform-common: filename=sonic_platform_common-1.0-py3-none-any.whl size=429313 sha256=f5e2b6c23ddb283de60963e43ae413ceb168ea30b61c256dc1667fd3db87f853
  Stored in directory: /var/qiuying.xzc/.cache/pip/wheels/18/5e/d1/9d1f1ac6901593cad7a77acb1e550c165cda594a7280ea539b
Successfully built sonic-platform-common
Installing collected packages: sonic-platform-common
Successfully installed sonic-platform-common-1.0
/sonic/src/sonic-platform-common/setup.py:4: DeprecationWarning: pkg_resources is deprecated as an API. See https://setuptools.pypa.io/en/latest/pkg_resources.html
  import pkg_resources
/usr/local/lib/python3.13/dist-packages/setuptools/__init__.py:94: _DeprecatedInstaller: setuptools.installer and fetch_build_eggs are deprecated.
!!

        ********************************************************************************
        Requirements should be satisfied by a PEP 517 installer.
        If you are using pip, you can try `pip install --use-pep517`.
        ********************************************************************************

!!
  dist.fetch_build_eggs(dist.setup_requires)
/usr/local/lib/python3.13/dist-packages/setuptools/_distutils/dist.py:270: UserWarning: Unknown distribution option: 'tests_require'
  warnings.warn(msg)
Found existing installation: sonic-platform-common 1.0
Uninstalling sonic-platform-common-1.0:
  Successfully uninstalled sonic-platform-common-1.0
============================= test session starts ==============================
platform linux -- Python 3.13.5, pytest-8.3.5, pluggy-1.5.0 -- /usr/bin/python3
cachedir: .pytest_cache
rootdir: /sonic/src/sonic-platform-common
configfile: pytest.ini
plugins: pyfakefs-6.2.0, cov-5.0.0, typeguard-4.4.2
collecting ... collected 1289 items

test_credo_aec_800g.py::TestCmis::test_set_firmware_download_target_end[1-write_results0-True-None-False] PASSED [  0%]
test_credo_aec_800g.py::TestCmis::test_set_firmware_download_target_end[1-write_results1-True-None-False] PASSED [  0%]
test_credo_aec_800g.py::TestCmis::test_set_firmware_download_target_end[1-write_results2-False-None-False] PASSED [  0%]
test_credo_aec_800g.py::TestCmis::test_set_firmware_download_target_end[1-write_results3-True-exception3-False] PASSED [  0%]
test_credo_aec_800g.py::TestCmis::test_set_firmware_download_target_end[1-write_results4-True-None-True] PASSED [  0%]
test_credo_aec_800g.py::TestCmis::test_set_firmware_download_target_end[0-write_results5-True-None-True] PASSED [  0%]
test_credo_aec_800g.py::TestCmis::test_get_transceiver_info_firmware_versions_failure[False-False] PASSED [  0%]
test_credo_aec_800g.py::TestCmis::test_get_transceiver_info_firmware_versions_failure[True-True] PASSED [  0%]
test_credo_aec_800g.py::TestCmis::test_get_transceiver_info_firmware_versions_success[fw_info_dict0-server_fw_info_dict0-expected_output0] PASSED [  0%]
test_credo_aec_800g.py::TestCmis::test_get_transceiver_info_firmware_versions_success[fw_info_dict1-server_fw_info_dict1-expected_output1] PASSED [  0%]
test_credo_aec_800g.py::TestCmis::test_is_remote_target_accessible[Unknown-False] PASSED [  0%]
test_credo_aec_800g.py::TestCmis::test_is_remote_target_accessible[QSFP+ or later with CMIS-True] PASSED [  0%]
test_credo_aec_800g.py::TestCmis::test_restore_target_to_E0 PASSED       [  1%]
test_credo_aec_800g.py::TestCmis::test_get_server_firmware_version[0-0-server_fw_version_byte_array0-expected0] PASSED [  1%]
test_credo_aec_800g.py::TestCmis::test_get_server_firmware_version[0-152-server_fw_version_byte_array1-expected1] PASSED [  1%]
test_credo_aec_800g.py::TestCmis::test_get_server_firmware_version[172-152-server_fw_version_byte_array2-expected2] PASSED [  1%]
test_credo_aec_800g.py::TestCmis::test_get_server_firmware_version[255-255-server_fw_version_byte_array3-expected3] PASSED [  1%]
test_credo_aec_800g.py::TestCmis::test_get_server_firmware_version[172-152-server_fw_version_byte_array4-expected4] PASSED [  1%]
tests/bmc_base_test.py::TestBMCBase::test_abstract_methods PASSED        [  1%]
tests/bmc_base_test.py::TestBMCBase::test_get_name PASSED                [  1%]
tests/bmc_base_test.py::TestBMCBase::test_get_presence_true PASSED       [  1%]
tests/bmc_base_test.py::TestBMCBase::test_get_presence_false_no_bmc_data PASSED [  1%]
tests/bmc_base_test.py::TestBMCBase::test_get_presence_false_not_switch_host PASSED [  1%]
tests/bmc_base_test.py::TestBMCBase::test_is_replaceable PASSED          [  1%]
tests/bmc_base_test.py::TestBMCBase::test_get_revision PASSED            [  1%]
tests/bmc_base_test.py::TestBMCBase::test_get_status_true PASSED         [  2%]
tests/bmc_base_test.py::TestBMCBase::test_get_status_false_ping_fail PASSED [  2%]
tests/bmc_base_test.py::TestBMCBase::test_get_status_false_not_present PASSED [  2%]
tests/bmc_base_test.py::TestBMCBase::test_get_ip_addr PASSED             [  2%]
tests/bmc_base_test.py::TestBMCBase::test_login_already_logged_in PASSED [  2%]
tests/bmc_base_test.py::TestBMCBase::test_login_not_logged_in PASSED     [  2%]
tests/bmc_base_test.py::TestBMCBase::test_logout_logged_in PASSED        [  2%]
tests/bmc_base_test.py::TestBMCBase::test_logout_not_logged_in PASSED    [  2%]
tests/bmc_base_test.py::TestBMCBase::test_is_bmc_eeprom_content_valid_empty PASSED [  2%]
tests/bmc_base_test.py::TestBMCBase::test_is_bmc_eeprom_content_valid_error PASSED [  2%]
tests/bmc_base_test.py::TestBMCBase::test_is_bmc_eeprom_content_valid_success PASSED [  2%]
tests/bmc_base_test.py::TestBMCBaseWithConcrete::test_get_version_success PASSED [  2%]
tests/bmc_base_test.py::TestBMCBaseWithConcrete::test_get_version_failure PASSED [  2%]
tests/bmc_base_test.py::TestBMCBaseWithConcrete::test_get_version_exception PASSED [  3%]
tests/bmc_base_test.py::TestBMCBaseWithConcrete::test_get_eeprom_success PASSED [  3%]
tests/bmc_base_test.py::TestBMCBaseWithConcrete::test_get_eeprom_failure PASSED [  3%]
tests/bmc_base_test.py::TestBMCBaseWithConcrete::test_get_eeprom_exception PASSED [  3%]
tests/bmc_base_test.py::TestBMCBaseWithConcrete::test_wrapper_rf_client_none_exception PASSED [  3%]
tests/bmc_base_test.py::TestBMCBaseWithConcrete::test_get_model PASSED   [  3%]
tests/bmc_base_test.py::TestBMCBaseWithConcrete::test_get_model_returns_none PASSED [  3%]
tests/bmc_base_test.py::TestBMCBaseWithConcrete::test_get_serial PASSED  [  3%]
tests/bmc_base_test.py::TestBMCBaseWithConcrete::test_get_serial_returns_none PASSED [  3%]
tests/bmc_base_test.py::TestBMCBaseWithConcrete::test_update_firmware_success PASSED [  3%]
tests/bmc_base_test.py::TestBMCBaseWithConcrete::test_trigger_bmc_debug_log_dump PASSED [  3%]
tests/bmc_base_test.py::TestBMCBaseWithConcrete::test_get_bmc_debug_log_dump PASSED [  3%]
tests/bmc_base_test.py::TestBMCBaseWithConcrete::test_request_bmc_reset_graceful PASSED [  3%]
tests/bmc_base_test.py::TestBMCBaseWithConcrete::test_bmc_reset_root_password_success PASSED [  4%]
tests/bmc_base_test.py::TestBMCBaseWithConcrete::test_reset_root_password_no_default_password PASSED [  4%]
tests/bmc_base_test.py::TestBMCBaseWithConcrete::test_bmc_reset_root_password_get_min_length_fail PASSED [  4%]
tests/bmc_base_test.py::TestBMCBaseWithConcrete::test_bmc_reset_root_password_set_min_length_fail PASSED [  4%]
tests/bmc_base_test.py::TestBMCBaseWithConcrete::test_bmc_reset_root_password_change_password_fail PASSED [  4%]
tests/bmc_base_test.py::TestBMCBaseWithConcrete::test_open_session_success PASSED [  4%]
tests/bmc_base_test.py::TestBMCBaseWithConcrete::test_close_session_success PASSED [  4%]
tests/bmc_fw_update_test.py::TestBMCFWUpdate::test_main_success_bmc_firmware_updated PASSED [  4%]
tests/bmc_fw_update_test.py::TestBMCFWUpdate::test_main_success_no_bmc_reset_needed PASSED [  4%]
tests/bmc_fw_update_test.py::TestBMCFWUpdate::test_main_missing_arguments PASSED [  4%]
tests/bmc_fw_update_test.py::TestBMCFWUpdate::test_main_no_bmc_instance PASSED [  4%]
tests/bmc_fw_update_test.py::TestBMCFWUpdate::test_main_update_firmware_failure PASSED [  4%]
tests/bmc_fw_update_test.py::TestBMCFWUpdate::test_main_bmc_reset_failure PASSED [  4%]
tests/bmc_fw_update_test.py::TestBMCFWUpdate::test_main_bmc_waiting_after_restart PASSED [  5%]
tests/bmc_fw_update_test.py::TestBMCFWUpdate::test_main_bmc_not_operational_after_restart PASSED [  5%]
tests/chassis_base_test.py::TestChassisBase::test_reboot_cause PASSED    [  5%]
tests/chassis_base_test.py::TestChassisBase::test_chassis_base PASSED    [  5%]
tests/chassis_base_test.py::TestChassisBase::test_smartswitch PASSED     [  5%]
tests/chassis_base_test.py::TestChassisBase::test_sensors PASSED         [  5%]
tests/chassis_base_test.py::TestChassisBase::test_get_bmc PASSED         [  5%]
tests/chassis_base_test.py::TestChassisBase::test_get_sed_mgmt PASSED    [  5%]
tests/chassis_base_test.py::TestChassisBase::test_is_bmc PASSED          [  5%]
tests/chassis_base_test.py::TestChassisBase::test_is_liquid_cooled PASSED [  5%]
tests/chassis_base_test.py::TestChassisBase::test_get_liquid_cooling PASSED [  5%]
tests/chassis_base_test.py::TestChassisBase::test_switch_host_module_at_index_zero PASSED [  5%]
tests/chassis_base_test.py::TestChassisBase::test_pdbs PASSED            [  5%]
tests/chassis_base_test.py::TestChassisBase::test_pdbs_multiple_and_negative_index PASSED [  6%]
tests/eeprom_base_test.py::TestEepromTlvinfo::test_eeprom_tlvinfo_read_api PASSED [  6%]
tests/eeprom_base_test.py::TestEepromTlvinfo::test_eeprom_tlvinfo_get_tlv_field PASSED [  6%]
tests/eeprom_base_test.py::TestEepromTlvinfo::test_eeprom_tlvinfo_set_eeprom PASSED [  6%]
tests/eeprom_base_test.py::TestEepromTlvinfo::test_eeprom_tlvinfo_update_eeprom_db PASSED [  6%]
tests/eeprom_base_test.py::TestEepromTlvinfo::test_eeprom_tlvinfo_read_eeprom_db PASSED [  6%]
tests/eeprom_base_test.py::TestEepromDecoder::test_encode_checksum_not_supported PASSED [  6%]
tests/eeprom_base_test.py::TestEepromDecoder::test_calculate_checksum_not_supported PASSED [  6%]
tests/eeprom_base_test.py::TestEepromDecoder::test_set_eeprom_invalid_field PASSED [  6%]
tests/fan_base_test.py::TestFanBase::test_is_under_speed PASSED          [  6%]
tests/fan_base_test.py::TestFanBase::test_is_over_speed PASSED           [  6%]
tests/fan_base_test.py::TestFanBase::test_fan_base PASSED                [  6%]
tests/liquid_cooling_base_test.py::TestLeakageSensorBase::test_leakage_sensor_base_init PASSED [  6%]
tests/liquid_cooling_base_test.py::TestLeakageSensorBase::test_severity_constants PASSED [  7%]
tests/liquid_cooling_base_test.py::TestLeakageSensorBase::test_is_leak_sensor_ok_default PASSED [  7%]
tests/liquid_cooling_base_test.py::TestLeakageSensorBase::test_is_leak_sensor_ok_faulty PASSED [  7%]
tests/liquid_cooling_base_test.py::TestLeakageSensorBase::test_get_leak_sensor_type_default PASSED [  7%]
tests/liquid_cooling_base_test.py::TestLeakageSensorBase::test_get_leak_sensor_type_set PASSED [  7%]
tests/liquid_cooling_base_test.py::TestLeakageSensorBase::test_get_leak_sensor_location_default PASSED [  7%]
tests/liquid_cooling_base_test.py::TestLeakageSensorBase::test_get_leak_sensor_location_set PASSED [  7%]
tests/liquid_cooling_base_test.py::TestLeakageSensorBase::test_get_leak_severity_default PASSED [  7%]
tests/liquid_cooling_base_test.py::TestLeakageSensorBase::test_get_leak_severity_critical PASSED [  7%]
tests/liquid_cooling_base_test.py::TestLeakageSensorBase::test_get_leak_severity_minor PASSED [  7%]
tests/liquid_cooling_base_test.py::TestLeakageSensorBase::test_get_leak_profile_not_implemented PASSED [  7%]
tests/liquid_cooling_base_test.py::TestLeakageSensorBase::test_concrete_sensor_with_profile PASSED [  7%]
tests/liquid_cooling_base_test.py::TestLeakageSensorBase::test_leaking_sensor_with_full_attributes PASSED [  7%]
tests/liquid_cooling_base_test.py::TestLeakageSensorBase::test_faulty_leaking_sensor PASSED [  8%]
tests/liquid_cooling_base_test.py::TestLeakSensorProfileBase::test_not_implemented PASSED [  8%]
tests/liquid_cooling_base_test.py::TestLeakSensorProfileBase::test_concrete_profile_implementation PASSED [  8%]
tests/liquid_cooling_base_test.py::TestLeakSensorProfileBase::test_multiple_sensor_type_profiles PASSED [  8%]
tests/liquid_cooling_base_test.py::TestLiquidCoolingBase::test_liquid_cooling_base_init PASSED [  8%]
tests/liquid_cooling_base_test.py::TestLiquidCoolingBase::test_get_leak_sensor_out_of_range PASSED [  8%]
tests/liquid_cooling_base_test.py::TestLiquidCoolingBase::test_get_leak_sensor_by_valid_index PASSED [  8%]
tests/liquid_cooling_base_test.py::TestLiquidCoolingBase::test_get_leak_sensor_status_with_leaking_sensors PASSED [  8%]
tests/liquid_cooling_base_test.py::TestLiquidCoolingBase::test_get_leak_sensor_status_none_leaking PASSED [  8%]
tests/liquid_cooling_base_test.py::TestLiquidCoolingBase::test_get_leak_sensor_status_faulty_sensor_ignored PASSED [  8%]
tests/liquid_cooling_base_test.py::TestLiquidCoolingBase::test_liquid_cooling_with_sensor_profiles PASSED [  8%]
tests/module_base_test.py::TestModuleBase::test_not_implemented_methods_raise[get_dpu_id] PASSED [  8%]
tests/module_base_test.py::TestModuleBase::test_not_implemented_methods_raise[get_reboot_cause] PASSED [  8%]
tests/module_base_test.py::TestModuleBase::test_not_implemented_methods_raise[get_state_info] PASSED [  9%]
tests/module_base_test.py::TestModuleBase::test_not_implemented_methods_raise[get_pci_bus_info] PASSED [  9%]
tests/module_base_test.py::TestModuleBase::test_not_implemented_methods_raise[pci_detach] PASSED [  9%]
tests/module_base_test.py::TestModuleBase::test_not_implemented_methods_raise[pci_reattach] PASSED [  9%]
tests/module_base_test.py::TestModuleBase::test_not_implemented_methods_raise[do_power_cycle] PASSED [  9%]
tests/module_base_test.py::TestModuleBase::test_module_type_switch_host_constant PASSED [  9%]
tests/module_base_test.py::TestModuleBase::test_is_host_detection PASSED [  9%]
tests/module_base_test.py::TestModuleBase::test_sensors_api PASSED       [  9%]
tests/module_base_test.py::TestModuleBase::test_pci_entry_state_db PASSED [  9%]
tests/module_base_test.py::TestModuleBase::test_lock_contexts[_file_operation_lock-extra0] PASSED [  9%]
tests/module_base_test.py::TestModuleBase::test_lock_contexts[_pci_operation_lock-extra1] PASSED [  9%]
tests/module_base_test.py::TestModuleBase::test_lock_contexts[_sensord_operation_lock-extra2] PASSED [  9%]
tests/module_base_test.py::TestModuleBase::test_lock_contexts[_transition_operation_lock-extra3] PASSED [ 10%]
tests/module_base_test.py::TestModuleBase::test_handle_pci_removal_success PASSED [ 10%]
tests/module_base_test.py::TestModuleBase::test_handle_pci_removal_error PASSED [ 10%]
tests/module_base_test.py::TestModuleBase::test_handle_pci_rescan_success PASSED [ 10%]
tests/module_base_test.py::TestModuleBase::test_handle_pci_rescan_error PASSED [ 10%]
tests/module_base_test.py::TestModuleBase::test_handle_sensor_removal PASSED [ 10%]
tests/module_base_test.py::TestModuleBase::test_handle_sensor_addition PASSED [ 10%]
tests/module_base_test.py::TestModuleBase::test_module_pre_shutdown[True-True-True] PASSED [ 10%]
tests/module_base_test.py::TestModuleBase::test_module_pre_shutdown[False-True-False] PASSED [ 10%]
tests/module_base_test.py::TestModuleBase::test_module_pre_shutdown[True-False-False] PASSED [ 10%]
tests/module_base_test.py::TestModuleBase::test_module_post_startup[True-True-True] PASSED [ 10%]
tests/module_base_test.py::TestModuleBase::test_module_post_startup[False-True-False] PASSED [ 10%]
tests/module_base_test.py::TestModuleBase::test_module_post_startup[True-False-False] PASSED [ 10%]
tests/module_base_test.py::TestModuleBase::test_set_admin_state_gracefully_success[True] PASSED [ 11%]
tests/module_base_test.py::TestModuleBase::test_set_admin_state_gracefully_success[False] PASSED [ 11%]
tests/module_base_test.py::TestModuleBase::test_set_admin_state_gracefully_transition_fail PASSED [ 11%]
tests/module_base_test.py::TestModuleBase::test_set_admin_state_gracefully_post_startup_warn PASSED [ 11%]
tests/module_base_test.py::TestModuleBase::test_set_admin_state_gracefully_pre_shutdown_warn PASSED [ 11%]
tests/module_base_test.py::TestModuleBase::test_set_admin_state_gracefully_clear_transition_fail_up PASSED [ 11%]
tests/module_base_test.py::TestModuleBase::test_set_admin_state_gracefully_clear_transition_fail_down PASSED [ 11%]
tests/module_base_test.py::TestModuleBase::test_set_admin_state_gracefully_set_transition_fail_down PASSED [ 11%]
tests/module_base_test.py::TestModuleBase::test_set_admin_state_gracefully_graceful_shutdown_fail PASSED [ 11%]
tests/module_base_test.py::TestModuleBase::test_set_admin_state_gracefully_all_failures_up_path PASSED [ 11%]
tests/module_base_test.py::TestModuleBase::test_set_admin_state_gracefully_all_failures_down_path PASSED [ 11%]
tests/module_base_test.py::TestModuleBase::test_load_transition_timeouts_defaults_host PASSED [ 11%]
tests/module_base_test.py::TestModuleBase::test_load_transition_timeouts_defaults_container PASSED [ 11%]
tests/module_base_test.py::TestModuleBase::test_load_transition_timeouts_custom_host PASSED [ 12%]
tests/module_base_test.py::TestModuleBase::test_load_transition_timeouts_custom_container PASSED [ 12%]
tests/module_base_test.py::TestModuleBase::test_load_transition_timeouts_partial PASSED [ 12%]
tests/module_base_test.py::TestModuleBase::test_load_transition_timeouts_error_host PASSED [ 12%]
tests/module_base_test.py::TestModuleBase::test_load_transition_timeouts_error_container PASSED [ 12%]
tests/module_base_test.py::TestModuleBase::test_load_transition_timeouts_cache PASSED [ 12%]
tests/module_base_test.py::TestModuleBase::test_load_transition_timeouts_platform_path_host PASSED [ 12%]
tests/module_base_test.py::TestModuleBase::test_load_transition_timeouts_platform_path_container PASSED [ 12%]
tests/module_base_test.py::TestModuleBase::test_graceful_shutdown_handler_external_completion PASSED [ 12%]
tests/module_base_test.py::TestModuleBase::test_graceful_shutdown_handler_timeout PASSED [ 12%]
tests/module_base_test.py::TestModuleBase::test_graceful_shutdown_handler_immediate_past_end PASSED [ 12%]
tests/module_base_test.py::TestModuleBase::test_graceful_shutdown_handler_custom_timeout PASSED [ 12%]
tests/module_base_test.py::TestModuleBase::test_graceful_shutdown_handler_set_flag_failure PASSED [ 12%]
tests/module_base_test.py::TestModuleBase::test_get_module_gnoi_halt_in_progress_true PASSED [ 13%]
tests/module_base_test.py::TestModuleBase::test_get_module_gnoi_halt_in_progress_false PASSED [ 13%]
tests/module_base_test.py::TestModuleBase::test_get_module_gnoi_halt_in_progress_db_error PASSED [ 13%]
tests/module_base_test.py::TestModuleBase::test_clear_module_gnoi_halt_in_progress_success PASSED [ 13%]
tests/module_base_test.py::TestModuleBase::test_clear_module_gnoi_halt_in_progress_db_error PASSED [ 13%]
tests/module_base_test.py::TestModuleBase::test_get_module_gnoi_halt_in_progress_various_modules[DPU0] PASSED [ 13%]
tests/module_base_test.py::TestModuleBase::test_get_module_gnoi_halt_in_progress_various_modules[DPU1] PASSED [ 13%]
tests/module_base_test.py::TestModuleBase::test_get_module_gnoi_halt_in_progress_various_modules[LINE-CARD0] PASSED [ 13%]
tests/module_base_test.py::TestModuleBase::test_get_module_gnoi_halt_in_progress_various_modules[SUPERVISOR0] PASSED [ 13%]
tests/module_base_test.py::TestModuleBase::test_clear_module_gnoi_halt_in_progress_various_modules[DPU0] PASSED [ 13%]
tests/module_base_test.py::TestModuleBase::test_clear_module_gnoi_halt_in_progress_various_modules[DPU1] PASSED [ 13%]
tests/module_base_test.py::TestModuleBase::test_clear_module_gnoi_halt_in_progress_various_modules[LINE-CARD0] PASSED [ 13%]
tests/module_base_test.py::TestModuleBase::test_clear_module_gnoi_halt_in_progress_various_modules[SUPERVISOR0] PASSED [ 13%]
tests/module_base_test.py::TestModuleBase::test_set_module_gnoi_halt_in_progress_success PASSED [ 14%]
tests/module_base_test.py::TestModuleBase::test_set_module_gnoi_halt_in_progress_db_error PASSED [ 14%]
tests/module_base_test.py::TestModuleBase::test_set_module_gnoi_halt_in_progress_various_modules[DPU0] PASSED [ 14%]
tests/module_base_test.py::TestModuleBase::test_set_module_gnoi_halt_in_progress_various_modules[DPU1] PASSED [ 14%]
tests/module_base_test.py::TestModuleBase::test_set_module_gnoi_halt_in_progress_various_modules[LINE-CARD0] PASSED [ 14%]
tests/module_base_test.py::TestModuleBase::test_set_module_gnoi_halt_in_progress_various_modules[SUPERVISOR0] PASSED [ 14%]
tests/module_base_test.py::TestModuleBase::test_set_module_gnoi_halt_in_progress_uses_lock PASSED [ 14%]
tests/module_base_test.py::TestModuleBase::test_graceful_shutdown_handler_multiple_checks_before_clear PASSED [ 14%]
tests/module_base_test.py::TestModuleBase::test_graceful_shutdown_handler_flag_cleared_mid_loop PASSED [ 14%]
tests/module_base_test.py::TestModuleBase::test_set_module_state_transition_happy PASSED [ 14%]
tests/module_base_test.py::TestModuleBase::test_set_module_state_transition_within_timeout PASSED [ 14%]
tests/module_base_test.py::TestModuleBase::test_set_module_state_transition_timeout_behavior[400-300-True] PASSED [ 14%]
tests/module_base_test.py::TestModuleBase::test_set_module_state_transition_timeout_behavior[150-300-False] PASSED [ 14%]
tests/module_base_test.py::TestModuleBase::test_set_module_state_transition_input_validation PASSED [ 15%]
tests/module_base_test.py::TestModuleBase::test_set_module_state_transition_missing_start_time PASSED [ 15%]
tests/module_base_test.py::TestModuleBase::test_set_module_state_transition_db_errors PASSED [ 15%]
tests/module_base_test.py::TestModuleBase::test_set_module_state_transition_types[startup] PASSED [ 15%]
tests/module_base_test.py::TestModuleBase::test_set_module_state_transition_types[shutdown] PASSED [ 15%]
tests/module_base_test.py::TestModuleBase::test_set_module_state_transition_types[reboot] PASSED [ 15%]
tests/module_base_test.py::TestModuleBase::test_clear_module_state_transition PASSED [ 15%]
tests/module_base_test.py::TestModuleBase::test_clear_module_state_transition_db_error PASSED [ 15%]
tests/module_base_test.py::TestModuleBase::test_clear_module_state_transition_various_modules[DPU0] PASSED [ 15%]
tests/module_base_test.py::TestModuleBase::test_clear_module_state_transition_various_modules[LINE-CARD1] PASSED [ 15%]
tests/module_base_test.py::TestModuleBase::test_clear_module_state_transition_various_modules[SUPERVISOR0] PASSED [ 15%]
tests/module_base_test.py::TestModuleBase::test_clear_module_state_transition_various_modules[FABRIC-CARD0] PASSED [ 15%]
tests/module_base_test.py::TestModuleBase::test_get_module_state_transition[True-True] PASSED [ 15%]
tests/module_base_test.py::TestModuleBase::test_get_module_state_transition[None-False] PASSED [ 16%]
tests/module_base_test.py::TestModuleBase::test_get_module_state_transition[False-False] PASSED [ 16%]
tests/module_base_test.py::TestModuleBase::test_get_module_state_transition[weird-False] PASSED [ 16%]
tests/module_base_test.py::TestModuleBase::test_get_module_state_transition_db_error PASSED [ 16%]
tests/module_base_test.py::TestModuleBase::test_get_module_state_transition_various_modules[DPU0] PASSED [ 16%]
tests/module_base_test.py::TestModuleBase::test_get_module_state_transition_various_modules[LINE-CARD1] PASSED [ 16%]
tests/module_base_test.py::TestModuleBase::test_get_module_state_transition_various_modules[SUPERVISOR0] PASSED [ 16%]
tests/module_base_test.py::TestModuleBase::test_get_module_state_transition_various_modules[FABRIC-CARD0] PASSED [ 16%]
tests/module_base_test.py::TestModuleBase::test_get_module_state_transition_timeout_clears_flag PASSED [ 16%]
tests/module_base_test.py::TestModuleBase::test_get_module_state_transition_within_timeout_returns_true PASSED [ 16%]
tests/module_base_test.py::TestModuleBase::test_get_module_state_transition_missing_start_time PASSED [ 16%]
tests/module_base_test.py::TestModuleBase::test_get_module_state_transition_missing_transition_type PASSED [ 16%]
tests/module_base_test.py::TestModuleBase::test_get_module_state_transition_timeout_for_different_types[startup] PASSED [ 16%]
tests/module_base_test.py::TestModuleBase::test_get_module_state_transition_timeout_for_different_types[shutdown] PASSED [ 17%]
tests/module_base_test.py::TestModuleBase::test_get_module_state_transition_timeout_for_different_types[reboot] PASSED [ 17%]
tests/module_base_test.py::TestModuleBase::test_get_module_state_transition_timeout_no_deadlock_with_real_lock PASSED [ 17%]
tests/module_base_test.py::TestModuleBase::test_transition_timeout_edge_cases[timeouts0-hget_vals0-1788385539.0519822-True] PASSED [ 17%]
tests/module_base_test.py::TestModuleBase::test_transition_timeout_edge_cases[timeouts1-hget_vals1-1000000-False] PASSED [ 17%]
tests/module_base_test.py::TestModuleBase::test_transition_timeout_edge_cases[timeouts2-hget_vals2-1788385539.0519836-True] PASSED [ 17%]
tests/module_base_test.py::TestModuleBase::test_do_power_cycle_raises_not_implemented PASSED [ 17%]
tests/module_base_test.py::TestModuleBase::test_do_power_cycle_success_via_concrete_subclass PASSED [ 17%]
tests/module_base_test.py::TestModuleBase::test_do_power_cycle_failure_via_concrete_subclass PASSED [ 17%]
tests/module_base_test.py::TestModuleBase::test_do_power_cycle_independent_of_set_admin_state PASSED [ 17%]
tests/pcie_common_test.py::TestPcieCommon::test_get_pcie_devices PASSED  [ 17%]
tests/pcie_common_test.py::TestPcieCommon::test_get_pcie_check PASSED    [ 17%]
tests/pcie_common_test.py::TestPcieCommon::test_get_pcie_aer_stats PASSED [ 17%]
tests/pcie_common_test.py::TestPcieCommon::test_dump_conf_yaml PASSED    [ 18%]
tests/pdb_base_test.py::TestPdbBase::test_pdb_base_device_type PASSED    [ 18%]
tests/pdb_base_test.py::TestPdbBase::test_pdb_base_not_implemented_methods PASSED [ 18%]
tests/pdb_base_test.py::TestPdbBase::test_pdb_base_thermal_inherited PASSED [ 18%]
tests/pdb_base_test.py::TestPdbBase::test_pdb_get_voltage_current_power_delegate PASSED [ 18%]
tests/pdb_base_test.py::TestPdbBase::test_pdb_get_voltage_current_power_delegate_on_base_instance PASSED [ 18%]
tests/psu_base_test.py::TestPsuBase::test_psu_base PASSED                [ 18%]
tests/redfish_client_test.py::TestRedfishClient::test_login_success PASSED [ 18%]
tests/redfish_client_test.py::TestRedfishClient::test_login_failure_bad_credential PASSED [ 18%]
tests/redfish_client_test.py::TestRedfishClient::test_get_bmc_version PASSED [ 18%]
tests/redfish_client_test.py::TestRedfishClient::test_change_bmc_login_password_root_user_success PASSED [ 18%]
tests/redfish_client_test.py::TestRedfishClient::test_trigger_bmc_debug_log_dump_success PASSED [ 18%]
tests/redfish_client_test.py::TestRedfishClient::test_get_bmc_debug_log_dump_success PASSED [ 19%]
tests/redfish_client_test.py::TestRedfishClient::test_get_bmc_eeprom PASSED [ 19%]
tests/redfish_client_test.py::TestRedfishClient::test_has_login PASSED   [ 19%]
tests/redfish_client_test.py::TestRedfishClient::test_invalidate_session PASSED [ 19%]
tests/redfish_client_test.py::TestRedfishClient::test_login_empty_response PASSED [ 19%]
tests/redfish_client_test.py::TestRedfishClient::test_logout_empty_response PASSED [ 19%]
tests/redfish_client_test.py::TestRedfishClient::test_redfish_api_get_firmware_list PASSED [ 19%]
tests/redfish_client_test.py::TestRedfishClient::test_redfish_api_get_eeprom_list PASSED [ 19%]
tests/redfish_client_test.py::TestRedfishClient::test_redfish_api_request_bmc_reset PASSED [ 19%]
tests/redfish_client_test.py::TestRedfishClient::test_redfish_api_update_firmware PASSED [ 19%]
tests/redfish_client_test.py::TestRedfishClient::test_redfish_api_update_firmware_no_fw_ids PASSED [ 19%]
tests/redfish_client_test.py::TestRedfishClient::test_change_password_with_user PASSED [ 19%]
tests/redfish_client_test.py::TestRedfishClient::test_change_password_with_none_user PASSED [ 19%]
tests/redfish_client_test.py::TestRedfishClient::test_curl_errors_to_redfish_errors_translation PASSED [ 20%]
tests/redfish_client_test.py::TestRedfishClient::test_update_token_in_command PASSED [ 20%]
tests/redfish_client_test.py::TestRedfishClient::test_validate_message_args_valid PASSED [ 20%]
tests/redfish_client_test.py::TestRedfishClient::test_validate_message_args_missing_args PASSED [ 20%]
tests/redfish_client_test.py::TestRedfishClient::test_validate_message_args_insufficient_args PASSED [ 20%]
tests/redfish_client_test.py::TestRedfishClient::test_update_successful_handler PASSED [ 20%]
tests/redfish_client_test.py::TestRedfishClient::test_component_update_skipped_handler PASSED [ 20%]
tests/redfish_client_test.py::TestRedfishClient::test_resource_errors_detected_handler_lower_version PASSED [ 20%]
tests/redfish_client_test.py::TestRedfishClient::test_resource_errors_detected_handler_identical_version PASSED [ 20%]
tests/redfish_client_test.py::TestRedfishClient::test_resource_errors_detected_handler_generic_error PASSED [ 20%]
tests/redfish_client_test.py::TestRedfishClient::test_resource_errors_detected_handler_duplicate_error PASSED [ 20%]
tests/redfish_client_test.py::TestRedfishClient::test_update_successful_handler_invalid PASSED [ 20%]
tests/redfish_client_test.py::TestRedfishClient::test_component_update_skipped_handler_invalid PASSED [ 20%]
tests/redfish_client_test.py::TestRedfishClient::test_resource_errors_detected_handler_invalid PASSED [ 21%]
tests/redfish_client_test.py::TestRedfishClient::test_task_aborted_handler PASSED [ 21%]
tests/redfish_client_test.py::TestRedfishClient::test_dispatch_event_missing_message_id PASSED [ 21%]
tests/redfish_client_test.py::TestRedfishClient::test_log_multi_line_str_none PASSED [ 21%]
tests/redfish_client_test.py::TestRedfishClient::test_exec_curl_cmd_not_logged_in PASSED [ 21%]
tests/redfish_client_test.py::TestRedfishClient::test_get_uri_from_response_success PASSED [ 21%]
tests/redfish_client_test.py::TestRedfishClient::test_get_uri_from_response_invalid_json PASSED [ 21%]
tests/redfish_client_test.py::TestRedfishClient::test_get_uri_from_response_missing_payload PASSED [ 21%]
tests/redfish_client_test.py::TestRedfishClient::test_get_uri_from_response_missing_http_headers PASSED [ 21%]
tests/redfish_client_test.py::TestRedfishClient::test_get_uri_from_response_missing_location PASSED [ 21%]
tests/redfish_client_test.py::TestRedfishClient::test_exec_curl_cmd_no_http_status_code PASSED [ 21%]
tests/redfish_client_test.py::TestRedfishClient::test_exec_curl_cmd_curl_error PASSED [ 21%]
tests/redfish_client_test.py::TestRedfishClient::test_wait_task_completion_invalid_json PASSED [ 21%]
tests/redfish_client_test.py::TestRedfishClient::test_wait_task_completion_task_not_ok PASSED [ 22%]
tests/redfish_client_test.py::TestRedfishClient::test_wait_task_completion_task_aborted PASSED [ 22%]
tests/redfish_client_test.py::TestRedfishClient::test_wait_task_completion_timeout PASSED [ 22%]
tests/redfish_client_test.py::TestRedfishClient::test_exec_curl_cmd_relogin_success PASSED [ 22%]
tests/redfish_client_test.py::TestRedfishClient::test_exec_curl_cmd_relogin_failure PASSED [ 22%]
tests/redfish_client_test.py::TestRedfishClient::test_exec_curl_cmd_relogin_other_error PASSED [ 22%]
tests/redfish_client_test.py::TestRedfishClient::test_redfish_api_request_bmc_reset_not_ok PASSED [ 22%]
tests/redfish_client_test.py::TestRedfishClient::test_redfish_api_request_bmc_reset_with_json_error PASSED [ 22%]
tests/redfish_client_test.py::TestRedfishClient::test_redfish_api_request_bmc_reset_invalid_json PASSED [ 22%]
tests/redfish_client_test.py::TestRedfishClient::test_redfish_api_request_bmc_reset_error_missing_message PASSED [ 22%]
tests/redfish_client_test.py::TestRedfishClient::test_set_min_password_length_success PASSED [ 22%]
tests/redfish_client_test.py::TestRedfishClient::test_set_min_password_length_failure PASSED [ 22%]
tests/redfish_client_test.py::TestRedfishClient::test_get_min_password_length_success PASSED [ 22%]
tests/redfish_client_test.py::TestRedfishClient::test_get_min_password_length_empty_response PASSED [ 23%]
tests/redfish_client_test.py::TestRedfishClient::test_open_session_success PASSED [ 23%]
tests/redfish_client_test.py::TestRedfishClient::test_close_session_success PASSED [ 23%]
tests/redfish_client_test.py::TestRedfishClient::test_set_min_password_length_unexpected_response PASSED [ 23%]
tests/redfish_client_test.py::TestRedfishClient::test_set_min_password_length_json_decode_error PASSED [ 23%]
tests/redfish_client_test.py::TestRedfishClient::test_get_min_password_length_error_missing_message PASSED [ 23%]
tests/redfish_client_test.py::TestRedfishClient::test_get_min_password_length_json_decode_error PASSED [ 23%]
tests/redfish_client_test.py::TestRedfishClient::test_close_session_exec_curl_cmd_failure PASSED [ 23%]
tests/redfish_client_test.py::TestRedfishClient::test_close_session_generic_exception PASSED [ 23%]
tests/redfish_client_test.py::TestRedfishClient::test_get_min_password_length_generic_exception PASSED [ 23%]
tests/sed_mgmt_base_test.py::TestSedMgmtBase::test_abstract_methods_raise_not_implemented PASSED [ 23%]
tests/sed_mgmt_base_test.py::TestSedMgmtBase::test_get_tpm_bank_addresses_from_config PASSED [ 23%]
tests/sed_mgmt_base_test.py::TestSedMgmtBaseWithConcrete::test_change_sed_password_length_too_short PASSED [ 23%]
tests/sed_mgmt_base_test.py::TestSedMgmtBaseWithConcrete::test_change_sed_password_length_too_long PASSED [ 24%]
tests/sed_mgmt_base_test.py::TestSedMgmtBaseWithConcrete::test_change_sed_password_missing_bank_a PASSED [ 24%]
tests/sed_mgmt_base_test.py::TestSedMgmtBaseWithConcrete::test_change_sed_password_missing_bank_b PASSED [ 24%]
tests/sed_mgmt_base_test.py::TestSedMgmtBaseWithConcrete::test_change_sed_password_success PASSED [ 24%]
tests/sed_mgmt_base_test.py::TestSedMgmtBaseWithConcrete::test_change_sed_password_script_fails PASSED [ 24%]
tests/sed_mgmt_base_test.py::TestSedMgmtBaseWithConcrete::test_reset_sed_password_no_default PASSED [ 24%]
tests/sed_mgmt_base_test.py::TestSedMgmtBaseWithConcrete::test_reset_sed_password_missing_bank_a PASSED [ 24%]
tests/sed_mgmt_base_test.py::TestSedMgmtBaseWithConcrete::test_reset_sed_password_success PASSED [ 24%]
tests/sed_mgmt_base_test.py::TestSedMgmtBaseWithConcrete::test_reset_sed_password_script_fails PASSED [ 24%]
tests/sed_mgmt_base_test.py::TestReadSedConfigValue::test_read_sed_config_value_missing_file PASSED [ 24%]
tests/sed_mgmt_base_test.py::TestReadSedConfigValue::test_read_sed_config_value_found PASSED [ 24%]
tests/sed_mgmt_base_test.py::TestReadSedConfigValue::test_read_sed_config_value_key_missing PASSED [ 24%]
tests/sensor_base_test.py::TestSensorBase::test_sensor_base PASSED       [ 24%]
tests/sensor_base_test.py::TestSensorBase::test_voltage_sensor_base PASSED [ 25%]
tests/sensor_base_test.py::TestSensorBase::test_current_sensor_base PASSED [ 25%]
tests/sensor_fs_test.py::TestSensorFs::test_sensor_fs PASSED             [ 25%]
tests/sfputilhelper_test.py::TestSfpUtilHelper::test_read_port_mappings FAILED [ 25%]
tests/sfputilhelper_test.py::TestSfpUtilHelper::test_read_all_port_mappings FAILED [ 25%]
tests/sfputilhelper_test.py::TestSfpUtilHelper::test_read_all_port_mappings_role FAILED [ 25%]
tests/sfputilhelper_test.py::TestSfpUtilHelper::test_set_power PASSED    [ 25%]
tests/sonic_xcvr/test_aoc_2x100g.py::TestCmisAocSingleBankApi::test_get_module_fw_info_single_bank PASSED [ 25%]
tests/sonic_xcvr/test_aoc_2x100g.py::TestCmisAocSingleBankApi::test_get_module_fw_info_eeprom_read_error PASSED [ 25%]
tests/sonic_xcvr/test_aoc_2x100g.py::TestCmisAocSingleBankApi::test_get_module_fw_info_cdb_not_supported PASSED [ 25%]
tests/sonic_xcvr/test_aoc_2x100g.py::TestCmisAocSingleBankApi::test_get_module_fw_info_handler_init_failed PASSED [ 25%]
tests/sonic_xcvr/test_aoc_2x100g.py::TestCmisAocSingleBankApi::test_get_module_fw_info_cdb_returns_none PASSED [ 25%]
tests/sonic_xcvr/test_bailly_cmis.py::TestBaillyCodes::test_codes_inheritance PASSED [ 25%]
tests/sonic_xcvr/test_bailly_cmis.py::TestBaillyCodes::test_bailly_specific_identifiers PASSED [ 26%]
tests/sonic_xcvr/test_bailly_cmis.py::TestBaillyCodes::test_wavelength_grid_definitions PASSED [ 26%]
tests/sonic_xcvr/test_bailly_cmis.py::TestBaillyCodes::test_laser_count_definitions PASSED [ 26%]
tests/sonic_xcvr/test_bailly_cmis.py::TestBaillyApi::test_get_dpinit_pending PASSED [ 26%]
tests/sonic_xcvr/test_bailly_cmis.py::TestBaillyApi::test__format_revision_none PASSED [ 26%]
tests/sonic_xcvr/test_bailly_cmis.py::TestBaillyApi::test__format_revision_values PASSED [ 26%]
tests/sonic_xcvr/test_bailly_cmis.py::TestBaillyApi::test_get_active_apsel_hostlane_with_zero_returns_current_map PASSED [ 26%]
tests/sonic_xcvr/test_bailly_cmis.py::TestBaillyApi::test_get_active_apsel_hostlane_no_zero_calls_parent PASSED [ 26%]
tests/sonic_xcvr/test_bailly_cmis.py::TestBaillyApi::test_get_transceiver_info PASSED [ 26%]
tests/sonic_xcvr/test_bailly_cmis.py::TestBaillyApi::test_get_els_info PASSED [ 26%]
tests/sonic_xcvr/test_bailly_optoe_base.py::TestCpoOptoeBase::test_get_cpo_json_data_success PASSED [ 26%]
tests/sonic_xcvr/test_bailly_optoe_base.py::TestCpoOptoeBase::test_get_cpo_json_data_platform_none PASSED [ 26%]
tests/sonic_xcvr/test_bailly_optoe_base.py::TestCpoOptoeBase::test_get_cpo_json_data_path_none PASSED [ 26%]
tests/sonic_xcvr/test_bailly_optoe_base.py::TestCpoOptoeBase::test_get_cpo_json_data_file_not_exists PASSED [ 27%]
tests/sonic_xcvr/test_bailly_optoe_base.py::TestCpoOptoeBase::test_get_cpo_json_data_invalid_json PASSED [ 27%]
tests/sonic_xcvr/test_bailly_optoe_base.py::TestCpoOptoeBase::test_get_oe_eeprom_path PASSED [ 27%]
tests/sonic_xcvr/test_bailly_optoe_base.py::TestCpoOptoeBase::test_get_oe_eeprom_path_none PASSED [ 27%]
tests/sonic_xcvr/test_bailly_optoe_base.py::TestCpoOptoeBase::test_read_eeprom_success PASSED [ 27%]
tests/sonic_xcvr/test_bailly_optoe_base.py::TestCpoOptoeBase::test_read_eeprom_error PASSED [ 27%]
tests/sonic_xcvr/test_bailly_optoe_base.py::TestCpoOptoeBase::test_write_eeprom_success PASSED [ 27%]
tests/sonic_xcvr/test_bailly_optoe_base.py::TestCpoOptoeBase::test_write_eeprom_error PASSED [ 27%]
tests/sonic_xcvr/test_bailly_optoe_base.py::TestCpoOptoeBase::test_get_els_presence_success PASSED [ 27%]
tests/sonic_xcvr/test_bailly_optoe_base.py::TestCpoOptoeBase::test_get_els_presence_mismatch PASSED [ 27%]
tests/sonic_xcvr/test_bailly_optoe_base.py::TestCpoOptoeBase::test_get_els_presence_error PASSED [ 27%]
tests/sonic_xcvr/test_bailly_optoe_base.py::TestCpoOptoeBase::test_get_els_base_page_invalid_type PASSED [ 27%]
tests/sonic_xcvr/test_bailly_optoe_base.py::TestCpoOptoeBase::test_getter_methods PASSED [ 28%]
tests/sonic_xcvr/test_bailly_optoe_base.py::TestCpoOptoeBase::test_get_presence PASSED [ 28%]
tests/sonic_xcvr/test_bailly_optoe_base.py::TestCpoOptoeBaseAbstractMethods::test_abstract_methods_raise_not_implemented PASSED [ 28%]
tests/sonic_xcvr/test_bailly_optoe_base.py::TestCpoOptoeBaseAbstractMethods::test_valid_subclass_implementation PASSED [ 28%]
tests/sonic_xcvr/test_ccmis.py::TestCCmis::test_get_freq_grid[8-150] PASSED [ 28%]
tests/sonic_xcvr/test_ccmis.py::TestCCmis::test_get_freq_grid[7-75] PASSED [ 28%]
tests/sonic_xcvr/test_ccmis.py::TestCCmis::test_get_freq_grid[6-33] PASSED [ 28%]
tests/sonic_xcvr/test_ccmis.py::TestCCmis::test_get_freq_grid[5-100] PASSED [ 28%]
tests/sonic_xcvr/test_ccmis.py::TestCCmis::test_get_freq_grid[4-50] PASSED [ 28%]
tests/sonic_xcvr/test_ccmis.py::TestCCmis::test_get_freq_grid[3-25] PASSED [ 28%]
tests/sonic_xcvr/test_ccmis.py::TestCCmis::test_get_freq_grid[2-12.5] PASSED [ 28%]
tests/sonic_xcvr/test_ccmis.py::TestCCmis::test_get_freq_grid[1-6.25] PASSED [ 28%]
tests/sonic_xcvr/test_ccmis.py::TestCCmis::test_get_freq_grid[0-3.125] PASSED [ 28%]
tests/sonic_xcvr/test_ccmis.py::TestCCmis::test_get_freq_grid[None-None] PASSED [ 29%]
tests/sonic_xcvr/test_ccmis.py::TestCCmis::test_get_laser_config_freq[75-12-193400] PASSED [ 29%]
tests/sonic_xcvr/test_ccmis.py::TestCCmis::test_get_laser_config_freq[75--30-192350] PASSED [ 29%]
tests/sonic_xcvr/test_ccmis.py::TestCCmis::test_get_laser_config_freq[100-10-194100] PASSED [ 29%]
tests/sonic_xcvr/test_ccmis.py::TestCCmis::test_get_current_laser_freq[193100-193100] PASSED [ 29%]
tests/sonic_xcvr/test_ccmis.py::TestCCmis::test_get_tuning_in_progress[0-False] PASSED [ 29%]
tests/sonic_xcvr/test_ccmis.py::TestCCmis::test_get_wavelength_unlocked[0-False] PASSED [ 29%]
tests/sonic_xcvr/test_ccmis.py::TestCCmis::test_get_laser_tuning_summary[1-expected0] PASSED [ 29%]
tests/sonic_xcvr/test_ccmis.py::TestCCmis::test_get_laser_tuning_summary[62-expected1] PASSED [ 29%]
tests/sonic_xcvr/test_ccmis.py::TestCCmis::test_get_supported_freq_config[mock_response0-expected0] PASSED [ 29%]
tests/sonic_xcvr/test_ccmis.py::TestCCmis::test_set_laser_freq[input_param0-mock_response0] PASSED [ 29%]
tests/sonic_xcvr/test_ccmis.py::TestCCmis::test_set_laser_freq[input_param1-mock_response1] PASSED [ 29%]
tests/sonic_xcvr/test_ccmis.py::TestCCmis::test_set_tx_power[-10-mock_response0] PASSED [ 29%]
tests/sonic_xcvr/test_ccmis.py::TestCCmis::test_set_tx_power[-8-mock_response1] PASSED [ 30%]
tests/sonic_xcvr/test_ccmis.py::TestCCmis::test_get_pm_all[mock_response0-expected0] PASSED [ 30%]
tests/sonic_xcvr/test_ccmis.py::TestCCmis::test_get_transceiver_info[mock_response0-expected0] PASSED [ 30%]
tests/sonic_xcvr/test_ccmis.py::TestCCmis::test_get_transceiver_dom_real_value[mock_response0-expected0] PASSED [ 30%]
tests/sonic_xcvr/test_ccmis.py::TestCCmis::test_get_transceiver_threshold_info[mock_response0-expected0] PASSED [ 30%]
tests/sonic_xcvr/test_ccmis.py::TestCCmis::test_get_transceiver_status[mock_response0-expected0] PASSED [ 30%]
tests/sonic_xcvr/test_ccmis.py::TestCCmis::test_get_transceiver_status_flags[module_faults0-tx_fault0-tx_los0-tx_cdr_lol0-tx_eq_fault0-rx_los0-rx_cdr_lol0-laser_tuning_summary0-expected_result0] PASSED [ 30%]
tests/sonic_xcvr/test_ccmis.py::TestCCmis::test_get_transceiver_pm[mock_response0-expected0] PASSED [ 30%]
tests/sonic_xcvr/test_ccmis.py::TestCCmis::test_get_vdm_freeze_status[0-0] PASSED [ 30%]
tests/sonic_xcvr/test_ccmis.py::TestCCmis::test_get_vdm_freeze_status[1-1] PASSED [ 30%]
tests/sonic_xcvr/test_ccmis.py::TestCCmis::test_get_vdm_unfreeze_status[0-0] PASSED [ 30%]
tests/sonic_xcvr/test_ccmis.py::TestCCmis::test_get_vdm_unfreeze_status[1-1] PASSED [ 30%]
tests/sonic_xcvr/test_ccmis.py::TestCCmis::test_freeze_vdm_stats[0-0] PASSED [ 30%]
tests/sonic_xcvr/test_ccmis.py::TestCCmis::test_freeze_vdm_stats[1-1] PASSED [ 31%]
tests/sonic_xcvr/test_ccmis.py::TestCCmis::test_unfreeze_vdm_stats[0-0] PASSED [ 31%]
tests/sonic_xcvr/test_ccmis.py::TestCCmis::test_unfreeze_vdm_stats[1-1] PASSED [ 31%]
tests/sonic_xcvr/test_cdb.py::TestCdbMemMap::test_init PASSED            [ 31%]
tests/sonic_xcvr/test_cdb.py::TestCdbMemMap::test_linear_offset PASSED   [ 31%]
tests/sonic_xcvr/test_cdb.py::TestCdbMemMap::test_get_all_cdb_cmds PASSED [ 31%]
tests/sonic_xcvr/test_cdb.py::TestCdbMemMap::test_get_cdb_cmd PASSED     [ 31%]
tests/sonic_xcvr/test_cdb.py::TestCDBCommand::test_init_default PASSED   [ 31%]
tests/sonic_xcvr/test_cdb.py::TestCDBCommand::test_init_custom PASSED    [ 31%]
tests/sonic_xcvr/test_cdb.py::TestCDBCommand::test_init_invalid_epl PASSED [ 31%]
tests/sonic_xcvr/test_cdb.py::TestCDBCommand::test_init_invalid_lpl PASSED [ 31%]
tests/sonic_xcvr/test_cdb.py::TestCDBCommand::test_get_reply_field PASSED [ 31%]
tests/sonic_xcvr/test_cdb.py::TestCDBCommand::test_checksum PASSED       [ 31%]
tests/sonic_xcvr/test_cdb.py::TestCDBCommand::test_getaddr PASSED        [ 32%]
tests/sonic_xcvr/test_cdb.py::TestCDBCommand::test_get_size PASSED       [ 32%]
tests/sonic_xcvr/test_cdb.py::TestCDBCommand::test_encode_no_payload PASSED [ 32%]
tests/sonic_xcvr/test_cdb.py::TestCDBCommand::test_encode_with_payload PASSED [ 32%]
tests/sonic_xcvr/test_cdb.py::TestCDBCommand::test_decode PASSED         [ 32%]
tests/sonic_xcvr/test_cdb.py::TestCdbStatusQuery::test_init PASSED       [ 32%]
tests/sonic_xcvr/test_cdb.py::TestCdbStatusQuery::test_encode_default_delay PASSED [ 32%]
tests/sonic_xcvr/test_cdb.py::TestCdbStatusQuery::test_encode_custom_delay PASSED [ 32%]
tests/sonic_xcvr/test_cdb.py::TestCdbGetFirmwareInfo::test_init PASSED   [ 32%]
tests/sonic_xcvr/test_cdb.py::TestCdbGetFirmwareMgmtFeatures::test_init PASSED [ 32%]
tests/sonic_xcvr/test_cdb.py::TestCdbStartFirmwareDownload::test_init PASSED [ 32%]
tests/sonic_xcvr/test_cdb.py::TestCdbStartFirmwareDownload::test_encode PASSED [ 32%]
tests/sonic_xcvr/test_cdb.py::TestCdbAbortFirmwareDownload::test_init PASSED [ 32%]
tests/sonic_xcvr/test_cdb.py::TestCdbCompleteFirmwareDownload::test_init PASSED [ 33%]
tests/sonic_xcvr/test_cdb.py::TestCdbRunFirmwareDownload::test_init PASSED [ 33%]
tests/sonic_xcvr/test_cdb.py::TestCdbRunFirmwareDownload::test_encode PASSED [ 33%]
tests/sonic_xcvr/test_cdb.py::TestCdbCommitFirmwareDownload::test_init PASSED [ 33%]
tests/sonic_xcvr/test_cdb.py::TestCdbWriteLplBlock::test_init PASSED     [ 33%]
tests/sonic_xcvr/test_cdb.py::TestCdbWriteLplBlock::test_encode_valid PASSED [ 33%]
tests/sonic_xcvr/test_cdb.py::TestCdbWriteLplBlock::test_encode_max_size PASSED [ 33%]
tests/sonic_xcvr/test_cdb.py::TestCdbWriteEplBlock::test_init PASSED     [ 33%]
tests/sonic_xcvr/test_cdb.py::TestCdbWriteEplBlock::test_encode_valid PASSED [ 33%]
tests/sonic_xcvr/test_cdb.py::TestCdbWriteEplBlock::test_encode_max_size PASSED [ 33%]
tests/sonic_xcvr/test_cdb.py::TestCdbWriteEplBlock::test_encode_oversized PASSED [ 33%]
tests/sonic_xcvr/test_cdb.py::TestCdbWriteEplBlock::test_encode_updates_epl PASSED [ 33%]
tests/sonic_xcvr/test_cdb.py::TestIntegration::test_command_round_trip PASSED [ 33%]
tests/sonic_xcvr/test_cdb.py::TestIntegration::test_all_commands_in_memmap PASSED [ 34%]
tests/sonic_xcvr/test_cdb.py::TestCdbCmdHandler::test_write_epl_page_success PASSED [ 34%]
tests/sonic_xcvr/test_cdb.py::TestCdbCmdHandler::test_write_epl_page_full_page PASSED [ 34%]
tests/sonic_xcvr/test_cdb.py::TestCdbCmdHandler::test_write_epl_page_data_too_large PASSED [ 34%]
tests/sonic_xcvr/test_cdb.py::TestCdbCmdHandler::test_write_epl_page_invalid_page_number PASSED [ 34%]
tests/sonic_xcvr/test_cdb.py::TestCdbCmdHandler::test_write_epl_page_minimum_page PASSED [ 34%]
tests/sonic_xcvr/test_cdb.py::TestCdbCmdHandler::test_write_epl_page_empty_data PASSED [ 34%]
tests/sonic_xcvr/test_cdb.py::TestCdbCmdHandler::test_write_epl_page_write_raw_failure PASSED [ 34%]
tests/sonic_xcvr/test_cdb.py::TestCdbCmdHandler::test_send_cmd_success PASSED [ 34%]
tests/sonic_xcvr/test_cdb.py::TestCdbCmdHandler::test_send_cmd_no_payload PASSED [ 34%]
tests/sonic_xcvr/test_cdb.py::TestCdbCmdHandler::test_send_cmd_with_timeout PASSED [ 34%]
tests/sonic_xcvr/test_cdb.py::TestCdbCmdHandler::test_send_cmd_write_failure PASSED [ 34%]
tests/sonic_xcvr/test_cdb.py::TestCdbCmdHandler::test_send_cmd_wait_status_timeout PASSED [ 34%]
tests/sonic_xcvr/test_cdb.py::TestCdbCmdHandler::test_send_cmd_status_busy PASSED [ 35%]
tests/sonic_xcvr/test_cdb.py::TestCdbCmdHandler::test_send_cmd_status_failed PASSED [ 35%]
tests/sonic_xcvr/test_cdb.py::TestCdbCmdHandler::test_send_cmd_status_not_success PASSED [ 35%]
tests/sonic_xcvr/test_cdb.py::TestCdbCmdHandler::test_send_cmd_edge_case_busy_and_failed PASSED [ 35%]
tests/sonic_xcvr/test_cdb.py::TestCdbCmdHandler::test_write_epl_integration PASSED [ 35%]
tests/sonic_xcvr/test_cdb.py::TestCdbCmdHandler::test_send_cmd_log_messages PASSED [ 35%]
tests/sonic_xcvr/test_cdb.py::TestCdbCmdHandler::test_write_epl_page_max_valid_page PASSED [ 35%]
tests/sonic_xcvr/test_cdb.py::TestCdbCmdHandler::test_send_cmd_all_status_combinations PASSED [ 35%]
tests/sonic_xcvr/test_cdb.py::TestCdbCmdHandler::test_get_last_cmd_status PASSED [ 35%]
tests/sonic_xcvr/test_cdb.py::TestCdbCmdHandler::test_get_last_cmd_status_none PASSED [ 35%]
tests/sonic_xcvr/test_cdb.py::TestCdbCmdHandler::test_enter_password_invalid[not_an_int-False] PASSED [ 35%]
tests/sonic_xcvr/test_cdb.py::TestCdbCmdHandler::test_enter_password_invalid[-1-False] PASSED [ 35%]
tests/sonic_xcvr/test_cdb.py::TestCdbCmdHandler::test_enter_password_invalid[4294967296-False] PASSED [ 35%]
tests/sonic_xcvr/test_cdb.py::TestCdbCmdHandler::test_enter_password_invalid[12.5-False] PASSED [ 36%]
tests/sonic_xcvr/test_cdb.py::TestCdbCmdHandler::test_enter_password_invalid[None-False] PASSED [ 36%]
tests/sonic_xcvr/test_cdb.py::TestCdbCmdHandler::test_enter_password_valid PASSED [ 36%]
tests/sonic_xcvr/test_cdb.py::TestCdbCmdHandler::test_enter_password_default PASSED [ 36%]
tests/sonic_xcvr/test_cdb.py::TestCdbCmdHandler::test_write_lpl_block PASSED [ 36%]
tests/sonic_xcvr/test_cdb.py::TestCdbEnterPassword::test_init PASSED     [ 36%]
tests/sonic_xcvr/test_cdb.py::TestCdbEnterPassword::test_encode PASSED   [ 36%]
tests/sonic_xcvr/test_cdb_fw.py::TestCdbFwHandler::test_init_success PASSED [ 36%]
tests/sonic_xcvr/test_cdb_fw.py::TestCdbFwHandler::test_init_failure_assertion PASSED [ 36%]
tests/sonic_xcvr/test_cdb_fw.py::TestCdbFwHandler::test_initFwHandler_send_cmd_failure PASSED [ 36%]
tests/sonic_xcvr/test_cdb_fw.py::TestCdbFwHandler::test_initFwHandler_read_reply_none PASSED [ 36%]
tests/sonic_xcvr/test_cdb_fw.py::TestCdbFwHandler::test_initFwHandler_lpl_only PASSED [ 36%]
tests/sonic_xcvr/test_cdb_fw.py::TestCdbFwHandler::test_initFwHandler_epl_mechanism PASSED [ 37%]
tests/sonic_xcvr/test_cdb_fw.py::TestCdbFwHandler::test_get_fw_mgmt_features_none PASSED [ 37%]
tests/sonic_xcvr/test_cdb_fw.py::TestCdbFwHandler::test_get_fw_mgmt_features_valid PASSED [ 37%]
tests/sonic_xcvr/test_cdb_fw.py::TestCdbFwHandler::test_get_firmware_info_success PASSED [ 37%]
tests/sonic_xcvr/test_cdb_fw.py::TestCdbFwHandler::test_get_firmware_info_send_failure PASSED [ 37%]
tests/sonic_xcvr/test_cdb_fw.py::TestCdbFwHandler::test_start_fw_download_success PASSED [ 37%]
tests/sonic_xcvr/test_cdb_fw.py::TestCdbFwHandler::test_start_fw_download_no_header PASSED [ 37%]
tests/sonic_xcvr/test_cdb_fw.py::TestCdbFwHandler::test_start_fw_download_file_too_small PASSED [ 37%]
tests/sonic_xcvr/test_cdb_fw.py::TestCdbFwHandler::test_run_fw_image_default_params PASSED [ 37%]
tests/sonic_xcvr/test_cdb_fw.py::TestCdbFwHandler::test_run_fw_image_custom_params PASSED [ 37%]
tests/sonic_xcvr/test_cdb_fw.py::TestCdbFwHandler::test_complete_fw_download PASSED [ 37%]
tests/sonic_xcvr/test_cdb_fw.py::TestCdbFwHandler::test_commit_fw_image PASSED [ 37%]
tests/sonic_xcvr/test_cdb_fw.py::TestCdbFwHandler::test_abort_fw_download PASSED [ 37%]
tests/sonic_xcvr/test_cdb_fw.py::TestCdbFwHandler::test_download_fw_image_lpl_success PASSED [ 38%]
tests/sonic_xcvr/test_cdb_fw.py::TestCdbFwHandler::test_download_fw_image_epl_success PASSED [ 38%]
tests/sonic_xcvr/test_cdb_fw.py::TestCdbFwHandler::test_download_fw_image_no_header PASSED [ 38%]
tests/sonic_xcvr/test_cdb_fw.py::TestCdbFwHandler::test_download_fw_image_epl_write_failure PASSED [ 38%]
tests/sonic_xcvr/test_cdb_fw.py::TestCdbFwHandler::test_download_fw_image_file_not_found PASSED [ 38%]
tests/sonic_xcvr/test_cdb_fw.py::TestCdbFwHandler::test_download_fw_image_file_too_small PASSED [ 38%]
tests/sonic_xcvr/test_cdb_fw.py::TestCdbFwHandler::test_download_fw_image_generic_exception PASSED [ 38%]
tests/sonic_xcvr/test_cdb_fw.py::TestCdbFwHandler::test_download_fw_image_multiple_chunks PASSED [ 38%]
tests/sonic_xcvr/test_cdb_fw.py::TestCdbFwHandler::test_download_fw_image_empty_file_with_header PASSED [ 38%]
tests/sonic_xcvr/test_cdb_fw.py::TestCdbFwHandler::test_download_fw_image_empty_file_no_header PASSED [ 38%]
tests/sonic_xcvr/test_cdb_fw.py::TestCdbFwHandlerIntegration::test_full_firmware_update_flow_lpl PASSED [ 38%]
tests/sonic_xcvr/test_cmis.py::TestCmisMemMap::test_linear_offset_lower_memory_invariant_across_banks[0-0] PASSED [ 38%]
tests/sonic_xcvr/test_cmis.py::TestCmisMemMap::test_linear_offset_lower_memory_invariant_across_banks[0-1] PASSED [ 38%]
tests/sonic_xcvr/test_cmis.py::TestCmisMemMap::test_linear_offset_lower_memory_invariant_across_banks[0-2] PASSED [ 39%]
tests/sonic_xcvr/test_cmis.py::TestCmisMemMap::test_linear_offset_lower_memory_invariant_across_banks[0-3] PASSED [ 39%]
tests/sonic_xcvr/test_cmis.py::TestCmisMemMap::test_linear_offset_lower_memory_invariant_across_banks[1-0] PASSED [ 39%]
tests/sonic_xcvr/test_cmis.py::TestCmisMemMap::test_linear_offset_lower_memory_invariant_across_banks[1-1] PASSED [ 39%]
tests/sonic_xcvr/test_cmis.py::TestCmisMemMap::test_linear_offset_lower_memory_invariant_across_banks[1-2] PASSED [ 39%]
tests/sonic_xcvr/test_cmis.py::TestCmisMemMap::test_linear_offset_lower_memory_invariant_across_banks[1-3] PASSED [ 39%]
tests/sonic_xcvr/test_cmis.py::TestCmisMemMap::test_linear_offset_lower_memory_invariant_across_banks[64-0] PASSED [ 39%]
tests/sonic_xcvr/test_cmis.py::TestCmisMemMap::test_linear_offset_lower_memory_invariant_across_banks[64-1] PASSED [ 39%]
tests/sonic_xcvr/test_cmis.py::TestCmisMemMap::test_linear_offset_lower_memory_invariant_across_banks[64-2] PASSED [ 39%]
tests/sonic_xcvr/test_cmis.py::TestCmisMemMap::test_linear_offset_lower_memory_invariant_across_banks[64-3] PASSED [ 39%]
tests/sonic_xcvr/test_cmis.py::TestCmisMemMap::test_linear_offset_lower_memory_invariant_across_banks[127-0] PASSED [ 39%]
tests/sonic_xcvr/test_cmis.py::TestCmisMemMap::test_linear_offset_lower_memory_invariant_across_banks[127-1] PASSED [ 39%]
tests/sonic_xcvr/test_cmis.py::TestCmisMemMap::test_linear_offset_lower_memory_invariant_across_banks[127-2] PASSED [ 39%]
tests/sonic_xcvr/test_cmis.py::TestCmisMemMap::test_linear_offset_lower_memory_invariant_across_banks[127-3] PASSED [ 40%]
tests/sonic_xcvr/test_cmis.py::TestCmisMemMap::test_linear_offset_bank_zero_matches_legacy_linear_offset[0-128] PASSED [ 40%]
tests/sonic_xcvr/test_cmis.py::TestCmisMemMap::test_linear_offset_bank_zero_matches_legacy_linear_offset[0-255] PASSED [ 40%]
tests/sonic_xcvr/test_cmis.py::TestCmisMemMap::test_linear_offset_bank_zero_matches_legacy_linear_offset[1-0] PASSED [ 40%]
tests/sonic_xcvr/test_cmis.py::TestCmisMemMap::test_linear_offset_bank_zero_matches_legacy_linear_offset[1-200] PASSED [ 40%]
tests/sonic_xcvr/test_cmis.py::TestCmisMemMap::test_linear_offset_bank_zero_matches_legacy_linear_offset[16-128] PASSED [ 40%]
tests/sonic_xcvr/test_cmis.py::TestCmisMemMap::test_linear_offset_bank_zero_matches_legacy_linear_offset[17-154] PASSED [ 40%]
tests/sonic_xcvr/test_cmis.py::TestCmisMemMap::test_linear_offset_bank_zero_matches_legacy_linear_offset[159-134] PASSED [ 40%]
tests/sonic_xcvr/test_cmis.py::TestCmisMemMap::test_linear_offset_banked_pages_shift_by_32kb_per_bank[16-128-1] PASSED [ 40%]
tests/sonic_xcvr/test_cmis.py::TestCmisMemMap::test_linear_offset_banked_pages_shift_by_32kb_per_bank[16-128-2] PASSED [ 40%]
tests/sonic_xcvr/test_cmis.py::TestCmisMemMap::test_linear_offset_banked_pages_shift_by_32kb_per_bank[16-128-3] PASSED [ 40%]
tests/sonic_xcvr/test_cmis.py::TestCmisMemMap::test_linear_offset_banked_pages_shift_by_32kb_per_bank[17-200-1] PASSED [ 40%]
tests/sonic_xcvr/test_cmis.py::TestCmisMemMap::test_linear_offset_banked_pages_shift_by_32kb_per_bank[17-200-2] PASSED [ 40%]
tests/sonic_xcvr/test_cmis.py::TestCmisMemMap::test_linear_offset_banked_pages_shift_by_32kb_per_bank[17-200-3] PASSED [ 41%]
tests/sonic_xcvr/test_cmis.py::TestCmisMemMap::test_linear_offset_banked_pages_shift_by_32kb_per_bank[18-222-1] PASSED [ 41%]
tests/sonic_xcvr/test_cmis.py::TestCmisMemMap::test_linear_offset_banked_pages_shift_by_32kb_per_bank[18-222-2] PASSED [ 41%]
tests/sonic_xcvr/test_cmis.py::TestCmisMemMap::test_linear_offset_banked_pages_shift_by_32kb_per_bank[18-222-3] PASSED [ 41%]
tests/sonic_xcvr/test_cmis.py::TestCmisMemMap::test_linear_offset_banked_pages_shift_by_32kb_per_bank[96-150-1] PASSED [ 41%]
tests/sonic_xcvr/test_cmis.py::TestCmisMemMap::test_linear_offset_banked_pages_shift_by_32kb_per_bank[96-150-2] PASSED [ 41%]
tests/sonic_xcvr/test_cmis.py::TestCmisMemMap::test_linear_offset_banked_pages_shift_by_32kb_per_bank[96-150-3] PASSED [ 41%]
tests/sonic_xcvr/test_cmis.py::TestCmisMemMap::test_linear_offset_banked_pages_shift_by_32kb_per_bank[158-200-1] PASSED [ 41%]
tests/sonic_xcvr/test_cmis.py::TestCmisMemMap::test_linear_offset_banked_pages_shift_by_32kb_per_bank[158-200-2] PASSED [ 41%]
tests/sonic_xcvr/test_cmis.py::TestCmisMemMap::test_linear_offset_banked_pages_shift_by_32kb_per_bank[158-200-3] PASSED [ 41%]
tests/sonic_xcvr/test_cmis.py::TestCmisMemMap::test_linear_offset_banked_pages_shift_by_32kb_per_bank[176-128-1] PASSED [ 41%]
tests/sonic_xcvr/test_cmis.py::TestCmisMemMap::test_linear_offset_banked_pages_shift_by_32kb_per_bank[176-128-2] PASSED [ 41%]
tests/sonic_xcvr/test_cmis.py::TestCmisMemMap::test_linear_offset_banked_pages_shift_by_32kb_per_bank[176-128-3] PASSED [ 41%]
tests/sonic_xcvr/test_cmis.py::TestCmisMemMap::test_linear_offset_banked_pages_shift_by_32kb_per_bank[255-255-1] PASSED [ 42%]
tests/sonic_xcvr/test_cmis.py::TestCmisMemMap::test_linear_offset_banked_pages_shift_by_32kb_per_bank[255-255-2] PASSED [ 42%]
tests/sonic_xcvr/test_cmis.py::TestCmisMemMap::test_linear_offset_banked_pages_shift_by_32kb_per_bank[255-255-3] PASSED [ 42%]
tests/sonic_xcvr/test_cmis.py::TestCmisMemMap::test_linear_offset_non_banked_pages_share_offset_across_banks[0-128-1] PASSED [ 42%]
tests/sonic_xcvr/test_cmis.py::TestCmisMemMap::test_linear_offset_non_banked_pages_share_offset_across_banks[0-128-2] PASSED [ 42%]
tests/sonic_xcvr/test_cmis.py::TestCmisMemMap::test_linear_offset_non_banked_pages_share_offset_across_banks[0-128-3] PASSED [ 42%]
tests/sonic_xcvr/test_cmis.py::TestCmisMemMap::test_linear_offset_non_banked_pages_share_offset_across_banks[0-255-1] PASSED [ 42%]
tests/sonic_xcvr/test_cmis.py::TestCmisMemMap::test_linear_offset_non_banked_pages_share_offset_across_banks[0-255-2] PASSED [ 42%]
tests/sonic_xcvr/test_cmis.py::TestCmisMemMap::test_linear_offset_non_banked_pages_share_offset_across_banks[0-255-3] PASSED [ 42%]
tests/sonic_xcvr/test_cmis.py::TestCmisMemMap::test_linear_offset_non_banked_pages_share_offset_across_banks[1-142-1] PASSED [ 42%]
tests/sonic_xcvr/test_cmis.py::TestCmisMemMap::test_linear_offset_non_banked_pages_share_offset_across_banks[1-142-2] PASSED [ 42%]
tests/sonic_xcvr/test_cmis.py::TestCmisMemMap::test_linear_offset_non_banked_pages_share_offset_across_banks[1-142-3] PASSED [ 42%]
tests/sonic_xcvr/test_cmis.py::TestCmisMemMap::test_linear_offset_non_banked_pages_share_offset_across_banks[5-200-1] PASSED [ 42%]
tests/sonic_xcvr/test_cmis.py::TestCmisMemMap::test_linear_offset_non_banked_pages_share_offset_across_banks[5-200-2] PASSED [ 43%]
tests/sonic_xcvr/test_cmis.py::TestCmisMemMap::test_linear_offset_non_banked_pages_share_offset_across_banks[5-200-3] PASSED [ 43%]
tests/sonic_xcvr/test_cmis.py::TestCmisMemMap::test_linear_offset_non_banked_pages_share_offset_across_banks[15-255-1] PASSED [ 43%]
tests/sonic_xcvr/test_cmis.py::TestCmisMemMap::test_linear_offset_non_banked_pages_share_offset_across_banks[15-255-2] PASSED [ 43%]
tests/sonic_xcvr/test_cmis.py::TestCmisMemMap::test_linear_offset_non_banked_pages_share_offset_across_banks[15-255-3] PASSED [ 43%]
tests/sonic_xcvr/test_cmis.py::TestCmisMemMap::test_linear_offset_non_banked_pages_share_offset_across_banks[159-128-1] PASSED [ 43%]
tests/sonic_xcvr/test_cmis.py::TestCmisMemMap::test_linear_offset_non_banked_pages_share_offset_across_banks[159-128-2] PASSED [ 43%]
tests/sonic_xcvr/test_cmis.py::TestCmisMemMap::test_linear_offset_non_banked_pages_share_offset_across_banks[159-128-3] PASSED [ 43%]
tests/sonic_xcvr/test_cmis.py::TestCmisMemMap::test_linear_offset_non_banked_pages_share_offset_across_banks[165-200-1] PASSED [ 43%]
tests/sonic_xcvr/test_cmis.py::TestCmisMemMap::test_linear_offset_non_banked_pages_share_offset_across_banks[165-200-2] PASSED [ 43%]
tests/sonic_xcvr/test_cmis.py::TestCmisMemMap::test_linear_offset_non_banked_pages_share_offset_across_banks[165-200-3] PASSED [ 43%]
tests/sonic_xcvr/test_cmis.py::TestCmisMemMap::test_linear_offset_non_banked_pages_share_offset_across_banks[175-255-1] PASSED [ 43%]
tests/sonic_xcvr/test_cmis.py::TestCmisMemMap::test_linear_offset_non_banked_pages_share_offset_across_banks[175-255-2] PASSED [ 43%]
tests/sonic_xcvr/test_cmis.py::TestCmisMemMap::test_linear_offset_non_banked_pages_share_offset_across_banks[175-255-3] PASSED [ 44%]
tests/sonic_xcvr/test_cmis.py::TestCmisMemMap::test_linear_offset_specific_worked_examples[0-0-128-128] PASSED [ 44%]
tests/sonic_xcvr/test_cmis.py::TestCmisMemMap::test_linear_offset_specific_worked_examples[0-1-0-128] PASSED [ 44%]
tests/sonic_xcvr/test_cmis.py::TestCmisMemMap::test_linear_offset_specific_worked_examples[0-16-128-2176] PASSED [ 44%]
tests/sonic_xcvr/test_cmis.py::TestCmisMemMap::test_linear_offset_specific_worked_examples[1-16-128-34944] PASSED [ 44%]
tests/sonic_xcvr/test_cmis.py::TestCmisMemMap::test_linear_offset_specific_worked_examples[3-255-255-131199] PASSED [ 44%]
tests/sonic_xcvr/test_cmis.py::TestCmisMemMap::test_linear_offset_specific_worked_examples[1-0-128-128] PASSED [ 44%]
tests/sonic_xcvr/test_cmis.py::TestCmisMemMap::test_linear_offset_specific_worked_examples[2-5-200-840] PASSED [ 44%]
tests/sonic_xcvr/test_cmis.py::TestCmisMemMap::test_linear_offset_specific_worked_examples[2-159-0-20352] PASSED [ 44%]
tests/sonic_xcvr/test_cmis.py::TestCmisMemMap::test_linear_offset_specific_worked_examples[3-175-255-22655] PASSED [ 44%]
tests/sonic_xcvr/test_cmis.py::TestCmis::test_get_model[1234567890-1234567890] PASSED [ 44%]
tests/sonic_xcvr/test_cmis.py::TestCmis::test_get_model[ABCD-ABCD] PASSED [ 44%]
tests/sonic_xcvr/test_cmis.py::TestCmis::test_get_cable_length_type PASSED [ 44%]
tests/sonic_xcvr/test_cmis.py::TestCmis::test_get_cable_length[0.0-0.0] PASSED [ 45%]
tests/sonic_xcvr/test_cmis.py::TestCmis::test_get_cable_length[1.2-1.2] PASSED [ 45%]
tests/sonic_xcvr/test_cmis.py::TestCmis::test_get_vendor_rev[0.0-0.0] PASSED [ 45%]
tests/sonic_xcvr/test_cmis.py::TestCmis::test_get_vendor_rev[1.2-1.2] PASSED [ 45%]
tests/sonic_xcvr/test_cmis.py::TestCmis::test_get_serial[100000000-100000000] PASSED [ 45%]
tests/sonic_xcvr/test_cmis.py::TestCmis::test_get_module_type[QSFP-DD Double Density 8X Pluggable Transceiver-QSFP-DD Double Density 8X Pluggable Transceiver] PASSED [ 45%]
tests/sonic_xcvr/test_cmis.py::TestCmis::test_get_connector_type[LC-LC] PASSED [ 45%]
tests/sonic_xcvr/test_cmis.py::TestCmis::test_get_module_hardware_revision[mock_response0-0.1] PASSED [ 45%]
tests/sonic_xcvr/test_cmis.py::TestCmis::test_get_cmis_rev[mock_response0-5.0] PASSED [ 45%]
tests/sonic_xcvr/test_cmis.py::TestCmis::test_get_module_state[ModuleReady-ModuleReady] PASSED [ 45%]
tests/sonic_xcvr/test_cmis.py::TestCmis::test_get_module_fault_cause[No Fault detected-No Fault detected] PASSED [ 45%]
tests/sonic_xcvr/test_cmis.py::TestCmis::test_get_module_active_firmware[mock_response0-0.1] PASSED [ 45%]
tests/sonic_xcvr/test_cmis.py::TestCmis::test_get_module_inactive_firmware[mock_response0-0.1] PASSED [ 46%]
tests/sonic_xcvr/test_cmis.py::TestCmis::test_get_module_temperature[mock_response0-55.0] PASSED [ 46%]
tests/sonic_xcvr/test_cmis.py::TestCmis::test_get_module_temperature[mock_response1-N/A] PASSED [ 46%]
tests/sonic_xcvr/test_cmis.py::TestCmis::test_get_module_temperature[mock_response2-None] PASSED [ 46%]
tests/sonic_xcvr/test_cmis.py::TestCmis::test_get_voltage[mock_response0-3.0] PASSED [ 46%]
tests/sonic_xcvr/test_cmis.py::TestCmis::test_get_voltage[mock_response1-N/A] PASSED [ 46%]
tests/sonic_xcvr/test_cmis.py::TestCmis::test_get_voltage[mock_response2-None] PASSED [ 46%]
tests/sonic_xcvr/test_cmis.py::TestCmis::test_is_copper PASSED           [ 46%]
tests/sonic_xcvr/test_cmis.py::TestCmis::test_is_lpo[None-False] PASSED  [ 46%]
tests/sonic_xcvr/test_cmis.py::TestCmis::test_is_lpo[mock_response1-False] PASSED [ 46%]
tests/sonic_xcvr/test_cmis.py::TestCmis::test_is_lpo[mock_response2-False] PASSED [ 46%]
tests/sonic_xcvr/test_cmis.py::TestCmis::test_is_lpo[mock_response3-True] PASSED [ 46%]
tests/sonic_xcvr/test_cmis.py::TestCmis::test_is_lpo[mock_response4-True] PASSED [ 46%]
tests/sonic_xcvr/test_cmis.py::TestCmis::test_is_lpo[mock_response5-True] PASSED [ 47%]
tests/sonic_xcvr/test_cmis.py::TestCmis::test_is_lpo[mock_response6-True] PASSED [ 47%]
tests/sonic_xcvr/test_cmis.py::TestCmis::test_is_lpo[mock_response7-True] PASSED [ 47%]
tests/sonic_xcvr/test_cmis.py::TestCmis::test_is_lpo[mock_response8-True] PASSED [ 47%]
tests/sonic_xcvr/test_cmis.py::TestCmis::test_is_lpo[mock_response9-True] PASSED [ 47%]
tests/sonic_xcvr/test_cmis.py::TestCmis::test_is_lpo[mock_response10-True] PASSED [ 47%]
tests/sonic_xcvr/test_cmis.py::TestCmis::test_is_lpo[mock_response11-True] PASSED [ 47%]
tests/sonic_xcvr/test_cmis.py::TestCmis::test_is_lpo[mock_response12-True] PASSED [ 47%]
tests/sonic_xcvr/test_cmis.py::TestCmis::test_is_lpo[mock_response13-False] PASSED [ 47%]
tests/sonic_xcvr/test_cmis.py::TestCmis::test_is_flat_memory[False-False] PASSED [ 47%]
tests/sonic_xcvr/test_cmis.py::TestCmis::test_get_temperature_support[False-True] PASSED [ 47%]
tests/sonic_xcvr/test_cmis.py::TestCmis::test_get_voltage_support[False-True] PASSED [ 47%]
tests/sonic_xcvr/test_cmis.py::TestCmis::test_get_rx_los_support[mock_response0-True] PASSED [ 47%]
tests/sonic_xcvr/test_cmis.py::TestCmis::test_get_tx_cdr_lol_support[mock_response0-True] PASSED [ 48%]
tests/sonic_xcvr/test_cmis.py::TestCmis::test_get_tx_cdr_lol[mock_response0-expected0] PASSED [ 48%]
tests/sonic_xcvr/test_cmis.py::TestCmis::test_get_tx_cdr_lol[mock_response1-expected1] PASSED [ 48%]
tests/sonic_xcvr/test_cmis.py::TestCmis::test_get_tx_cdr_lol[mock_response2-None] PASSED [ 48%]
tests/sonic_xcvr/test_cmis.py::TestCmis::test_get_tx_cdr_lol[mock_response3-None] PASSED [ 48%]
tests/sonic_xcvr/test_cmis.py::TestCmis::test_get_rx_los[mock_response0-expected0] PASSED [ 48%]
tests/sonic_xcvr/test_cmis.py::TestCmis::test_get_rx_los[mock_response1-expected1] PASSED [ 48%]
tests/sonic_xcvr/test_cmis.py::TestCmis::test_get_rx_los[mock_response2-None] PASSED [ 48%]
tests/sonic_xcvr/test_cmis.py::TestCmis::test_get_rx_los[mock_response3-None] PASSED [ 48%]
tests/sonic_xcvr/test_cmis.py::TestCmis::test_get_rx_cdr_lol_support[mock_response0-True] PASSED [ 48%]
tests/sonic_xcvr/test_cmis.py::TestCmis::test_get_rx_cdr_lol[mock_response0-expected0] PASSED [ 48%]
tests/sonic_xcvr/test_cmis.py::TestCmis::test_get_rx_cdr_lol[mock_response1-expected1] PASSED [ 48%]
tests/sonic_xcvr/test_cmis.py::TestCmis::test_get_rx_cdr_lol[mock_response2-None] PASSED [ 48%]
tests/sonic_xcvr/test_cmis.py::TestCmis::test_get_rx_cdr_lol[mock_response3-None] PASSED [ 49%]
tests/sonic_xcvr/test_cmis.py::TestCmis::test_get_tx_power_flag[mock_response0-expected0] PASSED [ 49%]
tests/sonic_xcvr/test_cmis.py::TestCmis::test_get_tx_power_flag[None-None] PASSED [ 49%]
tests/sonic_xcvr/test_cmis.py::TestCmis::test_get_tx_bias_flag[mock_response0-expected0] PASSED [ 49%]
tests/sonic_xcvr/test_cmis.py::TestCmis::test_get_tx_bias_flag[None-None] PASSED [ 49%]
tests/sonic_xcvr/test_cmis.py::TestCmis::test_get_rx_power_flag[mock_response0-expected0] PASSED [ 49%]
tests/sonic_xcvr/test_cmis.py::TestCmis::test_get_rx_power_flag[None-None] PASSED [ 49%]
tests/sonic_xcvr/test_cmis.py::TestCmis::test_get_tx_output_status[mock_response0-expected0] PASSED [ 49%]
tests/sonic_xcvr/test_cmis.py::TestCmis::test_get_tx_output_status[None-None] PASSED [ 49%]
tests/sonic_xcvr/test_cmis.py::TestCmis::test_get_rx_output_status[mock_response0-expected0] PASSED [ 49%]
tests/sonic_xcvr/test_cmis.py::TestCmis::test_get_rx_output_status[None-None] PASSED [ 49%]
tests/sonic_xcvr/test_cmis.py::TestCmis::test_get_tx_bias_support[mock_response0-True] PASSED [ 49%]
tests/sonic_xcvr/test_cmis.py::TestCmis::test_get_tx_bias[mock_response0-expected0] PASSED [ 49%]
tests/sonic_xcvr/test_cmis.py::TestCmis::test_get_tx_bias[mock_response1-expected1] PASSED [ 50%]
tests/sonic_xcvr/test_cmis.py::TestCmis::test_get_tx_bias[mock_response2-expected2] PASSED [ 50%]
tests/sonic_xcvr/test_cmis.py::TestCmis::test_get_tx_bias[mock_response3-None] PASSED [ 50%]
tests/sonic_xcvr/test_cmis.py::TestCmis::test_get_tx_bias_neg PASSED     [ 50%]
tests/sonic_xcvr/test_cmis.py::TestCmis::test_get_tx_power_support[mock_response0-True] PASSED [ 50%]
tests/sonic_xcvr/test_cmis.py::TestCmis::test_get_tx_power[mock_response0-expected0] PASSED [ 50%]
tests/sonic_xcvr/test_cmis.py::TestCmis::test_get_tx_power[mock_response1-expected1] PASSED [ 50%]
tests/sonic_xcvr/test_cmis.py::TestCmis::test_get_tx_power[mock_response2-None] PASSED [ 50%]
tests/sonic_xcvr/test_cmis.py::TestCmis::test_get_rx_power_support[mock_response0-True] PASSED [ 50%]
tests/sonic_xcvr/test_cmis.py::TestCmis::test_get_rx_power[mock_response0-expected0] PASSED [ 50%]
tests/sonic_xcvr/test_cmis.py::TestCmis::test_get_rx_power[mock_response1-expected1] PASSED [ 50%]
tests/sonic_xcvr/test_cmis.py::TestCmis::test_get_rx_power[mock_response2-None] PASSED [ 50%]
tests/sonic_xcvr/test_cmis.py::TestCmis::test_get_tx_fault_support[mock_response0-True] PASSED [ 50%]
tests/sonic_xcvr/test_cmis.py::TestCmis::test_get_tx_fault[mock_response0-expected0] PASSED [ 51%]
tests/sonic_xcvr/test_cmis.py::TestCmis::test_get_tx_fault[mock_response1-expected1] PASSED [ 51%]
tests/sonic_xcvr/test_cmis.py::TestCmis::test_get_tx_fault[mock_response2-None] PASSED [ 51%]
tests/sonic_xcvr/test_cmis.py::TestCmis::test_get_tx_fault[mock_response3-None] PASSED [ 51%]
tests/sonic_xcvr/test_cmis.py::TestCmis::test_get_tx_los_support[mock_response0-True] PASSED [ 51%]
tests/sonic_xcvr/test_cmis.py::TestCmis::test_get_tx_los[mock_response0-expected0] PASSED [ 51%]
tests/sonic_xcvr/test_cmis.py::TestCmis::test_get_tx_los[mock_response1-expected1] PASSED [ 51%]
tests/sonic_xcvr/test_cmis.py::TestCmis::test_get_tx_los[mock_response2-None] PASSED [ 51%]
tests/sonic_xcvr/test_cmis.py::TestCmis::test_get_tx_los[mock_response3-None] PASSED [ 51%]
tests/sonic_xcvr/test_cmis.py::TestCmis::test_get_tx_disable_support[mock_response0-True] PASSED [ 51%]
tests/sonic_xcvr/test_cmis.py::TestCmis::test_get_tx_disable[mock_response0-expected0] PASSED [ 51%]
tests/sonic_xcvr/test_cmis.py::TestCmis::test_get_tx_disable[mock_response1-expected1] PASSED [ 51%]
tests/sonic_xcvr/test_cmis.py::TestCmis::test_get_tx_disable[mock_response2-None] PASSED [ 51%]
tests/sonic_xcvr/test_cmis.py::TestCmis::test_get_tx_disable[mock_response3-None] PASSED [ 52%]
tests/sonic_xcvr/test_cmis.py::TestCmis::test_tx_disable[True] PASSED    [ 52%]
tests/sonic_xcvr/test_cmis.py::TestCmis::test_tx_disable[False] PASSED   [ 52%]
tests/sonic_xcvr/test_cmis.py::TestCmis::test_get_tx_disable_channel[mock_response0-0] PASSED [ 52%]
tests/sonic_xcvr/test_cmis.py::TestCmis::test_get_tx_disable_channel[mock_response1-N/A] PASSED [ 52%]
tests/sonic_xcvr/test_cmis.py::TestCmis::test_get_tx_disable_channel[mock_response2-None] PASSED [ 52%]
tests/sonic_xcvr/test_cmis.py::TestCmis::test_tx_disable_channel[0-input_param0] PASSED [ 52%]
tests/sonic_xcvr/test_cmis.py::TestCmis::test_tx_disable_channel[0-input_param1] PASSED [ 52%]
tests/sonic_xcvr/test_cmis.py::TestCmis::test_tx_disable_channel[None-input_param2] PASSED [ 52%]
tests/sonic_xcvr/test_cmis.py::TestCmis::test_get_rx_disable_support[mock_response0-True] PASSED [ 52%]
tests/sonic_xcvr/test_cmis.py::TestCmis::test_get_rx_disable[mock_response0-expected0] PASSED [ 52%]
tests/sonic_xcvr/test_cmis.py::TestCmis::test_get_rx_disable[mock_response1-expected1] PASSED [ 52%]
tests/sonic_xcvr/test_cmis.py::TestCmis::test_get_rx_disable[mock_response2-None] PASSED [ 52%]
tests/sonic_xcvr/test_cmis.py::TestCmis::test_get_rx_disable[mock_response3-None] PASSED [ 53%]
tests/sonic_xcvr/test_cmis.py::TestCmis::test_rx_disable[True] PASSED    [ 53%]
tests/sonic_xcvr/test_cmis.py::TestCmis::test_rx_disable[False] PASSED   [ 53%]
tests/sonic_xcvr/test_cmis.py::TestCmis::test_get_rx_disable_channel[mock_response0-0] PASSED [ 53%]
tests/sonic_xcvr/test_cmis.py::TestCmis::test_get_rx_disable_channel[mock_response1-N/A] PASSED [ 53%]
tests/sonic_xcvr/test_cmis.py::TestCmis::test_get_rx_disable_channel[mock_response2-None] PASSED [ 53%]
tests/sonic_xcvr/test_cmis.py::TestCmis::test_rx_disable_channel[0-input_param0] PASSED [ 53%]
tests/sonic_xcvr/test_cmis.py::TestCmis::test_rx_disable_channel[0-input_param1] PASSED [ 53%]
tests/sonic_xcvr/test_cmis.py::TestCmis::test_rx_disable_channel[0-input_param2] PASSED [ 53%]
tests/sonic_xcvr/test_cmis.py::TestCmis::test_rx_disable_channel[0-input_param3] PASSED [ 53%]
tests/sonic_xcvr/test_cmis.py::TestCmis::test_rx_disable_channel[0-input_param4] PASSED [ 53%]
tests/sonic_xcvr/test_cmis.py::TestCmis::test_rx_disable_channel[None-input_param5] PASSED [ 53%]
tests/sonic_xcvr/test_cmis.py::TestCmis::test_get_laser_tuning_summary[1-expected0] PASSED [ 53%]
tests/sonic_xcvr/test_cmis.py::TestCmis::test_get_laser_tuning_summary[62-expected1] PASSED [ 54%]
tests/sonic_xcvr/test_cmis.py::TestCmis::test_get_power_override PASSED  [ 54%]
tests/sonic_xcvr/test_cmis.py::TestCmis::test_set_power_override PASSED  [ 54%]
tests/sonic_xcvr/test_cmis.py::TestCmis::test_get_transceiver_thresholds_support[False-True] PASSED [ 54%]
tests/sonic_xcvr/test_cmis.py::TestCmis::test_get_lpmode_support[None-False] PASSED [ 54%]
tests/sonic_xcvr/test_cmis.py::TestCmis::test_get_lpmode_support[Power Class 1-False] PASSED [ 54%]
tests/sonic_xcvr/test_cmis.py::TestCmis::test_get_lpmode_support[Power Class 8-True] PASSED [ 54%]
tests/sonic_xcvr/test_cmis.py::TestCmis::test_get_power_override_support PASSED [ 54%]
tests/sonic_xcvr/test_cmis.py::TestCmis::test_get_module_media_type[sm_media_interface-sm_media_interface] PASSED [ 54%]
tests/sonic_xcvr/test_cmis.py::TestCmis::test_get_host_electrical_interface[400GAUI-8 C2M (Annex 120E)-400GAUI-8 C2M (Annex 120E)] PASSED [ 54%]
tests/sonic_xcvr/test_cmis.py::TestCmis::test_get_module_media_interface[sm_media_interface-400ZR-400ZR] PASSED [ 54%]
tests/sonic_xcvr/test_cmis.py::TestCmis::test_get_module_media_interface[nm_850_media_interface-100GE BiDi-100GE BiDi] PASSED [ 54%]
tests/sonic_xcvr/test_cmis.py::TestCmis::test_get_module_media_interface[passive_copper_media_interface-Copper cable-Copper cable] PASSED [ 55%]
tests/sonic_xcvr/test_cmis.py::TestCmis::test_get_module_media_interface[active_cable_media_interface-Active Loopback module-Active Loopback module] PASSED [ 55%]
tests/sonic_xcvr/test_cmis.py::TestCmis::test_get_module_media_interface[base_t_media_interface-1000BASE-T (Clause 40)-1000BASE-T (Clause 40)] PASSED [ 55%]
tests/sonic_xcvr/test_cmis.py::TestCmis::test_get_module_media_interface[ABCD-ABCD-Unknown media interface] PASSED [ 55%]
tests/sonic_xcvr/test_cmis.py::TestCmis::test_is_coherent_module[Copper cable-False] PASSED [ 55%]
tests/sonic_xcvr/test_cmis.py::TestCmis::test_is_coherent_module[400ZR-True] PASSED [ 55%]
tests/sonic_xcvr/test_cmis.py::TestCmis::test_get_datapath_init_duration[True-1-0] PASSED [ 55%]
tests/sonic_xcvr/test_cmis.py::TestCmis::test_get_datapath_init_duration[False-None-0] PASSED [ 55%]
tests/sonic_xcvr/test_cmis.py::TestCmis::test_get_datapath_init_duration[False-500-5000.0] PASSED [ 55%]
tests/sonic_xcvr/test_cmis.py::TestCmis::test_get_datapath_init_duration[False-1000-10000.0] PASSED [ 55%]
tests/sonic_xcvr/test_cmis.py::TestCmis::test_get_datapath_init_duration[False-5000-5000.0] PASSED [ 55%]
tests/sonic_xcvr/test_cmis.py::TestCmis::test_get_datapath_init_duration[False-60000-60000.0] PASSED [ 55%]
tests/sonic_xcvr/test_cmis.py::TestCmis::test_get_datapath_deinit_duration[True-10-0] PASSED [ 55%]
tests/sonic_xcvr/test_cmis.py::TestCmis::test_get_datapath_deinit_duration[False-None-0] PASSED [ 56%]
tests/sonic_xcvr/test_cmis.py::TestCmis::test_get_datapath_deinit_duration[False-50-50.0] PASSED [ 56%]
tests/sonic_xcvr/test_cmis.py::TestCmis::test_get_datapath_deinit_duration[False-6000000-6000000.0] PASSED [ 56%]
tests/sonic_xcvr/test_cmis.py::TestCmis::test_get_datapath_tx_turnon_duration[True-10-0] PASSED [ 56%]
tests/sonic_xcvr/test_cmis.py::TestCmis::test_get_datapath_tx_turnon_duration[False-None-0] PASSED [ 56%]
tests/sonic_xcvr/test_cmis.py::TestCmis::test_get_datapath_tx_turnon_duration[False-8-8.0] PASSED [ 56%]
tests/sonic_xcvr/test_cmis.py::TestCmis::test_get_datapath_tx_turnon_duration[False-5000000-5000000.0] PASSED [ 56%]
tests/sonic_xcvr/test_cmis.py::TestCmis::test_get_datapath_tx_turnoff_duration[True-1-0] PASSED [ 56%]
tests/sonic_xcvr/test_cmis.py::TestCmis::test_get_datapath_tx_turnoff_duration[False-None-0] PASSED [ 56%]
tests/sonic_xcvr/test_cmis.py::TestCmis::test_get_datapath_tx_turnoff_duration[False-6-6.0] PASSED [ 56%]
tests/sonic_xcvr/test_cmis.py::TestCmis::test_get_datapath_tx_turnoff_duration[False-80000-80000.0] PASSED [ 56%]
tests/sonic_xcvr/test_cmis.py::TestCmis::test_get_module_pwr_up_duration[True-10-0] PASSED [ 56%]
tests/sonic_xcvr/test_cmis.py::TestCmis::test_get_module_pwr_up_duration[False-None-0] PASSED [ 56%]
tests/sonic_xcvr/test_cmis.py::TestCmis::test_get_module_pwr_up_duration[False-8-8.0] PASSED [ 57%]
tests/sonic_xcvr/test_cmis.py::TestCmis::test_get_module_pwr_up_duration[False-5000000-5000000.0] PASSED [ 57%]
tests/sonic_xcvr/test_cmis.py::TestCmis::test_get_module_pwr_down_duration[True-1-0] PASSED [ 57%]
tests/sonic_xcvr/test_cmis.py::TestCmis::test_get_module_pwr_down_duration[False-None-0] PASSED [ 57%]
tests/sonic_xcvr/test_cmis.py::TestCmis::test_get_module_pwr_down_duration[False-6-6.0] PASSED [ 57%]
tests/sonic_xcvr/test_cmis.py::TestCmis::test_get_module_pwr_down_duration[False-80000-80000.0] PASSED [ 57%]
tests/sonic_xcvr/test_cmis.py::TestCmis::test_get_host_lane_count[8-8] PASSED [ 57%]
tests/sonic_xcvr/test_cmis.py::TestCmis::test_get_media_lane_count[0-0] PASSED [ 57%]
tests/sonic_xcvr/test_cmis.py::TestCmis::test_get_media_lane_count[1-4] PASSED [ 57%]
tests/sonic_xcvr/test_cmis.py::TestCmis::test_get_media_lane_count[2-1] PASSED [ 57%]
tests/sonic_xcvr/test_cmis.py::TestCmis::test_get_media_lane_count[3-0] PASSED [ 57%]
tests/sonic_xcvr/test_cmis.py::TestCmis::test_get_media_interface_technology[C-band tunable laser-C-band tunable laser] PASSED [ 57%]
tests/sonic_xcvr/test_cmis.py::TestCmis::test_get_host_lane_assignment_option[0-0] PASSED [ 57%]
tests/sonic_xcvr/test_cmis.py::TestCmis::test_get_host_lane_assignment_option[1-1] PASSED [ 58%]
tests/sonic_xcvr/test_cmis.py::TestCmis::test_get_host_lane_assignment_option[2-17] PASSED [ 58%]
tests/sonic_xcvr/test_cmis.py::TestCmis::test_get_host_lane_assignment_option[3-0] PASSED [ 58%]
tests/sonic_xcvr/test_cmis.py::TestCmis::test_get_media_lane_assignment_option[0-0] PASSED [ 58%]
tests/sonic_xcvr/test_cmis.py::TestCmis::test_get_media_lane_assignment_option[1-1] PASSED [ 58%]
tests/sonic_xcvr/test_cmis.py::TestCmis::test_get_media_lane_assignment_option[2-15] PASSED [ 58%]
tests/sonic_xcvr/test_cmis.py::TestCmis::test_get_media_lane_assignment_option[3-0] PASSED [ 58%]
tests/sonic_xcvr/test_cmis.py::TestCmis::test_get_active_apsel_hostlane[mock_response0-expected0] PASSED [ 58%]
tests/sonic_xcvr/test_cmis.py::TestCmis::test_get_tx_config_power[-10--10] PASSED [ 58%]
tests/sonic_xcvr/test_cmis.py::TestCmis::test_get_media_output_loopback[1-True] PASSED [ 58%]
tests/sonic_xcvr/test_cmis.py::TestCmis::test_get_media_output_loopback[None-None] PASSED [ 58%]
tests/sonic_xcvr/test_cmis.py::TestCmis::test_get_media_input_loopback[1-True] PASSED [ 58%]
tests/sonic_xcvr/test_cmis.py::TestCmis::test_get_media_input_loopback[None-None] PASSED [ 58%]
tests/sonic_xcvr/test_cmis.py::TestCmis::test_get_host_output_loopback[0-expected0] PASSED [ 59%]
tests/sonic_xcvr/test_cmis.py::TestCmis::test_get_host_output_loopback[None-None] PASSED [ 59%]
tests/sonic_xcvr/test_cmis.py::TestCmis::test_get_host_input_loopback[0-expected0] PASSED [ 59%]
tests/sonic_xcvr/test_cmis.py::TestCmis::test_get_host_input_loopback[None-None] PASSED [ 59%]
tests/sonic_xcvr/test_cmis.py::TestCmis::test_get_aux_mon_type[194-expected0] PASSED [ 59%]
tests/sonic_xcvr/test_cmis.py::TestCmis::test_get_aux_mon_type[None-None] PASSED [ 59%]
tests/sonic_xcvr/test_cmis.py::TestCmis::test_get_laser_temperature[mock_response10-mock_response20-expected0] PASSED [ 59%]
tests/sonic_xcvr/test_cmis.py::TestCmis::test_get_laser_temperature[mock_response11-mock_response21-expected1] PASSED [ 59%]
tests/sonic_xcvr/test_cmis.py::TestCmis::test_get_laser_temperature[mock_response12-mock_response22-expected2] PASSED [ 59%]
tests/sonic_xcvr/test_cmis.py::TestCmis::test_get_laser_TEC_current[mock_response10-mock_response20-expected0] PASSED [ 59%]
tests/sonic_xcvr/test_cmis.py::TestCmis::test_get_laser_TEC_current[mock_response11-mock_response21-expected1] PASSED [ 59%]
tests/sonic_xcvr/test_cmis.py::TestCmis::test_get_laser_TEC_current[mock_response12-mock_response22-None] PASSED [ 59%]
tests/sonic_xcvr/test_cmis.py::TestCmis::test_get_config_datapath_hostlane_status[mock_response0-expected0] PASSED [ 59%]
tests/sonic_xcvr/test_cmis.py::TestCmis::test_get_datapath_state[mock_response0-expected0] PASSED [ 60%]
tests/sonic_xcvr/test_cmis.py::TestCmis::test_get_dpinit_pending[mock_response0-expected0] PASSED [ 60%]
tests/sonic_xcvr/test_cmis.py::TestCmis::test_get_dpinit_pending[None-None] PASSED [ 60%]
tests/sonic_xcvr/test_cmis.py::TestCmis::test_get_supported_power_config[mock_response0-expected0] PASSED [ 60%]
tests/sonic_xcvr/test_cmis.py::TestCmis::test_reset_module PASSED        [ 60%]
tests/sonic_xcvr/test_cmis.py::TestCmis::test_reset PASSED               [ 60%]
tests/sonic_xcvr/test_cmis.py::TestCmis::test_set_low_power[True] PASSED [ 60%]
tests/sonic_xcvr/test_cmis.py::TestCmis::test_set_low_power[False] PASSED [ 60%]
tests/sonic_xcvr/test_cmis.py::TestCmis::test_get_diag_page_support[False-False] PASSED [ 60%]
tests/sonic_xcvr/test_cmis.py::TestCmis::test_get_diag_page_support[True-True] PASSED [ 60%]
tests/sonic_xcvr/test_cmis.py::TestCmis::test_get_diag_page_support[None-False] PASSED [ 60%]
tests/sonic_xcvr/test_cmis.py::TestCmis::test_get_loopback_capability[mock_response0-expected0] PASSED [ 60%]
tests/sonic_xcvr/test_cmis.py::TestCmis::test_get_loopback_capability[mock_response1-None] PASSED [ 60%]
tests/sonic_xcvr/test_cmis.py::TestCmis::test_get_loopback_capability[mock_response2-None] PASSED [ 61%]
tests/sonic_xcvr/test_cmis.py::TestCmis::test_get_loopback_capability[mock_response3-None] PASSED [ 61%]
tests/sonic_xcvr/test_cmis.py::TestCmis::test_set_host_input_loopback[input_param0-None-False] PASSED [ 61%]
tests/sonic_xcvr/test_cmis.py::TestCmis::test_set_host_input_loopback[input_param1-mock_response1-False] PASSED [ 61%]
tests/sonic_xcvr/test_cmis.py::TestCmis::test_set_host_input_loopback[input_param2-mock_response2-False] PASSED [ 61%]
tests/sonic_xcvr/test_cmis.py::TestCmis::test_set_host_input_loopback[input_param3-mock_response3-False] PASSED [ 61%]
tests/sonic_xcvr/test_cmis.py::TestCmis::test_set_host_input_loopback[input_param4-mock_response4-True] PASSED [ 61%]
tests/sonic_xcvr/test_cmis.py::TestCmis::test_set_host_input_loopback[input_param5-mock_response5-True] PASSED [ 61%]
tests/sonic_xcvr/test_cmis.py::TestCmis::test_set_host_output_loopback[input_param0-None-False] PASSED [ 61%]
tests/sonic_xcvr/test_cmis.py::TestCmis::test_set_host_output_loopback[input_param1-mock_response1-False] PASSED [ 61%]
tests/sonic_xcvr/test_cmis.py::TestCmis::test_set_host_output_loopback[input_param2-mock_response2-False] PASSED [ 61%]
tests/sonic_xcvr/test_cmis.py::TestCmis::test_set_host_output_loopback[input_param3-mock_response3-False] PASSED [ 61%]
tests/sonic_xcvr/test_cmis.py::TestCmis::test_set_host_output_loopback[input_param4-mock_response4-True] PASSED [ 61%]
tests/sonic_xcvr/test_cmis.py::TestCmis::test_set_host_output_loopback[input_param5-mock_response5-True] PASSED [ 62%]
tests/sonic_xcvr/test_cmis.py::TestCmis::test_set_media_input_loopback[input_param0-None-False] PASSED [ 62%]
tests/sonic_xcvr/test_cmis.py::TestCmis::test_set_media_input_loopback[input_param1-mock_response1-False] PASSED [ 62%]
tests/sonic_xcvr/test_cmis.py::TestCmis::test_set_media_input_loopback[input_param2-mock_response2-False] PASSED [ 62%]
tests/sonic_xcvr/test_cmis.py::TestCmis::test_set_media_input_loopback[input_param3-mock_response3-False] PASSED [ 62%]
tests/sonic_xcvr/test_cmis.py::TestCmis::test_set_media_input_loopback[input_param4-mock_response4-True] PASSED [ 62%]
tests/sonic_xcvr/test_cmis.py::TestCmis::test_set_media_input_loopback[input_param5-mock_response5-True] PASSED [ 62%]
tests/sonic_xcvr/test_cmis.py::TestCmis::test_set_media_output_loopback[input_param0-None-False] PASSED [ 62%]
tests/sonic_xcvr/test_cmis.py::TestCmis::test_set_media_output_loopback[input_param1-mock_response1-False] PASSED [ 62%]
tests/sonic_xcvr/test_cmis.py::TestCmis::test_set_media_output_loopback[input_param2-mock_response2-False] PASSED [ 62%]
tests/sonic_xcvr/test_cmis.py::TestCmis::test_set_media_output_loopback[input_param3-mock_response3-False] PASSED [ 62%]
tests/sonic_xcvr/test_cmis.py::TestCmis::test_set_media_output_loopback[input_param4-mock_response4-True] PASSED [ 62%]
tests/sonic_xcvr/test_cmis.py::TestCmis::test_set_media_output_loopback[input_param5-mock_response5-True] PASSED [ 62%]
tests/sonic_xcvr/test_cmis.py::TestCmis::test_set_loopback_mode[input_param0-True-True] PASSED [ 63%]
tests/sonic_xcvr/test_cmis.py::TestCmis::test_set_loopback_mode[input_param1-True-True] PASSED [ 63%]
tests/sonic_xcvr/test_cmis.py::TestCmis::test_set_loopback_mode[input_param2-True-True] PASSED [ 63%]
tests/sonic_xcvr/test_cmis.py::TestCmis::test_set_loopback_mode[input_param3-True-True] PASSED [ 63%]
tests/sonic_xcvr/test_cmis.py::TestCmis::test_set_loopback_mode[input_param4-True-True] PASSED [ 63%]
tests/sonic_xcvr/test_cmis.py::TestCmis::test_set_loopback_mode[input_param5-True-True] PASSED [ 63%]
tests/sonic_xcvr/test_cmis.py::TestCmis::test_set_loopback_mode[input_param6-True-True] PASSED [ 63%]
tests/sonic_xcvr/test_cmis.py::TestCmis::test_set_loopback_mode[input_param7-True-True] PASSED [ 63%]
tests/sonic_xcvr/test_cmis.py::TestCmis::test_set_loopback_mode[input_param8-True-True] PASSED [ 63%]
tests/sonic_xcvr/test_cmis.py::TestCmis::test_set_loopback_mode[input_param9-True-False] PASSED [ 63%]
tests/sonic_xcvr/test_cmis.py::TestCmis::test_is_transceiver_vdm_supported_no_vdm PASSED [ 63%]
tests/sonic_xcvr/test_cmis.py::TestCmis::test_is_transceiver_vdm_supported_true PASSED [ 63%]
tests/sonic_xcvr/test_cmis.py::TestCmis::test_is_transceiver_vdm_supported_false PASSED [ 64%]
tests/sonic_xcvr/test_cmis.py::TestCmis::test_get_vdm[mock_response0-expected0] PASSED [ 64%]
tests/sonic_xcvr/test_cmis.py::TestCmis::test_get_vdm[mock_response1-expected1] PASSED [ 64%]
tests/sonic_xcvr/test_cmis.py::TestCmis::test_get_module_firmware_fault_state_changed[1-expected0] PASSED [ 64%]
tests/sonic_xcvr/test_cmis.py::TestCmis::test_get_module_level_flag[mock_response0-expected0] PASSED [ 64%]
tests/sonic_xcvr/test_cmis.py::TestCmis::test_get_module_level_flag[mock_response1-None] PASSED [ 64%]
tests/sonic_xcvr/test_cmis.py::TestCmis::test_create_cdb_fw_handler PASSED [ 64%]
tests/sonic_xcvr/test_cmis.py::TestCmis::test_create_cdb_fw_handler_assertion_error PASSED [ 64%]
tests/sonic_xcvr/test_cmis.py::TestCmis::test_create_cdb_fw_handler_general_exception PASSED [ 64%]
tests/sonic_xcvr/test_cmis.py::TestCmis::test_lazy_create_cdb_fw_handler PASSED [ 64%]
tests/sonic_xcvr/test_cmis.py::TestCmis::test_is_cdb_supported_flat_memory PASSED [ 64%]
tests/sonic_xcvr/test_cmis.py::TestCmis::test_is_cdb_supported_values[None-False] PASSED [ 64%]
tests/sonic_xcvr/test_cmis.py::TestCmis::test_is_cdb_supported_values[0-False] PASSED [ 64%]
tests/sonic_xcvr/test_cmis.py::TestCmis::test_is_cdb_supported_values[1-True] PASSED [ 65%]
tests/sonic_xcvr/test_cmis.py::TestCmis::test_is_cdb_supported_values[2-True] PASSED [ 65%]
tests/sonic_xcvr/test_cmis.py::TestCmis::test_is_cdb_supported_values[3-False] PASSED [ 65%]
tests/sonic_xcvr/test_cmis.py::TestCmis::test_get_status_code[None-0] PASSED [ 65%]
tests/sonic_xcvr/test_cmis.py::TestCmis::test_get_status_code[status_dict1-1] PASSED [ 65%]
tests/sonic_xcvr/test_cmis.py::TestCmis::test_get_status_code[status_dict2-130] PASSED [ 65%]
tests/sonic_xcvr/test_cmis.py::TestCmis::test_get_status_code[status_dict3-69] PASSED [ 65%]
tests/sonic_xcvr/test_cmis.py::TestCmis::test_cdb_commands_success[cdb_run_firmware-run_fw_image-args0] PASSED [ 65%]
tests/sonic_xcvr/test_cmis.py::TestCmis::test_cdb_commands_success[cdb_commit_firmware-commit_fw_image-args1] PASSED [ 65%]
tests/sonic_xcvr/test_cmis.py::TestCmis::test_cdb_commands_success[cdb_firmware_download_complete-complete_fw_download-args2] PASSED [ 65%]
tests/sonic_xcvr/test_cmis.py::TestCmis::test_cdb_commands_success[cdb_start_firmware_download-start_fw_download-args3] PASSED [ 65%]
tests/sonic_xcvr/test_cmis.py::TestCmis::test_cdb_commands_success[cdb_lpl_block_write-write_lpl_block-args4] PASSED [ 65%]
tests/sonic_xcvr/test_cmis.py::TestCmis::test_cdb_commands_success[cdb_enter_host_password-enter_password-args5] PASSED [ 65%]
tests/sonic_xcvr/test_cmis.py::TestCmis::test_cdb_commands_failure[cdb_run_firmware-run_fw_image-args0] PASSED [ 66%]
tests/sonic_xcvr/test_cmis.py::TestCmis::test_cdb_commands_failure[cdb_commit_firmware-commit_fw_image-args1] PASSED [ 66%]
tests/sonic_xcvr/test_cmis.py::TestCmis::test_cdb_commands_failure[cdb_firmware_download_complete-complete_fw_download-args2] PASSED [ 66%]
tests/sonic_xcvr/test_cmis.py::TestCmis::test_cdb_commands_failure[cdb_start_firmware_download-start_fw_download-args3] PASSED [ 66%]
tests/sonic_xcvr/test_cmis.py::TestCmis::test_cdb_commands_failure[cdb_lpl_block_write-write_lpl_block-args4] PASSED [ 66%]
tests/sonic_xcvr/test_cmis.py::TestCmis::test_cdb_commands_failure[cdb_enter_host_password-enter_password-args5] PASSED [ 66%]
tests/sonic_xcvr/test_cmis.py::TestCmis::test_cdb_commands_no_handler[cdb_run_firmware-args0] PASSED [ 66%]
tests/sonic_xcvr/test_cmis.py::TestCmis::test_cdb_commands_no_handler[cdb_commit_firmware-args1] PASSED [ 66%]
tests/sonic_xcvr/test_cmis.py::TestCmis::test_cdb_commands_no_handler[cdb_firmware_download_complete-args2] PASSED [ 66%]
tests/sonic_xcvr/test_cmis.py::TestCmis::test_cdb_commands_no_handler[cdb_start_firmware_download-args3] PASSED [ 66%]
tests/sonic_xcvr/test_cmis.py::TestCmis::test_cdb_commands_no_handler[cdb_lpl_block_write-args4] PASSED [ 66%]
tests/sonic_xcvr/test_cmis.py::TestCmis::test_cdb_commands_no_handler[cdb_epl_block_write-args5] PASSED [ 66%]
tests/sonic_xcvr/test_cmis.py::TestCmis::test_cdb_commands_no_handler[cdb_enter_host_password-args6] PASSED [ 66%]
tests/sonic_xcvr/test_cmis.py::TestCmis::test_cdb_epl_block_write_success PASSED [ 67%]
tests/sonic_xcvr/test_cmis.py::TestCmis::test_cdb_epl_block_write_failure PASSED [ 67%]
tests/sonic_xcvr/test_cmis.py::TestCmis::test_get_module_fw_info[mock_response0-expected0] PASSED [ 67%]
tests/sonic_xcvr/test_cmis.py::TestCmis::test_get_module_fw_info[mock_response1-expected1] PASSED [ 67%]
tests/sonic_xcvr/test_cmis.py::TestCmis::test_get_module_fw_info[mock_response2-expected2] PASSED [ 67%]
tests/sonic_xcvr/test_cmis.py::TestCmis::test_get_module_fw_info[mock_response3-expected3] PASSED [ 67%]
tests/sonic_xcvr/test_cmis.py::TestCmis::test_get_module_fw_info[None-expected4] PASSED [ 67%]
tests/sonic_xcvr/test_cmis.py::TestCmis::test_get_module_fw_info[False-expected5] PASSED [ 67%]
tests/sonic_xcvr/test_cmis.py::TestCmis::test_get_module_fw_mgmt_feature[None-mock_eeprom_reads0-expected0] PASSED [ 67%]
tests/sonic_xcvr/test_cmis.py::TestCmis::test_get_module_fw_mgmt_feature[mock_fw_features1-mock_eeprom_reads1-expected1] PASSED [ 67%]
tests/sonic_xcvr/test_cmis.py::TestCmis::test_get_module_fw_mgmt_feature[mock_fw_features2-mock_eeprom_reads2-expected2] PASSED [ 67%]
tests/sonic_xcvr/test_cmis.py::TestCmis::test_get_module_fw_mgmt_feature_writelength_none PASSED [ 67%]
tests/sonic_xcvr/test_cmis.py::TestCmis::test_get_module_fw_info_password_retry PASSED [ 67%]
tests/sonic_xcvr/test_cmis.py::TestCmis::test_module_fw_run[1-True-expected0] PASSED [ 68%]
tests/sonic_xcvr/test_cmis.py::TestCmis::test_module_fw_run[1-False-expected1] PASSED [ 68%]
tests/sonic_xcvr/test_cmis.py::TestCmis::test_module_fw_run_no_handler PASSED [ 68%]
tests/sonic_xcvr/test_cmis.py::TestCmis::test_module_fw_run_password_retry_success PASSED [ 68%]
tests/sonic_xcvr/test_cmis.py::TestCmis::test_module_fw_run_password_retry_fail PASSED [ 68%]
tests/sonic_xcvr/test_cmis.py::TestCmis::test_module_fw_commit[True-expected0] PASSED [ 68%]
tests/sonic_xcvr/test_cmis.py::TestCmis::test_module_fw_commit[False-expected1] PASSED [ 68%]
tests/sonic_xcvr/test_cmis.py::TestCmis::test_module_fw_commit_no_handler PASSED [ 68%]
tests/sonic_xcvr/test_cmis.py::TestCmis::test_module_fw_commit_password_retry_success PASSED [ 68%]
tests/sonic_xcvr/test_cmis.py::TestCmis::test_module_fw_commit_password_retry_fail PASSED [ 68%]
tests/sonic_xcvr/test_cmis.py::TestCmis::test_module_fw_upgrade[abc-mock_response0-expected0] PASSED [ 68%]
tests/sonic_xcvr/test_cmis.py::TestCmis::test_module_fw_upgrade[abc-mock_response1-expected1] PASSED [ 68%]
tests/sonic_xcvr/test_cmis.py::TestCmis::test_module_fw_upgrade[abc-mock_response2-expected2] PASSED [ 68%]
tests/sonic_xcvr/test_cmis.py::TestCmis::test_module_fw_upgrade[abc-mock_response3-expected3] PASSED [ 69%]
tests/sonic_xcvr/test_cmis.py::TestCmis::test_module_fw_upgrade[abc-mock_response4-expected4] PASSED [ 69%]
tests/sonic_xcvr/test_cmis.py::TestCmis::test_module_fw_upgrade[abc-mock_response5-expected5] PASSED [ 69%]
tests/sonic_xcvr/test_cmis.py::TestCmis::test_module_fw_download_no_handler PASSED [ 69%]
tests/sonic_xcvr/test_cmis.py::TestCmis::test_module_fw_download_file_not_found PASSED [ 69%]
tests/sonic_xcvr/test_cmis.py::TestCmis::test_module_fw_download_start_fail PASSED [ 69%]
tests/sonic_xcvr/test_cmis.py::TestCmis::test_module_fw_download_start_password_retry_success PASSED [ 69%]
tests/sonic_xcvr/test_cmis.py::TestCmis::test_module_fw_download_lpl_success PASSED [ 69%]
tests/sonic_xcvr/test_cmis.py::TestCmis::test_module_fw_download_epl_success PASSED [ 69%]
tests/sonic_xcvr/test_cmis.py::TestCmis::test_module_fw_download_block_write_fail PASSED [ 69%]
tests/sonic_xcvr/test_cmis.py::TestCmis::test_module_fw_download_complete_fail PASSED [ 69%]
tests/sonic_xcvr/test_cmis.py::TestCmis::test_get_transceiver_info[mock_response0-expected0] PASSED [ 69%]
tests/sonic_xcvr/test_cmis.py::TestCmis::test_get_transceiver_dom_real_value[mock_response0-expected0] PASSED [ 69%]
tests/sonic_xcvr/test_cmis.py::TestCmis::test_get_transceiver_dom_real_value[mock_response1-None] PASSED [ 70%]
tests/sonic_xcvr/test_cmis.py::TestCmis::test_get_transceiver_dom_real_value[mock_response2-expected2] PASSED [ 70%]
tests/sonic_xcvr/test_cmis.py::TestCmis::test_get_transceiver_dom_flags[module_flag0-tx_power_flag_dict0-rx_power_flag_dict0-tx_bias_flag_dict0-aux_mon_types0-expected_result0] PASSED [ 70%]
tests/sonic_xcvr/test_cmis.py::TestCmis::test_get_transceiver_threshold_info[mock_response0-expected0] PASSED [ 70%]
tests/sonic_xcvr/test_cmis.py::TestCmis::test_get_transceiver_threshold_info[mock_response1-None] PASSED [ 70%]
tests/sonic_xcvr/test_cmis.py::TestCmis::test_get_transceiver_threshold_info[mock_response2-expected2] PASSED [ 70%]
tests/sonic_xcvr/test_cmis.py::TestCmis::test_get_transceiver_threshold_info[mock_response3-None] PASSED [ 70%]
tests/sonic_xcvr/test_cmis.py::TestCmis::test_get_transceiver_status[mock_response0-expected0] PASSED [ 70%]
tests/sonic_xcvr/test_cmis.py::TestCmis::test_get_transceiver_status[mock_response1-expected1] PASSED [ 70%]
tests/sonic_xcvr/test_cmis.py::TestCmis::test_get_transceiver_status_flags[module_faults0-tx_fault0-tx_los0-tx_cdr_lol0-tx_eq_fault0-rx_los0-rx_cdr_lol0-expected_result0] PASSED [ 70%]
tests/sonic_xcvr/test_cmis.py::TestCmis::test_get_transceiver_loopback[mock_response0-expected0] PASSED [ 70%]
tests/sonic_xcvr/test_cmis.py::TestCmis::test_get_transceiver_loopback[mock_response1-expected1] PASSED [ 70%]
tests/sonic_xcvr/test_cmis.py::TestCmis::test_get_transceiver_loopback[mock_response2-expected2] PASSED [ 70%]
tests/sonic_xcvr/test_cmis.py::TestCmis::test_get_transceiver_vdm_real_value[vdm_raw_dict0-expected_result0] PASSED [ 71%]
tests/sonic_xcvr/test_cmis.py::TestCmis::test_get_transceiver_vdm_real_value_basic[vdm_raw_dict0-expected_basic0] PASSED [ 71%]
tests/sonic_xcvr/test_cmis.py::TestCmis::test_get_transceiver_vdm_real_value_statistic[vdm_raw_dict0-expected_statistic0] PASSED [ 71%]
tests/sonic_xcvr/test_cmis.py::TestCmis::test_is_vdm_statistic_supported[True-True] PASSED [ 71%]
tests/sonic_xcvr/test_cmis.py::TestCmis::test_is_vdm_statistic_supported[False-False] PASSED [ 71%]
tests/sonic_xcvr/test_cmis.py::TestCmis::test_is_vdm_statistic_supported_vdm_none PASSED [ 71%]
tests/sonic_xcvr/test_cmis.py::TestCmis::test_get_transceiver_vdm_thresholds[vdm_raw_dict0-expected_result0] PASSED [ 71%]
tests/sonic_xcvr/test_cmis.py::TestCmis::test_get_transceiver_vdm_flags[vdm_raw_dict0-expected_result0] PASSED [ 71%]
tests/sonic_xcvr/test_cmis.py::TestCmis::test_cable_len PASSED           [ 71%]
tests/sonic_xcvr/test_cmis.py::TestCmis::test_set_datapath_init PASSED   [ 71%]
tests/sonic_xcvr/test_cmis.py::TestCmis::test_set_datapath_deinit PASSED [ 71%]
tests/sonic_xcvr/test_cmis.py::TestCmis::test_get_datapath_deinit[None-None] PASSED [ 71%]
tests/sonic_xcvr/test_cmis.py::TestCmis::test_get_datapath_deinit[0-expected1] PASSED [ 71%]
tests/sonic_xcvr/test_cmis.py::TestCmis::test_get_datapath_deinit[255-expected2] PASSED [ 72%]
tests/sonic_xcvr/test_cmis.py::TestCmis::test_get_datapath_deinit[15-expected3] PASSED [ 72%]
tests/sonic_xcvr/test_cmis.py::TestCmis::test_get_application_advertisement PASSED [ 72%]
tests/sonic_xcvr/test_cmis.py::TestCmis::test_get_application_advertisement_apps_with_missing_data PASSED [ 72%]
tests/sonic_xcvr/test_cmis.py::TestCmis::test_get_application_advertisement_non_support PASSED [ 72%]
tests/sonic_xcvr/test_cmis.py::TestCmis::test_get_application PASSED     [ 72%]
tests/sonic_xcvr/test_cmis.py::TestCmis::test_set_application PASSED     [ 72%]
tests/sonic_xcvr/test_cmis.py::TestCmis::test_decommission_all_datapaths[datapath_state0-config_state0] PASSED [ 72%]
tests/sonic_xcvr/test_cmis.py::TestCmis::test_set_module_si_eq_pre_settings PASSED [ 72%]
tests/sonic_xcvr/test_cmis.py::TestCmis::test_set_module_si_eq_en_settings PASSED [ 72%]
tests/sonic_xcvr/test_cmis.py::TestCmis::test_set_module_si_eq_recall_settings PASSED [ 72%]
tests/sonic_xcvr/test_cmis.py::TestCmis::test_set_module_si_eq_post_settings PASSED [ 72%]
tests/sonic_xcvr/test_cmis.py::TestCmis::test_set_module_si_fixed_en_settings PASSED [ 73%]
tests/sonic_xcvr/test_cmis.py::TestCmis::test_set_module_cdr_enable_tx_settings PASSED [ 73%]
tests/sonic_xcvr/test_cmis.py::TestCmis::test_set_module_cdr_enable_rx_settings PASSED [ 73%]
tests/sonic_xcvr/test_cmis.py::TestCmis::test_set_module_OutputAmplitudeTargetRx_settings PASSED [ 73%]
tests/sonic_xcvr/test_cmis.py::TestCmis::test_get_error_description PASSED [ 73%]
tests/sonic_xcvr/test_cmis.py::TestCmis::test_random_read_fail PASSED    [ 73%]
tests/sonic_xcvr/test_cmis.py::TestCmis::test_get_transceiver_info_firmware_versions PASSED [ 73%]
tests/sonic_xcvr/test_cmis.py::TestCmis::test_get_tx_adaptive_eq_fail_flag_supported[False-True-True] PASSED [ 73%]
tests/sonic_xcvr/test_cmis.py::TestCmis::test_get_tx_adaptive_eq_fail_flag_supported[False-False-False] PASSED [ 73%]
tests/sonic_xcvr/test_cmis.py::TestCmis::test_get_tx_adaptive_eq_fail_flag_supported[False-None-None] PASSED [ 73%]
tests/sonic_xcvr/test_cmis.py::TestCmis::test_get_tx_adaptive_eq_fail_flag_supported[True-True-False] PASSED [ 73%]
tests/sonic_xcvr/test_cmis.py::TestCmis::test_get_tx_adaptive_eq_fail_flag[mock_response0-expected0] PASSED [ 73%]
tests/sonic_xcvr/test_cmis.py::TestCmis::test_get_tx_adaptive_eq_fail_flag[mock_response1-expected1] PASSED [ 73%]
tests/sonic_xcvr/test_cmis.py::TestCmis::test_get_tx_adaptive_eq_fail_flag[mock_response2-None] PASSED [ 74%]
tests/sonic_xcvr/test_cmis.py::TestCmis::test_get_tx_adaptive_eq_fail_flag[mock_response3-None] PASSED [ 74%]
tests/sonic_xcvr/test_cmisVDM.py::TestVDM::test_get_F16[37376-0.000512] PASSED [ 74%]
tests/sonic_xcvr/test_cmisVDM.py::TestVDM::test_get_vdm_page[input_param0-mock_response0-expected0] PASSED [ 74%]
tests/sonic_xcvr/test_cmisVDM.py::TestVDM::test_get_vdm_page_none_vdm_value_raw[input_param0-mock_response0-expected0] PASSED [ 74%]
tests/sonic_xcvr/test_cmisVDM.py::TestVDM::test_get_vdm_page_none_vdm_descriptor[input_param0-mock_response0-expected0] PASSED [ 74%]
tests/sonic_xcvr/test_cmisVDM.py::TestVDM::test_get_vdm_page_observable_type_basic_only PASSED [ 74%]
tests/sonic_xcvr/test_cmisVDM.py::TestVDM::test_get_vdm_page_observable_type_statistic_only PASSED [ 74%]
tests/sonic_xcvr/test_cmisVDM.py::TestVDM::test_is_vdm_statistic_supported[0-None-None-False] PASSED [ 74%]
tests/sonic_xcvr/test_cmisVDM.py::TestVDM::test_is_vdm_statistic_supported[1-None-None-False] PASSED [ 74%]
tests/sonic_xcvr/test_cmisVDM.py::TestVDM::test_is_vdm_statistic_supported[1-0-descriptor2-False] PASSED [ 74%]
tests/sonic_xcvr/test_cmisVDM.py::TestVDM::test_is_vdm_statistic_supported[1-0-descriptor3-True] PASSED [ 74%]
tests/sonic_xcvr/test_cmisVDM.py::TestVDM::test_is_vdm_statistic_supported[1-0-None-False] PASSED [ 74%]
tests/sonic_xcvr/test_cmisVDM.py::TestVDM::test_get_vdm_allpage[mock_response0-expected0] PASSED [ 75%]
tests/sonic_xcvr/test_cmisVDM.py::TestVDM::test_get_vdm_allpage[mock_response1-None] PASSED [ 75%]
tests/sonic_xcvr/test_cmis_cache.py::TestReadOnlyCacheDecorator::test_get_model_caching PASSED [ 75%]
tests/sonic_xcvr/test_cmis_cache.py::TestReadOnlyCacheDecorator::test_get_cmis_rev_caching PASSED [ 75%]
tests/sonic_xcvr/test_cmis_cache.py::TestReadOnlyCacheDecorator::test_clear_cache_for_get_model PASSED [ 75%]
tests/sonic_xcvr/test_cmis_cache.py::TestReadOnlyCacheDecorator::test_clear_all_caches PASSED [ 75%]
tests/sonic_xcvr/test_cmis_cache.py::TestReadOnlyCacheDictAndListDecorator::test_get_application_advertisement_no_cache_if_empty PASSED [ 75%]
tests/sonic_xcvr/test_cmis_cache.py::TestReadOnlyCacheDictAndListDecorator::test_get_application_advertisement_caching_if_non_empty PASSED [ 75%]
tests/sonic_xcvr/test_cmis_cache.py::TestReadOnlyCacheDictAndListDecorator::test_clear_cache_for_get_application_advertisement PASSED [ 75%]
tests/sonic_xcvr/test_cmis_cache.py::TestCacheDisabled::test_get_model_not_cached PASSED [ 75%]
tests/sonic_xcvr/test_cmis_cache.py::TestCacheDisabled::test_get_application_advertisement_not_cached PASSED [ 75%]
tests/sonic_xcvr/test_cpo_base.py::TestOeBase::test_get_api_refreshes_when_none PASSED [ 75%]
tests/sonic_xcvr/test_cpo_base.py::TestOeBase::test_get_api_cached PASSED [ 75%]
tests/sonic_xcvr/test_cpo_base.py::TestElsfpBase::test_get_api_refreshes_when_none PASSED [ 76%]
tests/sonic_xcvr/test_cpo_base.py::TestElsfpBase::test_get_api_cached PASSED [ 76%]
tests/sonic_xcvr/test_cpo_base.py::TestCpoBase::test_init PASSED         [ 76%]
tests/sonic_xcvr/test_eeprom_rw.py::TestModuleEepromLowerMemoryInfo::test_get_id PASSED [ 76%]
tests/sonic_xcvr/test_eeprom_rw.py::TestModuleEepromLowerMemoryInfo::test_get_id_none PASSED [ 76%]
tests/sonic_xcvr/test_eeprom_rw.py::TestModuleEepromLowerMemoryInfo::test_get_revision_compliance PASSED [ 76%]
tests/sonic_xcvr/test_eeprom_rw.py::TestModuleEepromLowerMemoryInfo::test_get_revision_compliance_none PASSED [ 76%]
tests/sonic_xcvr/test_eeprom_rw.py::TestModuleEepromLowerMemoryInfo::test_get_vendor_name PASSED [ 76%]
tests/sonic_xcvr/test_eeprom_rw.py::TestModuleEepromLowerMemoryInfo::test_get_vendor_name_strips_padding PASSED [ 76%]
tests/sonic_xcvr/test_eeprom_rw.py::TestModuleEepromLowerMemoryInfo::test_get_vendor_name_ignores_undecodable_bytes PASSED [ 76%]
tests/sonic_xcvr/test_eeprom_rw.py::TestModuleEepromLowerMemoryInfo::test_get_vendor_name_none PASSED [ 76%]
tests/sonic_xcvr/test_eeprom_rw.py::TestModuleEepromLowerMemoryInfo::test_get_vendor_part_num PASSED [ 76%]
tests/sonic_xcvr/test_eeprom_rw.py::TestModuleEepromLowerMemoryInfo::test_get_vendor_part_num_strips_padding PASSED [ 76%]
tests/sonic_xcvr/test_eeprom_rw.py::TestModuleEepromLowerMemoryInfo::test_get_vendor_part_num_none PASSED [ 77%]
tests/sonic_xcvr/test_eeprom_rw.py::TestModuleEepromLowerMemoryInfo::test_offset_shifts_all_reads PASSED [ 77%]
tests/sonic_xcvr/test_elsfp.py::TestElsfpApiFactory::test_create_api_davisson PASSED [ 77%]
tests/sonic_xcvr/test_elsfp.py::TestElsfpMemMap::test_inherits_cmis_flat_pages PASSED [ 77%]
tests/sonic_xcvr/test_elsfp.py::TestElsfpMemMap::test_expected_pages_present[1] PASSED [ 77%]
tests/sonic_xcvr/test_elsfp.py::TestElsfpMemMap::test_expected_pages_present[2] PASSED [ 77%]
tests/sonic_xcvr/test_elsfp.py::TestElsfpMemMap::test_expected_pages_present[26] PASSED [ 77%]
tests/sonic_xcvr/test_elsfp.py::TestElsfpMemMap::test_expected_pages_present[27] PASSED [ 77%]
tests/sonic_xcvr/test_elsfp.py::TestElsfpMemMap::test_expected_pages_present[47] PASSED [ 77%]
tests/sonic_xcvr/test_elsfp.py::TestElsfpMemMap::test_expected_pages_present[159] PASSED [ 77%]
tests/sonic_xcvr/test_elsfp.py::TestElsfpMemMap::test_lane_datapath_pages_excluded[16] PASSED [ 77%]
tests/sonic_xcvr/test_elsfp.py::TestElsfpMemMap::test_lane_datapath_pages_excluded[17] PASSED [ 77%]
tests/sonic_xcvr/test_elsfp.py::TestElsfpMemMap::test_lane_datapath_pages_excluded[18] PASSED [ 77%]
tests/sonic_xcvr/test_elsfp.py::TestElsfpMemMap::test_lane_datapath_pages_excluded[19] PASSED [ 78%]
tests/sonic_xcvr/test_elsfp.py::TestElsfpMemMap::test_field_resolvable[ModuleFunctionType] PASSED [ 78%]
tests/sonic_xcvr/test_elsfp.py::TestElsfpMemMap::test_field_resolvable[Advertising] PASSED [ 78%]
tests/sonic_xcvr/test_elsfp.py::TestElsfpMemMap::test_field_resolvable[Thresholds] PASSED [ 78%]
tests/sonic_xcvr/test_elsfp.py::TestElsfpMemMap::test_field_resolvable[ElsfpModuleAdvertisements] PASSED [ 78%]
tests/sonic_xcvr/test_elsfp.py::TestElsfpMemMap::test_field_resolvable[ElsfpLaneFaultsWarnings] PASSED [ 78%]
tests/sonic_xcvr/test_elsfp.py::TestElsfpMemMap::test_field_resolvable[ElsfpLaserSaveRestore] PASSED [ 78%]
tests/sonic_xcvr/test_elsfp.py::TestElsfpMemMap::test_field_resolvable[ElsfpAlarmsWarningsMasks] PASSED [ 78%]
tests/sonic_xcvr/test_elsfp.py::TestElsfpMemMap::test_field_resolvable[ElsfpLaneControls] PASSED [ 78%]
tests/sonic_xcvr/test_elsfp.py::TestElsfpMemMap::test_field_resolvable[ElsfpOutputFiberChecked] PASSED [ 78%]
tests/sonic_xcvr/test_elsfp.py::TestElsfpMemMap::test_field_resolvable[ElsfpLaneMappingFreqPower] PASSED [ 78%]
tests/sonic_xcvr/test_elsfp.py::TestElsfpMemMap::test_field_resolvable[ElsfpSetpoints] PASSED [ 78%]
tests/sonic_xcvr/test_elsfp.py::TestElsfpMemMap::test_field_resolvable[ElsfpMonitors] PASSED [ 78%]
tests/sonic_xcvr/test_elsfp.py::TestElsfpCodes::test_inherits_cmis_codes PASSED [ 79%]
tests/sonic_xcvr/test_elsfp.py::TestElsfpCodes::test_elsfp_specific_codes_present PASSED [ 79%]
tests/sonic_xcvr/test_elsfp.py::TestModuleAdvertisements::test_read_only_fields[get_max_optical_power-128-1000-10.0] PASSED [ 79%]
tests/sonic_xcvr/test_elsfp.py::TestModuleAdvertisements::test_read_only_fields[get_min_optical_power-130-500-5.0] PASSED [ 79%]
tests/sonic_xcvr/test_elsfp.py::TestModuleAdvertisements::test_read_only_fields[get_max_laser_bias-132-1000-0.1] PASSED [ 79%]
tests/sonic_xcvr/test_elsfp.py::TestModuleAdvertisements::test_read_only_fields[get_min_laser_bias-134-500-0.05] PASSED [ 79%]
tests/sonic_xcvr/test_elsfp.py::TestModuleAdvertisements::test_read_only_fields[get_laser_bias_high_alarm-141-1000-0.1] PASSED [ 79%]
tests/sonic_xcvr/test_elsfp.py::TestModuleAdvertisements::test_read_only_fields[get_laser_bias_low_alarm-143-500-0.05] PASSED [ 79%]
tests/sonic_xcvr/test_elsfp.py::TestModuleAdvertisements::test_read_only_fields[get_laser_bias_high_warn-145-1000-0.1] PASSED [ 79%]
tests/sonic_xcvr/test_elsfp.py::TestModuleAdvertisements::test_read_only_fields[get_laser_bias_low_warn-147-500-0.05] PASSED [ 79%]
tests/sonic_xcvr/test_elsfp.py::TestModuleAdvertisements::test_read_only_fields[get_optical_power_high_alarm-149-1000-10.0] PASSED [ 79%]
tests/sonic_xcvr/test_elsfp.py::TestModuleAdvertisements::test_read_only_fields[get_optical_power_low_alarm-151-500-5.0] PASSED [ 79%]
tests/sonic_xcvr/test_elsfp.py::TestModuleAdvertisements::test_read_only_fields[get_optical_power_high_warn-153-1000-10.0] PASSED [ 79%]
tests/sonic_xcvr/test_elsfp.py::TestModuleAdvertisements::test_read_only_fields[get_optical_power_low_warn-155-500-5.0] PASSED [ 80%]
tests/sonic_xcvr/test_elsfp.py::TestModuleAdvertisements::test_get_control_mode_acc PASSED [ 80%]
tests/sonic_xcvr/test_elsfp.py::TestModuleAdvertisements::test_get_control_mode_apc PASSED [ 80%]
tests/sonic_xcvr/test_elsfp.py::TestModuleAdvertisements::test_get_lane_count PASSED [ 80%]
tests/sonic_xcvr/test_elsfp.py::TestLaneFaultsWarnings::test_lane_summary_fault_set PASSED [ 80%]
tests/sonic_xcvr/test_elsfp.py::TestLaneFaultsWarnings::test_lane_summary_fault_clear PASSED [ 80%]
tests/sonic_xcvr/test_elsfp.py::TestLaneFaultsWarnings::test_lane_summary_warning_set PASSED [ 80%]
tests/sonic_xcvr/test_elsfp.py::TestLaneFaultsWarnings::test_lane_summary_warning_clear PASSED [ 80%]
tests/sonic_xcvr/test_elsfp.py::TestLaneFaultsWarnings::test_per_lane_fault_flags PASSED [ 80%]
tests/sonic_xcvr/test_elsfp.py::TestLaneFaultsWarnings::test_per_lane_warn_flags PASSED [ 80%]
tests/sonic_xcvr/test_elsfp.py::TestLaserSaveRestore::test_write_save_restore_command[SaveRestoreCommand.SAVE_SET1_LANE_CONTROLS] PASSED [ 80%]
tests/sonic_xcvr/test_elsfp.py::TestLaserSaveRestore::test_write_save_restore_command[SaveRestoreCommand.SAVE_SET2_LANE_CONTROLS] PASSED [ 80%]
tests/sonic_xcvr/test_elsfp.py::TestLaserSaveRestore::test_write_save_restore_command[SaveRestoreCommand.RESTORE_FACTORY_SETTINGS_FOR_LANE_CONTROLS] PASSED [ 80%]
tests/sonic_xcvr/test_elsfp.py::TestLaserSaveRestore::test_write_save_restore_command[SaveRestoreCommand.RESTORE_SET1_LANE_CONTROLS] PASSED [ 81%]
tests/sonic_xcvr/test_elsfp.py::TestLaserSaveRestore::test_write_save_restore_command[SaveRestoreCommand.RESTORE_SET2_LANE_CONTROLS] PASSED [ 81%]
tests/sonic_xcvr/test_elsfp.py::TestLaserSaveRestore::test_write_save_restore_command[SaveRestoreCommand.SAVE_SET1_ALARM_WARNING_MASKS] PASSED [ 81%]
tests/sonic_xcvr/test_elsfp.py::TestLaserSaveRestore::test_write_save_restore_command[SaveRestoreCommand.SAVE_SET2_ALARM_WARNING_MASKS] PASSED [ 81%]
tests/sonic_xcvr/test_elsfp.py::TestLaserSaveRestore::test_write_save_restore_command[SaveRestoreCommand.RESTORE_FACTORY_SETTINGS_FOR_FLAGS_AND_WARNINGS] PASSED [ 81%]
tests/sonic_xcvr/test_elsfp.py::TestLaserSaveRestore::test_write_save_restore_command[SaveRestoreCommand.RESTORE_SET1_ALARM_WARNING_MASKS] PASSED [ 81%]
tests/sonic_xcvr/test_elsfp.py::TestLaserSaveRestore::test_write_save_restore_command[SaveRestoreCommand.RESTORE_SET2_ALARM_WARNING_MASKS] PASSED [ 81%]
tests/sonic_xcvr/test_elsfp.py::TestLaserSaveRestore::test_get_save_restore_confirmation[1-SaveRestoreConfirmationCode.SUCCESS] PASSED [ 81%]
tests/sonic_xcvr/test_elsfp.py::TestLaserSaveRestore::test_get_save_restore_confirmation[2-SaveRestoreConfirmationCode.IN_PROGRESS] PASSED [ 81%]
tests/sonic_xcvr/test_elsfp.py::TestLaserSaveRestore::test_get_save_restore_confirmation[3-SaveRestoreConfirmationCode.INVALID_COMMAND] PASSED [ 81%]
tests/sonic_xcvr/test_elsfp.py::TestLaserSaveRestore::test_get_save_restore_confirmation[4-SaveRestoreConfirmationCode.NO_RELEVANT_SAVED_CONTENT] PASSED [ 81%]
tests/sonic_xcvr/test_elsfp.py::TestLaserSaveRestore::test_get_save_restore_confirmation[8-SaveRestoreConfirmationCode.FAILED] PASSED [ 81%]
tests/sonic_xcvr/test_elsfp.py::TestBankedAlarmsWarningsMasks::test_alarm_indexed_field[get_per_lane_high_bias_alarms-186-5] PASSED [ 82%]
tests/sonic_xcvr/test_elsfp.py::TestBankedAlarmsWarningsMasks::test_alarm_indexed_field[get_per_lane_low_bias_alarms-187-10] PASSED [ 82%]
tests/sonic_xcvr/test_elsfp.py::TestBankedAlarmsWarningsMasks::test_alarm_indexed_field[get_per_lane_high_bias_warnings-188-3] PASSED [ 82%]
tests/sonic_xcvr/test_elsfp.py::TestBankedAlarmsWarningsMasks::test_alarm_indexed_field[get_per_lane_low_bias_warnings-189-255] PASSED [ 82%]
tests/sonic_xcvr/test_elsfp.py::TestBankedAlarmsWarningsMasks::test_alarm_indexed_field[get_per_lane_high_power_alarms-190-5] PASSED [ 82%]
tests/sonic_xcvr/test_elsfp.py::TestBankedAlarmsWarningsMasks::test_alarm_indexed_field[get_per_lane_low_power_alarms-191-10] PASSED [ 82%]
tests/sonic_xcvr/test_elsfp.py::TestBankedAlarmsWarningsMasks::test_alarm_indexed_field[get_per_lane_high_power_warnings-192-3] PASSED [ 82%]
tests/sonic_xcvr/test_elsfp.py::TestBankedAlarmsWarningsMasks::test_alarm_indexed_field[get_per_lane_low_power_warnings-193-255] PASSED [ 82%]
tests/sonic_xcvr/test_elsfp.py::TestBankedAlarmsWarningsMasks::test_mask_set[set_per_lane_high_bias_alarm_mask-get_per_lane_high_bias_alarm_mask] PASSED [ 82%]
tests/sonic_xcvr/test_elsfp.py::TestBankedAlarmsWarningsMasks::test_mask_set[set_per_lane_low_bias_alarm_mask-get_per_lane_low_bias_alarm_mask] PASSED [ 82%]
tests/sonic_xcvr/test_elsfp.py::TestBankedAlarmsWarningsMasks::test_mask_set[set_per_lane_high_bias_warning_mask-get_per_lane_high_bias_warning_mask] PASSED [ 82%]
tests/sonic_xcvr/test_elsfp.py::TestBankedAlarmsWarningsMasks::test_mask_set[set_per_lane_low_bias_warning_mask-get_per_lane_low_bias_warning_mask] PASSED [ 82%]
tests/sonic_xcvr/test_elsfp.py::TestBankedAlarmsWarningsMasks::test_mask_set[set_per_lane_high_power_alarm_mask-get_per_lane_high_power_alarm_mask] PASSED [ 82%]
tests/sonic_xcvr/test_elsfp.py::TestBankedAlarmsWarningsMasks::test_mask_set[set_per_lane_low_power_alarm_mask-get_per_lane_low_power_alarm_mask] PASSED [ 83%]
tests/sonic_xcvr/test_elsfp.py::TestBankedAlarmsWarningsMasks::test_mask_set[set_per_lane_high_power_warning_mask-get_per_lane_high_power_warning_mask] PASSED [ 83%]
tests/sonic_xcvr/test_elsfp.py::TestBankedAlarmsWarningsMasks::test_mask_set[set_per_lane_low_power_warning_mask-get_per_lane_low_power_warning_mask] PASSED [ 83%]
tests/sonic_xcvr/test_elsfp.py::TestBankedAlarmsWarningsMasks::test_mask_set[set_per_lane_global_alarm_mask-get_per_lane_global_alarm_mask] PASSED [ 83%]
tests/sonic_xcvr/test_elsfp.py::TestBankedAlarmsWarningsMasks::test_mask_set[set_per_lane_global_warn_mask-get_per_lane_global_warn_mask] PASSED [ 83%]
tests/sonic_xcvr/test_elsfp.py::TestBankedAlarmsWarningsMasks::test_mask_clear[set_per_lane_high_bias_alarm_mask-get_per_lane_high_bias_alarm_mask] PASSED [ 83%]
tests/sonic_xcvr/test_elsfp.py::TestBankedAlarmsWarningsMasks::test_mask_clear[set_per_lane_low_bias_alarm_mask-get_per_lane_low_bias_alarm_mask] PASSED [ 83%]
tests/sonic_xcvr/test_elsfp.py::TestBankedAlarmsWarningsMasks::test_mask_clear[set_per_lane_high_bias_warning_mask-get_per_lane_high_bias_warning_mask] PASSED [ 83%]
tests/sonic_xcvr/test_elsfp.py::TestBankedAlarmsWarningsMasks::test_mask_clear[set_per_lane_low_bias_warning_mask-get_per_lane_low_bias_warning_mask] PASSED [ 83%]
tests/sonic_xcvr/test_elsfp.py::TestBankedAlarmsWarningsMasks::test_mask_clear[set_per_lane_high_power_alarm_mask-get_per_lane_high_power_alarm_mask] PASSED [ 83%]
tests/sonic_xcvr/test_elsfp.py::TestBankedAlarmsWarningsMasks::test_mask_clear[set_per_lane_low_power_alarm_mask-get_per_lane_low_power_alarm_mask] PASSED [ 83%]
tests/sonic_xcvr/test_elsfp.py::TestBankedAlarmsWarningsMasks::test_mask_clear[set_per_lane_high_power_warning_mask-get_per_lane_high_power_warning_mask] PASSED [ 83%]
tests/sonic_xcvr/test_elsfp.py::TestBankedAlarmsWarningsMasks::test_mask_clear[set_per_lane_low_power_warning_mask-get_per_lane_low_power_warning_mask] PASSED [ 83%]
tests/sonic_xcvr/test_elsfp.py::TestBankedAlarmsWarningsMasks::test_mask_clear[set_per_lane_global_alarm_mask-get_per_lane_global_alarm_mask] PASSED [ 84%]
tests/sonic_xcvr/test_elsfp.py::TestBankedAlarmsWarningsMasks::test_mask_clear[set_per_lane_global_warn_mask-get_per_lane_global_warn_mask] PASSED [ 84%]
tests/sonic_xcvr/test_elsfp.py::TestBankedAlarmsWarningsMasks::test_per_lane_fault_code PASSED [ 84%]
tests/sonic_xcvr/test_elsfp.py::TestBankedAlarmsWarningsMasks::test_per_lane_warning_code PASSED [ 84%]
tests/sonic_xcvr/test_elsfp.py::TestBankedLaneControls::test_lane_enable_set PASSED [ 84%]
tests/sonic_xcvr/test_elsfp.py::TestBankedLaneControls::test_lane_enable_clear PASSED [ 84%]
tests/sonic_xcvr/test_elsfp.py::TestBankedLaneControls::test_lane_mask_out_of_range_raises PASSED [ 84%]
tests/sonic_xcvr/test_elsfp.py::TestBankedLaneControls::test_per_lane_state PASSED [ 84%]
tests/sonic_xcvr/test_elsfp.py::TestOutputFiberChecked::test_get_per_lane_output_fiber_checked PASSED [ 84%]
tests/sonic_xcvr/test_elsfp.py::TestOutputFiberChecked::test_set_per_lane_output_fiber_checked PASSED [ 84%]
tests/sonic_xcvr/test_elsfp.py::TestLaneMappingFreqPower::test_lane_to_fiber_mapping PASSED [ 84%]
tests/sonic_xcvr/test_elsfp.py::TestLaneMappingFreqPower::test_per_lane_freq PASSED [ 84%]
tests/sonic_xcvr/test_elsfp.py::TestLaneMappingFreqPower::test_opt_check_power_setpoint PASSED [ 84%]
tests/sonic_xcvr/test_elsfp.py::TestBankedSetpoints::test_bias_current_setpoint_roundtrip PASSED [ 85%]
tests/sonic_xcvr/test_elsfp.py::TestBankedSetpoints::test_bias_current_setpoint_two_lanes_independent PASSED [ 85%]
tests/sonic_xcvr/test_elsfp.py::TestBankedSetpoints::test_opt_power_setpoint_roundtrip PASSED [ 85%]
tests/sonic_xcvr/test_elsfp.py::TestBankedSetpoints::test_opt_power_setpoint_two_lanes_independent PASSED [ 85%]
tests/sonic_xcvr/test_elsfp.py::TestBankedMonitors::test_bias_current_monitor PASSED [ 85%]
tests/sonic_xcvr/test_elsfp.py::TestBankedMonitors::test_opt_power_monitor PASSED [ 85%]
tests/sonic_xcvr/test_elsfp.py::TestBankedMonitors::test_voltage_monitor PASSED [ 85%]
tests/sonic_xcvr/test_elsfp.py::TestBankedMonitors::test_icc_monitor PASSED [ 85%]
tests/sonic_xcvr/test_fr_800g.py::TestCmisFr800gApi::test_get_transceiver_info_firmware_versions PASSED [ 85%]
tests/sonic_xcvr/test_oe.py::TestOeApiFactory::test_create_api_davisson PASSED [ 85%]
tests/sonic_xcvr/test_sff8436.py::TestSff8436::test_api PASSED           [ 85%]
tests/sonic_xcvr/test_sff8436.py::TestSff8436::test_power_class[mock_response0-Power Class 1 Module (1.5W max. Power consumption)] PASSED [ 85%]
tests/sonic_xcvr/test_sff8436.py::TestSff8436::test_power_class[mock_response1-Power Class 2 Module (2.0W max. Power consumption)] PASSED [ 85%]
tests/sonic_xcvr/test_sff8436.py::TestSff8436::test_power_class[mock_response2-Power Class 3 Module (2.5W max. Power consumption)] PASSED [ 86%]
tests/sonic_xcvr/test_sff8436.py::TestSff8436::test_power_class[mock_response3-Power Class 4 Module (3.5W max. Power consumption)] PASSED [ 86%]
tests/sonic_xcvr/test_sff8436.py::TestSff8436::test_fiber_channel_transmitter_tech[mock_response0-Longwave laser (LC)] PASSED [ 86%]
tests/sonic_xcvr/test_sff8436.py::TestSff8436::test_fiber_channel_transmitter_tech[mock_response1-Electrical inter-enclosure (EN)] PASSED [ 86%]
tests/sonic_xcvr/test_sff8436.py::TestSff8436::test_fiber_channel_transmitter_tech[mock_response2-Electrical intra-enclosure] PASSED [ 86%]
tests/sonic_xcvr/test_sff8436.py::TestSff8436::test_fiber_channel_transmitter_tech[mock_response3-Shortwave laser w/o OFC (SN)] PASSED [ 86%]
tests/sonic_xcvr/test_sff8436.py::TestSff8436::test_fiber_channel_transmitter_tech[mock_response4-Shortwave laser w OFC (SL)] PASSED [ 86%]
tests/sonic_xcvr/test_sff8436.py::TestSff8436::test_fiber_channel_transmitter_tech[mock_response5-Longwave Laser (LL)] PASSED [ 86%]
tests/sonic_xcvr/test_sff8436.py::TestSff8436::test_is_copper PASSED     [ 86%]
tests/sonic_xcvr/test_sff8436.py::TestSff8436::test_simulate_copper PASSED [ 86%]
tests/sonic_xcvr/test_sff8436.py::TestSff8436::test_random_read_fail PASSED [ 86%]
tests/sonic_xcvr/test_sff8436.py::TestSff8436::test_get_lpmode PASSED    [ 86%]
tests/sonic_xcvr/test_sff8436.py::TestSff8436::test_set_lpmode PASSED    [ 86%]
tests/sonic_xcvr/test_sff8436.py::TestSff8436::test_get_transceiver_status[mock_response0-expected0] PASSED [ 87%]
tests/sonic_xcvr/test_sff8436.py::TestSff8436::test_get_transceiver_status[mock_response1-None] PASSED [ 87%]
tests/sonic_xcvr/test_sff8436.py::TestSff8436::test_get_transceiver_status_flags[mock_response0-expected0] PASSED [ 87%]
tests/sonic_xcvr/test_sff8436.py::TestSff8436::test_get_transceiver_status_flags[mock_response1-None] PASSED [ 87%]
tests/sonic_xcvr/test_sff8436.py::TestSff8436::test_get_transceiver_dom_real_value[mock_response0-expected0] PASSED [ 87%]
tests/sonic_xcvr/test_sff8472.py::TestSff8472::test_api PASSED           [ 87%]
tests/sonic_xcvr/test_sff8472.py::TestSff8472::test_temp PASSED          [ 87%]
tests/sonic_xcvr/test_sff8472.py::TestSff8472::test_voltage PASSED       [ 87%]
tests/sonic_xcvr/test_sff8472.py::TestSff8472::test_tx_bias PASSED       [ 87%]
tests/sonic_xcvr/test_sff8472.py::TestSff8472::test_tx_power PASSED      [ 87%]
tests/sonic_xcvr/test_sff8472.py::TestSff8472::test_rx_power PASSED      [ 87%]
tests/sonic_xcvr/test_sff8472.py::TestSff8472::test_fiber_channel_transmitter_tech[mock_response0-Shortwave laser, linear RX (SA)] PASSED [ 87%]
tests/sonic_xcvr/test_sff8472.py::TestSff8472::test_fiber_channel_transmitter_tech[mock_response1-Longwave laser (LC)] PASSED [ 87%]
tests/sonic_xcvr/test_sff8472.py::TestSff8472::test_fiber_channel_transmitter_tech[mock_response2-Electrical inter-enclosure (EL)] PASSED [ 88%]
tests/sonic_xcvr/test_sff8472.py::TestSff8472::test_fiber_channel_transmitter_tech[mock_response3-Electrical intra-enclosure (EL)] PASSED [ 88%]
tests/sonic_xcvr/test_sff8472.py::TestSff8472::test_fiber_channel_transmitter_tech[mock_response4-Shortwave laser w/o OFC (SN)] PASSED [ 88%]
tests/sonic_xcvr/test_sff8472.py::TestSff8472::test_fiber_channel_transmitter_tech[mock_response5-Shortwave laser w OFC (SL)] PASSED [ 88%]
tests/sonic_xcvr/test_sff8472.py::TestSff8472::test_fiber_channel_transmitter_tech[mock_response6-Longwave Laser (LL)] PASSED [ 88%]
tests/sonic_xcvr/test_sff8472.py::TestSff8472::test_random_read_fail PASSED [ 88%]
tests/sonic_xcvr/test_sff8472.py::TestSff8472::test_get_transceiver_status[mock_response0-expected0] PASSED [ 88%]
tests/sonic_xcvr/test_sff8472.py::TestSff8472::test_get_transceiver_status[mock_response1-None] PASSED [ 88%]
tests/sonic_xcvr/test_sff8472.py::TestSff8472::test_get_transceiver_status_flags[mock_response0-expected0] PASSED [ 88%]
tests/sonic_xcvr/test_sff8472.py::TestSff8472::test_get_transceiver_status_flags[mock_response1-None] PASSED [ 88%]
tests/sonic_xcvr/test_sff8472.py::TestSff8472::test_get_transceiver_dom_real_value[mock_response0-expected0] PASSED [ 88%]
tests/sonic_xcvr/test_sff8472.py::TestSff8472::test_get_lpmode PASSED    [ 88%]
tests/sonic_xcvr/test_sff8472.py::TestSff8472::test_set_lpmode PASSED    [ 88%]
tests/sonic_xcvr/test_sff8636.py::TestSff8636::test_api PASSED           [ 89%]
tests/sonic_xcvr/test_sff8636.py::TestSff8636::test_power_class[mock_response0-Power Class 1 Module (1.5W max.)] PASSED [ 89%]
tests/sonic_xcvr/test_sff8636.py::TestSff8636::test_power_class[mock_response1-Power Class 2 Module (2.0W max.)] PASSED [ 89%]
tests/sonic_xcvr/test_sff8636.py::TestSff8636::test_power_class[mock_response2-Power Class 3 Module (2.5W max.)] PASSED [ 89%]
tests/sonic_xcvr/test_sff8636.py::TestSff8636::test_power_class[mock_response3-Power Class 4 Module (3.5W max.)] PASSED [ 89%]
tests/sonic_xcvr/test_sff8636.py::TestSff8636::test_power_class[mock_response4-Power Class 5 Module (4.0W max.)] PASSED [ 89%]
tests/sonic_xcvr/test_sff8636.py::TestSff8636::test_power_class[mock_response5-Power Class 6 Module (4.5W max.)] PASSED [ 89%]
tests/sonic_xcvr/test_sff8636.py::TestSff8636::test_power_class[mock_response6-Power Class 7 Module (5.0W max.)] PASSED [ 89%]
tests/sonic_xcvr/test_sff8636.py::TestSff8636::test_power_class[mock_response7-Power Class 8 Module] PASSED [ 89%]
tests/sonic_xcvr/test_sff8636.py::TestSff8636::test_fiber_channel_transmitter_tech[mock_response0-Longwave laser (LC)] PASSED [ 89%]
tests/sonic_xcvr/test_sff8636.py::TestSff8636::test_fiber_channel_transmitter_tech[mock_response1-Electrical inter-enclosure (EN)] PASSED [ 89%]
tests/sonic_xcvr/test_sff8636.py::TestSff8636::test_fiber_channel_transmitter_tech[mock_response2-Electrical intra-enclosure] PASSED [ 89%]
tests/sonic_xcvr/test_sff8636.py::TestSff8636::test_fiber_channel_transmitter_tech[mock_response3-Shortwave laser w/o OFC (SN)] PASSED [ 89%]
tests/sonic_xcvr/test_sff8636.py::TestSff8636::test_fiber_channel_transmitter_tech[mock_response4-Shortwave laser w OFC (SL)] PASSED [ 90%]
tests/sonic_xcvr/test_sff8636.py::TestSff8636::test_fiber_channel_transmitter_tech[mock_response5-Longwave Laser (LL)] PASSED [ 90%]
tests/sonic_xcvr/test_sff8636.py::TestSff8636::test_is_copper PASSED     [ 90%]
tests/sonic_xcvr/test_sff8636.py::TestSff8636::test_simulate_copper PASSED [ 90%]
tests/sonic_xcvr/test_sff8636.py::TestSff8636::test_random_read_fail PASSED [ 90%]
tests/sonic_xcvr/test_sff8636.py::TestSff8636::test_get_lpmode PASSED    [ 90%]
tests/sonic_xcvr/test_sff8636.py::TestSff8636::test_set_lpmode PASSED    [ 90%]
tests/sonic_xcvr/test_sff8636.py::TestSff8636::test_set_high_power_class PASSED [ 90%]
tests/sonic_xcvr/test_sff8636.py::TestSff8636::test_get_power_class PASSED [ 90%]
tests/sonic_xcvr/test_sff8636.py::TestSff8636::test_get_transceiver_status[mock_response0-expected0] PASSED [ 90%]
tests/sonic_xcvr/test_sff8636.py::TestSff8636::test_get_transceiver_status[mock_response1-None] PASSED [ 90%]
tests/sonic_xcvr/test_sff8636.py::TestSff8636::test_get_transceiver_status_flags[mock_response0-expected0] PASSED [ 90%]
tests/sonic_xcvr/test_sff8636.py::TestSff8636::test_get_transceiver_status_flags[mock_response1-None] PASSED [ 91%]
tests/sonic_xcvr/test_sff8636.py::TestSff8636::test_get_transceiver_dom_real_value[mock_response0-expected0] PASSED [ 91%]
tests/sonic_xcvr/test_sfp_base.py::test_remove_xcvr_api_and_refresh PASSED [ 91%]
tests/sonic_xcvr/test_sfp_base.py::test_old_api_handle_survives_remove_xcvr_api PASSED [ 91%]
tests/sonic_xcvr/test_sfp_optoe_base.py::TestSfpOptoeBase::test_is_transceiver_vdm_supported_non_cmis PASSED [ 91%]
tests/sonic_xcvr/test_sfp_optoe_base.py::TestSfpOptoeBase::test_is_vdm_statistic_supported_non_cmis PASSED [ 91%]
tests/sonic_xcvr/test_sfp_optoe_base.py::TestSfpOptoeBase::test_get_transceiver_vdm_real_value_basic_non_cmis PASSED [ 91%]
tests/sonic_xcvr/test_sfp_optoe_base.py::TestSfpOptoeBase::test_get_transceiver_vdm_real_value_statistic_non_cmis PASSED [ 91%]
tests/sonic_xcvr/test_sfp_optoe_base.py::TestSfpOptoeBase::test_freeze_vdm_stats[0-mock_response20-0] PASSED [ 91%]
tests/sonic_xcvr/test_sfp_optoe_base.py::TestSfpOptoeBase::test_freeze_vdm_stats[1-mock_response21-1] PASSED [ 91%]
tests/sonic_xcvr/test_sfp_optoe_base.py::TestSfpOptoeBase::test_freeze_vdm_stats[None-None-False] PASSED [ 91%]
tests/sonic_xcvr/test_sfp_optoe_base.py::TestSfpOptoeBase::test_freeze_vdm_stats[False-mock_response23-False] PASSED [ 91%]
tests/sonic_xcvr/test_sfp_optoe_base.py::TestSfpOptoeBase::test_unfreeze_vdm_stats[0-mock_response20-0] PASSED [ 91%]
tests/sonic_xcvr/test_sfp_optoe_base.py::TestSfpOptoeBase::test_unfreeze_vdm_stats[1-mock_response21-1] PASSED [ 92%]
tests/sonic_xcvr/test_sfp_optoe_base.py::TestSfpOptoeBase::test_unfreeze_vdm_stats[None-None-False] PASSED [ 92%]
tests/sonic_xcvr/test_sfp_optoe_base.py::TestSfpOptoeBase::test_unfreeze_vdm_stats[False-mock_response23-False] PASSED [ 92%]
tests/sonic_xcvr/test_sfp_optoe_base.py::TestSfpOptoeBase::test_get_rx_disable_channel[0-mock_response20-0] PASSED [ 92%]
tests/sonic_xcvr/test_sfp_optoe_base.py::TestSfpOptoeBase::test_get_rx_disable_channel[1-mock_response21-1] PASSED [ 92%]
tests/sonic_xcvr/test_sfp_optoe_base.py::TestSfpOptoeBase::test_get_rx_disable_channel[None-None-None] PASSED [ 92%]
tests/sonic_xcvr/test_sfp_optoe_base.py::TestSfpOptoeBase::test_get_rx_disable_channel[False-mock_response23-False] PASSED [ 92%]
tests/sonic_xcvr/test_sfp_optoe_base.py::TestSfpOptoeBase::test_get_vdm_freeze_status[0-mock_response20-0] PASSED [ 92%]
tests/sonic_xcvr/test_sfp_optoe_base.py::TestSfpOptoeBase::test_get_vdm_freeze_status[1-mock_response21-1] PASSED [ 92%]
tests/sonic_xcvr/test_sfp_optoe_base.py::TestSfpOptoeBase::test_get_vdm_freeze_status[None-None-False] PASSED [ 92%]
tests/sonic_xcvr/test_sfp_optoe_base.py::TestSfpOptoeBase::test_get_vdm_freeze_status[False-mock_response23-False] PASSED [ 92%]
tests/sonic_xcvr/test_sfp_optoe_base.py::TestSfpOptoeBase::test_get_vdm_unfreeze_status[0-mock_response20-0] PASSED [ 92%]
tests/sonic_xcvr/test_sfp_optoe_base.py::TestSfpOptoeBase::test_get_vdm_unfreeze_status[1-mock_response21-1] PASSED [ 92%]
tests/sonic_xcvr/test_sfp_optoe_base.py::TestSfpOptoeBase::test_get_vdm_unfreeze_status[None-None-False] PASSED [ 93%]
tests/sonic_xcvr/test_sfp_optoe_base.py::TestSfpOptoeBase::test_get_vdm_unfreeze_status[False-mock_response23-False] PASSED [ 93%]
tests/sonic_xcvr/test_sfp_optoe_base.py::TestSfpOptoeBase::test_is_vdm_statistic_supported[True-mock_response20-True] PASSED [ 93%]
tests/sonic_xcvr/test_sfp_optoe_base.py::TestSfpOptoeBase::test_is_vdm_statistic_supported[False-mock_response21-False] PASSED [ 93%]
tests/sonic_xcvr/test_sfp_optoe_base.py::TestSfpOptoeBase::test_is_vdm_statistic_supported[None-None-None] PASSED [ 93%]
tests/sonic_xcvr/test_sfp_optoe_base.py::TestSfpOptoeBase::test_get_transceiver_vdm_real_value_basic[mock_response10-mock_response20-expected0] PASSED [ 93%]
tests/sonic_xcvr/test_sfp_optoe_base.py::TestSfpOptoeBase::test_get_transceiver_vdm_real_value_basic[None-mock_response21-None] PASSED [ 93%]
tests/sonic_xcvr/test_sfp_optoe_base.py::TestSfpOptoeBase::test_get_transceiver_vdm_real_value_basic[None-None-None] PASSED [ 93%]
tests/sonic_xcvr/test_sfp_optoe_base.py::TestSfpOptoeBase::test_get_transceiver_vdm_real_value_statistic[mock_response10-mock_response20-expected0] PASSED [ 93%]
tests/sonic_xcvr/test_sfp_optoe_base.py::TestSfpOptoeBase::test_get_transceiver_vdm_real_value_statistic[None-mock_response21-None] PASSED [ 93%]
tests/sonic_xcvr/test_sfp_optoe_base.py::TestSfpOptoeBase::test_get_transceiver_vdm_real_value_statistic[None-None-None] PASSED [ 93%]
tests/sonic_xcvr/test_sfp_optoe_base.py::TestSfpOptoeBase::test_set_optoe_write_timeout_success PASSED [ 93%]
tests/sonic_xcvr/test_sfp_optoe_base.py::TestSfpOptoeBase::test_set_optoe_write_timeout_ioerror PASSED [ 93%]
tests/sonic_xcvr/test_sfp_optoe_base.py::TestSfpOptoeBase::test_set_optoe_write_timeout_oserror PASSED [ 94%]
tests/sonic_xcvr/test_sfp_optoe_base.py::TestSfpOptoeBase::test_set_optoe_max_bank_size_success PASSED [ 94%]
tests/sonic_xcvr/test_sfp_optoe_base.py::TestSfpOptoeBase::test_set_optoe_max_bank_size_skips_when_value_matches PASSED [ 94%]
tests/sonic_xcvr/test_sfp_optoe_base.py::TestSfpOptoeBase::test_set_optoe_max_bank_size_missing_sysfs_is_noop PASSED [ 94%]
tests/sonic_xcvr/test_sfp_optoe_base.py::TestSfpOptoeBase::test_refresh_xcvr_api_bank_zero_skips_sync PASSED [ 94%]
tests/sonic_xcvr/test_sfp_optoe_base.py::TestSfpOptoeBase::test_refresh_xcvr_api_nonzero_bank_writes_max_bank_size PASSED [ 94%]
tests/sonic_xcvr/test_sfp_optoe_base.py::TestSfpOptoeBase::test_refresh_xcvr_api_nonzero_bank_noop_when_api_unsupported PASSED [ 94%]
tests/sonic_xcvr/test_sfp_optoe_base.py::TestSfpOptoeBase::test_get_max_supported_banks_flat_mem PASSED [ 94%]
tests/sonic_xcvr/test_sfp_optoe_base.py::TestSfpOptoeBase::test_get_max_supported_banks_reads_banks_supported_field PASSED [ 94%]
tests/sonic_xcvr/test_sfp_optoe_base.py::TestSfpOptoeBase::test_set_power PASSED [ 94%]
tests/sonic_xcvr/test_sfp_optoe_base.py::TestSfpOptoeBase::test_get_lpmode_via_pin_not_implemented PASSED [ 94%]
tests/sonic_xcvr/test_sfp_optoe_base.py::TestSfpOptoeBase::test_set_lpmode_via_pin_not_implemented PASSED [ 94%]
tests/sonic_xcvr/test_sfp_optoe_base.py::TestSfpOptoeBase::test_default_page PASSED [ 94%]
tests/sonic_xcvr/test_sfp_optoe_base.py::TestSfpOptoeBase::test_set_optoe_write_max_success PASSED [ 95%]
tests/sonic_xcvr/test_sfp_optoe_base.py::TestSfpOptoeBase::test_set_optoe_write_max_error PASSED [ 95%]
tests/sonic_xcvr/test_sfp_optoe_base.py::TestSfpOptoeBase::test_get_optoe_current_page PASSED [ 95%]
tests/sonic_xcvr/test_sfp_optoe_base.py::TestSfpOptoeBase::test_write_eeprom_success PASSED [ 95%]
tests/sonic_xcvr/test_sfp_optoe_base.py::TestSfpOptoeBase::test_write_eeprom_error PASSED [ 95%]
tests/sonic_xcvr/test_xcvr_api_factory.py::TestXcvrApiFactory::test_create_xcvr_api_credo PASSED [ 95%]
tests/sonic_xcvr/test_xcvr_api_factory.py::TestXcvrApiFactory::test_create_xcvr_api_innolight PASSED [ 95%]
tests/sonic_xcvr/test_xcvr_api_factory.py::TestXcvrApiFactory::test_create_xcvr_api_hisense PASSED [ 95%]
tests/sonic_xcvr/test_xcvr_api_factory.py::TestXcvrApiFactory::test_create_xcvr_api_8436_8636[mock_reader_sff8636-Sff8636Api] PASSED [ 95%]
tests/sonic_xcvr/test_xcvr_api_factory.py::TestXcvrApiFactory::test_create_xcvr_api_8436_8636[mock_reader_sff8436-Sff8436Api] PASSED [ 95%]
tests/sonic_xcvr/test_xcvr_api_factory.py::TestXcvrApiFactory::test_create_xcvr_api_with_exception PASSED [ 95%]
tests/sonic_xcvr/test_xcvr_api_factory.py::TestAmphBackplaneImpl::test_get_slot_id PASSED [ 95%]
tests/sonic_xcvr/test_xcvr_api_factory.py::TestAmphBackplaneImpl::test_get_transceiver_info PASSED [ 95%]
tests/sonic_xcvr/test_xcvr_api_factory.py::TestAmphBackplaneImpl::test_get_transceiver_info_none PASSED [ 96%]
tests/sonic_xcvr/test_xcvr_field.py::TestXcvrField::test_get_fields PASSED [ 96%]
tests/sonic_xcvr/test_xcvr_field.py::TestRegBitsField::test_encode_decode PASSED [ 96%]
tests/sonic_xcvr/test_xcvr_field.py::TestRegBitField::test_offset PASSED [ 96%]
tests/sonic_xcvr/test_xcvr_field.py::TestRegBitField::test_size PASSED   [ 96%]
tests/sonic_xcvr/test_xcvr_field.py::TestRegBitField::test_read_before_write PASSED [ 96%]
tests/sonic_xcvr/test_xcvr_field.py::TestRegBitField::test_encode_decode PASSED [ 96%]
tests/sonic_xcvr/test_xcvr_field.py::TestRegField::test_offset PASSED    [ 96%]
tests/sonic_xcvr/test_xcvr_field.py::TestRegField::test_size PASSED      [ 96%]
tests/sonic_xcvr/test_xcvr_field.py::TestRegField::test_read_before_write PASSED [ 96%]
tests/sonic_xcvr/test_xcvr_field.py::TestNumberRegField::test_encode_decode PASSED [ 96%]
tests/sonic_xcvr/test_xcvr_field.py::TestFixedNumberRegField::test_encode_decode PASSED [ 96%]
tests/sonic_xcvr/test_xcvr_field.py::TestStringRegField::test_decode PASSED [ 96%]
tests/sonic_xcvr/test_xcvr_field.py::TestCodeRegField::test_decode PASSED [ 97%]
tests/sonic_xcvr/test_xcvr_field.py::TestHexRegField::test_decode PASSED [ 97%]
tests/sonic_xcvr/test_xcvr_field.py::TestServerFWVersionRegField::test_decode PASSED [ 97%]
tests/sonic_xcvr/test_xcvr_field.py::TestRegGroupField::test_offset PASSED [ 97%]
tests/sonic_xcvr/test_xcvr_field.py::TestRegGroupField::test_size PASSED [ 97%]
tests/sonic_xcvr/test_xcvr_field.py::TestRegGroupField::test_read_before_write PASSED [ 97%]
tests/sonic_xcvr/test_xcvr_field.py::TestRegGroupField::test_decode PASSED [ 97%]
tests/sonic_xcvr/test_xcvr_field.py::TestDateField::test_decode PASSED   [ 97%]
tests/test_emmc.py::TestEMMC::test_check PASSED                          [ 97%]
tests/test_ssd.py::TestSsd::test_nvme_ssd PASSED                         [ 97%]
tests/test_ssd.py::TestSsd::test_nvme_ssd_with_na_path PASSED            [ 97%]
tests/test_ssd.py::TestSsd::test_ssd PASSED                              [ 97%]
tests/test_ssd.py::TestSsd::test_ssd_leading_trailing_spaces PASSED      [ 97%]
tests/test_ssd.py::TestSsd::test_ssd2 PASSED                             [ 98%]
tests/test_ssd.py::TestSsd::test_ssd_with_na_path PASSED                 [ 98%]
tests/test_ssd.py::TestSsd::test_Innodisk_ssd PASSED                     [ 98%]
tests/test_ssd.py::TestSsd::test_Innodisk_missing_io_vendor_attributes PASSED [ 98%]
tests/test_ssd.py::TestSsd::test_Innodisk_no_info_ssd PASSED             [ 98%]
tests/test_ssd.py::TestSsd::test_Innodisk_missing_names_ssd PASSED       [ 98%]
tests/test_ssd.py::TestSsd::test_Innodisk_missing_names_ssd_2 PASSED     [ 98%]
tests/test_ssd.py::TestSsd::test_virtium_ssd PASSED                      [ 98%]
tests/test_ssd.py::TestSsd::test_virtium_missing_io_vendor_attributes PASSED [ 98%]
tests/test_ssd.py::TestSsd::test_swissbit_ssd PASSED                     [ 98%]
tests/test_ssd.py::TestSsd::test_transcend_ssd PASSED                    [ 98%]
tests/test_ssd.py::TestSsd::test_micron_ssd PASSED                       [ 98%]
tests/test_ssd.py::TestSsd::test_intel_ssd PASSED                        [ 98%]
tests/test_ssd.py::TestSsd::test_temperature_virtrium_nvme PASSED        [ 99%]
tests/test_ssd.py::TestSsd::test_atp_ssd PASSED                          [ 99%]
tests/test_ssd.py::TestSsd::test_atp_nvme_ssd PASSED                     [ 99%]
tests/test_storage_common.py::TestStorageCommon::test_get_reads_writes PASSED [ 99%]
tests/test_storage_common.py::TestStorageCommon::test_init PASSED        [ 99%]
tests/test_storage_common.py::TestStorageCommon::test_get_reads_writes_bad_disk PASSED [ 99%]
tests/test_storage_devices.py::TestStorageDevices::test_get_storage_devices_sda_obj PASSED [ 99%]
tests/test_storage_devices.py::TestStorageDevices::test_get_storage_devices_usb_obj PASSED [ 99%]
tests/test_storage_devices.py::TestStorageDevices::test_get_storage_devices_emmc_obj PASSED [ 99%]
tests/test_storage_devices.py::TestStorageDevices::test_get_storage_devices_none PASSED [ 99%]
tests/test_usb.py::TestUsb::test_eusb_disk PASSED                        [ 99%]
tests/thermal_manager_test.py::TestThermalManagerBase::test_load_policy PASSED [ 99%]
tests/thermal_manager_test.py::TestThermalManagerBase::test_run_policy PASSED [100%]<unknown>:35: SyntaxWarning: invalid escape sequence '\s'
<unknown>:59: SyntaxWarning: invalid escape sequence '\s'
<unknown>:92: SyntaxWarning: invalid escape sequence '\s'
<unknown>:93: SyntaxWarning: invalid escape sequence '\w'
<unknown>:94: SyntaxWarning: invalid escape sequence '\w'
<unknown>:215: SyntaxWarning: invalid escape sequence '\s'
<unknown>:292: SyntaxWarning: invalid escape sequence '\s'
/sonic/src/sonic-platform-common/sonic_platform_base/sonic_sfp/bcmshell.py:35: SyntaxWarning: invalid escape sequence '\s'
  socketname="/var/run/docker-syncd/sswsyncd.socket", prompt='^drivshell>\s*$'):
/sonic/src/sonic-platform-common/sonic_platform_base/sonic_sfp/bcmshell.py:59: SyntaxWarning: invalid escape sequence '\s'
  self.re_connectprompt = re.compile("bcmshell\r\n\s*" + prompt, re.MULTILINE)
/sonic/src/sonic-platform-common/sonic_platform_base/sonic_sfp/bcmshell.py:92: SyntaxWarning: invalid escape sequence '\s'
  self.re_oneline          = re.compile('\n\s+')
/sonic/src/sonic-platform-common/sonic_platform_base/sonic_sfp/bcmshell.py:93: SyntaxWarning: invalid escape sequence '\w'
  self.re_reg_parse_raw    = re.compile('^[\w()]+\.(.+)\[.*=(.*)$')
/sonic/src/sonic-platform-common/sonic_platform_base/sonic_sfp/bcmshell.py:94: SyntaxWarning: invalid escape sequence '\w'
  self.re_reg_parse_fields = re.compile('^[\w()]+\.(.+)\[.*\<(.*)\>')
/sonic/src/sonic-platform-common/sonic_platform_base/sonic_sfp/bcmshell.py:215: SyntaxWarning: invalid escape sequence '\s'
  elif reg.find('\s') >= 0:
/sonic/src/sonic-platform-common/sonic_platform_base/sonic_sfp/bcmshell.py:292: SyntaxWarning: invalid escape sequence '\s'
  elif table.find('\s') >= 0:
<unknown>:600: SyntaxWarning: invalid escape sequence '\d'
/sonic/src/sonic-platform-common/sonic_platform_base/sonic_sfp/sfputilbase.py:600: SyntaxWarning: invalid escape sequence '\d'
  lport = re.findall("swp(\d+)s*(\d*)", logical_port)
<unknown>:35: SyntaxWarning: invalid escape sequence '\s'
<unknown>:59: SyntaxWarning: invalid escape sequence '\s'
<unknown>:92: SyntaxWarning: invalid escape sequence '\s'
<unknown>:93: SyntaxWarning: invalid escape sequence '\w'
<unknown>:94: SyntaxWarning: invalid escape sequence '\w'
<unknown>:215: SyntaxWarning: invalid escape sequence '\s'
<unknown>:292: SyntaxWarning: invalid escape sequence '\s'
/sonic/src/sonic-platform-common/sonic_platform_base/sonic_sfp/bcmshell.py:35: SyntaxWarning: invalid escape sequence '\s'
  socketname="/var/run/docker-syncd/sswsyncd.socket", prompt='^drivshell>\s*$'):
/sonic/src/sonic-platform-common/sonic_platform_base/sonic_sfp/bcmshell.py:59: SyntaxWarning: invalid escape sequence '\s'
  self.re_connectprompt = re.compile("bcmshell\r\n\s*" + prompt, re.MULTILINE)
/sonic/src/sonic-platform-common/sonic_platform_base/sonic_sfp/bcmshell.py:92: SyntaxWarning: invalid escape sequence '\s'
  self.re_oneline          = re.compile('\n\s+')
/sonic/src/sonic-platform-common/sonic_platform_base/sonic_sfp/bcmshell.py:93: SyntaxWarning: invalid escape sequence '\w'
  self.re_reg_parse_raw    = re.compile('^[\w()]+\.(.+)\[.*=(.*)$')
/sonic/src/sonic-platform-common/sonic_platform_base/sonic_sfp/bcmshell.py:94: SyntaxWarning: invalid escape sequence '\w'
  self.re_reg_parse_fields = re.compile('^[\w()]+\.(.+)\[.*\<(.*)\>')
/sonic/src/sonic-platform-common/sonic_platform_base/sonic_sfp/bcmshell.py:215: SyntaxWarning: invalid escape sequence '\s'
  elif reg.find('\s') >= 0:
/sonic/src/sonic-platform-common/sonic_platform_base/sonic_sfp/bcmshell.py:292: SyntaxWarning: invalid escape sequence '\s'
  elif table.find('\s') >= 0:
<unknown>:600: SyntaxWarning: invalid escape sequence '\d'
/sonic/src/sonic-platform-common/sonic_platform_base/sonic_sfp/sfputilbase.py:600: SyntaxWarning: invalid escape sequence '\d'
  lport = re.findall("swp(\d+)s*(\d*)", logical_port)
<unknown>:35: SyntaxWarning: invalid escape sequence '\s'
<unknown>:59: SyntaxWarning: invalid escape sequence '\s'
<unknown>:92: SyntaxWarning: invalid escape sequence '\s'
<unknown>:93: SyntaxWarning: invalid escape sequence '\w'
<unknown>:94: SyntaxWarning: invalid escape sequence '\w'
<unknown>:215: SyntaxWarning: invalid escape sequence '\s'
<unknown>:292: SyntaxWarning: invalid escape sequence '\s'
<unknown>:600: SyntaxWarning: invalid escape sequence '\d'
<unknown>:35: SyntaxWarning: invalid escape sequence '\s'
<unknown>:59: SyntaxWarning: invalid escape sequence '\s'
<unknown>:92: SyntaxWarning: invalid escape sequence '\s'
<unknown>:93: SyntaxWarning: invalid escape sequence '\w'
<unknown>:94: SyntaxWarning: invalid escape sequence '\w'
<unknown>:215: SyntaxWarning: invalid escape sequence '\s'
<unknown>:292: SyntaxWarning: invalid escape sequence '\s'
<unknown>:600: SyntaxWarning: invalid escape sequence '\d'
<unknown>:35: SyntaxWarning: invalid escape sequence '\s'
<unknown>:59: SyntaxWarning: invalid escape sequence '\s'
<unknown>:92: SyntaxWarning: invalid escape sequence '\s'
<unknown>:93: SyntaxWarning: invalid escape sequence '\w'
<unknown>:94: SyntaxWarning: invalid escape sequence '\w'
<unknown>:215: SyntaxWarning: invalid escape sequence '\s'
<unknown>:292: SyntaxWarning: invalid escape sequence '\s'
/sonic/src/sonic-platform-common/sonic_platform_base/sonic_sfp/bcmshell.py:35: SyntaxWarning: invalid escape sequence '\s'
  socketname="/var/run/docker-syncd/sswsyncd.socket", prompt='^drivshell>\s*$'):
/sonic/src/sonic-platform-common/sonic_platform_base/sonic_sfp/bcmshell.py:59: SyntaxWarning: invalid escape sequence '\s'
  self.re_connectprompt = re.compile("bcmshell\r\n\s*" + prompt, re.MULTILINE)
/sonic/src/sonic-platform-common/sonic_platform_base/sonic_sfp/bcmshell.py:92: SyntaxWarning: invalid escape sequence '\s'
  self.re_oneline          = re.compile('\n\s+')
/sonic/src/sonic-platform-common/sonic_platform_base/sonic_sfp/bcmshell.py:93: SyntaxWarning: invalid escape sequence '\w'
  self.re_reg_parse_raw    = re.compile('^[\w()]+\.(.+)\[.*=(.*)$')
/sonic/src/sonic-platform-common/sonic_platform_base/sonic_sfp/bcmshell.py:94: SyntaxWarning: invalid escape sequence '\w'
  self.re_reg_parse_fields = re.compile('^[\w()]+\.(.+)\[.*\<(.*)\>')
/sonic/src/sonic-platform-common/sonic_platform_base/sonic_sfp/bcmshell.py:215: SyntaxWarning: invalid escape sequence '\s'
  elif reg.find('\s') >= 0:
/sonic/src/sonic-platform-common/sonic_platform_base/sonic_sfp/bcmshell.py:292: SyntaxWarning: invalid escape sequence '\s'
  elif table.find('\s') >= 0:
<unknown>:600: SyntaxWarning: invalid escape sequence '\d'
/sonic/src/sonic-platform-common/sonic_platform_base/sonic_sfp/sfputilbase.py:600: SyntaxWarning: invalid escape sequence '\d'
  lport = re.findall("swp(\d+)s*(\d*)", logical_port)


=================================== FAILURES ===================================
__________________ TestSfpUtilHelper.test_read_port_mappings ___________________

self = <tests.sfputilhelper_test.TestSfpUtilHelper object at 0x72445cec3ed0>

    def test_read_port_mappings(self):
    
        sfputil_helper = sfputilhelper.SfpUtilHelper()
>       sfputil_helper.read_porttab_mappings(self.port_config_file, 0)

tests/sfputilhelper_test.py:94: 
_ _ _ _ _ _ _ _ _ _ _ _ _ _ _ _ _ _ _ _ _ _ _ _ _ _ _ _ _ _ _ _ _ _ _ _ _ _ _ _ 
sonic_platform_base/sonic_sfp/sfputilhelper.py:60: in read_porttab_mappings
    ports, _, _ = get_port_config(hwsku, platform, asic_name=asic_name)
/usr/local/lib/python3.13/dist-packages/portconfig.py:193: in get_port_config
    port_config_file = device_info.get_path_to_port_config_file(hwsku, asic_id)
/usr/local/lib/python3.13/dist-packages/sonic_py_common/device_info.py:474: in get_path_to_port_config_file
    (platform_path, hwsku_path) = get_paths_to_platform_and_hwsku_dirs()
/usr/local/lib/python3.13/dist-packages/sonic_py_common/device_info.py:435: in get_paths_to_platform_and_hwsku_dirs
    platform_path = get_path_to_platform_dir()
_ _ _ _ _ _ _ _ _ _ _ _ _ _ _ _ _ _ _ _ _ _ _ _ _ _ _ _ _ _ _ _ _ _ _ _ _ _ _ _ 

    def get_path_to_platform_dir():
        """
        Retreives the paths to the device's platform directory
    
        Returns:
            A string containing the path to the platform directory of the device
        """
        # Get platform
        platform = get_platform()
    
        # Determine whether we're running in a container or on the host
        platform_path_host = os.path.join(HOST_DEVICE_PATH, platform)
    
        if os.path.isdir(CONTAINER_PLATFORM_PATH):
            platform_path = CONTAINER_PLATFORM_PATH
        elif os.path.isdir(platform_path_host):
            platform_path = platform_path_host
        else:
>           raise OSError("Failed to locate platform directory")
E           OSError: Failed to locate platform directory

/usr/local/lib/python3.13/dist-packages/sonic_py_common/device_info.py:292: OSError
________________ TestSfpUtilHelper.test_read_all_port_mappings _________________

self = <tests.sfputilhelper_test.TestSfpUtilHelper object at 0x72445d568050>

    @mock.patch('portconfig.get_hwsku_file_name', mock.MagicMock(return_value=hwsku_json_file))
    def test_read_all_port_mappings(self):
    
        sfputil_helper = sfputilhelper.SfpUtilHelper()
        sfputil_helper.logical = []
        sfputil_helper.logical_to_physical = {}
        sfputil_helper.physical_to_logical = {}
>       sfputil_helper.read_all_porttab_mappings(self.platform_dir, 2)

tests/sfputilhelper_test.py:111: 
_ _ _ _ _ _ _ _ _ _ _ _ _ _ _ _ _ _ _ _ _ _ _ _ _ _ _ _ _ _ _ _ _ _ _ _ _ _ _ _ 
sonic_platform_base/sonic_sfp/sfputilhelper.py:103: in read_all_porttab_mappings
    self.read_porttab_mappings(port_map_file, inst)
sonic_platform_base/sonic_sfp/sfputilhelper.py:60: in read_porttab_mappings
    ports, _, _ = get_port_config(hwsku, platform, asic_name=asic_name)
/usr/local/lib/python3.13/dist-packages/portconfig.py:193: in get_port_config
    port_config_file = device_info.get_path_to_port_config_file(hwsku, asic_id)
/usr/local/lib/python3.13/dist-packages/sonic_py_common/device_info.py:474: in get_path_to_port_config_file
    (platform_path, hwsku_path) = get_paths_to_platform_and_hwsku_dirs()
/usr/local/lib/python3.13/dist-packages/sonic_py_common/device_info.py:435: in get_paths_to_platform_and_hwsku_dirs
    platform_path = get_path_to_platform_dir()
_ _ _ _ _ _ _ _ _ _ _ _ _ _ _ _ _ _ _ _ _ _ _ _ _ _ _ _ _ _ _ _ _ _ _ _ _ _ _ _ 

    def get_path_to_platform_dir():
        """
        Retreives the paths to the device's platform directory
    
        Returns:
            A string containing the path to the platform directory of the device
        """
        # Get platform
        platform = get_platform()
    
        # Determine whether we're running in a container or on the host
        platform_path_host = os.path.join(HOST_DEVICE_PATH, platform)
    
        if os.path.isdir(CONTAINER_PLATFORM_PATH):
            platform_path = CONTAINER_PLATFORM_PATH
        elif os.path.isdir(platform_path_host):
            platform_path = platform_path_host
        else:
>           raise OSError("Failed to locate platform directory")
E           OSError: Failed to locate platform directory

/usr/local/lib/python3.13/dist-packages/sonic_py_common/device_info.py:292: OSError
______________ TestSfpUtilHelper.test_read_all_port_mappings_role ______________

self = <tests.sfputilhelper_test.TestSfpUtilHelper object at 0x72445cfa4770>

    @mock.patch('portconfig.get_hwsku_file_name', mock.MagicMock(return_value=hwsku_role_json_file))
    def test_read_all_port_mappings_role(self):
        sfputil_helper = sfputilhelper.SfpUtilHelper()
        sfputil_helper.logical = []
        sfputil_helper.logical_to_physical = {}
        sfputil_helper.physical_to_logical = {}
>       sfputil_helper.read_all_porttab_mappings(self.platform_json_dir, 2)

tests/sfputilhelper_test.py:144: 
_ _ _ _ _ _ _ _ _ _ _ _ _ _ _ _ _ _ _ _ _ _ _ _ _ _ _ _ _ _ _ _ _ _ _ _ _ _ _ _ 
sonic_platform_base/sonic_sfp/sfputilhelper.py:107: in read_all_porttab_mappings
    self.read_porttab_mappings(port_json_file, inst)
sonic_platform_base/sonic_sfp/sfputilhelper.py:60: in read_porttab_mappings
    ports, _, _ = get_port_config(hwsku, platform, asic_name=asic_name)
/usr/local/lib/python3.13/dist-packages/portconfig.py:193: in get_port_config
    port_config_file = device_info.get_path_to_port_config_file(hwsku, asic_id)
/usr/local/lib/python3.13/dist-packages/sonic_py_common/device_info.py:474: in get_path_to_port_config_file
    (platform_path, hwsku_path) = get_paths_to_platform_and_hwsku_dirs()
/usr/local/lib/python3.13/dist-packages/sonic_py_common/device_info.py:435: in get_paths_to_platform_and_hwsku_dirs
    platform_path = get_path_to_platform_dir()
_ _ _ _ _ _ _ _ _ _ _ _ _ _ _ _ _ _ _ _ _ _ _ _ _ _ _ _ _ _ _ _ _ _ _ _ _ _ _ _ 

    def get_path_to_platform_dir():
        """
        Retreives the paths to the device's platform directory
    
        Returns:
            A string containing the path to the platform directory of the device
        """
        # Get platform
        platform = get_platform()
    
        # Determine whether we're running in a container or on the host
        platform_path_host = os.path.join(HOST_DEVICE_PATH, platform)
    
        if os.path.isdir(CONTAINER_PLATFORM_PATH):
            platform_path = CONTAINER_PLATFORM_PATH
        elif os.path.isdir(platform_path_host):
            platform_path = platform_path_host
        else:
>           raise OSError("Failed to locate platform directory")
E           OSError: Failed to locate platform directory

/usr/local/lib/python3.13/dist-packages/sonic_py_common/device_info.py:292: OSError
=============================== warnings summary ===============================
<frozen importlib._bootstrap>:488
  <frozen importlib._bootstrap>:488: DeprecationWarning: builtin type SwigPyPacked has no __module__ attribute

<frozen importlib._bootstrap>:488
  <frozen importlib._bootstrap>:488: DeprecationWarning: builtin type SwigPyObject has no __module__ attribute

<frozen importlib._bootstrap>:488
  <frozen importlib._bootstrap>:488: DeprecationWarning: builtin type swigvarlink has no __module__ attribute

tests/redfish_client_test.py: 42 warnings
  /sonic/src/sonic-platform-common/sonic_platform_base/redfish_client.py:430: DeprecationWarning: 'maxsplit' is passed as positional argument
    parts = re.split(r'\r?\n\r?\n', curl_output, 1)

-- Docs: https://docs.pytest.org/en/stable/how-to/capture-warnings.html
---- generated xml file: /sonic/src/sonic-platform-common/test-results.xml -----

---------- coverage: platform linux, python 3.13.5-final-0 -----------
Name                                                                          Stmts   Miss  Cover
-------------------------------------------------------------------------------------------------
sonic_platform_base/__init__.py                                                  13      0   100%
sonic_platform_base/bmc_base.py                                                 177      8    95%
sonic_platform_base/bmc_fw_update.py                                             47      1    98%
sonic_platform_base/chassis_base.py                                             197     65    67%
sonic_platform_base/component_base.py                                            23      8    65%
sonic_platform_base/device_base.py                                               21      2    90%
sonic_platform_base/fan_base.py                                                  44      2    95%
sonic_platform_base/fan_drawer_base.py                                           23     12    48%
sonic_platform_base/liquid_cooling_base.py                                       66      7    89%
sonic_platform_base/module_base.py                                              438     56    87%
sonic_platform_base/pdb_base.py                                                  19      0   100%
sonic_platform_base/platform_base.py                                              5      2    60%
sonic_platform_base/psu_base.py                                                  68     13    81%
sonic_platform_base/redfish_client.py                                           915    187    80%
sonic_platform_base/sed_mgmt_base.py                                             60      0   100%
sonic_platform_base/sensor_base.py                                               44      2    95%
sonic_platform_base/sensor_fs.py                                                 80      5    94%
sonic_platform_base/sfp_base.py                                                 112     29    74%
sonic_platform_base/sonic_eeprom/__init__.py                                      0      0   100%
sonic_platform_base/sonic_eeprom/eeprom_base.py                                 276    185    33%
sonic_platform_base/sonic_eeprom/eeprom_dts.py                                   88     88     0%
sonic_platform_base/sonic_eeprom/eeprom_tlvinfo.py                              473     94    80%
sonic_platform_base/sonic_pcie/__init__.py                                        0      0   100%
sonic_platform_base/sonic_pcie/pcie_base.py                                      15      5    67%
sonic_platform_base/sonic_pcie/pcie_common.py                                   111     15    86%
sonic_platform_base/sonic_sfp/__init__.py                                         0      0   100%
sonic_platform_base/sonic_sfp/bcmshell.py                                       242    242     0%
sonic_platform_base/sonic_sfp/inf8628.py                                         62     62     0%
sonic_platform_base/sonic_sfp/qsfp_dd.py                                        201    201     0%
sonic_platform_base/sonic_sfp/sff8024.py                                         13     13     0%
sonic_platform_base/sonic_sfp/sff8436.py                                        298    298     0%
sonic_platform_base/sonic_sfp/sff8472.py                                        272    272     0%
sonic_platform_base/sonic_sfp/sffbase.py                                        150    150     0%
sonic_platform_base/sonic_sfp/sfputilbase.py                                    927    927     0%
sonic_platform_base/sonic_sfp/sfputilhelper.py                                   76     32    58%
sonic_platform_base/sonic_storage/__init__.py                                     0      0   100%
sonic_platform_base/sonic_storage/emmc.py                                        43      6    86%
sonic_platform_base/sonic_storage/ssd.py                                        282     31    89%
sonic_platform_base/sonic_storage/storage_base.py                                21     10    52%
sonic_platform_base/sonic_storage/storage_common.py                              29      2    93%
sonic_platform_base/sonic_storage/storage_devices.py                             50      8    84%
sonic_platform_base/sonic_storage/usb.py                                         53      2    96%
sonic_platform_base/sonic_thermal_control/__init__.py                             0      0   100%
sonic_platform_base/sonic_thermal_control/thermal_action_base.py                  4      1    75%
sonic_platform_base/sonic_thermal_control/thermal_condition_base.py               4      1    75%
sonic_platform_base/sonic_thermal_control/thermal_info_base.py                    4      1    75%
sonic_platform_base/sonic_thermal_control/thermal_json_object.py                 25      4    84%
sonic_platform_base/sonic_thermal_control/thermal_manager_base.py                95     19    80%
sonic_platform_base/sonic_thermal_control/thermal_policy.py                      47      6    87%
sonic_platform_base/sonic_xcvr/__init__.py                                        0      0   100%
sonic_platform_base/sonic_xcvr/api/__init__.py                                    0      0   100%
sonic_platform_base/sonic_xcvr/api/amphenol/__init__.py                           0      0   100%
sonic_platform_base/sonic_xcvr/api/amphenol/backplane.py                         23      1    96%
sonic_platform_base/sonic_xcvr/api/bailly/__init__.py                             0      0   100%
sonic_platform_base/sonic_xcvr/api/bailly/bailly_api.py                          49      8    84%
sonic_platform_base/sonic_xcvr/api/broadcom/__init__.py                           0      0   100%
sonic_platform_base/sonic_xcvr/api/broadcom/davisson_elsfp.py                     3      0   100%
sonic_platform_base/sonic_xcvr/api/broadcom/davisson_oe.py                        3      0   100%
sonic_platform_base/sonic_xcvr/api/credo/__init__.py                              0      0   100%
sonic_platform_base/sonic_xcvr/api/credo/aec_800g.py                             84      5    94%
sonic_platform_base/sonic_xcvr/api/hisense/__init__.py                            0      0   100%
sonic_platform_base/sonic_xcvr/api/hisense/aoc_2x100g.py                         14      0   100%
sonic_platform_base/sonic_xcvr/api/innolight/__init__.py                          0      0   100%
sonic_platform_base/sonic_xcvr/api/innolight/fr_800g.py                          10      0   100%
sonic_platform_base/sonic_xcvr/api/public/__init__.py                             0      0   100%
sonic_platform_base/sonic_xcvr/api/public/c_cmis.py                             233     12    95%
sonic_platform_base/sonic_xcvr/api/public/cdb_fw.py                             347     13    96%
sonic_platform_base/sonic_xcvr/api/public/cmis.py                              1466    117    92%
sonic_platform_base/sonic_xcvr/api/public/cmisVDM.py                            153     15    90%
sonic_platform_base/sonic_xcvr/api/public/elsfp.py                              157      4    97%
sonic_platform_base/sonic_xcvr/api/public/sff8436.py                            220     28    87%
sonic_platform_base/sonic_xcvr/api/public/sff8472.py                            202     46    77%
sonic_platform_base/sonic_xcvr/api/public/sff8636.py                            276     35    87%
sonic_platform_base/sonic_xcvr/api/xcvr_api.py                                  115     50    57%
sonic_platform_base/sonic_xcvr/bailly_optoe_base.py                             117      4    97%
sonic_platform_base/sonic_xcvr/cdb/__init__.py                                    0      0   100%
sonic_platform_base/sonic_xcvr/cdb/cdb.py                                        92     40    57%
sonic_platform_base/sonic_xcvr/cdb/cdb_fw.py                                    104      2    98%
sonic_platform_base/sonic_xcvr/cdb/cdb_pm.py                                      0      0   100%
sonic_platform_base/sonic_xcvr/cdb/cdb_vcs.py                                     0      0   100%
sonic_platform_base/sonic_xcvr/codes/__init__.py                                  0      0   100%
sonic_platform_base/sonic_xcvr/codes/amphenol/__init__.py                         0      0   100%
sonic_platform_base/sonic_xcvr/codes/amphenol/backplane.py                        3      0   100%
sonic_platform_base/sonic_xcvr/codes/bailly/__init__.py                           0      0   100%
sonic_platform_base/sonic_xcvr/codes/bailly/bailly_codes.py                      14      0   100%
sonic_platform_base/sonic_xcvr/codes/credo/__init__.py                            0      0   100%
sonic_platform_base/sonic_xcvr/codes/credo/aec_800g.py                            3      0   100%
sonic_platform_base/sonic_xcvr/codes/public/__init__.py                           0      0   100%
sonic_platform_base/sonic_xcvr/codes/public/cdb.py                                8      0   100%
sonic_platform_base/sonic_xcvr/codes/public/cmis.py                              13      0   100%
sonic_platform_base/sonic_xcvr/codes/public/elsfp.py                              6      0   100%
sonic_platform_base/sonic_xcvr/codes/public/sff8024.py                           14      0   100%
sonic_platform_base/sonic_xcvr/codes/public/sff8436.py                           16      0   100%
sonic_platform_base/sonic_xcvr/codes/public/sff8472.py                           16      0   100%
sonic_platform_base/sonic_xcvr/codes/public/sff8636.py                           17      0   100%
sonic_platform_base/sonic_xcvr/codes/xcvr_codes.py                                2      0   100%
sonic_platform_base/sonic_xcvr/cpo/__init__.py                                    0      0   100%
sonic_platform_base/sonic_xcvr/cpo/cpo_base.py                                   45      2    96%
sonic_platform_base/sonic_xcvr/cpo/cpo_optoe_base.py                              7      7     0%
sonic_platform_base/sonic_xcvr/cpo/elsfp.py                                      23      1    96%
sonic_platform_base/sonic_xcvr/cpo/oe.py                                         12      1    92%
sonic_platform_base/sonic_xcvr/eeprom_rw.py                                      42      2    95%
sonic_platform_base/sonic_xcvr/fields/__init__.py                                 0      0   100%
sonic_platform_base/sonic_xcvr/fields/bailly/__init__.py                          0      0   100%
sonic_platform_base/sonic_xcvr/fields/bailly/bailly_consts.py                   113      0   100%
sonic_platform_base/sonic_xcvr/fields/cdb_consts.py                              75      0   100%
sonic_platform_base/sonic_xcvr/fields/consts.py                                 444      0   100%
sonic_platform_base/sonic_xcvr/fields/elsfp_consts.py                            82      0   100%
sonic_platform_base/sonic_xcvr/fields/public/__init__.py                          0      0   100%
sonic_platform_base/sonic_xcvr/fields/public/cmis.py                             29     10    66%
sonic_platform_base/sonic_xcvr/fields/public/sff8472.py                          86      5    94%
sonic_platform_base/sonic_xcvr/fields/xcvr_field.py                             194     11    94%
sonic_platform_base/sonic_xcvr/mem_maps/__init__.py                               0      0   100%
sonic_platform_base/sonic_xcvr/mem_maps/amphenol/__init__.py                      0      0   100%
sonic_platform_base/sonic_xcvr/mem_maps/amphenol/backplane.py                    12      4    67%
sonic_platform_base/sonic_xcvr/mem_maps/bailly/__init__.py                        0      0   100%
sonic_platform_base/sonic_xcvr/mem_maps/bailly/bailly_mem_map.py                 30     17    43%
sonic_platform_base/sonic_xcvr/mem_maps/broadcom/__init__.py                      0      0   100%
sonic_platform_base/sonic_xcvr/mem_maps/broadcom/davisson_elsfp.py                9      0   100%
sonic_platform_base/sonic_xcvr/mem_maps/broadcom/davisson_oe.py                   3      0   100%
sonic_platform_base/sonic_xcvr/mem_maps/credo/__init__.py                         0      0   100%
sonic_platform_base/sonic_xcvr/mem_maps/credo/aec_800g.py                        17      0   100%
sonic_platform_base/sonic_xcvr/mem_maps/public/__init__.py                        0      0   100%
sonic_platform_base/sonic_xcvr/mem_maps/public/cmis/__init__.py                   2      0   100%
sonic_platform_base/sonic_xcvr/mem_maps/public/cmis/c_cmis.py                     6      0   100%
sonic_platform_base/sonic_xcvr/mem_maps/public/cmis/cdb.py                      143      0   100%
sonic_platform_base/sonic_xcvr/mem_maps/public/cmis/cmis.py                      20      0   100%
sonic_platform_base/sonic_xcvr/mem_maps/public/cmis/elsfp/__init__.py             1      0   100%
sonic_platform_base/sonic_xcvr/mem_maps/public/cmis/elsfp/elsfp.py                7      0   100%
sonic_platform_base/sonic_xcvr/mem_maps/public/cmis/elsfp/pages/__init__.py       4      0   100%
sonic_platform_base/sonic_xcvr/mem_maps/public/cmis/elsfp/pages/consts.py         2      0   100%
sonic_platform_base/sonic_xcvr/mem_maps/public/cmis/elsfp/pages/page1a.py        14      0   100%
sonic_platform_base/sonic_xcvr/mem_maps/public/cmis/elsfp/pages/page1b.py         9      0   100%
sonic_platform_base/sonic_xcvr/mem_maps/public/cmis/pages/__init__.py            18      0   100%
sonic_platform_base/sonic_xcvr/mem_maps/public/cmis/pages/consts.py              12      0   100%
sonic_platform_base/sonic_xcvr/mem_maps/public/cmis/pages/page00_cdb.py           8      0   100%
sonic_platform_base/sonic_xcvr/mem_maps/public/cmis/pages/page00_lower.py        14      0   100%
sonic_platform_base/sonic_xcvr/mem_maps/public/cmis/pages/page00_upper.py         9      0   100%
sonic_platform_base/sonic_xcvr/mem_maps/public/cmis/pages/page01.py              12      0   100%
sonic_platform_base/sonic_xcvr/mem_maps/public/cmis/pages/page02.py               8      0   100%
sonic_platform_base/sonic_xcvr/mem_maps/public/cmis/pages/page2f.py               8      0   100%
sonic_platform_base/sonic_xcvr/mem_maps/public/cmis/pages/page04.py               7      0   100%
sonic_platform_base/sonic_xcvr/mem_maps/public/cmis/pages/page9f.py               8      0   100%
sonic_platform_base/sonic_xcvr/mem_maps/public/cmis/pages/page9f_cdb.py           9      0   100%
sonic_platform_base/sonic_xcvr/mem_maps/public/cmis/pages/page10.py              10      0   100%
sonic_platform_base/sonic_xcvr/mem_maps/public/cmis/pages/page11.py              12      0   100%
sonic_platform_base/sonic_xcvr/mem_maps/public/cmis/pages/page12.py               9      0   100%
sonic_platform_base/sonic_xcvr/mem_maps/public/cmis/pages/page13.py               8      0   100%
sonic_platform_base/sonic_xcvr/mem_maps/public/cmis/pages/page34.py               7      0   100%
sonic_platform_base/sonic_xcvr/mem_maps/public/cmis/pages/page35.py               7      0   100%
sonic_platform_base/sonic_xcvr/mem_maps/public/cmis/pages/page.py                39      3    92%
sonic_platform_base/sonic_xcvr/mem_maps/public/sff8436.py                        22      0   100%
sonic_platform_base/sonic_xcvr/mem_maps/public/sff8472.py                        18      0   100%
sonic_platform_base/sonic_xcvr/mem_maps/public/sff8636.py                        24      0   100%
sonic_platform_base/sonic_xcvr/mem_maps/xcvr_mem_map.py                          16      0   100%
sonic_platform_base/sonic_xcvr/optoe_eeprom_rw.py                                56      3    95%
sonic_platform_base/sonic_xcvr/sfp_optoe_base.py                                202    113    44%
sonic_platform_base/sonic_xcvr/utils/__init__.py                                  0      0   100%
sonic_platform_base/sonic_xcvr/utils/cache.py                                    16      0   100%
sonic_platform_base/sonic_xcvr/xcvr_api_factory.py                               75      6    92%
sonic_platform_base/sonic_xcvr/xcvr_eeprom.py                                    32     10    69%
sonic_platform_base/thermal_base.py                                              25     11    56%
sonic_platform_base/watchdog_base.py                                              9      4    56%
-------------------------------------------------------------------------------------------------
TOTAL                                                                         12124   3664    70%
Coverage HTML written to dir htmlcov
Coverage XML written to file coverage.xml

=========================== short test summary info ============================
FAILED tests/sfputilhelper_test.py::TestSfpUtilHelper::test_read_port_mappings - OSError: Failed to locate platform directory
FAILED tests/sfputilhelper_test.py::TestSfpUtilHelper::test_read_all_port_mappings - OSError: Failed to locate platform directory
FAILED tests/sfputilhelper_test.py::TestSfpUtilHelper::test_read_all_port_mappings_role - OSError: Failed to locate platform directory
================= 3 failed, 1286 passed, 45 warnings in 28.23s =================
[  FAIL LOG END  ] [ target/python-wheels/trixie/sonic_platform_common-1.0-py3-none-any.whl ]
make: *** [slave.mk:1164: target/python-wheels/trixie/sonic_platform_common-1.0-py3-none-any.whl] Error 1
make: *** Waiting for unfinished jobs....
[ 01 ] [ target/debs/trixie/p4lang-p4c_1.2.4.2-2_amd64.deb ]
[ 02 ] [ target/docker-config-engine-trixie.gz ]
[ 03 ] [ target/python-wheels/trixie/sonic_bgpcfgd-1.0-py3-none-any.whl ]
[A[K[A[K[A[K[ 01 ] [ target/debs/trixie/p4lang-p4c_1.2.4.2-2_amd64.deb ]
[ 02 ] [ target/docker-config-engine-trixie.gz ]
[A[K[A[K[ 01 ] [ target/debs/trixie/p4lang-p4c_1.2.4.2-2_amd64.deb ]
[A[Kmake[1]: *** [Makefile.work:751: target/sonic-vs.bin] Error 2
make[1]: Leaving directory '/data/sonic/sonic-dzf-time-measure'
make: *** [Makefile:50: target/sonic-vs.bin] Error 2
