+++ --- Making target/sonic-vs.bin__vs__rfs.squashfs --- +++
./scripts/run_with_retry make BLDENV=trixie -f Makefile.work target/sonic-vs.bin__vs__rfs.squashfs
make[1]: Entering directory '/data/sonic/sonic-dzf-time-measure'
sudo: A terminal is required to authenticate
"SECURE_UPGRADE_PROD_SIGNING_TOOL": ""
/data/sonic/sonic-dzf-time-measure/src/sonic-build-hooks /data/sonic/sonic-dzf-time-measure
make[2]: Entering directory '/data/sonic/sonic-dzf-time-measure/src/sonic-build-hooks'
dpkg-deb: warning: root directory tmp/sonic-build-hooks has unusual owner or group 17388989:983
dpkg-deb: hint: you might need to pass --root-owner-group, see <https://wiki.debian.org/Teams/Dpkg/RootlessBuilds> for further details
dpkg-deb: warning: ignoring 1 warning about the control file(s)
dpkg-deb: building package 'sonic-build-hooks' in 'buildinfo/sonic-build-hooks_1.0_all.deb'.
make[2]: Leaving directory '/data/sonic/sonic-dzf-time-measure/src/sonic-build-hooks'
/data/sonic/sonic-dzf-time-measure
Checking sonic-slave-base image: sonic-slave-trixie:ca17477b760
Checking sonic-slave-user image: sonic-slave-trixie-qiuying.xzc:0e69d80ab15
SONiC Build System

Build Configuration
"CONFIGURED_PLATFORM"             : "vs"
"CONFIGURED_ARCH"                 : "amd64"
"SONIC_CONFIG_PRINT_DEPENDENCIES" : ""
"SONIC_BUILD_JOBS"                : "8"
"SONIC_CONFIG_MAKE_JOBS"          : "192"
"USE_NATIVE_DOCKERD_FOR_BUILD"    : ""
"USE_DOCKER_CACHE"               : ""
"SONIC_CONFIG_USE_CCACHE"         : "n"
"USERNAME"                        : "admin"
"PASSWORD"                        : "YourPaSsWoRd"
"CHANGE_DEFAULT_PASSWORD"         : "n"
"SECURE_UPGRADE_MODE"             : "no_sign"
"SECURE_UPGRADE_DEV_SIGNING_KEY"  : ""
"SECURE_UPGRADE_SIGNING_CERT"     : ""
"SECURE_UPGRADE_KERNEL_CAFILE"    : ""
"SECURE_UPGRADE_PROD_SIGNING_TOOL": ""
"SECURE_UPGRADE_PROD_TOOL_ARGS"   : ""
"ONIE_IMAGE_PART_SIZE"            : ""
"SHUTDOWN_BGP_ON_START"           : ""
"ENABLE_PFCWD_ON_START"           : ""
"SONIC_BUFFER_MODEL"              : ""
"INSTALL_DEBUG_TOOLS"             : ""
"ROUTING_STACK"                   : "frr"
"FRR_USER_UID"                    : "300"
"FRR_USER_GID"                    : "300"
"ENABLE_FRR_TCMALLOC"             : "y"
"ENABLE_SYNCD_RPC"                : ""
"SAITHRIFT_V2"                    : ""
"ENABLE_ORGANIZATION_EXTENSIONS"  : "y"
"HTTP_PROXY"                      : "http://127.0.0.1:9"
"HTTPS_PROXY"                     : "http://127.0.0.1:9"
"NO_PROXY"                        : "localhost,127.0.0.1,0.0.0.0"
"ENABLE_ZTP"                      : ""
"INCLUDE_PDE"                     : ""
"SONIC_DEBUGGING_ON"              : ""
"SONIC_PROFILING_ON"              : ""
"KERNEL_PROCURE_METHOD"           : "build"
"BUILD_TIMESTAMP"                 : "20260906.075239"
"BUILD_LOG_TIMESTAMP"             : "none"
"SONIC_IMAGE_VERSION"             : "master.0-dirty-20260906.075239"
"BLDENV"                          : "trixie"
"VS_PREPARE_MEM"                  : "yes"
"INCLUDE_MGMT_FRAMEWORK"          : "y"
"INCLUDE_ICCPD"                   : "n"
"INCLUDE_STP"                     : ""
"INCLUDE_SYSTEM_TELEMETRY"        : "n"
"INCLUDE_SYSTEM_GNMI"             : "y"
"INCLUDE_SYSTEM_BMP"              : "y"
"INCLUDE_SYSTEM_OTEL"             : "y"
"INCLUDE_SYSTEM_EVENTD"           : "y"
"ENABLE_HOST_SERVICE_ON_START"    : "y"
"INCLUDE_RESTAPI"                 : "n"
"INCLUDE_SFLOW"                   : "y"
"INCLUDE_NAT"                     : "y"
"INCLUDE_DHCP_RELAY"              : "y"
"INCLUDE_DHCP_SERVER"             : "n"
"INCLUDE_P4RT"                    : "n"
"INCLUDE_VS_DASH_SAI"             : "y"
"INCLUDE_KUBERNETES"              : "n"
"INCLUDE_KUBERNETES_MASTER"       : "n"
"INCLUDE_MACSEC"                  : "y"
"INCLUDE_MUX"                     : "y"
"INCLUDE_TEAMD"                   : "y"
"INCLUDE_DASH_HA"                 : "y"
"INCLUDE_ROUTER_ADVERTISER"       : "y"
"INCLUDE_SNMP"                    : "y"
"INCLUDE_LLDP"                    : "y"
"INCLUDE_BOOTCHART                : "y"
"ENABLE_BOOTCHART                 : "n"
"INCLUDE_FIPS"                    : "y"
"ENABLE_TRANSLIB_WRITE"           : ""
"ENABLE_NATIVE_WRITE"             : "y"
"ENABLE_DIALOUT"                  : ""
"ENABLE_AUTO_TECH_SUPPORT"        : "y"
"PDDF_SUPPORT"                    : "y"
"MULTIARCH_QEMU_ENVIRON"          : "n"
"SONIC_VERSION_CONTROL_COMPONENTS": "py2,py3,web,git,docker"
"ENABLE_ASAN"                     : "n"
"DEFAULT_CONTAINER_REGISTRY"      : "publicmirror.azurecr.io/"
"BUILD_MULTIASIC_KVM"             : "n"
"CROSS_BUILD_ENVIRON"             : "n"
"INCLUDE_EXTERNAL_PATCHES"        : "n"
"PTF_ENV_PY_VER"                  : "py3"
"ENABLE_MULTIDB"                  : ""
"ENABLE_SBOM"                     : "n"
"SBOM_FORMAT"                     : "both"
"SBOM_SCAN_TOOL"                  : "syft"
"SBOM_INCLUDE_LICENSES"           : "y"
"SBOM_STRICT"                     : "y"

"SONIC_DPKG_CACHE_METHOD"         : "none"

[ building ] [ target/sonic-vs.bin__vs__rfs.squashfs ] 
[ finished ] [ target/sonic-vs.bin__vs__rfs.squashfs ] 
[ FAIL LOG START ] [ target/sonic-vs.bin__vs__rfs.squashfs ]
Build start time: Sat Sep 5 23:52:51 UTC 2026
++ '[' -f .arch ']'
++ cat .arch
+ CONFIGURED_ARCH=amd64
+ DOCKER_VERSION=5:28.5.2-1~debian.13~trixie
+ CONTAINERD_IO_VERSION=1.7.28-2~debian.13~trixie
+ LINUX_KERNEL_VERSION=6.12.41+deb13
+ FILESYSTEM_ROOT=./fsroot
+ PLATFORM_DIR=platform
+ HOSTNAME=sonic
+ DEFAULT_USERINFO='Default admin user,,,'
+ BUILD_TOOL_PATH=src/sonic-build-hooks/buildinfo
+ TRUSTED_GPG_DIR=src/sonic-build-hooks/buildinfo/trusted.gpg.d
+ . ./onie-image.conf
++ : 32768
++ : x86_64
++ : vs
++ ONIEIMAGE_VERSION=r0
++ FILESYSTEM_ROOT=./fsroot-vs
++ FILESYSTEM_SQUASHFS=fs.squashfs
++ INSTALLER_PAYLOAD=fs.zip
++ FILESYSTEM_DOCKERFS=dockerfs.tar.gz
++ DOCKERFS_DIR=docker
++ DOCKER_RAMFS_SIZE=3500M
++ OUTPUT_ONIE_IMAGE=target/sonic-vs.bin
++ OUTPUT_RAW_IMAGE=target/sonic-vs.raw
++ RAW_IMAGE_DISK_SIZE=1700
++ OUTPUT_KVM_IMAGE=target/sonic-vs.img
++ KVM_IMAGE_DISK_SIZE=16
++ OUTPUT_ABOOT_IMAGE=target/sonic-aboot-vs.swi
++ ABOOT_BOOT_IMAGE=.sonic-boot.swi
++ OUTPUT_KVM_4ASIC_IMAGE=target/sonic-4asic-vs.img
++ OUTPUT_KVM_6ASIC_IMAGE=target/sonic-6asic-vs.img
++ OUTPUT_DSC_IMAGE=target/sonic-vs.tar
+ '[' -n 32768 ']'
+ '[' -n fs.zip ']'
+ '[' -n fs.squashfs ']'
+ '[' onie = aboot ']'
+ [[ n != y ]]
+ [[ -d ./fsroot-vs ]]
+ mkdir -p ./fsroot-vs
+ mkdir -p ./fsroot-vs/platform
+ touch ./fsroot-vs/platform/firsttime
+ bootloader_packages=
+ '[' grub '!=' aboot ']'
+ mkdir -p ./fsroot-vs/platform/grub
+ bootloader_packages=grub2-common
+ sudo mount proc /proc -t proc
+ echo '[INFO] Build host debian base system...'
[INFO] Build host debian base system...
+ TARGET_PATH=target
+ scripts/build_debian_base_system.sh amd64 trixie ./fsroot-vs http://127.0.0.1:9
I: Target architecture can be executed
I: Chosen extractor for .deb packages: dpkg-deb
I: Extracting apt...
I: Extracting base-files...
I: Extracting base-passwd...
I: Extracting bash...
I: Extracting bsdutils...
I: Extracting coreutils...
I: Extracting dash...
I: Extracting debconf...
I: Extracting debian-archive-keyring...
I: Extracting debianutils...
I: Extracting diffutils...
I: Extracting dpkg...
I: Extracting findutils...
I: Extracting gcc-14-base...
I: Extracting grep...
I: Extracting gzip...
I: Extracting hostname...
I: Extracting init-system-helpers...
I: Extracting libacl1...
I: Extracting libapt-pkg7.0...
I: Extracting libattr1...
I: Extracting libaudit-common...
I: Extracting libaudit1...
I: Extracting libblkid1...
I: Extracting libbsd0...
I: Extracting libbz2-1.0...
I: Extracting libc-bin...
I: Extracting libc6...
I: Extracting libcap-ng0...
I: Extracting libcap2...
I: Extracting libcrypt1...
I: Extracting libdb5.3t64...
I: Extracting libdebconfclient0...
I: Extracting libgcc-s1...
I: Extracting libgmp10...
I: Extracting libhogweed6t64...
I: Extracting liblastlog2-2...
I: Extracting liblz4-1...
I: Extracting liblzma5...
I: Extracting libmd0...
I: Extracting libmount1...
I: Extracting libnettle8t64...
I: Extracting libpam-modules...
I: Extracting libpam-modules-bin...
I: Extracting libpam-runtime...
I: Extracting libpam0g...
I: Extracting libpcre2-8-0...
I: Extracting libseccomp2...
I: Extracting libselinux1...
I: Extracting libsemanage-common...
I: Extracting libsemanage2...
I: Extracting libsepol2...
I: Extracting libsmartcols1...
I: Extracting libsqlite3-0...
I: Extracting libssl3t64...
I: Extracting libstdc++6...
I: Extracting libsystemd0...
I: Extracting libtinfo6...
I: Extracting libudev1...
I: Extracting libuuid1...
I: Extracting libxxhash0...
I: Extracting libzstd1...
I: Extracting login...
I: Extracting login.defs...
I: Extracting mawk...
I: Extracting mount...
I: Extracting ncurses-base...
I: Extracting ncurses-bin...
I: Extracting openssl-provider-legacy...
I: Extracting passwd...
I: Extracting perl-base...
I: Extracting sed...
I: Extracting sqv...
I: Extracting sysvinit-utils...
I: Extracting tar...
I: Extracting tzdata...
I: Extracting util-linux...
I: Extracting zlib1g...
I: Installing core packages...
I: Unpacking required packages...
I: Unpacking apt...
I: Unpacking base-files...
I: Unpacking base-passwd...
I: Unpacking bash...
I: Unpacking bsdutils...
I: Unpacking coreutils...
I: Unpacking dash...
I: Unpacking debconf...
I: Unpacking debian-archive-keyring...
I: Unpacking debianutils...
I: Unpacking diffutils...
I: Unpacking dpkg...
I: Unpacking findutils...
I: Unpacking gcc-14-base:amd64...
I: Unpacking grep...
I: Unpacking gzip...
I: Unpacking hostname...
I: Unpacking init-system-helpers...
I: Unpacking libacl1:amd64...
I: Unpacking libapt-pkg7.0:amd64...
I: Unpacking libattr1:amd64...
I: Unpacking libaudit-common...
I: Unpacking libaudit1:amd64...
I: Unpacking libblkid1:amd64...
I: Unpacking libbsd0:amd64...
I: Unpacking libbz2-1.0:amd64...
I: Unpacking libc-bin...
I: Unpacking libc6:amd64...
I: Unpacking libcap-ng0:amd64...
I: Unpacking libcap2:amd64...
I: Unpacking libcrypt1:amd64...
I: Unpacking libdb5.3t64:amd64...
I: Unpacking libdebconfclient0:amd64...
I: Unpacking libgcc-s1:amd64...
I: Unpacking libgmp10:amd64...
I: Unpacking libhogweed6t64:amd64...
I: Unpacking liblastlog2-2:amd64...
I: Unpacking liblz4-1:amd64...
I: Unpacking liblzma5:amd64...
I: Unpacking libmd0:amd64...
I: Unpacking libmount1:amd64...
I: Unpacking libnettle8t64:amd64...
I: Unpacking libpam-modules:amd64...
I: Unpacking libpam-modules-bin...
I: Unpacking libpam-runtime...
I: Unpacking libpam0g:amd64...
I: Unpacking libpcre2-8-0:amd64...
I: Unpacking libseccomp2:amd64...
I: Unpacking libselinux1:amd64...
I: Unpacking libsemanage-common...
I: Unpacking libsemanage2:amd64...
I: Unpacking libsepol2:amd64...
I: Unpacking libsmartcols1:amd64...
I: Unpacking libsqlite3-0:amd64...
I: Unpacking libssl3t64:amd64...
I: Unpacking libstdc++6:amd64...
I: Unpacking libsystemd0:amd64...
I: Unpacking libtinfo6:amd64...
I: Unpacking libudev1:amd64...
I: Unpacking libuuid1:amd64...
I: Unpacking libxxhash0:amd64...
I: Unpacking libzstd1:amd64...
I: Unpacking login...
I: Unpacking login.defs...
I: Unpacking mawk...
I: Unpacking mount...
I: Unpacking ncurses-base...
I: Unpacking ncurses-bin...
I: Unpacking openssl-provider-legacy...
I: Unpacking passwd...
I: Unpacking perl-base...
I: Unpacking sed...
I: Unpacking sqv...
I: Unpacking sysvinit-utils...
I: Unpacking tar...
I: Unpacking tzdata...
I: Unpacking util-linux...
I: Unpacking zlib1g:amd64...
I: Configuring required packages...
I: Configuring gcc-14-base:amd64...
I: Configuring login.defs...
I: Configuring debian-archive-keyring...
I: Configuring libaudit-common...
I: Configuring libsemanage-common...
I: Configuring debconf...
I: Configuring tzdata...
I: Configuring ncurses-base...
I: Configuring init-system-helpers...
I: Configuring libgcc-s1:amd64...
I: Configuring libc6:amd64...
I: Configuring libdb5.3t64:amd64...
I: Configuring libmd0:amd64...
I: Configuring libxxhash0:amd64...
I: Configuring libattr1:amd64...
I: Configuring sysvinit-utils...
I: Configuring debianutils...
I: Configuring mawk...
I: Configuring libdebconfclient0:amd64...
I: Configuring base-files...
I: Configuring libbz2-1.0:amd64...
I: Configuring libbsd0:amd64...
I: Configuring libblkid1:amd64...
I: Configuring libstdc++6:amd64...
I: Configuring dash...
I: Configuring libtinfo6:amd64...
I: Configuring bash...
I: Configuring libzstd1:amd64...
I: Configuring liblzma5:amd64...
I: Configuring liblz4-1:amd64...
I: Configuring libc-bin...
I: Configuring libsqlite3-0:amd64...
I: Configuring ncurses-bin...
I: Configuring libacl1:amd64...
I: Configuring libsmartcols1:amd64...
I: Configuring zlib1g:amd64...
I: Configuring libcrypt1:amd64...
I: Configuring diffutils...
I: Configuring libseccomp2:amd64...
I: Configuring libcap2:amd64...
I: Configuring perl-base...
I: Configuring openssl-provider-legacy...
I: Configuring hostname...
I: Configuring libcap-ng0:amd64...
I: Configuring libnettle8t64:amd64...
I: Configuring libgmp10:amd64...
I: Configuring libaudit1:amd64...
I: Configuring gzip...
I: Configuring libuuid1:amd64...
I: Configuring libsepol2:amd64...
I: Configuring libpcre2-8-0:amd64...
I: Configuring libudev1:amd64...
I: Configuring libhogweed6t64:amd64...
I: Configuring sqv...
I: Configuring grep...
I: Configuring libssl3t64:amd64...
I: Configuring liblastlog2-2:amd64...
I: Configuring libsystemd0:amd64...
I: Configuring libselinux1:amd64...
I: Configuring libpam0g:amd64...
I: Configuring sed...
I: Configuring findutils...
I: Configuring libmount1:amd64...
I: Configuring libsemanage2:amd64...
I: Configuring libapt-pkg7.0:amd64...
I: Configuring base-passwd...
I: Configuring apt...
I: Configuring bsdutils...
I: Configuring tar...
I: Configuring libpam-modules-bin...
I: Configuring coreutils...
I: Configuring dpkg...
I: Configuring mount...
I: Configuring libpam-modules:amd64...
I: Configuring passwd...
I: Configuring libpam-runtime...
I: Configuring login...
I: Configuring util-linux...
I: Configuring libc-bin...
I: Unpacking the base system...
I: Base system installed successfully.
+ [[ -n /rootfs-cache/make-rootfs-apt-cache ]]
+ [[ -f /rootfs-cache/make-rootfs-apt-cache/cache.tgz ]]
+ sudo mkdir -p ./fsroot-vs/sonic/target/vcache/host-image
+ sudo cp -f /rootfs-cache/make-rootfs-apt-cache/cache.tgz ./fsroot-vs/sonic/target/vcache/host-image/cache.tgz
+ sudo SONIC_VERSION_CACHE=rcache DBGOPT= scripts/prepare_debian_image_buildinfo.sh amd64 trixie ./fsroot-vs http://127.0.0.1:9
Selecting previously unselected package sonic-build-hooks.
(Reading database ... 4936 files and directories currently installed.)
Preparing to unpack .../sonic-build-hooks_1.0_all.deb ...
Unpacking sonic-build-hooks (1.0) ...
Setting up sonic-build-hooks (1.0) ...
/usr/sbin/collect_version_files: line 33: /dev/fd/63: No such file or directory
./
./apt-lists/
./apt-lists/debian-archive.trafficmanager.net_debian_dists_trixie-updates_main_source_Sources.lz4
./apt-lists/debian-archive.trafficmanager.net_debian-security_dists_trixie-security_non-free-firmware_source_Sources.lz4
./apt-lists/debian-archive.trafficmanager.net_debian_dists_trixie_contrib_source_Sources.lz4
./apt-lists/debian-archive.trafficmanager.net_debian_dists_trixie-backports_non-free-firmware_binary-amd64_Packages.lz4
./apt-lists/debian-archive.trafficmanager.net_debian_dists_trixie_main_source_Sources.lz4
./apt-lists/debian-archive.trafficmanager.net_debian-security_dists_trixie-security_main_binary-amd64_Packages.lz4
./apt-lists/debian-archive.trafficmanager.net_debian_dists_trixie_non-free-firmware_source_Sources.lz4
./apt-lists/debian-archive.trafficmanager.net_debian_dists_trixie-backports_InRelease
./apt-lists/debian-archive.trafficmanager.net_debian-security_dists_trixie-security_main_source_Sources.lz4
./apt-lists/download.docker.com_linux_debian_dists_trixie_stable_binary-amd64_Packages.lz4
./apt-lists/debian-archive.trafficmanager.net_debian_dists_trixie_main_binary-amd64_Packages.lz4
./apt-lists/download.docker.com_linux_debian_dists_trixie_InRelease
./apt-lists/debian-archive.trafficmanager.net_debian_dists_trixie-updates_InRelease
./apt-lists/auxfiles/
./apt-lists/debian-archive.trafficmanager.net_debian-security_dists_trixie-security_non-free-firmware_binary-amd64_Packages.lz4
./apt-lists/debian-archive.trafficmanager.net_debian_dists_trixie-backports_main_binary-amd64_Packages.lz4
./apt-lists/debian-archive.trafficmanager.net_debian_dists_trixie-backports_contrib_binary-amd64_Packages.lz4
./apt-lists/debian-archive.trafficmanager.net_debian_dists_trixie_InRelease
./apt-lists/debian-archive.trafficmanager.net_debian_dists_trixie_non-free-firmware_binary-amd64_Packages.lz4
./apt-lists/debian-archive.trafficmanager.net_debian-security_dists_trixie-security_contrib_binary-amd64_Packages.lz4
./apt-lists/debian-archive.trafficmanager.net_debian_dists_trixie_contrib_binary-amd64_Packages.lz4
./apt-lists/debian-archive.trafficmanager.net_debian-security_dists_trixie-security_contrib_source_Sources.lz4
./apt-lists/debian-archive.trafficmanager.net_debian_dists_trixie-updates_main_binary-amd64_Packages.lz4
./apt-lists/debian-archive.trafficmanager.net_debian-security_dists_trixie-security_InRelease
./web/
./web/gpg-1afae06b34a13c1b3d9cb61a26285a15.tgz
./deb/
./deb/python3-prefixed_0.7.0-1_all.deb
./deb/libgirepository-2.0-0_2.84.4-3~deb13u3_amd64.deb
./deb/pciutils_1%3a3.13.0-2_amd64.deb
./deb/libgmp10_2%3a6.3.0+dfsg-3_amd64.deb
./deb/libc-bin_2.41-12+deb13u3_amd64.deb
./deb/libpsl5t64_0.21.2-1.1+b1_amd64.deb
./deb/less_668-1_amd64.deb
./deb/zlib1g-dev_1%3a1.3.dfsg+really1.3.1-1+b1_amd64.deb
./deb/libpam-modules-bin_1.7.0-5_amd64.deb
./deb/libpam-ldapd_0.9.13-1_amd64.deb
./deb/libexpat1-dev_2.8.3-1~deb13u1_amd64.deb
./deb/libgpg-error0_1.51-4_amd64.deb
./deb/bsdutils_1%3a2.41-5_amd64.deb
./deb/apparmor_4.1.0-1_amd64.deb
./deb/libdebuginfod1t64_0.192-4_amd64.deb
./deb/media-types_13.0.0_all.deb
./deb/vim-common_2%3a9.1.1230-2_all.deb
./deb/libtss2-fapi1t64_4.1.3-1.2_amd64.deb
./deb/libkrb5support0_1.21.3-5+deb13u1_amd64.deb
./deb/python3-ply_3.11-9_all.deb
./deb/nvme-cli_2.13-2_amd64.deb
./deb/libtraceevent1_1%3a1.8.4-2_amd64.deb
./deb/libxrender-dev_1%3a0.9.12-1_amd64.deb
./deb/ca-certificates_20250419_all.deb
./deb/pigz_2.8-1_amd64.deb
./deb/libselinux1-dev_3.8.1-1_amd64.deb
./deb/libnftables1_1.1.3-1_amd64.deb
./deb/libisl23_0.27-1_amd64.deb
./deb/libtss2-mu-4.0.1-0t64_4.1.3-1.2_amd64.deb
./deb/libidn2-0_2.3.8-2_amd64.deb
./deb/libpgm-5.3-0t64_5.3.128~dfsg-2.1+b1_amd64.deb
./deb/python3-yaml_6.0.2-1+b2_amd64.deb
./deb/liblastlog2-2_2.41.5-0+deb13u1_amd64.deb
./deb/cracklib-runtime_2.9.6-5.2+b1_amd64.deb
./deb/libpam-systemd_257.13-1~deb13u1_amd64.deb
./deb/debian-archive-keyring_2025.1_all.deb
./deb/sqlite3_3.46.1-7+deb13u1_amd64.deb
./deb/libseccomp2_2.6.0-2_amd64.deb
./deb/make_4.4.1-2_amd64.deb
./deb/libmount1_2.41-5_amd64.deb
./deb/openssh-client_1%3a10.0p1-7+deb13u4_amd64.deb
./deb/libxcb1-dev_1.17.0-2+b1_amd64.deb
./deb/jq_1.7.1-6+deb13u3_amd64.deb
./deb/python3-jinja2_3.1.6-1_all.deb
./deb/libsodium23_1.0.18-1+deb13u1_amd64.deb
./deb/gir1.2-girepository-2.0-dev_1.84.0-1_amd64.deb
./deb/liblzma5_5.8.1-1+deb13u1_amd64.deb
./deb/libgio-2.0-dev_2.84.4-3~deb13u3_amd64.deb
./deb/rsyslog_8.2504.0-1_amd64.deb
./deb/libpam0g_1.7.0-5_amd64.deb
./deb/libxentoollog1_4.20.3+127-gc42374a105-0+deb13u1_amd64.deb
./deb/udev_257.13-1~deb13u1_amd64.deb
./deb/libdbus-1-3_1.16.2-2_amd64.deb
./deb/python3-idna_3.10-1+deb13u1_all.deb
./deb/libxcb-render0-dev_1.17.0-2+b1_amd64.deb
./deb/libapt-pkg7.0_3.0.3_amd64.deb
./deb/libcc1-0_14.2.0-19_amd64.deb
./deb/mount_2.41.5-0+deb13u1_amd64.deb
./deb/systemd-sysv_257.13-1~deb13u1_amd64.deb
./deb/libcrypt-dev_1%3a4.4.38-1_amd64.deb
./deb/pkgconf_1.8.1-4_amd64.deb
./deb/cpp_4%3a14.2.0-1_amd64.deb
./deb/libjansson4_2.14-2+b3_amd64.deb
./deb/libtsan2_14.2.0-19_amd64.deb
./deb/python3-typeguard_4.4.2-1_all.deb
./deb/libgomp1_14.2.0-19_amd64.deb
./deb/python3-ijson_3.4.0-1_amd64.deb
./deb/libk5crypto3_1.21.3-5+deb13u1_amd64.deb
./deb/sensible-utils_0.0.25_all.deb
./deb/libedit2_3.1-20250104-1_amd64.deb
./deb/gir1.2-glib-2.0_2.84.4-3~deb13u3_amd64.deb
./deb/sqv_1.3.0-3+b2_amd64.deb
./deb/hping3_3.a2.ds2-10.1_amd64.deb
./deb/efibootmgr_18-2_amd64.deb
./deb/libcap2-bin_1%3a2.75-10+deb13u1+b1_amd64.deb
./deb/python3-pkg-resources_78.1.1-0.1_all.deb
./deb/libxenevtchn1_4.20.3+127-gc42374a105-0+deb13u1_amd64.deb
./deb/libnghttp2-14_1.64.0-1.1+deb13u1_amd64.deb
./deb/libpixman-1-dev_0.44.0-3_amd64.deb
./deb/python3-autocommand_2.2.2-3_all.deb
./deb/girepository-tools_2.84.4-3~deb13u3_amd64.deb
./deb/libss2_1.47.2-3+b11_amd64.deb
./deb/libnorm1t64_1.5.9+dfsg-3.1+b2_amd64.deb
./deb/libunistring5_1.3-2_amd64.deb
./deb/native-architecture_0.2.6_all.deb
./deb/libtss2-tcti-cmd0t64_4.1.3-1.2_amd64.deb
./deb/libffi8_3.4.8-2_amd64.deb
./deb/libmnl0_1.0.5-3_amd64.deb
./deb/fonts-dejavu-mono_2.37-8_all.deb
./deb/initramfs-tools-core_0.142_all.deb
./deb/libtasn1-6_4.20.0-2+deb13u1_amd64.deb
./deb/libc6_2.41-12+deb13u3_amd64.deb
./deb/libsysfs2_2.1.1-7_amd64.deb
./deb/libstdc++6_14.2.0-19_amd64.deb
./deb/device-tree-compiler_1.7.2-2+b1_amd64.deb
./deb/firmware-misc-nonfree_20250410-2_all.deb
./deb/sysstat_12.7.5-2_amd64.deb
./deb/bridge-utils_1.7.1-4+b1_amd64.deb
./deb/squashfs-tools_1%3a4.6.1-1_amd64.deb
./deb/libfontconfig-dev_2.15.0-2.3_amd64.deb
./deb/libmount-dev_2.41.5-0+deb13u1_amd64.deb
./deb/libpam-modules_1.7.0-5_amd64.deb
./deb/distro-info-data_0.66+deb13u2_all.deb
./deb/pci.ids_0.0~2025.06.09-1_all.deb
./deb/docker-ce_5%3a28.5.2-1~debian.13~trixie_amd64.deb
./deb/fonts-dejavu-core_2.37-8_all.deb
./deb/libcairo-gobject2_1.18.4-1+b1_amd64.deb
./deb/perl-modules-5.40_5.40.1-6_all.deb
./deb/libpopt0_1.19+dfsg-2_amd64.deb
./deb/cron-daemon-common_3.0pl1-197_all.deb
./deb/python3-bcrypt_4.2.0-2.1+b1_amd64.deb
./deb/libpython3-stdlib_3.13.5-1_amd64.deb
./deb/python3-more-itertools_10.7.0-1_all.deb
./deb/libxcb-render0_1.17.0-2+b1_amd64.deb
./deb/python3-jaraco.text_4.0.0-1_all.deb
./deb/init-system-helpers_1.69~deb13u1_all.deb
./deb/netbase_6.5_all.deb
./deb/libtss2-tcti-spi-helper0t64_4.1.3-1.2_amd64.deb
./deb/apt_3.0.3_amd64.deb
./deb/ncal_12.1.8_amd64.deb
./deb/libkmod2_34.2-2_amd64.deb
./deb/libubsan1_14.2.0-19_amd64.deb
./deb/openssl_3.5.7-1~deb13u2_amd64.deb
./deb/libgcc-14-dev_14.2.0-19_amd64.deb
./deb/libssh2-1t64_1.11.1-1+deb13u1_amd64.deb
./deb/firmware-intel-misc_20250410-2_all.deb
./deb/libcap2_1%3a2.75-10+deb13u1+b1_amd64.deb
./deb/python3-scp_0.15.0-1_all.deb
./deb/python3.13-dev_3.13.5-2+deb13u4_amd64.deb
./deb/libfreeipmi17_1.6.15-1_amd64.deb
./deb/python3-enlighten_1.11.2-1_amd64.deb
./deb/libbabeltrace1_1.5.11-4+b2_amd64.deb
./deb/bsdutils_1%3a2.41.5-0+deb13u1_amd64.deb
./deb/python3-paramiko_3.5.1-3_all.deb
./deb/libgpm2_1.20.7-11+b2_amd64.deb
./deb/libdevmapper1.02.1_2%3a1.02.205-2_amd64.deb
./deb/bzip2_1.0.8-6_amd64.deb
./deb/libxenforeignmemory1_4.20.3+127-gc42374a105-0+deb13u1_amd64.deb
./deb/libxenstore4_4.20.3+127-gc42374a105-0+deb13u1_amd64.deb
./deb/libipmidetect0_1.6.15-1_amd64.deb
./deb/libgnutls30t64_3.8.9-3+deb13u4_amd64.deb
./deb/libcbor0.10_0.10.2-2_amd64.deb
./deb/acl_2.3.2-2+b1_amd64.deb
./deb/iputils-ping_3%3a20240905-3_amd64.deb
./deb/busybox_1%3a1.37.0-6+b8_amd64.deb
./deb/libxenhypfs1_4.20.3+127-gc42374a105-0+deb13u1_amd64.deb
./deb/libdebconfclient0_0.280_amd64.deb
./deb/openssh-sftp-server_1%3a10.0p1-7+deb13u4_amd64.deb
./deb/base-passwd_3.6.7_amd64.deb
./deb/libdb5.3t64_5.3.28+dfsg2-9_amd64.deb
./deb/xtrans-dev_1.4.0-1_all.deb
./deb/conntrack_1%3a1.4.8-2_amd64.deb
./deb/libdbd-sqlite3-perl_1.76-1_amd64.deb
./deb/runit-helper_2.16.4_all.deb
./deb/locales_2.41-12+deb13u3_all.deb
./deb/cpp-x86-64-linux-gnu_4%3a14.2.0-1_amd64.deb
./deb/xml-core_0.19_all.deb
./deb/python3-cffi_1.17.1-3_all.deb
./deb/libsasl2-modules-db_2.1.28+dfsg1-9_amd64.deb
./deb/libgirepository-1.0-1_1.84.0-1_amd64.deb
./deb/sysfsutils_2.1.1-7_amd64.deb
./deb/libsensors-config_1%3a3.6.2-2_all.deb
./deb/hostname_3.25_amd64.deb
./deb/dmsetup_2%3a1.02.205-2_amd64.deb
./deb/libxendevicemodel1_4.20.3+127-gc42374a105-0+deb13u1_amd64.deb
./deb/python3-scapy_2.6.1+dfsg-1_all.deb
./deb/libtcl8.6_8.6.16+dfsg-1_amd64.deb
./deb/libcairo-script-interpreter2_1.18.4-1+b1_amd64.deb
./deb/libfreetype-dev_2.13.3+dfsg-1+deb13u1_amd64.deb
./deb/python3-lxml_5.4.0-1_amd64.deb
./deb/libsemanage-common_3.8.1-1_all.deb
./deb/libjson-c5_0.18+ds-1_amd64.deb
./deb/libi2c0_4.4-2_amd64.deb
./deb/linux-image-6.12.41+deb13-sonic-amd64-unsigned_6.12.41-1_amd64.deb
./deb/python-is-python3_3.13.3-1_all.deb
./deb/libaudit1_1%3a4.0.2-2+b2_amd64.deb
./deb/libsm-dev_2%3a1.2.6-1_amd64.deb
./deb/gir1.2-glib-2.0-dev_2.84.4-3~deb13u3_amd64.deb
./deb/ifmetric_0.3-5_amd64.deb
./deb/xxd_2%3a9.1.1230-2_amd64.deb
./deb/libuuid1_2.41.5-0+deb13u1_amd64.deb
./deb/libtss2-tctildr0t64_4.1.3-1.2_amd64.deb
./deb/libpam-pwquality_1.4.5-5_amd64.deb
./deb/python3-cryptography_43.0.0-3+deb13u1_amd64.deb
./deb/libpcre2-dev_10.46-1~deb13u1_amd64.deb
./deb/python3-netifaces_0.11.0-2+b6_amd64.deb
./deb/fdisk_2.41.5-0+deb13u1_amd64.deb
./deb/patch_2.8-2_amd64.deb
./deb/libsasl2-2_2.1.28+dfsg1-9_amd64.deb
./deb/ndisc6_1.0.7-1_amd64.deb
./deb/containerd.io_1.7.28-2~debian.13~trixie_amd64.deb
./deb/python3-click_8.2.0+0.really.8.1.8-1_all.deb
./deb/libsmartcols1_2.41-5_amd64.deb
./deb/rsync_3.4.1+ds1-5+deb13u4_amd64.deb
./deb/gdisk_1.0.10-2_amd64.deb
./deb/libxencall1_4.20.3+127-gc42374a105-0+deb13u1_amd64.deb
./deb/libsepol2_3.8.1-1_amd64.deb
./deb/libmagic1t64_1%3a5.46-5_amd64.deb
./deb/libreadline8t64_8.2-6_amd64.deb
./deb/dbus-system-bus-common_1.16.2-2_all.deb
./deb/libpam-runtime_1.7.0-5_all.deb
./deb/libbsd0_0.12.2-2_amd64.deb
./deb/libonig5_6.9.9-1+b1_amd64.deb
./deb/kmod_34.2-2_amd64.deb
./deb/libkeyutils1_1.6.3-6_amd64.deb
./deb/freeipmi-tools_1.6.15-1_amd64.deb
./deb/libfuse2t64_2.9.9-9_amd64.deb
./deb/python3-markdown_3.7-2+deb13u1_all.deb
./deb/fontconfig-config_2.15.0-2.3_amd64.deb
./deb/libxcb-shm0_1.17.0-2+b1_amd64.deb
./deb/traceroute_1%3a2.1.6-1_amd64.deb
./deb/mawk_1.3.4.20250131-1_amd64.deb
./deb/gcc-14-x86-64-linux-gnu_14.2.0-19_amd64.deb
./deb/iptables-persistent_1.0.23_all.deb
./deb/python3-packaging_25.0-1_all.deb
./deb/libtss2-esys-3.0.2-0t64_4.1.3-1.2_amd64.deb
./deb/libwrap0_7.6.q-36_amd64.deb
./deb/libgirepository1.0-dev_1.84.0-1_amd64.deb
./deb/libngtcp2-crypto-gnutls8_1.11.0-1+deb13u1_amd64.deb
./deb/libtinfo6_6.5+20250216-2_amd64.deb
./deb/liblsan0_14.2.0-19_amd64.deb
./deb/procps_2%3a4.0.4-9_amd64.deb
./deb/debconf_1.5.91_all.deb
./deb/python3-nacl_1.5.0-7_amd64.deb
./deb/python3-jaraco.context_6.0.1-1+deb13u1_all.deb
./deb/iptables_1.8.11-2_amd64.deb
./deb/firmware-linux-nonfree_20250410-2_all.deb
./deb/libctf-nobfd0_2.44-3_amd64.deb
./deb/g++-x86-64-linux-gnu_4%3a14.2.0-1_amd64.deb
./deb/hdparm_9.65+ds-1.1_amd64.deb
./deb/python-apt-common_3.0.0_all.deb
./deb/python3-certifi_2025.1.31+ds-1_all.deb
./deb/psmisc_23.7-2_amd64.deb
./deb/gcc-14-base_14.2.0-19_amd64.deb
./deb/libbinutils_2.44-3_amd64.deb
./deb/libc-l10n_2.41-12+deb13u3_all.deb
./deb/python3-requests_2.32.3+dfsg-5+deb13u1_all.deb
./deb/libstdc++-14-dev_14.2.0-19_amd64.deb
./deb/libefivar1t64_38-3.1+b1_amd64.deb
./deb/libnettle8t64_3.10.1-1_amd64.deb
./deb/libpkgconf3_1.8.1-4_amd64.deb
./deb/libxenmisc4.20_4.20.3+127-gc42374a105-0+deb13u1_amd64.deb
./deb/lock
./deb/libip6tc2_1.8.11-2_amd64.deb
./deb/sgml-base_1.31+nmu1_all.deb
./deb/libquadmath0_14.2.0-19_amd64.deb
./deb/python3-inflect_7.3.1-2_all.deb
./deb/libubootenv0.1_0.3.5-0.1+b2_amd64.deb
./deb/libmd0_1.1.0-2+b1_amd64.deb
./deb/libctf0_2.44-3_amd64.deb
./deb/systemd_257.13-1~deb13u1_amd64.deb
./deb/binutils-common_2.44-3_amd64.deb
./deb/libcurl3t64-gnutls_8.14.1-2+deb13u4_amd64.deb
./deb/libcap-ng0_0.8.5-4+b1_amd64.deb
./deb/libx11-dev_2%3a1.8.12-1_amd64.deb
./deb/openssh-server_1%3a10.0p1-7+deb13u4_amd64.deb
./deb/libselinux1_3.8.1-1_amd64.deb
./deb/libasan8_14.2.0-19_amd64.deb
./deb/sbsigntool_0.9.4-3.2_amd64.deb
./deb/libext2fs2t64_1.47.2-3+b11_amd64.deb
./deb/xz-utils_5.8.1-1+deb13u1_amd64.deb
./deb/libattr1_1%3a2.5.2-3_amd64.deb
./deb/libxrender1_1%3a0.9.12-1_amd64.deb
./deb/python3-dbus_1.4.0-1_amd64.deb
./deb/ldap-utils_2.6.10+dfsg-1_amd64.deb
./deb/libpython3.13-dev_3.13.5-2+deb13u4_amd64.deb
./deb/libtss2-tcti-swtpm0t64_4.1.3-1.2_amd64.deb
./deb/libapparmor1_4.1.0-1_amd64.deb
./deb/libx11-6_2%3a1.8.12-1_amd64.deb
./deb/gir1.2-girepository-2.0_1.84.0-1_amd64.deb
./deb/python3-gi_3.50.0-4+b1_amd64.deb
./deb/pkgconf-bin_1.8.1-4_amd64.deb
./deb/ebtables_2.0.11-6_amd64.deb
./deb/libdpkg-perl_1.22.22_all.deb
./deb/liblognorm5_2.0.6-5_amd64.deb
./deb/systemd-bootchart_235-2_amd64.deb
./deb/libdw1t64_0.192-4_amd64.deb
./deb/libpcap0.8t64_1.10.5-2_amd64.deb
./deb/libpython3-dev_3.13.5-1_amd64.deb
./deb/libncurses6_6.5+20250216-2_amd64.deb
./deb/liblz4-1_1.10.0-4_amd64.deb
./deb/python3-apt_3.0.0_amd64.deb
./deb/python3-cffi-backend_1.17.1-3_amd64.deb
./deb/xorg-sgml-doctools_1%3a1.11-1.1_all.deb
./deb/sudo_1.9.16p2-3+deb13u2_amd64.deb
./deb/gpg_2.4.7-21+deb13u1+b4_amd64.deb
./deb/python3-minimal_3.13.5-1_amd64.deb
./deb/libglib2.0-0t64_2.84.4-3~deb13u3_amd64.deb
./deb/python3-pycparser_2.22-2_all.deb
./deb/libsm6_2%3a1.2.6-1_amd64.deb
./deb/libldap2_2.6.10+dfsg-1_amd64.deb
./deb/j2cli_0.3.12b-5_all.deb
./deb/findutils_4.10.0-3_amd64.deb
./deb/picocom_3.1-4_amd64.deb
./deb/libxml2_2.12.7+dfsg+really2.9.14-2.1+deb13u3_amd64.deb
./deb/libklibc_2.0.14-1_amd64.deb
./deb/grub2-common_2.12-9+deb13u2_amd64.deb
./deb/libffi-dev_3.4.8-2_amd64.deb
./deb/g++-14_14.2.0-19_amd64.deb
./deb/librtmp1_2.4+20151223.gitfa8646d.1-2+b5_amd64.deb
./deb/libxext-dev_2%3a1.3.4-1+b3_amd64.deb
./deb/libuuid1_2.41-5_amd64.deb
./deb/libperl5.40_5.40.1-6_amd64.deb
./deb/libnss-ldapd_0.9.13-1_amd64.deb
./deb/libice-dev_2%3a1.1.1-1_amd64.deb
./deb/lsof_4.99.4+dfsg-2_amd64.deb
./deb/libfdisk1_2.41.5-0+deb13u1_amd64.deb
./deb/libhiredis1.1.0_1.2.0-6+b3_amd64.deb
./deb/python3-wcwidth_0.2.13+dfsg1-1_all.deb
./deb/libssl-dev_3.5.7-1~deb13u2_amd64.deb
./deb/login_1%3a4.16.0-2+really2.41.5-0+deb13u1_amd64.deb
./deb/tar_1.35+dfsg-3.1_amd64.deb
./deb/auditd_1%3a4.0.2-2+b2_amd64.deb
./deb/libpython3.13_3.13.5-2+deb13u4_amd64.deb
./deb/gir1.2-freedesktop_1.84.0-1_amd64.deb
./deb/python3-charset-normalizer_3.4.2-1_amd64.deb
./deb/bsdmainutils_12.1.8_all.deb
./deb/libaudit-common_1%3a4.0.2-2_all.deb
./deb/libssl3t64_3.5.6-1~deb13u2_amd64.deb
./deb/libcairo2-dev_1.18.4-1+b1_amd64.deb
./deb/liblsof0_4.99.4+dfsg-2_amd64.deb
./deb/libdbi-perl_1.652-2~deb13u1_amd64.deb
./deb/gobject-introspection-bin_1.84.0-1_amd64.deb
./deb/login.defs_1%3a4.17.4-2_all.deb
./deb/libgcc-s1_14.2.0-19_amd64.deb
./deb/libgdbm-compat4t64_1.24-2_amd64.deb
./deb/e2fsprogs_1.47.2-3+b11_amd64.deb
./deb/python3.13-minimal_3.13.5-2+deb13u4_amd64.deb
./deb/debianutils_5.23.2_amd64.deb
./deb/libgcrypt20_1.11.0-7+deb13u1_amd64.deb
./deb/libtss2-tcti-device0t64_4.1.3-1.2_amd64.deb
./deb/x11proto-dev_2024.1-1_all.deb
./deb/libcairo2_1.18.4-1+b1_amd64.deb
./deb/libtirpc3t64_1.3.6+ds-1_amd64.deb
./deb/libblkid-dev_2.41.5-0+deb13u1_amd64.deb
./deb/libgprofng0_2.44-3_amd64.deb
./deb/net-tools_2.10-1.3_amd64.deb
./deb/python3-typing-extensions_4.13.2-1_all.deb
./deb/dpkg-dev_1.22.22_all.deb
./deb/libnetfilter-conntrack3_1.1.0-1_amd64.deb
./deb/perl_5.40.1-6_amd64.deb
./deb/util-linux_2.41-5_amd64.deb
./deb/libdbus-1-dev_1.16.2-2_amd64.deb
./deb/libglib2.0-dev-bin_2.84.4-3~deb13u3_amd64.deb
./deb/zstd_1.5.7+dfsg-1_amd64.deb
./deb/util-linux-extra_2.41.5-0+deb13u1_amd64.deb
./deb/libbrotli1_1.1.0-2+b7_amd64.deb
./deb/ncurses-base_6.5+20250216-2_all.deb
./deb/libudev1_257.13-1~deb13u1_amd64.deb
./deb/libpixman-1-0_0.44.0-3_amd64.deb
./deb/pkg-config_1.8.1-4_amd64.deb
./deb/libjs-jquery_3.6.1+dfsg+~3.5.14-1_all.deb
./deb/mtr-tiny_0.95-1.1+b1_amd64.deb
./deb/libtss2-tcti-mssim0t64_4.1.3-1.2_amd64.deb
./deb/libnet1_1.3+dfsg-2_amd64.deb
./deb/nslcd_0.9.13-1_amd64.deb
./deb/libpython3.13-stdlib_3.13.5-2+deb13u4_amd64.deb
./deb/libefiboot1t64_38-3.1+b1_amd64.deb
./deb/liblastlog2-2_2.41-5_amd64.deb
./deb/initramfs-tools_0.142_all.deb
./deb/libglib2.0-bin_2.84.4-3~deb13u3_amd64.deb
./deb/libopencsd1_1.5.5-1_amd64.deb
./deb/logsave_1.47.2-3+b11_amd64.deb
./deb/libitm1_14.2.0-19_amd64.deb
./deb/libcurl4t64_8.14.1-2+deb13u4_amd64.deb
./deb/zlib1g_1%3a1.3.dfsg+really1.3.1-1+b1_amd64.deb
./deb/libcap-dev_1%3a2.75-10+deb13u1+b1_amd64.deb
./deb/openssl-provider-legacy_3.5.6-1~deb13u2_amd64.deb
./deb/libiniparser4_4.2.6-1_amd64.deb
./deb/python3-pip_25.1.1+dfsg-1_all.deb
./deb/iproute2_6.15.0-1_amd64.deb
./deb/gobject-introspection_1.84.0-1_amd64.deb
./deb/sysvinit-utils_3.14-4_amd64.deb
./deb/libglib2.0-data_2.84.4-3~deb13u3_all.deb
./deb/libmagic-mgc_1%3a5.46-5_amd64.deb
./deb/gcc-14_14.2.0-19_amd64.deb
./deb/libp11-kit0_0.25.5-3_amd64.deb
./deb/libestr0_0.1.11-2_amd64.deb
./deb/libcrack2_2.9.6-5.2+b1_amd64.deb
./deb/libfuse3-4_3.17.2-3_amd64.deb
./deb/libatomic1_14.2.0-19_amd64.deb
./deb/mokutil_0.7.2-1_amd64.deb
./deb/libnvme1t64_1.13-2_amd64.deb
./deb/sed_4.9-2+deb13u1_amd64.deb
./deb/libtext-wrapi18n-perl_0.06-10_all.deb
./deb/file_1%3a5.46-5_amd64.deb
./deb/liblua5.1-0_5.1.5-11_amd64.deb
./deb/libc6-dev_2.41-12+deb13u3_amd64.deb
./deb/tpm-udev_0.6+nmu1_all.deb
./deb/tcptraceroute_1.5beta7+debian-4.2_amd64.deb
./deb/x11-common_1%3a7.7+24+deb13u1_all.deb
./deb/dbus_1.16.2-2_amd64.deb
./deb/linux-perf_6.12.107-1_amd64.deb
./deb/wireless-regdb_2026.05.30-1~deb13u1_all.deb
./deb/binutils-x86-64-linux-gnu_2.44-3_amd64.deb
./deb/mtd-utils_1%3a2.3.0-1_amd64.deb
./deb/klibc-utils_2.0.14-1_amd64.deb
./deb/libxcb1_1.17.0-2+b1_amd64.deb
./deb/libgdbm6t64_1.24-2_amd64.deb
./deb/libkrb5-3_1.21.3-5+deb13u1_amd64.deb
./deb/libsemanage2_3.8.1-1_amd64.deb
./deb/librelp0_1.11.0-2_amd64.deb
./deb/ucf_3.0052_all.deb
./deb/usbutils_1%3a018-2_amd64.deb
./deb/util-linux_2.41.5-0+deb13u1_amd64.deb
./deb/libdebuginfod-common_0.192-4_all.deb
./deb/base-files_13.8+deb13u6_amd64.deb
./deb/libsystemd0_257.13-1~deb13u1_amd64.deb
./deb/rsyslog-relp_8.2504.0-1_amd64.deb
./deb/i2c-tools_4.4-2_amd64.deb
./deb/libubootenv-tool_0.3.5-0.1+b2_amd64.deb
./deb/libcrypt1_1%3a4.4.38-1_amd64.deb
./deb/libxengnttab1_4.20.3+127-gc42374a105-0+deb13u1_amd64.deb
./deb/libfontconfig1_2.15.0-2.3_amd64.deb
./deb/arping_2.25-1_amd64.deb
./deb/dmidecode_3.6-2_amd64.deb
./deb/libip4tc2_1.8.11-2_amd64.deb
./deb/openssl-provider-legacy_3.5.7-1~deb13u2_amd64.deb
./deb/libbz2-dev_1.0.8-6_amd64.deb
./deb/libpci3_1%3a3.13.0-2_amd64.deb
./deb/grub-common_2.12-9+deb13u2_amd64.deb
./deb/vim-runtime_2%3a9.1.1230-2_all.deb
./deb/uuid-dev_2.41.5-0+deb13u1_amd64.deb
./deb/gcc_4%3a14.2.0-1_amd64.deb
./deb/g++_4%3a14.2.0-1_amd64.deb
./deb/libssl3t64_3.5.7-1~deb13u2_amd64.deb
./deb/python3-watchdog_6.0.0-1_all.deb
./deb/grep_3.11-4_amd64.deb
./deb/apt-transport-https_3.0.3_all.deb
./deb/rpcsvc-proto_1.4.3-1_amd64.deb
./deb/libusb-1.0-0_2%3a1.0.28-1_amd64.deb
./deb/libblkid1_2.41-5_amd64.deb
./deb/libtirpc-common_1.3.6+ds-1_all.deb
./deb/libc-dev-bin_2.41-12+deb13u3_amd64.deb
./deb/libxcb-shm0-dev_1.17.0-2+b1_amd64.deb
./deb/login_1%3a4.16.0-2+really2.41-5_amd64.deb
./deb/libxdmcp-dev_1%3a1.1.5-1_amd64.deb
./deb/libbpf1_1%3a1.5.0-3_amd64.deb
./deb/ipmitool_1.8.19-9_amd64.deb
./deb/libpng16-16t64_1.6.48-1+deb13u5_amd64.deb
./deb/libksba8_1.6.7-2+b1_amd64.deb
./deb/libipmiconsole2_1.6.15-1_amd64.deb
./deb/libsepol-dev_3.8.1-1_amd64.deb
./deb/dbus-session-bus-common_1.16.2-2_all.deb
./deb/libxslt1.1_1.1.35-1.2+deb13u3_amd64.deb
./deb/logrotate_3.22.0-1_amd64.deb
./deb/libice6_2%3a1.1.1-1_amd64.deb
./deb/tzdata-legacy_2026b-0+deb13u1_all.deb
./deb/python3-mako_1.3.9-1_all.deb
./deb/isc-dhcp-client_4.4.3-P1-8_amd64.deb
./deb/libhogweed6t64_3.10.1-1_amd64.deb
./deb/libnfnetlink0_1.0.2-3_amd64.deb
./deb/libsqlite3-0_3.46.1-7+deb13u1_amd64.deb
./deb/libgio-2.0-dev-bin_2.84.4-3~deb13u3_amd64.deb
./deb/tpm2-tools_5.7-1_amd64.deb
./deb/libzmq5_4.3.5-1+b3_amd64.deb
./deb/libpng-dev_1.6.48-1+deb13u5_amd64.deb
./deb/libyaml-0-2_0.2.5-2_amd64.deb
./deb/libxext6_2%3a1.3.4-1+b3_amd64.deb
./deb/passwd_1%3a4.17.4-2_amd64.deb
./deb/python3-jaraco.functools_4.1.0-1_all.deb
./deb/libfido2-1_1.15.0-1+b1_amd64.deb
./deb/libwtmpdb0_0.73.0-3+deb13u1_amd64.deb
./deb/kexec-tools_1%3a2.0.29-2+b2_amd64.deb
./deb/libeatmydata1_131-2+b1_amd64.deb
./deb/libnftnl11_1.2.9-1_amd64.deb
./deb/libsmartcols1_2.41.5-0+deb13u1_amd64.deb
./deb/libelf1t64_0.192-4_amd64.deb
./deb/libxdmcp6_1%3a1.1.5-1_amd64.deb
./deb/libglib2.0-dev_2.84.4-3~deb13u3_amd64.deb
./deb/libxtables12_1.8.11-2_amd64.deb
./deb/haveged_1.9.19-12+deb13u1_amd64.deb
./deb/python3-dev_3.13.5-1_amd64.deb
./deb/libngtcp2-16_1.11.0-1+deb13u1_amd64.deb
./deb/adduser_3.152_all.deb
./deb/gpgconf_2.4.7-21+deb13u1+b4_amd64.deb
./deb/u-boot-tools_2025.01-3_amd64.deb
./deb/libfreetype6_2.13.3+dfsg-1+deb13u1_amd64.deb
./deb/dbus-daemon_1.16.2-2_amd64.deb
./deb/python3-m2crypto_0.42.0-3_amd64.deb
./deb/python3-setuptools_78.1.1-0.1_all.deb
./deb/libxentoolcore1_4.20.3+127-gc42374a105-0+deb13u1_amd64.deb
./deb/firmware-amd-graphics_20250410-2_all.deb
./deb/cgroup-tools_3.1.0-2+b2_amd64.deb
./deb/freeipmi-common_1.6.15-1_all.deb
./deb/python3-urllib3_2.3.0-3+deb13u2_all.deb
./deb/libunwind8_1.8.1-0.1_amd64.deb
./deb/netfilter-persistent_1.0.23_all.deb
./deb/libpcre2-8-0_10.46-1~deb13u1_amd64.deb
./deb/libmount1_2.41.5-0+deb13u1_amd64.deb
./deb/libtss2-tcti-libtpms0t64_4.1.3-1.2_amd64.deb
./deb/python3-markupsafe_2.1.5-1+b3_amd64.deb
./deb/libgssapi-krb5-2_1.21.3-5+deb13u1_amd64.deb
./deb/python3-natsort_8.0.2-2_all.deb
./deb/libpwquality1_1.4.5-5_amd64.deb
./deb/libsensors5_1%3a3.6.2-2_amd64.deb
./deb/libpwquality-common_1.4.5-5_all.deb
./deb/libxau-dev_1%3a1.0.11-1_amd64.deb
./deb/eatmydata_131-2_all.deb
./deb/libjs-underscore_1.13.4~dfsg+~1.11.4-3_all.deb
./deb/dash_0.5.12-12_amd64.deb
./deb/libpython3.13-minimal_3.13.5-2+deb13u4_amd64.deb
./deb/smartmontools_7.4-3_amd64.deb
./deb/docker-ce-cli_5%3a28.5.2-1~debian.13~trixie_amd64.deb
./deb/python3.13_3.13.5-2+deb13u4_amd64.deb
./deb/uuid-runtime_2.41.5-0+deb13u1_amd64.deb
./deb/libjq1_1.7.1-6+deb13u3_amd64.deb
./deb/ncurses-bin_6.5+20250216-2_amd64.deb
./deb/gir1.2-freedesktop-dev_1.84.0-1_amd64.deb
./deb/libxau6_1%3a1.0.11-1_amd64.deb
./deb/efitools_1.9.2-3.5_amd64.deb
./deb/libncursesw6_6.5+20250216-2_amd64.deb
./deb/libauparse0t64_1%3a4.0.2-2+b2_amd64.deb
./deb/python3-regex_0.1.20241106-1+b1_amd64.deb
./deb/libcom-err2_1.47.2-3+b11_amd64.deb
./deb/screen_4.9.1-3_amd64.deb
./deb/libcgroup3_3.1.0-2+b2_amd64.deb
./deb/diffutils_1%3a3.10-4_amd64.deb
./deb/python3-wheel_0.46.1-2_all.deb
./deb/libxxhash0_0.8.3-2_amd64.deb
./deb/libacl1_2.3.2-2+b1_amd64.deb
./deb/libtss2-sys1t64_4.1.3-1.2_amd64.deb
./deb/dbus-bin_1.16.2-2_amd64.deb
./deb/unzip_6.0-29+deb13u1_amd64.deb
./deb/libfastjson4_1.2304.0-2_amd64.deb
./deb/liblzo2-2_2.10-3+b1_amd64.deb
./deb/libnuma1_2.0.19-1_amd64.deb
./deb/libnghttp3-9_1.8.0-1_amd64.deb
./deb/python3_3.13.5-1_amd64.deb
./deb/libassuan9_3.0.2-2_amd64.deb
./deb/bash_5.2.37-2+b9_amd64.deb
./deb/readline-common_8.2-6_all.deb
./deb/grub2-common_2.06-13+deb13u1_amd64.deb
./deb/linux-base_4.12.1_all.deb
./deb/libyajl2_2.1.0-5+b2_amd64.deb
./deb/libtext-charwidth-perl_0.04-11+b4_amd64.deb
./deb/tcpdump_4.99.5-2_amd64.deb
./deb/libproc2-0_2%3a4.0.4-9_amd64.deb
./deb/perl-base_5.40.1-6_amd64.deb
./deb/mount_2.41-5_amd64.deb
./deb/binutils_2.44-3_amd64.deb
./deb/linux-sysctl-defaults_4.12.1_all.deb
./deb/libjs-sphinxdoc_8.1.3-5_all.deb
./deb/resolvconf_1.94_all.deb
./deb/libhavege2_1.9.19-12+deb13u1_amd64.deb
./deb/g++-14-x86-64-linux-gnu_14.2.0-19_amd64.deb
./deb/libsystemd-shared_257.13-1~deb13u1_amd64.deb
./deb/ethtool_1%3a6.14.2-1_amd64.deb
./deb/libslang2_2.3.3-5+b2_amd64.deb
./deb/libmpfr6_4.2.2-1_amd64.deb
./deb/libsframe1_2.44-3_amd64.deb
./deb/libsystemd-dev_257.13-1~deb13u1_amd64.deb
./deb/vim_2%3a9.1.1230-2_amd64.deb
./deb/libexpat1_2.8.3-1~deb13u1_amd64.deb
./deb/bash-completion_1%3a2.16.0-7_all.deb
./deb/libbrotli-dev_1.1.0-2+b7_amd64.deb
./deb/partial/
./deb/libpcre2-32-0_10.46-1~deb13u1_amd64.deb
./deb/nftables_1.1.3-1_amd64.deb
./deb/cpio_2.15+dfsg-2_amd64.deb
./deb/dpkg_1.22.22_amd64.deb
./deb/gcc-x86-64-linux-gnu_4%3a14.2.0-1_amd64.deb
./deb/cpp-14-x86-64-linux-gnu_14.2.0-19_amd64.deb
./deb/coreutils_9.7-3_amd64.deb
./deb/libpcre2-posix3_10.46-1~deb13u1_amd64.deb
./deb/linux-libc-dev_6.12.107-1_all.deb
./deb/libgirepository-1.0-dev_1.84.0-1_amd64.deb
./deb/libsysprof-capture-4-dev_48.0-2_amd64.deb
./deb/libblkid1_2.41.5-0+deb13u1_amd64.deb
./deb/cpp-14_14.2.0-19_amd64.deb
./deb/libx11-data_2%3a1.8.12-1_all.deb
./deb/python3-chardet_5.2.0+dfsg-2_all.deb
./deb/build-essential_12.12_amd64.deb
./deb/grub-common_2.06-13+deb13u1_amd64.deb
./deb/bsdextrautils_2.41.5-0+deb13u1_amd64.deb
./deb/curl_8.14.1-2+deb13u4_amd64.deb
./deb/libbz2-1.0_1.0.8-6_amd64.deb
./deb/libpcre2-16-0_10.46-1~deb13u1_amd64.deb
./deb/libboost-serialization1.83.0_1.83.0-4.2_amd64.deb
./deb/libhwasan0_14.2.0-19_amd64.deb
./deb/cron_3.0pl1-197_amd64.deb
./deb/libtss2-rc0t64_4.1.3-1.2_amd64.deb
./deb/python3-blessed_1.21.0-1_all.deb
./deb/libmpc3_1.3.1-1+b3_amd64.deb
./deb/gzip_1.13-1_amd64.deb
./deb/chrony_4.6.1-3+deb13u2_amd64.deb
./deb/python3-zipp_3.21.0-1_all.deb
./deb/tzdata_2026b-0+deb13u1_all.deb
./deb/gettext-base_0.23.1-2_amd64.deb
./deb/libzstd1_1.5.7+dfsg-1_amd64.deb
./deb/libnpth0t64_1.8-3_amd64.deb
./deb/libfdt1_1.7.2-2+b1_amd64.deb
./pip/
./pip/http-v2/
./pip/http-v2/b/
./pip/http-v2/b/b/
./pip/http-v2/b/b/6/
./pip/http-v2/b/b/6/8/
./pip/http-v2/b/b/6/8/9/
./pip/http-v2/b/b/6/8/9/bb689b9f8c1c3aecf3af9326d853ce8d20d7d51a43358e3c56d239b1.body
./pip/http-v2/b/b/6/8/9/bb689b9f8c1c3aecf3af9326d853ce8d20d7d51a43358e3c56d239b1
./pip/http-v2/b/e/
./pip/http-v2/b/e/7/
./pip/http-v2/b/e/7/c/
./pip/http-v2/b/e/7/c/e/
./pip/http-v2/b/e/7/c/e/be7cea9d21ce0463490ab7b6c5dd9cb5197dc0ad22ba0bdb7be15988
./pip/http-v2/b/e/7/c/e/be7cea9d21ce0463490ab7b6c5dd9cb5197dc0ad22ba0bdb7be15988.body
./pip/http-v2/b/5/
./pip/http-v2/b/5/0/
./pip/http-v2/b/5/0/1/
./pip/http-v2/b/5/0/1/6/
./pip/http-v2/b/5/0/1/6/b50161ce80a3ddd3f50977d5414a93660648823b703e10f65f16eeeb.body
./pip/http-v2/b/5/0/1/6/b50161ce80a3ddd3f50977d5414a93660648823b703e10f65f16eeeb
./pip/http-v2/b/f/
./pip/http-v2/b/f/2/
./pip/http-v2/b/f/2/8/
./pip/http-v2/b/f/2/8/a/
./pip/http-v2/b/f/2/8/a/bf28a8a2ae6432f2ebac7c6f2455fd35d4c0a5e9fc0abbb7a092fc5f
./pip/http-v2/b/f/2/8/a/bf28a8a2ae6432f2ebac7c6f2455fd35d4c0a5e9fc0abbb7a092fc5f.body
./pip/http-v2/b/f/c/
./pip/http-v2/b/f/c/f/
./pip/http-v2/b/f/c/f/e/
./pip/http-v2/b/f/c/f/e/bfcfeacfaea39c427d6e71b1fcbdf9ce4b91dff426b7d4c85d92528c
./pip/http-v2/b/f/c/f/e/bfcfeacfaea39c427d6e71b1fcbdf9ce4b91dff426b7d4c85d92528c.body
./pip/http-v2/b/0/
./pip/http-v2/b/0/9/
./pip/http-v2/b/0/9/2/
./pip/http-v2/b/0/9/2/6/
./pip/http-v2/b/0/9/2/6/b0926cfb676fbfdaba5228ef3e192bae41b2b539b5da21ff61c3cffe.body
./pip/http-v2/b/0/9/2/6/b0926cfb676fbfdaba5228ef3e192bae41b2b539b5da21ff61c3cffe
./pip/http-v2/b/c/
./pip/http-v2/b/c/c/
./pip/http-v2/b/c/c/7/
./pip/http-v2/b/c/c/7/5/
./pip/http-v2/b/c/c/7/5/bcc758163b8a5f304c4d5b4ea1a23181f017e42b4762dd70b99a029c.body
./pip/http-v2/b/c/c/7/5/bcc758163b8a5f304c4d5b4ea1a23181f017e42b4762dd70b99a029c
./pip/http-v2/b/6/
./pip/http-v2/b/6/6/
./pip/http-v2/b/6/6/e/
./pip/http-v2/b/6/6/e/4/
./pip/http-v2/b/6/6/e/4/b66e41ec9eea7bdf586fdcfb3b4ebd7ffefed3093412806546ce9493
./pip/http-v2/b/6/6/e/4/b66e41ec9eea7bdf586fdcfb3b4ebd7ffefed3093412806546ce9493.body
./pip/http-v2/2/
./pip/http-v2/2/b/
./pip/http-v2/2/b/c/
./pip/http-v2/2/b/c/4/
./pip/http-v2/2/b/c/4/6/
./pip/http-v2/2/b/c/4/6/2bc462f2fe975661ddcee00520817d6e0e56e0d082ec661011b21a6b.body
./pip/http-v2/2/b/c/4/6/2bc462f2fe975661ddcee00520817d6e0e56e0d082ec661011b21a6b
./pip/http-v2/2/4/
./pip/http-v2/2/4/7/
./pip/http-v2/2/4/7/9/
./pip/http-v2/2/4/7/9/2/
./pip/http-v2/2/4/7/9/2/24792b6b712301c7fa2415354c94fbeafcf22c59890f5fb38e54c729
./pip/http-v2/2/4/7/9/2/24792b6b712301c7fa2415354c94fbeafcf22c59890f5fb38e54c729.body
./pip/http-v2/2/4/6/
./pip/http-v2/2/4/6/3/
./pip/http-v2/2/4/6/3/4/
./pip/http-v2/2/4/6/3/4/246341f3ba3308e71e7899a983954ad148c3f36c8186254633b4392d.body
./pip/http-v2/2/4/6/3/4/246341f3ba3308e71e7899a983954ad148c3f36c8186254633b4392d
./pip/http-v2/2/f/
./pip/http-v2/2/f/7/
./pip/http-v2/2/f/7/d/
./pip/http-v2/2/f/7/d/c/
./pip/http-v2/2/f/7/d/c/2f7dcf0c3893a0644f19d1933257d0580bf54ee7924b7b33302df5b8
./pip/http-v2/2/f/7/d/c/2f7dcf0c3893a0644f19d1933257d0580bf54ee7924b7b33302df5b8.body
./pip/http-v2/2/d/
./pip/http-v2/2/d/c/
./pip/http-v2/2/d/c/3/
./pip/http-v2/2/d/c/3/0/
./pip/http-v2/2/d/c/3/0/2dc30bd3cf9018f244c11adc60680bc0078ef94ac5c6e59f554e8a1e
./pip/http-v2/2/d/c/3/0/2dc30bd3cf9018f244c11adc60680bc0078ef94ac5c6e59f554e8a1e.body
./pip/http-v2/2/7/
./pip/http-v2/2/7/9/
./pip/http-v2/2/7/9/2/
./pip/http-v2/2/7/9/2/2/
./pip/http-v2/2/7/9/2/2/2792216cdab73472373ade6eb0b3df5d40d281f430ebc658e3b97156
./pip/http-v2/2/7/9/2/2/2792216cdab73472373ade6eb0b3df5d40d281f430ebc658e3b97156.body
./pip/http-v2/2/7/6/
./pip/http-v2/2/7/6/c/
./pip/http-v2/2/7/6/c/c/
./pip/http-v2/2/7/6/c/c/276cc8b31950d97a31018d113b081bb29a3fbe197f6da6d699da373c.body
./pip/http-v2/2/7/6/c/c/276cc8b31950d97a31018d113b081bb29a3fbe197f6da6d699da373c
./pip/http-v2/2/c/
./pip/http-v2/2/c/e/
./pip/http-v2/2/c/e/0/
./pip/http-v2/2/c/e/0/a/
./pip/http-v2/2/c/e/0/a/2ce0adcc570b4b38937b985c47d29ff0e6507d2955345ba49a864fda.body
./pip/http-v2/2/c/e/0/a/2ce0adcc570b4b38937b985c47d29ff0e6507d2955345ba49a864fda
./pip/http-v2/2/c/3/
./pip/http-v2/2/c/3/1/
./pip/http-v2/2/c/3/1/f/
./pip/http-v2/2/c/3/1/f/2c31fbfc4e12eba496aa1019d93756540f891d17ccd553ed7f702aaa.body
./pip/http-v2/2/c/3/1/f/2c31fbfc4e12eba496aa1019d93756540f891d17ccd553ed7f702aaa
./pip/http-v2/2/9/
./pip/http-v2/2/9/c/
./pip/http-v2/2/9/c/1/
./pip/http-v2/2/9/c/1/7/
./pip/http-v2/2/9/c/1/7/29c17f15629d9ebf095deb8b9b1063f40e2a811115d05a367077f51d.body
./pip/http-v2/2/9/c/1/7/29c17f15629d9ebf095deb8b9b1063f40e2a811115d05a367077f51d
./pip/http-v2/e/
./pip/http-v2/e/b/
./pip/http-v2/e/b/e/
./pip/http-v2/e/b/e/5/
./pip/http-v2/e/b/e/5/7/
./pip/http-v2/e/b/e/5/7/ebe571408a6ccf0ae8bdaa4ad5534546620cb3d5dfc84b42ce83c3f8
./pip/http-v2/e/b/e/5/7/ebe571408a6ccf0ae8bdaa4ad5534546620cb3d5dfc84b42ce83c3f8.body
./pip/http-v2/e/b/c/
./pip/http-v2/e/b/c/e/
./pip/http-v2/e/b/c/e/3/
./pip/http-v2/e/b/c/e/3/ebce3019c369b1b594f02880340a76acd268ebe1099eb20054635695
./pip/http-v2/e/b/c/e/3/ebce3019c369b1b594f02880340a76acd268ebe1099eb20054635695.body
./pip/http-v2/e/2/
./pip/http-v2/e/2/6/
./pip/http-v2/e/2/6/0/
./pip/http-v2/e/2/6/0/1/
./pip/http-v2/e/2/6/0/1/e260174921fc11064a6d933cf008d0b44dbe3cb589aaa6d387790f23
./pip/http-v2/e/2/6/0/1/e260174921fc11064a6d933cf008d0b44dbe3cb589aaa6d387790f23.body
./pip/http-v2/e/e/
./pip/http-v2/e/e/6/
./pip/http-v2/e/e/6/3/
./pip/http-v2/e/e/6/3/a/
./pip/http-v2/e/e/6/3/a/ee63ae0f96fd38544c55518c4c6a9e1a8d5ed2da3af0649fd3418832
./pip/http-v2/e/e/6/3/a/ee63ae0f96fd38544c55518c4c6a9e1a8d5ed2da3af0649fd3418832.body
./pip/http-v2/e/3/
./pip/http-v2/e/3/4/
./pip/http-v2/e/3/4/7/
./pip/http-v2/e/3/4/7/2/
./pip/http-v2/e/3/4/7/2/e3472991c55ba2fbaddced5931d34182eca51c3c130aba12041f2914.body
./pip/http-v2/e/3/4/7/2/e3472991c55ba2fbaddced5931d34182eca51c3c130aba12041f2914
./pip/http-v2/e/3/c/
./pip/http-v2/e/3/c/a/
./pip/http-v2/e/3/c/a/4/
./pip/http-v2/e/3/c/a/4/e3ca448f45a08669f50c85c3ccbd39e47fb27212da5953b57b86e775
./pip/http-v2/e/3/c/a/4/e3ca448f45a08669f50c85c3ccbd39e47fb27212da5953b57b86e775.body
./pip/http-v2/e/1/
./pip/http-v2/e/1/5/
./pip/http-v2/e/1/5/f/
./pip/http-v2/e/1/5/f/a/
./pip/http-v2/e/1/5/f/a/e15fa87e3c11b97cd04f034569d038493687b9e48b97c820667c39b2
./pip/http-v2/e/1/5/f/a/e15fa87e3c11b97cd04f034569d038493687b9e48b97c820667c39b2.body
./pip/http-v2/e/1/a/
./pip/http-v2/e/1/a/1/
./pip/http-v2/e/1/a/1/0/
./pip/http-v2/e/1/a/1/0/e1a102a58d5f97b4d2a7ffd62157f43e68a5808f81e4779f2eb95e89.body
./pip/http-v2/e/1/a/1/0/e1a102a58d5f97b4d2a7ffd62157f43e68a5808f81e4779f2eb95e89
./pip/http-v2/e/1/a/d/
./pip/http-v2/e/1/a/d/4/
./pip/http-v2/e/1/a/d/4/e1ad40135ce702fbafdd1646f6bcb7f750c893652df2e392ed976b04
./pip/http-v2/e/1/a/d/4/e1ad40135ce702fbafdd1646f6bcb7f750c893652df2e392ed976b04.body
./pip/http-v2/e/d/
./pip/http-v2/e/d/7/
./pip/http-v2/e/d/7/e/
./pip/http-v2/e/d/7/e/6/
./pip/http-v2/e/d/7/e/6/ed7e6ec4e9af525dc23c201efa9352a0c58c33181168ca548b2fa5d0.body
./pip/http-v2/e/d/7/e/6/ed7e6ec4e9af525dc23c201efa9352a0c58c33181168ca548b2fa5d0
./pip/http-v2/e/7/
./pip/http-v2/e/7/3/
./pip/http-v2/e/7/3/4/
./pip/http-v2/e/7/3/4/0/
./pip/http-v2/e/7/3/4/0/e7340424716f2739ac1505035212d32a57726d8338109bba39bee8c5.body
./pip/http-v2/e/7/3/4/0/e7340424716f2739ac1505035212d32a57726d8338109bba39bee8c5
./pip/http-v2/e/a/
./pip/http-v2/e/a/c/
./pip/http-v2/e/a/c/6/
./pip/http-v2/e/a/c/6/1/
./pip/http-v2/e/a/c/6/1/eac61126daf80149d2a016f12a54eab5e3b5c1dbc77410ff1a97edc4.body
./pip/http-v2/e/a/c/6/1/eac61126daf80149d2a016f12a54eab5e3b5c1dbc77410ff1a97edc4
./pip/http-v2/3/
./pip/http-v2/3/3/
./pip/http-v2/3/3/2/
./pip/http-v2/3/3/2/7/
./pip/http-v2/3/3/2/7/e/
./pip/http-v2/3/3/2/7/e/3327e3666df596605e3bccaf3bbf488dd424f2d1b184f32bc12495e2
./pip/http-v2/3/3/2/7/e/3327e3666df596605e3bccaf3bbf488dd424f2d1b184f32bc12495e2.body
./pip/http-v2/3/1/
./pip/http-v2/3/1/5/
./pip/http-v2/3/1/5/b/
./pip/http-v2/3/1/5/b/d/
./pip/http-v2/3/1/5/b/d/315bd5994915d999cc934902f11d8d89b7bce4fc77ed43b9a66f4aad
./pip/http-v2/3/1/5/b/d/315bd5994915d999cc934902f11d8d89b7bce4fc77ed43b9a66f4aad.body
./pip/http-v2/3/4/
./pip/http-v2/3/4/5/
./pip/http-v2/3/4/5/7/
./pip/http-v2/3/4/5/7/c/
./pip/http-v2/3/4/5/7/c/3457ceeb165a10e21eb7a09c6caeb600430118fc38a3a3f373a2b189
./pip/http-v2/3/4/5/7/c/3457ceeb165a10e21eb7a09c6caeb600430118fc38a3a3f373a2b189.body
./pip/http-v2/3/d/
./pip/http-v2/3/d/f/
./pip/http-v2/3/d/f/b/
./pip/http-v2/3/d/f/b/9/
./pip/http-v2/3/d/f/b/9/3dfb9b92bb675174625e266f3cce4b0de6e0b6b613dadcb99782264b
./pip/http-v2/3/d/f/b/9/3dfb9b92bb675174625e266f3cce4b0de6e0b6b613dadcb99782264b.body
./pip/http-v2/3/a/
./pip/http-v2/3/a/8/
./pip/http-v2/3/a/8/c/
./pip/http-v2/3/a/8/c/a/
./pip/http-v2/3/a/8/c/a/3a8caeaf524a303d91612b93265040e4ac0af1bfdd50dfe5bbaddd35
./pip/http-v2/3/a/8/c/a/3a8caeaf524a303d91612b93265040e4ac0af1bfdd50dfe5bbaddd35.body
./pip/http-v2/3/a/a/
./pip/http-v2/3/a/a/2/
./pip/http-v2/3/a/a/2/4/
./pip/http-v2/3/a/a/2/4/3aa24854155ec05d63a423b722b40d54670767f22c7421d3d033bea9
./pip/http-v2/3/a/a/2/4/3aa24854155ec05d63a423b722b40d54670767f22c7421d3d033bea9.body
./pip/http-v2/5/
./pip/http-v2/5/b/
./pip/http-v2/5/b/d/
./pip/http-v2/5/b/d/8/
./pip/http-v2/5/b/d/8/9/
./pip/http-v2/5/b/d/8/9/5bd894eeb3dfe1c8aaee1daecdfb74bbb314293813a730238621f077.body
./pip/http-v2/5/b/d/8/9/5bd894eeb3dfe1c8aaee1daecdfb74bbb314293813a730238621f077
./pip/http-v2/5/3/
./pip/http-v2/5/3/8/
./pip/http-v2/5/3/8/b/
./pip/http-v2/5/3/8/b/e/
./pip/http-v2/5/3/8/b/e/538be36b67aed58592cf11521d3ebcb4fac5fe68f180727b31932a16
./pip/http-v2/5/3/8/b/e/538be36b67aed58592cf11521d3ebcb4fac5fe68f180727b31932a16.body
./pip/http-v2/5/5/
./pip/http-v2/5/5/5/
./pip/http-v2/5/5/5/7/
./pip/http-v2/5/5/5/7/d/
./pip/http-v2/5/5/5/7/d/5557d5195e5a71d498bfee7be0220080a3590deb5ff6a871107536f7
./pip/http-v2/5/5/5/7/d/5557d5195e5a71d498bfee7be0220080a3590deb5ff6a871107536f7.body
./pip/http-v2/5/f/
./pip/http-v2/5/f/b/
./pip/http-v2/5/f/b/f/
./pip/http-v2/5/f/b/f/b/
./pip/http-v2/5/f/b/f/b/5fbfb59969024d880b4bbf44bd6101d09b19a294596c2e63b04b4d4e
./pip/http-v2/5/f/b/f/b/5fbfb59969024d880b4bbf44bd6101d09b19a294596c2e63b04b4d4e.body
./pip/http-v2/5/d/
./pip/http-v2/5/d/8/
./pip/http-v2/5/d/8/6/
./pip/http-v2/5/d/8/6/2/
./pip/http-v2/5/d/8/6/2/5d862704d3e17307bb96b138da639ffd45fddd47817efcb99021385f.body
./pip/http-v2/5/d/8/6/2/5d862704d3e17307bb96b138da639ffd45fddd47817efcb99021385f
./pip/http-v2/5/c/
./pip/http-v2/5/c/f/
./pip/http-v2/5/c/f/f/
./pip/http-v2/5/c/f/f/5/
./pip/http-v2/5/c/f/f/5/5cff595d0a3ee2f36d207d42a34258650f0edafd4480037084a35cf9.body
./pip/http-v2/5/c/f/f/5/5cff595d0a3ee2f36d207d42a34258650f0edafd4480037084a35cf9
./pip/http-v2/5/8/
./pip/http-v2/5/8/2/
./pip/http-v2/5/8/2/b/
./pip/http-v2/5/8/2/b/d/
./pip/http-v2/5/8/2/b/d/582bd3ebd46f2e59ab4dbbc1aaa74f2d7eaaa93ce5177e2d1289d88f
./pip/http-v2/5/8/2/b/d/582bd3ebd46f2e59ab4dbbc1aaa74f2d7eaaa93ce5177e2d1289d88f.body
./pip/http-v2/5/9/
./pip/http-v2/5/9/6/
./pip/http-v2/5/9/6/7/
./pip/http-v2/5/9/6/7/5/
./pip/http-v2/5/9/6/7/5/596758aa4c6b168cf797481bc7a8a088f32f40699f2e9d0b14ba0ee6
./pip/http-v2/5/9/6/7/5/596758aa4c6b168cf797481bc7a8a088f32f40699f2e9d0b14ba0ee6.body
./pip/http-v2/5/a/
./pip/http-v2/5/a/0/
./pip/http-v2/5/a/0/e/
./pip/http-v2/5/a/0/e/8/
./pip/http-v2/5/a/0/e/8/5a0e822c64c6d1f33f153767105760052e23ef8293f8ec21cf53e92b
./pip/http-v2/5/a/0/e/8/5a0e822c64c6d1f33f153767105760052e23ef8293f8ec21cf53e92b.body
./pip/http-v2/1/
./pip/http-v2/1/2/
./pip/http-v2/1/2/c/
./pip/http-v2/1/2/c/3/
./pip/http-v2/1/2/c/3/7/
./pip/http-v2/1/2/c/3/7/12c376519054a2811901df28298350e5a77eb45f28b635b46534c79e.body
./pip/http-v2/1/2/c/3/7/12c376519054a2811901df28298350e5a77eb45f28b635b46534c79e
./pip/http-v2/1/e/
./pip/http-v2/1/e/d/
./pip/http-v2/1/e/d/5/
./pip/http-v2/1/e/d/5/5/
./pip/http-v2/1/e/d/5/5/1ed556defd2a8ab2cc731547ac075b6d45780b497beca6fbad1e4b42
./pip/http-v2/1/e/d/5/5/1ed556defd2a8ab2cc731547ac075b6d45780b497beca6fbad1e4b42.body
./pip/http-v2/1/4/
./pip/http-v2/1/4/a/
./pip/http-v2/1/4/a/3/
./pip/http-v2/1/4/a/3/f/
./pip/http-v2/1/4/a/3/f/14a3fdc65f5d159567ed60f0626ce415ad61a7f19a2a5fbaa27cb32a.body
./pip/http-v2/1/4/a/3/f/14a3fdc65f5d159567ed60f0626ce415ad61a7f19a2a5fbaa27cb32a
./pip/http-v2/1/d/
./pip/http-v2/1/d/c/
./pip/http-v2/1/d/c/7/
./pip/http-v2/1/d/c/7/c/
./pip/http-v2/1/d/c/7/c/1dc7ce17556b2f5fa8d37868e012fe78e46eaffb2155ae42abb70bb8.body
./pip/http-v2/1/d/c/7/c/1dc7ce17556b2f5fa8d37868e012fe78e46eaffb2155ae42abb70bb8
./pip/http-v2/1/7/
./pip/http-v2/1/7/4/
./pip/http-v2/1/7/4/e/
./pip/http-v2/1/7/4/e/0/
./pip/http-v2/1/7/4/e/0/174e0c8e09403c95bd77186171426100cf56c82e5254b9d4ca7e1b4c
./pip/http-v2/1/7/4/e/0/174e0c8e09403c95bd77186171426100cf56c82e5254b9d4ca7e1b4c.body
./pip/http-v2/1/0/
./pip/http-v2/1/0/b/
./pip/http-v2/1/0/b/2/
./pip/http-v2/1/0/b/2/a/
./pip/http-v2/1/0/b/2/a/10b2a8b62ea67a4cd49d0d353a09c43832fb02ba7b3a804e29c73417
./pip/http-v2/1/0/b/2/a/10b2a8b62ea67a4cd49d0d353a09c43832fb02ba7b3a804e29c73417.body
./pip/http-v2/1/0/e/
./pip/http-v2/1/0/e/9/
./pip/http-v2/1/0/e/9/2/
./pip/http-v2/1/0/e/9/2/10e920455aff9b9abbfbd27e192530e13bfdc790cc01875bba4121a4
./pip/http-v2/1/0/e/9/2/10e920455aff9b9abbfbd27e192530e13bfdc790cc01875bba4121a4.body
./pip/http-v2/1/c/
./pip/http-v2/1/c/5/
./pip/http-v2/1/c/5/3/
./pip/http-v2/1/c/5/3/c/
./pip/http-v2/1/c/5/3/c/1c53c20d66bacf7408ac53181a0cca22d543e6c77dc2c742cca13388.body
./pip/http-v2/1/c/5/3/c/1c53c20d66bacf7408ac53181a0cca22d543e6c77dc2c742cca13388
./pip/http-v2/1/c/c/
./pip/http-v2/1/c/c/4/
./pip/http-v2/1/c/c/4/5/
./pip/http-v2/1/c/c/4/5/1cc455737ed6cac4380f1ca802f9f660a87adbc732ff787e825a9829
./pip/http-v2/1/c/c/4/5/1cc455737ed6cac4380f1ca802f9f660a87adbc732ff787e825a9829.body
./pip/http-v2/1/6/
./pip/http-v2/1/6/f/
./pip/http-v2/1/6/f/6/
./pip/http-v2/1/6/f/6/c/
./pip/http-v2/1/6/f/6/c/16f6c7250aadc1419e2586a45ff8b6eef68f89102c30d1fe3b57d054.body
./pip/http-v2/1/6/f/6/c/16f6c7250aadc1419e2586a45ff8b6eef68f89102c30d1fe3b57d054
./pip/http-v2/1/6/0/
./pip/http-v2/1/6/0/f/
./pip/http-v2/1/6/0/f/2/
./pip/http-v2/1/6/0/f/2/160f228b0e6eecca07dbf090c7e295b3fb93fb6425a893c53b424d20.body
./pip/http-v2/1/6/0/f/2/160f228b0e6eecca07dbf090c7e295b3fb93fb6425a893c53b424d20
./pip/http-v2/1/6/9/
./pip/http-v2/1/6/9/3/
./pip/http-v2/1/6/9/3/2/
./pip/http-v2/1/6/9/3/2/1693297fb9daf7bfe370bf51d371acfeb8ff40759bf8650dfd404ba4
./pip/http-v2/1/6/9/3/2/1693297fb9daf7bfe370bf51d371acfeb8ff40759bf8650dfd404ba4.body
./pip/http-v2/4/
./pip/http-v2/4/b/
./pip/http-v2/4/b/e/
./pip/http-v2/4/b/e/0/
./pip/http-v2/4/b/e/0/7/
./pip/http-v2/4/b/e/0/7/4be07d3ac353e38d2c9e3a257cad36ee2a758fc88b4cd5f0d479a5a9.body
./pip/http-v2/4/b/e/0/7/4be07d3ac353e38d2c9e3a257cad36ee2a758fc88b4cd5f0d479a5a9
./pip/http-v2/4/1/
./pip/http-v2/4/1/3/
./pip/http-v2/4/1/3/1/
./pip/http-v2/4/1/3/1/1/
./pip/http-v2/4/1/3/1/1/41311a22b69662f77ef6561c1ef8526127d416ef9baca5b2a1297d10.body
./pip/http-v2/4/1/3/1/1/41311a22b69662f77ef6561c1ef8526127d416ef9baca5b2a1297d10
./pip/http-v2/4/d/
./pip/http-v2/4/d/7/
./pip/http-v2/4/d/7/5/
./pip/http-v2/4/d/7/5/e/
./pip/http-v2/4/d/7/5/e/4d75e65dff914facce83de04c93cd89305f0b11d18ddd5b532dd7c93
./pip/http-v2/4/d/7/5/e/4d75e65dff914facce83de04c93cd89305f0b11d18ddd5b532dd7c93.body
./pip/http-v2/4/7/
./pip/http-v2/4/7/7/
./pip/http-v2/4/7/7/8/
./pip/http-v2/4/7/7/8/8/
./pip/http-v2/4/7/7/8/8/4778812682db4ecbea89c8e74988d4a5d640cff54d376592bfe57bdd
./pip/http-v2/4/7/7/8/8/4778812682db4ecbea89c8e74988d4a5d640cff54d376592bfe57bdd.body
./pip/http-v2/4/0/
./pip/http-v2/4/0/0/
./pip/http-v2/4/0/0/d/
./pip/http-v2/4/0/0/d/b/
./pip/http-v2/4/0/0/d/b/400db3c9a550719d76958c9c597bfbff6eb98533f684c02cc870de92
./pip/http-v2/4/0/0/d/b/400db3c9a550719d76958c9c597bfbff6eb98533f684c02cc870de92.body
./pip/http-v2/4/a/
./pip/http-v2/4/a/2/
./pip/http-v2/4/a/2/d/
./pip/http-v2/4/a/2/d/0/
./pip/http-v2/4/a/2/d/0/4a2d08f08d1215920f5bae485154e098c2838b5778e116eca555af6c.body
./pip/http-v2/4/a/2/d/0/4a2d08f08d1215920f5bae485154e098c2838b5778e116eca555af6c
./pip/http-v2/f/
./pip/http-v2/f/b/
./pip/http-v2/f/b/8/
./pip/http-v2/f/b/8/c/
./pip/http-v2/f/b/8/c/c/
./pip/http-v2/f/b/8/c/c/fb8cc0e7d180a3f3e8f3e2e4b79a80a5316b6f60b074d5c7cf1b0158.body
./pip/http-v2/f/b/8/c/c/fb8cc0e7d180a3f3e8f3e2e4b79a80a5316b6f60b074d5c7cf1b0158
./pip/http-v2/f/e/
./pip/http-v2/f/e/f/
./pip/http-v2/f/e/f/b/
./pip/http-v2/f/e/f/b/2/
./pip/http-v2/f/e/f/b/2/fefb2b77a0f5396c7ffe59fc1146ca58ceccf70370d684cc39adeb5c
./pip/http-v2/f/e/f/b/2/fefb2b77a0f5396c7ffe59fc1146ca58ceccf70370d684cc39adeb5c.body
./pip/http-v2/f/3/
./pip/http-v2/f/3/8/
./pip/http-v2/f/3/8/6/
./pip/http-v2/f/3/8/6/3/
./pip/http-v2/f/3/8/6/3/f386353d88ad709af6af19b2f4f10b951ed7be6c5154e43f9253ffbe.body
./pip/http-v2/f/3/8/6/3/f386353d88ad709af6af19b2f4f10b951ed7be6c5154e43f9253ffbe
./pip/http-v2/f/3/a/
./pip/http-v2/f/3/a/6/
./pip/http-v2/f/3/a/6/5/
./pip/http-v2/f/3/a/6/5/f3a6530dc7fb03fabb45f38f86d64f93ec229749526b88172b3d7d2f.body
./pip/http-v2/f/3/a/6/5/f3a6530dc7fb03fabb45f38f86d64f93ec229749526b88172b3d7d2f
./pip/http-v2/f/1/
./pip/http-v2/f/1/e/
./pip/http-v2/f/1/e/a/
./pip/http-v2/f/1/e/a/c/
./pip/http-v2/f/1/e/a/c/f1eac0b9482974622676b064d4ecc0b6c3b5e971d98a78112d1621f0
./pip/http-v2/f/1/e/a/c/f1eac0b9482974622676b064d4ecc0b6c3b5e971d98a78112d1621f0.body
./pip/http-v2/f/f/
./pip/http-v2/f/f/f/
./pip/http-v2/f/f/f/a/
./pip/http-v2/f/f/f/a/6/
./pip/http-v2/f/f/f/a/6/fffa6d1be8558bdecaf0ea823d2417f7e67d03320346b7969dd94299
./pip/http-v2/f/f/f/a/6/fffa6d1be8558bdecaf0ea823d2417f7e67d03320346b7969dd94299.body
./pip/http-v2/f/7/
./pip/http-v2/f/7/8/
./pip/http-v2/f/7/8/f/
./pip/http-v2/f/7/8/f/5/
./pip/http-v2/f/7/8/f/5/f78f5ae1a4d1d5b54898ef8376138d09d83e7718b527ba8cdb86bbfe
./pip/http-v2/f/7/8/f/5/f78f5ae1a4d1d5b54898ef8376138d09d83e7718b527ba8cdb86bbfe.body
./pip/http-v2/f/8/
./pip/http-v2/f/8/3/
./pip/http-v2/f/8/3/a/
./pip/http-v2/f/8/3/a/6/
./pip/http-v2/f/8/3/a/6/f83a628f790f73324dfc4c3ddc6573a5994082e400803841feb80ce7.body
./pip/http-v2/f/8/3/a/6/f83a628f790f73324dfc4c3ddc6573a5994082e400803841feb80ce7
./pip/http-v2/d/
./pip/http-v2/d/5/
./pip/http-v2/d/5/2/
./pip/http-v2/d/5/2/4/
./pip/http-v2/d/5/2/4/c/
./pip/http-v2/d/5/2/4/c/d524cebd3a5eb70443b24156e0b8c633e0762c984be826720ec35a1c
./pip/http-v2/d/5/2/4/c/d524cebd3a5eb70443b24156e0b8c633e0762c984be826720ec35a1c.body
./pip/http-v2/d/5/4/
./pip/http-v2/d/5/4/b/
./pip/http-v2/d/5/4/b/b/
./pip/http-v2/d/5/4/b/b/d54bb21df9a8549867c7c0c30dcdda927be8994b07f4c933db9a04ab.body
./pip/http-v2/d/5/4/b/b/d54bb21df9a8549867c7c0c30dcdda927be8994b07f4c933db9a04ab
./pip/http-v2/d/1/
./pip/http-v2/d/1/a/
./pip/http-v2/d/1/a/6/
./pip/http-v2/d/1/a/6/9/
./pip/http-v2/d/1/a/6/9/d1a69c7ba135ed6f59154f52deec3d289c299602e98c37fbb1fd8f00
./pip/http-v2/d/1/a/6/9/d1a69c7ba135ed6f59154f52deec3d289c299602e98c37fbb1fd8f00.body
./pip/http-v2/d/9/
./pip/http-v2/d/9/c/
./pip/http-v2/d/9/c/7/
./pip/http-v2/d/9/c/7/e/
./pip/http-v2/d/9/c/7/e/d9c7e14f8d672302ea2ed488c03cec7c8abdf2a99ae27cda4b552f99.body
./pip/http-v2/d/9/c/7/e/d9c7e14f8d672302ea2ed488c03cec7c8abdf2a99ae27cda4b552f99
./pip/http-v2/7/
./pip/http-v2/7/3/
./pip/http-v2/7/3/c/
./pip/http-v2/7/3/c/8/
./pip/http-v2/7/3/c/8/f/
./pip/http-v2/7/3/c/8/f/73c8f26f091b38dca482f8f706922b4ac4b8a3dccdb22a0ee472df1d.body
./pip/http-v2/7/3/c/8/f/73c8f26f091b38dca482f8f706922b4ac4b8a3dccdb22a0ee472df1d
./pip/http-v2/7/5/
./pip/http-v2/7/5/d/
./pip/http-v2/7/5/d/a/
./pip/http-v2/7/5/d/a/d/
./pip/http-v2/7/5/d/a/d/75dadf429a17c696047b62c7b3928d4eb73e8b7aa1a2f513aaf3fe03.body
./pip/http-v2/7/5/d/a/d/75dadf429a17c696047b62c7b3928d4eb73e8b7aa1a2f513aaf3fe03
./pip/http-v2/7/4/
./pip/http-v2/7/4/b/
./pip/http-v2/7/4/b/d/
./pip/http-v2/7/4/b/d/f/
./pip/http-v2/7/4/b/d/f/74bdf372f3d845193f395b9ba4ed91510cd09dc32621fc25fe02568d
./pip/http-v2/7/4/b/d/f/74bdf372f3d845193f395b9ba4ed91510cd09dc32621fc25fe02568d.body
./pip/http-v2/7/d/
./pip/http-v2/7/d/0/
./pip/http-v2/7/d/0/6/
./pip/http-v2/7/d/0/6/d/
./pip/http-v2/7/d/0/6/d/7d06ddc2f8070ce09a5a2290e2020c460e8ab32b6a2c6b69fc06e979
./pip/http-v2/7/d/0/6/d/7d06ddc2f8070ce09a5a2290e2020c460e8ab32b6a2c6b69fc06e979.body
./pip/http-v2/7/7/
./pip/http-v2/7/7/4/
./pip/http-v2/7/7/4/6/
./pip/http-v2/7/7/4/6/9/
./pip/http-v2/7/7/4/6/9/77469a77c0c5007f8e0ef36b73b2bdb8cbe7d9c8be102fd7d4efaf35
./pip/http-v2/7/7/4/6/9/77469a77c0c5007f8e0ef36b73b2bdb8cbe7d9c8be102fd7d4efaf35.body
./pip/http-v2/7/0/
./pip/http-v2/7/0/2/
./pip/http-v2/7/0/2/a/
./pip/http-v2/7/0/2/a/9/
./pip/http-v2/7/0/2/a/9/702a99ff4a6931060011576c8195e05487cf18d761488a5a54b89176.body
./pip/http-v2/7/0/2/a/9/702a99ff4a6931060011576c8195e05487cf18d761488a5a54b89176
./pip/http-v2/7/c/
./pip/http-v2/7/c/3/
./pip/http-v2/7/c/3/3/
./pip/http-v2/7/c/3/3/0/
./pip/http-v2/7/c/3/3/0/7c3304beae515f2abd0cd08f83026c44434aa0c8e9fda97650cac5c4
./pip/http-v2/7/c/3/3/0/7c3304beae515f2abd0cd08f83026c44434aa0c8e9fda97650cac5c4.body
./pip/http-v2/7/8/
./pip/http-v2/7/8/9/
./pip/http-v2/7/8/9/9/
./pip/http-v2/7/8/9/9/6/
./pip/http-v2/7/8/9/9/6/78996f71eb6e2bbb2807f88ca85d2022d7721fbc667bc99d835fb3b8
./pip/http-v2/7/8/9/9/6/78996f71eb6e2bbb2807f88ca85d2022d7721fbc667bc99d835fb3b8.body
./pip/http-v2/7/9/
./pip/http-v2/7/9/3/
./pip/http-v2/7/9/3/2/
./pip/http-v2/7/9/3/2/2/
./pip/http-v2/7/9/3/2/2/79322883ec81e3ced280782ca45c9dc436dd8eec78c81b634338bb14.body
./pip/http-v2/7/9/3/2/2/79322883ec81e3ced280782ca45c9dc436dd8eec78c81b634338bb14
./pip/http-v2/7/a/
./pip/http-v2/7/a/5/
./pip/http-v2/7/a/5/f/
./pip/http-v2/7/a/5/f/7/
./pip/http-v2/7/a/5/f/7/7a5f717e7b3fb99ec006f4d173aad55224eb063005c662c586ba0518
./pip/http-v2/7/a/5/f/7/7a5f717e7b3fb99ec006f4d173aad55224eb063005c662c586ba0518.body
./pip/http-v2/7/a/9/
./pip/http-v2/7/a/9/5/
./pip/http-v2/7/a/9/5/6/
./pip/http-v2/7/a/9/5/6/7a9567dc06cf50f2796fd8b7f5ee9aecfb9301a06daa2d35ee4fbc29
./pip/http-v2/7/a/9/5/6/7a9567dc06cf50f2796fd8b7f5ee9aecfb9301a06daa2d35ee4fbc29.body
./pip/http-v2/0/
./pip/http-v2/0/3/
./pip/http-v2/0/3/a/
./pip/http-v2/0/3/a/b/
./pip/http-v2/0/3/a/b/b/
./pip/http-v2/0/3/a/b/b/03abbb60b54770376477f0b8bc2193f147d7a497e3ed9dbead86a20c
./pip/http-v2/0/3/a/b/b/03abbb60b54770376477f0b8bc2193f147d7a497e3ed9dbead86a20c.body
./pip/http-v2/0/1/
./pip/http-v2/0/1/8/
./pip/http-v2/0/1/8/b/
./pip/http-v2/0/1/8/b/8/
./pip/http-v2/0/1/8/b/8/018b834640684e77f2cdf9eeb9b5951da6e5f13e19a8dc3c87a93f18.body
./pip/http-v2/0/1/8/b/8/018b834640684e77f2cdf9eeb9b5951da6e5f13e19a8dc3c87a93f18
./pip/http-v2/0/1/8/c/
./pip/http-v2/0/1/8/c/8/
./pip/http-v2/0/1/8/c/8/018c84695461fc27b3181e83cd3962242312b6cfd989559867ce1775.body
./pip/http-v2/0/1/8/c/8/018c84695461fc27b3181e83cd3962242312b6cfd989559867ce1775
./pip/http-v2/0/4/
./pip/http-v2/0/4/7/
./pip/http-v2/0/4/7/4/
./pip/http-v2/0/4/7/4/a/
./pip/http-v2/0/4/7/4/a/0474acbd691f7b2f47506536670f1951591e61ed6d94f6c0a3f376af
./pip/http-v2/0/4/7/4/a/0474acbd691f7b2f47506536670f1951591e61ed6d94f6c0a3f376af.body
./pip/http-v2/0/d/
./pip/http-v2/0/d/5/
./pip/http-v2/0/d/5/d/
./pip/http-v2/0/d/5/d/5/
./pip/http-v2/0/d/5/d/5/0d5d52a7516beea0e4c083745e69d595c00d725cbf172b3dc6cb318b
./pip/http-v2/0/d/5/d/5/0d5d52a7516beea0e4c083745e69d595c00d725cbf172b3dc6cb318b.body
./pip/http-v2/0/d/9/
./pip/http-v2/0/d/9/0/
./pip/http-v2/0/d/9/0/5/
./pip/http-v2/0/d/9/0/5/0d905c659328eb83fc0773b27910830aa00d2327cb436b8613f164a6
./pip/http-v2/0/d/9/0/5/0d905c659328eb83fc0773b27910830aa00d2327cb436b8613f164a6.body
./pip/http-v2/0/7/
./pip/http-v2/0/7/f/
./pip/http-v2/0/7/f/1/
./pip/http-v2/0/7/f/1/4/
./pip/http-v2/0/7/f/1/4/07f144dba198008d2fd8dedec40a2f93ce39b903bf8a3294e084a4b9
./pip/http-v2/0/7/f/1/4/07f144dba198008d2fd8dedec40a2f93ce39b903bf8a3294e084a4b9.body
./pip/http-v2/0/a/
./pip/http-v2/0/a/5/
./pip/http-v2/0/a/5/b/
./pip/http-v2/0/a/5/b/5/
./pip/http-v2/0/a/5/b/5/0a5b50aac9e22911a9e07de7b70cb2f99a1d1ad2d2a475d992a5dde9
./pip/http-v2/0/a/5/b/5/0a5b50aac9e22911a9e07de7b70cb2f99a1d1ad2d2a475d992a5dde9.body
./pip/http-v2/0/a/6/
./pip/http-v2/0/a/6/b/
./pip/http-v2/0/a/6/b/7/
./pip/http-v2/0/a/6/b/7/0a6b76df38e61ac4e1f757a1132d2c6424dcb9c23751423afee448ac
./pip/http-v2/0/a/6/b/7/0a6b76df38e61ac4e1f757a1132d2c6424dcb9c23751423afee448ac.body
./pip/http-v2/0/6/
./pip/http-v2/0/6/a/
./pip/http-v2/0/6/a/1/
./pip/http-v2/0/6/a/1/0/
./pip/http-v2/0/6/a/1/0/06a10a01993b98a46b24126de4370c3ed430c734a40d6ac34065ddcf.body
./pip/http-v2/0/6/a/1/0/06a10a01993b98a46b24126de4370c3ed430c734a40d6ac34065ddcf
./pip/http-v2/c/
./pip/http-v2/c/5/
./pip/http-v2/c/5/b/
./pip/http-v2/c/5/b/8/
./pip/http-v2/c/5/b/8/5/
./pip/http-v2/c/5/b/8/5/c5b85f481e67e85c50dc7b9452140707bffee28f88fb0976ebee853e
./pip/http-v2/c/5/b/8/5/c5b85f481e67e85c50dc7b9452140707bffee28f88fb0976ebee853e.body
./pip/http-v2/c/4/
./pip/http-v2/c/4/1/
./pip/http-v2/c/4/1/9/
./pip/http-v2/c/4/1/9/b/
./pip/http-v2/c/4/1/9/b/c419b5211317322d2f929c4249b25fb3a2a5deaac5ca898ef2889e82.body
./pip/http-v2/c/4/1/9/b/c419b5211317322d2f929c4249b25fb3a2a5deaac5ca898ef2889e82
./pip/http-v2/c/f/
./pip/http-v2/c/f/e/
./pip/http-v2/c/f/e/5/
./pip/http-v2/c/f/e/5/3/
./pip/http-v2/c/f/e/5/3/cfe53db609feaba2efb2139916693c3ff859e7f1e6e6e557fbd82ae0
./pip/http-v2/c/f/e/5/3/cfe53db609feaba2efb2139916693c3ff859e7f1e6e6e557fbd82ae0.body
./pip/http-v2/c/7/
./pip/http-v2/c/7/e/
./pip/http-v2/c/7/e/5/
./pip/http-v2/c/7/e/5/4/
./pip/http-v2/c/7/e/5/4/c7e543c1b06a0eed672478d859516a888756ccd88c7591394a11b88b
./pip/http-v2/c/7/e/5/4/c7e543c1b06a0eed672478d859516a888756ccd88c7591394a11b88b.body
./pip/http-v2/c/0/
./pip/http-v2/c/0/e/
./pip/http-v2/c/0/e/8/
./pip/http-v2/c/0/e/8/5/
./pip/http-v2/c/0/e/8/5/c0e854830132b4466a4ad702e2f7168f1253a791e391b297676ef2cd
./pip/http-v2/c/0/e/8/5/c0e854830132b4466a4ad702e2f7168f1253a791e391b297676ef2cd.body
./pip/http-v2/c/0/4/
./pip/http-v2/c/0/4/0/
./pip/http-v2/c/0/4/0/0/
./pip/http-v2/c/0/4/0/0/c0400f4849a16bb7ec1db13ba6d964327b0869995ab53c54f6668654
./pip/http-v2/c/0/4/0/0/c0400f4849a16bb7ec1db13ba6d964327b0869995ab53c54f6668654.body
./pip/http-v2/c/0/8/
./pip/http-v2/c/0/8/a/
./pip/http-v2/c/0/8/a/6/
./pip/http-v2/c/0/8/a/6/c08a6df1b957468ecc0617cb25c4cbe5d7a75a13d2edfe789c8f8474.body
./pip/http-v2/c/0/8/a/6/c08a6df1b957468ecc0617cb25c4cbe5d7a75a13d2edfe789c8f8474
./pip/http-v2/c/9/
./pip/http-v2/c/9/b/
./pip/http-v2/c/9/b/7/
./pip/http-v2/c/9/b/7/2/
./pip/http-v2/c/9/b/7/2/c9b724e93fcd5c77494c939239c6cd418d87092dac3861aeb3341f53
./pip/http-v2/c/9/b/7/2/c9b724e93fcd5c77494c939239c6cd418d87092dac3861aeb3341f53.body
./pip/http-v2/8/
./pip/http-v2/8/b/
./pip/http-v2/8/b/2/
./pip/http-v2/8/b/2/4/
./pip/http-v2/8/b/2/4/2/
./pip/http-v2/8/b/2/4/2/8b24226e2da88df4abeee0d8ca6bce79b19ca2bcd5f94b543939c66c
./pip/http-v2/8/b/2/4/2/8b24226e2da88df4abeee0d8ca6bce79b19ca2bcd5f94b543939c66c.body
./pip/http-v2/8/b/2/d/
./pip/http-v2/8/b/2/d/5/
./pip/http-v2/8/b/2/d/5/8b2d5cd96f9bc56ca000ce7495c5c3d37a830faf47a5d9e5b6b4a372
./pip/http-v2/8/b/2/d/5/8b2d5cd96f9bc56ca000ce7495c5c3d37a830faf47a5d9e5b6b4a372.body
./pip/http-v2/8/2/
./pip/http-v2/8/2/c/
./pip/http-v2/8/2/c/b/
./pip/http-v2/8/2/c/b/6/
./pip/http-v2/8/2/c/b/6/82cb6a7ab0f2277a7c78261aeaa1f2c561796b9321bfd8c2937c5fa0
./pip/http-v2/8/2/c/b/6/82cb6a7ab0f2277a7c78261aeaa1f2c561796b9321bfd8c2937c5fa0.body
./pip/http-v2/8/3/
./pip/http-v2/8/3/a/
./pip/http-v2/8/3/a/9/
./pip/http-v2/8/3/a/9/9/
./pip/http-v2/8/3/a/9/9/83a99ac063795cf6d06df343c06449f8777237c8c3ad06917c4344ef
./pip/http-v2/8/3/a/9/9/83a99ac063795cf6d06df343c06449f8777237c8c3ad06917c4344ef.body
./pip/http-v2/8/f/
./pip/http-v2/8/f/7/
./pip/http-v2/8/f/7/8/
./pip/http-v2/8/f/7/8/a/
./pip/http-v2/8/f/7/8/a/8f78a59c750512c5eff98117526033c3ddca4a99c7d75426a1ad4942.body
./pip/http-v2/8/f/7/8/a/8f78a59c750512c5eff98117526033c3ddca4a99c7d75426a1ad4942
./pip/http-v2/8/d/
./pip/http-v2/8/d/7/
./pip/http-v2/8/d/7/b/
./pip/http-v2/8/d/7/b/3/
./pip/http-v2/8/d/7/b/3/8d7b3f2f28d3904f27812a77ebf3de3377254de8985724c01645ae50.body
./pip/http-v2/8/d/7/b/3/8d7b3f2f28d3904f27812a77ebf3de3377254de8985724c01645ae50
./pip/http-v2/8/d/0/
./pip/http-v2/8/d/0/e/
./pip/http-v2/8/d/0/e/1/
./pip/http-v2/8/d/0/e/1/8d0e104919449355aedb55b5b546bb9fd53f0e1a8ca1b082109464e9.body
./pip/http-v2/8/d/0/e/1/8d0e104919449355aedb55b5b546bb9fd53f0e1a8ca1b082109464e9
./pip/http-v2/8/9/
./pip/http-v2/8/9/2/
./pip/http-v2/8/9/2/4/
./pip/http-v2/8/9/2/4/c/
./pip/http-v2/8/9/2/4/c/8924c3d1cd569941062011f905a81971db931364147250e16bc6c7e0
./pip/http-v2/8/9/2/4/c/8924c3d1cd569941062011f905a81971db931364147250e16bc6c7e0.body
./pip/http-v2/8/9/d/
./pip/http-v2/8/9/d/4/
./pip/http-v2/8/9/d/4/f/
./pip/http-v2/8/9/d/4/f/89d4f8ce288f50d0c6c6ccb29069f93a7519800c5241268a47e81b03.body
./pip/http-v2/8/9/d/4/f/89d4f8ce288f50d0c6c6ccb29069f93a7519800c5241268a47e81b03
./pip/http-v2/8/6/
./pip/http-v2/8/6/a/
./pip/http-v2/8/6/a/e/
./pip/http-v2/8/6/a/e/e/
./pip/http-v2/8/6/a/e/e/86aee25fb1ab081ce31839705a1acf6fb5dab751f7dbf79a810a4dd3
./pip/http-v2/8/6/a/e/e/86aee25fb1ab081ce31839705a1acf6fb5dab751f7dbf79a810a4dd3.body
./pip/http-v2/9/
./pip/http-v2/9/b/
./pip/http-v2/9/b/3/
./pip/http-v2/9/b/3/8/
./pip/http-v2/9/b/3/8/7/
./pip/http-v2/9/b/3/8/7/9b387c5fd549b524d87a3ca9143483009cc9aa4454c4eaebd4ddd014
./pip/http-v2/9/b/3/8/7/9b387c5fd549b524d87a3ca9143483009cc9aa4454c4eaebd4ddd014.body
./pip/http-v2/9/e/
./pip/http-v2/9/e/0/
./pip/http-v2/9/e/0/f/
./pip/http-v2/9/e/0/f/4/
./pip/http-v2/9/e/0/f/4/9e0f4d818efdba8dd6fc80c2906fc5e2361a1589df556aa909eeaedc.body
./pip/http-v2/9/e/0/f/4/9e0f4d818efdba8dd6fc80c2906fc5e2361a1589df556aa909eeaedc
./pip/http-v2/9/4/
./pip/http-v2/9/4/4/
./pip/http-v2/9/4/4/d/
./pip/http-v2/9/4/4/d/b/
./pip/http-v2/9/4/4/d/b/944db8f70a69c39da1befe2f0d1463a4c5e5f43047da56501a4aae78.body
./pip/http-v2/9/4/4/d/b/944db8f70a69c39da1befe2f0d1463a4c5e5f43047da56501a4aae78
./pip/http-v2/9/f/
./pip/http-v2/9/f/9/
./pip/http-v2/9/f/9/3/
./pip/http-v2/9/f/9/3/3/
./pip/http-v2/9/f/9/3/3/9f93306d7b672475999e1ccb003ed535876b07060341d71f2c054af0
./pip/http-v2/9/f/9/3/3/9f93306d7b672475999e1ccb003ed535876b07060341d71f2c054af0.body
./pip/http-v2/9/7/
./pip/http-v2/9/7/b/
./pip/http-v2/9/7/b/4/
./pip/http-v2/9/7/b/4/9/
./pip/http-v2/9/7/b/4/9/97b49edeec5ae128454233546804d58471840f0b7b0d81dd0f64af1d
./pip/http-v2/9/7/b/4/9/97b49edeec5ae128454233546804d58471840f0b7b0d81dd0f64af1d.body
./pip/http-v2/9/7/d/
./pip/http-v2/9/7/d/7/
./pip/http-v2/9/7/d/7/a/
./pip/http-v2/9/7/d/7/a/97d7a9f2ec0053ae5993344c606ed7a450c424833163564273bab08a.body
./pip/http-v2/9/7/d/7/a/97d7a9f2ec0053ae5993344c606ed7a450c424833163564273bab08a
./pip/http-v2/9/7/c/
./pip/http-v2/9/7/c/a/
./pip/http-v2/9/7/c/a/0/
./pip/http-v2/9/7/c/a/0/97ca0a594a619806ce5c0dbbf819fff8493fab32bd5b660eeaced37f.body
./pip/http-v2/9/7/c/a/0/97ca0a594a619806ce5c0dbbf819fff8493fab32bd5b660eeaced37f
./pip/http-v2/9/7/6/
./pip/http-v2/9/7/6/0/
./pip/http-v2/9/7/6/0/e/
./pip/http-v2/9/7/6/0/e/9760ef60d9849aa978ef5961d65219c896d8a2b7b2c817b3d9ec9bf2
./pip/http-v2/9/7/6/0/e/9760ef60d9849aa978ef5961d65219c896d8a2b7b2c817b3d9ec9bf2.body
./pip/http-v2/9/c/
./pip/http-v2/9/c/b/
./pip/http-v2/9/c/b/d/
./pip/http-v2/9/c/b/d/7/
./pip/http-v2/9/c/b/d/7/9cbd7878a3e16017e89ba5e63f601213dfcfdb65a444c7a01fca2742.body
./pip/http-v2/9/c/b/d/7/9cbd7878a3e16017e89ba5e63f601213dfcfdb65a444c7a01fca2742
./pip/http-v2/a/
./pip/http-v2/a/3/
./pip/http-v2/a/3/c/
./pip/http-v2/a/3/c/5/
./pip/http-v2/a/3/c/5/4/
./pip/http-v2/a/3/c/5/4/a3c54e41da6da7b8a2160ffeb9870941024b89e4b94a3972d798b854.body
./pip/http-v2/a/3/c/5/4/a3c54e41da6da7b8a2160ffeb9870941024b89e4b94a3972d798b854
./pip/http-v2/a/1/
./pip/http-v2/a/1/2/
./pip/http-v2/a/1/2/9/
./pip/http-v2/a/1/2/9/5/
./pip/http-v2/a/1/2/9/5/a12958531a26eafd74dd9923a7f8ca6e7923f12fc51e74965035fa55.body
./pip/http-v2/a/1/2/9/5/a12958531a26eafd74dd9923a7f8ca6e7923f12fc51e74965035fa55
./pip/http-v2/a/f/
./pip/http-v2/a/f/2/
./pip/http-v2/a/f/2/5/
./pip/http-v2/a/f/2/5/a/
./pip/http-v2/a/f/2/5/a/af25a8eca3e099d7093bcb92cf3120895be724dbd3e15d2d76c5cd58.body
./pip/http-v2/a/f/2/5/a/af25a8eca3e099d7093bcb92cf3120895be724dbd3e15d2d76c5cd58
./pip/http-v2/a/f/3/
./pip/http-v2/a/f/3/a/
./pip/http-v2/a/f/3/a/b/
./pip/http-v2/a/f/3/a/b/af3ab5e56535a79cc5385cc1b46118f7795d242768dd6a486d0c1c19
./pip/http-v2/a/f/3/a/b/af3ab5e56535a79cc5385cc1b46118f7795d242768dd6a486d0c1c19.body
./pip/http-v2/a/f/f/
./pip/http-v2/a/f/f/f/
./pip/http-v2/a/f/f/f/a/
./pip/http-v2/a/f/f/f/a/afffa6eb74e653791c22e1268794ec7b2d181ee3ccff43b0fd10d66c
./pip/http-v2/a/f/f/f/a/afffa6eb74e653791c22e1268794ec7b2d181ee3ccff43b0fd10d66c.body
./pip/http-v2/a/7/
./pip/http-v2/a/7/a/
./pip/http-v2/a/7/a/3/
./pip/http-v2/a/7/a/3/a/
./pip/http-v2/a/7/a/3/a/a7a3a31b570f927ae31d9be11a0612e96eb86b1610660f096985c4eb
./pip/http-v2/a/7/a/3/a/a7a3a31b570f927ae31d9be11a0612e96eb86b1610660f096985c4eb.body
./pip/http-v2/a/0/
./pip/http-v2/a/0/8/
./pip/http-v2/a/0/8/0/
./pip/http-v2/a/0/8/0/f/
./pip/http-v2/a/0/8/0/f/a080f7ae4376ee855bd909bbdfd663a286c0fc51e7b41d2f03574d05.body
./pip/http-v2/a/0/8/0/f/a080f7ae4376ee855bd909bbdfd663a286c0fc51e7b41d2f03574d05
./pip/http-v2/a/c/
./pip/http-v2/a/c/1/
./pip/http-v2/a/c/1/b/
./pip/http-v2/a/c/1/b/5/
./pip/http-v2/a/c/1/b/5/ac1b5ba5898ba5a926f0321881a4b6de5fbf962682af0c5ceca1afc3.body
./pip/http-v2/a/c/1/b/5/ac1b5ba5898ba5a926f0321881a4b6de5fbf962682af0c5ceca1afc3
./pip/http-v2/a/a/
./pip/http-v2/a/a/c/
./pip/http-v2/a/a/c/a/
./pip/http-v2/a/a/c/a/c/
./pip/http-v2/a/a/c/a/c/aacac81bf1d35d08fd880f2e19cbd5a198730437b2c32b1ce1da7aa3.body
./pip/http-v2/a/a/c/a/c/aacac81bf1d35d08fd880f2e19cbd5a198730437b2c32b1ce1da7aa3
./pip/http-v2/6/
./pip/http-v2/6/b/
./pip/http-v2/6/b/2/
./pip/http-v2/6/b/2/2/
./pip/http-v2/6/b/2/2/e/
./pip/http-v2/6/b/2/2/e/6b22ef655e66995e45017bce9b079f74c4962087b86d81f48240f774
./pip/http-v2/6/b/2/2/e/6b22ef655e66995e45017bce9b079f74c4962087b86d81f48240f774.body
./pip/http-v2/6/b/9/
./pip/http-v2/6/b/9/8/
./pip/http-v2/6/b/9/8/f/
./pip/http-v2/6/b/9/8/f/6b98f776c5f9a73b8e68673f48320a329fa97d96868582b350b08cb3
./pip/http-v2/6/b/9/8/f/6b98f776c5f9a73b8e68673f48320a329fa97d96868582b350b08cb3.body
./pip/http-v2/6/5/
./pip/http-v2/6/5/a/
./pip/http-v2/6/5/a/f/
./pip/http-v2/6/5/a/f/8/
./pip/http-v2/6/5/a/f/8/65af88561e8b18ff500b9fe7d5ad34c1636e3423202d926b9e18a96f.body
./pip/http-v2/6/5/a/f/8/65af88561e8b18ff500b9fe7d5ad34c1636e3423202d926b9e18a96f
./pip/http-v2/6/4/
./pip/http-v2/6/4/4/
./pip/http-v2/6/4/4/5/
./pip/http-v2/6/4/4/5/7/
./pip/http-v2/6/4/4/5/7/644575f01ce6e6807c21e9ce34343b040a45b7c74212b099589da457
./pip/http-v2/6/4/4/5/7/644575f01ce6e6807c21e9ce34343b040a45b7c74212b099589da457.body
./pip/http-v2/6/d/
./pip/http-v2/6/d/b/
./pip/http-v2/6/d/b/f/
./pip/http-v2/6/d/b/f/4/
./pip/http-v2/6/d/b/f/4/6dbf44d9f2b35e8a9592f4a881942095fc7cc3c9a2fd5bd6836d5509.body
./pip/http-v2/6/d/b/f/4/6dbf44d9f2b35e8a9592f4a881942095fc7cc3c9a2fd5bd6836d5509
./pip/http-v2/6/7/
./pip/http-v2/6/7/f/
./pip/http-v2/6/7/f/5/
./pip/http-v2/6/7/f/5/b/
./pip/http-v2/6/7/f/5/b/67f5b5747518cbf74987d367c9e086a003d777484ff6398b7b101a95
./pip/http-v2/6/7/f/5/b/67f5b5747518cbf74987d367c9e086a003d777484ff6398b7b101a95.body
./pip/http-v2/6/7/d/
./pip/http-v2/6/7/d/1/
./pip/http-v2/6/7/d/1/a/
./pip/http-v2/6/7/d/1/a/67d1ae869bd72f59337e27e3ee2ef57ef8efeb84d8116ed7187edaa7.body
./pip/http-v2/6/7/d/1/a/67d1ae869bd72f59337e27e3ee2ef57ef8efeb84d8116ed7187edaa7
./pip/http-v2/6/0/
./pip/http-v2/6/0/7/
./pip/http-v2/6/0/7/7/
./pip/http-v2/6/0/7/7/f/
./pip/http-v2/6/0/7/7/f/6077f792748c0f50f1f7403b2901a2b424394a928f5cb96f6936d47f
./pip/http-v2/6/0/7/7/f/6077f792748c0f50f1f7403b2901a2b424394a928f5cb96f6936d47f.body
./pip/http-v2/6/9/
./pip/http-v2/6/9/a/
./pip/http-v2/6/9/a/8/
./pip/http-v2/6/9/a/8/9/
./pip/http-v2/6/9/a/8/9/69a894a4b04760261d061461a5f814598abe316390a4953ba08b1170
./pip/http-v2/6/9/a/8/9/69a894a4b04760261d061461a5f814598abe316390a4953ba08b1170.body
./pip/http-v2/6/a/
./pip/http-v2/6/a/c/
./pip/http-v2/6/a/c/9/
./pip/http-v2/6/a/c/9/4/
./pip/http-v2/6/a/c/9/4/6ac94cd6339ef20f0c9cfaa00b00ef820822372cd1af9c7549b973e9.body
./pip/http-v2/6/a/c/9/4/6ac94cd6339ef20f0c9cfaa00b00ef820822372cd1af9c7549b973e9
./pip/http-v2/6/6/
./pip/http-v2/6/6/2/
./pip/http-v2/6/6/2/7/
./pip/http-v2/6/6/2/7/f/
./pip/http-v2/6/6/2/7/f/6627f34bfa2577d42c5d0a813c3475aa516e747393b2625deead3d2e.body
./pip/http-v2/6/6/2/7/f/6627f34bfa2577d42c5d0a813c3475aa516e747393b2625deead3d2e
./pip/http-v2/6/6/c/
./pip/http-v2/6/6/c/5/
./pip/http-v2/6/6/c/5/e/
./pip/http-v2/6/6/c/5/e/66c5e55abf883562a68975ce789be523ac9c8ab7871f5f43aa78b2a5.body
./pip/http-v2/6/6/c/5/e/66c5e55abf883562a68975ce789be523ac9c8ab7871f5f43aa78b2a5
./pip/wheels/
./pip/wheels/07/
./pip/wheels/07/be/
./pip/wheels/07/be/75/
./pip/wheels/07/be/75/82d0de59d7d6726dcdd22a64edc8ab499ca3e42cd6647747c6/
./pip/wheels/07/be/75/82d0de59d7d6726dcdd22a64edc8ab499ca3e42cd6647747c6/bitarray-2.8.1-cp313-cp313-linux_x86_64.whl
./pip/wheels/07/be/75/82d0de59d7d6726dcdd22a64edc8ab499ca3e42cd6647747c6/origin.json
./pip/wheels/d6/
./pip/wheels/d6/f5/
./pip/wheels/d6/f5/d6/
./pip/wheels/d6/f5/d6/21a3d3c1e52d5ed1f1d21353a9d52553e95e4adb4df532bac4/
./pip/wheels/d6/f5/d6/21a3d3c1e52d5ed1f1d21353a9d52553e95e4adb4df532bac4/pycairo-1.26.1-cp313-cp313-linux_x86_64.whl
./pip/wheels/d6/f5/d6/21a3d3c1e52d5ed1f1d21353a9d52553e95e4adb4df532bac4/origin.json
./pip/wheels/e9/
./pip/wheels/e9/76/
./pip/wheels/e9/76/16/
./pip/wheels/e9/76/16/2bb26bb2492830e8145bcc67fdbefed7785f3bf73f6b91f17c/
./pip/wheels/e9/76/16/2bb26bb2492830e8145bcc67fdbefed7785f3bf73f6b91f17c/origin.json
./pip/wheels/e9/76/16/2bb26bb2492830e8145bcc67fdbefed7785f3bf73f6b91f17c/www_authenticate-0.9.2-py3-none-any.whl
./pip/wheels/f2/
./pip/wheels/f2/d0/
./pip/wheels/f2/d0/13/
./pip/wheels/f2/d0/13/0104e9b2a46a01ee205026dcf1ab00eb1c940759d5ddf541f9/
./pip/wheels/f2/d0/13/0104e9b2a46a01ee205026dcf1ab00eb1c940759d5ddf541f9/origin.json
./pip/wheels/f2/d0/13/0104e9b2a46a01ee205026dcf1ab00eb1c940759d5ddf541f9/systemd_python-235-cp313-cp313-linux_x86_64.whl
./pip/wheels/43/
./pip/wheels/43/f6/
./pip/wheels/43/f6/62/
./pip/wheels/43/f6/62/c9e73e5ebfac4804a8842e12b0b5a5f046bf3cec98b65c372e/
./pip/wheels/43/f6/62/c9e73e5ebfac4804a8842e12b0b5a5f046bf3cec98b65c372e/blkinfo-0.2.0-py3-none-any.whl
./pip/wheels/43/f6/62/c9e73e5ebfac4804a8842e12b0b5a5f046bf3cec98b65c372e/origin.json
./pip/wheels/43/be/
./pip/wheels/43/be/44/
./pip/wheels/43/be/44/09bf877e98499067e9016f74cfa4411ffbf926b6f81d73626a/
./pip/wheels/43/be/44/09bf877e98499067e9016f74cfa4411ffbf926b6f81d73626a/origin.json
./pip/wheels/43/be/44/09bf877e98499067e9016f74cfa4411ffbf926b6f81d73626a/ipaddr-2.2.0-py3-none-any.whl
./web.flock
restored_deb_count=590
+ [[ -n /rootfs-cache/make-rootfs-apt-cache ]]
+ [[ -d /rootfs-cache/make-rootfs-apt-cache/extra-debs ]]
+ sudo cp -f /rootfs-cache/make-rootfs-apt-cache/extra-debs/eatmydata_131-2_all.deb /rootfs-cache/make-rootfs-apt-cache/extra-debs/libeatmydata1_131-2+b1_amd64.deb ./fsroot-vs/var/cache/apt/archives/
+ [[ y == y ]]
+ [[ -n /pip-wheelhouse ]]
+ [[ -d /pip-wheelhouse ]]
+ sudo mkdir -p ./fsroot-vs/pip-wheelhouse
+ sudo cp -a /pip-wheelhouse/. ./fsroot-vs/pip-wheelhouse/
+ sudo chown root:root ./fsroot-vs
+ sudo LANG=C chroot ./fsroot-vs /bin/bash -c 'echo '\''sonic'\'' > /etc/hostname'
+ sudo LANG=C chroot ./fsroot-vs /bin/bash -c 'echo '\''127.0.0.1       sonic'\'' >> /etc/hosts'
+ sudo LANG=C chroot ./fsroot-vs /bin/bash -c 'echo '\''127.0.0.1       localhost'\'' >> /etc/hosts'
+ sudo LANG=C chroot ./fsroot-vs /bin/bash -c 'echo "proc /proc proc defaults 0 0" >> /etc/fstab'
+ sudo LANG=C chroot ./fsroot-vs /bin/bash -c 'echo "sysfs /sys sysfs defaults 0 0" >> /etc/fstab'
+ '[' -n http://127.0.0.1:9 ']'
+ sudo /bin/bash -c 'echo '\''Acquire::http::Proxy "http://127.0.0.1:9";'\'' > ./fsroot-vs/etc/apt/apt.conf.d/01proxy'
+ trap_push 'sudo LANG=C chroot $FILESYSTEM_ROOT umount /proc || true'
+ local oldcmd=true
+ local 'newcmd=sudo LANG=C chroot $FILESYSTEM_ROOT umount /proc || true; true'
+ trap -- 'sudo LANG=C chroot $FILESYSTEM_ROOT umount /proc || true; true' EXIT INT TERM HUP
+ _trap_push 'sudo LANG=C chroot $FILESYSTEM_ROOT umount /proc || true; true'
+ local 'next=sudo LANG=C chroot $FILESYSTEM_ROOT umount /proc || true; true'
++ echo 'sudo LANG=C chroot $FILESYSTEM_ROOT umount /proc || true; true'
++ sed -e 's/'\''/'\''\\'\'''\''/g'
+ eval 'trap_push() {
        local oldcmd='\''sudo LANG=C chroot $FILESYSTEM_ROOT umount /proc || true; true'\''
        local newcmd="$1; $oldcmd"
        trap -- "$newcmd" EXIT INT TERM HUP
        _trap_push "$newcmd"
    }'
+ sudo LANG=C chroot ./fsroot-vs mount proc /proc -t proc
+ echo '[INFO] Mount all'
[INFO] Mount all
+ sudo LANG=C chroot ./fsroot-vs mount
proc on /proc type proc (rw,relatime)
+ '[' -d src/sonic-build-hooks/buildinfo/trusted.gpg.d ']'
+ scripts/build_mirror_config.sh files/apt amd64 trixie
+ sudo cp files/apt/sources.list.amd64 ./fsroot-vs/etc/apt/sources.list
+ [[ y == y ]]
+ echo '[INFO] Skipping apt-clean in offline mode'
[INFO] Skipping apt-clean in offline mode
+ sudo cp files/apt/apt.conf.d/81norecommends files/apt/apt.conf.d/apt-gzip-indexes files/apt/apt.conf.d/apt-no-languages files/apt/apt.conf.d/apt-timeout-n-retries files/apt/apt.conf.d/no-check-valid-until ./fsroot-vs/etc/apt/apt.conf.d/
+ [[ y != y ]]
+ echo '[INFO] Skipping Debian apt-get update in offline mode'
[INFO] Skipping Debian apt-get update in offline mode
+ sudo LANG=C chroot ./fsroot-vs apt-get -y upgrade
Reading package lists...
Building dependency tree...
Calculating upgrade...
The following packages will be upgraded:
  bsdutils libblkid1 liblastlog2-2 libmount1 libsmartcols1 libssl3t64 libuuid1
  login mount openssl-provider-legacy util-linux
debconf: unable to initialize frontend: Dialog
debconf: (Dialog frontend will not work on a dumb terminal, an emacs shell buffer, or without a controlling terminal.)
debconf: falling back to frontend: Readline
debconf: unable to initialize frontend: Readline
debconf: (Can't locate Term/ReadLine.pm in @INC (you may need to install the Term::ReadLine module) (@INC entries checked: /etc/perl /usr/local/lib/x86_64-linux-gnu/perl/5.40.1 /usr/local/share/perl/5.40.1 /usr/lib/x86_64-linux-gnu/perl5/5.40 /usr/share/perl5 /usr/lib/x86_64-linux-gnu/perl-base /usr/lib/x86_64-linux-gnu/perl/5.40 /usr/share/perl/5.40 /usr/local/lib/site_perl) at /usr/share/perl5/Debconf/FrontEnd/Readline.pm line 8, <STDIN> line 11.)
debconf: falling back to frontend: Teletype
debconf: unable to initialize frontend: Teletype
debconf: (This frontend requires a controlling tty.)
debconf: falling back to frontend: Noninteractive
11 upgraded, 0 newly installed, 0 to remove and 0 not upgraded.
Need to get 0 B/4993 kB of archives.
After this operation, 42.0 kB of additional disk space will be used.
E: Can not write log (Is /dev/pts mounted?) - posix_openpt (19: No such device)
(Reading database ... 4962 files and directories currently installed.)
Preparing to unpack .../bsdutils_1%3a2.41.5-0+deb13u1_amd64.deb ...
Unpacking bsdutils (1:2.41.5-0+deb13u1) over (1:2.41-5) ...
Setting up bsdutils (1:2.41.5-0+deb13u1) ...
(Reading database ... 4962 files and directories currently installed.)
Preparing to unpack .../liblastlog2-2_2.41.5-0+deb13u1_amd64.deb ...
Unpacking liblastlog2-2:amd64 (2.41.5-0+deb13u1) over (2.41-5) ...
Setting up liblastlog2-2:amd64 (2.41.5-0+deb13u1) ...
(Reading database ... 4962 files and directories currently installed.)
Preparing to unpack .../libblkid1_2.41.5-0+deb13u1_amd64.deb ...
Unpacking libblkid1:amd64 (2.41.5-0+deb13u1) over (2.41-5) ...
Setting up libblkid1:amd64 (2.41.5-0+deb13u1) ...
(Reading database ... 4962 files and directories currently installed.)
Preparing to unpack .../libmount1_2.41.5-0+deb13u1_amd64.deb ...
Unpacking libmount1:amd64 (2.41.5-0+deb13u1) over (2.41-5) ...
Setting up libmount1:amd64 (2.41.5-0+deb13u1) ...
(Reading database ... 4962 files and directories currently installed.)
Preparing to unpack .../libsmartcols1_2.41.5-0+deb13u1_amd64.deb ...
Unpacking libsmartcols1:amd64 (2.41.5-0+deb13u1) over (2.41-5) ...
Setting up libsmartcols1:amd64 (2.41.5-0+deb13u1) ...
(Reading database ... 4962 files and directories currently installed.)
Preparing to unpack .../mount_2.41.5-0+deb13u1_amd64.deb ...
Unpacking mount (2.41.5-0+deb13u1) over (2.41-5) ...
Preparing to unpack .../libuuid1_2.41.5-0+deb13u1_amd64.deb ...
Unpacking libuuid1:amd64 (2.41.5-0+deb13u1) over (2.41-5) ...
Setting up libuuid1:amd64 (2.41.5-0+deb13u1) ...
(Reading database ... 4962 files and directories currently installed.)
Preparing to unpack .../util-linux_2.41.5-0+deb13u1_amd64.deb ...
Unpacking util-linux (2.41.5-0+deb13u1) over (2.41-5) ...
Setting up util-linux (2.41.5-0+deb13u1) ...
(Reading database ... 4967 files and directories currently installed.)
Preparing to unpack .../login_1%3a4.16.0-2+really2.41.5-0+deb13u1_amd64.deb ...
Unpacking login (1:4.16.0-2+really2.41.5-0+deb13u1) over (1:4.16.0-2+really2.41-5) ...
Preparing to unpack .../openssl-provider-legacy_3.5.7-1~deb13u2_amd64.deb ...
Unpacking openssl-provider-legacy (3.5.7-1~deb13u2) over (3.5.6-1~deb13u2) ...
Setting up openssl-provider-legacy (3.5.7-1~deb13u2) ...
(Reading database ... 4969 files and directories currently installed.)
Preparing to unpack .../libssl3t64_3.5.7-1~deb13u2_amd64.deb ...
Unpacking libssl3t64:amd64 (3.5.7-1~deb13u2) over (3.5.6-1~deb13u2) ...
Setting up libssl3t64:amd64 (3.5.7-1~deb13u2) ...
Setting up mount (2.41.5-0+deb13u1) ...
Setting up login (1:4.16.0-2+really2.41.5-0+deb13u1) ...
Processing triggers for libc-bin (2.41-12+deb13u3) ...
+ echo '[INFO] Install and setup eatmydata'
[INFO] Install and setup eatmydata
+ sudo LANG=C chroot ./fsroot-vs apt-get -y install eatmydata
Reading package lists...
Building dependency tree...
Reading state information...
The following additional packages will be installed:
  libeatmydata1
The following NEW packages will be installed:
  eatmydata libeatmydata1
debconf: unable to initialize frontend: Dialog
debconf: (Dialog frontend will not work on a dumb terminal, an emacs shell buffer, or without a controlling terminal.)
debconf: falling back to frontend: Readline
debconf: unable to initialize frontend: Readline
debconf: (Can't locate Term/ReadLine.pm in @INC (you may need to install the Term::ReadLine module) (@INC entries checked: /etc/perl /usr/local/lib/x86_64-linux-gnu/perl/5.40.1 /usr/local/share/perl/5.40.1 /usr/lib/x86_64-linux-gnu/perl5/5.40 /usr/share/perl5 /usr/lib/x86_64-linux-gnu/perl-base /usr/lib/x86_64-linux-gnu/perl/5.40 /usr/share/perl/5.40 /usr/local/lib/site_perl) at /usr/share/perl5/Debconf/FrontEnd/Readline.pm line 8, <STDIN> line 2.)
debconf: falling back to frontend: Teletype
debconf: unable to initialize frontend: Teletype
debconf: (This frontend requires a controlling tty.)
debconf: falling back to frontend: Noninteractive
0 upgraded, 2 newly installed, 0 to remove and 0 not upgraded.
Need to get 0 B/14.6 kB of archives.
After this operation, 57.3 kB of additional disk space will be used.
E: Can not write log (Is /dev/pts mounted?) - posix_openpt (19: No such device)
Selecting previously unselected package libeatmydata1:amd64.
(Reading database ... 4969 files and directories currently installed.)
Preparing to unpack .../libeatmydata1_131-2+b1_amd64.deb ...
Unpacking libeatmydata1:amd64 (131-2+b1) ...
Selecting previously unselected package eatmydata.
Preparing to unpack .../eatmydata_131-2_all.deb ...
Unpacking eatmydata (131-2) ...
Setting up libeatmydata1:amd64 (131-2+b1) ...
Setting up eatmydata (131-2) ...
Processing triggers for libc-bin (2.41-12+deb13u3) ...
+ sudo LANG=C chroot ./fsroot-vs ln -s /usr/bin/eatmydata /usr/local/bin/dpkg
+ echo 'Dir::Bin::dpkg "/usr/local/bin/dpkg";'
+ sudo tee ./fsroot-vs/etc/apt/apt.conf.d/00image-install-eatmydata
+ sudo LANG=C chroot ./fsroot-vs rm /usr/local/sbin/dpkg -f
+ echo '[INFO] Install packages for building image'
[INFO] Install packages for building image
+ sudo LANG=C chroot ./fsroot-vs apt-get -y install psmisc
Reading package lists...
Building dependency tree...
Reading state information...
The following NEW packages will be installed:
  psmisc
debconf: unable to initialize frontend: Dialog
debconf: (Dialog frontend will not work on a dumb terminal, an emacs shell buffer, or without a controlling terminal.)
debconf: falling back to frontend: Readline
debconf: unable to initialize frontend: Readline
debconf: (Can't locate Term/ReadLine.pm in @INC (you may need to install the Term::ReadLine module) (@INC entries checked: /etc/perl /usr/local/lib/x86_64-linux-gnu/perl/5.40.1 /usr/local/share/perl/5.40.1 /usr/lib/x86_64-linux-gnu/perl5/5.40 /usr/share/perl5 /usr/lib/x86_64-linux-gnu/perl-base /usr/lib/x86_64-linux-gnu/perl/5.40 /usr/share/perl/5.40 /usr/local/lib/site_perl) at /usr/share/perl5/Debconf/FrontEnd/Readline.pm line 8, <STDIN> line 1.)
debconf: falling back to frontend: Teletype
debconf: unable to initialize frontend: Teletype
debconf: (This frontend requires a controlling tty.)
debconf: falling back to frontend: Noninteractive
0 upgraded, 1 newly installed, 0 to remove and 0 not upgraded.
Need to get 0 B/267 kB of archives.
After this operation, 973 kB of additional disk space will be used.
E: Can not write log (Is /dev/pts mounted?) - posix_openpt (19: No such device)
Selecting previously unselected package psmisc.
(Reading database ... 4982 files and directories currently installed.)
Preparing to unpack .../psmisc_23.7-2_amd64.deb ...
Unpacking psmisc (23.7-2) ...
Setting up psmisc (23.7-2) ...
+ [[ n == y ]]
+ sudo LANG=C chroot ./fsroot-vs apt-get -y install pigz
Reading package lists...
Building dependency tree...
Reading state information...
The following NEW packages will be installed:
  pigz
debconf: unable to initialize frontend: Dialog
debconf: (Dialog frontend will not work on a dumb terminal, an emacs shell buffer, or without a controlling terminal.)
debconf: falling back to frontend: Readline
debconf: unable to initialize frontend: Readline
debconf: (Can't locate Term/ReadLine.pm in @INC (you may need to install the Term::ReadLine module) (@INC entries checked: /etc/perl /usr/local/lib/x86_64-linux-gnu/perl/5.40.1 /usr/local/share/perl/5.40.1 /usr/lib/x86_64-linux-gnu/perl5/5.40 /usr/share/perl5 /usr/lib/x86_64-linux-gnu/perl-base /usr/lib/x86_64-linux-gnu/perl/5.40 /usr/share/perl/5.40 /usr/local/lib/site_perl) at /usr/share/perl5/Debconf/FrontEnd/Readline.pm line 8, <STDIN> line 1.)
debconf: falling back to frontend: Teletype
debconf: unable to initialize frontend: Teletype
debconf: (This frontend requires a controlling tty.)
debconf: falling back to frontend: Noninteractive
0 upgraded, 1 newly installed, 0 to remove and 0 not upgraded.
Need to get 0 B/62.7 kB of archives.
After this operation, 157 kB of additional disk space will be used.
E: Can not write log (Is /dev/pts mounted?) - posix_openpt (19: No such device)
Selecting previously unselected package pigz.
(Reading database ... 5097 files and directories currently installed.)
Preparing to unpack .../archives/pigz_2.8-1_amd64.deb ...
Unpacking pigz (2.8-1) ...
Setting up pigz (2.8-1) ...
+ sudo LANG=C chroot ./fsroot-vs apt-get -y install busybox linux-base
Reading package lists...
Building dependency tree...
Reading state information...
The following NEW packages will be installed:
  busybox linux-base
debconf: unable to initialize frontend: Dialog
debconf: (Dialog frontend will not work on a dumb terminal, an emacs shell buffer, or without a controlling terminal.)
debconf: falling back to frontend: Readline
debconf: unable to initialize frontend: Readline
debconf: (Can't locate Term/ReadLine.pm in @INC (you may need to install the Term::ReadLine module) (@INC entries checked: /etc/perl /usr/local/lib/x86_64-linux-gnu/perl/5.40.1 /usr/local/share/perl/5.40.1 /usr/lib/x86_64-linux-gnu/perl5/5.40 /usr/share/perl5 /usr/lib/x86_64-linux-gnu/perl-base /usr/lib/x86_64-linux-gnu/perl/5.40 /usr/share/perl/5.40 /usr/local/lib/site_perl) at /usr/share/perl5/Debconf/FrontEnd/Readline.pm line 8, <STDIN> line 2.)
debconf: falling back to frontend: Teletype
debconf: unable to initialize frontend: Teletype
debconf: (This frontend requires a controlling tty.)
debconf: falling back to frontend: Noninteractive
Preconfiguring packages ...
0 upgraded, 2 newly installed, 0 to remove and 0 not upgraded.
Need to get 0 B/511 kB of archives.
After this operation, 974 kB of additional disk space will be used.
E: Can not write log (Is /dev/pts mounted?) - posix_openpt (19: No such device)
Selecting previously unselected package busybox.
(Reading database ... 5106 files and directories currently installed.)
Preparing to unpack .../busybox_1%3a1.37.0-6+b8_amd64.deb ...
Unpacking busybox (1:1.37.0-6+b8) ...
Selecting previously unselected package linux-base.
Preparing to unpack .../linux-base_4.12.1_all.deb ...
Unpacking linux-base (4.12.1) ...
Setting up linux-base (4.12.1) ...
debconf: unable to initialize frontend: Dialog
debconf: (Dialog frontend will not work on a dumb terminal, an emacs shell buffer, or without a controlling terminal.)
debconf: falling back to frontend: Readline
debconf: unable to initialize frontend: Readline
debconf: (Can't locate Term/ReadLine.pm in @INC (you may need to install the Term::ReadLine module) (@INC entries checked: /etc/perl /usr/local/lib/x86_64-linux-gnu/perl/5.40.1 /usr/local/share/perl/5.40.1 /usr/lib/x86_64-linux-gnu/perl5/5.40 /usr/share/perl5 /usr/lib/x86_64-linux-gnu/perl-base /usr/lib/x86_64-linux-gnu/perl/5.40 /usr/share/perl/5.40 /usr/local/lib/site_perl) at /usr/share/perl5/Debconf/FrontEnd/Readline.pm line 8.)
debconf: falling back to frontend: Teletype
debconf: unable to initialize frontend: Teletype
debconf: (This frontend requires a controlling tty.)
debconf: falling back to frontend: Noninteractive
Setting up busybox (1:1.37.0-6+b8) ...
+ echo '[INFO] Install SONiC linux kernel image'
[INFO] Install SONiC linux kernel image
+ sudo cp target/debs/trixie/initramfs-tools-core_0.142_all.deb target/debs/trixie/initramfs-tools_0.142_all.deb target/debs/trixie/linux-image-6.12.41+deb13-sonic-amd64-unsigned_6.12.41-1_amd64.deb ./fsroot-vs
++ sed 's,^,./,'
++ basename -a target/debs/trixie/initramfs-tools-core_0.142_all.deb target/debs/trixie/initramfs-tools_0.142_all.deb target/debs/trixie/linux-image-6.12.41+deb13-sonic-amd64-unsigned_6.12.41-1_amd64.deb
+ basename_deb_packages='./initramfs-tools-core_0.142_all.deb
./initramfs-tools_0.142_all.deb
./linux-image-6.12.41+deb13-sonic-amd64-unsigned_6.12.41-1_amd64.deb'
+ sudo LANG=C DEBIAN_FRONTEND=noninteractive chroot ./fsroot-vs apt -y install ./initramfs-tools-core_0.142_all.deb ./initramfs-tools_0.142_all.deb ./linux-image-6.12.41+deb13-sonic-amd64-unsigned_6.12.41-1_amd64.deb

WARNING: apt does not have a stable CLI interface. Use with caution in scripts.

Reading package lists...
Building dependency tree...
Reading state information...
Installing:
  initramfs-tools       linux-image-6.12.41+deb13-sonic-amd64-unsigned
  initramfs-tools-core

Installing dependencies:
  cpio         kmod          libklibc  libsystemd-shared  systemd
  klibc-utils  libapparmor1  libkmod2  logsave            udev

Suggested packages:
  libarchive-dev   libip4tc2               | extlinux
  bash-completion  libp11-kit0             systemd-container
  libarchive13t64  libpwquality1           systemd-homed
  libbpf1          libqrencode4            systemd-userdbd
  libcryptsetup12  libtss2-rc0t64          systemd-boot
  libdw1t64        firmware-linux-free     systemd-resolved
  libelf1t64       linux-doc-6.12          systemd-repart
  libfido2-1       debian-kernel-handbook  libtss2-tcti-device0
  libgcrypt20      grub-pc                 polkitd
  libidn2-0        | grub-efi-amd64

Recommended packages:
  zstd                     | dbus-system-bus      | time-daemon
  apparmor                 linux-sysctl-defaults  systemd-cryptsetup
  default-dbus-system-bus  systemd-timesyncd

Summary:
  Upgrading: 0, Installing: 13, Removing: 0, Not Upgrading: 0
  Download size: 0 B / 78.2 MB
  Space needed: 453 MB / 146 GB available

Error: Can not write log (Is /dev/pts mounted?) - posix_openpt (19: No such device)
Selecting previously unselected package libsystemd-shared:amd64.
(Reading database ... 5136 files and directories currently installed.)
Preparing to unpack .../libsystemd-shared_257.13-1~deb13u1_amd64.deb ...
Unpacking libsystemd-shared:amd64 (257.13-1~deb13u1) ...
Selecting previously unselected package libapparmor1:amd64.
Preparing to unpack .../libapparmor1_4.1.0-1_amd64.deb ...
Unpacking libapparmor1:amd64 (4.1.0-1) ...
Setting up libsystemd-shared:amd64 (257.13-1~deb13u1) ...
Selecting previously unselected package systemd.
(Reading database ... 5149 files and directories currently installed.)
Preparing to unpack .../00-systemd_257.13-1~deb13u1_amd64.deb ...
Unpacking systemd (257.13-1~deb13u1) ...
Selecting previously unselected package libkmod2:amd64.
Preparing to unpack .../01-libkmod2_34.2-2_amd64.deb ...
Unpacking libkmod2:amd64 (34.2-2) ...
Selecting previously unselected package kmod.
Preparing to unpack .../02-kmod_34.2-2_amd64.deb ...
Unpacking kmod (34.2-2) ...
Selecting previously unselected package libklibc:amd64.
Preparing to unpack .../03-libklibc_2.0.14-1_amd64.deb ...
Unpacking libklibc:amd64 (2.0.14-1) ...
Selecting previously unselected package klibc-utils.
Preparing to unpack .../04-klibc-utils_2.0.14-1_amd64.deb ...
Unpacking klibc-utils (2.0.14-1) ...
Selecting previously unselected package cpio.
Preparing to unpack .../05-cpio_2.15+dfsg-2_amd64.deb ...
Unpacking cpio (2.15+dfsg-2) ...
Selecting previously unselected package udev.
Preparing to unpack .../06-udev_257.13-1~deb13u1_amd64.deb ...
Unpacking udev (257.13-1~deb13u1) ...
Selecting previously unselected package logsave.
Preparing to unpack .../07-logsave_1.47.2-3+b11_amd64.deb ...
Unpacking logsave (1.47.2-3+b11) ...
Selecting previously unselected package initramfs-tools-core.
Preparing to unpack .../08-initramfs-tools-core_0.142_all.deb ...
Unpacking initramfs-tools-core (0.142) ...
Selecting previously unselected package initramfs-tools.
Preparing to unpack .../09-initramfs-tools_0.142_all.deb ...
Unpacking initramfs-tools (0.142) ...
Selecting previously unselected package linux-image-6.12.41+deb13-sonic-amd64-unsigned.
Preparing to unpack .../10-linux-image-6.12.41+deb13-sonic-amd64-unsigned_6.12.41-1_amd64.deb ...
Unpacking linux-image-6.12.41+deb13-sonic-amd64-unsigned (6.12.41-1) ...
Setting up cpio (2.15+dfsg-2) ...
update-alternatives: using /usr/bin/mt-gnu to provide /usr/bin/mt (mt) in auto mode
Setting up libapparmor1:amd64 (4.1.0-1) ...
Setting up systemd (257.13-1~deb13u1) ...
Created symlink '/etc/systemd/system/getty.target.wants/getty@tty1.service' -> '/usr/lib/systemd/system/getty@.service'.
Created symlink '/etc/systemd/system/multi-user.target.wants/remote-fs.target' -> '/usr/lib/systemd/system/remote-fs.target'.
Created symlink '/etc/systemd/system/sysinit.target.wants/systemd-pstore.service' -> '/usr/lib/systemd/system/systemd-pstore.service'.
Initializing machine ID from random generator.
Creating group 'systemd-journal' with GID 999.
Creating group 'systemd-network' with GID 998.
Creating user 'systemd-network' (systemd Network Management) with UID 998 and GID 998.
/usr/lib/tmpfiles.d/legacy.conf:14: Duplicate line for path "/run/lock", ignoring.
Setting up libklibc:amd64 (2.0.14-1) ...
Setting up logsave (1.47.2-3+b11) ...
Setting up klibc-utils (2.0.14-1) ...
No diversion 'diversion of /usr/share/initramfs-tools/hooks/klibc to /usr/share/initramfs-tools/hooks/klibc^i-t by klibc-utils', none removed.
Setting up libkmod2:amd64 (34.2-2) ...
Setting up kmod (34.2-2) ...
Setting up udev (257.13-1~deb13u1) ...
Creating group 'input' with GID 997.
Creating group 'sgx' with GID 996.
Creating group 'clock' with GID 995.
Creating group 'kvm' with GID 994.
Creating group 'render' with GID 993.
Setting up initramfs-tools-core (0.142) ...
Setting up initramfs-tools (0.142) ...
update-initramfs: deferring update (trigger activated)
Setting up linux-image-6.12.41+deb13-sonic-amd64-unsigned (6.12.41-1) ...
I: /vmlinuz.old is now a symlink to boot/vmlinuz-6.12.41+deb13-sonic-amd64
I: /initrd.img.old is now a symlink to boot/initrd.img-6.12.41+deb13-sonic-amd64
I: /vmlinuz is now a symlink to boot/vmlinuz-6.12.41+deb13-sonic-amd64
I: /initrd.img is now a symlink to boot/initrd.img-6.12.41+deb13-sonic-amd64
/etc/kernel/postinst.d/initramfs-tools:
update-initramfs: Generating /boot/initrd.img-6.12.41+deb13-sonic-amd64
W: No zstd in /usr/bin:/sbin:/bin, using gzip
Processing triggers for libc-bin (2.41-12+deb13u3) ...
Processing triggers for initramfs-tools (0.142) ...
update-initramfs: Generating /boot/initrd.img-6.12.41+deb13-sonic-amd64
W: No zstd in /usr/bin:/sbin:/bin, using gzip
+ cd ./fsroot-vs
+ sudo rm -f ./initramfs-tools-core_0.142_all.deb ./initramfs-tools_0.142_all.deb ./linux-image-6.12.41+deb13-sonic-amd64-unsigned_6.12.41-1_amd64.deb
+ sudo LANG=C DEBIAN_FRONTEND=noninteractive chroot ./fsroot-vs apt-get -y install acl
Reading package lists...
Building dependency tree...
Reading state information...
The following NEW packages will be installed:
  acl
0 upgraded, 1 newly installed, 0 to remove and 2 not upgraded.
Need to get 0 B/64.4 kB of archives.
After this operation, 237 kB of additional disk space will be used.
E: Can not write log (Is /dev/pts mounted?) - posix_openpt (19: No such device)
Selecting previously unselected package acl.
(Reading database ... 11124 files and directories currently installed.)
Preparing to unpack .../acl_2.3.2-2+b1_amd64.deb ...
Unpacking acl (2.3.2-2+b1) ...
Setting up acl (2.3.2-2+b1) ...
+ [[ amd64 == amd64 ]]
+ sudo LANG=C DEBIAN_FRONTEND=noninteractive chroot ./fsroot-vs apt-get -y install hdparm
Reading package lists...
Building dependency tree...
Reading state information...
Recommended packages:
  powermgmt-base
The following NEW packages will be installed:
  hdparm
0 upgraded, 1 newly installed, 0 to remove and 2 not upgraded.
Need to get 0 B/107 kB of archives.
After this operation, 252 kB of additional disk space will be used.
E: Can not write log (Is /dev/pts mounted?) - posix_openpt (19: No such device)
Selecting previously unselected package hdparm.
(Reading database ... 11145 files and directories currently installed.)
Preparing to unpack .../hdparm_9.65+ds-1.1_amd64.deb ...
Unpacking hdparm (9.65+ds-1.1) ...
Setting up hdparm (9.65+ds-1.1) ...
+ cat files/initramfs-tools/modules
+ sudo tee -a ./fsroot-vs/etc/initramfs-tools/modules
+ sudo mkdir -p ./fsroot-vs/etc/initramfs-tools/scripts/init-premount/
+ sudo cp files/initramfs-tools/arista-convertfs ./fsroot-vs/etc/initramfs-tools/scripts/init-premount/arista-convertfs
+ sudo chmod +x ./fsroot-vs/etc/initramfs-tools/scripts/init-premount/arista-convertfs
+ sudo cp files/initramfs-tools/arista-hook ./fsroot-vs/etc/initramfs-tools/scripts/init-premount/arista-hook
+ sudo chmod +x ./fsroot-vs/etc/initramfs-tools/scripts/init-premount/arista-hook
+ sudo cp files/initramfs-tools/arista-wait-blockdev ./fsroot-vs/etc/initramfs-tools/scripts/init-premount/arista-wait-blockdev
+ sudo chmod +x ./fsroot-vs/etc/initramfs-tools/scripts/init-premount/arista-wait-blockdev
+ sudo cp files/initramfs-tools/mke2fs ./fsroot-vs/etc/initramfs-tools/hooks/mke2fs
+ sudo chmod +x ./fsroot-vs/etc/initramfs-tools/hooks/mke2fs
+ sudo cp files/initramfs-tools/setfacl ./fsroot-vs/etc/initramfs-tools/hooks/setfacl
+ sudo chmod +x ./fsroot-vs/etc/initramfs-tools/hooks/setfacl
+ sudo cp files/initramfs-tools/arista-net ./fsroot-vs/etc/initramfs-tools/scripts/init-premount/arista-net
+ sudo chmod +x ./fsroot-vs/etc/initramfs-tools/scripts/init-premount/arista-net
+ sudo cp files/initramfs-tools/resize-rootfs ./fsroot-vs/etc/initramfs-tools/scripts/init-premount/resize-rootfs
+ sudo chmod +x ./fsroot-vs/etc/initramfs-tools/scripts/init-premount/resize-rootfs
+ sudo cp files/initramfs-tools/ssd-upgrade ./fsroot-vs/etc/initramfs-tools/scripts/init-premount/ssd-upgrade
+ sudo chmod +x ./fsroot-vs/etc/initramfs-tools/scripts/init-premount/ssd-upgrade
+ sudo cp files/initramfs-tools/fsck-rootfs ./fsroot-vs/etc/initramfs-tools/scripts/init-premount/fsck-rootfs
+ sudo chmod +x ./fsroot-vs/etc/initramfs-tools/scripts/init-premount/fsck-rootfs
+ sudo cp files/initramfs-tools/union-mount ./fsroot-vs/etc/initramfs-tools/scripts/init-bottom/union-mount
+ sudo chmod +x ./fsroot-vs/etc/initramfs-tools/scripts/init-bottom/union-mount
+ sudo cp files/initramfs-tools/varlog ./fsroot-vs/etc/initramfs-tools/scripts/init-bottom/varlog
+ sudo chmod +x ./fsroot-vs/etc/initramfs-tools/scripts/init-bottom/varlog
+ sudo cp files/initramfs-tools/swi2bin ./fsroot-vs/etc/initramfs-tools/scripts/init-bottom/swi2bin
+ sudo chmod +x ./fsroot-vs/etc/initramfs-tools/scripts/init-bottom/swi2bin
+ sudo cp files/initramfs-tools/union-fsck ./fsroot-vs/etc/initramfs-tools/hooks/union-fsck
+ sudo chmod +x ./fsroot-vs/etc/initramfs-tools/hooks/union-fsck
+ pushd ./fsroot-vs/usr/share/initramfs-tools/scripts/init-bottom
/sonic/fsroot-vs/usr/share/initramfs-tools/scripts/init-bottom /sonic
+ sudo patch -p1
patching file udev
+ popd
/sonic
+ [[ amd64 == armhf ]]
+ [[ amd64 == arm64 ]]
+ '[' -f platform/vs/modules ']'
+ sudo LANG=C chroot ./fsroot-vs apt-get -y install u-boot-tools libubootenv-tool mtd-utils device-tree-compiler
Reading package lists...
Building dependency tree...
Reading state information...
The following additional packages will be installed:
  libfdt1 libffi8 libgnutls30t64 libidn2-0 libiniparser4 liblzo2-2 libp11-kit0
  libtasn1-6 libubootenv0.1 libunistring5 libyaml-0-2
Suggested packages:
  gnutls-bin
The following NEW packages will be installed:
  device-tree-compiler libfdt1 libffi8 libgnutls30t64 libidn2-0 libiniparser4
  liblzo2-2 libp11-kit0 libtasn1-6 libubootenv-tool libubootenv0.1
  libunistring5 libyaml-0-2 mtd-utils u-boot-tools
debconf: unable to initialize frontend: Dialog
debconf: (Dialog frontend will not work on a dumb terminal, an emacs shell buffer, or without a controlling terminal.)
debconf: falling back to frontend: Readline
debconf: unable to initialize frontend: Readline
debconf: (Can't locate Term/ReadLine.pm in @INC (you may need to install the Term::ReadLine module) (@INC entries checked: /etc/perl /usr/local/lib/x86_64-linux-gnu/perl/5.40.1 /usr/local/share/perl/5.40.1 /usr/lib/x86_64-linux-gnu/perl5/5.40 /usr/share/perl5 /usr/lib/x86_64-linux-gnu/perl-base /usr/lib/x86_64-linux-gnu/perl/5.40 /usr/share/perl/5.40 /usr/local/lib/site_perl) at /usr/share/perl5/Debconf/FrontEnd/Readline.pm line 8, <STDIN> line 15.)
debconf: falling back to frontend: Teletype
debconf: unable to initialize frontend: Teletype
debconf: (This frontend requires a controlling tty.)
debconf: falling back to frontend: Noninteractive
0 upgraded, 15 newly installed, 0 to remove and 2 not upgraded.
Need to get 0 B/3754 kB of archives.
After this operation, 13.6 MB of additional disk space will be used.
E: Can not write log (Is /dev/pts mounted?) - posix_openpt (19: No such device)
Selecting previously unselected package libfdt1:amd64.
(Reading database ... 11173 files and directories currently installed.)
Preparing to unpack .../00-libfdt1_1.7.2-2+b1_amd64.deb ...
Unpacking libfdt1:amd64 (1.7.2-2+b1) ...
Selecting previously unselected package libyaml-0-2:amd64.
Preparing to unpack .../01-libyaml-0-2_0.2.5-2_amd64.deb ...
Unpacking libyaml-0-2:amd64 (0.2.5-2) ...
Selecting previously unselected package device-tree-compiler.
Preparing to unpack .../02-device-tree-compiler_1.7.2-2+b1_amd64.deb ...
Unpacking device-tree-compiler (1.7.2-2+b1) ...
Selecting previously unselected package libffi8:amd64.
Preparing to unpack .../03-libffi8_3.4.8-2_amd64.deb ...
Unpacking libffi8:amd64 (3.4.8-2) ...
Selecting previously unselected package libunistring5:amd64.
Preparing to unpack .../04-libunistring5_1.3-2_amd64.deb ...
Unpacking libunistring5:amd64 (1.3-2) ...
Selecting previously unselected package libidn2-0:amd64.
Preparing to unpack .../05-libidn2-0_2.3.8-2_amd64.deb ...
Unpacking libidn2-0:amd64 (2.3.8-2) ...
Selecting previously unselected package libp11-kit0:amd64.
Preparing to unpack .../06-libp11-kit0_0.25.5-3_amd64.deb ...
Unpacking libp11-kit0:amd64 (0.25.5-3) ...
Selecting previously unselected package libtasn1-6:amd64.
Preparing to unpack .../07-libtasn1-6_4.20.0-2+deb13u1_amd64.deb ...
Unpacking libtasn1-6:amd64 (4.20.0-2+deb13u1) ...
Selecting previously unselected package libgnutls30t64:amd64.
Preparing to unpack .../08-libgnutls30t64_3.8.9-3+deb13u4_amd64.deb ...
Unpacking libgnutls30t64:amd64 (3.8.9-3+deb13u4) ...
Selecting previously unselected package libiniparser4:amd64.
Preparing to unpack .../09-libiniparser4_4.2.6-1_amd64.deb ...
Unpacking libiniparser4:amd64 (4.2.6-1) ...
Selecting previously unselected package liblzo2-2:amd64.
Preparing to unpack .../10-liblzo2-2_2.10-3+b1_amd64.deb ...
Unpacking liblzo2-2:amd64 (2.10-3+b1) ...
Selecting previously unselected package libubootenv0.1:amd64.
Preparing to unpack .../11-libubootenv0.1_0.3.5-0.1+b2_amd64.deb ...
Unpacking libubootenv0.1:amd64 (0.3.5-0.1+b2) ...
Selecting previously unselected package libubootenv-tool.
Preparing to unpack .../12-libubootenv-tool_0.3.5-0.1+b2_amd64.deb ...
Unpacking libubootenv-tool (0.3.5-0.1+b2) ...
Selecting previously unselected package mtd-utils.
Preparing to unpack .../13-mtd-utils_1%3a2.3.0-1_amd64.deb ...
Unpacking mtd-utils (1:2.3.0-1) ...
Selecting previously unselected package u-boot-tools.
Preparing to unpack .../14-u-boot-tools_2025.01-3_amd64.deb ...
Unpacking u-boot-tools (2025.01-3) ...
Setting up libyaml-0-2:amd64 (0.2.5-2) ...
Setting up liblzo2-2:amd64 (2.10-3+b1) ...
Setting up libfdt1:amd64 (1.7.2-2+b1) ...
Setting up libiniparser4:amd64 (4.2.6-1) ...
Setting up libubootenv0.1:amd64 (0.3.5-0.1+b2) ...
Setting up libunistring5:amd64 (1.3-2) ...
Setting up device-tree-compiler (1.7.2-2+b1) ...
Setting up libffi8:amd64 (3.4.8-2) ...
Setting up libtasn1-6:amd64 (4.20.0-2+deb13u1) ...
Setting up libubootenv-tool (0.3.5-0.1+b2) ...
Setting up libidn2-0:amd64 (2.3.8-2) ...
Setting up mtd-utils (1:2.3.0-1) ...
Setting up libp11-kit0:amd64 (0.25.5-3) ...
Setting up libgnutls30t64:amd64 (3.8.9-3+deb13u4) ...
Setting up u-boot-tools (2025.01-3) ...
Processing triggers for libc-bin (2.41-12+deb13u3) ...
+ echo '[INFO] Install docker'
[INFO] Install docker
+ sudo LANG=C chroot ./fsroot-vs apt-get -y install apparmor
Reading package lists...
Building dependency tree...
Reading state information...
Suggested packages:
  apparmor-profiles-extra apparmor-utils
The following NEW packages will be installed:
  apparmor
debconf: unable to initialize frontend: Dialog
debconf: (Dialog frontend will not work on a dumb terminal, an emacs shell buffer, or without a controlling terminal.)
debconf: falling back to frontend: Readline
debconf: unable to initialize frontend: Readline
debconf: (Can't locate Term/ReadLine.pm in @INC (you may need to install the Term::ReadLine module) (@INC entries checked: /etc/perl /usr/local/lib/x86_64-linux-gnu/perl/5.40.1 /usr/local/share/perl/5.40.1 /usr/lib/x86_64-linux-gnu/perl5/5.40 /usr/share/perl5 /usr/lib/x86_64-linux-gnu/perl-base /usr/lib/x86_64-linux-gnu/perl/5.40 /usr/share/perl/5.40 /usr/local/lib/site_perl) at /usr/share/perl5/Debconf/FrontEnd/Readline.pm line 8, <STDIN> line 1.)
debconf: falling back to frontend: Teletype
debconf: unable to initialize frontend: Teletype
debconf: (This frontend requires a controlling tty.)
debconf: falling back to frontend: Noninteractive
Preconfiguring packages ...
0 upgraded, 1 newly installed, 0 to remove and 2 not upgraded.
Need to get 0 B/710 kB of archives.
After this operation, 3142 kB of additional disk space will be used.
E: Can not write log (Is /dev/pts mounted?) - posix_openpt (19: No such device)
Selecting previously unselected package apparmor.
(Reading database ... 11421 files and directories currently installed.)
Preparing to unpack .../apparmor_4.1.0-1_amd64.deb ...
Unpacking apparmor (4.1.0-1) ...
Setting up apparmor (4.1.0-1) ...
debconf: unable to initialize frontend: Dialog
debconf: (Dialog frontend will not work on a dumb terminal, an emacs shell buffer, or without a controlling terminal.)
debconf: falling back to frontend: Readline
debconf: unable to initialize frontend: Readline
debconf: (Can't locate Term/ReadLine.pm in @INC (you may need to install the Term::ReadLine module) (@INC entries checked: /etc/perl /usr/local/lib/x86_64-linux-gnu/perl/5.40.1 /usr/local/share/perl/5.40.1 /usr/lib/x86_64-linux-gnu/perl5/5.40 /usr/share/perl5 /usr/lib/x86_64-linux-gnu/perl-base /usr/lib/x86_64-linux-gnu/perl/5.40 /usr/share/perl/5.40 /usr/local/lib/site_perl) at /usr/share/perl5/Debconf/FrontEnd/Readline.pm line 8.)
debconf: falling back to frontend: Teletype
debconf: unable to initialize frontend: Teletype
debconf: (This frontend requires a controlling tty.)
debconf: falling back to frontend: Noninteractive
Created symlink '/etc/systemd/system/sysinit.target.wants/apparmor.service' -> '/usr/lib/systemd/system/apparmor.service'.
+ sudo LANG=C chroot ./fsroot-vs apt-get -y install apt-transport-https ca-certificates curl
Reading package lists...
Building dependency tree...
Reading state information...
The following additional packages will be installed:
  libbrotli1 libcom-err2 libcurl4t64 libgssapi-krb5-2 libk5crypto3
  libkeyutils1 libkrb5-3 libkrb5support0 libldap2 libnghttp2-14 libnghttp3-9
  libpsl5t64 librtmp1 libsasl2-2 libsasl2-modules-db libssh2-1t64 openssl
Suggested packages:
  krb5-doc krb5-user
Recommended packages:
  bash-completion krb5-locales libldap-common publicsuffix libsasl2-modules
The following NEW packages will be installed:
  apt-transport-https ca-certificates curl libbrotli1 libcom-err2 libcurl4t64
  libgssapi-krb5-2 libk5crypto3 libkeyutils1 libkrb5-3 libkrb5support0
  libldap2 libnghttp2-14 libnghttp3-9 libpsl5t64 librtmp1 libsasl2-2
  libsasl2-modules-db libssh2-1t64 openssl
debconf: unable to initialize frontend: Dialog
debconf: (Dialog frontend will not work on a dumb terminal, an emacs shell buffer, or without a controlling terminal.)
debconf: falling back to frontend: Readline
debconf: unable to initialize frontend: Readline
debconf: (Can't locate Term/ReadLine.pm in @INC (you may need to install the Term::ReadLine module) (@INC entries checked: /etc/perl /usr/local/lib/x86_64-linux-gnu/perl/5.40.1 /usr/local/share/perl/5.40.1 /usr/lib/x86_64-linux-gnu/perl5/5.40 /usr/share/perl5 /usr/lib/x86_64-linux-gnu/perl-base /usr/lib/x86_64-linux-gnu/perl/5.40 /usr/share/perl/5.40 /usr/local/lib/site_perl) at /usr/share/perl5/Debconf/FrontEnd/Readline.pm line 8, <STDIN> line 20.)
debconf: falling back to frontend: Teletype
debconf: unable to initialize frontend: Teletype
debconf: (This frontend requires a controlling tty.)
debconf: falling back to frontend: Noninteractive
Preconfiguring packages ...
0 upgraded, 20 newly installed, 0 to remove and 2 not upgraded.
Need to get 0 B/4065 kB of archives.
After this operation, 9481 kB of additional disk space will be used.
E: Can not write log (Is /dev/pts mounted?) - posix_openpt (19: No such device)
Selecting previously unselected package openssl.
(Reading database ... 11845 files and directories currently installed.)
Preparing to unpack .../00-openssl_3.5.7-1~deb13u2_amd64.deb ...
Unpacking openssl (3.5.7-1~deb13u2) ...
Selecting previously unselected package ca-certificates.
Preparing to unpack .../01-ca-certificates_20250419_all.deb ...
Unpacking ca-certificates (20250419) ...
Selecting previously unselected package apt-transport-https.
Preparing to unpack .../02-apt-transport-https_3.0.3_all.deb ...
Unpacking apt-transport-https (3.0.3) ...
Selecting previously unselected package libbrotli1:amd64.
Preparing to unpack .../03-libbrotli1_1.1.0-2+b7_amd64.deb ...
Unpacking libbrotli1:amd64 (1.1.0-2+b7) ...
Selecting previously unselected package libkrb5support0:amd64.
Preparing to unpack .../04-libkrb5support0_1.21.3-5+deb13u1_amd64.deb ...
Unpacking libkrb5support0:amd64 (1.21.3-5+deb13u1) ...
Selecting previously unselected package libcom-err2:amd64.
Preparing to unpack .../05-libcom-err2_1.47.2-3+b11_amd64.deb ...
Unpacking libcom-err2:amd64 (1.47.2-3+b11) ...
Selecting previously unselected package libk5crypto3:amd64.
Preparing to unpack .../06-libk5crypto3_1.21.3-5+deb13u1_amd64.deb ...
Unpacking libk5crypto3:amd64 (1.21.3-5+deb13u1) ...
Selecting previously unselected package libkeyutils1:amd64.
Preparing to unpack .../07-libkeyutils1_1.6.3-6_amd64.deb ...
Unpacking libkeyutils1:amd64 (1.6.3-6) ...
Selecting previously unselected package libkrb5-3:amd64.
Preparing to unpack .../08-libkrb5-3_1.21.3-5+deb13u1_amd64.deb ...
Unpacking libkrb5-3:amd64 (1.21.3-5+deb13u1) ...
Selecting previously unselected package libgssapi-krb5-2:amd64.
Preparing to unpack .../09-libgssapi-krb5-2_1.21.3-5+deb13u1_amd64.deb ...
Unpacking libgssapi-krb5-2:amd64 (1.21.3-5+deb13u1) ...
Selecting previously unselected package libsasl2-modules-db:amd64.
Preparing to unpack .../10-libsasl2-modules-db_2.1.28+dfsg1-9_amd64.deb ...
Unpacking libsasl2-modules-db:amd64 (2.1.28+dfsg1-9) ...
Selecting previously unselected package libsasl2-2:amd64.
Preparing to unpack .../11-libsasl2-2_2.1.28+dfsg1-9_amd64.deb ...
Unpacking libsasl2-2:amd64 (2.1.28+dfsg1-9) ...
Selecting previously unselected package libldap2:amd64.
Preparing to unpack .../12-libldap2_2.6.10+dfsg-1_amd64.deb ...
Unpacking libldap2:amd64 (2.6.10+dfsg-1) ...
Selecting previously unselected package libnghttp2-14:amd64.
Preparing to unpack .../13-libnghttp2-14_1.64.0-1.1+deb13u1_amd64.deb ...
Unpacking libnghttp2-14:amd64 (1.64.0-1.1+deb13u1) ...
Selecting previously unselected package libnghttp3-9:amd64.
Preparing to unpack .../14-libnghttp3-9_1.8.0-1_amd64.deb ...
Unpacking libnghttp3-9:amd64 (1.8.0-1) ...
Selecting previously unselected package libpsl5t64:amd64.
Preparing to unpack .../15-libpsl5t64_0.21.2-1.1+b1_amd64.deb ...
Unpacking libpsl5t64:amd64 (0.21.2-1.1+b1) ...
Selecting previously unselected package librtmp1:amd64.
Preparing to unpack .../16-librtmp1_2.4+20151223.gitfa8646d.1-2+b5_amd64.deb ...
Unpacking librtmp1:amd64 (2.4+20151223.gitfa8646d.1-2+b5) ...
Selecting previously unselected package libssh2-1t64:amd64.
Preparing to unpack .../17-libssh2-1t64_1.11.1-1+deb13u1_amd64.deb ...
Unpacking libssh2-1t64:amd64 (1.11.1-1+deb13u1) ...
Selecting previously unselected package libcurl4t64:amd64.
Preparing to unpack .../18-libcurl4t64_8.14.1-2+deb13u4_amd64.deb ...
Unpacking libcurl4t64:amd64 (8.14.1-2+deb13u4) ...
Selecting previously unselected package curl.
Preparing to unpack .../19-curl_8.14.1-2+deb13u4_amd64.deb ...
Unpacking curl (8.14.1-2+deb13u4) ...
Setting up libkeyutils1:amd64 (1.6.3-6) ...
Setting up apt-transport-https (3.0.3) ...
Setting up libbrotli1:amd64 (1.1.0-2+b7) ...
Setting up libpsl5t64:amd64 (0.21.2-1.1+b1) ...
Setting up libnghttp2-14:amd64 (1.64.0-1.1+deb13u1) ...
Setting up libcom-err2:amd64 (1.47.2-3+b11) ...
Setting up libkrb5support0:amd64 (1.21.3-5+deb13u1) ...
Setting up libsasl2-modules-db:amd64 (2.1.28+dfsg1-9) ...
Setting up librtmp1:amd64 (2.4+20151223.gitfa8646d.1-2+b5) ...
Setting up libk5crypto3:amd64 (1.21.3-5+deb13u1) ...
Setting up libsasl2-2:amd64 (2.1.28+dfsg1-9) ...
Setting up libnghttp3-9:amd64 (1.8.0-1) ...
Setting up libkrb5-3:amd64 (1.21.3-5+deb13u1) ...
Setting up libssh2-1t64:amd64 (1.11.1-1+deb13u1) ...
Setting up openssl (3.5.7-1~deb13u2) ...
Setting up libldap2:amd64 (2.6.10+dfsg-1) ...
Setting up ca-certificates (20250419) ...
debconf: unable to initialize frontend: Dialog
debconf: (Dialog frontend will not work on a dumb terminal, an emacs shell buffer, or without a controlling terminal.)
debconf: falling back to frontend: Readline
debconf: unable to initialize frontend: Readline
debconf: (Can't locate Term/ReadLine.pm in @INC (you may need to install the Term::ReadLine module) (@INC entries checked: /etc/perl /usr/local/lib/x86_64-linux-gnu/perl/5.40.1 /usr/local/share/perl/5.40.1 /usr/lib/x86_64-linux-gnu/perl5/5.40 /usr/share/perl5 /usr/lib/x86_64-linux-gnu/perl-base /usr/lib/x86_64-linux-gnu/perl/5.40 /usr/share/perl/5.40 /usr/local/lib/site_perl) at /usr/share/perl5/Debconf/FrontEnd/Readline.pm line 8.)
debconf: falling back to frontend: Teletype
debconf: unable to initialize frontend: Teletype
debconf: (This frontend requires a controlling tty.)
debconf: falling back to frontend: Noninteractive
Updating certificates in /etc/ssl/certs...
150 added, 0 removed; done.
Setting up libgssapi-krb5-2:amd64 (1.21.3-5+deb13u1) ...
Setting up libcurl4t64:amd64 (8.14.1-2+deb13u4) ...
Setting up curl (8.14.1-2+deb13u4) ...
Processing triggers for libc-bin (2.41-12+deb13u3) ...
Processing triggers for ca-certificates (20250419) ...
Updating certificates in /etc/ssl/certs...
0 added, 0 removed; done.
Running hooks in /etc/ca-certificates/update.d...
done.
+ [[ amd64 == armhf ]]
+ [[ y == y ]]
+ [[ -s /rootfs-cache/make-rootfs-apt-cache/docker.asc ]]
+ echo '[INFO] Using retained Docker archive key'
[INFO] Using retained Docker archive key
+ sudo cp -f /rootfs-cache/make-rootfs-apt-cache/docker.asc ./fsroot-vs/tmp/docker.asc
+ sudo LANG=C chroot ./fsroot-vs mv /tmp/docker.asc /etc/apt/trusted.gpg.d/
+ sudo tee ./fsroot-vs/etc/apt/sources.list.d/docker.list
+ [[ y != y ]]
+ echo '[INFO] Skipping Docker apt-get update in offline mode'
[INFO] Skipping Docker apt-get update in offline mode
+ sudo LANG=C chroot ./fsroot-vs apt-get -y install docker-ce=5:28.5.2-1~debian.13~trixie docker-ce-cli=5:28.5.2-1~debian.13~trixie containerd.io=1.7.28-2~debian.13~trixie
Reading package lists...
Building dependency tree...
Reading state information...
The following additional packages will be installed:
  iptables libedit2 libip4tc2 libip6tc2 libjansson4 libmnl0
  libnetfilter-conntrack3 libnfnetlink0 libnftables1 libnftnl11 libxtables12
  netbase nftables
Suggested packages:
  cgroupfs-mount | cgroup-lite docker-model-plugin firewalld
Recommended packages:
  docker-ce-rootless-extras git procps xz-utils docker-buildx-plugin
  docker-compose-plugin
The following NEW packages will be installed:
  containerd.io docker-ce docker-ce-cli iptables libedit2 libip4tc2 libip6tc2
  libjansson4 libmnl0 libnetfilter-conntrack3 libnfnetlink0 libnftables1
  libnftnl11 libxtables12 netbase nftables
debconf: unable to initialize frontend: Dialog
debconf: (Dialog frontend will not work on a dumb terminal, an emacs shell buffer, or without a controlling terminal.)
debconf: falling back to frontend: Readline
debconf: unable to initialize frontend: Readline
debconf: (Can't locate Term/ReadLine.pm in @INC (you may need to install the Term::ReadLine module) (@INC entries checked: /etc/perl /usr/local/lib/x86_64-linux-gnu/perl/5.40.1 /usr/local/share/perl/5.40.1 /usr/lib/x86_64-linux-gnu/perl5/5.40 /usr/share/perl5 /usr/lib/x86_64-linux-gnu/perl-base /usr/lib/x86_64-linux-gnu/perl/5.40 /usr/share/perl/5.40 /usr/local/lib/site_perl) at /usr/share/perl5/Debconf/FrontEnd/Readline.pm line 8, <STDIN> line 16.)
debconf: falling back to frontend: Teletype
debconf: unable to initialize frontend: Teletype
debconf: (This frontend requires a controlling tty.)
debconf: falling back to frontend: Noninteractive
0 upgraded, 16 newly installed, 0 to remove and 2 not upgraded.
Need to get 0 B/68.9 MB of archives.
After this operation, 271 MB of additional disk space will be used.
E: Can not write log (Is /dev/pts mounted?) - posix_openpt (19: No such device)
Selecting previously unselected package containerd.io.
(Reading database ... 12546 files and directories currently installed.)
Preparing to unpack .../00-containerd.io_1.7.28-2~debian.13~trixie_amd64.deb ...
Unpacking containerd.io (1.7.28-2~debian.13~trixie) ...
Selecting previously unselected package docker-ce-cli.
Preparing to unpack .../01-docker-ce-cli_5%3a28.5.2-1~debian.13~trixie_amd64.deb ...
Unpacking docker-ce-cli (5:28.5.2-1~debian.13~trixie) ...
Selecting previously unselected package libip4tc2:amd64.
Preparing to unpack .../02-libip4tc2_1.8.11-2_amd64.deb ...
Unpacking libip4tc2:amd64 (1.8.11-2) ...
Selecting previously unselected package libip6tc2:amd64.
Preparing to unpack .../03-libip6tc2_1.8.11-2_amd64.deb ...
Unpacking libip6tc2:amd64 (1.8.11-2) ...
Selecting previously unselected package libxtables12:amd64.
Preparing to unpack .../04-libxtables12_1.8.11-2_amd64.deb ...
Unpacking libxtables12:amd64 (1.8.11-2) ...
Selecting previously unselected package netbase.
Preparing to unpack .../05-netbase_6.5_all.deb ...
Unpacking netbase (6.5) ...
Selecting previously unselected package libmnl0:amd64.
Preparing to unpack .../06-libmnl0_1.0.5-3_amd64.deb ...
Unpacking libmnl0:amd64 (1.0.5-3) ...
Selecting previously unselected package libnfnetlink0:amd64.
Preparing to unpack .../07-libnfnetlink0_1.0.2-3_amd64.deb ...
Unpacking libnfnetlink0:amd64 (1.0.2-3) ...
Selecting previously unselected package libnetfilter-conntrack3:amd64.
Preparing to unpack .../08-libnetfilter-conntrack3_1.1.0-1_amd64.deb ...
Unpacking libnetfilter-conntrack3:amd64 (1.1.0-1) ...
Selecting previously unselected package libnftnl11:amd64.
Preparing to unpack .../09-libnftnl11_1.2.9-1_amd64.deb ...
Unpacking libnftnl11:amd64 (1.2.9-1) ...
Selecting previously unselected package iptables.
Preparing to unpack .../10-iptables_1.8.11-2_amd64.deb ...
Unpacking iptables (1.8.11-2) ...
Selecting previously unselected package libjansson4:amd64.
Preparing to unpack .../11-libjansson4_2.14-2+b3_amd64.deb ...
Unpacking libjansson4:amd64 (2.14-2+b3) ...
Selecting previously unselected package libnftables1:amd64.
Preparing to unpack .../12-libnftables1_1.1.3-1_amd64.deb ...
Unpacking libnftables1:amd64 (1.1.3-1) ...
Selecting previously unselected package libedit2:amd64.
Preparing to unpack .../13-libedit2_3.1-20250104-1_amd64.deb ...
Unpacking libedit2:amd64 (3.1-20250104-1) ...
Selecting previously unselected package nftables.
Preparing to unpack .../14-nftables_1.1.3-1_amd64.deb ...
Unpacking nftables (1.1.3-1) ...
Selecting previously unselected package docker-ce.
Preparing to unpack .../15-docker-ce_5%3a28.5.2-1~debian.13~trixie_amd64.deb ...
Unpacking docker-ce (5:28.5.2-1~debian.13~trixie) ...
Setting up libip4tc2:amd64 (1.8.11-2) ...
Setting up libip6tc2:amd64 (1.8.11-2) ...
Setting up libedit2:amd64 (3.1-20250104-1) ...
Setting up libjansson4:amd64 (2.14-2+b3) ...
Setting up libmnl0:amd64 (1.0.5-3) ...
Setting up containerd.io (1.7.28-2~debian.13~trixie) ...
Created symlink '/etc/systemd/system/multi-user.target.wants/containerd.service' -> '/usr/lib/systemd/system/containerd.service'.
Setting up libxtables12:amd64 (1.8.11-2) ...
Setting up docker-ce-cli (5:28.5.2-1~debian.13~trixie) ...
Setting up libnfnetlink0:amd64 (1.0.2-3) ...
Setting up netbase (6.5) ...
Setting up libnftnl11:amd64 (1.2.9-1) ...
Setting up libnetfilter-conntrack3:amd64 (1.1.0-1) ...
Setting up libnftables1:amd64 (1.1.3-1) ...
Setting up nftables (1.1.3-1) ...
Setting up iptables (1.8.11-2) ...
update-alternatives: using /usr/sbin/iptables-legacy to provide /usr/sbin/iptables (iptables) in auto mode
update-alternatives: using /usr/sbin/ip6tables-legacy to provide /usr/sbin/ip6tables (ip6tables) in auto mode
update-alternatives: using /usr/sbin/iptables-nft to provide /usr/sbin/iptables (iptables) in auto mode
update-alternatives: using /usr/sbin/ip6tables-nft to provide /usr/sbin/ip6tables (ip6tables) in auto mode
update-alternatives: using /usr/sbin/arptables-nft to provide /usr/sbin/arptables (arptables) in auto mode
update-alternatives: using /usr/sbin/ebtables-nft to provide /usr/sbin/ebtables (ebtables) in auto mode
Setting up docker-ce (5:28.5.2-1~debian.13~trixie) ...
invoke-rc.d: could not determine current runlevel
invoke-rc.d: WARNING: No init system and policy-rc.d missing! Defaulting to block.
Created symlink '/etc/systemd/system/multi-user.target.wants/docker.service' -> '/usr/lib/systemd/system/docker.service'.
Created symlink '/etc/systemd/system/sockets.target.wants/docker.socket' -> '/usr/lib/systemd/system/docker.socket'.
Processing triggers for libc-bin (2.41-12+deb13u3) ...
+ '[' n == y ']'
+ echo '[INFO] Skipping Install kubernetes'
[INFO] Skipping Install kubernetes
+ '[' n == y ']'
+ echo '[INFO] Skipping Install kubernetes master'
[INFO] Skipping Install kubernetes master
+ sudo mkdir -p ./fsroot-vs/etc/systemd/system/docker.service.d/
+ sudo cp files/docker/docker.service.conf ./fsroot-vs/etc/systemd/system/docker.service.d/
+ sudo LANG=C chroot ./fsroot-vs useradd -G sudo,docker admin -c 'Default admin user,,,' -m -s /bin/bash
+ '[' -n YourPaSsWoRd ']'
+ echo admin:YourPaSsWoRd
+ sudo LANG=C chroot ./fsroot-vs chpasswd
+ sudo LANG=C chroot ./fsroot-vs groupadd -f redis
+ sudo LANG=C chroot ./fsroot-vs usermod -aG redis admin
+ [[ amd64 == amd64 ]]
+ sudo LANG=C chroot ./fsroot-vs apt-get -y install firmware-linux-nonfree firmware-intel-misc
Reading package lists...
Building dependency tree...
Reading state information...
The following additional packages will be installed:
  firmware-amd-graphics firmware-misc-nonfree
Recommended packages:
  intel-microcode amd64-microcode firmware-nvidia-graphics
  firmware-intel-graphics firmware-mediatek
The following NEW packages will be installed:
  firmware-amd-graphics firmware-intel-misc firmware-linux-nonfree
  firmware-misc-nonfree
debconf: unable to initialize frontend: Dialog
debconf: (Dialog frontend will not work on a dumb terminal, an emacs shell buffer, or without a controlling terminal.)
debconf: falling back to frontend: Readline
debconf: unable to initialize frontend: Readline
debconf: (Can't locate Term/ReadLine.pm in @INC (you may need to install the Term::ReadLine module) (@INC entries checked: /etc/perl /usr/local/lib/x86_64-linux-gnu/perl/5.40.1 /usr/local/share/perl/5.40.1 /usr/lib/x86_64-linux-gnu/perl5/5.40 /usr/share/perl5 /usr/lib/x86_64-linux-gnu/perl-base /usr/lib/x86_64-linux-gnu/perl/5.40 /usr/share/perl/5.40 /usr/local/lib/site_perl) at /usr/share/perl5/Debconf/FrontEnd/Readline.pm line 8, <STDIN> line 4.)
debconf: falling back to frontend: Teletype
debconf: unable to initialize frontend: Teletype
debconf: (This frontend requires a controlling tty.)
debconf: falling back to frontend: Noninteractive
0 upgraded, 4 newly installed, 0 to remove and 5 not upgraded.
Need to get 0 B/21.4 MB of archives.
After this operation, 122 MB of additional disk space will be used.
E: Can not write log (Is /dev/pts mounted?) - posix_openpt (19: No such device)
Selecting previously unselected package firmware-amd-graphics.
(Reading database ... 13088 files and directories currently installed.)
Preparing to unpack .../firmware-amd-graphics_20250410-2_all.deb ...
Unpacking firmware-amd-graphics (20250410-2) ...
Selecting previously unselected package firmware-intel-misc.
Preparing to unpack .../firmware-intel-misc_20250410-2_all.deb ...
Unpacking firmware-intel-misc (20250410-2) ...
Selecting previously unselected package firmware-misc-nonfree.
Preparing to unpack .../firmware-misc-nonfree_20250410-2_all.deb ...
Unpacking firmware-misc-nonfree (20250410-2) ...
Selecting previously unselected package firmware-linux-nonfree.
Preparing to unpack .../firmware-linux-nonfree_20250410-2_all.deb ...
Unpacking firmware-linux-nonfree (20250410-2) ...
Setting up firmware-misc-nonfree (20250410-2) ...
Setting up firmware-intel-misc (20250410-2) ...
Setting up firmware-amd-graphics (20250410-2) ...
Setting up firmware-linux-nonfree (20250410-2) ...
Processing triggers for initramfs-tools (0.142) ...
update-initramfs: Generating /boot/initrd.img-6.12.41+deb13-sonic-amd64
W: No zstd in /usr/bin:/sbin:/bin, using gzip
Warning: /sbin/mkfs.ext4 doesn't exist, can't install to initramfs, ignoring.
Warning: /sbin/mkfs.ext3 doesn't exist, can't install to initramfs, ignoring.
Warning: /sbin/fsck.ext4 doesn't exist, can't install to initramfs, ignoring.
Warning: /sbin/fsck.ext3 doesn't exist, can't install to initramfs, ignoring.
+ sudo LANG=C DEBIAN_FRONTEND=noninteractive chroot ./fsroot-vs apt-get -y install file ifmetric iproute2 bridge-utils isc-dhcp-client sudo vim bash-completion tcpdump dbus openssh-server python3-apt traceroute iputils-ping arping net-tools bsdmainutils ca-certificates i2c-tools efibootmgr usbutils pciutils iptables-persistent ebtables linux-sysctl-defaults logrotate curl kexec-tools less unzip fdisk gdisk sysfsutils e2fsprogs squashfs-tools grub2-common rsyslog rsyslog-relp screen hping3 tcptraceroute mtr-tiny locales cgroup-tools ipmitool freeipmi-tools ndisc6 conntrack python3 python3-pip python-is-python3 cron haveged gpg dmidecode jq auditd linux-perf util-linux-extra resolvconf lsof sysstat xxd wireless-regdb ethtool zstd tzdata-legacy nvme-cli
Reading package lists...
Building dependency tree...
Reading state information...
ca-certificates is already the newest version (20250419).
curl is already the newest version (8.14.1-2+deb13u4).
The following additional packages will be installed:
  adduser bsdextrautils cron-daemon-common dbus-bin dbus-daemon
  dbus-session-bus-common dbus-system-bus-common distro-info-data dmsetup
  freeipmi-common gettext-base gpgconf grub-common libassuan9 libatomic1
  libauparse0t64 libbabeltrace1 libbpf1 libc-l10n libcap2-bin libcbor0.10
  libcgroup3 libcurl3t64-gnutls libdbus-1-3 libdebuginfod-common
  libdebuginfod1t64 libdevmapper1.02.1 libdw1t64 libefiboot1t64 libefivar1t64
  libelf1t64 libestr0 libexpat1 libext2fs2t64 libfastjson4 libfdisk1
  libfido2-1 libfreeipmi17 libfreetype6 libfuse3-4 libgcrypt20
  libgdbm-compat4t64 libgdbm6t64 libglib2.0-0t64 libgpg-error0 libgpm2
  libhavege2 libi2c0 libipmiconsole2 libipmidetect0 libjq1 libjson-c5 libksba8
  liblognorm5 liblsof0 libmagic-mgc libmagic1t64 libncurses6 libncursesw6
  libnet1 libngtcp2-16 libngtcp2-crypto-gnutls8 libnpth0t64 libnuma1
  libnvme1t64 libonig5 libopencsd1 libpcap0.8t64 libpci3 libperl5.40
  libpng16-16t64 libpopt0 libproc2-0 libpython3-stdlib libpython3.13
  libpython3.13-minimal libpython3.13-stdlib libreadline8t64 librelp0
  libsensors-config libsensors5 libslang2 libsodium23 libss2 libsysfs2
  libtcl8.6 libtext-charwidth-perl libtext-wrapi18n-perl libtirpc-common
  libtirpc3t64 libtraceevent1 libunwind8 libusb-1.0-0 libwrap0 libwtmpdb0
  libxencall1 libxendevicemodel1 libxenevtchn1 libxenforeignmemory1
  libxengnttab1 libxenhypfs1 libxenmisc4.20 libxenstore4 libxentoolcore1
  libxentoollog1 libyajl2 media-types ncal netfilter-persistent openssh-client
  openssh-sftp-server pci.ids perl perl-modules-5.40 procps python-apt-common
  python3-minimal python3-packaging python3-wheel python3.13
  python3.13-minimal readline-common runit-helper sensible-utils ucf
  uuid-runtime vim-common vim-runtime xz-utils
Suggested packages:
  liblocale-gettext-perl quota audispd-plugins ifupdown calendar whois
  vacation mailutils anacron checksecurity supercat bat
  default-dbus-session-bus | dbus-session-bus gpart parted fuse2fs
  e2fsck-static libarchive13t64 freeipmi-bmc-watchdog freeipmi-ipmidetect
  multiboot-doc grub-emu mtools xorriso desktop-base console-setup libi2c-dev
  python3-smbus avahi-autoipd isc-dhcp-client-ddns fuse3 rng-tools gdbm-l10n
  low-memory-monitor gpm lm-sensors tcl8.6 linux-doc-6.12 bsd-mailx | mailx
  keychain libpam-ssh monkeysphere ssh-askpass molly-guard ufw bzip2 perl-doc
  libterm-readline-gnu-perl | libterm-readline-perl-perl make
  libtap-harness-archive-perl python3-doc python3-tk python3-venv
  python-apt-doc python3-setuptools python3.13-venv python3.13-doc binutils
  binfmt-support readline-doc rsyslog-doc rsyslog-mysql | rsyslog-pgsql
  rsyslog-mongodb rsyslog-elasticsearch rsyslog-kafka rsyslog-hiredis
  rsyslog-snmp rsyslog-kubernetes rsyslog-docker rsyslog-clickhouse
  rsyslog-openssl | rsyslog-gnutls rsyslog-gssapi byobu | screenie | iselect
  ncurses-term isag zip usbutils-py ctags vim-doc vim-scripts
Recommended packages:
  default-mta | mail-transport-agent e2fsprogs-l10n groff-base gnupg os-prober
  read-edid openipmi isc-dhcp-common libpam-cap libglib2.0-data
  shared-mime-info xdg-user-dirs libgpg-error-l10n xauth default-logind
  | logind | libpam-systemd ncurses-term lsb-release iso-codes build-essential
  python3-dev libjs-sphinxdoc
The following NEW packages will be installed:
  adduser arping auditd bash-completion bridge-utils bsdextrautils
  bsdmainutils cgroup-tools conntrack cron cron-daemon-common dbus dbus-bin
  dbus-daemon dbus-session-bus-common dbus-system-bus-common distro-info-data
  dmidecode dmsetup e2fsprogs ebtables efibootmgr ethtool fdisk file
  freeipmi-common freeipmi-tools gdisk gettext-base gpg gpgconf grub-common
  grub2-common haveged hping3 i2c-tools ifmetric ipmitool iproute2
  iptables-persistent iputils-ping isc-dhcp-client jq kexec-tools less
  libassuan9 libatomic1 libauparse0t64 libbabeltrace1 libbpf1 libc-l10n
  libcap2-bin libcbor0.10 libcgroup3 libcurl3t64-gnutls libdbus-1-3
  libdebuginfod-common libdebuginfod1t64 libdevmapper1.02.1 libdw1t64
  libefiboot1t64 libefivar1t64 libelf1t64 libestr0 libexpat1 libext2fs2t64
  libfastjson4 libfdisk1 libfido2-1 libfreeipmi17 libfreetype6 libfuse3-4
  libgcrypt20 libgdbm-compat4t64 libgdbm6t64 libglib2.0-0t64 libgpg-error0
  libgpm2 libhavege2 libi2c0 libipmiconsole2 libipmidetect0 libjq1 libjson-c5
  libksba8 liblognorm5 liblsof0 libmagic-mgc libmagic1t64 libncurses6
  libncursesw6 libnet1 libngtcp2-16 libngtcp2-crypto-gnutls8 libnpth0t64
  libnuma1 libnvme1t64 libonig5 libopencsd1 libpcap0.8t64 libpci3 libperl5.40
  libpng16-16t64 libpopt0 libproc2-0 libpython3-stdlib libpython3.13
  libpython3.13-minimal libpython3.13-stdlib libreadline8t64 librelp0
  libsensors-config libsensors5 libslang2 libsodium23 libss2 libsysfs2
  libtcl8.6 libtext-charwidth-perl libtext-wrapi18n-perl libtirpc-common
  libtirpc3t64 libtraceevent1 libunwind8 libusb-1.0-0 libwrap0 libwtmpdb0
  libxencall1 libxendevicemodel1 libxenevtchn1 libxenforeignmemory1
  libxengnttab1 libxenhypfs1 libxenmisc4.20 libxenstore4 libxentoolcore1
  libxentoollog1 libyajl2 linux-perf linux-sysctl-defaults locales logrotate
  lsof media-types mtr-tiny ncal ndisc6 net-tools netfilter-persistent
  nvme-cli openssh-client openssh-server openssh-sftp-server pci.ids pciutils
  perl perl-modules-5.40 procps python-apt-common python-is-python3 python3
  python3-apt python3-minimal python3-packaging python3-pip python3-wheel
  python3.13 python3.13-minimal readline-common resolvconf rsyslog
  rsyslog-relp runit-helper screen sensible-utils squashfs-tools sudo
  sysfsutils sysstat tcpdump tcptraceroute traceroute tzdata-legacy ucf unzip
  usbutils util-linux-extra uuid-runtime vim vim-common vim-runtime
  wireless-regdb xxd xz-utils zstd
Preconfiguring packages ...
0 upgraded, 195 newly installed, 0 to remove and 5 not upgraded.
Need to get 0 B/75.3 MB of archives.
After this operation, 326 MB of additional disk space will be used.
E: Can not write log (Is /dev/pts mounted?) - posix_openpt (19: No such device)
Selecting previously unselected package adduser.
(Reading database ... 14410 files and directories currently installed.)
Preparing to unpack .../archives/adduser_3.152_all.deb ...
Unpacking adduser (3.152) ...
Setting up adduser (3.152) ...
Selecting previously unselected package cron-daemon-common.
(Reading database ... 14495 files and directories currently installed.)
Preparing to unpack .../cron-daemon-common_3.0pl1-197_all.deb ...
Unpacking cron-daemon-common (3.0pl1-197) ...
Selecting previously unselected package sensible-utils.
Preparing to unpack .../sensible-utils_0.0.25_all.deb ...
Unpacking sensible-utils (0.0.25) ...
Setting up cron-daemon-common (3.0pl1-197) ...
Creating group 'crontab' with GID 991.
Selecting previously unselected package cron.
(Reading database ... 14544 files and directories currently installed.)
Preparing to unpack .../cron_3.0pl1-197_amd64.deb ...
Unpacking cron (3.0pl1-197) ...
Selecting previously unselected package libext2fs2t64:amd64.
Preparing to unpack .../libext2fs2t64_1.47.2-3+b11_amd64.deb ...
Adding 'diversion of /lib/x86_64-linux-gnu/libe2p.so.2 to /lib/x86_64-linux-gnu/libe2p.so.2.usr-is-merged by libext2fs2t64'
Adding 'diversion of /lib/x86_64-linux-gnu/libe2p.so.2.3 to /lib/x86_64-linux-gnu/libe2p.so.2.3.usr-is-merged by libext2fs2t64'
Adding 'diversion of /lib/x86_64-linux-gnu/libext2fs.so.2 to /lib/x86_64-linux-gnu/libext2fs.so.2.usr-is-merged by libext2fs2t64'
Adding 'diversion of /lib/x86_64-linux-gnu/libext2fs.so.2.4 to /lib/x86_64-linux-gnu/libext2fs.so.2.4.usr-is-merged by libext2fs2t64'
Unpacking libext2fs2t64:amd64 (1.47.2-3+b11) ...
Selecting previously unselected package libss2:amd64.
Preparing to unpack .../libss2_1.47.2-3+b11_amd64.deb ...
Unpacking libss2:amd64 (1.47.2-3+b11) ...
Setting up libext2fs2t64:amd64 (1.47.2-3+b11) ...
Setting up libss2:amd64 (1.47.2-3+b11) ...
Selecting previously unselected package e2fsprogs.
(Reading database ... 14597 files and directories currently installed.)
Preparing to unpack .../00-e2fsprogs_1.47.2-3+b11_amd64.deb ...
Unpacking e2fsprogs (1.47.2-3+b11) ...
Selecting previously unselected package libdbus-1-3:amd64.
Preparing to unpack .../01-libdbus-1-3_1.16.2-2_amd64.deb ...
Unpacking libdbus-1-3:amd64 (1.16.2-2) ...
Selecting previously unselected package dbus-bin.
Preparing to unpack .../02-dbus-bin_1.16.2-2_amd64.deb ...
Unpacking dbus-bin (1.16.2-2) ...
Selecting previously unselected package dbus-session-bus-common.
Preparing to unpack .../03-dbus-session-bus-common_1.16.2-2_all.deb ...
Unpacking dbus-session-bus-common (1.16.2-2) ...
Selecting previously unselected package libexpat1:amd64.
Preparing to unpack .../04-libexpat1_2.8.3-1~deb13u1_amd64.deb ...
Unpacking libexpat1:amd64 (2.8.3-1~deb13u1) ...
Selecting previously unselected package dbus-daemon.
Preparing to unpack .../05-dbus-daemon_1.16.2-2_amd64.deb ...
Unpacking dbus-daemon (1.16.2-2) ...
Selecting previously unselected package dbus-system-bus-common.
Preparing to unpack .../06-dbus-system-bus-common_1.16.2-2_all.deb ...
Unpacking dbus-system-bus-common (1.16.2-2) ...
Selecting previously unselected package dbus.
Preparing to unpack .../07-dbus_1.16.2-2_amd64.deb ...
Unpacking dbus (1.16.2-2) ...
Selecting previously unselected package libauparse0t64:amd64.
Preparing to unpack .../08-libauparse0t64_1%3a4.0.2-2+b2_amd64.deb ...
Adding 'diversion of /lib/x86_64-linux-gnu/libauparse.so.0 to /lib/x86_64-linux-gnu/libauparse.so.0.usr-is-merged by libauparse0t64'
Adding 'diversion of /lib/x86_64-linux-gnu/libauparse.so.0.0.0 to /lib/x86_64-linux-gnu/libauparse.so.0.0.0.usr-is-merged by libauparse0t64'
Unpacking libauparse0t64:amd64 (1:4.0.2-2+b2) ...
Selecting previously unselected package libwrap0:amd64.
Preparing to unpack .../09-libwrap0_7.6.q-36_amd64.deb ...
Unpacking libwrap0:amd64 (7.6.q-36) ...
Selecting previously unselected package auditd.
Preparing to unpack .../10-auditd_1%3a4.0.2-2+b2_amd64.deb ...
Unpacking auditd (1:4.0.2-2+b2) ...
Selecting previously unselected package freeipmi-common.
Preparing to unpack .../11-freeipmi-common_1.6.15-1_all.deb ...
Unpacking freeipmi-common (1.6.15-1) ...
Selecting previously unselected package libgpg-error0:amd64.
Preparing to unpack .../12-libgpg-error0_1.51-4_amd64.deb ...
Unpacking libgpg-error0:amd64 (1.51-4) ...
Selecting previously unselected package libgcrypt20:amd64.
Preparing to unpack .../13-libgcrypt20_1.11.0-7+deb13u1_amd64.deb ...
Unpacking libgcrypt20:amd64 (1.11.0-7+deb13u1) ...
Selecting previously unselected package libfreeipmi17.
Preparing to unpack .../14-libfreeipmi17_1.6.15-1_amd64.deb ...
Unpacking libfreeipmi17 (1.6.15-1) ...
Selecting previously unselected package readline-common.
Preparing to unpack .../15-readline-common_8.2-6_all.deb ...
Unpacking readline-common (8.2-6) ...
Selecting previously unselected package libreadline8t64:amd64.
Preparing to unpack .../16-libreadline8t64_8.2-6_amd64.deb ...
Adding 'diversion of /lib/x86_64-linux-gnu/libhistory.so.8 to /lib/x86_64-linux-gnu/libhistory.so.8.usr-is-merged by libreadline8t64'
Adding 'diversion of /lib/x86_64-linux-gnu/libhistory.so.8.2 to /lib/x86_64-linux-gnu/libhistory.so.8.2.usr-is-merged by libreadline8t64'
Adding 'diversion of /lib/x86_64-linux-gnu/libreadline.so.8 to /lib/x86_64-linux-gnu/libreadline.so.8.usr-is-merged by libreadline8t64'
Adding 'diversion of /lib/x86_64-linux-gnu/libreadline.so.8.2 to /lib/x86_64-linux-gnu/libreadline.so.8.2.usr-is-merged by libreadline8t64'
Unpacking libreadline8t64:amd64 (8.2-6) ...
Selecting previously unselected package ipmitool.
Preparing to unpack .../17-ipmitool_1.8.19-9_amd64.deb ...
Unpacking ipmitool (1.8.19-9) ...
Selecting previously unselected package netfilter-persistent.
Preparing to unpack .../18-netfilter-persistent_1.0.23_all.deb ...
Unpacking netfilter-persistent (1.0.23) ...
Selecting previously unselected package iptables-persistent.
Preparing to unpack .../19-iptables-persistent_1.0.23_all.deb ...
Unpacking iptables-persistent (1.0.23) ...
Selecting previously unselected package libtext-charwidth-perl:amd64.
Preparing to unpack .../20-libtext-charwidth-perl_0.04-11+b4_amd64.deb ...
Unpacking libtext-charwidth-perl:amd64 (0.04-11+b4) ...
Selecting previously unselected package libtext-wrapi18n-perl.
Preparing to unpack .../21-libtext-wrapi18n-perl_0.06-10_all.deb ...
Unpacking libtext-wrapi18n-perl (0.06-10) ...
Selecting previously unselected package libncursesw6:amd64.
Preparing to unpack .../22-libncursesw6_6.5+20250216-2_amd64.deb ...
Unpacking libncursesw6:amd64 (6.5+20250216-2) ...
Selecting previously unselected package libproc2-0:amd64.
Preparing to unpack .../23-libproc2-0_2%3a4.0.4-9_amd64.deb ...
Unpacking libproc2-0:amd64 (2:4.0.4-9) ...
Selecting previously unselected package procps.
Preparing to unpack .../24-procps_2%3a4.0.4-9_amd64.deb ...
Unpacking procps (2:4.0.4-9) ...
Selecting previously unselected package ucf.
Preparing to unpack .../25-ucf_3.0052_all.deb ...
Moving old data out of the way
Unpacking ucf (3.0052) ...
Selecting previously unselected package libdebuginfod-common.
Preparing to unpack .../26-libdebuginfod-common_0.192-4_all.deb ...
Unpacking libdebuginfod-common (0.192-4) ...
Selecting previously unselected package libcbor0.10:amd64.
Preparing to unpack .../27-libcbor0.10_0.10.2-2_amd64.deb ...
Unpacking libcbor0.10:amd64 (0.10.2-2) ...
Selecting previously unselected package libfido2-1:amd64.
Preparing to unpack .../28-libfido2-1_1.15.0-1+b1_amd64.deb ...
Unpacking libfido2-1:amd64 (1.15.0-1+b1) ...
Selecting previously unselected package openssh-client.
Preparing to unpack .../29-openssh-client_1%3a10.0p1-7+deb13u4_amd64.deb ...
Unpacking openssh-client (1:10.0p1-7+deb13u4) ...
Selecting previously unselected package openssh-sftp-server.
Preparing to unpack .../30-openssh-sftp-server_1%3a10.0p1-7+deb13u4_amd64.deb ...
Unpacking openssh-sftp-server (1:10.0p1-7+deb13u4) ...
Selecting previously unselected package runit-helper.
Preparing to unpack .../31-runit-helper_2.16.4_all.deb ...
Unpacking runit-helper (2.16.4) ...
Selecting previously unselected package libwtmpdb0:amd64.
Preparing to unpack .../32-libwtmpdb0_0.73.0-3+deb13u1_amd64.deb ...
Unpacking libwtmpdb0:amd64 (0.73.0-3+deb13u1) ...
Selecting previously unselected package openssh-server.
Preparing to unpack .../33-openssh-server_1%3a10.0p1-7+deb13u4_amd64.deb ...
Unpacking openssh-server (1:10.0p1-7+deb13u4) ...
Selecting previously unselected package libpython3.13-minimal:amd64.
Preparing to unpack .../34-libpython3.13-minimal_3.13.5-2+deb13u4_amd64.deb ...
Unpacking libpython3.13-minimal:amd64 (3.13.5-2+deb13u4) ...
Selecting previously unselected package python3.13-minimal.
Preparing to unpack .../35-python3.13-minimal_3.13.5-2+deb13u4_amd64.deb ...
Unpacking python3.13-minimal (3.13.5-2+deb13u4) ...
Setting up libpython3.13-minimal:amd64 (3.13.5-2+deb13u4) ...
Setting up libexpat1:amd64 (2.8.3-1~deb13u1) ...
Setting up python3.13-minimal (3.13.5-2+deb13u4) ...
Selecting previously unselected package python3-minimal.
(Reading database ... 15721 files and directories currently installed.)
Preparing to unpack .../python3-minimal_3.13.5-1_amd64.deb ...
Unpacking python3-minimal (3.13.5-1) ...
Selecting previously unselected package media-types.
Preparing to unpack .../media-types_13.0.0_all.deb ...
Unpacking media-types (13.0.0) ...
Selecting previously unselected package libpython3.13-stdlib:amd64.
Preparing to unpack .../libpython3.13-stdlib_3.13.5-2+deb13u4_amd64.deb ...
Unpacking libpython3.13-stdlib:amd64 (3.13.5-2+deb13u4) ...
Selecting previously unselected package python3.13.
Preparing to unpack .../python3.13_3.13.5-2+deb13u4_amd64.deb ...
Unpacking python3.13 (3.13.5-2+deb13u4) ...
Selecting previously unselected package libpython3-stdlib:amd64.
Preparing to unpack .../libpython3-stdlib_3.13.5-1_amd64.deb ...
Unpacking libpython3-stdlib:amd64 (3.13.5-1) ...
Setting up python3-minimal (3.13.5-1) ...
Selecting previously unselected package python3.
(Reading database ... 16175 files and directories currently installed.)
Preparing to unpack .../000-python3_3.13.5-1_amd64.deb ...
Unpacking python3 (3.13.5-1) ...
Selecting previously unselected package sudo.
Preparing to unpack .../001-sudo_1.9.16p2-3+deb13u2_amd64.deb ...
Unpacking sudo (1.9.16p2-3+deb13u2) ...
Selecting previously unselected package libsysfs2:amd64.
Preparing to unpack .../002-libsysfs2_2.1.1-7_amd64.deb ...
Unpacking libsysfs2:amd64 (2.1.1-7) ...
Selecting previously unselected package pci.ids.
Preparing to unpack .../003-pci.ids_0.0~2025.06.09-1_all.deb ...
Unpacking pci.ids (0.0~2025.06.09-1) ...
Selecting previously unselected package sysfsutils.
Preparing to unpack .../004-sysfsutils_2.1.1-7_amd64.deb ...
Unpacking sysfsutils (2.1.1-7) ...
Selecting previously unselected package uuid-runtime.
Preparing to unpack .../005-uuid-runtime_2.41.5-0+deb13u1_amd64.deb ...
Unpacking uuid-runtime (2.41.5-0+deb13u1) ...
Selecting previously unselected package dmidecode.
Preparing to unpack .../006-dmidecode_3.6-2_amd64.deb ...
Unpacking dmidecode (3.6-2) ...
Selecting previously unselected package libfdisk1:amd64.
Preparing to unpack .../007-libfdisk1_2.41.5-0+deb13u1_amd64.deb ...
Unpacking libfdisk1:amd64 (2.41.5-0+deb13u1) ...
Selecting previously unselected package fdisk.
Preparing to unpack .../008-fdisk_2.41.5-0+deb13u1_amd64.deb ...
Unpacking fdisk (2.41.5-0+deb13u1) ...
Selecting previously unselected package libelf1t64:amd64.
Preparing to unpack .../009-libelf1t64_0.192-4_amd64.deb ...
Unpacking libelf1t64:amd64 (0.192-4) ...
Selecting previously unselected package libbpf1:amd64.
Preparing to unpack .../010-libbpf1_1%3a1.5.0-3_amd64.deb ...
Unpacking libbpf1:amd64 (1:1.5.0-3) ...
Selecting previously unselected package libtirpc-common.
Preparing to unpack .../011-libtirpc-common_1.3.6+ds-1_all.deb ...
Unpacking libtirpc-common (1.3.6+ds-1) ...
Selecting previously unselected package libtirpc3t64:amd64.
Preparing to unpack .../012-libtirpc3t64_1.3.6+ds-1_amd64.deb ...
Adding 'diversion of /lib/x86_64-linux-gnu/libtirpc.so.3 to /lib/x86_64-linux-gnu/libtirpc.so.3.usr-is-merged by libtirpc3t64'
Adding 'diversion of /lib/x86_64-linux-gnu/libtirpc.so.3.0.0 to /lib/x86_64-linux-gnu/libtirpc.so.3.0.0.usr-is-merged by libtirpc3t64'
Unpacking libtirpc3t64:amd64 (1.3.6+ds-1) ...
Selecting previously unselected package libcap2-bin.
Preparing to unpack .../013-libcap2-bin_1%3a2.75-10+deb13u1+b1_amd64.deb ...
Unpacking libcap2-bin (1:2.75-10+deb13u1+b1) ...
Selecting previously unselected package iproute2.
Preparing to unpack .../014-iproute2_6.15.0-1_amd64.deb ...
Unpacking iproute2 (6.15.0-1) ...
Selecting previously unselected package iputils-ping.
Preparing to unpack .../015-iputils-ping_3%3a20240905-3_amd64.deb ...
Unpacking iputils-ping (3:20240905-3) ...
Selecting previously unselected package less.
Preparing to unpack .../016-less_668-1_amd64.deb ...
Unpacking less (668-1) ...
Selecting previously unselected package linux-sysctl-defaults.
Preparing to unpack .../017-linux-sysctl-defaults_4.12.1_all.deb ...
Unpacking linux-sysctl-defaults (4.12.1) ...
Selecting previously unselected package libpopt0:amd64.
Preparing to unpack .../018-libpopt0_1.19+dfsg-2_amd64.deb ...
Unpacking libpopt0:amd64 (1.19+dfsg-2) ...
Selecting previously unselected package logrotate.
Preparing to unpack .../019-logrotate_3.22.0-1_amd64.deb ...
Unpacking logrotate (3.22.0-1) ...
Selecting previously unselected package vim-common.
Preparing to unpack .../020-vim-common_2%3a9.1.1230-2_all.deb ...
Unpacking vim-common (2:9.1.1230-2) ...
Selecting previously unselected package bash-completion.
Preparing to unpack .../021-bash-completion_1%3a2.16.0-7_all.deb ...
Unpacking bash-completion (1:2.16.0-7) ...
Selecting previously unselected package libmagic-mgc.
Preparing to unpack .../022-libmagic-mgc_1%3a5.46-5_amd64.deb ...
Unpacking libmagic-mgc (1:5.46-5) ...
Selecting previously unselected package libmagic1t64:amd64.
Preparing to unpack .../023-libmagic1t64_1%3a5.46-5_amd64.deb ...
Unpacking libmagic1t64:amd64 (1:5.46-5) ...
Selecting previously unselected package file.
Preparing to unpack .../024-file_1%3a5.46-5_amd64.deb ...
Unpacking file (1:5.46-5) ...
Selecting previously unselected package gettext-base.
Preparing to unpack .../025-gettext-base_0.23.1-2_amd64.deb ...
Unpacking gettext-base (0.23.1-2) ...
Selecting previously unselected package libc-l10n.
Preparing to unpack .../026-libc-l10n_2.41-12+deb13u3_all.deb ...
Unpacking libc-l10n (2.41-12+deb13u3) ...
Selecting previously unselected package locales.
Preparing to unpack .../027-locales_2.41-12+deb13u3_all.deb ...
Unpacking locales (2.41-12+deb13u3) ...
Selecting previously unselected package liblsof0.
Preparing to unpack .../028-liblsof0_4.99.4+dfsg-2_amd64.deb ...
Unpacking liblsof0 (4.99.4+dfsg-2) ...
Selecting previously unselected package lsof.
Preparing to unpack .../029-lsof_4.99.4+dfsg-2_amd64.deb ...
Unpacking lsof (4.99.4+dfsg-2) ...
Selecting previously unselected package libpci3:amd64.
Preparing to unpack .../030-libpci3_1%3a3.13.0-2_amd64.deb ...
Unpacking libpci3:amd64 (1:3.13.0-2) ...
Selecting previously unselected package pciutils.
Preparing to unpack .../031-pciutils_1%3a3.13.0-2_amd64.deb ...
Unpacking pciutils (1:3.13.0-2) ...
Selecting previously unselected package perl-modules-5.40.
Preparing to unpack .../032-perl-modules-5.40_5.40.1-6_all.deb ...
Unpacking perl-modules-5.40 (5.40.1-6) ...
Selecting previously unselected package libgdbm6t64:amd64.
Preparing to unpack .../033-libgdbm6t64_1.24-2_amd64.deb ...
Unpacking libgdbm6t64:amd64 (1.24-2) ...
Selecting previously unselected package libgdbm-compat4t64:amd64.
Preparing to unpack .../034-libgdbm-compat4t64_1.24-2_amd64.deb ...
Unpacking libgdbm-compat4t64:amd64 (1.24-2) ...
Selecting previously unselected package libperl5.40:amd64.
Preparing to unpack .../035-libperl5.40_5.40.1-6_amd64.deb ...
Unpacking libperl5.40:amd64 (5.40.1-6) ...
Selecting previously unselected package perl.
Preparing to unpack .../036-perl_5.40.1-6_amd64.deb ...
Unpacking perl (5.40.1-6) ...
Selecting previously unselected package traceroute.
Preparing to unpack .../037-traceroute_1%3a2.1.6-1_amd64.deb ...
Unpacking traceroute (1:2.1.6-1) ...
Selecting previously unselected package util-linux-extra.
Preparing to unpack .../038-util-linux-extra_2.41.5-0+deb13u1_amd64.deb ...
Adding 'diversion of /sbin/ctrlaltdel to /sbin/ctrlaltdel.usr-is-merged by util-linux-extra'
Adding 'diversion of /sbin/fsck.cramfs to /sbin/fsck.cramfs.usr-is-merged by util-linux-extra'
Adding 'diversion of /sbin/fsck.minix to /sbin/fsck.minix.usr-is-merged by util-linux-extra'
Adding 'diversion of /sbin/mkfs.bfs to /sbin/mkfs.bfs.usr-is-merged by util-linux-extra'
Adding 'diversion of /sbin/mkfs.cramfs to /sbin/mkfs.cramfs.usr-is-merged by util-linux-extra'
Adding 'diversion of /sbin/mkfs.minix to /sbin/mkfs.minix.usr-is-merged by util-linux-extra'
Unpacking util-linux-extra (2.41.5-0+deb13u1) ...
Selecting previously unselected package xz-utils.
Preparing to unpack .../039-xz-utils_5.8.1-1+deb13u1_amd64.deb ...
Unpacking xz-utils (5.8.1-1+deb13u1) ...
Selecting previously unselected package libnet1:amd64.
Preparing to unpack .../040-libnet1_1.3+dfsg-2_amd64.deb ...
Unpacking libnet1:amd64 (1.3+dfsg-2) ...
Selecting previously unselected package libpcap0.8t64:amd64.
Preparing to unpack .../041-libpcap0.8t64_1.10.5-2_amd64.deb ...
Unpacking libpcap0.8t64:amd64 (1.10.5-2) ...
Selecting previously unselected package arping.
Preparing to unpack .../042-arping_2.25-1_amd64.deb ...
Unpacking arping (2.25-1) ...
Selecting previously unselected package bridge-utils.
Preparing to unpack .../043-bridge-utils_1.7.1-4+b1_amd64.deb ...
Unpacking bridge-utils (1.7.1-4+b1) ...
Selecting previously unselected package bsdextrautils.
Preparing to unpack .../044-bsdextrautils_2.41.5-0+deb13u1_amd64.deb ...
Unpacking bsdextrautils (2.41.5-0+deb13u1) ...
Selecting previously unselected package ncal.
Preparing to unpack .../045-ncal_12.1.8_amd64.deb ...
Unpacking ncal (12.1.8) ...
Selecting previously unselected package bsdmainutils.
Preparing to unpack .../046-bsdmainutils_12.1.8_all.deb ...
Unpacking bsdmainutils (12.1.8) ...
Selecting previously unselected package libcgroup3:amd64.
Preparing to unpack .../047-libcgroup3_3.1.0-2+b2_amd64.deb ...
Unpacking libcgroup3:amd64 (3.1.0-2+b2) ...
Selecting previously unselected package cgroup-tools.
Preparing to unpack .../048-cgroup-tools_3.1.0-2+b2_amd64.deb ...
Unpacking cgroup-tools (3.1.0-2+b2) ...
Selecting previously unselected package conntrack.
Preparing to unpack .../049-conntrack_1%3a1.4.8-2_amd64.deb ...
Unpacking conntrack (1:1.4.8-2) ...
Selecting previously unselected package distro-info-data.
Preparing to unpack .../050-distro-info-data_0.66+deb13u2_all.deb ...
Unpacking distro-info-data (0.66+deb13u2) ...
Selecting previously unselected package libdevmapper1.02.1:amd64.
Preparing to unpack .../051-libdevmapper1.02.1_2%3a1.02.205-2_amd64.deb ...
Unpacking libdevmapper1.02.1:amd64 (2:1.02.205-2) ...
Selecting previously unselected package dmsetup.
Preparing to unpack .../052-dmsetup_2%3a1.02.205-2_amd64.deb ...
Unpacking dmsetup (2:1.02.205-2) ...
Selecting previously unselected package ebtables.
Preparing to unpack .../053-ebtables_2.0.11-6_amd64.deb ...
Unpacking ebtables (2.0.11-6) ...
Selecting previously unselected package libefivar1t64:amd64.
Preparing to unpack .../054-libefivar1t64_38-3.1+b1_amd64.deb ...
Unpacking libefivar1t64:amd64 (38-3.1+b1) ...
Selecting previously unselected package libefiboot1t64:amd64.
Preparing to unpack .../055-libefiboot1t64_38-3.1+b1_amd64.deb ...
Unpacking libefiboot1t64:amd64 (38-3.1+b1) ...
Selecting previously unselected package efibootmgr.
Preparing to unpack .../056-efibootmgr_18-2_amd64.deb ...
Unpacking efibootmgr (18-2) ...
Selecting previously unselected package ethtool.
Preparing to unpack .../057-ethtool_1%3a6.14.2-1_amd64.deb ...
Unpacking ethtool (1:6.14.2-1) ...
Selecting previously unselected package libipmiconsole2.
Preparing to unpack .../058-libipmiconsole2_1.6.15-1_amd64.deb ...
Unpacking libipmiconsole2 (1.6.15-1) ...
Selecting previously unselected package libipmidetect0.
Preparing to unpack .../059-libipmidetect0_1.6.15-1_amd64.deb ...
Unpacking libipmidetect0 (1.6.15-1) ...
Selecting previously unselected package freeipmi-tools.
Preparing to unpack .../060-freeipmi-tools_1.6.15-1_amd64.deb ...
Unpacking freeipmi-tools (1.6.15-1) ...
Selecting previously unselected package gdisk.
Preparing to unpack .../061-gdisk_1.0.10-2_amd64.deb ...
Unpacking gdisk (1.0.10-2) ...
Selecting previously unselected package libassuan9:amd64.
Preparing to unpack .../062-libassuan9_3.0.2-2_amd64.deb ...
Unpacking libassuan9:amd64 (3.0.2-2) ...
Selecting previously unselected package gpgconf.
Preparing to unpack .../063-gpgconf_2.4.7-21+deb13u1+b4_amd64.deb ...
Unpacking gpgconf (2.4.7-21+deb13u1+b4) ...
Selecting previously unselected package libksba8:amd64.
Preparing to unpack .../064-libksba8_1.6.7-2+b1_amd64.deb ...
Unpacking libksba8:amd64 (1.6.7-2+b1) ...
Selecting previously unselected package libnpth0t64:amd64.
Preparing to unpack .../065-libnpth0t64_1.8-3_amd64.deb ...
Unpacking libnpth0t64:amd64 (1.8-3) ...
Selecting previously unselected package gpg.
Preparing to unpack .../066-gpg_2.4.7-21+deb13u1+b4_amd64.deb ...
Unpacking gpg (2.4.7-21+deb13u1+b4) ...
Selecting previously unselected package libpng16-16t64:amd64.
Preparing to unpack .../067-libpng16-16t64_1.6.48-1+deb13u5_amd64.deb ...
Unpacking libpng16-16t64:amd64 (1.6.48-1+deb13u5) ...
Selecting previously unselected package libfreetype6:amd64.
Preparing to unpack .../068-libfreetype6_2.13.3+dfsg-1+deb13u1_amd64.deb ...
Unpacking libfreetype6:amd64 (2.13.3+dfsg-1+deb13u1) ...
Selecting previously unselected package libfuse3-4:amd64.
Preparing to unpack .../069-libfuse3-4_3.17.2-3_amd64.deb ...
Unpacking libfuse3-4:amd64 (3.17.2-3) ...
Selecting previously unselected package grub-common.
Preparing to unpack .../070-grub-common_2.12-9+deb13u2_amd64.deb ...
Unpacking grub-common (2.12-9+deb13u2) ...
Selecting previously unselected package grub2-common.
Preparing to unpack .../071-grub2-common_2.12-9+deb13u2_amd64.deb ...
Unpacking grub2-common (2.12-9+deb13u2) ...
Selecting previously unselected package libhavege2:amd64.
Preparing to unpack .../072-libhavege2_1.9.19-12+deb13u1_amd64.deb ...
Unpacking libhavege2:amd64 (1.9.19-12+deb13u1) ...
Selecting previously unselected package haveged.
Preparing to unpack .../073-haveged_1.9.19-12+deb13u1_amd64.deb ...
Unpacking haveged (1.9.19-12+deb13u1) ...
Selecting previously unselected package libtcl8.6:amd64.
Preparing to unpack .../074-libtcl8.6_8.6.16+dfsg-1_amd64.deb ...
Unpacking libtcl8.6:amd64 (8.6.16+dfsg-1) ...
Selecting previously unselected package hping3.
Preparing to unpack .../075-hping3_3.a2.ds2-10.1_amd64.deb ...
Unpacking hping3 (3.a2.ds2-10.1) ...
Selecting previously unselected package libi2c0:amd64.
Preparing to unpack .../076-libi2c0_4.4-2_amd64.deb ...
Unpacking libi2c0:amd64 (4.4-2) ...
Selecting previously unselected package i2c-tools.
Preparing to unpack .../077-i2c-tools_4.4-2_amd64.deb ...
Unpacking i2c-tools (4.4-2) ...
Selecting previously unselected package ifmetric.
Preparing to unpack .../078-ifmetric_0.3-5_amd64.deb ...
Unpacking ifmetric (0.3-5) ...
Selecting previously unselected package isc-dhcp-client.
Preparing to unpack .../079-isc-dhcp-client_4.4.3-P1-8_amd64.deb ...
Unpacking isc-dhcp-client (4.4.3-P1-8) ...
Selecting previously unselected package libonig5:amd64.
Preparing to unpack .../080-libonig5_6.9.9-1+b1_amd64.deb ...
Unpacking libonig5:amd64 (6.9.9-1+b1) ...
Selecting previously unselected package libjq1:amd64.
Preparing to unpack .../081-libjq1_1.7.1-6+deb13u3_amd64.deb ...
Unpacking libjq1:amd64 (1.7.1-6+deb13u3) ...
Selecting previously unselected package jq.
Preparing to unpack .../082-jq_1.7.1-6+deb13u3_amd64.deb ...
Unpacking jq (1.7.1-6+deb13u3) ...
Selecting previously unselected package libxentoolcore1:amd64.
Preparing to unpack .../083-libxentoolcore1_4.20.3+127-gc42374a105-0+deb13u1_amd64.deb ...
Unpacking libxentoolcore1:amd64 (4.20.3+127-gc42374a105-0+deb13u1) ...
Selecting previously unselected package libxentoollog1:amd64.
Preparing to unpack .../084-libxentoollog1_4.20.3+127-gc42374a105-0+deb13u1_amd64.deb ...
Unpacking libxentoollog1:amd64 (4.20.3+127-gc42374a105-0+deb13u1) ...
Selecting previously unselected package libxencall1:amd64.
Preparing to unpack .../085-libxencall1_4.20.3+127-gc42374a105-0+deb13u1_amd64.deb ...
Unpacking libxencall1:amd64 (4.20.3+127-gc42374a105-0+deb13u1) ...
Selecting previously unselected package libxendevicemodel1:amd64.
Preparing to unpack .../086-libxendevicemodel1_4.20.3+127-gc42374a105-0+deb13u1_amd64.deb ...
Unpacking libxendevicemodel1:amd64 (4.20.3+127-gc42374a105-0+deb13u1) ...
Selecting previously unselected package libxenevtchn1:amd64.
Preparing to unpack .../087-libxenevtchn1_4.20.3+127-gc42374a105-0+deb13u1_amd64.deb ...
Unpacking libxenevtchn1:amd64 (4.20.3+127-gc42374a105-0+deb13u1) ...
Selecting previously unselected package libxenforeignmemory1:amd64.
Preparing to unpack .../088-libxenforeignmemory1_4.20.3+127-gc42374a105-0+deb13u1_amd64.deb ...
Unpacking libxenforeignmemory1:amd64 (4.20.3+127-gc42374a105-0+deb13u1) ...
Selecting previously unselected package libxengnttab1:amd64.
Preparing to unpack .../089-libxengnttab1_4.20.3+127-gc42374a105-0+deb13u1_amd64.deb ...
Unpacking libxengnttab1:amd64 (4.20.3+127-gc42374a105-0+deb13u1) ...
Selecting previously unselected package libxenhypfs1:amd64.
Preparing to unpack .../090-libxenhypfs1_4.20.3+127-gc42374a105-0+deb13u1_amd64.deb ...
Unpacking libxenhypfs1:amd64 (4.20.3+127-gc42374a105-0+deb13u1) ...
Selecting previously unselected package libxenstore4:amd64.
Preparing to unpack .../091-libxenstore4_4.20.3+127-gc42374a105-0+deb13u1_amd64.deb ...
Unpacking libxenstore4:amd64 (4.20.3+127-gc42374a105-0+deb13u1) ...
Selecting previously unselected package libyajl2:amd64.
Preparing to unpack .../092-libyajl2_2.1.0-5+b2_amd64.deb ...
Unpacking libyajl2:amd64 (2.1.0-5+b2) ...
Selecting previously unselected package libxenmisc4.20:amd64.
Preparing to unpack .../093-libxenmisc4.20_4.20.3+127-gc42374a105-0+deb13u1_amd64.deb ...
Unpacking libxenmisc4.20:amd64 (4.20.3+127-gc42374a105-0+deb13u1) ...
Selecting previously unselected package kexec-tools.
Preparing to unpack .../094-kexec-tools_1%3a2.0.29-2+b2_amd64.deb ...
Unpacking kexec-tools (1:2.0.29-2+b2) ...
Selecting previously unselected package libatomic1:amd64.
Preparing to unpack .../095-libatomic1_14.2.0-19_amd64.deb ...
Unpacking libatomic1:amd64 (14.2.0-19) ...
Selecting previously unselected package libdw1t64:amd64.
Preparing to unpack .../096-libdw1t64_0.192-4_amd64.deb ...
Unpacking libdw1t64:amd64 (0.192-4) ...
Selecting previously unselected package libglib2.0-0t64:amd64.
Preparing to unpack .../097-libglib2.0-0t64_2.84.4-3~deb13u3_amd64.deb ...
Unpacking libglib2.0-0t64:amd64 (2.84.4-3~deb13u3) ...
Selecting previously unselected package libbabeltrace1:amd64.
Preparing to unpack .../098-libbabeltrace1_1.5.11-4+b2_amd64.deb ...
Unpacking libbabeltrace1:amd64 (1.5.11-4+b2) ...
Selecting previously unselected package libngtcp2-16:amd64.
Preparing to unpack .../099-libngtcp2-16_1.11.0-1+deb13u1_amd64.deb ...
Unpacking libngtcp2-16:amd64 (1.11.0-1+deb13u1) ...
Selecting previously unselected package libngtcp2-crypto-gnutls8:amd64.
Preparing to unpack .../100-libngtcp2-crypto-gnutls8_1.11.0-1+deb13u1_amd64.deb ...
Unpacking libngtcp2-crypto-gnutls8:amd64 (1.11.0-1+deb13u1) ...
Selecting previously unselected package libcurl3t64-gnutls:amd64.
Preparing to unpack .../101-libcurl3t64-gnutls_8.14.1-2+deb13u4_amd64.deb ...
Unpacking libcurl3t64-gnutls:amd64 (8.14.1-2+deb13u4) ...
Selecting previously unselected package libjson-c5:amd64.
Preparing to unpack .../102-libjson-c5_0.18+ds-1_amd64.deb ...
Unpacking libjson-c5:amd64 (0.18+ds-1) ...
Selecting previously unselected package libdebuginfod1t64:amd64.
Preparing to unpack .../103-libdebuginfod1t64_0.192-4_amd64.deb ...
Unpacking libdebuginfod1t64:amd64 (0.192-4) ...
Selecting previously unselected package libestr0:amd64.
Preparing to unpack .../104-libestr0_0.1.11-2_amd64.deb ...
Unpacking libestr0:amd64 (0.1.11-2) ...
Selecting previously unselected package libfastjson4:amd64.
Preparing to unpack .../105-libfastjson4_1.2304.0-2_amd64.deb ...
Unpacking libfastjson4:amd64 (1.2304.0-2) ...
Selecting previously unselected package libgpm2:amd64.
Preparing to unpack .../106-libgpm2_1.20.7-11+b2_amd64.deb ...
Unpacking libgpm2:amd64 (1.20.7-11+b2) ...
Selecting previously unselected package liblognorm5:amd64.
Preparing to unpack .../107-liblognorm5_2.0.6-5_amd64.deb ...
Unpacking liblognorm5:amd64 (2.0.6-5) ...
Selecting previously unselected package libncurses6:amd64.
Preparing to unpack .../108-libncurses6_6.5+20250216-2_amd64.deb ...
Unpacking libncurses6:amd64 (6.5+20250216-2) ...
Selecting previously unselected package libnuma1:amd64.
Preparing to unpack .../109-libnuma1_2.0.19-1_amd64.deb ...
Unpacking libnuma1:amd64 (2.0.19-1) ...
Selecting previously unselected package libnvme1t64.
Preparing to unpack .../110-libnvme1t64_1.13-2_amd64.deb ...
Unpacking libnvme1t64 (1.13-2) ...
Selecting previously unselected package libopencsd1:amd64.
Preparing to unpack .../111-libopencsd1_1.5.5-1_amd64.deb ...
Unpacking libopencsd1:amd64 (1.5.5-1) ...
Selecting previously unselected package libpython3.13:amd64.
Preparing to unpack .../112-libpython3.13_3.13.5-2+deb13u4_amd64.deb ...
Unpacking libpython3.13:amd64 (3.13.5-2+deb13u4) ...
Selecting previously unselected package librelp0:amd64.
Preparing to unpack .../113-librelp0_1.11.0-2_amd64.deb ...
Unpacking librelp0:amd64 (1.11.0-2) ...
Selecting previously unselected package libsensors-config.
Preparing to unpack .../114-libsensors-config_1%3a3.6.2-2_all.deb ...
Unpacking libsensors-config (1:3.6.2-2) ...
Selecting previously unselected package libsensors5:amd64.
Preparing to unpack .../115-libsensors5_1%3a3.6.2-2_amd64.deb ...
Unpacking libsensors5:amd64 (1:3.6.2-2) ...
Selecting previously unselected package libslang2:amd64.
Preparing to unpack .../116-libslang2_2.3.3-5+b2_amd64.deb ...
Unpacking libslang2:amd64 (2.3.3-5+b2) ...
Selecting previously unselected package libsodium23:amd64.
Preparing to unpack .../117-libsodium23_1.0.18-1+deb13u1_amd64.deb ...
Unpacking libsodium23:amd64 (1.0.18-1+deb13u1) ...
Selecting previously unselected package libtraceevent1:amd64.
Preparing to unpack .../118-libtraceevent1_1%3a1.8.4-2_amd64.deb ...
Unpacking libtraceevent1:amd64 (1:1.8.4-2) ...
Selecting previously unselected package libunwind8:amd64.
Preparing to unpack .../119-libunwind8_1.8.1-0.1_amd64.deb ...
Unpacking libunwind8:amd64 (1.8.1-0.1) ...
Selecting previously unselected package libusb-1.0-0:amd64.
Preparing to unpack .../120-libusb-1.0-0_2%3a1.0.28-1_amd64.deb ...
Unpacking libusb-1.0-0:amd64 (2:1.0.28-1) ...
Selecting previously unselected package linux-perf.
Preparing to unpack .../121-linux-perf_6.12.107-1_amd64.deb ...
Adding 'diversion of /usr/bin/perf to /usr/bin/perf.wrapper by linux-perf'
Adding 'diversion of /usr/share/bash-completion/completions/perf to /usr/share/bash-completion/completions/perf.wrapper by linux-perf'
Adding 'diversion of /usr/share/man/man1/perf.1.gz to /usr/share/man/man1/perf.wrapper.1.gz by linux-perf'
Unpacking linux-perf (6.12.107-1) ...
Selecting previously unselected package mtr-tiny.
Preparing to unpack .../122-mtr-tiny_0.95-1.1+b1_amd64.deb ...
Unpacking mtr-tiny (0.95-1.1+b1) ...
Selecting previously unselected package ndisc6.
Preparing to unpack .../123-ndisc6_1.0.7-1_amd64.deb ...
Unpacking ndisc6 (1.0.7-1) ...
Selecting previously unselected package net-tools.
Preparing to unpack .../124-net-tools_2.10-1.3_amd64.deb ...
Unpacking net-tools (2.10-1.3) ...
Selecting previously unselected package nvme-cli.
Preparing to unpack .../125-nvme-cli_2.13-2_amd64.deb ...
Unpacking nvme-cli (2.13-2) ...
Selecting previously unselected package python-apt-common.
Preparing to unpack .../126-python-apt-common_3.0.0_all.deb ...
Unpacking python-apt-common (3.0.0) ...
Selecting previously unselected package python-is-python3.
Preparing to unpack .../127-python-is-python3_3.13.3-1_all.deb ...
Unpacking python-is-python3 (3.13.3-1) ...
Selecting previously unselected package python3-apt.
Preparing to unpack .../128-python3-apt_3.0.0_amd64.deb ...
Unpacking python3-apt (3.0.0) ...
Selecting previously unselected package python3-packaging.
Preparing to unpack .../129-python3-packaging_25.0-1_all.deb ...
Unpacking python3-packaging (25.0-1) ...
Selecting previously unselected package python3-wheel.
Preparing to unpack .../130-python3-wheel_0.46.1-2_all.deb ...
Unpacking python3-wheel (0.46.1-2) ...
Selecting previously unselected package python3-pip.
Preparing to unpack .../131-python3-pip_25.1.1+dfsg-1_all.deb ...
Unpacking python3-pip (25.1.1+dfsg-1) ...
Selecting previously unselected package resolvconf.
Preparing to unpack .../132-resolvconf_1.94_all.deb ...
Unpacking resolvconf (1.94) ...
Selecting previously unselected package rsyslog.
Preparing to unpack .../133-rsyslog_8.2504.0-1_amd64.deb ...
Unpacking rsyslog (8.2504.0-1) ...
Selecting previously unselected package rsyslog-relp.
Preparing to unpack .../134-rsyslog-relp_8.2504.0-1_amd64.deb ...
Unpacking rsyslog-relp (8.2504.0-1) ...
Selecting previously unselected package screen.
Preparing to unpack .../135-screen_4.9.1-3_amd64.deb ...
Unpacking screen (4.9.1-3) ...
Selecting previously unselected package squashfs-tools.
Preparing to unpack .../136-squashfs-tools_1%3a4.6.1-1_amd64.deb ...
Unpacking squashfs-tools (1:4.6.1-1) ...
Selecting previously unselected package sysstat.
Preparing to unpack .../137-sysstat_12.7.5-2_amd64.deb ...
Unpacking sysstat (12.7.5-2) ...
Selecting previously unselected package tcpdump.
Preparing to unpack .../138-tcpdump_4.99.5-2_amd64.deb ...
Unpacking tcpdump (4.99.5-2) ...
Selecting previously unselected package tcptraceroute.
Preparing to unpack .../139-tcptraceroute_1.5beta7+debian-4.2_amd64.deb ...
Unpacking tcptraceroute (1.5beta7+debian-4.2) ...
Selecting previously unselected package tzdata-legacy.
Preparing to unpack .../140-tzdata-legacy_2026b-0+deb13u1_all.deb ...
Unpacking tzdata-legacy (2026b-0+deb13u1) ...
Selecting previously unselected package unzip.
Preparing to unpack .../141-unzip_6.0-29+deb13u1_amd64.deb ...
Unpacking unzip (6.0-29+deb13u1) ...
Selecting previously unselected package usbutils.
Preparing to unpack .../142-usbutils_1%3a018-2_amd64.deb ...
Unpacking usbutils (1:018-2) ...
Selecting previously unselected package vim-runtime.
Preparing to unpack .../143-vim-runtime_2%3a9.1.1230-2_all.deb ...
Adding 'diversion of /usr/share/vim/vim91/doc/help.txt to /usr/share/vim/vim91/doc/help.txt.vim-tiny by vim-runtime'
Adding 'diversion of /usr/share/vim/vim91/doc/tags to /usr/share/vim/vim91/doc/tags.vim-tiny by vim-runtime'
Unpacking vim-runtime (2:9.1.1230-2) ...
Selecting previously unselected package vim.
Preparing to unpack .../144-vim_2%3a9.1.1230-2_amd64.deb ...
Unpacking vim (2:9.1.1230-2) ...
Selecting previously unselected package wireless-regdb.
Preparing to unpack .../145-wireless-regdb_2026.05.30-1~deb13u1_all.deb ...
Unpacking wireless-regdb (2026.05.30-1~deb13u1) ...
Selecting previously unselected package xxd.
Preparing to unpack .../146-xxd_2%3a9.1.1230-2_amd64.deb ...
Unpacking xxd (2:9.1.1230-2) ...
Selecting previously unselected package zstd.
Preparing to unpack .../147-zstd_1.5.7+dfsg-1_amd64.deb ...
Unpacking zstd (1.5.7+dfsg-1) ...
Setting up media-types (13.0.0) ...
Setting up libtext-charwidth-perl:amd64 (0.04-11+b4) ...
Setting up libxentoollog1:amd64 (4.20.3+127-gc42374a105-0+deb13u1) ...
Setting up runit-helper (2.16.4) ...
Setting up net-tools (2.10-1.3) ...
Setting up libnpth0t64:amd64 (1.8-3) ...
Setting up libxentoolcore1:amd64 (4.20.3+127-gc42374a105-0+deb13u1) ...
Setting up libc-l10n (2.41-12+deb13u3) ...
Setting up pci.ids (0.0~2025.06.09-1) ...
Setting up libcgroup3:amd64 (3.1.0-2+b2) ...
Setting up libsodium23:amd64 (1.0.18-1+deb13u1) ...
Setting up libgpm2:amd64 (1.20.7-11+b2) ...
Setting up libgdbm6t64:amd64 (1.24-2) ...
Setting up bsdextrautils (2.41.5-0+deb13u1) ...
Setting up libgpg-error0:amd64 (1.51-4) ...
Setting up libsysfs2:amd64 (2.1.1-7) ...
Setting up squashfs-tools (1:4.6.1-1) ...
Setting up libgdbm-compat4t64:amd64 (1.24-2) ...
Setting up traceroute (1:2.1.6-1) ...
update-alternatives: using /usr/bin/traceroute.db to provide /usr/bin/traceroute (traceroute) in auto mode
update-alternatives: using /usr/bin/traceroute6.db to provide /usr/bin/traceroute6 (traceroute6) in auto mode
update-alternatives: using /usr/bin/lft.db to provide /usr/bin/lft (lft) in auto mode
update-alternatives: using /usr/bin/traceproto.db to provide /usr/bin/traceproto (traceproto) in auto mode
update-alternatives: using /usr/sbin/tcptraceroute.db to provide /usr/sbin/tcptraceroute (tcptraceroute) in auto mode
Setting up sysfsutils (2.1.1-7) ...
invoke-rc.d: could not determine current runlevel
invoke-rc.d: WARNING: No init system and policy-rc.d missing! Defaulting to block.
Created symlink '/etc/systemd/system/sysfs.service' -> '/usr/lib/systemd/system/sysfsutils.service'.
Created symlink '/etc/systemd/system/multi-user.target.wants/sysfsutils.service' -> '/usr/lib/systemd/system/sysfsutils.service'.
Setting up libxencall1:amd64 (4.20.3+127-gc42374a105-0+deb13u1) ...
Setting up libmagic-mgc (1:5.46-5) ...
Setting up ncal (12.1.8) ...
Setting up libcbor0.10:amd64 (0.10.2-2) ...
Setting up liblsof0 (4.99.4+dfsg-2) ...
Setting up distro-info-data (0.66+deb13u2) ...
Setting up freeipmi-common (1.6.15-1) ...
Setting up libestr0:amd64 (0.1.11-2) ...
Setting up libi2c0:amd64 (4.4-2) ...
Setting up libfastjson4:amd64 (1.2304.0-2) ...
Setting up libtirpc-common (1.3.6+ds-1) ...
Setting up libefivar1t64:amd64 (38-3.1+b1) ...
Setting up unzip (6.0-29+deb13u1) ...
Setting up wireless-regdb (2026.05.30-1~deb13u1) ...
update-alternatives: using /lib/firmware/regulatory.db-debian to provide /lib/firmware/regulatory.db (regulatory.db) in auto mode
Setting up libmagic1t64:amd64 (1:5.46-5) ...
Setting up libyajl2:amd64 (2.1.0-5+b2) ...
Setting up libsensors-config (1:3.6.2-2) ...
Setting up less (668-1) ...
Setting up gettext-base (0.23.1-2) ...
Setting up libgcrypt20:amd64 (1.11.0-7+deb13u1) ...
Setting up cgroup-tools (3.1.0-2+b2) ...
Setting up screen (4.9.1-3) ...
Setting up e2fsprogs (1.47.2-3+b11) ...
update-initramfs: deferring update (trigger activated)
Created symlink '/etc/systemd/system/timers.target.wants/e2scrub_all.timer' -> '/usr/lib/systemd/system/e2scrub_all.timer'.
Created symlink '/etc/systemd/system/multi-user.target.wants/e2scrub_reap.service' -> '/usr/lib/systemd/system/e2scrub_reap.service'.
Setting up resolvconf (1.94) ...
Created symlink '/etc/systemd/system/sysinit.target.wants/resolvconf.service' -> '/usr/lib/systemd/system/resolvconf.service'.
Created symlink '/etc/systemd/system/systemd-resolved.service.wants/resolvconf-pull-resolved.path' -> '/usr/lib/systemd/system/resolvconf-pull-resolved.path'.
Unit /usr/lib/systemd/system/resolvconf-pull-resolved.path is added as a dependency to a non-existent unit systemd-resolved.service.
Created symlink '/etc/systemd/system/systemd-resolved.service.wants/resolvconf-pull-resolved.service' -> '/usr/lib/systemd/system/resolvconf-pull-resolved.service'.
Unit /usr/lib/systemd/system/resolvconf-pull-resolved.service is added as a dependency to a non-existent unit systemd-resolved.service.
Setting up file (1:5.46-5) ...
Setting up libnet1:amd64 (1.3+dfsg-2) ...
Setting up locales (2.41-12+deb13u3) ...
Generating locales (this might take a while)...
Generation complete.
Setting up libunwind8:amd64 (1.8.1-0.1) ...
Setting up libtext-wrapi18n-perl (0.06-10) ...
Setting up conntrack (1:1.4.8-2) ...
Setting up xxd (2:9.1.1230-2) ...
Setting up tzdata-legacy (2026b-0+deb13u1) ...
Setting up libelf1t64:amd64 (0.192-4) ...
Setting up libdw1t64:amd64 (0.192-4) ...
Setting up libcap2-bin (1:2.75-10+deb13u1+b1) ...
Setting up libhavege2:amd64 (1.9.19-12+deb13u1) ...
Setting up libxenforeignmemory1:amd64 (4.20.3+127-gc42374a105-0+deb13u1) ...
Setting up linux-sysctl-defaults (4.12.1) ...
Setting up vim-common (2:9.1.1230-2) ...
Setting up libslang2:amd64 (2.3.3-5+b2) ...
Setting up libopencsd1:amd64 (1.5.5-1) ...
Setting up libwrap0:amd64 (7.6.q-36) ...
Setting up bash-completion (1:2.16.0-7) ...
Setting up libncurses6:amd64 (6.5+20250216-2) ...
Setting up libdbus-1-3:amd64 (1.16.2-2) ...
Setting up xz-utils (5.8.1-1+deb13u1) ...
update-alternatives: using /usr/bin/xz to provide /usr/bin/lzma (lzma) in auto mode
Setting up libproc2-0:amd64 (2:4.0.4-9) ...
Setting up bsdmainutils (12.1.8) ...
Setting up libpng16-16t64:amd64 (1.6.48-1+deb13u5) ...
Setting up libatomic1:amd64 (14.2.0-19) ...
Setting up libtcl8.6:amd64 (8.6.16+dfsg-1) ...
Setting up sudo (1.9.16p2-3+deb13u2) ...
invoke-rc.d: could not determine current runlevel
invoke-rc.d: WARNING: No init system and policy-rc.d missing! Defaulting to block.
Setting up libsensors5:amd64 (1:3.6.2-2) ...
Setting up libncursesw6:amd64 (6.5+20250216-2) ...
Setting up libxenstore4:amd64 (4.20.3+127-gc42374a105-0+deb13u1) ...
Setting up bridge-utils (1.7.1-4+b1) ...
Setting up libfreeipmi17 (1.6.15-1) ...
Setting up libfdisk1:amd64 (2.41.5-0+deb13u1) ...
Setting up liblognorm5:amd64 (2.0.6-5) ...
Setting up libxengnttab1:amd64 (4.20.3+127-gc42374a105-0+deb13u1) ...
Setting up netfilter-persistent (1.0.23) ...
invoke-rc.d: could not determine current runlevel
invoke-rc.d: WARNING: No init system and policy-rc.d missing! Defaulting to block.
Created symlink '/etc/systemd/system/iptables.service' -> '/usr/lib/systemd/system/netfilter-persistent.service'.
Created symlink '/etc/systemd/system/ip6tables.service' -> '/usr/lib/systemd/system/netfilter-persistent.service'.
Created symlink '/etc/systemd/system/multi-user.target.wants/netfilter-persistent.service' -> '/usr/lib/systemd/system/netfilter-persistent.service'.
Setting up libpci3:amd64 (1:3.13.0-2) ...
Setting up libnuma1:amd64 (2.0.19-1) ...
Setting up librelp0:amd64 (1.11.0-2) ...
Setting up python-apt-common (3.0.0) ...
Setting up perl-modules-5.40 (5.40.1-6) ...
Setting up sensible-utils (0.0.25) ...
Setting up uuid-runtime (2.41.5-0+deb13u1) ...
invoke-rc.d: could not determine current runlevel
invoke-rc.d: WARNING: No init system and policy-rc.d missing! Defaulting to block.
Created symlink '/etc/systemd/system/sockets.target.wants/uuidd.socket' -> '/usr/lib/systemd/system/uuidd.socket'.
Setting up libtraceevent1:amd64 (1:1.8.4-2) ...
Setting up dbus-session-bus-common (1.16.2-2) ...
Setting up libassuan9:amd64 (3.0.2-2) ...
Setting up procps (2:4.0.4-9) ...
Setting up libefiboot1t64:amd64 (38-3.1+b1) ...
Setting up libauparse0t64:amd64 (1:4.0.2-2+b2) ...
Setting up libxenevtchn1:amd64 (4.20.3+127-gc42374a105-0+deb13u1) ...
Setting up libpcap0.8t64:amd64 (1.10.5-2) ...
Setting up libngtcp2-16:amd64 (1.11.0-1+deb13u1) ...
Setting up libwtmpdb0:amd64 (0.73.0-3+deb13u1) ...
Setting up libusb-1.0-0:amd64 (2:1.0.28-1) ...
Setting up dmidecode (3.6-2) ...
Setting up hping3 (3.a2.ds2-10.1) ...
Setting up libfuse3-4:amd64 (3.17.2-3) ...
Setting up vim-runtime (2:9.1.1230-2) ...
Setting up dbus-system-bus-common (1.16.2-2) ...
Creating group 'messagebus' with GID 990.
Creating user 'messagebus' (System Message Bus) with UID 990 and GID 990.
Setting up libfido2-1:amd64 (1.15.0-1+b1) ...
Setting up ifmetric (0.3-5) ...
Setting up iputils-ping (3:20240905-3) ...
Setting up libjson-c5:amd64 (0.18+ds-1) ...
Setting up readline-common (8.2-6) ...
Setting up libxendevicemodel1:amd64 (4.20.3+127-gc42374a105-0+deb13u1) ...
Setting up zstd (1.5.7+dfsg-1) ...
Setting up dbus-bin (1.16.2-2) ...
Setting up libonig5:amd64 (6.9.9-1+b1) ...
Setting up libbpf1:amd64 (1:1.5.0-3) ...
Setting up libngtcp2-crypto-gnutls8:amd64 (1.11.0-1+deb13u1) ...
Setting up util-linux-extra (2.41.5-0+deb13u1) ...
Setting up libpopt0:amd64 (1.19+dfsg-2) ...
Setting up ethtool (1:6.14.2-1) ...
Setting up libksba8:amd64 (1.6.7-2+b1) ...
Setting up efibootmgr (18-2) ...
Setting up tcpdump (4.99.5-2) ...
Setting up haveged (1.9.19-12+deb13u1) ...
Created symlink '/etc/systemd/system/sysinit.target.wants/haveged.service' -> '/usr/lib/systemd/system/haveged.service'.
Setting up vim (2:9.1.1230-2) ...
update-alternatives: using /usr/bin/vim.basic to provide /usr/bin/editor (editor) in auto mode
update-alternatives: using /usr/bin/vim.basic to provide /usr/bin/ex (ex) in auto mode
update-alternatives: using /usr/bin/vim.basic to provide /usr/bin/rview (rview) in auto mode
update-alternatives: using /usr/bin/vim.basic to provide /usr/bin/rvim (rvim) in auto mode
update-alternatives: using /usr/bin/vim.basic to provide /usr/bin/vi (vi) in auto mode
update-alternatives: using /usr/bin/vim.basic to provide /usr/bin/view (view) in auto mode
update-alternatives: using /usr/bin/vim.basic to provide /usr/bin/vim (vim) in auto mode
update-alternatives: using /usr/bin/vim.basic to provide /usr/bin/vimdiff (vimdiff) in auto mode
Setting up arping (2.25-1) ...
Setting up auditd (1:4.0.2-2+b2) ...
Error sending status request (Operation not permitted)
There was an error while processing parameters
invoke-rc.d: could not determine current runlevel
invoke-rc.d: WARNING: No init system and policy-rc.d missing! Defaulting to block.
Created symlink '/etc/systemd/system/multi-user.target.wants/audit-rules.service' -> '/usr/lib/systemd/system/audit-rules.service'.
Created symlink '/etc/systemd/system/multi-user.target.wants/auditd.service' -> '/usr/lib/systemd/system/auditd.service'.
Setting up libxenhypfs1:amd64 (4.20.3+127-gc42374a105-0+deb13u1) ...
Setting up libtirpc3t64:amd64 (1.3.6+ds-1) ...
Setting up libipmidetect0 (1.6.15-1) ...
Setting up libjq1:amd64 (1.7.1-6+deb13u3) ...
Setting up iproute2 (6.15.0-1) ...
Setting up openssh-client (1:10.0p1-7+deb13u4) ...
Created symlink '/etc/systemd/user/sockets.target.wants/ssh-agent.socket' -> '/usr/lib/systemd/user/ssh-agent.socket'.
Setting up cron (3.0pl1-197) ...
invoke-rc.d: could not determine current runlevel
invoke-rc.d: WARNING: No init system and policy-rc.d missing! Defaulting to block.
Created symlink '/etc/systemd/system/multi-user.target.wants/cron.service' -> '/usr/lib/systemd/system/cron.service'.
Setting up rsyslog (8.2504.0-1) ...
Created symlink '/etc/systemd/system/syslog.service' -> '/usr/lib/systemd/system/rsyslog.service'.
Created symlink '/etc/systemd/system/multi-user.target.wants/rsyslog.service' -> '/usr/lib/systemd/system/rsyslog.service'.
Setting up libcurl3t64-gnutls:amd64 (8.14.1-2+deb13u4) ...
Setting up isc-dhcp-client (4.4.3-P1-8) ...
Setting up rsyslog-relp (8.2504.0-1) ...
Setting up dbus-daemon (1.16.2-2) ...
Setting up libipmiconsole2 (1.6.15-1) ...
Setting up usbutils (1:018-2) ...
Setting up iptables-persistent (1.0.23) ...
Setting up gdisk (1.0.10-2) ...
Setting up libperl5.40:amd64 (5.40.1-6) ...
Setting up perl (5.40.1-6) ...
Setting up libglib2.0-0t64:amd64 (2.84.4-3~deb13u3) ...
No schema files found: doing nothing.
Setting up libfreetype6:amd64 (2.13.3+dfsg-1+deb13u1) ...
Setting up libnvme1t64 (1.13-2) ...
Setting up mtr-tiny (0.95-1.1+b1) ...
Setting up ebtables (2.0.11-6) ...
Setting up dbus (1.16.2-2) ...
invoke-rc.d: could not determine current runlevel
invoke-rc.d: WARNING: No init system and policy-rc.d missing! Defaulting to block.
Setting up libxenmisc4.20:amd64 (4.20.3+127-gc42374a105-0+deb13u1) ...
Setting up i2c-tools (4.4-2) ...
Running in chroot, ignoring request.
Running in chroot, ignoring request.
Setting up ucf (3.0052) ...
Setting up pciutils (1:3.13.0-2) ...
Setting up tcptraceroute (1.5beta7+debian-4.2) ...
update-alternatives: renaming tcptraceroute link from /usr/sbin/tcptraceroute to /usr/bin/tcptraceroute
update-alternatives: using /usr/bin/tcptraceroute.mt to provide /usr/bin/tcptraceroute (tcptraceroute) in auto mode
Setting up libbabeltrace1:amd64 (1.5.11-4+b2) ...
Setting up lsof (4.99.4+dfsg-2) ...
Setting up libreadline8t64:amd64 (8.2-6) ...
Setting up jq (1.7.1-6+deb13u3) ...
Setting up gpgconf (2.4.7-21+deb13u1+b4) ...
Setting up kexec-tools (1:2.0.29-2+b2) ...
Generating /etc/default/kexec...
Setting up libpython3.13-stdlib:amd64 (3.13.5-2+deb13u4) ...
Setting up sysstat (12.7.5-2) ...
Creating config file /etc/default/sysstat with new version
update-alternatives: using /usr/bin/sar.sysstat to provide /usr/bin/sar (sar) in auto mode
Created symlink '/etc/systemd/system/sysstat.service.wants/sysstat-collect.timer' -> '/usr/lib/systemd/system/sysstat-collect.timer'.
Created symlink '/etc/systemd/system/sysstat.service.wants/sysstat-rotate.timer' -> '/usr/lib/systemd/system/sysstat-rotate.timer'.
Created symlink '/etc/systemd/system/sysstat.service.wants/sysstat-summary.timer' -> '/usr/lib/systemd/system/sysstat-summary.timer'.
Created symlink '/etc/systemd/system/multi-user.target.wants/sysstat.service' -> '/usr/lib/systemd/system/sysstat.service'.
Setting up gpg (2.4.7-21+deb13u1+b4) ...
Created symlink '/etc/systemd/user/sockets.target.wants/keyboxd.socket' -> '/usr/lib/systemd/user/keyboxd.socket'.
Setting up ipmitool (1.8.19-9) ...
Setting up libpython3-stdlib:amd64 (3.13.5-1) ...
Setting up libpython3.13:amd64 (3.13.5-2+deb13u4) ...
Setting up logrotate (3.22.0-1) ...
Created symlink '/etc/systemd/system/timers.target.wants/logrotate.timer' -> '/usr/lib/systemd/system/logrotate.timer'.
Setting up openssh-sftp-server (1:10.0p1-7+deb13u4) ...
Setting up nvme-cli (2.13-2) ...
Created symlink '/etc/systemd/system/default.target.wants/nvmefc-boot-connections.service' -> '/usr/lib/systemd/system/nvmefc-boot-connections.service'.
Created symlink '/etc/systemd/system/default.target.wants/nvmf-autoconnect.service' -> '/usr/lib/systemd/system/nvmf-autoconnect.service'.
Setting up freeipmi-tools (1.6.15-1) ...
Setting up openssh-server (1:10.0p1-7+deb13u4) ...
Creating config file /etc/ssh/sshd_config with new version
Creating SSH2 RSA key; this may take some time ...
3072 SHA256:GvgwaPxZVLxyhaU+5Kr/tdSkLx8cIC4M7m24K9OZJ0Q root@961e8e0b71d1 (RSA)
Creating SSH2 ECDSA key; this may take some time ...
256 SHA256:UdX+zurx/lFv1tZoNMkVqa8n9Bw3mR829t+Oe8JOvKY root@961e8e0b71d1 (ECDSA)
Creating SSH2 ED25519 key; this may take some time ...
256 SHA256:6rOtk2FDq2AZK6xUY2FKIlFChnCLiA3U9LSJ4lBr4nc root@961e8e0b71d1 (ED25519)
Creating user 'sshd' (sshd user) with UID 989 and GID 65534.
invoke-rc.d: could not determine current runlevel
invoke-rc.d: WARNING: No init system and policy-rc.d missing! Defaulting to block.
Created symlink '/etc/systemd/system/sshd.service' -> '/usr/lib/systemd/system/ssh.service'.
Created symlink '/etc/systemd/system/multi-user.target.wants/ssh.service' -> '/usr/lib/systemd/system/ssh.service'.
Created symlink '/etc/systemd/system/ssh.service.wants/sshd-keygen.service' -> '/usr/lib/systemd/system/sshd-keygen.service'.
Created symlink '/etc/systemd/system/sshd.service.wants/sshd-keygen.service' -> '/usr/lib/systemd/system/sshd-keygen.service'.
Created symlink '/etc/systemd/system/sshd@.service.wants/sshd-keygen.service' -> '/usr/lib/systemd/system/sshd-keygen.service'.
Created symlink '/etc/systemd/system/ssh.socket.wants/sshd-keygen.service' -> '/usr/lib/systemd/system/sshd-keygen.service'.
Setting up libdebuginfod-common (0.192-4) ...
Setting up python3.13 (3.13.5-2+deb13u4) ...
Setting up python3 (3.13.5-1) ...
Setting up ndisc6 (1.0.7-1) ...
update-alternatives: using /usr/bin/rltraceroute6 to provide /usr/bin/traceroute6 (traceroute6) in auto mode
Setting up fdisk (2.41.5-0+deb13u1) ...
Setting up python3-packaging (25.0-1) ...
Setting up python-is-python3 (3.13.3-1) ...
Setting up libdebuginfod1t64:amd64 (0.192-4) ...
Setting up python3-apt (3.0.0) ...
Setting up python3-wheel (0.46.1-2) ...
Setting up linux-perf (6.12.107-1) ...
Setting up python3-pip (25.1.1+dfsg-1) ...
Setting up libdevmapper1.02.1:amd64 (2:1.02.205-2) ...
Setting up dmsetup (2:1.02.205-2) ...
Setting up grub-common (2.12-9+deb13u2) ...
Created symlink '/etc/systemd/system/multi-user.target.wants/grub-common.service' -> '/usr/lib/systemd/system/grub-common.service'.
Created symlink '/etc/systemd/system/suspend.target.wants/grub-common.service' -> '/usr/lib/systemd/system/grub-common.service'.
Created symlink '/etc/systemd/system/hibernate.target.wants/grub-common.service' -> '/usr/lib/systemd/system/grub-common.service'.
Created symlink '/etc/systemd/system/hybrid-sleep.target.wants/grub-common.service' -> '/usr/lib/systemd/system/grub-common.service'.
Created symlink '/etc/systemd/system/suspend-then-hibernate.target.wants/grub-common.service' -> '/usr/lib/systemd/system/grub-common.service'.
Setting up grub2-common (2.12-9+deb13u2) ...
Processing triggers for libc-bin (2.41-12+deb13u3) ...
Processing triggers for systemd (257.13-1~deb13u1) ...
Processing triggers for debianutils (5.23.2) ...
Processing triggers for initramfs-tools (0.142) ...
update-initramfs: Generating /boot/initrd.img-6.12.41+deb13-sonic-amd64
Processing triggers for resolvconf (1.94) ...
+ sudo cp files/initramfs-tools/pzstd ./fsroot-vs/etc/initramfs-tools/hooks/pzstd
+ sudo chmod +x ./fsroot-vs/etc/initramfs-tools/hooks/pzstd
+ sudo cp files/initramfs-tools/file ./fsroot-vs/etc/initramfs-tools/hooks/file
+ sudo chmod +x ./fsroot-vs/etc/initramfs-tools/hooks/file
+ sudo mkdir -p ./fsroot-vs/etc/systemd/system/auditd.service.d
+ sudo tee ./fsroot-vs/etc/systemd/system/auditd.service.d/log-directory.conf
+ sudo cp files/apparmor/usr.bin.tcpdump ./fsroot-vs/etc/apparmor.d/local/usr.bin.tcpdump
+ sudo LANG=c chroot ./fsroot-vs chmod 600 /etc/shadow
+ sudo LANG=c chroot ./fsroot-vs chmod 644 /etc/passwd
+ sudo LANG=c chroot ./fsroot-vs chmod 644 /etc/group
+ sudo LANG=C chroot ./fsroot-vs /bin/bash -c 'mkdir -p /etc/initramfs-tools/conf.d'
+ sudo LANG=C chroot ./fsroot-vs /bin/bash -c 'echo '\''MODULES=most'\'' >> /etc/initramfs-tools/conf.d/driver-policy'
+ sudo mkdir -p /etc/initramfs-tools/scripts/init-premount
+ sudo mkdir -p /etc/initramfs-tools/hooks
+ sudo cp files/scripts/network_setup.sh /etc/initramfs-tools/scripts/init-premount/network_setup.sh
+ sudo cp files/scripts/network_setup /etc/initramfs-tools/hooks/network_setup
+ sudo chmod +x /etc/initramfs-tools/scripts/init-premount/network_setup.sh
+ sudo chmod +x /etc/initramfs-tools/hooks/network_setup
+ sudo cp files/image_config/kdump/vmcore-sysctl.conf ./fsroot-vs/etc/sysctl.d/
+ sudo sed -i '/^#.* en_US.* /s/^#//' ./fsroot-vs/etc/locale.gen
+ sudo LANG=C DEBIAN_FRONTEND=noninteractive chroot ./fsroot-vs locale-gen en_US.UTF-8
Generating locales (this might take a while)...
  en_US.ISO-8859-1... done
  en_US.ISO-8859-15... done
  en_US.UTF-8... done
Generation complete.
+ sudo LANG=en_US.UTF-8 DEBIAN_FRONTEND=noninteractive chroot ./fsroot-vs update-locale LANG=en_US.UTF-8
+ sudo LANG=C chroot ./fsroot-vs bash -c 'find /usr/share/i18n/locales/ ! -name '\''en_US'\'' -type f -exec rm -f {} +'
+ sudo LANG=C DEBIAN_FRONTEND=noninteractive chroot ./fsroot-vs apt-get -y install picocom systemd systemd-sysv chrony
Reading package lists...
Building dependency tree...
Reading state information...
systemd is already the newest version (257.13-1~deb13u1).
systemd set to manually installed.
Suggested packages:
  dnsutils networkd-dispatcher
Recommended packages:
  libpam-systemd libnss-systemd
The following NEW packages will be installed:
  chrony picocom systemd-sysv
0 upgraded, 3 newly installed, 0 to remove and 5 not upgraded.
Need to get 0 B/419 kB of archives.
After this operation, 916 kB of additional disk space will be used.
E: Can not write log (Is /dev/pts mounted?) - posix_openpt (19: No such device)
Selecting previously unselected package systemd-sysv.
(Reading database ... 27569 files and directories currently installed.)
Preparing to unpack .../systemd-sysv_257.13-1~deb13u1_amd64.deb ...
Unpacking systemd-sysv (257.13-1~deb13u1) ...
Selecting previously unselected package chrony.
Preparing to unpack .../chrony_4.6.1-3+deb13u2_amd64.deb ...
Unpacking chrony (4.6.1-3+deb13u2) ...
Selecting previously unselected package picocom.
Preparing to unpack .../picocom_3.1-4_amd64.deb ...
Unpacking picocom (3.1-4) ...
Setting up systemd-sysv (257.13-1~deb13u1) ...
Setting up picocom (3.1-4) ...
Setting up chrony (4.6.1-3+deb13u2) ...
Creating config file /etc/chrony/chrony.conf with new version
Creating config file /etc/chrony/chrony.keys with new version
dpkg-statoverride: warning: --update given but /var/log/chrony does not exist
Running in chroot, ignoring request.
Created symlink '/etc/systemd/system/chronyd.service' -> '/usr/lib/systemd/system/chrony.service'.
Created symlink '/etc/systemd/system/multi-user.target.wants/chrony.service' -> '/usr/lib/systemd/system/chrony.service'.
+ [[ grub == grub ]]
+ sudo cp target/debs/trixie/grub-common_2.06-13+deb13u1_amd64.deb target/debs/trixie/grub2-common_2.06-13+deb13u1_amd64.deb ./fsroot-vs
++ sed 's,^,./,'
++ basename -a target/debs/trixie/grub-common_2.06-13+deb13u1_amd64.deb target/debs/trixie/grub2-common_2.06-13+deb13u1_amd64.deb
+ basename_deb_packages='./grub-common_2.06-13+deb13u1_amd64.deb
./grub2-common_2.06-13+deb13u1_amd64.deb'
+ sudo LANG=C DEBIAN_FRONTEND=noninteractive chroot ./fsroot-vs apt -y --allow-downgrades install ./grub-common_2.06-13+deb13u1_amd64.deb ./grub2-common_2.06-13+deb13u1_amd64.deb

WARNING: apt does not have a stable CLI interface. Use with caution in scripts.

Reading package lists...
Building dependency tree...
Reading state information...
The following package was automatically installed and is no longer required:
  libfuse3-4
Use 'sudo apt autoremove' to remove it.

Installing dependencies:
  libfuse2t64

Suggested packages:
  fuse3

DOWNGRADING:
  grub-common  grub2-common

Summary:
  Upgrading: 0, Installing: 1, Downgrading: 2, Removing: 0, Not Upgrading: 5
  Download size: 0 B / 3459 kB
  Space needed: 706 kB / 145 GB available

Error: Can not write log (Is /dev/pts mounted?) - posix_openpt (19: No such device)
dpkg: warning: downgrading grub2-common (2.12-9+deb13u2) to (2.06-13+deb13u1)
(Reading database ... 27657 files and directories currently installed.)
Preparing to unpack .../grub2-common_2.06-13+deb13u1_amd64.deb ...
Unpacking grub2-common (2.06-13+deb13u1) over (2.12-9+deb13u2) ...
Selecting previously unselected package libfuse2t64:amd64.
Preparing to unpack .../libfuse2t64_2.9.9-9_amd64.deb ...
Adding 'diversion of /lib/x86_64-linux-gnu/libfuse.so.2 to /lib/x86_64-linux-gnu/libfuse.so.2.usr-is-merged by libfuse2t64'
Adding 'diversion of /lib/x86_64-linux-gnu/libfuse.so.2.9.9 to /lib/x86_64-linux-gnu/libfuse.so.2.9.9.usr-is-merged by libfuse2t64'
Adding 'diversion of /lib/x86_64-linux-gnu/libulockmgr.so.1 to /lib/x86_64-linux-gnu/libulockmgr.so.1.usr-is-merged by libfuse2t64'
Adding 'diversion of /lib/x86_64-linux-gnu/libulockmgr.so.1.0.1 to /lib/x86_64-linux-gnu/libulockmgr.so.1.0.1.usr-is-merged by libfuse2t64'
Unpacking libfuse2t64:amd64 (2.9.9-9) ...
dpkg: warning: downgrading grub-common (2.12-9+deb13u2) to (2.06-13+deb13u1)
Preparing to unpack .../grub-common_2.06-13+deb13u1_amd64.deb ...
Unpacking grub-common (2.06-13+deb13u1) over (2.12-9+deb13u2) ...
Setting up libfuse2t64:amd64 (2.9.9-9) ...
Removing 'diversion of /lib/x86_64-linux-gnu/libfuse.so.2 to /lib/x86_64-linux-gnu/libfuse.so.2.usr-is-merged by libfuse2t64'
Removing 'diversion of /lib/x86_64-linux-gnu/libfuse.so.2.9.9 to /lib/x86_64-linux-gnu/libfuse.so.2.9.9.usr-is-merged by libfuse2t64'
Removing 'diversion of /lib/x86_64-linux-gnu/libulockmgr.so.1 to /lib/x86_64-linux-gnu/libulockmgr.so.1.usr-is-merged by libfuse2t64'
Removing 'diversion of /lib/x86_64-linux-gnu/libulockmgr.so.1.0.1 to /lib/x86_64-linux-gnu/libulockmgr.so.1.0.1.usr-is-merged by libfuse2t64'
Setting up grub-common (2.06-13+deb13u1) ...
Installing new version of config file /etc/grub.d/00_header ...
Installing new version of config file /etc/grub.d/05_debian_theme ...
Installing new version of config file /etc/grub.d/10_linux ...
Installing new version of config file /etc/grub.d/20_linux_xen ...
Installing new version of config file /etc/grub.d/30_os-prober ...
Installing new version of config file /etc/grub.d/30_uefi-firmware ...
Setting up grub2-common (2.06-13+deb13u1) ...
Processing triggers for libc-bin (2.41-12+deb13u3) ...
+ sudo rm ./fsroot-vs/grub-common_2.06-13+deb13u1_amd64.deb ./fsroot-vs/grub2-common_2.06-13+deb13u1_amd64.deb
+ cd ./fsroot-vs
+ sudo rm -f ./grub-common_2.06-13+deb13u1_amd64.deb ./grub2-common_2.06-13+deb13u1_amd64.deb
+ [[ amd64 == amd64 ]]
+ GRUB_PKGS='grub-efi-amd64-bin grub-pc-bin'
+ for grub_pkg in $GRUB_PKGS
+ sudo cp target/debs/trixie/grub-efi-amd64-bin_2.06-13+deb13u1_amd64.deb ./fsroot-vs/platform/grub
+ for grub_pkg in $GRUB_PKGS
+ sudo cp target/debs/trixie/grub-pc-bin_2.06-13+deb13u1_amd64.deb ./fsroot-vs/platform/grub
+ sudo sed -i s/LOAD_KEXEC=true/LOAD_KEXEC=false/ ./fsroot-vs/etc/default/kexec
+ sudo mkdir ./fsroot-vs/etc/systemd/system/logrotate.service.d
+ sudo cp files/image_config/logrotate/logrotateOverride.conf ./fsroot-vs/etc/systemd/system/logrotate.service.d/logrotateOverride.conf
+ sudo rm -f ./fsroot-vs/etc/ssh/ssh_host_ecdsa_key ./fsroot-vs/etc/ssh/ssh_host_ecdsa_key.pub ./fsroot-vs/etc/ssh/ssh_host_ed25519_key ./fsroot-vs/etc/ssh/ssh_host_ed25519_key.pub ./fsroot-vs/etc/ssh/ssh_host_rsa_key ./fsroot-vs/etc/ssh/ssh_host_rsa_key.pub
+ sudo cp files/sshd/host-ssh-keygen.sh ./fsroot-vs/usr/local/bin/
+ sudo mkdir ./fsroot-vs/etc/systemd/system/ssh.service.d
+ sudo cp files/sshd/override.conf ./fsroot-vs/etc/systemd/system/ssh.service.d/override.conf
+ sudo mkdir -p ./fsroot-vs/etc/systemd/system-generators
+ sudo ln -sf /dev/null ./fsroot-vs/etc/systemd/system-generators/systemd-ssh-generator
+ sudo augtool -r ./fsroot-vs
rename : /files/etc/ssh/sshd_config/EmptyLineHack to  1
rm : /files/etc/ssh/sshd_config/ClientAliveInterval 0
rm : /files/etc/ssh/sshd_config/ClientAliveCountMax 0
rename : /files/etc/ssh/sshd_config/EmptyLineHack to  1
rm : /files/etc/ssh/sshd_config/MaxAuthTries 0
rm : /files/etc/ssh/sshd_config/Banner 0
rm : /files/etc/ssh/sshd_config/LogLevel 0
rm : /files/etc/ssh/sshd_config/PermitEmptyPasswords 0
rm : /files/etc/ssh/sshd_config/AllowAgentForwarding 0
Saved 1 file(s)
+ sudo sed -i 's/^#ListenAddress 0.0.0.0/ListenAddress 0.0.0.0/' ./fsroot-vs/etc/ssh/sshd_config
+ sudo sed -i 's/^#ListenAddress ::/ListenAddress ::/' ./fsroot-vs/etc/ssh/sshd_config
+ sudo LANG=C DEBIAN_FRONTEND=noninteractive chroot ./fsroot-vs apt-get -y install libpam-systemd
Reading package lists...
Building dependency tree...
Reading state information...
The following package was automatically installed and is no longer required:
  libfuse3-4
Use 'sudo apt autoremove' to remove it.
Suggested packages:
  libcryptsetup12 libtss2-rc0t64
Recommended packages:
  dbus-user-session
The following NEW packages will be installed:
  libpam-systemd
0 upgraded, 1 newly installed, 0 to remove and 7 not upgraded.
Need to get 0 B/297 kB of archives.
After this operation, 717 kB of additional disk space will be used.
E: Can not write log (Is /dev/pts mounted?) - posix_openpt (19: No such device)
Selecting previously unselected package libpam-systemd:amd64.
(Reading database ... 27669 files and directories currently installed.)
Preparing to unpack .../libpam-systemd_257.13-1~deb13u1_amd64.deb ...
Unpacking libpam-systemd:amd64 (257.13-1~deb13u1) ...
Setting up libpam-systemd:amd64 (257.13-1~deb13u1) ...
+ sudo augtool -r ./fsroot-vs --autosave '
rm /files/lib/systemd/system/rsyslog.service/Service/ExecStart/arguments
set /files/lib/systemd/system/rsyslog.service/Service/ExecStart/arguments/1 -n
'
rm : /files/lib/systemd/system/rsyslog.service/Service/ExecStart/arguments 3
Saved 1 file(s)
+ sudo mkdir -p ./fsroot-vs/var/core
+ sudo cp files/image_config/sysctl/90-sonic.conf ./fsroot-vs/usr/lib/sysctl.d/
+ sudo augtool --autosave '' -r ./fsroot-vs
+ sudo cp files/image_config/pip/pip.conf ./fsroot-vs/etc/pip.conf
+ sudo LANG=C DEBIAN_FRONTEND=noninteractive chroot ./fsroot-vs apt-get -y install python3-setuptools python3-wheel
Reading package lists...
Building dependency tree...
Reading state information...
python3-wheel is already the newest version (0.46.1-2).
python3-wheel set to manually installed.
The following package was automatically installed and is no longer required:
  libfuse3-4
Use 'sudo apt autoremove' to remove it.
The following additional packages will be installed:
  python3-autocommand python3-inflect python3-jaraco.context
  python3-jaraco.functools python3-jaraco.text python3-more-itertools
  python3-pkg-resources python3-typeguard python3-typing-extensions
  python3-zipp
Suggested packages:
  python-setuptools-doc
The following NEW packages will be installed:
  python3-autocommand python3-inflect python3-jaraco.context
  python3-jaraco.functools python3-jaraco.text python3-more-itertools
  python3-pkg-resources python3-setuptools python3-typeguard
  python3-typing-extensions python3-zipp
0 upgraded, 11 newly installed, 0 to remove and 7 not upgraded.
Need to get 0 B/1246 kB of archives.
After this operation, 6093 kB of additional disk space will be used.
E: Can not write log (Is /dev/pts mounted?) - posix_openpt (19: No such device)
Selecting previously unselected package python3-autocommand.
(Reading database ... 27678 files and directories currently installed.)
Preparing to unpack .../00-python3-autocommand_2.2.2-3_all.deb ...
Unpacking python3-autocommand (2.2.2-3) ...
Selecting previously unselected package python3-more-itertools.
Preparing to unpack .../01-python3-more-itertools_10.7.0-1_all.deb ...
Unpacking python3-more-itertools (10.7.0-1) ...
Selecting previously unselected package python3-typing-extensions.
Preparing to unpack .../02-python3-typing-extensions_4.13.2-1_all.deb ...
Unpacking python3-typing-extensions (4.13.2-1) ...
Selecting previously unselected package python3-typeguard.
Preparing to unpack .../03-python3-typeguard_4.4.2-1_all.deb ...
Unpacking python3-typeguard (4.4.2-1) ...
Selecting previously unselected package python3-inflect.
Preparing to unpack .../04-python3-inflect_7.3.1-2_all.deb ...
Unpacking python3-inflect (7.3.1-2) ...
Selecting previously unselected package python3-jaraco.functools.
Preparing to unpack .../05-python3-jaraco.functools_4.1.0-1_all.deb ...
Unpacking python3-jaraco.functools (4.1.0-1) ...
Selecting previously unselected package python3-pkg-resources.
Preparing to unpack .../06-python3-pkg-resources_78.1.1-0.1_all.deb ...
Unpacking python3-pkg-resources (78.1.1-0.1) ...
Selecting previously unselected package python3-jaraco.text.
Preparing to unpack .../07-python3-jaraco.text_4.0.0-1_all.deb ...
Unpacking python3-jaraco.text (4.0.0-1) ...
Selecting previously unselected package python3-zipp.
Preparing to unpack .../08-python3-zipp_3.21.0-1_all.deb ...
Unpacking python3-zipp (3.21.0-1) ...
Selecting previously unselected package python3-setuptools.
Preparing to unpack .../09-python3-setuptools_78.1.1-0.1_all.deb ...
Unpacking python3-setuptools (78.1.1-0.1) ...
Selecting previously unselected package python3-jaraco.context.
Preparing to unpack .../10-python3-jaraco.context_6.0.1-1+deb13u1_all.deb ...
Unpacking python3-jaraco.context (6.0.1-1+deb13u1) ...
Setting up python3-more-itertools (10.7.0-1) ...
Setting up python3-jaraco.functools (4.1.0-1) ...
Setting up python3-jaraco.context (6.0.1-1+deb13u1) ...
Setting up python3-zipp (3.21.0-1) ...
Setting up python3-autocommand (2.2.2-3) ...
Setting up python3-typing-extensions (4.13.2-1) ...
Setting up python3-typeguard (4.4.2-1) ...
Setting up python3-inflect (7.3.1-2) ...
Setting up python3-jaraco.text (4.0.0-1) ...
Setting up python3-pkg-resources (78.1.1-0.1) ...
Setting up python3-setuptools (78.1.1-0.1) ...
+ [[ y == y ]]
+ sudo LANG=C chroot ./fsroot-vs env PIP_NO_INDEX=1 PIP_FIND_LINKS=/pip-wheelhouse pip3 install docker==7.1.0
Looking in links: /pip-wheelhouse
Processing /pip-wheelhouse/docker-7.1.0-py3-none-any.whl
Processing /pip-wheelhouse/requests-2.34.2-py3-none-any.whl (from docker==7.1.0)
Processing /pip-wheelhouse/urllib3-2.7.0-py3-none-any.whl (from docker==7.1.0)
INFO: pip is looking at multiple versions of requests to determine which version is compatible with other requirements. This could take a while.
ERROR: Cannot install docker because these package versions have conflicting dependencies.

The conflict is caused by:
    requests 2.34.2 depends on charset_normalizer<4 and >=2
    The user requested (constraint) charset-normalizer==3.4.7

To fix this you could try to:
1. loosen the range of package versions you've specified
2. remove package versions to allow pip to attempt to solve the dependency conflict

ERROR: ResolutionImpossible: for help visit https://pip.pypa.io/en/latest/topics/dependency-resolution/#dealing-with-dependency-conflicts
+ sudo LANG=C chroot ./fsroot-vs umount /proc
+ true
[  FAIL LOG END  ] [ target/sonic-vs.bin__vs__rfs.squashfs ]
make: *** [slave.mk:1595: target/sonic-vs.bin__vs__rfs.squashfs] Error 1
make[1]: *** [Makefile.work:751: target/sonic-vs.bin__vs__rfs.squashfs] Error 2
make[1]: Leaving directory '/data/sonic/sonic-dzf-time-measure'
make: *** [Makefile:50: target/sonic-vs.bin__vs__rfs.squashfs] Error 2
