+++ --- Making target/sonic-vs.bin --- +++
./scripts/run_with_retry make BLDENV=trixie -f Makefile.work target/sonic-vs.bin
make[1]: Entering directory '/data/sonic/sonic-dzf-time-measure'
sudo: timed out
"SECURE_UPGRADE_PROD_SIGNING_TOOL": ""
/data/sonic/sonic-dzf-time-measure/src/sonic-build-hooks /data/sonic/sonic-dzf-time-measure
make[2]: Entering directory '/data/sonic/sonic-dzf-time-measure/src/sonic-build-hooks'
dpkg-deb: warning: root directory tmp/sonic-build-hooks has unusual owner or group 17388989:983
dpkg-deb: hint: you might need to pass --root-owner-group, see <https://wiki.debian.org/Teams/Dpkg/RootlessBuilds> for further details
dpkg-deb: warning: ignoring 1 warning about the control file(s)
dpkg-deb: building package 'sonic-build-hooks' in 'buildinfo/sonic-build-hooks_1.0_all.deb'.
make[2]: Leaving directory '/data/sonic/sonic-dzf-time-measure/src/sonic-build-hooks'
/data/sonic/sonic-dzf-time-measure
Checking sonic-slave-base image: sonic-slave-trixie:ca17477b760
Checking sonic-slave-user image: sonic-slave-trixie-qiuying.xzc:0e69d80ab15
SONiC Build System

Build Configuration
"CONFIGURED_PLATFORM"             : "vs"
"CONFIGURED_ARCH"                 : "amd64"
"SONIC_CONFIG_PRINT_DEPENDENCIES" : ""
"SONIC_BUILD_JOBS"                : "8"
"SONIC_CONFIG_MAKE_JOBS"          : "192"
"USE_NATIVE_DOCKERD_FOR_BUILD"    : ""
"USE_DOCKER_CACHE"               : ""
"SONIC_CONFIG_USE_CCACHE"         : "n"
"USERNAME"                        : "admin"
"PASSWORD"                        : "YourPaSsWoRd"
"CHANGE_DEFAULT_PASSWORD"         : "n"
"SECURE_UPGRADE_MODE"             : "no_sign"
"SECURE_UPGRADE_DEV_SIGNING_KEY"  : ""
"SECURE_UPGRADE_SIGNING_CERT"     : ""
"SECURE_UPGRADE_KERNEL_CAFILE"    : ""
"SECURE_UPGRADE_PROD_SIGNING_TOOL": ""
"SECURE_UPGRADE_PROD_TOOL_ARGS"   : ""
"ONIE_IMAGE_PART_SIZE"            : ""
"SHUTDOWN_BGP_ON_START"           : ""
"ENABLE_PFCWD_ON_START"           : ""
"SONIC_BUFFER_MODEL"              : ""
"INSTALL_DEBUG_TOOLS"             : ""
"ROUTING_STACK"                   : "frr"
"FRR_USER_UID"                    : "300"
"FRR_USER_GID"                    : "300"
"ENABLE_FRR_TCMALLOC"             : "y"
"ENABLE_SYNCD_RPC"                : ""
"SAITHRIFT_V2"                    : ""
"ENABLE_ORGANIZATION_EXTENSIONS"  : "y"
"HTTP_PROXY"                      : ""
"HTTPS_PROXY"                     : ""
"NO_PROXY"                        : ""
"ENABLE_ZTP"                      : ""
"INCLUDE_PDE"                     : ""
"SONIC_DEBUGGING_ON"              : ""
"SONIC_PROFILING_ON"              : ""
"KERNEL_PROCURE_METHOD"           : "build"
"BUILD_TIMESTAMP"                 : "20260902.154441"
"BUILD_LOG_TIMESTAMP"             : "none"
"SONIC_IMAGE_VERSION"             : "master.0-dirty-20260902.154441"
"BLDENV"                          : "trixie"
"VS_PREPARE_MEM"                  : "yes"
"INCLUDE_MGMT_FRAMEWORK"          : "y"
"INCLUDE_ICCPD"                   : "n"
"INCLUDE_STP"                     : ""
"INCLUDE_SYSTEM_TELEMETRY"        : "n"
"INCLUDE_SYSTEM_GNMI"             : "y"
"INCLUDE_SYSTEM_BMP"              : "y"
"INCLUDE_SYSTEM_OTEL"             : "y"
"INCLUDE_SYSTEM_EVENTD"           : "y"
"ENABLE_HOST_SERVICE_ON_START"    : "y"
"INCLUDE_RESTAPI"                 : "n"
"INCLUDE_SFLOW"                   : "y"
"INCLUDE_NAT"                     : "y"
"INCLUDE_DHCP_RELAY"              : "y"
"INCLUDE_DHCP_SERVER"             : "n"
"INCLUDE_P4RT"                    : "n"
"INCLUDE_VS_DASH_SAI"             : "y"
"INCLUDE_KUBERNETES"              : "n"
"INCLUDE_KUBERNETES_MASTER"       : "n"
"INCLUDE_MACSEC"                  : "y"
"INCLUDE_MUX"                     : "y"
"INCLUDE_TEAMD"                   : "y"
"INCLUDE_DASH_HA"                 : "y"
"INCLUDE_ROUTER_ADVERTISER"       : "y"
"INCLUDE_SNMP"                    : "y"
"INCLUDE_LLDP"                    : "y"
"INCLUDE_BOOTCHART                : "y"
"ENABLE_BOOTCHART                 : "n"
"INCLUDE_FIPS"                    : "y"
"ENABLE_TRANSLIB_WRITE"           : ""
"ENABLE_NATIVE_WRITE"             : "y"
"ENABLE_DIALOUT"                  : ""
"ENABLE_AUTO_TECH_SUPPORT"        : "y"
"PDDF_SUPPORT"                    : "y"
"MULTIARCH_QEMU_ENVIRON"          : "n"
"SONIC_VERSION_CONTROL_COMPONENTS": "py2,py3,web,git,docker"
"ENABLE_ASAN"                     : "n"
"DEFAULT_CONTAINER_REGISTRY"      : "publicmirror.azurecr.io/"
"BUILD_MULTIASIC_KVM"             : "n"
"CROSS_BUILD_ENVIRON"             : "n"
"INCLUDE_EXTERNAL_PATCHES"        : "n"
"PTF_ENV_PY_VER"                  : "py3"
"ENABLE_MULTIDB"                  : ""
"ENABLE_SBOM"                     : "n"
"SBOM_FORMAT"                     : "both"
"SBOM_SCAN_TOOL"                  : "syft"
"SBOM_INCLUDE_LICENSES"           : "y"
"SBOM_STRICT"                     : "y"

"SONIC_DPKG_CACHE_METHOD"         : "none"

[ 01 ] [ target/debs/trixie/systemd-sonic-generator_1.0.0_amd64.deb ]
[A[K[ 01 ] [ target/debs/trixie/systemd-sonic-generator_1.0.0_amd64.deb ]
[ 02 ] [ target/debs/trixie/sonic-platform-vs_1.0_amd64.deb ]
[A[K[A[K[ 01 ] [ target/debs/trixie/systemd-sonic-generator_1.0.0_amd64.deb ]
[ 02 ] [ target/debs/trixie/sonic-platform-vs_1.0_amd64.deb ]
[ 03 ] [ target/debs/trixie/initramfs-tools_0.142_all.deb ]
[A[K[A[K[A[K[ 01 ] [ target/debs/trixie/systemd-sonic-generator_1.0.0_amd64.deb ]
[ 02 ] [ target/debs/trixie/sonic-platform-vs_1.0_amd64.deb ]
[ 03 ] [ target/debs/trixie/initramfs-tools_0.142_all.deb ]
[ 04 ] [ target/debs/trixie/linux-headers-6.12.41+deb13-common-sonic_6.12.41-1_all.deb ]
[A[K[A[K[A[K[A[K[ 01 ] [ target/debs/trixie/systemd-sonic-generator_1.0.0_amd64.deb ]
[ 02 ] [ target/debs/trixie/sonic-platform-vs_1.0_amd64.deb ]
[ 03 ] [ target/debs/trixie/initramfs-tools_0.142_all.deb ]
[ 04 ] [ target/debs/trixie/linux-headers-6.12.41+deb13-common-sonic_6.12.41-1_all.deb ]
[ 05 ] [ target/debs/trixie/sonic-device-data_1.0-1_all.deb ]
[A[K[A[K[A[K[A[K[A[K[ 01 ] [ target/debs/trixie/systemd-sonic-generator_1.0.0_amd64.deb ]
[ 02 ] [ target/debs/trixie/sonic-platform-vs_1.0_amd64.deb ]
[ 03 ] [ target/debs/trixie/initramfs-tools_0.142_all.deb ]
[ 04 ] [ target/debs/trixie/linux-headers-6.12.41+deb13-common-sonic_6.12.41-1_all.deb ]
[ 05 ] [ target/debs/trixie/sonic-device-data_1.0-1_all.deb ]
[ 06 ] [ target/debs/trixie/ifupdown2_3.0.0-1_all.deb ]
[A[K[A[K[A[K[A[K[A[K[A[K[ 01 ] [ target/debs/trixie/systemd-sonic-generator_1.0.0_amd64.deb ]
[ 02 ] [ target/debs/trixie/sonic-platform-vs_1.0_amd64.deb ]
[ 03 ] [ target/debs/trixie/initramfs-tools_0.142_all.deb ]
[ 04 ] [ target/debs/trixie/linux-headers-6.12.41+deb13-common-sonic_6.12.41-1_all.deb ]
[ 05 ] [ target/debs/trixie/sonic-device-data_1.0-1_all.deb ]
[ 06 ] [ target/debs/trixie/ifupdown2_3.0.0-1_all.deb ]
[ 07 ] [ target/debs/trixie/makedumpfile_1.7.7-1_amd64.deb ]
[A[K[A[K[A[K[A[K[A[K[A[K[A[K[ 01 ] [ target/debs/trixie/systemd-sonic-generator_1.0.0_amd64.deb ]
[ 02 ] [ target/debs/trixie/sonic-platform-vs_1.0_amd64.deb ]
[ 03 ] [ target/debs/trixie/initramfs-tools_0.142_all.deb ]
[ 04 ] [ target/debs/trixie/linux-headers-6.12.41+deb13-common-sonic_6.12.41-1_all.deb ]
[ 05 ] [ target/debs/trixie/sonic-device-data_1.0-1_all.deb ]
[ 06 ] [ target/debs/trixie/ifupdown2_3.0.0-1_all.deb ]
[ 07 ] [ target/debs/trixie/makedumpfile_1.7.7-1_amd64.deb ]
[ 08 ] [ target/debs/trixie/kdump-tools_1.10.7_amd64.deb ]
[A[K[A[K[A[K[A[K[A[K[A[K[A[K[A[K[ 01 ] [ target/debs/trixie/systemd-sonic-generator_1.0.0_amd64.deb ]
[ 02 ] [ target/debs/trixie/initramfs-tools_0.142_all.deb ]
[ 03 ] [ target/debs/trixie/linux-headers-6.12.41+deb13-common-sonic_6.12.41-1_all.deb ]
[ 04 ] [ target/debs/trixie/sonic-device-data_1.0-1_all.deb ]
[ 05 ] [ target/debs/trixie/ifupdown2_3.0.0-1_all.deb ]
[ 06 ] [ target/debs/trixie/makedumpfile_1.7.7-1_amd64.deb ]
[ 07 ] [ target/debs/trixie/kdump-tools_1.10.7_amd64.deb ]
[A[K[A[K[A[K[A[K[A[K[A[K[A[K[ 01 ] [ target/debs/trixie/systemd-sonic-generator_1.0.0_amd64.deb ]
[ 02 ] [ target/debs/trixie/initramfs-tools_0.142_all.deb ]
[ 03 ] [ target/debs/trixie/linux-headers-6.12.41+deb13-common-sonic_6.12.41-1_all.deb ]
[ 04 ] [ target/debs/trixie/sonic-device-data_1.0-1_all.deb ]
[ 05 ] [ target/debs/trixie/ifupdown2_3.0.0-1_all.deb ]
[ 06 ] [ target/debs/trixie/makedumpfile_1.7.7-1_amd64.deb ]
[ 07 ] [ target/debs/trixie/kdump-tools_1.10.7_amd64.deb ]
[ 08 ] [ target/debs/trixie/libpam-radius-auth_1.4.1-1_amd64.deb ]
[A[K[A[K[A[K[A[K[A[K[A[K[A[K[A[K[ 01 ] [ target/debs/trixie/systemd-sonic-generator_1.0.0_amd64.deb ]
[ 02 ] [ target/debs/trixie/linux-headers-6.12.41+deb13-common-sonic_6.12.41-1_all.deb ]
[ 03 ] [ target/debs/trixie/sonic-device-data_1.0-1_all.deb ]
[ 04 ] [ target/debs/trixie/ifupdown2_3.0.0-1_all.deb ]
[ 05 ] [ target/debs/trixie/makedumpfile_1.7.7-1_amd64.deb ]
[ 06 ] [ target/debs/trixie/kdump-tools_1.10.7_amd64.deb ]
[ 07 ] [ target/debs/trixie/libpam-radius-auth_1.4.1-1_amd64.deb ]
[A[K[A[K[A[K[A[K[A[K[A[K[A[K[ 01 ] [ target/debs/trixie/systemd-sonic-generator_1.0.0_amd64.deb ]
[ 02 ] [ target/debs/trixie/linux-headers-6.12.41+deb13-common-sonic_6.12.41-1_all.deb ]
[ 03 ] [ target/debs/trixie/sonic-device-data_1.0-1_all.deb ]
[ 04 ] [ target/debs/trixie/ifupdown2_3.0.0-1_all.deb ]
[ 05 ] [ target/debs/trixie/makedumpfile_1.7.7-1_amd64.deb ]
[ 06 ] [ target/debs/trixie/kdump-tools_1.10.7_amd64.deb ]
[ 07 ] [ target/debs/trixie/libpam-radius-auth_1.4.1-1_amd64.deb ]
[ 08 ] [ target/debs/trixie/libnss-radius_1.0.1-1_amd64.deb ]
[A[K[A[K[A[K[A[K[A[K[A[K[A[K[A[K[ 01 ] [ target/debs/trixie/systemd-sonic-generator_1.0.0_amd64.deb ]
[ 02 ] [ target/debs/trixie/linux-headers-6.12.41+deb13-common-sonic_6.12.41-1_all.deb ]
[ 03 ] [ target/debs/trixie/sonic-device-data_1.0-1_all.deb ]
[ 04 ] [ target/debs/trixie/ifupdown2_3.0.0-1_all.deb ]
[ 05 ] [ target/debs/trixie/makedumpfile_1.7.7-1_amd64.deb ]
[ 06 ] [ target/debs/trixie/kdump-tools_1.10.7_amd64.deb ]
[ 07 ] [ target/debs/trixie/libpam-radius-auth_1.4.1-1_amd64.deb ]
[A[K[A[K[A[K[A[K[A[K[A[K[A[K[ 01 ] [ target/debs/trixie/systemd-sonic-generator_1.0.0_amd64.deb ]
[ 02 ] [ target/debs/trixie/linux-headers-6.12.41+deb13-common-sonic_6.12.41-1_all.deb ]
[ 03 ] [ target/debs/trixie/sonic-device-data_1.0-1_all.deb ]
[ 04 ] [ target/debs/trixie/ifupdown2_3.0.0-1_all.deb ]
[ 05 ] [ target/debs/trixie/makedumpfile_1.7.7-1_amd64.deb ]
[ 06 ] [ target/debs/trixie/kdump-tools_1.10.7_amd64.deb ]
[ 07 ] [ target/debs/trixie/libpam-radius-auth_1.4.1-1_amd64.deb ]
[ 08 ] [ target/debs/trixie/libtac2_1.4.1-1_amd64.deb ]
[A[K[A[K[A[K[A[K[A[K[A[K[A[K[A[K[ 01 ] [ target/debs/trixie/systemd-sonic-generator_1.0.0_amd64.deb ]
[ 02 ] [ target/debs/trixie/linux-headers-6.12.41+deb13-common-sonic_6.12.41-1_all.deb ]
[ 03 ] [ target/debs/trixie/sonic-device-data_1.0-1_all.deb ]
[ 04 ] [ target/debs/trixie/ifupdown2_3.0.0-1_all.deb ]
[ 05 ] [ target/debs/trixie/kdump-tools_1.10.7_amd64.deb ]
[ 06 ] [ target/debs/trixie/libpam-radius-auth_1.4.1-1_amd64.deb ]
[ 07 ] [ target/debs/trixie/libtac2_1.4.1-1_amd64.deb ]
[A[K[A[K[A[K[A[K[A[K[A[K[A[K[ 01 ] [ target/debs/trixie/systemd-sonic-generator_1.0.0_amd64.deb ]
[ 02 ] [ target/debs/trixie/linux-headers-6.12.41+deb13-common-sonic_6.12.41-1_all.deb ]
[ 03 ] [ target/debs/trixie/sonic-device-data_1.0-1_all.deb ]
[ 04 ] [ target/debs/trixie/ifupdown2_3.0.0-1_all.deb ]
[ 05 ] [ target/debs/trixie/kdump-tools_1.10.7_amd64.deb ]
[ 06 ] [ target/debs/trixie/libpam-radius-auth_1.4.1-1_amd64.deb ]
[ 07 ] [ target/debs/trixie/libtac2_1.4.1-1_amd64.deb ]
[ 08 ] [ target/debs/trixie/monit_5.34.3-1_amd64.deb ]
[A[K[A[K[A[K[A[K[A[K[A[K[A[K[A[K[ 01 ] [ target/debs/trixie/systemd-sonic-generator_1.0.0_amd64.deb ]
[ 02 ] [ target/debs/trixie/linux-headers-6.12.41+deb13-common-sonic_6.12.41-1_all.deb ]
[ 03 ] [ target/debs/trixie/sonic-device-data_1.0-1_all.deb ]
[ 04 ] [ target/debs/trixie/ifupdown2_3.0.0-1_all.deb ]
[ 05 ] [ target/debs/trixie/libpam-radius-auth_1.4.1-1_amd64.deb ]
[ 06 ] [ target/debs/trixie/libtac2_1.4.1-1_amd64.deb ]
[ 07 ] [ target/debs/trixie/monit_5.34.3-1_amd64.deb ]
[A[K[A[K[A[K[A[K[A[K[A[K[A[K[ 01 ] [ target/debs/trixie/systemd-sonic-generator_1.0.0_amd64.deb ]
[ 02 ] [ target/debs/trixie/linux-headers-6.12.41+deb13-common-sonic_6.12.41-1_all.deb ]
[ 03 ] [ target/debs/trixie/sonic-device-data_1.0-1_all.deb ]
[ 04 ] [ target/debs/trixie/libpam-radius-auth_1.4.1-1_amd64.deb ]
[ 05 ] [ target/debs/trixie/libtac2_1.4.1-1_amd64.deb ]
[ 06 ] [ target/debs/trixie/monit_5.34.3-1_amd64.deb ]
[A[K[A[K[A[K[A[K[A[K[A[K[ 01 ] [ target/debs/trixie/systemd-sonic-generator_1.0.0_amd64.deb ]
[ 02 ] [ target/debs/trixie/linux-headers-6.12.41+deb13-common-sonic_6.12.41-1_all.deb ]
[ 03 ] [ target/debs/trixie/sonic-device-data_1.0-1_all.deb ]
[ 04 ] [ target/debs/trixie/libpam-radius-auth_1.4.1-1_amd64.deb ]
[ 05 ] [ target/debs/trixie/libtac2_1.4.1-1_amd64.deb ]
[ 06 ] [ target/debs/trixie/monit_5.34.3-1_amd64.deb ]
[ 07 ] [ target/debs/trixie/libnl-3-200_3.7.0-0.2+b1sonic1_amd64.deb ]
[A[K[A[K[A[K[A[K[A[K[A[K[A[K[ 01 ] [ target/debs/trixie/systemd-sonic-generator_1.0.0_amd64.deb ]
[ 02 ] [ target/debs/trixie/linux-headers-6.12.41+deb13-common-sonic_6.12.41-1_all.deb ]
[ 03 ] [ target/debs/trixie/sonic-device-data_1.0-1_all.deb ]
[ 04 ] [ target/debs/trixie/libpam-radius-auth_1.4.1-1_amd64.deb ]
[ 05 ] [ target/debs/trixie/libtac2_1.4.1-1_amd64.deb ]
[ 06 ] [ target/debs/trixie/monit_5.34.3-1_amd64.deb ]
[ 07 ] [ target/debs/trixie/libnl-3-200_3.7.0-0.2+b1sonic1_amd64.deb ]
[ 08 ] [ target/debs/trixie/libyang3_3.12.2-1_amd64.deb ]
[A[K[A[K[A[K[A[K[A[K[A[K[A[K[A[K[ 01 ] [ target/debs/trixie/linux-headers-6.12.41+deb13-common-sonic_6.12.41-1_all.deb ]
[ 02 ] [ target/debs/trixie/sonic-device-data_1.0-1_all.deb ]
[ 03 ] [ target/debs/trixie/libpam-radius-auth_1.4.1-1_amd64.deb ]
[ 04 ] [ target/debs/trixie/libtac2_1.4.1-1_amd64.deb ]
[ 05 ] [ target/debs/trixie/monit_5.34.3-1_amd64.deb ]
[ 06 ] [ target/debs/trixie/libnl-3-200_3.7.0-0.2+b1sonic1_amd64.deb ]
[ 07 ] [ target/debs/trixie/libyang3_3.12.2-1_amd64.deb ]
[A[K[A[K[A[K[A[K[A[K[A[K[A[K[ 01 ] [ target/debs/trixie/linux-headers-6.12.41+deb13-common-sonic_6.12.41-1_all.deb ]
[ 02 ] [ target/debs/trixie/sonic-device-data_1.0-1_all.deb ]
[ 03 ] [ target/debs/trixie/libpam-radius-auth_1.4.1-1_amd64.deb ]
[ 04 ] [ target/debs/trixie/libtac2_1.4.1-1_amd64.deb ]
[ 05 ] [ target/debs/trixie/monit_5.34.3-1_amd64.deb ]
[ 06 ] [ target/debs/trixie/libnl-3-200_3.7.0-0.2+b1sonic1_amd64.deb ]
[ 07 ] [ target/debs/trixie/libyang3_3.12.2-1_amd64.deb ]
[ 08 ] [ target/debs/trixie/sonic-nettools_0.0.1-0_amd64.deb ]
[A[K[A[K[A[K[A[K[A[K[A[K[A[K[A[K[ 01 ] [ target/debs/trixie/linux-headers-6.12.41+deb13-common-sonic_6.12.41-1_all.deb ]
[ 02 ] [ target/debs/trixie/sonic-device-data_1.0-1_all.deb ]
[ 03 ] [ target/debs/trixie/libpam-radius-auth_1.4.1-1_amd64.deb ]
[ 04 ] [ target/debs/trixie/libtac2_1.4.1-1_amd64.deb ]
[ 05 ] [ target/debs/trixie/monit_5.34.3-1_amd64.deb ]
[ 06 ] [ target/debs/trixie/libyang3_3.12.2-1_amd64.deb ]
[ 07 ] [ target/debs/trixie/sonic-nettools_0.0.1-0_amd64.deb ]
[A[K[A[K[A[K[A[K[A[K[A[K[A[K[ 01 ] [ target/debs/trixie/linux-headers-6.12.41+deb13-common-sonic_6.12.41-1_all.deb ]
[ 02 ] [ target/debs/trixie/sonic-device-data_1.0-1_all.deb ]
[ 03 ] [ target/debs/trixie/libpam-radius-auth_1.4.1-1_amd64.deb ]
[ 04 ] [ target/debs/trixie/libtac2_1.4.1-1_amd64.deb ]
[ 05 ] [ target/debs/trixie/monit_5.34.3-1_amd64.deb ]
[ 06 ] [ target/debs/trixie/libyang3_3.12.2-1_amd64.deb ]
[ 07 ] [ target/debs/trixie/sonic-nettools_0.0.1-0_amd64.deb ]
[ 08 ] [ target/python-wheels/trixie/redis_dump_load-1.1-py3-none-any.whl ]
[A[K[A[K[A[K[A[K[A[K[A[K[A[K[A[K[ 01 ] [ target/debs/trixie/linux-headers-6.12.41+deb13-common-sonic_6.12.41-1_all.deb ]
[ 02 ] [ target/debs/trixie/sonic-device-data_1.0-1_all.deb ]
[ 03 ] [ target/debs/trixie/libpam-radius-auth_1.4.1-1_amd64.deb ]
[ 04 ] [ target/debs/trixie/libtac2_1.4.1-1_amd64.deb ]
[ 05 ] [ target/debs/trixie/monit_5.34.3-1_amd64.deb ]
[ 06 ] [ target/debs/trixie/libyang3_3.12.2-1_amd64.deb ]
[ 07 ] [ target/debs/trixie/sonic-nettools_0.0.1-0_amd64.deb ]
[A[K[A[K[A[K[A[K[A[K[A[K[A[K[ 01 ] [ target/debs/trixie/linux-headers-6.12.41+deb13-common-sonic_6.12.41-1_all.deb ]
[ 02 ] [ target/debs/trixie/sonic-device-data_1.0-1_all.deb ]
[ 03 ] [ target/debs/trixie/libpam-radius-auth_1.4.1-1_amd64.deb ]
[ 04 ] [ target/debs/trixie/libtac2_1.4.1-1_amd64.deb ]
[ 05 ] [ target/debs/trixie/monit_5.34.3-1_amd64.deb ]
[ 06 ] [ target/debs/trixie/libyang3_3.12.2-1_amd64.deb ]
[ 07 ] [ target/debs/trixie/sonic-nettools_0.0.1-0_amd64.deb ]
[ 08 ] [ target/debs/trixie/libnl-3-200_3.7.0-0.2+b1sonic1_amd64.deb-install ]
[A[K[A[K[A[K[A[K[A[K[A[K[A[K[A[K[ 01 ] [ target/debs/trixie/linux-headers-6.12.41+deb13-common-sonic_6.12.41-1_all.deb ]
[ 02 ] [ target/debs/trixie/sonic-device-data_1.0-1_all.deb ]
[ 03 ] [ target/debs/trixie/libpam-radius-auth_1.4.1-1_amd64.deb ]
[ 04 ] [ target/debs/trixie/libtac2_1.4.1-1_amd64.deb ]
[ 05 ] [ target/debs/trixie/monit_5.34.3-1_amd64.deb ]
[ 06 ] [ target/debs/trixie/libyang3_3.12.2-1_amd64.deb ]
[ 07 ] [ target/debs/trixie/sonic-nettools_0.0.1-0_amd64.deb ]
[A[K[A[K[A[K[A[K[A[K[A[K[A[K[ 01 ] [ target/debs/trixie/linux-headers-6.12.41+deb13-common-sonic_6.12.41-1_all.deb ]
[ 02 ] [ target/debs/trixie/sonic-device-data_1.0-1_all.deb ]
[ 03 ] [ target/debs/trixie/libpam-radius-auth_1.4.1-1_amd64.deb ]
[ 04 ] [ target/debs/trixie/libtac2_1.4.1-1_amd64.deb ]
[ 05 ] [ target/debs/trixie/monit_5.34.3-1_amd64.deb ]
[ 06 ] [ target/debs/trixie/libyang3_3.12.2-1_amd64.deb ]
[ 07 ] [ target/debs/trixie/sonic-nettools_0.0.1-0_amd64.deb ]
[ 08 ] [ target/python-wheels/trixie/redis_dump_load-1.1-py3-none-any.whl-install ]
[A[K[A[K[A[K[A[K[A[K[A[K[A[K[A[K[ 01 ] [ target/debs/trixie/linux-headers-6.12.41+deb13-common-sonic_6.12.41-1_all.deb ]
[ 02 ] [ target/debs/trixie/sonic-device-data_1.0-1_all.deb ]
[ 03 ] [ target/debs/trixie/libpam-radius-auth_1.4.1-1_amd64.deb ]
[ 04 ] [ target/debs/trixie/libtac2_1.4.1-1_amd64.deb ]
[ 05 ] [ target/debs/trixie/monit_5.34.3-1_amd64.deb ]
[ 06 ] [ target/debs/trixie/libyang3_3.12.2-1_amd64.deb ]
[ 07 ] [ target/debs/trixie/sonic-nettools_0.0.1-0_amd64.deb ]
[A[K[A[K[A[K[A[K[A[K[A[K[A[K[ 01 ] [ target/debs/trixie/linux-headers-6.12.41+deb13-common-sonic_6.12.41-1_all.deb ]
[ 02 ] [ target/debs/trixie/sonic-device-data_1.0-1_all.deb ]
[ 03 ] [ target/debs/trixie/libpam-radius-auth_1.4.1-1_amd64.deb ]
[ 04 ] [ target/debs/trixie/libtac2_1.4.1-1_amd64.deb ]
[ 05 ] [ target/debs/trixie/monit_5.34.3-1_amd64.deb ]
[ 06 ] [ target/debs/trixie/libyang3_3.12.2-1_amd64.deb ]
[ 07 ] [ target/debs/trixie/sonic-nettools_0.0.1-0_amd64.deb ]
[ 08 ] [ target/debs/trixie/sonic-host-services-data_1.0-1_all.deb ]
[A[K[A[K[A[K[A[K[A[K[A[K[A[K[A[K[ 01 ] [ target/debs/trixie/linux-headers-6.12.41+deb13-common-sonic_6.12.41-1_all.deb ]
[ 02 ] [ target/debs/trixie/sonic-device-data_1.0-1_all.deb ]
[ 03 ] [ target/debs/trixie/libpam-radius-auth_1.4.1-1_amd64.deb ]
[ 04 ] [ target/debs/trixie/libtac2_1.4.1-1_amd64.deb ]
[ 05 ] [ target/debs/trixie/monit_5.34.3-1_amd64.deb ]
[ 06 ] [ target/debs/trixie/libyang3_3.12.2-1_amd64.deb ]
[ 07 ] [ target/debs/trixie/sonic-nettools_0.0.1-0_amd64.deb ]
[A[K[A[K[A[K[A[K[A[K[A[K[A[K[ 01 ] [ target/debs/trixie/linux-headers-6.12.41+deb13-common-sonic_6.12.41-1_all.deb ]
[ 02 ] [ target/debs/trixie/sonic-device-data_1.0-1_all.deb ]
[ 03 ] [ target/debs/trixie/libpam-radius-auth_1.4.1-1_amd64.deb ]
[ 04 ] [ target/debs/trixie/libtac2_1.4.1-1_amd64.deb ]
[ 05 ] [ target/debs/trixie/monit_5.34.3-1_amd64.deb ]
[ 06 ] [ target/debs/trixie/libyang3_3.12.2-1_amd64.deb ]
[ 07 ] [ target/debs/trixie/sonic-nettools_0.0.1-0_amd64.deb ]
[ 08 ] [ target/debs/trixie/socat_1.7.4.1-3_amd64.deb ]
[A[K[A[K[A[K[A[K[A[K[A[K[A[K[A[K[ 01 ] [ target/debs/trixie/linux-headers-6.12.41+deb13-common-sonic_6.12.41-1_all.deb ]
[ 02 ] [ target/debs/trixie/sonic-device-data_1.0-1_all.deb ]
[ 03 ] [ target/debs/trixie/libpam-radius-auth_1.4.1-1_amd64.deb ]
[ 04 ] [ target/debs/trixie/libtac2_1.4.1-1_amd64.deb ]
[ 05 ] [ target/debs/trixie/libyang3_3.12.2-1_amd64.deb ]
[ 06 ] [ target/debs/trixie/sonic-nettools_0.0.1-0_amd64.deb ]
[ 07 ] [ target/debs/trixie/socat_1.7.4.1-3_amd64.deb ]
[A[K[A[K[A[K[A[K[A[K[A[K[A[K[ 01 ] [ target/debs/trixie/linux-headers-6.12.41+deb13-common-sonic_6.12.41-1_all.deb ]
[ 02 ] [ target/debs/trixie/sonic-device-data_1.0-1_all.deb ]
[ 03 ] [ target/debs/trixie/libpam-radius-auth_1.4.1-1_amd64.deb ]
[ 04 ] [ target/debs/trixie/libtac2_1.4.1-1_amd64.deb ]
[ 05 ] [ target/debs/trixie/libyang3_3.12.2-1_amd64.deb ]
[ 06 ] [ target/debs/trixie/sonic-nettools_0.0.1-0_amd64.deb ]
[ 07 ] [ target/debs/trixie/socat_1.7.4.1-3_amd64.deb ]
[ 08 ] [ target/debs/trixie/bash_5.2.37-2_amd64.deb ]
[A[K[A[K[A[K[A[K[A[K[A[K[A[K[A[K[ 01 ] [ target/debs/trixie/linux-headers-6.12.41+deb13-common-sonic_6.12.41-1_all.deb ]
[ 02 ] [ target/debs/trixie/sonic-device-data_1.0-1_all.deb ]
[ 03 ] [ target/debs/trixie/libpam-radius-auth_1.4.1-1_amd64.deb ]
[ 04 ] [ target/debs/trixie/libtac2_1.4.1-1_amd64.deb ]
[ 05 ] [ target/debs/trixie/libyang3_3.12.2-1_amd64.deb ]
[ 06 ] [ target/debs/trixie/sonic-nettools_0.0.1-0_amd64.deb ]
[ 07 ] [ target/debs/trixie/bash_5.2.37-2_amd64.deb ]
[A[K[A[K[A[K[A[K[A[K[A[K[A[K[ 01 ] [ target/debs/trixie/linux-headers-6.12.41+deb13-common-sonic_6.12.41-1_all.deb ]
[ 02 ] [ target/debs/trixie/sonic-device-data_1.0-1_all.deb ]
[ 03 ] [ target/debs/trixie/libpam-radius-auth_1.4.1-1_amd64.deb ]
[ 04 ] [ target/debs/trixie/libtac2_1.4.1-1_amd64.deb ]
[ 05 ] [ target/debs/trixie/libyang3_3.12.2-1_amd64.deb ]
[ 06 ] [ target/debs/trixie/sonic-nettools_0.0.1-0_amd64.deb ]
[ 07 ] [ target/debs/trixie/bash_5.2.37-2_amd64.deb ]
[ 08 ] [ target/debs/trixie/sedutil_1.15-5ad84d8_amd64.deb ]
[A[K[A[K[A[K[A[K[A[K[A[K[A[K[A[K[ 01 ] [ target/debs/trixie/linux-headers-6.12.41+deb13-common-sonic_6.12.41-1_all.deb ]
[ 02 ] [ target/debs/trixie/sonic-device-data_1.0-1_all.deb ]
[ 03 ] [ target/debs/trixie/libpam-radius-auth_1.4.1-1_amd64.deb ]
[ 04 ] [ target/debs/trixie/libtac2_1.4.1-1_amd64.deb ]
[ 05 ] [ target/debs/trixie/libyang3_3.12.2-1_amd64.deb ]
[ 06 ] [ target/debs/trixie/sonic-nettools_0.0.1-0_amd64.deb ]
[ 07 ] [ target/debs/trixie/bash_5.2.37-2_amd64.deb ]
[A[K[A[K[A[K[A[K[A[K[A[K[A[K[ 01 ] [ target/debs/trixie/linux-headers-6.12.41+deb13-common-sonic_6.12.41-1_all.deb ]
[ 02 ] [ target/debs/trixie/sonic-device-data_1.0-1_all.deb ]
[ 03 ] [ target/debs/trixie/libpam-radius-auth_1.4.1-1_amd64.deb ]
[ 04 ] [ target/debs/trixie/libtac2_1.4.1-1_amd64.deb ]
[ 05 ] [ target/debs/trixie/sonic-nettools_0.0.1-0_amd64.deb ]
[ 06 ] [ target/debs/trixie/bash_5.2.37-2_amd64.deb ]
[A[K[A[K[A[K[A[K[A[K[A[K[ 01 ] [ target/debs/trixie/linux-headers-6.12.41+deb13-common-sonic_6.12.41-1_all.deb ]
[ 02 ] [ target/debs/trixie/sonic-device-data_1.0-1_all.deb ]
[ 03 ] [ target/debs/trixie/libpam-radius-auth_1.4.1-1_amd64.deb ]
[ 04 ] [ target/debs/trixie/libtac2_1.4.1-1_amd64.deb ]
[ 05 ] [ target/debs/trixie/sonic-nettools_0.0.1-0_amd64.deb ]
[ 06 ] [ target/debs/trixie/bash_5.2.37-2_amd64.deb ]
[ 07 ] [ target/debs/trixie/grub2-common_2.06-13+deb13u1_amd64.deb ]
[A[K[A[K[A[K[A[K[A[K[A[K[A[K[ 01 ] [ target/debs/trixie/linux-headers-6.12.41+deb13-common-sonic_6.12.41-1_all.deb ]
[ 02 ] [ target/debs/trixie/sonic-device-data_1.0-1_all.deb ]
[ 03 ] [ target/debs/trixie/libpam-radius-auth_1.4.1-1_amd64.deb ]
[ 04 ] [ target/debs/trixie/libtac2_1.4.1-1_amd64.deb ]
[ 05 ] [ target/debs/trixie/sonic-nettools_0.0.1-0_amd64.deb ]
[ 06 ] [ target/debs/trixie/bash_5.2.37-2_amd64.deb ]
[ 07 ] [ target/debs/trixie/grub2-common_2.06-13+deb13u1_amd64.deb ]
[ 08 ] [ target/files/trixie/swss_vars.j2 ]
[A[K[A[K[A[K[A[K[A[K[A[K[A[K[A[K[ 01 ] [ target/debs/trixie/linux-headers-6.12.41+deb13-common-sonic_6.12.41-1_all.deb ]
[ 02 ] [ target/debs/trixie/sonic-device-data_1.0-1_all.deb ]
[ 03 ] [ target/debs/trixie/libpam-radius-auth_1.4.1-1_amd64.deb ]
[ 04 ] [ target/debs/trixie/libtac2_1.4.1-1_amd64.deb ]
[ 05 ] [ target/debs/trixie/sonic-nettools_0.0.1-0_amd64.deb ]
[ 06 ] [ target/debs/trixie/bash_5.2.37-2_amd64.deb ]
[ 07 ] [ target/debs/trixie/grub2-common_2.06-13+deb13u1_amd64.deb ]
[A[K[A[K[A[K[A[K[A[K[A[K[A[K[ 01 ] [ target/debs/trixie/linux-headers-6.12.41+deb13-common-sonic_6.12.41-1_all.deb ]
[ 02 ] [ target/debs/trixie/sonic-device-data_1.0-1_all.deb ]
[ 03 ] [ target/debs/trixie/libpam-radius-auth_1.4.1-1_amd64.deb ]
[ 04 ] [ target/debs/trixie/libtac2_1.4.1-1_amd64.deb ]
[ 05 ] [ target/debs/trixie/sonic-nettools_0.0.1-0_amd64.deb ]
[ 06 ] [ target/debs/trixie/bash_5.2.37-2_amd64.deb ]
[ 07 ] [ target/debs/trixie/grub2-common_2.06-13+deb13u1_amd64.deb ]
[ 08 ] [ target/files/trixie/rsyslog_plugin.conf.j2 ]
[A[K[A[K[A[K[A[K[A[K[A[K[A[K[A[K[ 01 ] [ target/debs/trixie/linux-headers-6.12.41+deb13-common-sonic_6.12.41-1_all.deb ]
[ 02 ] [ target/debs/trixie/sonic-device-data_1.0-1_all.deb ]
[ 03 ] [ target/debs/trixie/libpam-radius-auth_1.4.1-1_amd64.deb ]
[ 04 ] [ target/debs/trixie/libtac2_1.4.1-1_amd64.deb ]
[ 05 ] [ target/debs/trixie/sonic-nettools_0.0.1-0_amd64.deb ]
[ 06 ] [ target/debs/trixie/bash_5.2.37-2_amd64.deb ]
[ 07 ] [ target/debs/trixie/grub2-common_2.06-13+deb13u1_amd64.deb ]
[A[K[A[K[A[K[A[K[A[K[A[K[A[K[ 01 ] [ target/debs/trixie/linux-headers-6.12.41+deb13-common-sonic_6.12.41-1_all.deb ]
[ 02 ] [ target/debs/trixie/sonic-device-data_1.0-1_all.deb ]
[ 03 ] [ target/debs/trixie/libpam-radius-auth_1.4.1-1_amd64.deb ]
[ 04 ] [ target/debs/trixie/libtac2_1.4.1-1_amd64.deb ]
[ 05 ] [ target/debs/trixie/sonic-nettools_0.0.1-0_amd64.deb ]
[ 06 ] [ target/debs/trixie/bash_5.2.37-2_amd64.deb ]
[ 07 ] [ target/debs/trixie/grub2-common_2.06-13+deb13u1_amd64.deb ]
[ 08 ] [ target/files/trixie/container ]
[A[K[A[K[A[K[A[K[A[K[A[K[A[K[A[K[ 01 ] [ target/debs/trixie/linux-headers-6.12.41+deb13-common-sonic_6.12.41-1_all.deb ]
[ 02 ] [ target/debs/trixie/sonic-device-data_1.0-1_all.deb ]
[ 03 ] [ target/debs/trixie/libpam-radius-auth_1.4.1-1_amd64.deb ]
[ 04 ] [ target/debs/trixie/libtac2_1.4.1-1_amd64.deb ]
[ 05 ] [ target/debs/trixie/sonic-nettools_0.0.1-0_amd64.deb ]
[ 06 ] [ target/debs/trixie/bash_5.2.37-2_amd64.deb ]
[ 07 ] [ target/debs/trixie/grub2-common_2.06-13+deb13u1_amd64.deb ]
[A[K[A[K[A[K[A[K[A[K[A[K[A[K[ 01 ] [ target/debs/trixie/linux-headers-6.12.41+deb13-common-sonic_6.12.41-1_all.deb ]
[ 02 ] [ target/debs/trixie/sonic-device-data_1.0-1_all.deb ]
[ 03 ] [ target/debs/trixie/libpam-radius-auth_1.4.1-1_amd64.deb ]
[ 04 ] [ target/debs/trixie/libtac2_1.4.1-1_amd64.deb ]
[ 05 ] [ target/debs/trixie/sonic-nettools_0.0.1-0_amd64.deb ]
[ 06 ] [ target/debs/trixie/bash_5.2.37-2_amd64.deb ]
[ 07 ] [ target/debs/trixie/grub2-common_2.06-13+deb13u1_amd64.deb ]
[ 08 ] [ target/files/trixie/readiness_probe.sh ]
[A[K[A[K[A[K[A[K[A[K[A[K[A[K[A[K[ 01 ] [ target/debs/trixie/linux-headers-6.12.41+deb13-common-sonic_6.12.41-1_all.deb ]
[ 02 ] [ target/debs/trixie/sonic-device-data_1.0-1_all.deb ]
[ 03 ] [ target/debs/trixie/libpam-radius-auth_1.4.1-1_amd64.deb ]
[ 04 ] [ target/debs/trixie/libtac2_1.4.1-1_amd64.deb ]
[ 05 ] [ target/debs/trixie/sonic-nettools_0.0.1-0_amd64.deb ]
[ 06 ] [ target/debs/trixie/bash_5.2.37-2_amd64.deb ]
[ 07 ] [ target/debs/trixie/grub2-common_2.06-13+deb13u1_amd64.deb ]
[A[K[A[K[A[K[A[K[A[K[A[K[A[K[ 01 ] [ target/debs/trixie/linux-headers-6.12.41+deb13-common-sonic_6.12.41-1_all.deb ]
[ 02 ] [ target/debs/trixie/sonic-device-data_1.0-1_all.deb ]
[ 03 ] [ target/debs/trixie/libpam-radius-auth_1.4.1-1_amd64.deb ]
[ 04 ] [ target/debs/trixie/libtac2_1.4.1-1_amd64.deb ]
[ 05 ] [ target/debs/trixie/sonic-nettools_0.0.1-0_amd64.deb ]
[ 06 ] [ target/debs/trixie/bash_5.2.37-2_amd64.deb ]
[ 07 ] [ target/debs/trixie/grub2-common_2.06-13+deb13u1_amd64.deb ]
[ 08 ] [ target/files/trixie/container_startup.py ]
[A[K[A[K[A[K[A[K[A[K[A[K[A[K[A[K[ 01 ] [ target/debs/trixie/linux-headers-6.12.41+deb13-common-sonic_6.12.41-1_all.deb ]
[ 02 ] [ target/debs/trixie/sonic-device-data_1.0-1_all.deb ]
[ 03 ] [ target/debs/trixie/libpam-radius-auth_1.4.1-1_amd64.deb ]
[ 04 ] [ target/debs/trixie/libtac2_1.4.1-1_amd64.deb ]
[ 05 ] [ target/debs/trixie/sonic-nettools_0.0.1-0_amd64.deb ]
[ 06 ] [ target/debs/trixie/bash_5.2.37-2_amd64.deb ]
[ 07 ] [ target/debs/trixie/grub2-common_2.06-13+deb13u1_amd64.deb ]
[A[K[A[K[A[K[A[K[A[K[A[K[A[K[ 01 ] [ target/debs/trixie/linux-headers-6.12.41+deb13-common-sonic_6.12.41-1_all.deb ]
[ 02 ] [ target/debs/trixie/sonic-device-data_1.0-1_all.deb ]
[ 03 ] [ target/debs/trixie/libpam-radius-auth_1.4.1-1_amd64.deb ]
[ 04 ] [ target/debs/trixie/libtac2_1.4.1-1_amd64.deb ]
[ 05 ] [ target/debs/trixie/sonic-nettools_0.0.1-0_amd64.deb ]
[ 06 ] [ target/debs/trixie/bash_5.2.37-2_amd64.deb ]
[ 07 ] [ target/debs/trixie/grub2-common_2.06-13+deb13u1_amd64.deb ]
[ 08 ] [ target/debs/trixie/libyang3_3.12.2-1_amd64.deb-install ]
[A[K[A[K[A[K[A[K[A[K[A[K[A[K[A[K[ 01 ] [ target/debs/trixie/linux-headers-6.12.41+deb13-common-sonic_6.12.41-1_all.deb ]
[ 02 ] [ target/debs/trixie/sonic-device-data_1.0-1_all.deb ]
[ 03 ] [ target/debs/trixie/libpam-radius-auth_1.4.1-1_amd64.deb ]
[ 04 ] [ target/debs/trixie/libtac2_1.4.1-1_amd64.deb ]
[ 05 ] [ target/debs/trixie/sonic-nettools_0.0.1-0_amd64.deb ]
[ 06 ] [ target/debs/trixie/bash_5.2.37-2_amd64.deb ]
[ 07 ] [ target/debs/trixie/grub2-common_2.06-13+deb13u1_amd64.deb ]
[A[K[A[K[A[K[A[K[A[K[A[K[A[K[ 01 ] [ target/debs/trixie/linux-headers-6.12.41+deb13-common-sonic_6.12.41-1_all.deb ]
[ 02 ] [ target/debs/trixie/sonic-device-data_1.0-1_all.deb ]
[ 03 ] [ target/debs/trixie/libpam-radius-auth_1.4.1-1_amd64.deb ]
[ 04 ] [ target/debs/trixie/libtac2_1.4.1-1_amd64.deb ]
[ 05 ] [ target/debs/trixie/sonic-nettools_0.0.1-0_amd64.deb ]
[ 06 ] [ target/debs/trixie/bash_5.2.37-2_amd64.deb ]
[ 07 ] [ target/debs/trixie/grub2-common_2.06-13+deb13u1_amd64.deb ]
[ 08 ] [ target/debs/trixie/iproute2_6.15.0-1+sonic.0_amd64.deb ]
[A[K[A[K[A[K[A[K[A[K[A[K[A[K[A[K[ 01 ] [ target/debs/trixie/linux-headers-6.12.41+deb13-common-sonic_6.12.41-1_all.deb ]
[ 02 ] [ target/debs/trixie/sonic-device-data_1.0-1_all.deb ]
[ 03 ] [ target/debs/trixie/libtac2_1.4.1-1_amd64.deb ]
[ 04 ] [ target/debs/trixie/sonic-nettools_0.0.1-0_amd64.deb ]
[ 05 ] [ target/debs/trixie/bash_5.2.37-2_amd64.deb ]
[ 06 ] [ target/debs/trixie/grub2-common_2.06-13+deb13u1_amd64.deb ]
[ 07 ] [ target/debs/trixie/iproute2_6.15.0-1+sonic.0_amd64.deb ]
[A[K[A[K[A[K[A[K[A[K[A[K[A[K[ 01 ] [ target/debs/trixie/linux-headers-6.12.41+deb13-common-sonic_6.12.41-1_all.deb ]
[ 02 ] [ target/debs/trixie/sonic-device-data_1.0-1_all.deb ]
[ 03 ] [ target/debs/trixie/libtac2_1.4.1-1_amd64.deb ]
[ 04 ] [ target/debs/trixie/sonic-nettools_0.0.1-0_amd64.deb ]
[ 05 ] [ target/debs/trixie/bash_5.2.37-2_amd64.deb ]
[ 06 ] [ target/debs/trixie/grub2-common_2.06-13+deb13u1_amd64.deb ]
[ 07 ] [ target/debs/trixie/iproute2_6.15.0-1+sonic.0_amd64.deb ]
[ 08 ] [ target/debs/trixie/symcrypt-openssl_1.9.4_amd64.deb ]
[A[K[A[K[A[K[A[K[A[K[A[K[A[K[A[K[ 01 ] [ target/debs/trixie/linux-headers-6.12.41+deb13-common-sonic_6.12.41-1_all.deb ]
[ 02 ] [ target/debs/trixie/sonic-device-data_1.0-1_all.deb ]
[ 03 ] [ target/debs/trixie/libtac2_1.4.1-1_amd64.deb ]
[ 04 ] [ target/debs/trixie/sonic-nettools_0.0.1-0_amd64.deb ]
[ 05 ] [ target/debs/trixie/bash_5.2.37-2_amd64.deb ]
[ 06 ] [ target/debs/trixie/grub2-common_2.06-13+deb13u1_amd64.deb ]
[ 07 ] [ target/debs/trixie/symcrypt-openssl_1.9.4_amd64.deb ]
[A[K[A[K[A[K[A[K[A[K[A[K[A[K[ 01 ] [ target/debs/trixie/linux-headers-6.12.41+deb13-common-sonic_6.12.41-1_all.deb ]
[ 02 ] [ target/debs/trixie/sonic-device-data_1.0-1_all.deb ]
[ 03 ] [ target/debs/trixie/libtac2_1.4.1-1_amd64.deb ]
[ 04 ] [ target/debs/trixie/sonic-nettools_0.0.1-0_amd64.deb ]
[ 05 ] [ target/debs/trixie/bash_5.2.37-2_amd64.deb ]
[ 06 ] [ target/debs/trixie/grub2-common_2.06-13+deb13u1_amd64.deb ]
[ 07 ] [ target/debs/trixie/symcrypt-openssl_1.9.4_amd64.deb ]
[ 08 ] [ target/debs/trixie/p4lang-pi_0.1.1-1_amd64.deb ]
[A[K[A[K[A[K[A[K[A[K[A[K[A[K[A[K[ 01 ] [ target/debs/trixie/linux-headers-6.12.41+deb13-common-sonic_6.12.41-1_all.deb ]
[ 02 ] [ target/debs/trixie/sonic-device-data_1.0-1_all.deb ]
[ 03 ] [ target/debs/trixie/sonic-nettools_0.0.1-0_amd64.deb ]
[ 04 ] [ target/debs/trixie/bash_5.2.37-2_amd64.deb ]
[ 05 ] [ target/debs/trixie/grub2-common_2.06-13+deb13u1_amd64.deb ]
[ 06 ] [ target/debs/trixie/symcrypt-openssl_1.9.4_amd64.deb ]
[ 07 ] [ target/debs/trixie/p4lang-pi_0.1.1-1_amd64.deb ]
[A[K[A[K[A[K[A[K[A[K[A[K[A[K[ 01 ] [ target/debs/trixie/linux-headers-6.12.41+deb13-common-sonic_6.12.41-1_all.deb ]
[ 02 ] [ target/debs/trixie/sonic-nettools_0.0.1-0_amd64.deb ]
[ 03 ] [ target/debs/trixie/bash_5.2.37-2_amd64.deb ]
[ 04 ] [ target/debs/trixie/grub2-common_2.06-13+deb13u1_amd64.deb ]
[ 05 ] [ target/debs/trixie/symcrypt-openssl_1.9.4_amd64.deb ]
[ 06 ] [ target/debs/trixie/p4lang-pi_0.1.1-1_amd64.deb ]
[A[K[A[K[A[K[A[K[A[K[A[K[ 01 ] [ target/debs/trixie/linux-headers-6.12.41+deb13-common-sonic_6.12.41-1_all.deb ]
[ 02 ] [ target/debs/trixie/sonic-nettools_0.0.1-0_amd64.deb ]
[ 03 ] [ target/debs/trixie/bash_5.2.37-2_amd64.deb ]
[ 04 ] [ target/debs/trixie/grub2-common_2.06-13+deb13u1_amd64.deb ]
[ 05 ] [ target/debs/trixie/symcrypt-openssl_1.9.4_amd64.deb ]
[ 06 ] [ target/debs/trixie/p4lang-pi_0.1.1-1_amd64.deb ]
[ 07 ] [ target/debs/trixie/libnexthopgroup_1.0.0_amd64.deb ]
[A[K[A[K[A[K[A[K[A[K[A[K[A[K[ 01 ] [ target/debs/trixie/linux-headers-6.12.41+deb13-common-sonic_6.12.41-1_all.deb ]
[ 02 ] [ target/debs/trixie/sonic-nettools_0.0.1-0_amd64.deb ]
[ 03 ] [ target/debs/trixie/bash_5.2.37-2_amd64.deb ]
[ 04 ] [ target/debs/trixie/grub2-common_2.06-13+deb13u1_amd64.deb ]
[ 05 ] [ target/debs/trixie/symcrypt-openssl_1.9.4_amd64.deb ]
[ 06 ] [ target/debs/trixie/p4lang-pi_0.1.1-1_amd64.deb ]
[ 07 ] [ target/debs/trixie/libnexthopgroup_1.0.0_amd64.deb ]
[ 08 ] [ target/debs/trixie/libdashapi_1.0.0_amd64.deb ]
[A[K[A[K[A[K[A[K[A[K[A[K[A[K[A[K[ 01 ] [ target/debs/trixie/linux-headers-6.12.41+deb13-common-sonic_6.12.41-1_all.deb ]
[ 02 ] [ target/debs/trixie/sonic-nettools_0.0.1-0_amd64.deb ]
[ 03 ] [ target/debs/trixie/bash_5.2.37-2_amd64.deb ]
[ 04 ] [ target/debs/trixie/grub2-common_2.06-13+deb13u1_amd64.deb ]
[ 05 ] [ target/debs/trixie/p4lang-pi_0.1.1-1_amd64.deb ]
[ 06 ] [ target/debs/trixie/libnexthopgroup_1.0.0_amd64.deb ]
[ 07 ] [ target/debs/trixie/libdashapi_1.0.0_amd64.deb ]
[A[K[A[K[A[K[A[K[A[K[A[K[A[K[ 01 ] [ target/debs/trixie/linux-headers-6.12.41+deb13-common-sonic_6.12.41-1_all.deb ]
[ 02 ] [ target/debs/trixie/sonic-nettools_0.0.1-0_amd64.deb ]
[ 03 ] [ target/debs/trixie/bash_5.2.37-2_amd64.deb ]
[ 04 ] [ target/debs/trixie/grub2-common_2.06-13+deb13u1_amd64.deb ]
[ 05 ] [ target/debs/trixie/p4lang-pi_0.1.1-1_amd64.deb ]
[ 06 ] [ target/debs/trixie/libnexthopgroup_1.0.0_amd64.deb ]
[ 07 ] [ target/debs/trixie/libdashapi_1.0.0_amd64.deb ]
[ 08 ] [ target/files/trixie/90-sonic.conf ]
[A[K[A[K[A[K[A[K[A[K[A[K[A[K[A[K[ 01 ] [ target/debs/trixie/linux-headers-6.12.41+deb13-common-sonic_6.12.41-1_all.deb ]
[ 02 ] [ target/debs/trixie/sonic-nettools_0.0.1-0_amd64.deb ]
[ 03 ] [ target/debs/trixie/bash_5.2.37-2_amd64.deb ]
[ 04 ] [ target/debs/trixie/grub2-common_2.06-13+deb13u1_amd64.deb ]
[ 05 ] [ target/debs/trixie/p4lang-pi_0.1.1-1_amd64.deb ]
[ 06 ] [ target/debs/trixie/libnexthopgroup_1.0.0_amd64.deb ]
[ 07 ] [ target/debs/trixie/libdashapi_1.0.0_amd64.deb ]
[A[K[A[K[A[K[A[K[A[K[A[K[A[K[ 01 ] [ target/debs/trixie/linux-headers-6.12.41+deb13-common-sonic_6.12.41-1_all.deb ]
[ 02 ] [ target/debs/trixie/sonic-nettools_0.0.1-0_amd64.deb ]
[ 03 ] [ target/debs/trixie/bash_5.2.37-2_amd64.deb ]
[ 04 ] [ target/debs/trixie/grub2-common_2.06-13+deb13u1_amd64.deb ]
[ 05 ] [ target/debs/trixie/p4lang-pi_0.1.1-1_amd64.deb ]
[ 06 ] [ target/debs/trixie/libnexthopgroup_1.0.0_amd64.deb ]
[ 07 ] [ target/debs/trixie/libdashapi_1.0.0_amd64.deb ]
[ 08 ] [ target/files/trixie/update_chassisdb_config ]
[A[K[A[K[A[K[A[K[A[K[A[K[A[K[A[K[ 01 ] [ target/debs/trixie/linux-headers-6.12.41+deb13-common-sonic_6.12.41-1_all.deb ]
[ 02 ] [ target/debs/trixie/sonic-nettools_0.0.1-0_amd64.deb ]
[ 03 ] [ target/debs/trixie/bash_5.2.37-2_amd64.deb ]
[ 04 ] [ target/debs/trixie/grub2-common_2.06-13+deb13u1_amd64.deb ]
[ 05 ] [ target/debs/trixie/p4lang-pi_0.1.1-1_amd64.deb ]
[ 06 ] [ target/debs/trixie/libnexthopgroup_1.0.0_amd64.deb ]
[ 07 ] [ target/debs/trixie/libdashapi_1.0.0_amd64.deb ]
[A[K[A[K[A[K[A[K[A[K[A[K[A[K[ 01 ] [ target/debs/trixie/linux-headers-6.12.41+deb13-common-sonic_6.12.41-1_all.deb ]
[ 02 ] [ target/debs/trixie/sonic-nettools_0.0.1-0_amd64.deb ]
[ 03 ] [ target/debs/trixie/bash_5.2.37-2_amd64.deb ]
[ 04 ] [ target/debs/trixie/grub2-common_2.06-13+deb13u1_amd64.deb ]
[ 05 ] [ target/debs/trixie/p4lang-pi_0.1.1-1_amd64.deb ]
[ 06 ] [ target/debs/trixie/libnexthopgroup_1.0.0_amd64.deb ]
[ 07 ] [ target/debs/trixie/libdashapi_1.0.0_amd64.deb ]
[ 08 ] [ target/files/trixie/container_checker ]
[A[K[A[K[A[K[A[K[A[K[A[K[A[K[A[K[ 01 ] [ target/debs/trixie/linux-headers-6.12.41+deb13-common-sonic_6.12.41-1_all.deb ]
[ 02 ] [ target/debs/trixie/sonic-nettools_0.0.1-0_amd64.deb ]
[ 03 ] [ target/debs/trixie/bash_5.2.37-2_amd64.deb ]
[ 04 ] [ target/debs/trixie/grub2-common_2.06-13+deb13u1_amd64.deb ]
[ 05 ] [ target/debs/trixie/p4lang-pi_0.1.1-1_amd64.deb ]
[ 06 ] [ target/debs/trixie/libnexthopgroup_1.0.0_amd64.deb ]
[ 07 ] [ target/debs/trixie/libdashapi_1.0.0_amd64.deb ]
[A[K[A[K[A[K[A[K[A[K[A[K[A[K[ 01 ] [ target/debs/trixie/linux-headers-6.12.41+deb13-common-sonic_6.12.41-1_all.deb ]
[ 02 ] [ target/debs/trixie/sonic-nettools_0.0.1-0_amd64.deb ]
[ 03 ] [ target/debs/trixie/bash_5.2.37-2_amd64.deb ]
[ 04 ] [ target/debs/trixie/grub2-common_2.06-13+deb13u1_amd64.deb ]
[ 05 ] [ target/debs/trixie/p4lang-pi_0.1.1-1_amd64.deb ]
[ 06 ] [ target/debs/trixie/libnexthopgroup_1.0.0_amd64.deb ]
[ 07 ] [ target/debs/trixie/libdashapi_1.0.0_amd64.deb ]
[ 08 ] [ target/files/trixie/gnmi.sh ]
[A[K[A[K[A[K[A[K[A[K[A[K[A[K[A[K[ 01 ] [ target/debs/trixie/linux-headers-6.12.41+deb13-common-sonic_6.12.41-1_all.deb ]
[ 02 ] [ target/debs/trixie/sonic-nettools_0.0.1-0_amd64.deb ]
[ 03 ] [ target/debs/trixie/bash_5.2.37-2_amd64.deb ]
[ 04 ] [ target/debs/trixie/grub2-common_2.06-13+deb13u1_amd64.deb ]
[ 05 ] [ target/debs/trixie/p4lang-pi_0.1.1-1_amd64.deb ]
[ 06 ] [ target/debs/trixie/libnexthopgroup_1.0.0_amd64.deb ]
[ 07 ] [ target/debs/trixie/libdashapi_1.0.0_amd64.deb ]
[A[K[A[K[A[K[A[K[A[K[A[K[A[K[ 01 ] [ target/debs/trixie/linux-headers-6.12.41+deb13-common-sonic_6.12.41-1_all.deb ]
[ 02 ] [ target/debs/trixie/sonic-nettools_0.0.1-0_amd64.deb ]
[ 03 ] [ target/debs/trixie/bash_5.2.37-2_amd64.deb ]
[ 04 ] [ target/debs/trixie/grub2-common_2.06-13+deb13u1_amd64.deb ]
[ 05 ] [ target/debs/trixie/p4lang-pi_0.1.1-1_amd64.deb ]
[ 06 ] [ target/debs/trixie/libnexthopgroup_1.0.0_amd64.deb ]
[ 07 ] [ target/debs/trixie/libdashapi_1.0.0_amd64.deb ]
[ 08 ] [ target/files/trixie/k8s_pod_control.sh ]
[A[K[A[K[A[K[A[K[A[K[A[K[A[K[A[K[ 01 ] [ target/debs/trixie/linux-headers-6.12.41+deb13-common-sonic_6.12.41-1_all.deb ]
[ 02 ] [ target/debs/trixie/sonic-nettools_0.0.1-0_amd64.deb ]
[ 03 ] [ target/debs/trixie/bash_5.2.37-2_amd64.deb ]
[ 04 ] [ target/debs/trixie/grub2-common_2.06-13+deb13u1_amd64.deb ]
[ 05 ] [ target/debs/trixie/p4lang-pi_0.1.1-1_amd64.deb ]
[ 06 ] [ target/debs/trixie/libnexthopgroup_1.0.0_amd64.deb ]
[ 07 ] [ target/debs/trixie/libdashapi_1.0.0_amd64.deb ]
[A[K[A[K[A[K[A[K[A[K[A[K[A[K[ 01 ] [ target/debs/trixie/linux-headers-6.12.41+deb13-common-sonic_6.12.41-1_all.deb ]
[ 02 ] [ target/debs/trixie/sonic-nettools_0.0.1-0_amd64.deb ]
[ 03 ] [ target/debs/trixie/grub2-common_2.06-13+deb13u1_amd64.deb ]
[ 04 ] [ target/debs/trixie/p4lang-pi_0.1.1-1_amd64.deb ]
[ 05 ] [ target/debs/trixie/libnexthopgroup_1.0.0_amd64.deb ]
[ 06 ] [ target/debs/trixie/libdashapi_1.0.0_amd64.deb ]
[A[K[A[K[A[K[A[K[A[K[A[K[ 01 ] [ target/debs/trixie/linux-headers-6.12.41+deb13-common-sonic_6.12.41-1_all.deb ]
[ 02 ] [ target/debs/trixie/sonic-nettools_0.0.1-0_amd64.deb ]
[ 03 ] [ target/debs/trixie/grub2-common_2.06-13+deb13u1_amd64.deb ]
[ 04 ] [ target/debs/trixie/p4lang-pi_0.1.1-1_amd64.deb ]
[ 05 ] [ target/debs/trixie/libnexthopgroup_1.0.0_amd64.deb ]
[ 06 ] [ target/debs/trixie/libdashapi_1.0.0_amd64.deb ]
[ 07 ] [ target/debs/trixie/lldpd_1.0.16-1+deb12u1_amd64.deb ]
[A[K[A[K[A[K[A[K[A[K[A[K[A[K[ 01 ] [ target/debs/trixie/linux-headers-6.12.41+deb13-common-sonic_6.12.41-1_all.deb ]
[ 02 ] [ target/debs/trixie/sonic-nettools_0.0.1-0_amd64.deb ]
[ 03 ] [ target/debs/trixie/grub2-common_2.06-13+deb13u1_amd64.deb ]
[ 04 ] [ target/debs/trixie/p4lang-pi_0.1.1-1_amd64.deb ]
[ 05 ] [ target/debs/trixie/libdashapi_1.0.0_amd64.deb ]
[ 06 ] [ target/debs/trixie/lldpd_1.0.16-1+deb12u1_amd64.deb ]
[A[K[A[K[A[K[A[K[A[K[A[K[ 01 ] [ target/debs/trixie/linux-headers-6.12.41+deb13-common-sonic_6.12.41-1_all.deb ]
[ 02 ] [ target/debs/trixie/sonic-nettools_0.0.1-0_amd64.deb ]
[ 03 ] [ target/debs/trixie/grub2-common_2.06-13+deb13u1_amd64.deb ]
[ 04 ] [ target/debs/trixie/p4lang-pi_0.1.1-1_amd64.deb ]
[ 05 ] [ target/debs/trixie/libdashapi_1.0.0_amd64.deb ]
[ 06 ] [ target/debs/trixie/lldpd_1.0.16-1+deb12u1_amd64.deb ]
[ 07 ] [ target/files/trixie/arp_update ]
[A[K[A[K[A[K[A[K[A[K[A[K[A[K[ 01 ] [ target/debs/trixie/linux-headers-6.12.41+deb13-common-sonic_6.12.41-1_all.deb ]
[ 02 ] [ target/debs/trixie/sonic-nettools_0.0.1-0_amd64.deb ]
[ 03 ] [ target/debs/trixie/grub2-common_2.06-13+deb13u1_amd64.deb ]
[ 04 ] [ target/debs/trixie/p4lang-pi_0.1.1-1_amd64.deb ]
[ 05 ] [ target/debs/trixie/libdashapi_1.0.0_amd64.deb ]
[ 06 ] [ target/debs/trixie/lldpd_1.0.16-1+deb12u1_amd64.deb ]
[A[K[A[K[A[K[A[K[A[K[A[K[ 01 ] [ target/debs/trixie/linux-headers-6.12.41+deb13-common-sonic_6.12.41-1_all.deb ]
[ 02 ] [ target/debs/trixie/sonic-nettools_0.0.1-0_amd64.deb ]
[ 03 ] [ target/debs/trixie/grub2-common_2.06-13+deb13u1_amd64.deb ]
[ 04 ] [ target/debs/trixie/p4lang-pi_0.1.1-1_amd64.deb ]
[ 05 ] [ target/debs/trixie/libdashapi_1.0.0_amd64.deb ]
[ 06 ] [ target/debs/trixie/lldpd_1.0.16-1+deb12u1_amd64.deb ]
[ 07 ] [ target/files/trixie/arp_update_vars.j2 ]
[A[K[A[K[A[K[A[K[A[K[A[K[A[K[ 01 ] [ target/debs/trixie/linux-headers-6.12.41+deb13-common-sonic_6.12.41-1_all.deb ]
[ 02 ] [ target/debs/trixie/sonic-nettools_0.0.1-0_amd64.deb ]
[ 03 ] [ target/debs/trixie/grub2-common_2.06-13+deb13u1_amd64.deb ]
[ 04 ] [ target/debs/trixie/p4lang-pi_0.1.1-1_amd64.deb ]
[ 05 ] [ target/debs/trixie/libdashapi_1.0.0_amd64.deb ]
[ 06 ] [ target/debs/trixie/lldpd_1.0.16-1+deb12u1_amd64.deb ]
[A[K[A[K[A[K[A[K[A[K[A[K[ 01 ] [ target/debs/trixie/linux-headers-6.12.41+deb13-common-sonic_6.12.41-1_all.deb ]
[ 02 ] [ target/debs/trixie/sonic-nettools_0.0.1-0_amd64.deb ]
[ 03 ] [ target/debs/trixie/grub2-common_2.06-13+deb13u1_amd64.deb ]
[ 04 ] [ target/debs/trixie/p4lang-pi_0.1.1-1_amd64.deb ]
[ 05 ] [ target/debs/trixie/libdashapi_1.0.0_amd64.deb ]
[ 06 ] [ target/debs/trixie/lldpd_1.0.16-1+deb12u1_amd64.deb ]
[ 07 ] [ target/python-wheels/trixie/scapy-2.6.1.dev0-py3-none-any.whl ]
[A[K[A[K[A[K[A[K[A[K[A[K[A[K[ 01 ] [ target/debs/trixie/linux-headers-6.12.41+deb13-common-sonic_6.12.41-1_all.deb ]
[ 02 ] [ target/debs/trixie/sonic-nettools_0.0.1-0_amd64.deb ]
[ 03 ] [ target/debs/trixie/grub2-common_2.06-13+deb13u1_amd64.deb ]
[ 04 ] [ target/debs/trixie/p4lang-pi_0.1.1-1_amd64.deb ]
[ 05 ] [ target/debs/trixie/libdashapi_1.0.0_amd64.deb ]
[ 06 ] [ target/debs/trixie/lldpd_1.0.16-1+deb12u1_amd64.deb ]
[ 07 ] [ target/python-wheels/trixie/scapy-2.6.1.dev0-py3-none-any.whl ]
[ 08 ] [ target/debs/trixie/lm-sensors_3.6.0-7.1_amd64.deb ]
[A[K[A[K[A[K[A[K[A[K[A[K[A[K[A[K[ 01 ] [ target/debs/trixie/linux-headers-6.12.41+deb13-common-sonic_6.12.41-1_all.deb ]
[ 02 ] [ target/debs/trixie/grub2-common_2.06-13+deb13u1_amd64.deb ]
[ 03 ] [ target/debs/trixie/p4lang-pi_0.1.1-1_amd64.deb ]
[ 04 ] [ target/debs/trixie/libdashapi_1.0.0_amd64.deb ]
[ 05 ] [ target/debs/trixie/lldpd_1.0.16-1+deb12u1_amd64.deb ]
[ 06 ] [ target/python-wheels/trixie/scapy-2.6.1.dev0-py3-none-any.whl ]
[ 07 ] [ target/debs/trixie/lm-sensors_3.6.0-7.1_amd64.deb ]
[A[K[A[K[A[K[A[K[A[K[A[K[A[K[ 01 ] [ target/debs/trixie/linux-headers-6.12.41+deb13-common-sonic_6.12.41-1_all.deb ]
[ 02 ] [ target/debs/trixie/grub2-common_2.06-13+deb13u1_amd64.deb ]
[ 03 ] [ target/debs/trixie/p4lang-pi_0.1.1-1_amd64.deb ]
[ 04 ] [ target/debs/trixie/libdashapi_1.0.0_amd64.deb ]
[ 05 ] [ target/debs/trixie/lldpd_1.0.16-1+deb12u1_amd64.deb ]
[ 06 ] [ target/python-wheels/trixie/scapy-2.6.1.dev0-py3-none-any.whl ]
[ 07 ] [ target/debs/trixie/lm-sensors_3.6.0-7.1_amd64.deb ]
[ 08 ] [ target/python-wheels/trixie/sonic_platform_pddf_common-1.0-py3-none-any.whl ]
[A[K[A[K[A[K[A[K[A[K[A[K[A[K[A[K[ 01 ] [ target/debs/trixie/linux-headers-6.12.41+deb13-common-sonic_6.12.41-1_all.deb ]
[ 02 ] [ target/debs/trixie/grub2-common_2.06-13+deb13u1_amd64.deb ]
[ 03 ] [ target/debs/trixie/p4lang-pi_0.1.1-1_amd64.deb ]
[ 04 ] [ target/debs/trixie/libdashapi_1.0.0_amd64.deb ]
[ 05 ] [ target/debs/trixie/lldpd_1.0.16-1+deb12u1_amd64.deb ]
[ 06 ] [ target/debs/trixie/lm-sensors_3.6.0-7.1_amd64.deb ]
[ 07 ] [ target/python-wheels/trixie/sonic_platform_pddf_common-1.0-py3-none-any.whl ]
[A[K[A[K[A[K[A[K[A[K[A[K[A[K[ 01 ] [ target/debs/trixie/linux-headers-6.12.41+deb13-common-sonic_6.12.41-1_all.deb ]
[ 02 ] [ target/debs/trixie/grub2-common_2.06-13+deb13u1_amd64.deb ]
[ 03 ] [ target/debs/trixie/p4lang-pi_0.1.1-1_amd64.deb ]
[ 04 ] [ target/debs/trixie/libdashapi_1.0.0_amd64.deb ]
[ 05 ] [ target/debs/trixie/lldpd_1.0.16-1+deb12u1_amd64.deb ]
[ 06 ] [ target/debs/trixie/lm-sensors_3.6.0-7.1_amd64.deb ]
[ 07 ] [ target/python-wheels/trixie/sonic_platform_pddf_common-1.0-py3-none-any.whl ]
[ 08 ] [ target/files/trixie/restapi.sh ]
[A[K[A[K[A[K[A[K[A[K[A[K[A[K[A[K[ 01 ] [ target/debs/trixie/linux-headers-6.12.41+deb13-common-sonic_6.12.41-1_all.deb ]
[ 02 ] [ target/debs/trixie/grub2-common_2.06-13+deb13u1_amd64.deb ]
[ 03 ] [ target/debs/trixie/p4lang-pi_0.1.1-1_amd64.deb ]
[ 04 ] [ target/debs/trixie/libdashapi_1.0.0_amd64.deb ]
[ 05 ] [ target/debs/trixie/lldpd_1.0.16-1+deb12u1_amd64.deb ]
[ 06 ] [ target/debs/trixie/lm-sensors_3.6.0-7.1_amd64.deb ]
[ 07 ] [ target/python-wheels/trixie/sonic_platform_pddf_common-1.0-py3-none-any.whl ]
[A[K[A[K[A[K[A[K[A[K[A[K[A[K[ 01 ] [ target/debs/trixie/linux-headers-6.12.41+deb13-common-sonic_6.12.41-1_all.deb ]
[ 02 ] [ target/debs/trixie/grub2-common_2.06-13+deb13u1_amd64.deb ]
[ 03 ] [ target/debs/trixie/p4lang-pi_0.1.1-1_amd64.deb ]
[ 04 ] [ target/debs/trixie/libdashapi_1.0.0_amd64.deb ]
[ 05 ] [ target/debs/trixie/lldpd_1.0.16-1+deb12u1_amd64.deb ]
[ 06 ] [ target/debs/trixie/lm-sensors_3.6.0-7.1_amd64.deb ]
[ 07 ] [ target/python-wheels/trixie/sonic_platform_pddf_common-1.0-py3-none-any.whl ]
[ 08 ] [ target/debs/trixie/hsflowd_2.0.51-26_amd64.deb ]
[A[K[A[K[A[K[A[K[A[K[A[K[A[K[A[K[ 01 ] [ target/debs/trixie/linux-headers-6.12.41+deb13-common-sonic_6.12.41-1_all.deb ]
[ 02 ] [ target/debs/trixie/grub2-common_2.06-13+deb13u1_amd64.deb ]
[ 03 ] [ target/debs/trixie/p4lang-pi_0.1.1-1_amd64.deb ]
[ 04 ] [ target/debs/trixie/libdashapi_1.0.0_amd64.deb ]
[ 05 ] [ target/debs/trixie/lldpd_1.0.16-1+deb12u1_amd64.deb ]
[ 06 ] [ target/python-wheels/trixie/sonic_platform_pddf_common-1.0-py3-none-any.whl ]
[ 07 ] [ target/debs/trixie/hsflowd_2.0.51-26_amd64.deb ]
[A[K[A[K[A[K[A[K[A[K[A[K[A[K[ 01 ] [ target/debs/trixie/linux-headers-6.12.41+deb13-common-sonic_6.12.41-1_all.deb ]
[ 02 ] [ target/debs/trixie/grub2-common_2.06-13+deb13u1_amd64.deb ]
[ 03 ] [ target/debs/trixie/p4lang-pi_0.1.1-1_amd64.deb ]
[ 04 ] [ target/debs/trixie/libdashapi_1.0.0_amd64.deb ]
[ 05 ] [ target/debs/trixie/lldpd_1.0.16-1+deb12u1_amd64.deb ]
[ 06 ] [ target/debs/trixie/hsflowd_2.0.51-26_amd64.deb ]
[A[K[A[K[A[K[A[K[A[K[A[K[ 01 ] [ target/debs/trixie/linux-headers-6.12.41+deb13-common-sonic_6.12.41-1_all.deb ]
[ 02 ] [ target/debs/trixie/grub2-common_2.06-13+deb13u1_amd64.deb ]
[ 03 ] [ target/debs/trixie/p4lang-pi_0.1.1-1_amd64.deb ]
[ 04 ] [ target/debs/trixie/libdashapi_1.0.0_amd64.deb ]
[ 05 ] [ target/debs/trixie/lldpd_1.0.16-1+deb12u1_amd64.deb ]
[ 06 ] [ target/debs/trixie/hsflowd_2.0.51-26_amd64.deb ]
[ 07 ] [ target/debs/trixie/sflowtool_5.04_amd64.deb ]
[A[K[A[K[A[K[A[K[A[K[A[K[A[K[ 01 ] [ target/debs/trixie/linux-headers-6.12.41+deb13-common-sonic_6.12.41-1_all.deb ]
[ 02 ] [ target/debs/trixie/grub2-common_2.06-13+deb13u1_amd64.deb ]
[ 03 ] [ target/debs/trixie/p4lang-pi_0.1.1-1_amd64.deb ]
[ 04 ] [ target/debs/trixie/libdashapi_1.0.0_amd64.deb ]
[ 05 ] [ target/debs/trixie/lldpd_1.0.16-1+deb12u1_amd64.deb ]
[ 06 ] [ target/debs/trixie/hsflowd_2.0.51-26_amd64.deb ]
[ 07 ] [ target/debs/trixie/sflowtool_5.04_amd64.deb ]
[ 08 ] [ target/debs/trixie/psample_1.1-1_amd64.deb ]
[A[K[A[K[A[K[A[K[A[K[A[K[A[K[A[K[ 01 ] [ target/debs/trixie/linux-headers-6.12.41+deb13-common-sonic_6.12.41-1_all.deb ]
[ 02 ] [ target/debs/trixie/grub2-common_2.06-13+deb13u1_amd64.deb ]
[ 03 ] [ target/debs/trixie/p4lang-pi_0.1.1-1_amd64.deb ]
[ 04 ] [ target/debs/trixie/libdashapi_1.0.0_amd64.deb ]
[ 05 ] [ target/debs/trixie/lldpd_1.0.16-1+deb12u1_amd64.deb ]
[ 06 ] [ target/debs/trixie/hsflowd_2.0.51-26_amd64.deb ]
[ 07 ] [ target/debs/trixie/psample_1.1-1_amd64.deb ]
[A[K[A[K[A[K[A[K[A[K[A[K[A[K[ 01 ] [ target/debs/trixie/linux-headers-6.12.41+deb13-common-sonic_6.12.41-1_all.deb ]
[ 02 ] [ target/debs/trixie/grub2-common_2.06-13+deb13u1_amd64.deb ]
[ 03 ] [ target/debs/trixie/p4lang-pi_0.1.1-1_amd64.deb ]
[ 04 ] [ target/debs/trixie/libdashapi_1.0.0_amd64.deb ]
[ 05 ] [ target/debs/trixie/lldpd_1.0.16-1+deb12u1_amd64.deb ]
[ 06 ] [ target/debs/trixie/hsflowd_2.0.51-26_amd64.deb ]
[ 07 ] [ target/debs/trixie/psample_1.1-1_amd64.deb ]
[ 08 ] [ target/docker-dash-engine.gz ]
[A[K[A[K[A[K[A[K[A[K[A[K[A[K[A[K[ 01 ] [ target/debs/trixie/linux-headers-6.12.41+deb13-common-sonic_6.12.41-1_all.deb ]
[ 02 ] [ target/debs/trixie/grub2-common_2.06-13+deb13u1_amd64.deb ]
[ 03 ] [ target/debs/trixie/p4lang-pi_0.1.1-1_amd64.deb ]
[ 04 ] [ target/debs/trixie/libdashapi_1.0.0_amd64.deb ]
[ 05 ] [ target/debs/trixie/lldpd_1.0.16-1+deb12u1_amd64.deb ]
[ 06 ] [ target/debs/trixie/hsflowd_2.0.51-26_amd64.deb ]
[ 07 ] [ target/docker-dash-engine.gz ]
[A[K[A[K[A[K[A[K[A[K[A[K[A[K[ 01 ] [ target/debs/trixie/linux-headers-6.12.41+deb13-common-sonic_6.12.41-1_all.deb ]
[ 02 ] [ target/debs/trixie/grub2-common_2.06-13+deb13u1_amd64.deb ]
[ 03 ] [ target/debs/trixie/p4lang-pi_0.1.1-1_amd64.deb ]
[ 04 ] [ target/debs/trixie/libdashapi_1.0.0_amd64.deb ]
[ 05 ] [ target/debs/trixie/lldpd_1.0.16-1+deb12u1_amd64.deb ]
[ 06 ] [ target/debs/trixie/hsflowd_2.0.51-26_amd64.deb ]
[ 07 ] [ target/docker-dash-engine.gz ]
[ 08 ] [ target/debs/trixie/isc-dhcp-relay_4.4.3-P1-2_amd64.deb ]
[A[K[A[K[A[K[A[K[A[K[A[K[A[K[A[K[ 01 ] [ target/debs/trixie/linux-headers-6.12.41+deb13-common-sonic_6.12.41-1_all.deb ]
[ 02 ] [ target/debs/trixie/grub2-common_2.06-13+deb13u1_amd64.deb ]
[ 03 ] [ target/debs/trixie/p4lang-pi_0.1.1-1_amd64.deb ]
[ 04 ] [ target/debs/trixie/libdashapi_1.0.0_amd64.deb ]
[ 05 ] [ target/debs/trixie/lldpd_1.0.16-1+deb12u1_amd64.deb ]
[ 06 ] [ target/docker-dash-engine.gz ]
[ 07 ] [ target/debs/trixie/isc-dhcp-relay_4.4.3-P1-2_amd64.deb ]
[A[K[A[K[A[K[A[K[A[K[A[K[A[K[ 01 ] [ target/debs/trixie/linux-headers-6.12.41+deb13-common-sonic_6.12.41-1_all.deb ]
[ 02 ] [ target/debs/trixie/grub2-common_2.06-13+deb13u1_amd64.deb ]
[ 03 ] [ target/debs/trixie/p4lang-pi_0.1.1-1_amd64.deb ]
[ 04 ] [ target/debs/trixie/libdashapi_1.0.0_amd64.deb ]
[ 05 ] [ target/debs/trixie/lldpd_1.0.16-1+deb12u1_amd64.deb ]
[ 06 ] [ target/docker-dash-engine.gz ]
[ 07 ] [ target/debs/trixie/isc-dhcp-relay_4.4.3-P1-2_amd64.deb ]
[ 08 ] [ target/debs/trixie/rasdaemon_0.6.8-1_amd64.deb ]
[A[K[A[K[A[K[A[K[A[K[A[K[A[K[A[K[ 01 ] [ target/debs/trixie/linux-headers-6.12.41+deb13-common-sonic_6.12.41-1_all.deb ]
[ 02 ] [ target/debs/trixie/grub2-common_2.06-13+deb13u1_amd64.deb ]
[ 03 ] [ target/debs/trixie/p4lang-pi_0.1.1-1_amd64.deb ]
[ 04 ] [ target/debs/trixie/libdashapi_1.0.0_amd64.deb ]
[ 05 ] [ target/docker-dash-engine.gz ]
[ 06 ] [ target/debs/trixie/isc-dhcp-relay_4.4.3-P1-2_amd64.deb ]
[ 07 ] [ target/debs/trixie/rasdaemon_0.6.8-1_amd64.deb ]
[A[K[A[K[A[K[A[K[A[K[A[K[A[K[ 01 ] [ target/debs/trixie/linux-headers-6.12.41+deb13-common-sonic_6.12.41-1_all.deb ]
[ 02 ] [ target/debs/trixie/grub2-common_2.06-13+deb13u1_amd64.deb ]
[ 03 ] [ target/debs/trixie/p4lang-pi_0.1.1-1_amd64.deb ]
[ 04 ] [ target/docker-dash-engine.gz ]
[ 05 ] [ target/debs/trixie/isc-dhcp-relay_4.4.3-P1-2_amd64.deb ]
[ 06 ] [ target/debs/trixie/rasdaemon_0.6.8-1_amd64.deb ]
[A[K[A[K[A[K[A[K[A[K[A[K[ 01 ] [ target/debs/trixie/linux-headers-6.12.41+deb13-common-sonic_6.12.41-1_all.deb ]
[ 02 ] [ target/debs/trixie/grub2-common_2.06-13+deb13u1_amd64.deb ]
[ 03 ] [ target/debs/trixie/p4lang-pi_0.1.1-1_amd64.deb ]
[ 04 ] [ target/docker-dash-engine.gz ]
[ 05 ] [ target/debs/trixie/isc-dhcp-relay_4.4.3-P1-2_amd64.deb ]
[ 06 ] [ target/debs/trixie/rasdaemon_0.6.8-1_amd64.deb ]
[ 07 ] [ target/files/trixie/remote_ctr.config.json ]
[A[K[A[K[A[K[A[K[A[K[A[K[A[K[ 01 ] [ target/debs/trixie/linux-headers-6.12.41+deb13-common-sonic_6.12.41-1_all.deb ]
[ 02 ] [ target/debs/trixie/grub2-common_2.06-13+deb13u1_amd64.deb ]
[ 03 ] [ target/debs/trixie/p4lang-pi_0.1.1-1_amd64.deb ]
[ 04 ] [ target/docker-dash-engine.gz ]
[ 05 ] [ target/debs/trixie/isc-dhcp-relay_4.4.3-P1-2_amd64.deb ]
[ 06 ] [ target/debs/trixie/rasdaemon_0.6.8-1_amd64.deb ]
[ 07 ] [ target/files/trixie/remote_ctr.config.json ]
[ 08 ] [ target/files/trixie/ctrmgrd.service ]
[A[K[A[K[A[K[A[K[A[K[A[K[A[K[A[K[ 01 ] [ target/debs/trixie/linux-headers-6.12.41+deb13-common-sonic_6.12.41-1_all.deb ]
[ 02 ] [ target/debs/trixie/grub2-common_2.06-13+deb13u1_amd64.deb ]
[ 03 ] [ target/debs/trixie/p4lang-pi_0.1.1-1_amd64.deb ]
[ 04 ] [ target/docker-dash-engine.gz ]
[ 05 ] [ target/debs/trixie/isc-dhcp-relay_4.4.3-P1-2_amd64.deb ]
[ 06 ] [ target/debs/trixie/rasdaemon_0.6.8-1_amd64.deb ]
[ 07 ] [ target/files/trixie/remote_ctr.config.json ]
[A[K[A[K[A[K[A[K[A[K[A[K[A[K[ 01 ] [ target/debs/trixie/linux-headers-6.12.41+deb13-common-sonic_6.12.41-1_all.deb ]
[ 02 ] [ target/debs/trixie/grub2-common_2.06-13+deb13u1_amd64.deb ]
[ 03 ] [ target/debs/trixie/p4lang-pi_0.1.1-1_amd64.deb ]
[ 04 ] [ target/docker-dash-engine.gz ]
[ 05 ] [ target/debs/trixie/isc-dhcp-relay_4.4.3-P1-2_amd64.deb ]
[ 06 ] [ target/debs/trixie/rasdaemon_0.6.8-1_amd64.deb ]
[ 07 ] [ target/files/trixie/remote_ctr.config.json ]
[ 08 ] [ target/debs/trixie/libpam-tacplus_1.4.1-1_amd64.deb ]
[A[K[A[K[A[K[A[K[A[K[A[K[A[K[A[K[ 01 ] [ target/debs/trixie/linux-headers-6.12.41+deb13-common-sonic_6.12.41-1_all.deb ]
[ 02 ] [ target/debs/trixie/grub2-common_2.06-13+deb13u1_amd64.deb ]
[ 03 ] [ target/debs/trixie/p4lang-pi_0.1.1-1_amd64.deb ]
[ 04 ] [ target/docker-dash-engine.gz ]
[ 05 ] [ target/debs/trixie/isc-dhcp-relay_4.4.3-P1-2_amd64.deb ]
[ 06 ] [ target/debs/trixie/rasdaemon_0.6.8-1_amd64.deb ]
[ 07 ] [ target/files/trixie/remote_ctr.config.json ]
[A[K[A[K[A[K[A[K[A[K[A[K[A[K[ 01 ] [ target/debs/trixie/linux-headers-6.12.41+deb13-common-sonic_6.12.41-1_all.deb ]
[ 02 ] [ target/debs/trixie/grub2-common_2.06-13+deb13u1_amd64.deb ]
[ 03 ] [ target/debs/trixie/p4lang-pi_0.1.1-1_amd64.deb ]
[ 04 ] [ target/docker-dash-engine.gz ]
[ 05 ] [ target/debs/trixie/isc-dhcp-relay_4.4.3-P1-2_amd64.deb ]
[ 06 ] [ target/debs/trixie/rasdaemon_0.6.8-1_amd64.deb ]
[ 07 ] [ target/files/trixie/remote_ctr.config.json ]
[ 08 ] [ target/debs/trixie/libtac-dev_1.4.1-1_amd64.deb ]
[A[K[A[K[A[K[A[K[A[K[A[K[A[K[A[K[ 01 ] [ target/debs/trixie/linux-headers-6.12.41+deb13-common-sonic_6.12.41-1_all.deb ]
[ 02 ] [ target/debs/trixie/grub2-common_2.06-13+deb13u1_amd64.deb ]
[ 03 ] [ target/debs/trixie/p4lang-pi_0.1.1-1_amd64.deb ]
[ 04 ] [ target/docker-dash-engine.gz ]
[ 05 ] [ target/debs/trixie/isc-dhcp-relay_4.4.3-P1-2_amd64.deb ]
[ 06 ] [ target/debs/trixie/rasdaemon_0.6.8-1_amd64.deb ]
[ 07 ] [ target/files/trixie/remote_ctr.config.json ]
[A[K[A[K[A[K[A[K[A[K[A[K[A[K[ 01 ] [ target/debs/trixie/linux-headers-6.12.41+deb13-common-sonic_6.12.41-1_all.deb ]
[ 02 ] [ target/debs/trixie/grub2-common_2.06-13+deb13u1_amd64.deb ]
[ 03 ] [ target/debs/trixie/p4lang-pi_0.1.1-1_amd64.deb ]
[ 04 ] [ target/docker-dash-engine.gz ]
[ 05 ] [ target/debs/trixie/isc-dhcp-relay_4.4.3-P1-2_amd64.deb ]
[ 06 ] [ target/debs/trixie/rasdaemon_0.6.8-1_amd64.deb ]
[ 07 ] [ target/files/trixie/remote_ctr.config.json ]
[ 08 ] [ target/debs/trixie/libtac2_1.4.1-1_amd64.deb-install ]
[A[K[A[K[A[K[A[K[A[K[A[K[A[K[A[K[ 01 ] [ target/debs/trixie/linux-headers-6.12.41+deb13-common-sonic_6.12.41-1_all.deb ]
[ 02 ] [ target/debs/trixie/grub2-common_2.06-13+deb13u1_amd64.deb ]
[ 03 ] [ target/debs/trixie/p4lang-pi_0.1.1-1_amd64.deb ]
[ 04 ] [ target/docker-dash-engine.gz ]
[ 05 ] [ target/debs/trixie/isc-dhcp-relay_4.4.3-P1-2_amd64.deb ]
[ 06 ] [ target/debs/trixie/rasdaemon_0.6.8-1_amd64.deb ]
[ 07 ] [ target/files/trixie/remote_ctr.config.json ]
[A[K[A[K[A[K[A[K[A[K[A[K[A[K[ 01 ] [ target/debs/trixie/linux-headers-6.12.41+deb13-common-sonic_6.12.41-1_all.deb ]
[ 02 ] [ target/debs/trixie/grub2-common_2.06-13+deb13u1_amd64.deb ]
[ 03 ] [ target/debs/trixie/p4lang-pi_0.1.1-1_amd64.deb ]
[ 04 ] [ target/docker-dash-engine.gz ]
[ 05 ] [ target/debs/trixie/isc-dhcp-relay_4.4.3-P1-2_amd64.deb ]
[ 06 ] [ target/debs/trixie/rasdaemon_0.6.8-1_amd64.deb ]
[ 07 ] [ target/files/trixie/remote_ctr.config.json ]
[ 08 ] [ target/debs/trixie/libnl-3-dev_3.7.0-0.2+b1sonic1_amd64.deb ]
[A[K[A[K[A[K[A[K[A[K[A[K[A[K[A[K[ 01 ] [ target/debs/trixie/linux-headers-6.12.41+deb13-common-sonic_6.12.41-1_all.deb ]
[ 02 ] [ target/debs/trixie/grub2-common_2.06-13+deb13u1_amd64.deb ]
[ 03 ] [ target/debs/trixie/p4lang-pi_0.1.1-1_amd64.deb ]
[ 04 ] [ target/docker-dash-engine.gz ]
[ 05 ] [ target/debs/trixie/isc-dhcp-relay_4.4.3-P1-2_amd64.deb ]
[ 06 ] [ target/debs/trixie/rasdaemon_0.6.8-1_amd64.deb ]
[ 07 ] [ target/files/trixie/remote_ctr.config.json ]
[A[K[A[K[A[K[A[K[A[K[A[K[A[K[ 01 ] [ target/debs/trixie/linux-headers-6.12.41+deb13-common-sonic_6.12.41-1_all.deb ]
[ 02 ] [ target/debs/trixie/grub2-common_2.06-13+deb13u1_amd64.deb ]
[ 03 ] [ target/debs/trixie/p4lang-pi_0.1.1-1_amd64.deb ]
[ 04 ] [ target/docker-dash-engine.gz ]
[ 05 ] [ target/debs/trixie/isc-dhcp-relay_4.4.3-P1-2_amd64.deb ]
[ 06 ] [ target/debs/trixie/rasdaemon_0.6.8-1_amd64.deb ]
[ 07 ] [ target/files/trixie/remote_ctr.config.json ]
[ 08 ] [ target/debs/trixie/libnl-route-3-200_3.7.0-0.2+b1sonic1_amd64.deb ]
[A[K[A[K[A[K[A[K[A[K[A[K[A[K[A[K[ 01 ] [ target/debs/trixie/linux-headers-6.12.41+deb13-common-sonic_6.12.41-1_all.deb ]
[ 02 ] [ target/debs/trixie/grub2-common_2.06-13+deb13u1_amd64.deb ]
[ 03 ] [ target/debs/trixie/p4lang-pi_0.1.1-1_amd64.deb ]
[ 04 ] [ target/docker-dash-engine.gz ]
[ 05 ] [ target/debs/trixie/isc-dhcp-relay_4.4.3-P1-2_amd64.deb ]
[ 06 ] [ target/debs/trixie/rasdaemon_0.6.8-1_amd64.deb ]
[ 07 ] [ target/files/trixie/remote_ctr.config.json ]
[A[K[A[K[A[K[A[K[A[K[A[K[A[K[ 01 ] [ target/debs/trixie/linux-headers-6.12.41+deb13-common-sonic_6.12.41-1_all.deb ]
[ 02 ] [ target/debs/trixie/grub2-common_2.06-13+deb13u1_amd64.deb ]
[ 03 ] [ target/debs/trixie/p4lang-pi_0.1.1-1_amd64.deb ]
[ 04 ] [ target/docker-dash-engine.gz ]
[ 05 ] [ target/debs/trixie/isc-dhcp-relay_4.4.3-P1-2_amd64.deb ]
[ 06 ] [ target/debs/trixie/rasdaemon_0.6.8-1_amd64.deb ]
[ 07 ] [ target/files/trixie/remote_ctr.config.json ]
[ 08 ] [ target/debs/trixie/libnl-3-dev_3.7.0-0.2+b1sonic1_amd64.deb-install ]
[A[K[A[K[A[K[A[K[A[K[A[K[A[K[A[K[ 01 ] [ target/debs/trixie/linux-headers-6.12.41+deb13-common-sonic_6.12.41-1_all.deb ]
[ 02 ] [ target/debs/trixie/grub2-common_2.06-13+deb13u1_amd64.deb ]
[ 03 ] [ target/debs/trixie/p4lang-pi_0.1.1-1_amd64.deb ]
[ 04 ] [ target/docker-dash-engine.gz ]
[ 05 ] [ target/debs/trixie/isc-dhcp-relay_4.4.3-P1-2_amd64.deb ]
[ 06 ] [ target/debs/trixie/rasdaemon_0.6.8-1_amd64.deb ]
[ 07 ] [ target/files/trixie/remote_ctr.config.json ]
[A[K[A[K[A[K[A[K[A[K[A[K[A[K[ 01 ] [ target/debs/trixie/linux-headers-6.12.41+deb13-common-sonic_6.12.41-1_all.deb ]
[ 02 ] [ target/debs/trixie/grub2-common_2.06-13+deb13u1_amd64.deb ]
[ 03 ] [ target/debs/trixie/p4lang-pi_0.1.1-1_amd64.deb ]
[ 04 ] [ target/docker-dash-engine.gz ]
[ 05 ] [ target/debs/trixie/isc-dhcp-relay_4.4.3-P1-2_amd64.deb ]
[ 06 ] [ target/debs/trixie/rasdaemon_0.6.8-1_amd64.deb ]
[ 07 ] [ target/files/trixie/remote_ctr.config.json ]
[ 08 ] [ target/debs/trixie/libnl-route-3-200_3.7.0-0.2+b1sonic1_amd64.deb-install ]
[A[K[A[K[A[K[A[K[A[K[A[K[A[K[A[K[ 01 ] [ target/debs/trixie/linux-headers-6.12.41+deb13-common-sonic_6.12.41-1_all.deb ]
[ 02 ] [ target/debs/trixie/grub2-common_2.06-13+deb13u1_amd64.deb ]
[ 03 ] [ target/debs/trixie/p4lang-pi_0.1.1-1_amd64.deb ]
[ 04 ] [ target/docker-dash-engine.gz ]
[ 05 ] [ target/debs/trixie/isc-dhcp-relay_4.4.3-P1-2_amd64.deb ]
[ 06 ] [ target/debs/trixie/rasdaemon_0.6.8-1_amd64.deb ]
[ 07 ] [ target/files/trixie/remote_ctr.config.json ]
[A[K[A[K[A[K[A[K[A[K[A[K[A[K[ 01 ] [ target/debs/trixie/linux-headers-6.12.41+deb13-common-sonic_6.12.41-1_all.deb ]
[ 02 ] [ target/debs/trixie/grub2-common_2.06-13+deb13u1_amd64.deb ]
[ 03 ] [ target/debs/trixie/p4lang-pi_0.1.1-1_amd64.deb ]
[ 04 ] [ target/docker-dash-engine.gz ]
[ 05 ] [ target/debs/trixie/isc-dhcp-relay_4.4.3-P1-2_amd64.deb ]
[ 06 ] [ target/debs/trixie/rasdaemon_0.6.8-1_amd64.deb ]
[ 07 ] [ target/files/trixie/remote_ctr.config.json ]
[ 08 ] [ target/debs/trixie/libyang-dev_3.12.2-1_amd64.deb ]
[A[K[A[K[A[K[A[K[A[K[A[K[A[K[A[K[ 01 ] [ target/debs/trixie/linux-headers-6.12.41+deb13-common-sonic_6.12.41-1_all.deb ]
[ 02 ] [ target/debs/trixie/grub2-common_2.06-13+deb13u1_amd64.deb ]
[ 03 ] [ target/debs/trixie/p4lang-pi_0.1.1-1_amd64.deb ]
[ 04 ] [ target/docker-dash-engine.gz ]
[ 05 ] [ target/debs/trixie/isc-dhcp-relay_4.4.3-P1-2_amd64.deb ]
[ 06 ] [ target/debs/trixie/rasdaemon_0.6.8-1_amd64.deb ]
[ 07 ] [ target/files/trixie/remote_ctr.config.json ]
[A[K[A[K[A[K[A[K[A[K[A[K[A[K[ 01 ] [ target/debs/trixie/linux-headers-6.12.41+deb13-common-sonic_6.12.41-1_all.deb ]
[ 02 ] [ target/debs/trixie/grub2-common_2.06-13+deb13u1_amd64.deb ]
[ 03 ] [ target/debs/trixie/p4lang-pi_0.1.1-1_amd64.deb ]
[ 04 ] [ target/docker-dash-engine.gz ]
[ 05 ] [ target/debs/trixie/isc-dhcp-relay_4.4.3-P1-2_amd64.deb ]
[ 06 ] [ target/debs/trixie/rasdaemon_0.6.8-1_amd64.deb ]
[ 07 ] [ target/files/trixie/remote_ctr.config.json ]
[ 08 ] [ target/debs/trixie/libnl-genl-3-200_3.7.0-0.2+b1sonic1_amd64.deb ]
[A[K[A[K[A[K[A[K[A[K[A[K[A[K[A[K[ 01 ] [ target/debs/trixie/linux-headers-6.12.41+deb13-common-sonic_6.12.41-1_all.deb ]
[ 02 ] [ target/debs/trixie/grub2-common_2.06-13+deb13u1_amd64.deb ]
[ 03 ] [ target/debs/trixie/p4lang-pi_0.1.1-1_amd64.deb ]
[ 04 ] [ target/docker-dash-engine.gz ]
[ 05 ] [ target/debs/trixie/isc-dhcp-relay_4.4.3-P1-2_amd64.deb ]
[ 06 ] [ target/debs/trixie/rasdaemon_0.6.8-1_amd64.deb ]
[ 07 ] [ target/files/trixie/remote_ctr.config.json ]
[A[K[A[K[A[K[A[K[A[K[A[K[A[K[ 01 ] [ target/debs/trixie/linux-headers-6.12.41+deb13-common-sonic_6.12.41-1_all.deb ]
[ 02 ] [ target/debs/trixie/grub2-common_2.06-13+deb13u1_amd64.deb ]
[ 03 ] [ target/debs/trixie/p4lang-pi_0.1.1-1_amd64.deb ]
[ 04 ] [ target/docker-dash-engine.gz ]
[ 05 ] [ target/debs/trixie/isc-dhcp-relay_4.4.3-P1-2_amd64.deb ]
[ 06 ] [ target/debs/trixie/rasdaemon_0.6.8-1_amd64.deb ]
[ 07 ] [ target/files/trixie/remote_ctr.config.json ]
[ 08 ] [ target/debs/trixie/libyang-dev_3.12.2-1_amd64.deb-install ]
[A[K[A[K[A[K[A[K[A[K[A[K[A[K[A[K[ 01 ] [ target/debs/trixie/linux-headers-6.12.41+deb13-common-sonic_6.12.41-1_all.deb ]
[ 02 ] [ target/debs/trixie/grub2-common_2.06-13+deb13u1_amd64.deb ]
[ 03 ] [ target/debs/trixie/p4lang-pi_0.1.1-1_amd64.deb ]
[ 04 ] [ target/docker-dash-engine.gz ]
[ 05 ] [ target/debs/trixie/isc-dhcp-relay_4.4.3-P1-2_amd64.deb ]
[ 06 ] [ target/debs/trixie/rasdaemon_0.6.8-1_amd64.deb ]
[ 07 ] [ target/files/trixie/remote_ctr.config.json ]
[A[K[A[K[A[K[A[K[A[K[A[K[A[K[ 01 ] [ target/debs/trixie/linux-headers-6.12.41+deb13-common-sonic_6.12.41-1_all.deb ]
[ 02 ] [ target/debs/trixie/grub2-common_2.06-13+deb13u1_amd64.deb ]
[ 03 ] [ target/debs/trixie/p4lang-pi_0.1.1-1_amd64.deb ]
[ 04 ] [ target/docker-dash-engine.gz ]
[ 05 ] [ target/debs/trixie/isc-dhcp-relay_4.4.3-P1-2_amd64.deb ]
[ 06 ] [ target/debs/trixie/rasdaemon_0.6.8-1_amd64.deb ]
[ 07 ] [ target/files/trixie/remote_ctr.config.json ]
[ 08 ] [ target/debs/trixie/libnl-genl-3-200_3.7.0-0.2+b1sonic1_amd64.deb-install ]
[A[K[A[K[A[K[A[K[A[K[A[K[A[K[A[K[ 01 ] [ target/debs/trixie/linux-headers-6.12.41+deb13-common-sonic_6.12.41-1_all.deb ]
[ 02 ] [ target/debs/trixie/grub2-common_2.06-13+deb13u1_amd64.deb ]
[ 03 ] [ target/debs/trixie/p4lang-pi_0.1.1-1_amd64.deb ]
[ 04 ] [ target/docker-dash-engine.gz ]
[ 05 ] [ target/debs/trixie/isc-dhcp-relay_4.4.3-P1-2_amd64.deb ]
[ 06 ] [ target/debs/trixie/rasdaemon_0.6.8-1_amd64.deb ]
[ 07 ] [ target/files/trixie/remote_ctr.config.json ]
[A[K[A[K[A[K[A[K[A[K[A[K[A[K[ 01 ] [ target/debs/trixie/linux-headers-6.12.41+deb13-common-sonic_6.12.41-1_all.deb ]
[ 02 ] [ target/debs/trixie/grub2-common_2.06-13+deb13u1_amd64.deb ]
[ 03 ] [ target/debs/trixie/p4lang-pi_0.1.1-1_amd64.deb ]
[ 04 ] [ target/docker-dash-engine.gz ]
[ 05 ] [ target/debs/trixie/isc-dhcp-relay_4.4.3-P1-2_amd64.deb ]
[ 06 ] [ target/debs/trixie/rasdaemon_0.6.8-1_amd64.deb ]
[ 07 ] [ target/files/trixie/remote_ctr.config.json ]
[ 08 ] [ target/python-wheels/trixie/swsssdk-2.0.1-py3-none-any.whl ]
[A[K[A[K[A[K[A[K[A[K[A[K[A[K[A[K[ 01 ] [ target/debs/trixie/linux-headers-6.12.41+deb13-common-sonic_6.12.41-1_all.deb ]
[ 02 ] [ target/debs/trixie/grub2-common_2.06-13+deb13u1_amd64.deb ]
[ 03 ] [ target/debs/trixie/p4lang-pi_0.1.1-1_amd64.deb ]
[ 04 ] [ target/docker-dash-engine.gz ]
[ 05 ] [ target/debs/trixie/isc-dhcp-relay_4.4.3-P1-2_amd64.deb ]
[ 06 ] [ target/files/trixie/remote_ctr.config.json ]
[ 07 ] [ target/python-wheels/trixie/swsssdk-2.0.1-py3-none-any.whl ]
[A[K[A[K[A[K[A[K[A[K[A[K[A[K[ 01 ] [ target/debs/trixie/linux-headers-6.12.41+deb13-common-sonic_6.12.41-1_all.deb ]
[ 02 ] [ target/debs/trixie/grub2-common_2.06-13+deb13u1_amd64.deb ]
[ 03 ] [ target/debs/trixie/p4lang-pi_0.1.1-1_amd64.deb ]
[ 04 ] [ target/docker-dash-engine.gz ]
[ 05 ] [ target/debs/trixie/isc-dhcp-relay_4.4.3-P1-2_amd64.deb ]
[ 06 ] [ target/files/trixie/remote_ctr.config.json ]
[ 07 ] [ target/python-wheels/trixie/swsssdk-2.0.1-py3-none-any.whl ]
[ 08 ] [ target/debs/trixie/libtac-dev_1.4.1-1_amd64.deb-install ]
[A[K[A[K[A[K[A[K[A[K[A[K[A[K[A[K[ 01 ] [ target/debs/trixie/linux-headers-6.12.41+deb13-common-sonic_6.12.41-1_all.deb ]
[ 02 ] [ target/debs/trixie/grub2-common_2.06-13+deb13u1_amd64.deb ]
[ 03 ] [ target/debs/trixie/p4lang-pi_0.1.1-1_amd64.deb ]
[ 04 ] [ target/docker-dash-engine.gz ]
[ 05 ] [ target/debs/trixie/isc-dhcp-relay_4.4.3-P1-2_amd64.deb ]
[ 06 ] [ target/files/trixie/remote_ctr.config.json ]
[ 07 ] [ target/python-wheels/trixie/swsssdk-2.0.1-py3-none-any.whl ]
[A[K[A[K[A[K[A[K[A[K[A[K[A[K[ 01 ] [ target/debs/trixie/linux-headers-6.12.41+deb13-common-sonic_6.12.41-1_all.deb ]
[ 02 ] [ target/debs/trixie/grub2-common_2.06-13+deb13u1_amd64.deb ]
[ 03 ] [ target/debs/trixie/p4lang-pi_0.1.1-1_amd64.deb ]
[ 04 ] [ target/docker-dash-engine.gz ]
[ 05 ] [ target/debs/trixie/isc-dhcp-relay_4.4.3-P1-2_amd64.deb ]
[ 06 ] [ target/files/trixie/remote_ctr.config.json ]
[ 07 ] [ target/python-wheels/trixie/swsssdk-2.0.1-py3-none-any.whl ]
[ 08 ] [ target/debs/trixie/libssl3t64_3.5.4-1+fips_amd64.deb ]
[A[K[A[K[A[K[A[K[A[K[A[K[A[K[A[K[ 01 ] [ target/debs/trixie/linux-headers-6.12.41+deb13-common-sonic_6.12.41-1_all.deb ]
[ 02 ] [ target/debs/trixie/grub2-common_2.06-13+deb13u1_amd64.deb ]
[ 03 ] [ target/debs/trixie/p4lang-pi_0.1.1-1_amd64.deb ]
[ 04 ] [ target/docker-dash-engine.gz ]
[ 05 ] [ target/debs/trixie/isc-dhcp-relay_4.4.3-P1-2_amd64.deb ]
[ 06 ] [ target/files/trixie/remote_ctr.config.json ]
[ 07 ] [ target/python-wheels/trixie/swsssdk-2.0.1-py3-none-any.whl ]
[A[K[A[K[A[K[A[K[A[K[A[K[A[K[ 01 ] [ target/debs/trixie/linux-headers-6.12.41+deb13-common-sonic_6.12.41-1_all.deb ]
[ 02 ] [ target/debs/trixie/grub2-common_2.06-13+deb13u1_amd64.deb ]
[ 03 ] [ target/debs/trixie/p4lang-pi_0.1.1-1_amd64.deb ]
[ 04 ] [ target/docker-dash-engine.gz ]
[ 05 ] [ target/debs/trixie/isc-dhcp-relay_4.4.3-P1-2_amd64.deb ]
[ 06 ] [ target/files/trixie/remote_ctr.config.json ]
[ 07 ] [ target/python-wheels/trixie/swsssdk-2.0.1-py3-none-any.whl ]
[ 08 ] [ target/debs/trixie/libssl-dev_3.5.4-1+fips_amd64.deb ]
[A[K[A[K[A[K[A[K[A[K[A[K[A[K[A[K[ 01 ] [ target/debs/trixie/linux-headers-6.12.41+deb13-common-sonic_6.12.41-1_all.deb ]
[ 02 ] [ target/debs/trixie/grub2-common_2.06-13+deb13u1_amd64.deb ]
[ 03 ] [ target/debs/trixie/p4lang-pi_0.1.1-1_amd64.deb ]
[ 04 ] [ target/docker-dash-engine.gz ]
[ 05 ] [ target/debs/trixie/isc-dhcp-relay_4.4.3-P1-2_amd64.deb ]
[ 06 ] [ target/files/trixie/remote_ctr.config.json ]
[ 07 ] [ target/python-wheels/trixie/swsssdk-2.0.1-py3-none-any.whl ]
[A[K[A[K[A[K[A[K[A[K[A[K[A[K[ 01 ] [ target/debs/trixie/linux-headers-6.12.41+deb13-common-sonic_6.12.41-1_all.deb ]
[ 02 ] [ target/debs/trixie/grub2-common_2.06-13+deb13u1_amd64.deb ]
[ 03 ] [ target/debs/trixie/p4lang-pi_0.1.1-1_amd64.deb ]
[ 04 ] [ target/docker-dash-engine.gz ]
[ 05 ] [ target/debs/trixie/isc-dhcp-relay_4.4.3-P1-2_amd64.deb ]
[ 06 ] [ target/files/trixie/remote_ctr.config.json ]
[ 07 ] [ target/python-wheels/trixie/swsssdk-2.0.1-py3-none-any.whl ]
[ 08 ] [ target/debs/trixie/openssl_3.5.4-1+fips_amd64.deb ]
[A[K[A[K[A[K[A[K[A[K[A[K[A[K[A[K[ 01 ] [ target/debs/trixie/linux-headers-6.12.41+deb13-common-sonic_6.12.41-1_all.deb ]
[ 02 ] [ target/debs/trixie/grub2-common_2.06-13+deb13u1_amd64.deb ]
[ 03 ] [ target/debs/trixie/p4lang-pi_0.1.1-1_amd64.deb ]
[ 04 ] [ target/docker-dash-engine.gz ]
[ 05 ] [ target/debs/trixie/isc-dhcp-relay_4.4.3-P1-2_amd64.deb ]
[ 06 ] [ target/files/trixie/remote_ctr.config.json ]
[ 07 ] [ target/python-wheels/trixie/swsssdk-2.0.1-py3-none-any.whl ]
[A[K[A[K[A[K[A[K[A[K[A[K[A[K[ 01 ] [ target/debs/trixie/linux-headers-6.12.41+deb13-common-sonic_6.12.41-1_all.deb ]
[ 02 ] [ target/debs/trixie/grub2-common_2.06-13+deb13u1_amd64.deb ]
[ 03 ] [ target/debs/trixie/p4lang-pi_0.1.1-1_amd64.deb ]
[ 04 ] [ target/docker-dash-engine.gz ]
[ 05 ] [ target/debs/trixie/isc-dhcp-relay_4.4.3-P1-2_amd64.deb ]
[ 06 ] [ target/files/trixie/remote_ctr.config.json ]
[ 07 ] [ target/python-wheels/trixie/swsssdk-2.0.1-py3-none-any.whl ]
[ 08 ] [ target/debs/trixie/libk5crypto3_1.21.3-5+fips_amd64.deb ]
[A[K[A[K[A[K[A[K[A[K[A[K[A[K[A[K[ 01 ] [ target/debs/trixie/linux-headers-6.12.41+deb13-common-sonic_6.12.41-1_all.deb ]
[ 02 ] [ target/debs/trixie/grub2-common_2.06-13+deb13u1_amd64.deb ]
[ 03 ] [ target/debs/trixie/p4lang-pi_0.1.1-1_amd64.deb ]
[ 04 ] [ target/docker-dash-engine.gz ]
[ 05 ] [ target/debs/trixie/isc-dhcp-relay_4.4.3-P1-2_amd64.deb ]
[ 06 ] [ target/files/trixie/remote_ctr.config.json ]
[ 07 ] [ target/python-wheels/trixie/swsssdk-2.0.1-py3-none-any.whl ]
[A[K[A[K[A[K[A[K[A[K[A[K[A[K[ 01 ] [ target/debs/trixie/linux-headers-6.12.41+deb13-common-sonic_6.12.41-1_all.deb ]
[ 02 ] [ target/debs/trixie/grub2-common_2.06-13+deb13u1_amd64.deb ]
[ 03 ] [ target/debs/trixie/p4lang-pi_0.1.1-1_amd64.deb ]
[ 04 ] [ target/docker-dash-engine.gz ]
[ 05 ] [ target/debs/trixie/isc-dhcp-relay_4.4.3-P1-2_amd64.deb ]
[ 06 ] [ target/files/trixie/remote_ctr.config.json ]
[ 07 ] [ target/python-wheels/trixie/swsssdk-2.0.1-py3-none-any.whl ]
[ 08 ] [ target/debs/trixie/libkrb5support0_1.21.3-5+fips_amd64.deb ]
[A[K[A[K[A[K[A[K[A[K[A[K[A[K[A[K[ 01 ] [ target/debs/trixie/linux-headers-6.12.41+deb13-common-sonic_6.12.41-1_all.deb ]
[ 02 ] [ target/debs/trixie/grub2-common_2.06-13+deb13u1_amd64.deb ]
[ 03 ] [ target/debs/trixie/p4lang-pi_0.1.1-1_amd64.deb ]
[ 04 ] [ target/docker-dash-engine.gz ]
[ 05 ] [ target/debs/trixie/isc-dhcp-relay_4.4.3-P1-2_amd64.deb ]
[ 06 ] [ target/files/trixie/remote_ctr.config.json ]
[ 07 ] [ target/python-wheels/trixie/swsssdk-2.0.1-py3-none-any.whl ]
[A[K[A[K[A[K[A[K[A[K[A[K[A[K[ 01 ] [ target/debs/trixie/linux-headers-6.12.41+deb13-common-sonic_6.12.41-1_all.deb ]
[ 02 ] [ target/debs/trixie/grub2-common_2.06-13+deb13u1_amd64.deb ]
[ 03 ] [ target/debs/trixie/p4lang-pi_0.1.1-1_amd64.deb ]
[ 04 ] [ target/docker-dash-engine.gz ]
[ 05 ] [ target/debs/trixie/isc-dhcp-relay_4.4.3-P1-2_amd64.deb ]
[ 06 ] [ target/files/trixie/remote_ctr.config.json ]
[ 07 ] [ target/python-wheels/trixie/swsssdk-2.0.1-py3-none-any.whl ]
[ 08 ] [ target/debs/trixie/libkrb5-3_1.21.3-5+fips_amd64.deb ]
[A[K[A[K[A[K[A[K[A[K[A[K[A[K[A[K[ 01 ] [ target/debs/trixie/linux-headers-6.12.41+deb13-common-sonic_6.12.41-1_all.deb ]
[ 02 ] [ target/debs/trixie/grub2-common_2.06-13+deb13u1_amd64.deb ]
[ 03 ] [ target/debs/trixie/p4lang-pi_0.1.1-1_amd64.deb ]
[ 04 ] [ target/docker-dash-engine.gz ]
[ 05 ] [ target/debs/trixie/isc-dhcp-relay_4.4.3-P1-2_amd64.deb ]
[ 06 ] [ target/files/trixie/remote_ctr.config.json ]
[ 07 ] [ target/python-wheels/trixie/swsssdk-2.0.1-py3-none-any.whl ]
[A[K[A[K[A[K[A[K[A[K[A[K[A[K[ 01 ] [ target/debs/trixie/linux-headers-6.12.41+deb13-common-sonic_6.12.41-1_all.deb ]
[ 02 ] [ target/debs/trixie/grub2-common_2.06-13+deb13u1_amd64.deb ]
[ 03 ] [ target/debs/trixie/p4lang-pi_0.1.1-1_amd64.deb ]
[ 04 ] [ target/docker-dash-engine.gz ]
[ 05 ] [ target/debs/trixie/isc-dhcp-relay_4.4.3-P1-2_amd64.deb ]
[ 06 ] [ target/files/trixie/remote_ctr.config.json ]
[ 07 ] [ target/python-wheels/trixie/swsssdk-2.0.1-py3-none-any.whl ]
[ 08 ] [ target/debs/trixie/libgssapi-krb5-2_1.21.3-5+fips_amd64.deb ]
[A[K[A[K[A[K[A[K[A[K[A[K[A[K[A[K[ 01 ] [ target/debs/trixie/linux-headers-6.12.41+deb13-common-sonic_6.12.41-1_all.deb ]
[ 02 ] [ target/debs/trixie/grub2-common_2.06-13+deb13u1_amd64.deb ]
[ 03 ] [ target/debs/trixie/p4lang-pi_0.1.1-1_amd64.deb ]
[ 04 ] [ target/docker-dash-engine.gz ]
[ 05 ] [ target/debs/trixie/isc-dhcp-relay_4.4.3-P1-2_amd64.deb ]
[ 06 ] [ target/files/trixie/remote_ctr.config.json ]
[ 07 ] [ target/python-wheels/trixie/swsssdk-2.0.1-py3-none-any.whl ]
[A[K[A[K[A[K[A[K[A[K[A[K[A[K[ 01 ] [ target/debs/trixie/linux-headers-6.12.41+deb13-common-sonic_6.12.41-1_all.deb ]
[ 02 ] [ target/debs/trixie/grub2-common_2.06-13+deb13u1_amd64.deb ]
[ 03 ] [ target/debs/trixie/p4lang-pi_0.1.1-1_amd64.deb ]
[ 04 ] [ target/docker-dash-engine.gz ]
[ 05 ] [ target/debs/trixie/isc-dhcp-relay_4.4.3-P1-2_amd64.deb ]
[ 06 ] [ target/files/trixie/remote_ctr.config.json ]
[ 07 ] [ target/python-wheels/trixie/swsssdk-2.0.1-py3-none-any.whl ]
[ 08 ] [ target/debs/trixie/libnexthopgroup-dev_1.0.0_amd64.deb ]
[A[K[A[K[A[K[A[K[A[K[A[K[A[K[A[K[ 01 ] [ target/debs/trixie/linux-headers-6.12.41+deb13-common-sonic_6.12.41-1_all.deb ]
[ 02 ] [ target/debs/trixie/grub2-common_2.06-13+deb13u1_amd64.deb ]
[ 03 ] [ target/debs/trixie/p4lang-pi_0.1.1-1_amd64.deb ]
[ 04 ] [ target/docker-dash-engine.gz ]
[ 05 ] [ target/debs/trixie/isc-dhcp-relay_4.4.3-P1-2_amd64.deb ]
[ 06 ] [ target/files/trixie/remote_ctr.config.json ]
[ 07 ] [ target/python-wheels/trixie/swsssdk-2.0.1-py3-none-any.whl ]
[A[K[A[K[A[K[A[K[A[K[A[K[A[K[ 01 ] [ target/debs/trixie/linux-headers-6.12.41+deb13-common-sonic_6.12.41-1_all.deb ]
[ 02 ] [ target/debs/trixie/grub2-common_2.06-13+deb13u1_amd64.deb ]
[ 03 ] [ target/debs/trixie/p4lang-pi_0.1.1-1_amd64.deb ]
[ 04 ] [ target/docker-dash-engine.gz ]
[ 05 ] [ target/debs/trixie/isc-dhcp-relay_4.4.3-P1-2_amd64.deb ]
[ 06 ] [ target/files/trixie/remote_ctr.config.json ]
[ 07 ] [ target/python-wheels/trixie/swsssdk-2.0.1-py3-none-any.whl ]
[ 08 ] [ target/debs/trixie/libnexthopgroup_1.0.0_amd64.deb-install ]
[A[K[A[K[A[K[A[K[A[K[A[K[A[K[A[K[ 01 ] [ target/debs/trixie/linux-headers-6.12.41+deb13-common-sonic_6.12.41-1_all.deb ]
[ 02 ] [ target/debs/trixie/grub2-common_2.06-13+deb13u1_amd64.deb ]
[ 03 ] [ target/debs/trixie/p4lang-pi_0.1.1-1_amd64.deb ]
[ 04 ] [ target/docker-dash-engine.gz ]
[ 05 ] [ target/debs/trixie/isc-dhcp-relay_4.4.3-P1-2_amd64.deb ]
[ 06 ] [ target/files/trixie/remote_ctr.config.json ]
[ 07 ] [ target/python-wheels/trixie/swsssdk-2.0.1-py3-none-any.whl ]
[A[K[A[K[A[K[A[K[A[K[A[K[A[K[ 01 ] [ target/debs/trixie/linux-headers-6.12.41+deb13-common-sonic_6.12.41-1_all.deb ]
[ 02 ] [ target/debs/trixie/grub2-common_2.06-13+deb13u1_amd64.deb ]
[ 03 ] [ target/debs/trixie/p4lang-pi_0.1.1-1_amd64.deb ]
[ 04 ] [ target/docker-dash-engine.gz ]
[ 05 ] [ target/debs/trixie/isc-dhcp-relay_4.4.3-P1-2_amd64.deb ]
[ 06 ] [ target/files/trixie/remote_ctr.config.json ]
[ 07 ] [ target/python-wheels/trixie/swsssdk-2.0.1-py3-none-any.whl ]
[ 08 ] [ target/debs/trixie/libdashapi_1.0.0_amd64.deb-install ]
[A[K[A[K[A[K[A[K[A[K[A[K[A[K[A[K[ 01 ] [ target/debs/trixie/linux-headers-6.12.41+deb13-common-sonic_6.12.41-1_all.deb ]
[ 02 ] [ target/debs/trixie/grub2-common_2.06-13+deb13u1_amd64.deb ]
[ 03 ] [ target/debs/trixie/p4lang-pi_0.1.1-1_amd64.deb ]
[ 04 ] [ target/docker-dash-engine.gz ]
[ 05 ] [ target/debs/trixie/isc-dhcp-relay_4.4.3-P1-2_amd64.deb ]
[ 06 ] [ target/files/trixie/remote_ctr.config.json ]
[ 07 ] [ target/python-wheels/trixie/swsssdk-2.0.1-py3-none-any.whl ]
[A[K[A[K[A[K[A[K[A[K[A[K[A[K[ 01 ] [ target/debs/trixie/linux-headers-6.12.41+deb13-common-sonic_6.12.41-1_all.deb ]
[ 02 ] [ target/debs/trixie/grub2-common_2.06-13+deb13u1_amd64.deb ]
[ 03 ] [ target/debs/trixie/p4lang-pi_0.1.1-1_amd64.deb ]
[ 04 ] [ target/docker-dash-engine.gz ]
[ 05 ] [ target/debs/trixie/isc-dhcp-relay_4.4.3-P1-2_amd64.deb ]
[ 06 ] [ target/files/trixie/remote_ctr.config.json ]
[ 07 ] [ target/python-wheels/trixie/swsssdk-2.0.1-py3-none-any.whl ]
[ 08 ] [ target/debs/trixie/libnexthopgroup-dev_1.0.0_amd64.deb-install ]
[A[K[A[K[A[K[A[K[A[K[A[K[A[K[A[K[ 01 ] [ target/debs/trixie/linux-headers-6.12.41+deb13-common-sonic_6.12.41-1_all.deb ]
[ 02 ] [ target/debs/trixie/grub2-common_2.06-13+deb13u1_amd64.deb ]
[ 03 ] [ target/debs/trixie/p4lang-pi_0.1.1-1_amd64.deb ]
[ 04 ] [ target/docker-dash-engine.gz ]
[ 05 ] [ target/debs/trixie/isc-dhcp-relay_4.4.3-P1-2_amd64.deb ]
[ 06 ] [ target/files/trixie/remote_ctr.config.json ]
[ 07 ] [ target/python-wheels/trixie/swsssdk-2.0.1-py3-none-any.whl ]
[A[K[A[K[A[K[A[K[A[K[A[K[A[K[ 01 ] [ target/debs/trixie/linux-headers-6.12.41+deb13-common-sonic_6.12.41-1_all.deb ]
[ 02 ] [ target/debs/trixie/grub2-common_2.06-13+deb13u1_amd64.deb ]
[ 03 ] [ target/debs/trixie/p4lang-pi_0.1.1-1_amd64.deb ]
[ 04 ] [ target/docker-dash-engine.gz ]
[ 05 ] [ target/debs/trixie/isc-dhcp-relay_4.4.3-P1-2_amd64.deb ]
[ 06 ] [ target/files/trixie/remote_ctr.config.json ]
[ 07 ] [ target/python-wheels/trixie/swsssdk-2.0.1-py3-none-any.whl ]
[ 08 ] [ target/debs/trixie/libsensors5_3.6.0-7.1_amd64.deb ]
[A[K[A[K[A[K[A[K[A[K[A[K[A[K[A[K[ 01 ] [ target/debs/trixie/linux-headers-6.12.41+deb13-common-sonic_6.12.41-1_all.deb ]
[ 02 ] [ target/debs/trixie/grub2-common_2.06-13+deb13u1_amd64.deb ]
[ 03 ] [ target/debs/trixie/p4lang-pi_0.1.1-1_amd64.deb ]
[ 04 ] [ target/docker-dash-engine.gz ]
[ 05 ] [ target/debs/trixie/isc-dhcp-relay_4.4.3-P1-2_amd64.deb ]
[ 06 ] [ target/files/trixie/remote_ctr.config.json ]
[ 07 ] [ target/python-wheels/trixie/swsssdk-2.0.1-py3-none-any.whl ]
[A[K[A[K[A[K[A[K[A[K[A[K[A[K[ 01 ] [ target/debs/trixie/linux-headers-6.12.41+deb13-common-sonic_6.12.41-1_all.deb ]
[ 02 ] [ target/debs/trixie/grub2-common_2.06-13+deb13u1_amd64.deb ]
[ 03 ] [ target/debs/trixie/p4lang-pi_0.1.1-1_amd64.deb ]
[ 04 ] [ target/docker-dash-engine.gz ]
[ 05 ] [ target/debs/trixie/isc-dhcp-relay_4.4.3-P1-2_amd64.deb ]
[ 06 ] [ target/files/trixie/remote_ctr.config.json ]
[ 07 ] [ target/python-wheels/trixie/swsssdk-2.0.1-py3-none-any.whl ]
[ 08 ] [ target/debs/trixie/fancontrol_3.6.0-7.1_all.deb ]
[A[K[A[K[A[K[A[K[A[K[A[K[A[K[A[K[ 01 ] [ target/debs/trixie/linux-headers-6.12.41+deb13-common-sonic_6.12.41-1_all.deb ]
[ 02 ] [ target/debs/trixie/grub2-common_2.06-13+deb13u1_amd64.deb ]
[ 03 ] [ target/debs/trixie/p4lang-pi_0.1.1-1_amd64.deb ]
[ 04 ] [ target/docker-dash-engine.gz ]
[ 05 ] [ target/debs/trixie/isc-dhcp-relay_4.4.3-P1-2_amd64.deb ]
[ 06 ] [ target/files/trixie/remote_ctr.config.json ]
[ 07 ] [ target/python-wheels/trixie/swsssdk-2.0.1-py3-none-any.whl ]
[A[K[A[K[A[K[A[K[A[K[A[K[A[K[ 01 ] [ target/debs/trixie/linux-headers-6.12.41+deb13-common-sonic_6.12.41-1_all.deb ]
[ 02 ] [ target/debs/trixie/grub2-common_2.06-13+deb13u1_amd64.deb ]
[ 03 ] [ target/debs/trixie/p4lang-pi_0.1.1-1_amd64.deb ]
[ 04 ] [ target/docker-dash-engine.gz ]
[ 05 ] [ target/debs/trixie/isc-dhcp-relay_4.4.3-P1-2_amd64.deb ]
[ 06 ] [ target/files/trixie/remote_ctr.config.json ]
[ 07 ] [ target/python-wheels/trixie/swsssdk-2.0.1-py3-none-any.whl ]
[ 08 ] [ target/debs/trixie/sensord_3.6.0-7.1_amd64.deb ]
[A[K[A[K[A[K[A[K[A[K[A[K[A[K[A[K[ 01 ] [ target/debs/trixie/linux-headers-6.12.41+deb13-common-sonic_6.12.41-1_all.deb ]
[ 02 ] [ target/debs/trixie/grub2-common_2.06-13+deb13u1_amd64.deb ]
[ 03 ] [ target/debs/trixie/p4lang-pi_0.1.1-1_amd64.deb ]
[ 04 ] [ target/docker-dash-engine.gz ]
[ 05 ] [ target/debs/trixie/isc-dhcp-relay_4.4.3-P1-2_amd64.deb ]
[ 06 ] [ target/files/trixie/remote_ctr.config.json ]
[ 07 ] [ target/python-wheels/trixie/swsssdk-2.0.1-py3-none-any.whl ]
[A[K[A[K[A[K[A[K[A[K[A[K[A[K[ 01 ] [ target/debs/trixie/linux-headers-6.12.41+deb13-common-sonic_6.12.41-1_all.deb ]
[ 02 ] [ target/debs/trixie/grub2-common_2.06-13+deb13u1_amd64.deb ]
[ 03 ] [ target/debs/trixie/p4lang-pi_0.1.1-1_amd64.deb ]
[ 04 ] [ target/docker-dash-engine.gz ]
[ 05 ] [ target/debs/trixie/isc-dhcp-relay_4.4.3-P1-2_amd64.deb ]
[ 06 ] [ target/files/trixie/remote_ctr.config.json ]
[ 07 ] [ target/python-wheels/trixie/swsssdk-2.0.1-py3-none-any.whl ]
[ 08 ] [ target/debs/trixie/libnss-tacplus_1.0.4-1_amd64.deb ]
[A[K[A[K[A[K[A[K[A[K[A[K[A[K[A[K[ 01 ] [ target/debs/trixie/linux-headers-6.12.41+deb13-common-sonic_6.12.41-1_all.deb ]
[ 02 ] [ target/debs/trixie/grub2-common_2.06-13+deb13u1_amd64.deb ]
[ 03 ] [ target/debs/trixie/p4lang-pi_0.1.1-1_amd64.deb ]
[ 04 ] [ target/docker-dash-engine.gz ]
[ 05 ] [ target/debs/trixie/isc-dhcp-relay_4.4.3-P1-2_amd64.deb ]
[ 06 ] [ target/python-wheels/trixie/swsssdk-2.0.1-py3-none-any.whl ]
[ 07 ] [ target/debs/trixie/libnss-tacplus_1.0.4-1_amd64.deb ]
[A[K[A[K[A[K[A[K[A[K[A[K[A[K[ 01 ] [ target/debs/trixie/linux-headers-6.12.41+deb13-common-sonic_6.12.41-1_all.deb ]
[ 02 ] [ target/debs/trixie/grub2-common_2.06-13+deb13u1_amd64.deb ]
[ 03 ] [ target/debs/trixie/p4lang-pi_0.1.1-1_amd64.deb ]
[ 04 ] [ target/docker-dash-engine.gz ]
[ 05 ] [ target/debs/trixie/isc-dhcp-relay_4.4.3-P1-2_amd64.deb ]
[ 06 ] [ target/python-wheels/trixie/swsssdk-2.0.1-py3-none-any.whl ]
[ 07 ] [ target/debs/trixie/libnss-tacplus_1.0.4-1_amd64.deb ]
[ 08 ] [ target/debs/trixie/libnl-route-3-dev_3.7.0-0.2+b1sonic1_amd64.deb ]
[A[K[A[K[A[K[A[K[A[K[A[K[A[K[A[K[ 01 ] [ target/debs/trixie/linux-headers-6.12.41+deb13-common-sonic_6.12.41-1_all.deb ]
[ 02 ] [ target/debs/trixie/grub2-common_2.06-13+deb13u1_amd64.deb ]
[ 03 ] [ target/debs/trixie/p4lang-pi_0.1.1-1_amd64.deb ]
[ 04 ] [ target/docker-dash-engine.gz ]
[ 05 ] [ target/debs/trixie/isc-dhcp-relay_4.4.3-P1-2_amd64.deb ]
[ 06 ] [ target/python-wheels/trixie/swsssdk-2.0.1-py3-none-any.whl ]
[ 07 ] [ target/debs/trixie/libnss-tacplus_1.0.4-1_amd64.deb ]
[A[K[A[K[A[K[A[K[A[K[A[K[A[K[ 01 ] [ target/debs/trixie/linux-headers-6.12.41+deb13-common-sonic_6.12.41-1_all.deb ]
[ 02 ] [ target/debs/trixie/grub2-common_2.06-13+deb13u1_amd64.deb ]
[ 03 ] [ target/debs/trixie/p4lang-pi_0.1.1-1_amd64.deb ]
[ 04 ] [ target/docker-dash-engine.gz ]
[ 05 ] [ target/debs/trixie/isc-dhcp-relay_4.4.3-P1-2_amd64.deb ]
[ 06 ] [ target/python-wheels/trixie/swsssdk-2.0.1-py3-none-any.whl ]
[ 07 ] [ target/debs/trixie/libnss-tacplus_1.0.4-1_amd64.deb ]
[ 08 ] [ target/debs/trixie/python3-libyang_3.1.0-1_amd64.deb ]
[A[K[A[K[A[K[A[K[A[K[A[K[A[K[A[K[ 01 ] [ target/debs/trixie/linux-headers-6.12.41+deb13-common-sonic_6.12.41-1_all.deb ]
[ 02 ] [ target/debs/trixie/grub2-common_2.06-13+deb13u1_amd64.deb ]
[ 03 ] [ target/debs/trixie/p4lang-pi_0.1.1-1_amd64.deb ]
[ 04 ] [ target/docker-dash-engine.gz ]
[ 05 ] [ target/debs/trixie/isc-dhcp-relay_4.4.3-P1-2_amd64.deb ]
[ 06 ] [ target/debs/trixie/libnss-tacplus_1.0.4-1_amd64.deb ]
[ 07 ] [ target/debs/trixie/python3-libyang_3.1.0-1_amd64.deb ]
[A[K[A[K[A[K[A[K[A[K[A[K[A[K[ 01 ] [ target/debs/trixie/linux-headers-6.12.41+deb13-common-sonic_6.12.41-1_all.deb ]
[ 02 ] [ target/debs/trixie/grub2-common_2.06-13+deb13u1_amd64.deb ]
[ 03 ] [ target/debs/trixie/p4lang-pi_0.1.1-1_amd64.deb ]
[ 04 ] [ target/docker-dash-engine.gz ]
[ 05 ] [ target/debs/trixie/isc-dhcp-relay_4.4.3-P1-2_amd64.deb ]
[ 06 ] [ target/debs/trixie/libnss-tacplus_1.0.4-1_amd64.deb ]
[ 07 ] [ target/debs/trixie/python3-libyang_3.1.0-1_amd64.deb ]
[ 08 ] [ target/debs/trixie/libnl-genl-3-dev_3.7.0-0.2+b1sonic1_amd64.deb ]
[A[K[A[K[A[K[A[K[A[K[A[K[A[K[A[K[ 01 ] [ target/debs/trixie/linux-headers-6.12.41+deb13-common-sonic_6.12.41-1_all.deb ]
[ 02 ] [ target/debs/trixie/grub2-common_2.06-13+deb13u1_amd64.deb ]
[ 03 ] [ target/debs/trixie/p4lang-pi_0.1.1-1_amd64.deb ]
[ 04 ] [ target/docker-dash-engine.gz ]
[ 05 ] [ target/debs/trixie/isc-dhcp-relay_4.4.3-P1-2_amd64.deb ]
[ 06 ] [ target/debs/trixie/libnss-tacplus_1.0.4-1_amd64.deb ]
[ 07 ] [ target/debs/trixie/python3-libyang_3.1.0-1_amd64.deb ]
[A[K[A[K[A[K[A[K[A[K[A[K[A[K[ 01 ] [ target/debs/trixie/linux-headers-6.12.41+deb13-common-sonic_6.12.41-1_all.deb ]
[ 02 ] [ target/debs/trixie/grub2-common_2.06-13+deb13u1_amd64.deb ]
[ 03 ] [ target/debs/trixie/p4lang-pi_0.1.1-1_amd64.deb ]
[ 04 ] [ target/docker-dash-engine.gz ]
[ 05 ] [ target/debs/trixie/isc-dhcp-relay_4.4.3-P1-2_amd64.deb ]
[ 06 ] [ target/debs/trixie/libnss-tacplus_1.0.4-1_amd64.deb ]
[ 07 ] [ target/debs/trixie/python3-libyang_3.1.0-1_amd64.deb ]
[ 08 ] [ target/debs/trixie/libnl-nf-3-200_3.7.0-0.2+b1sonic1_amd64.deb ]
[A[K[A[K[A[K[A[K[A[K[A[K[A[K[A[K[ 01 ] [ target/debs/trixie/linux-headers-6.12.41+deb13-common-sonic_6.12.41-1_all.deb ]
[ 02 ] [ target/debs/trixie/grub2-common_2.06-13+deb13u1_amd64.deb ]
[ 03 ] [ target/debs/trixie/p4lang-pi_0.1.1-1_amd64.deb ]
[ 04 ] [ target/docker-dash-engine.gz ]
[ 05 ] [ target/debs/trixie/isc-dhcp-relay_4.4.3-P1-2_amd64.deb ]
[ 06 ] [ target/debs/trixie/libnss-tacplus_1.0.4-1_amd64.deb ]
[ 07 ] [ target/debs/trixie/python3-libyang_3.1.0-1_amd64.deb ]
[A[K[A[K[A[K[A[K[A[K[A[K[A[K[ 01 ] [ target/debs/trixie/linux-headers-6.12.41+deb13-common-sonic_6.12.41-1_all.deb ]
[ 02 ] [ target/debs/trixie/grub2-common_2.06-13+deb13u1_amd64.deb ]
[ 03 ] [ target/debs/trixie/p4lang-pi_0.1.1-1_amd64.deb ]
[ 04 ] [ target/docker-dash-engine.gz ]
[ 05 ] [ target/debs/trixie/isc-dhcp-relay_4.4.3-P1-2_amd64.deb ]
[ 06 ] [ target/debs/trixie/libnss-tacplus_1.0.4-1_amd64.deb ]
[ 07 ] [ target/debs/trixie/python3-libyang_3.1.0-1_amd64.deb ]
[ 08 ] [ target/debs/trixie/libnl-genl-3-dev_3.7.0-0.2+b1sonic1_amd64.deb-install ]
[A[K[A[K[A[K[A[K[A[K[A[K[A[K[A[K[ 01 ] [ target/debs/trixie/linux-headers-6.12.41+deb13-common-sonic_6.12.41-1_all.deb ]
[ 02 ] [ target/debs/trixie/grub2-common_2.06-13+deb13u1_amd64.deb ]
[ 03 ] [ target/debs/trixie/p4lang-pi_0.1.1-1_amd64.deb ]
[ 04 ] [ target/docker-dash-engine.gz ]
[ 05 ] [ target/debs/trixie/isc-dhcp-relay_4.4.3-P1-2_amd64.deb ]
[ 06 ] [ target/debs/trixie/libnss-tacplus_1.0.4-1_amd64.deb ]
[ 07 ] [ target/debs/trixie/python3-libyang_3.1.0-1_amd64.deb ]
[A[K[A[K[A[K[A[K[A[K[A[K[A[K[ 01 ] [ target/debs/trixie/linux-headers-6.12.41+deb13-common-sonic_6.12.41-1_all.deb ]
[ 02 ] [ target/debs/trixie/grub2-common_2.06-13+deb13u1_amd64.deb ]
[ 03 ] [ target/debs/trixie/p4lang-pi_0.1.1-1_amd64.deb ]
[ 04 ] [ target/docker-dash-engine.gz ]
[ 05 ] [ target/debs/trixie/isc-dhcp-relay_4.4.3-P1-2_amd64.deb ]
[ 06 ] [ target/debs/trixie/libnss-tacplus_1.0.4-1_amd64.deb ]
[ 07 ] [ target/debs/trixie/python3-libyang_3.1.0-1_amd64.deb ]
[ 08 ] [ target/debs/trixie/libnl-route-3-dev_3.7.0-0.2+b1sonic1_amd64.deb-install ]
[A[K[A[K[A[K[A[K[A[K[A[K[A[K[A[K[ 01 ] [ target/debs/trixie/linux-headers-6.12.41+deb13-common-sonic_6.12.41-1_all.deb ]
[ 02 ] [ target/debs/trixie/grub2-common_2.06-13+deb13u1_amd64.deb ]
[ 03 ] [ target/debs/trixie/p4lang-pi_0.1.1-1_amd64.deb ]
[ 04 ] [ target/docker-dash-engine.gz ]
[ 05 ] [ target/debs/trixie/isc-dhcp-relay_4.4.3-P1-2_amd64.deb ]
[ 06 ] [ target/debs/trixie/libnss-tacplus_1.0.4-1_amd64.deb ]
[ 07 ] [ target/debs/trixie/python3-libyang_3.1.0-1_amd64.deb ]
[A[K[A[K[A[K[A[K[A[K[A[K[A[K[ 01 ] [ target/debs/trixie/linux-headers-6.12.41+deb13-common-sonic_6.12.41-1_all.deb ]
[ 02 ] [ target/debs/trixie/grub2-common_2.06-13+deb13u1_amd64.deb ]
[ 03 ] [ target/debs/trixie/p4lang-pi_0.1.1-1_amd64.deb ]
[ 04 ] [ target/docker-dash-engine.gz ]
[ 05 ] [ target/debs/trixie/isc-dhcp-relay_4.4.3-P1-2_amd64.deb ]
[ 06 ] [ target/debs/trixie/libnss-tacplus_1.0.4-1_amd64.deb ]
[ 07 ] [ target/debs/trixie/python3-libyang_3.1.0-1_amd64.deb ]
[ 08 ] [ target/python-wheels/trixie/swsssdk-2.0.1-py3-none-any.whl-install ]
[A[K[A[K[A[K[A[K[A[K[A[K[A[K[A[K[ 01 ] [ target/debs/trixie/linux-headers-6.12.41+deb13-common-sonic_6.12.41-1_all.deb ]
[ 02 ] [ target/debs/trixie/grub2-common_2.06-13+deb13u1_amd64.deb ]
[ 03 ] [ target/debs/trixie/p4lang-pi_0.1.1-1_amd64.deb ]
[ 04 ] [ target/docker-dash-engine.gz ]
[ 05 ] [ target/debs/trixie/isc-dhcp-relay_4.4.3-P1-2_amd64.deb ]
[ 06 ] [ target/debs/trixie/libnss-tacplus_1.0.4-1_amd64.deb ]
[ 07 ] [ target/debs/trixie/python3-libyang_3.1.0-1_amd64.deb ]
[A[K[A[K[A[K[A[K[A[K[A[K[A[K[ 01 ] [ target/debs/trixie/linux-headers-6.12.41+deb13-common-sonic_6.12.41-1_all.deb ]
[ 02 ] [ target/debs/trixie/grub2-common_2.06-13+deb13u1_amd64.deb ]
[ 03 ] [ target/debs/trixie/p4lang-pi_0.1.1-1_amd64.deb ]
[ 04 ] [ target/docker-dash-engine.gz ]
[ 05 ] [ target/debs/trixie/isc-dhcp-relay_4.4.3-P1-2_amd64.deb ]
[ 06 ] [ target/debs/trixie/libnss-tacplus_1.0.4-1_amd64.deb ]
[ 07 ] [ target/debs/trixie/python3-libyang_3.1.0-1_amd64.deb ]
[ 08 ] [ target/debs/trixie/libnl-nf-3-200_3.7.0-0.2+b1sonic1_amd64.deb-install ]
[A[K[A[K[A[K[A[K[A[K[A[K[A[K[A[K[ 01 ] [ target/debs/trixie/linux-headers-6.12.41+deb13-common-sonic_6.12.41-1_all.deb ]
[ 02 ] [ target/debs/trixie/grub2-common_2.06-13+deb13u1_amd64.deb ]
[ 03 ] [ target/debs/trixie/p4lang-pi_0.1.1-1_amd64.deb ]
[ 04 ] [ target/docker-dash-engine.gz ]
[ 05 ] [ target/debs/trixie/isc-dhcp-relay_4.4.3-P1-2_amd64.deb ]
[ 06 ] [ target/debs/trixie/libnss-tacplus_1.0.4-1_amd64.deb ]
[ 07 ] [ target/debs/trixie/python3-libyang_3.1.0-1_amd64.deb ]
[A[K[A[K[A[K[A[K[A[K[A[K[A[K[ 01 ] [ target/debs/trixie/linux-headers-6.12.41+deb13-common-sonic_6.12.41-1_all.deb ]
[ 02 ] [ target/debs/trixie/grub2-common_2.06-13+deb13u1_amd64.deb ]
[ 03 ] [ target/debs/trixie/p4lang-pi_0.1.1-1_amd64.deb ]
[ 04 ] [ target/docker-dash-engine.gz ]
[ 05 ] [ target/debs/trixie/isc-dhcp-relay_4.4.3-P1-2_amd64.deb ]
[ 06 ] [ target/debs/trixie/libnss-tacplus_1.0.4-1_amd64.deb ]
[ 07 ] [ target/debs/trixie/python3-libyang_3.1.0-1_amd64.deb ]
[ 08 ] [ target/debs/trixie/bash-tacplus_1.0.0_amd64.deb ]
[A[K[A[K[A[K[A[K[A[K[A[K[A[K[A[K[ 01 ] [ target/debs/trixie/grub2-common_2.06-13+deb13u1_amd64.deb ]
[ 02 ] [ target/debs/trixie/p4lang-pi_0.1.1-1_amd64.deb ]
[ 03 ] [ target/docker-dash-engine.gz ]
[ 04 ] [ target/debs/trixie/isc-dhcp-relay_4.4.3-P1-2_amd64.deb ]
[ 05 ] [ target/debs/trixie/libnss-tacplus_1.0.4-1_amd64.deb ]
[ 06 ] [ target/debs/trixie/python3-libyang_3.1.0-1_amd64.deb ]
[ 07 ] [ target/debs/trixie/bash-tacplus_1.0.0_amd64.deb ]
[A[K[A[K[A[K[A[K[A[K[A[K[A[K[ 01 ] [ target/debs/trixie/grub2-common_2.06-13+deb13u1_amd64.deb ]
[ 02 ] [ target/debs/trixie/p4lang-pi_0.1.1-1_amd64.deb ]
[ 03 ] [ target/docker-dash-engine.gz ]
[ 04 ] [ target/debs/trixie/isc-dhcp-relay_4.4.3-P1-2_amd64.deb ]
[ 05 ] [ target/debs/trixie/libnss-tacplus_1.0.4-1_amd64.deb ]
[ 06 ] [ target/debs/trixie/python3-libyang_3.1.0-1_amd64.deb ]
[ 07 ] [ target/debs/trixie/bash-tacplus_1.0.0_amd64.deb ]
[ 08 ] [ target/debs/trixie/audisp-tacplus_1.0.2_amd64.deb ]
[A[K[A[K[A[K[A[K[A[K[A[K[A[K[A[K[ 01 ] [ target/debs/trixie/grub2-common_2.06-13+deb13u1_amd64.deb ]
[ 02 ] [ target/debs/trixie/p4lang-pi_0.1.1-1_amd64.deb ]
[ 03 ] [ target/docker-dash-engine.gz ]
[ 04 ] [ target/debs/trixie/isc-dhcp-relay_4.4.3-P1-2_amd64.deb ]
[ 05 ] [ target/debs/trixie/libnss-tacplus_1.0.4-1_amd64.deb ]
[ 06 ] [ target/debs/trixie/python3-libyang_3.1.0-1_amd64.deb ]
[ 07 ] [ target/debs/trixie/audisp-tacplus_1.0.2_amd64.deb ]
[A[K[A[K[A[K[A[K[A[K[A[K[A[K[ 01 ] [ target/debs/trixie/grub2-common_2.06-13+deb13u1_amd64.deb ]
[ 02 ] [ target/debs/trixie/p4lang-pi_0.1.1-1_amd64.deb ]
[ 03 ] [ target/docker-dash-engine.gz ]
[ 04 ] [ target/debs/trixie/isc-dhcp-relay_4.4.3-P1-2_amd64.deb ]
[ 05 ] [ target/debs/trixie/libnss-tacplus_1.0.4-1_amd64.deb ]
[ 06 ] [ target/debs/trixie/python3-libyang_3.1.0-1_amd64.deb ]
[ 07 ] [ target/debs/trixie/audisp-tacplus_1.0.2_amd64.deb ]
[ 08 ] [ target/docker-base-trixie.gz ]
[A[K[A[K[A[K[A[K[A[K[A[K[A[K[A[K[ 01 ] [ target/debs/trixie/grub2-common_2.06-13+deb13u1_amd64.deb ]
[ 02 ] [ target/debs/trixie/p4lang-pi_0.1.1-1_amd64.deb ]
[ 03 ] [ target/docker-dash-engine.gz ]
[ 04 ] [ target/debs/trixie/isc-dhcp-relay_4.4.3-P1-2_amd64.deb ]
[ 05 ] [ target/debs/trixie/python3-libyang_3.1.0-1_amd64.deb ]
[ 06 ] [ target/debs/trixie/audisp-tacplus_1.0.2_amd64.deb ]
[ 07 ] [ target/docker-base-trixie.gz ]
[A[K[A[K[A[K[A[K[A[K[A[K[A[K[ 01 ] [ target/debs/trixie/grub2-common_2.06-13+deb13u1_amd64.deb ]
[ 02 ] [ target/debs/trixie/p4lang-pi_0.1.1-1_amd64.deb ]
[ 03 ] [ target/docker-dash-engine.gz ]
[ 04 ] [ target/debs/trixie/isc-dhcp-relay_4.4.3-P1-2_amd64.deb ]
[ 05 ] [ target/debs/trixie/python3-libyang_3.1.0-1_amd64.deb ]
[ 06 ] [ target/debs/trixie/audisp-tacplus_1.0.2_amd64.deb ]
[ 07 ] [ target/docker-base-trixie.gz ]
[ 08 ] [ target/debs/trixie/frr_10.5.4-sonic-0_amd64.deb ]
[A[K[A[K[A[K[A[K[A[K[A[K[A[K[A[K[ 01 ] [ target/debs/trixie/grub2-common_2.06-13+deb13u1_amd64.deb ]
[ 02 ] [ target/debs/trixie/p4lang-pi_0.1.1-1_amd64.deb ]
[ 03 ] [ target/docker-dash-engine.gz ]
[ 04 ] [ target/debs/trixie/isc-dhcp-relay_4.4.3-P1-2_amd64.deb ]
[ 05 ] [ target/debs/trixie/python3-libyang_3.1.0-1_amd64.deb ]
[ 06 ] [ target/docker-base-trixie.gz ]
[ 07 ] [ target/debs/trixie/frr_10.5.4-sonic-0_amd64.deb ]
[A[K[A[K[A[K[A[K[A[K[A[K[A[K[ 01 ] [ target/debs/trixie/grub2-common_2.06-13+deb13u1_amd64.deb ]
[ 02 ] [ target/debs/trixie/p4lang-pi_0.1.1-1_amd64.deb ]
[ 03 ] [ target/docker-dash-engine.gz ]
[ 04 ] [ target/debs/trixie/isc-dhcp-relay_4.4.3-P1-2_amd64.deb ]
[ 05 ] [ target/debs/trixie/python3-libyang_3.1.0-1_amd64.deb ]
[ 06 ] [ target/docker-base-trixie.gz ]
[ 07 ] [ target/debs/trixie/frr_10.5.4-sonic-0_amd64.deb ]
[ 08 ] [ target/debs/trixie/linux-headers-6.12.41+deb13-common-sonic_6.12.41-1_all.deb-install ]
[A[K[A[K[A[K[A[K[A[K[A[K[A[K[A[K[ 01 ] [ target/debs/trixie/grub2-common_2.06-13+deb13u1_amd64.deb ]
[ 02 ] [ target/debs/trixie/p4lang-pi_0.1.1-1_amd64.deb ]
[ 03 ] [ target/docker-dash-engine.gz ]
[ 04 ] [ target/debs/trixie/isc-dhcp-relay_4.4.3-P1-2_amd64.deb ]
[ 05 ] [ target/debs/trixie/python3-libyang_3.1.0-1_amd64.deb ]
[ 06 ] [ target/docker-base-trixie.gz ]
[ 07 ] [ target/debs/trixie/frr_10.5.4-sonic-0_amd64.deb ]
[A[K[A[K[A[K[A[K[A[K[A[K[A[K[ 01 ] [ target/debs/trixie/grub2-common_2.06-13+deb13u1_amd64.deb ]
[ 02 ] [ target/debs/trixie/p4lang-pi_0.1.1-1_amd64.deb ]
[ 03 ] [ target/docker-dash-engine.gz ]
[ 04 ] [ target/debs/trixie/isc-dhcp-relay_4.4.3-P1-2_amd64.deb ]
[ 05 ] [ target/debs/trixie/python3-libyang_3.1.0-1_amd64.deb ]
[ 06 ] [ target/docker-base-trixie.gz ]
[ 07 ] [ target/debs/trixie/frr_10.5.4-sonic-0_amd64.deb ]
[ 08 ] [ target/debs/trixie/linux-image-6.12.41+deb13-sonic-amd64-unsigned_6.12.41-1_amd64.deb ]
[A[K[A[K[A[K[A[K[A[K[A[K[A[K[A[K[ 01 ] [ target/debs/trixie/grub2-common_2.06-13+deb13u1_amd64.deb ]
[ 02 ] [ target/debs/trixie/p4lang-pi_0.1.1-1_amd64.deb ]
[ 03 ] [ target/docker-dash-engine.gz ]
[ 04 ] [ target/debs/trixie/isc-dhcp-relay_4.4.3-P1-2_amd64.deb ]
[ 05 ] [ target/debs/trixie/python3-libyang_3.1.0-1_amd64.deb ]
[ 06 ] [ target/docker-base-trixie.gz ]
[ 07 ] [ target/debs/trixie/frr_10.5.4-sonic-0_amd64.deb ]
[A[K[A[K[A[K[A[K[A[K[A[K[A[K[ 01 ] [ target/debs/trixie/grub2-common_2.06-13+deb13u1_amd64.deb ]
[ 02 ] [ target/debs/trixie/p4lang-pi_0.1.1-1_amd64.deb ]
[ 03 ] [ target/docker-dash-engine.gz ]
[ 04 ] [ target/debs/trixie/isc-dhcp-relay_4.4.3-P1-2_amd64.deb ]
[ 05 ] [ target/debs/trixie/python3-libyang_3.1.0-1_amd64.deb ]
[ 06 ] [ target/docker-base-trixie.gz ]
[ 07 ] [ target/debs/trixie/frr_10.5.4-sonic-0_amd64.deb ]
[ 08 ] [ target/debs/trixie/linux-kbuild-6.12.41+deb13_6.12.41-1_amd64.deb ]
[A[K[A[K[A[K[A[K[A[K[A[K[A[K[A[K[ 01 ] [ target/debs/trixie/grub2-common_2.06-13+deb13u1_amd64.deb ]
[ 02 ] [ target/debs/trixie/p4lang-pi_0.1.1-1_amd64.deb ]
[ 03 ] [ target/docker-dash-engine.gz ]
[ 04 ] [ target/debs/trixie/isc-dhcp-relay_4.4.3-P1-2_amd64.deb ]
[ 05 ] [ target/debs/trixie/python3-libyang_3.1.0-1_amd64.deb ]
[ 06 ] [ target/docker-base-trixie.gz ]
[ 07 ] [ target/debs/trixie/frr_10.5.4-sonic-0_amd64.deb ]
[A[K[A[K[A[K[A[K[A[K[A[K[A[K[ 01 ] [ target/debs/trixie/grub2-common_2.06-13+deb13u1_amd64.deb ]
[ 02 ] [ target/debs/trixie/p4lang-pi_0.1.1-1_amd64.deb ]
[ 03 ] [ target/docker-dash-engine.gz ]
[ 04 ] [ target/debs/trixie/isc-dhcp-relay_4.4.3-P1-2_amd64.deb ]
[ 05 ] [ target/debs/trixie/python3-libyang_3.1.0-1_amd64.deb ]
[ 06 ] [ target/docker-base-trixie.gz ]
[ 07 ] [ target/debs/trixie/frr_10.5.4-sonic-0_amd64.deb ]
[ 08 ] [ target/debs/trixie/openssh-server_10.0p1-7_amd64.deb ]
[A[K[A[K[A[K[A[K[A[K[A[K[A[K[A[K[ 01 ] [ target/debs/trixie/grub2-common_2.06-13+deb13u1_amd64.deb ]
[ 02 ] [ target/docker-dash-engine.gz ]
[ 03 ] [ target/debs/trixie/isc-dhcp-relay_4.4.3-P1-2_amd64.deb ]
[ 04 ] [ target/debs/trixie/python3-libyang_3.1.0-1_amd64.deb ]
[ 05 ] [ target/docker-base-trixie.gz ]
[ 06 ] [ target/debs/trixie/frr_10.5.4-sonic-0_amd64.deb ]
[ 07 ] [ target/debs/trixie/openssh-server_10.0p1-7_amd64.deb ]
[A[K[A[K[A[K[A[K[A[K[A[K[A[K[ 01 ] [ target/debs/trixie/grub2-common_2.06-13+deb13u1_amd64.deb ]
[ 02 ] [ target/docker-dash-engine.gz ]
[ 03 ] [ target/debs/trixie/isc-dhcp-relay_4.4.3-P1-2_amd64.deb ]
[ 04 ] [ target/debs/trixie/python3-libyang_3.1.0-1_amd64.deb ]
[ 05 ] [ target/docker-base-trixie.gz ]
[ 06 ] [ target/debs/trixie/frr_10.5.4-sonic-0_amd64.deb ]
[ 07 ] [ target/debs/trixie/openssh-server_10.0p1-7_amd64.deb ]
[ 08 ] [ target/debs/trixie/libnl-nf-3-dev_3.7.0-0.2+b1sonic1_amd64.deb ]
[A[K[A[K[A[K[A[K[A[K[A[K[A[K[A[K[ 01 ] [ target/debs/trixie/grub2-common_2.06-13+deb13u1_amd64.deb ]
[ 02 ] [ target/docker-dash-engine.gz ]
[ 03 ] [ target/debs/trixie/isc-dhcp-relay_4.4.3-P1-2_amd64.deb ]
[ 04 ] [ target/debs/trixie/python3-libyang_3.1.0-1_amd64.deb ]
[ 05 ] [ target/docker-base-trixie.gz ]
[ 06 ] [ target/debs/trixie/frr_10.5.4-sonic-0_amd64.deb ]
[ 07 ] [ target/debs/trixie/openssh-server_10.0p1-7_amd64.deb ]
[A[K[A[K[A[K[A[K[A[K[A[K[A[K[ 01 ] [ target/debs/trixie/grub2-common_2.06-13+deb13u1_amd64.deb ]
[ 02 ] [ target/docker-dash-engine.gz ]
[ 03 ] [ target/debs/trixie/isc-dhcp-relay_4.4.3-P1-2_amd64.deb ]
[ 04 ] [ target/debs/trixie/python3-libyang_3.1.0-1_amd64.deb ]
[ 05 ] [ target/docker-base-trixie.gz ]
[ 06 ] [ target/debs/trixie/frr_10.5.4-sonic-0_amd64.deb ]
[ 07 ] [ target/debs/trixie/openssh-server_10.0p1-7_amd64.deb ]
[ 08 ] [ target/debs/trixie/p4lang-pi_0.1.1-1_amd64.deb-install ]
[A[K[A[K[A[K[A[K[A[K[A[K[A[K[A[K[ 01 ] [ target/debs/trixie/grub2-common_2.06-13+deb13u1_amd64.deb ]
[ 02 ] [ target/docker-dash-engine.gz ]
[ 03 ] [ target/debs/trixie/isc-dhcp-relay_4.4.3-P1-2_amd64.deb ]
[ 04 ] [ target/debs/trixie/python3-libyang_3.1.0-1_amd64.deb ]
[ 05 ] [ target/docker-base-trixie.gz ]
[ 06 ] [ target/debs/trixie/frr_10.5.4-sonic-0_amd64.deb ]
[ 07 ] [ target/debs/trixie/openssh-server_10.0p1-7_amd64.deb ]
[A[K[A[K[A[K[A[K[A[K[A[K[A[K[ 01 ] [ target/debs/trixie/grub2-common_2.06-13+deb13u1_amd64.deb ]
[ 02 ] [ target/docker-dash-engine.gz ]
[ 03 ] [ target/debs/trixie/isc-dhcp-relay_4.4.3-P1-2_amd64.deb ]
[ 04 ] [ target/debs/trixie/python3-libyang_3.1.0-1_amd64.deb ]
[ 05 ] [ target/docker-base-trixie.gz ]
[ 06 ] [ target/debs/trixie/frr_10.5.4-sonic-0_amd64.deb ]
[ 07 ] [ target/debs/trixie/openssh-server_10.0p1-7_amd64.deb ]
[ 08 ] [ target/debs/trixie/libnl-nf-3-dev_3.7.0-0.2+b1sonic1_amd64.deb-install ]
[A[K[A[K[A[K[A[K[A[K[A[K[A[K[A[K[ 01 ] [ target/debs/trixie/grub2-common_2.06-13+deb13u1_amd64.deb ]
[ 02 ] [ target/docker-dash-engine.gz ]
[ 03 ] [ target/debs/trixie/isc-dhcp-relay_4.4.3-P1-2_amd64.deb ]
[ 04 ] [ target/debs/trixie/python3-libyang_3.1.0-1_amd64.deb ]
[ 05 ] [ target/docker-base-trixie.gz ]
[ 06 ] [ target/debs/trixie/frr_10.5.4-sonic-0_amd64.deb ]
[ 07 ] [ target/debs/trixie/openssh-server_10.0p1-7_amd64.deb ]
[A[K[A[K[A[K[A[K[A[K[A[K[A[K[ 01 ] [ target/debs/trixie/grub2-common_2.06-13+deb13u1_amd64.deb ]
[ 02 ] [ target/docker-dash-engine.gz ]
[ 03 ] [ target/debs/trixie/isc-dhcp-relay_4.4.3-P1-2_amd64.deb ]
[ 04 ] [ target/debs/trixie/python3-libyang_3.1.0-1_amd64.deb ]
[ 05 ] [ target/docker-base-trixie.gz ]
[ 06 ] [ target/debs/trixie/frr_10.5.4-sonic-0_amd64.deb ]
[ 07 ] [ target/debs/trixie/openssh-server_10.0p1-7_amd64.deb ]
[ 08 ] [ target/debs/trixie/linux-kbuild-6.12.41+deb13_6.12.41-1_amd64.deb-install ]
[A[K[A[K[A[K[A[K[A[K[A[K[A[K[A[K[ 01 ] [ target/debs/trixie/grub2-common_2.06-13+deb13u1_amd64.deb ]
[ 02 ] [ target/docker-dash-engine.gz ]
[ 03 ] [ target/debs/trixie/isc-dhcp-relay_4.4.3-P1-2_amd64.deb ]
[ 04 ] [ target/debs/trixie/python3-libyang_3.1.0-1_amd64.deb ]
[ 05 ] [ target/docker-base-trixie.gz ]
[ 06 ] [ target/debs/trixie/frr_10.5.4-sonic-0_amd64.deb ]
[ 07 ] [ target/debs/trixie/openssh-server_10.0p1-7_amd64.deb ]
[A[K[A[K[A[K[A[K[A[K[A[K[A[K[ 01 ] [ target/debs/trixie/grub2-common_2.06-13+deb13u1_amd64.deb ]
[ 02 ] [ target/docker-dash-engine.gz ]
[ 03 ] [ target/debs/trixie/isc-dhcp-relay_4.4.3-P1-2_amd64.deb ]
[ 04 ] [ target/debs/trixie/python3-libyang_3.1.0-1_amd64.deb ]
[ 05 ] [ target/docker-base-trixie.gz ]
[ 06 ] [ target/debs/trixie/frr_10.5.4-sonic-0_amd64.deb ]
[ 07 ] [ target/debs/trixie/openssh-server_10.0p1-7_amd64.deb ]
[ 08 ] [ target/debs/trixie/libnl-cli-3-200_3.7.0-0.2+b1sonic1_amd64.deb ]
[A[K[A[K[A[K[A[K[A[K[A[K[A[K[A[K[ 01 ] [ target/debs/trixie/grub2-common_2.06-13+deb13u1_amd64.deb ]
[ 02 ] [ target/docker-dash-engine.gz ]
[ 03 ] [ target/debs/trixie/isc-dhcp-relay_4.4.3-P1-2_amd64.deb ]
[ 04 ] [ target/debs/trixie/python3-libyang_3.1.0-1_amd64.deb ]
[ 05 ] [ target/docker-base-trixie.gz ]
[ 06 ] [ target/debs/trixie/frr_10.5.4-sonic-0_amd64.deb ]
[ 07 ] [ target/debs/trixie/openssh-server_10.0p1-7_amd64.deb ]
[A[K[A[K[A[K[A[K[A[K[A[K[A[K[ 01 ] [ target/debs/trixie/grub2-common_2.06-13+deb13u1_amd64.deb ]
[ 02 ] [ target/docker-dash-engine.gz ]
[ 03 ] [ target/debs/trixie/isc-dhcp-relay_4.4.3-P1-2_amd64.deb ]
[ 04 ] [ target/debs/trixie/python3-libyang_3.1.0-1_amd64.deb ]
[ 05 ] [ target/docker-base-trixie.gz ]
[ 06 ] [ target/debs/trixie/frr_10.5.4-sonic-0_amd64.deb ]
[ 07 ] [ target/debs/trixie/openssh-server_10.0p1-7_amd64.deb ]
[ 08 ] [ target/debs/trixie/p4lang-bmv2_1.15.0-9_amd64.deb ]
[A[K[A[K[A[K[A[K[A[K[A[K[A[K[A[K[ 01 ] [ target/debs/trixie/grub2-common_2.06-13+deb13u1_amd64.deb ]
[ 02 ] [ target/docker-dash-engine.gz ]
[ 03 ] [ target/debs/trixie/isc-dhcp-relay_4.4.3-P1-2_amd64.deb ]
[ 04 ] [ target/docker-base-trixie.gz ]
[ 05 ] [ target/debs/trixie/frr_10.5.4-sonic-0_amd64.deb ]
[ 06 ] [ target/debs/trixie/openssh-server_10.0p1-7_amd64.deb ]
[ 07 ] [ target/debs/trixie/p4lang-bmv2_1.15.0-9_amd64.deb ]
[A[K[A[K[A[K[A[K[A[K[A[K[A[K[ 01 ] [ target/debs/trixie/grub2-common_2.06-13+deb13u1_amd64.deb ]
[ 02 ] [ target/docker-dash-engine.gz ]
[ 03 ] [ target/debs/trixie/isc-dhcp-relay_4.4.3-P1-2_amd64.deb ]
[ 04 ] [ target/docker-base-trixie.gz ]
[ 05 ] [ target/debs/trixie/frr_10.5.4-sonic-0_amd64.deb ]
[ 06 ] [ target/debs/trixie/openssh-server_10.0p1-7_amd64.deb ]
[ 07 ] [ target/debs/trixie/p4lang-bmv2_1.15.0-9_amd64.deb ]
[ 08 ] [ target/debs/trixie/libnl-cli-3-200_3.7.0-0.2+b1sonic1_amd64.deb-install ]
[A[K[A[K[A[K[A[K[A[K[A[K[A[K[A[K[ 01 ] [ target/debs/trixie/grub2-common_2.06-13+deb13u1_amd64.deb ]
[ 02 ] [ target/docker-dash-engine.gz ]
[ 03 ] [ target/debs/trixie/isc-dhcp-relay_4.4.3-P1-2_amd64.deb ]
[ 04 ] [ target/docker-base-trixie.gz ]
[ 05 ] [ target/debs/trixie/frr_10.5.4-sonic-0_amd64.deb ]
[ 06 ] [ target/debs/trixie/openssh-server_10.0p1-7_amd64.deb ]
[ 07 ] [ target/debs/trixie/p4lang-bmv2_1.15.0-9_amd64.deb ]
[A[K[A[K[A[K[A[K[A[K[A[K[A[K[ 01 ] [ target/debs/trixie/grub2-common_2.06-13+deb13u1_amd64.deb ]
[ 02 ] [ target/docker-dash-engine.gz ]
[ 03 ] [ target/debs/trixie/isc-dhcp-relay_4.4.3-P1-2_amd64.deb ]
[ 04 ] [ target/docker-base-trixie.gz ]
[ 05 ] [ target/debs/trixie/frr_10.5.4-sonic-0_amd64.deb ]
[ 06 ] [ target/debs/trixie/openssh-server_10.0p1-7_amd64.deb ]
[ 07 ] [ target/debs/trixie/p4lang-bmv2_1.15.0-9_amd64.deb ]
[ 08 ] [ target/debs/trixie/python3-libyang_3.1.0-1_amd64.deb-install ]
[A[K[A[K[A[K[A[K[A[K[A[K[A[K[A[K[ 01 ] [ target/debs/trixie/grub2-common_2.06-13+deb13u1_amd64.deb ]
[ 02 ] [ target/docker-dash-engine.gz ]
[ 03 ] [ target/debs/trixie/isc-dhcp-relay_4.4.3-P1-2_amd64.deb ]
[ 04 ] [ target/docker-base-trixie.gz ]
[ 05 ] [ target/debs/trixie/frr_10.5.4-sonic-0_amd64.deb ]
[ 06 ] [ target/debs/trixie/openssh-server_10.0p1-7_amd64.deb ]
[ 07 ] [ target/debs/trixie/p4lang-bmv2_1.15.0-9_amd64.deb ]
[A[K[A[K[A[K[A[K[A[K[A[K[A[K[ 01 ] [ target/debs/trixie/grub2-common_2.06-13+deb13u1_amd64.deb ]
[ 02 ] [ target/docker-dash-engine.gz ]
[ 03 ] [ target/debs/trixie/isc-dhcp-relay_4.4.3-P1-2_amd64.deb ]
[ 04 ] [ target/docker-base-trixie.gz ]
[ 05 ] [ target/debs/trixie/frr_10.5.4-sonic-0_amd64.deb ]
[ 06 ] [ target/debs/trixie/openssh-server_10.0p1-7_amd64.deb ]
[ 07 ] [ target/debs/trixie/p4lang-bmv2_1.15.0-9_amd64.deb ]
[ 08 ] [ target/debs/trixie/libnl-cli-3-dev_3.7.0-0.2+b1sonic1_amd64.deb ]
[A[K[A[K[A[K[A[K[A[K[A[K[A[K[A[K[ 01 ] [ target/debs/trixie/grub2-common_2.06-13+deb13u1_amd64.deb ]
[ 02 ] [ target/docker-dash-engine.gz ]
[ 03 ] [ target/debs/trixie/isc-dhcp-relay_4.4.3-P1-2_amd64.deb ]
[ 04 ] [ target/docker-base-trixie.gz ]
[ 05 ] [ target/debs/trixie/frr_10.5.4-sonic-0_amd64.deb ]
[ 06 ] [ target/debs/trixie/openssh-server_10.0p1-7_amd64.deb ]
[ 07 ] [ target/debs/trixie/p4lang-bmv2_1.15.0-9_amd64.deb ]
[A[K[A[K[A[K[A[K[A[K[A[K[A[K[ 01 ] [ target/debs/trixie/grub2-common_2.06-13+deb13u1_amd64.deb ]
[ 02 ] [ target/docker-dash-engine.gz ]
[ 03 ] [ target/debs/trixie/isc-dhcp-relay_4.4.3-P1-2_amd64.deb ]
[ 04 ] [ target/docker-base-trixie.gz ]
[ 05 ] [ target/debs/trixie/frr_10.5.4-sonic-0_amd64.deb ]
[ 06 ] [ target/debs/trixie/openssh-server_10.0p1-7_amd64.deb ]
[ 07 ] [ target/debs/trixie/p4lang-bmv2_1.15.0-9_amd64.deb ]
[ 08 ] [ target/python-wheels/trixie/sonic_yang_models-1.0-py3-none-any.whl ]
[A[K[A[K[A[K[A[K[A[K[A[K[A[K[A[K[ 01 ] [ target/debs/trixie/grub2-common_2.06-13+deb13u1_amd64.deb ]
[ 02 ] [ target/docker-dash-engine.gz ]
[ 03 ] [ target/debs/trixie/isc-dhcp-relay_4.4.3-P1-2_amd64.deb ]
[ 04 ] [ target/debs/trixie/frr_10.5.4-sonic-0_amd64.deb ]
[ 05 ] [ target/debs/trixie/openssh-server_10.0p1-7_amd64.deb ]
[ 06 ] [ target/debs/trixie/p4lang-bmv2_1.15.0-9_amd64.deb ]
[ 07 ] [ target/python-wheels/trixie/sonic_yang_models-1.0-py3-none-any.whl ]
[A[K[A[K[A[K[A[K[A[K[A[K[A[K[ 01 ] [ target/debs/trixie/grub2-common_2.06-13+deb13u1_amd64.deb ]
[ 02 ] [ target/docker-dash-engine.gz ]
[ 03 ] [ target/debs/trixie/isc-dhcp-relay_4.4.3-P1-2_amd64.deb ]
[ 04 ] [ target/debs/trixie/frr_10.5.4-sonic-0_amd64.deb ]
[ 05 ] [ target/debs/trixie/openssh-server_10.0p1-7_amd64.deb ]
[ 06 ] [ target/debs/trixie/p4lang-bmv2_1.15.0-9_amd64.deb ]
[ 07 ] [ target/python-wheels/trixie/sonic_yang_models-1.0-py3-none-any.whl ]
[ 08 ] [ target/debs/trixie/libnl-cli-3-dev_3.7.0-0.2+b1sonic1_amd64.deb-install ]
[A[K[A[K[A[K[A[K[A[K[A[K[A[K[A[K[ 01 ] [ target/debs/trixie/grub2-common_2.06-13+deb13u1_amd64.deb ]
[ 02 ] [ target/docker-dash-engine.gz ]
[ 03 ] [ target/debs/trixie/isc-dhcp-relay_4.4.3-P1-2_amd64.deb ]
[ 04 ] [ target/debs/trixie/frr_10.5.4-sonic-0_amd64.deb ]
[ 05 ] [ target/debs/trixie/openssh-server_10.0p1-7_amd64.deb ]
[ 06 ] [ target/debs/trixie/p4lang-bmv2_1.15.0-9_amd64.deb ]
[ 07 ] [ target/python-wheels/trixie/sonic_yang_models-1.0-py3-none-any.whl ]
[A[K[A[K[A[K[A[K[A[K[A[K[A[K[ 01 ] [ target/debs/trixie/grub2-common_2.06-13+deb13u1_amd64.deb ]
[ 02 ] [ target/docker-dash-engine.gz ]
[ 03 ] [ target/debs/trixie/isc-dhcp-relay_4.4.3-P1-2_amd64.deb ]
[ 04 ] [ target/debs/trixie/frr_10.5.4-sonic-0_amd64.deb ]
[ 05 ] [ target/debs/trixie/openssh-server_10.0p1-7_amd64.deb ]
[ 06 ] [ target/debs/trixie/p4lang-bmv2_1.15.0-9_amd64.deb ]
[ 07 ] [ target/python-wheels/trixie/sonic_yang_models-1.0-py3-none-any.whl ]
[ 08 ] [ target/docker-base-trixie.gz-load ]
[A[K[A[K[A[K[A[K[A[K[A[K[A[K[A[K[ 01 ] [ target/debs/trixie/grub2-common_2.06-13+deb13u1_amd64.deb ]
[ 02 ] [ target/docker-dash-engine.gz ]
[ 03 ] [ target/debs/trixie/isc-dhcp-relay_4.4.3-P1-2_amd64.deb ]
[ 04 ] [ target/debs/trixie/frr_10.5.4-sonic-0_amd64.deb ]
[ 05 ] [ target/debs/trixie/openssh-server_10.0p1-7_amd64.deb ]
[ 06 ] [ target/debs/trixie/p4lang-bmv2_1.15.0-9_amd64.deb ]
[ 07 ] [ target/python-wheels/trixie/sonic_yang_models-1.0-py3-none-any.whl ]
[A[K[A[K[A[K[A[K[A[K[A[K[A[K[ 01 ] [ target/debs/trixie/grub2-common_2.06-13+deb13u1_amd64.deb ]
[ 02 ] [ target/docker-dash-engine.gz ]
[ 03 ] [ target/debs/trixie/isc-dhcp-relay_4.4.3-P1-2_amd64.deb ]
[ 04 ] [ target/debs/trixie/frr_10.5.4-sonic-0_amd64.deb ]
[ 05 ] [ target/debs/trixie/openssh-server_10.0p1-7_amd64.deb ]
[ 06 ] [ target/debs/trixie/p4lang-bmv2_1.15.0-9_amd64.deb ]
[ 07 ] [ target/python-wheels/trixie/sonic_yang_models-1.0-py3-none-any.whl ]
[ 08 ] [ target/debs/trixie/libteam5_1.31-1_amd64.deb ]
[A[K[A[K[A[K[A[K[A[K[A[K[A[K[A[K[ 01 ] [ target/debs/trixie/grub2-common_2.06-13+deb13u1_amd64.deb ]
[ 02 ] [ target/docker-dash-engine.gz ]
[ 03 ] [ target/debs/trixie/isc-dhcp-relay_4.4.3-P1-2_amd64.deb ]
[ 04 ] [ target/debs/trixie/openssh-server_10.0p1-7_amd64.deb ]
[ 05 ] [ target/debs/trixie/p4lang-bmv2_1.15.0-9_amd64.deb ]
[ 06 ] [ target/python-wheels/trixie/sonic_yang_models-1.0-py3-none-any.whl ]
[ 07 ] [ target/debs/trixie/libteam5_1.31-1_amd64.deb ]
[A[K[A[K[A[K[A[K[A[K[A[K[A[K[ 01 ] [ target/debs/trixie/grub2-common_2.06-13+deb13u1_amd64.deb ]
[ 02 ] [ target/docker-dash-engine.gz ]
[ 03 ] [ target/debs/trixie/isc-dhcp-relay_4.4.3-P1-2_amd64.deb ]
[ 04 ] [ target/debs/trixie/openssh-server_10.0p1-7_amd64.deb ]
[ 05 ] [ target/debs/trixie/p4lang-bmv2_1.15.0-9_amd64.deb ]
[ 06 ] [ target/python-wheels/trixie/sonic_yang_models-1.0-py3-none-any.whl ]
[ 07 ] [ target/debs/trixie/libteam5_1.31-1_amd64.deb ]
[ 08 ] [ target/debs/trixie/frr-snmp_10.5.4-sonic-0_amd64.deb ]
[A[K[A[K[A[K[A[K[A[K[A[K[A[K[A[K[ 01 ] [ target/debs/trixie/grub2-common_2.06-13+deb13u1_amd64.deb ]
[ 02 ] [ target/docker-dash-engine.gz ]
[ 03 ] [ target/debs/trixie/isc-dhcp-relay_4.4.3-P1-2_amd64.deb ]
[ 04 ] [ target/debs/trixie/openssh-server_10.0p1-7_amd64.deb ]
[ 05 ] [ target/debs/trixie/p4lang-bmv2_1.15.0-9_amd64.deb ]
[ 06 ] [ target/python-wheels/trixie/sonic_yang_models-1.0-py3-none-any.whl ]
[ 07 ] [ target/debs/trixie/libteam5_1.31-1_amd64.deb ]
[A[K[A[K[A[K[A[K[A[K[A[K[A[K[ 01 ] [ target/debs/trixie/grub2-common_2.06-13+deb13u1_amd64.deb ]
[ 02 ] [ target/docker-dash-engine.gz ]
[ 03 ] [ target/debs/trixie/isc-dhcp-relay_4.4.3-P1-2_amd64.deb ]
[ 04 ] [ target/debs/trixie/p4lang-bmv2_1.15.0-9_amd64.deb ]
[ 05 ] [ target/python-wheels/trixie/sonic_yang_models-1.0-py3-none-any.whl ]
[ 06 ] [ target/debs/trixie/libteam5_1.31-1_amd64.deb ]
[A[K[A[K[A[K[A[K[A[K[A[K[ 01 ] [ target/debs/trixie/grub2-common_2.06-13+deb13u1_amd64.deb ]
[ 02 ] [ target/docker-dash-engine.gz ]
[ 03 ] [ target/debs/trixie/isc-dhcp-relay_4.4.3-P1-2_amd64.deb ]
[ 04 ] [ target/debs/trixie/p4lang-bmv2_1.15.0-9_amd64.deb ]
[ 05 ] [ target/python-wheels/trixie/sonic_yang_models-1.0-py3-none-any.whl ]
[A[K[A[K[A[K[A[K[A[K[ 01 ] [ target/debs/trixie/grub2-common_2.06-13+deb13u1_amd64.deb ]
[ 02 ] [ target/docker-dash-engine.gz ]
[ 03 ] [ target/debs/trixie/isc-dhcp-relay_4.4.3-P1-2_amd64.deb ]
[ 04 ] [ target/debs/trixie/p4lang-bmv2_1.15.0-9_amd64.deb ]
[ 05 ] [ target/python-wheels/trixie/sonic_yang_models-1.0-py3-none-any.whl ]
[ 06 ] [ target/debs/trixie/libteamdctl0_1.31-1_amd64.deb ]
[A[K[A[K[A[K[A[K[A[K[A[K[ 01 ] [ target/debs/trixie/grub2-common_2.06-13+deb13u1_amd64.deb ]
[ 02 ] [ target/docker-dash-engine.gz ]
[ 03 ] [ target/debs/trixie/isc-dhcp-relay_4.4.3-P1-2_amd64.deb ]
[ 04 ] [ target/debs/trixie/p4lang-bmv2_1.15.0-9_amd64.deb ]
[ 05 ] [ target/python-wheels/trixie/sonic_yang_models-1.0-py3-none-any.whl ]
[ 06 ] [ target/debs/trixie/libteamdctl0_1.31-1_amd64.deb ]
[ 07 ] [ target/debs/trixie/libteam5_1.31-1_amd64.deb-install ]
[A[K[A[K[A[K[A[K[A[K[A[K[A[K[ 01 ] [ target/debs/trixie/grub2-common_2.06-13+deb13u1_amd64.deb ]
[ 02 ] [ target/docker-dash-engine.gz ]
[ 03 ] [ target/debs/trixie/isc-dhcp-relay_4.4.3-P1-2_amd64.deb ]
[ 04 ] [ target/debs/trixie/p4lang-bmv2_1.15.0-9_amd64.deb ]
[ 05 ] [ target/python-wheels/trixie/sonic_yang_models-1.0-py3-none-any.whl ]
[ 06 ] [ target/debs/trixie/libteamdctl0_1.31-1_amd64.deb ]
[A[K[A[K[A[K[A[K[A[K[A[K[ 01 ] [ target/debs/trixie/grub2-common_2.06-13+deb13u1_amd64.deb ]
[ 02 ] [ target/docker-dash-engine.gz ]
[ 03 ] [ target/debs/trixie/isc-dhcp-relay_4.4.3-P1-2_amd64.deb ]
[ 04 ] [ target/debs/trixie/p4lang-bmv2_1.15.0-9_amd64.deb ]
[ 05 ] [ target/python-wheels/trixie/sonic_yang_models-1.0-py3-none-any.whl ]
[A[K[A[K[A[K[A[K[A[K[ 01 ] [ target/debs/trixie/grub2-common_2.06-13+deb13u1_amd64.deb ]
[ 02 ] [ target/docker-dash-engine.gz ]
[ 03 ] [ target/debs/trixie/isc-dhcp-relay_4.4.3-P1-2_amd64.deb ]
[ 04 ] [ target/debs/trixie/p4lang-bmv2_1.15.0-9_amd64.deb ]
[ 05 ] [ target/python-wheels/trixie/sonic_yang_models-1.0-py3-none-any.whl ]
[ 06 ] [ target/debs/trixie/libteam-dev_1.31-1_amd64.deb ]
[A[K[A[K[A[K[A[K[A[K[A[K[ 01 ] [ target/debs/trixie/grub2-common_2.06-13+deb13u1_amd64.deb ]
[ 02 ] [ target/docker-dash-engine.gz ]
[ 03 ] [ target/debs/trixie/isc-dhcp-relay_4.4.3-P1-2_amd64.deb ]
[ 04 ] [ target/debs/trixie/p4lang-bmv2_1.15.0-9_amd64.deb ]
[ 05 ] [ target/python-wheels/trixie/sonic_yang_models-1.0-py3-none-any.whl ]
[ 06 ] [ target/debs/trixie/libteam-dev_1.31-1_amd64.deb ]
[ 07 ] [ target/debs/trixie/libteam-utils_1.31-1_amd64.deb ]
[A[K[A[K[A[K[A[K[A[K[A[K[A[K[ 01 ] [ target/debs/trixie/grub2-common_2.06-13+deb13u1_amd64.deb ]
[ 02 ] [ target/docker-dash-engine.gz ]
[ 03 ] [ target/debs/trixie/isc-dhcp-relay_4.4.3-P1-2_amd64.deb ]
[ 04 ] [ target/debs/trixie/p4lang-bmv2_1.15.0-9_amd64.deb ]
[ 05 ] [ target/python-wheels/trixie/sonic_yang_models-1.0-py3-none-any.whl ]
[ 06 ] [ target/debs/trixie/libteam-dev_1.31-1_amd64.deb ]
[ 07 ] [ target/debs/trixie/libteam-utils_1.31-1_amd64.deb ]
[ 08 ] [ target/debs/trixie/libteamdctl0_1.31-1_amd64.deb-install ]
[A[K[A[K[A[K[A[K[A[K[A[K[A[K[A[K[ 01 ] [ target/debs/trixie/grub2-common_2.06-13+deb13u1_amd64.deb ]
[ 02 ] [ target/docker-dash-engine.gz ]
[ 03 ] [ target/debs/trixie/isc-dhcp-relay_4.4.3-P1-2_amd64.deb ]
[ 04 ] [ target/debs/trixie/p4lang-bmv2_1.15.0-9_amd64.deb ]
[ 05 ] [ target/python-wheels/trixie/sonic_yang_models-1.0-py3-none-any.whl ]
[ 06 ] [ target/debs/trixie/libteam-dev_1.31-1_amd64.deb ]
[ 07 ] [ target/debs/trixie/libteam-utils_1.31-1_amd64.deb ]
[A[K[A[K[A[K[A[K[A[K[A[K[A[K[ 01 ] [ target/debs/trixie/grub2-common_2.06-13+deb13u1_amd64.deb ]
[ 02 ] [ target/docker-dash-engine.gz ]
[ 03 ] [ target/debs/trixie/isc-dhcp-relay_4.4.3-P1-2_amd64.deb ]
[ 04 ] [ target/debs/trixie/p4lang-bmv2_1.15.0-9_amd64.deb ]
[ 05 ] [ target/python-wheels/trixie/sonic_yang_models-1.0-py3-none-any.whl ]
[ 06 ] [ target/debs/trixie/libteam-utils_1.31-1_amd64.deb ]
[A[K[A[K[A[K[A[K[A[K[A[K[ 01 ] [ target/debs/trixie/grub2-common_2.06-13+deb13u1_amd64.deb ]
[ 02 ] [ target/docker-dash-engine.gz ]
[ 03 ] [ target/debs/trixie/isc-dhcp-relay_4.4.3-P1-2_amd64.deb ]
[ 04 ] [ target/debs/trixie/p4lang-bmv2_1.15.0-9_amd64.deb ]
[ 05 ] [ target/python-wheels/trixie/sonic_yang_models-1.0-py3-none-any.whl ]
[A[K[A[K[A[K[A[K[A[K[ 01 ] [ target/debs/trixie/grub2-common_2.06-13+deb13u1_amd64.deb ]
[ 02 ] [ target/docker-dash-engine.gz ]
[ 03 ] [ target/debs/trixie/isc-dhcp-relay_4.4.3-P1-2_amd64.deb ]
[ 04 ] [ target/debs/trixie/p4lang-bmv2_1.15.0-9_amd64.deb ]
[ 05 ] [ target/python-wheels/trixie/sonic_yang_models-1.0-py3-none-any.whl ]
[ 06 ] [ target/debs/trixie/libteam-dev_1.31-1_amd64.deb-install ]
[A[K[A[K[A[K[A[K[A[K[A[K[ 01 ] [ target/debs/trixie/grub2-common_2.06-13+deb13u1_amd64.deb ]
[ 02 ] [ target/docker-dash-engine.gz ]
[ 03 ] [ target/debs/trixie/isc-dhcp-relay_4.4.3-P1-2_amd64.deb ]
[ 04 ] [ target/debs/trixie/p4lang-bmv2_1.15.0-9_amd64.deb ]
[ 05 ] [ target/python-wheels/trixie/sonic_yang_models-1.0-py3-none-any.whl ]
[ 06 ] [ target/debs/trixie/libteam-dev_1.31-1_amd64.deb-install ]
[ 07 ] [ target/debs/trixie/libteam-utils_1.31-1_amd64.deb-install ]
[A[K[A[K[A[K[A[K[A[K[A[K[A[K[ 01 ] [ target/debs/trixie/grub2-common_2.06-13+deb13u1_amd64.deb ]
[ 02 ] [ target/docker-dash-engine.gz ]
[ 03 ] [ target/debs/trixie/isc-dhcp-relay_4.4.3-P1-2_amd64.deb ]
[ 04 ] [ target/debs/trixie/p4lang-bmv2_1.15.0-9_amd64.deb ]
[ 05 ] [ target/python-wheels/trixie/sonic_yang_models-1.0-py3-none-any.whl ]
[ 06 ] [ target/debs/trixie/libteam-utils_1.31-1_amd64.deb-install ]
[A[K[A[K[A[K[A[K[A[K[A[K[ 01 ] [ target/debs/trixie/grub2-common_2.06-13+deb13u1_amd64.deb ]
[ 02 ] [ target/docker-dash-engine.gz ]
[ 03 ] [ target/debs/trixie/isc-dhcp-relay_4.4.3-P1-2_amd64.deb ]
[ 04 ] [ target/debs/trixie/p4lang-bmv2_1.15.0-9_amd64.deb ]
[ 05 ] [ target/python-wheels/trixie/sonic_yang_models-1.0-py3-none-any.whl ]
[A[K[A[K[A[K[A[K[A[K[ 01 ] [ target/debs/trixie/grub2-common_2.06-13+deb13u1_amd64.deb ]
[ 02 ] [ target/debs/trixie/isc-dhcp-relay_4.4.3-P1-2_amd64.deb ]
[ 03 ] [ target/debs/trixie/p4lang-bmv2_1.15.0-9_amd64.deb ]
[ 04 ] [ target/python-wheels/trixie/sonic_yang_models-1.0-py3-none-any.whl ]
[A[K[A[K[A[K[A[K[ 01 ] [ target/debs/trixie/grub2-common_2.06-13+deb13u1_amd64.deb ]
[ 02 ] [ target/debs/trixie/isc-dhcp-relay_4.4.3-P1-2_amd64.deb ]
[ 03 ] [ target/debs/trixie/p4lang-bmv2_1.15.0-9_amd64.deb ]
[A[K[A[K[A[K[ 01 ] [ target/debs/trixie/grub2-common_2.06-13+deb13u1_amd64.deb ]
[ 02 ] [ target/debs/trixie/isc-dhcp-relay_4.4.3-P1-2_amd64.deb ]
[ 03 ] [ target/debs/trixie/p4lang-bmv2_1.15.0-9_amd64.deb ]
[ 04 ] [ target/python-wheels/trixie/sonic_yang_models-1.0-py3-none-any.whl-install ]
[A[K[A[K[A[K[A[K[ 01 ] [ target/debs/trixie/grub2-common_2.06-13+deb13u1_amd64.deb ]
[ 02 ] [ target/debs/trixie/isc-dhcp-relay_4.4.3-P1-2_amd64.deb ]
[ 03 ] [ target/debs/trixie/p4lang-bmv2_1.15.0-9_amd64.deb ]
[A[K[A[K[A[K[ 01 ] [ target/debs/trixie/grub2-common_2.06-13+deb13u1_amd64.deb ]
[ 02 ] [ target/debs/trixie/isc-dhcp-relay_4.4.3-P1-2_amd64.deb ]
[ 03 ] [ target/debs/trixie/p4lang-bmv2_1.15.0-9_amd64.deb ]
[ 04 ] [ target/python-wheels/trixie/sonic_yang_mgmt-1.0-py3-none-any.whl ]
[A[K[A[K[A[K[A[K[ 01 ] [ target/debs/trixie/grub2-common_2.06-13+deb13u1_amd64.deb ]
[ 02 ] [ target/debs/trixie/isc-dhcp-relay_4.4.3-P1-2_amd64.deb ]
[ 03 ] [ target/debs/trixie/p4lang-bmv2_1.15.0-9_amd64.deb ]
[ 04 ] [ target/python-wheels/trixie/sonic_yang_mgmt-1.0-py3-none-any.whl ]
[ 05 ] [ target/debs/trixie/sonic-mgmt-common_1.0.0_amd64.deb ]
[A[K[A[K[A[K[A[K[A[K[ 01 ] [ target/debs/trixie/grub2-common_2.06-13+deb13u1_amd64.deb ]
[ 02 ] [ target/debs/trixie/isc-dhcp-relay_4.4.3-P1-2_amd64.deb ]
[ 03 ] [ target/debs/trixie/p4lang-bmv2_1.15.0-9_amd64.deb ]
[ 04 ] [ target/debs/trixie/sonic-mgmt-common_1.0.0_amd64.deb ]
[A[K[A[K[A[K[A[K[ 01 ] [ target/debs/trixie/grub2-common_2.06-13+deb13u1_amd64.deb ]
[ 02 ] [ target/debs/trixie/isc-dhcp-relay_4.4.3-P1-2_amd64.deb ]
[ 03 ] [ target/debs/trixie/p4lang-bmv2_1.15.0-9_amd64.deb ]
[ 04 ] [ target/debs/trixie/sonic-mgmt-common_1.0.0_amd64.deb ]
[ 05 ] [ target/python-wheels/trixie/sonic_yang_mgmt-1.0-py3-none-any.whl-install ]
[A[K[A[K[A[K[A[K[A[K[ 01 ] [ target/debs/trixie/grub2-common_2.06-13+deb13u1_amd64.deb ]
[ 02 ] [ target/debs/trixie/isc-dhcp-relay_4.4.3-P1-2_amd64.deb ]
[ 03 ] [ target/debs/trixie/p4lang-bmv2_1.15.0-9_amd64.deb ]
[ 04 ] [ target/debs/trixie/sonic-mgmt-common_1.0.0_amd64.deb ]
[A[K[A[K[A[K[A[K[ 01 ] [ target/debs/trixie/grub2-common_2.06-13+deb13u1_amd64.deb ]
[ 02 ] [ target/debs/trixie/isc-dhcp-relay_4.4.3-P1-2_amd64.deb ]
[ 03 ] [ target/debs/trixie/p4lang-bmv2_1.15.0-9_amd64.deb ]
[ 04 ] [ target/debs/trixie/sonic-mgmt-common_1.0.0_amd64.deb ]
[ 05 ] [ target/debs/trixie/libswsscommon_1.0.0_amd64.deb ]
[A[K[A[K[A[K[A[K[A[K[ 01 ] [ target/debs/trixie/grub2-common_2.06-13+deb13u1_amd64.deb ]
[ 02 ] [ target/debs/trixie/p4lang-bmv2_1.15.0-9_amd64.deb ]
[ 03 ] [ target/debs/trixie/sonic-mgmt-common_1.0.0_amd64.deb ]
[ 04 ] [ target/debs/trixie/libswsscommon_1.0.0_amd64.deb ]
[A[K[A[K[A[K[A[K[ FAIL LOG START ] [ target/debs/trixie/sonic-mgmt-common_1.0.0_amd64.deb ]
Build start time: Wed Sep 2 07:59:20 UTC 2026
[ REASON ] :      target/debs/trixie/sonic-mgmt-common_1.0.0_amd64.deb does not exist   NON-EXISTENT PREREQUISITES: target/python-wheels/trixie/sonic_yang_models-1.0-py3-none-any.whl-install target/debs/trixie/libyang-dev_3.12.2-1_amd64.deb-install target/debs/trixie/libyang3_3.12.2-1_amd64.deb-install 
[ FLAGS  FILE    ] : [] 
[ FLAGS  DEPENDS ] : [] 
[ FLAGS  DIFF    ] : [] 
/sonic/src/sonic-mgmt-common /sonic
dpkg-buildpackage: info: source package sonic-mgmt-common
dpkg-buildpackage: info: source version 1.0.0
dpkg-buildpackage: info: source distribution UNRELEASED
dpkg-buildpackage: info: source changed by Sachin Holla <sachin.holla@broadcom.com>
 dpkg-source --before-build .
dpkg-buildpackage: info: host architecture amd64
 debian/rules clean
make[1]: Entering directory '/sonic/src/sonic-mgmt-common'
dh clean --with systemd --parallel
dh: warning: Compatibility levels before 10 are deprecated (level 9 in use)
   dh_auto_clean -O--parallel
dh_auto_clean: warning: Compatibility levels before 10 are deprecated (level 9 in use)
	make -j192 clean
make[2]: Entering directory '/sonic/src/sonic-mgmt-common'
make[2]: warning: -j192 forced in submake: resetting jobserver mode.
make -C models/yang clean
make -C ./translib clean
make -C ./cvl clean
rm -f -r vendor
make[3]: Entering directory '/sonic/src/sonic-mgmt-common/models/yang'
SONICYANG_IMPORT_DIR = ../../../sonic-yang-models/cvlyang-models
make[3]: Entering directory '/sonic/src/sonic-mgmt-common/translib'
rm -f allyangs.tree allyangs_annot.tree allyangs_tree.html yang_tree.md sonic_allyangs.tree sonic_allyangs_tree.html sonic_yang_tree.md ../../build/yang/.oc_lint_done ../../build/yang/.ietf_lint_done 
make[3]: Entering directory '/sonic/src/sonic-mgmt-common/cvl'
rm -f -r ../../build/yang
find: '/sonic/src/sonic-mgmt-common/build/yang/sonic': No such file or directory
make[3]: Leaving directory '/sonic/src/sonic-mgmt-common/models/yang'
find: '../build/yang': No such file or directory
find: '../build/yang': No such file or directory
make -C tests clean
rm -f ocbinds/ocbinds.go
rm -f -r /sonic/src/sonic-mgmt-common/build/tests/translib /sonic/src/sonic-mgmt-common/build/transformer
make[4]: Entering directory '/sonic/src/sonic-mgmt-common/cvl/tests'
make[3]: Leaving directory '/sonic/src/sonic-mgmt-common/translib'
Removing files ...
rm -rf  cfg_validator  cv_acl  cv_edit_op  cv_vlan 
make[4]: Leaving directory '/sonic/src/sonic-mgmt-common/cvl/tests'
rm -f -r /sonic/src/sonic-mgmt-common/build/cvl
rm -f -r 
rm -f -r /sonic/src/sonic-mgmt-common/build/tests/cvl
make[3]: Leaving directory '/sonic/src/sonic-mgmt-common/cvl'
git check-ignore debian/* | xargs -r rm -f -r
rm -f -r build
make[2]: Leaving directory '/sonic/src/sonic-mgmt-common'
   dh_clean -O--parallel
dh_clean: warning: Compatibility levels before 10 are deprecated (level 9 in use)
make[1]: Leaving directory '/sonic/src/sonic-mgmt-common'
 debian/rules binary
make[1]: Entering directory '/sonic/src/sonic-mgmt-common'
dh binary --with systemd --parallel
dh: warning: Compatibility levels before 10 are deprecated (level 9 in use)
   dh_update_autotools_config -O--parallel
   dh_auto_configure -O--parallel
dh_auto_configure: warning: Compatibility levels before 10 are deprecated (level 9 in use)
   dh_auto_build -O--parallel
dh_auto_build: warning: Compatibility levels before 10 are deprecated (level 9 in use)
	make -j192
make[2]: Entering directory '/sonic/src/sonic-mgmt-common'
make[2]: warning: -j192 forced in submake: resetting jobserver mode.
Running go mod tidy (Go 1.24.4 >= go.mod 1.24.4)
go: downloading github.com/antchfx/xmlquery v1.3.1
go: downloading github.com/antchfx/xpath v1.1.10
go: downloading github.com/golang/glog v0.0.0-20160126235308-23def4e6c14b
go: downloading github.com/go-redis/redis/v7 v7.4.1
go: downloading github.com/Workiva/go-datastructures v1.0.50
go: downloading github.com/openconfig/gnmi v0.0.0-20200617225440-d2b4e6a45802
go: downloading inet.af/netaddr v0.0.0-20230525184311-b8eac61e914a
go: downloading golang.org/x/text v0.3.3
go: downloading github.com/google/go-cmp v0.7.0
go: downloading github.com/openconfig/ygot v0.7.1
go: downloading github.com/kylelemons/godebug v1.1.0
go: downloading github.com/pkg/profile v1.7.0
go: downloading github.com/antchfx/jsonquery v1.1.4
go: downloading github.com/maruel/natural v1.1.1
go: downloading github.com/philopon/go-toposort v0.0.0-20170620085441-9be86dbd762f
go: downloading github.com/openconfig/goyang v0.0.0-20200309174518-a00bece872fc
go: downloading github.com/redis/go-redis/v9 v9.6.1
go: downloading github.com/godbus/dbus/v5 v5.1.0
go: downloading google.golang.org/grpc v1.28.0
go: github.com/Azure/sonic-mgmt-common/cvl imports
	github.com/antchfx/jsonquery: github.com/antchfx/jsonquery@v1.1.4: Get "https://proxy.golang.org/github.com/antchfx/jsonquery/@v/v1.1.4.zip": dial tcp 142.251.33.209:443: i/o timeout
go: github.com/Azure/sonic-mgmt-common/cvl imports
	github.com/antchfx/xmlquery: github.com/antchfx/xmlquery@v1.3.1: Get "https://proxy.golang.org/github.com/antchfx/xmlquery/@v/v1.3.1.zip": dial tcp 142.251.33.209:443: i/o timeout
go: github.com/Azure/sonic-mgmt-common/cvl imports
	github.com/antchfx/xpath: github.com/antchfx/xpath@v1.1.10: Get "https://proxy.golang.org/github.com/antchfx/xpath/@v/v1.1.10.zip": dial tcp 142.251.33.209:443: i/o timeout
go: github.com/Azure/sonic-mgmt-common/cvl imports
	github.com/go-redis/redis/v7: github.com/go-redis/redis/v7@v7.4.1: Get "https://proxy.golang.org/github.com/go-redis/redis/v7/@v/v7.4.1.zip": dial tcp 142.251.33.209:443: i/o timeout
go: github.com/Azure/sonic-mgmt-common/cvl imports
	github.com/google/go-cmp/cmp: github.com/google/go-cmp@v0.7.0: Get "https://proxy.golang.org/github.com/google/go-cmp/@v/v0.7.0.zip": dial tcp 142.251.33.209:443: i/o timeout
go: github.com/Azure/sonic-mgmt-common/cvl imports
	github.com/philopon/go-toposort: github.com/philopon/go-toposort@v0.0.0-20170620085441-9be86dbd762f: Get "https://proxy.golang.org/github.com/philopon/go-toposort/@v/v0.0.0-20170620085441-9be86dbd762f.zip": dial tcp 142.251.33.209:443: i/o timeout
go: github.com/Azure/sonic-mgmt-common/cvl/internal/util imports
	github.com/Workiva/go-datastructures/set: github.com/Workiva/go-datastructures@v1.0.50: Get "https://proxy.golang.org/github.com/%21workiva/go-datastructures/@v/v1.0.50.zip": dial tcp 142.251.33.209:443: i/o timeout
go: github.com/Azure/sonic-mgmt-common/cvl/internal/util imports
	github.com/golang/glog: github.com/golang/glog@v0.0.0-20160126235308-23def4e6c14b: Get "https://proxy.golang.org/github.com/golang/glog/@v/v0.0.0-20160126235308-23def4e6c14b.zip": dial tcp 142.251.33.209:443: i/o timeout
go: github.com/Azure/sonic-mgmt-common/cvl/tests imports
	github.com/pkg/profile: github.com/pkg/profile@v1.7.0: Get "https://proxy.golang.org/github.com/pkg/profile/@v/v1.7.0.zip": dial tcp 142.251.33.209:443: i/o timeout
go: github.com/Azure/sonic-mgmt-common/translib imports
	github.com/Workiva/go-datastructures/queue: github.com/Workiva/go-datastructures@v1.0.50: Get "https://proxy.golang.org/github.com/%21workiva/go-datastructures/@v/v1.0.50.zip": dial tcp 142.251.33.209:443: i/o timeout
go: github.com/Azure/sonic-mgmt-common/translib imports
	github.com/kylelemons/godebug/pretty: github.com/kylelemons/godebug@v1.1.0: Get "https://proxy.golang.org/github.com/kylelemons/godebug/@v/v1.1.0.zip": dial tcp 142.251.33.209:443: i/o timeout
go: github.com/Azure/sonic-mgmt-common/translib imports
	github.com/openconfig/gnmi/proto/gnmi: github.com/openconfig/gnmi@v0.0.0-20200617225440-d2b4e6a45802: Get "https://proxy.golang.org/github.com/openconfig/gnmi/@v/v0.0.0-20200617225440-d2b4e6a45802.zip": dial tcp 142.251.33.209:443: i/o timeout
go: github.com/Azure/sonic-mgmt-common/translib imports
	github.com/openconfig/goyang/pkg/yang: github.com/openconfig/goyang@v0.0.0-20200309174518-a00bece872fc: Get "https://proxy.golang.org/github.com/openconfig/goyang/@v/v0.0.0-20200309174518-a00bece872fc.zip": dial tcp 142.251.33.209:443: i/o timeout
go: github.com/Azure/sonic-mgmt-common/translib imports
	github.com/openconfig/ygot/util: github.com/openconfig/ygot@v0.7.1: Get "https://proxy.golang.org/github.com/openconfig/ygot/@v/v0.7.1.zip": dial tcp 142.251.33.209:443: i/o timeout
go: github.com/Azure/sonic-mgmt-common/translib imports
	github.com/openconfig/ygot/ygot: github.com/openconfig/ygot@v0.7.1: Get "https://proxy.golang.org/github.com/openconfig/ygot/@v/v0.7.1.zip": dial tcp 142.251.33.209:443: i/o timeout
go: github.com/Azure/sonic-mgmt-common/translib imports
	github.com/openconfig/ygot/ytypes: github.com/openconfig/ygot@v0.7.1: Get "https://proxy.golang.org/github.com/openconfig/ygot/@v/v0.7.1.zip": dial tcp 142.251.33.209:443: i/o timeout
go: github.com/Azure/sonic-mgmt-common/translib imports
	google.golang.org/grpc/codes: google.golang.org/grpc@v1.28.0: Get "https://proxy.golang.org/google.golang.org/grpc/@v/v1.28.0.zip": dial tcp 142.251.33.209:443: i/o timeout
go: github.com/Azure/sonic-mgmt-common/translib imports
	google.golang.org/grpc/status: google.golang.org/grpc@v1.28.0: Get "https://proxy.golang.org/google.golang.org/grpc/@v/v1.28.0.zip": dial tcp 142.251.33.209:443: i/o timeout
go: github.com/Azure/sonic-mgmt-common/translib/db imports
	github.com/redis/go-redis/v9: github.com/redis/go-redis/v9@v9.6.1: Get "https://proxy.golang.org/github.com/redis/go-redis/v9/@v/v9.6.1.zip": dial tcp 142.251.33.209:443: i/o timeout
go: github.com/Azure/sonic-mgmt-common/translib/ocbinds imports
	github.com/maruel/natural: github.com/maruel/natural@v1.1.1: Get "https://proxy.golang.org/github.com/maruel/natural/@v/v1.1.1.zip": dial tcp 142.251.33.209:443: i/o timeout
go: github.com/Azure/sonic-mgmt-common/translib/tlerr imports
	golang.org/x/text/language: golang.org/x/text@v0.3.3: Get "https://proxy.golang.org/golang.org/x/text/@v/v0.3.3.zip": dial tcp 142.251.33.209:443: i/o timeout
go: github.com/Azure/sonic-mgmt-common/translib/tlerr imports
	golang.org/x/text/message: golang.org/x/text@v0.3.3: Get "https://proxy.golang.org/golang.org/x/text/@v/v0.3.3.zip": dial tcp 142.251.33.209:443: i/o timeout
go: github.com/Azure/sonic-mgmt-common/translib/transformer imports
	github.com/godbus/dbus/v5: github.com/godbus/dbus/v5@v5.1.0: Get "https://proxy.golang.org/github.com/godbus/dbus/v5/@v/v5.1.0.zip": dial tcp 142.251.33.209:443: i/o timeout
go: github.com/Azure/sonic-mgmt-common/translib/transformer imports
	inet.af/netaddr: inet.af/netaddr@v0.0.0-20230525184311-b8eac61e914a: Get "https://proxy.golang.org/inet.af/netaddr/@v/v0.0.0-20230525184311-b8eac61e914a.zip": dial tcp 142.251.33.209:443: i/o timeout
make[2]: *** [Makefile:40: vendor/.done] Error 1
make[2]: Leaving directory '/sonic/src/sonic-mgmt-common'
dh_auto_build: error: make -j192 returned exit code 2
make[1]: *** [debian/rules:3: binary] Error 255
make[1]: Leaving directory '/sonic/src/sonic-mgmt-common'
dpkg-buildpackage: error: debian/rules binary subprocess returned exit status 2
[  FAIL LOG END  ] [ target/debs/trixie/sonic-mgmt-common_1.0.0_amd64.deb ]
make: *** [slave.mk:967: target/debs/trixie/sonic-mgmt-common_1.0.0_amd64.deb] Error 1
make: *** Waiting for unfinished jobs....
[ 01 ] [ target/debs/trixie/grub2-common_2.06-13+deb13u1_amd64.deb ]
[ 02 ] [ target/debs/trixie/p4lang-bmv2_1.15.0-9_amd64.deb ]
[ 03 ] [ target/debs/trixie/libswsscommon_1.0.0_amd64.deb ]
[A[K[A[K[A[K[ 01 ] [ target/debs/trixie/grub2-common_2.06-13+deb13u1_amd64.deb ]
[ 02 ] [ target/debs/trixie/libswsscommon_1.0.0_amd64.deb ]
[A[K[A[K[ 01 ] [ target/debs/trixie/grub2-common_2.06-13+deb13u1_amd64.deb ]
[A[Kmake[1]: *** [Makefile.work:750: target/sonic-vs.bin] Error 2
make[1]: Leaving directory '/data/sonic/sonic-dzf-time-measure'
make: *** [Makefile:50: target/sonic-vs.bin] Error 2
