+++ --- Making target/sonic-vs.bin --- +++
./scripts/run_with_retry make BLDENV=trixie -f Makefile.work target/sonic-vs.bin
make[1]: Entering directory '/data/sonic/sonic-dzf-time-measure'
sudo: timed out
"SECURE_UPGRADE_PROD_SIGNING_TOOL": ""
/data/sonic/sonic-dzf-time-measure/src/sonic-build-hooks /data/sonic/sonic-dzf-time-measure
make[2]: Entering directory '/data/sonic/sonic-dzf-time-measure/src/sonic-build-hooks'
dpkg-deb: warning: root directory tmp/sonic-build-hooks has unusual owner or group 17388989:983
dpkg-deb: hint: you might need to pass --root-owner-group, see <https://wiki.debian.org/Teams/Dpkg/RootlessBuilds> for further details
dpkg-deb: warning: ignoring 1 warning about the control file(s)
dpkg-deb: building package 'sonic-build-hooks' in 'buildinfo/sonic-build-hooks_1.0_all.deb'.
make[2]: Leaving directory '/data/sonic/sonic-dzf-time-measure/src/sonic-build-hooks'
/data/sonic/sonic-dzf-time-measure
Checking sonic-slave-base image: sonic-slave-trixie:ca17477b760
Checking sonic-slave-user image: sonic-slave-trixie-qiuying.xzc:0e69d80ab15
SONiC Build System

Build Configuration
"CONFIGURED_PLATFORM"             : "vs"
"CONFIGURED_ARCH"                 : "amd64"
"SONIC_CONFIG_PRINT_DEPENDENCIES" : ""
"SONIC_BUILD_JOBS"                : "8"
"SONIC_CONFIG_MAKE_JOBS"          : "192"
"USE_NATIVE_DOCKERD_FOR_BUILD"    : ""
"USE_DOCKER_CACHE"               : ""
"SONIC_CONFIG_USE_CCACHE"         : "n"
"USERNAME"                        : "admin"
"PASSWORD"                        : "YourPaSsWoRd"
"CHANGE_DEFAULT_PASSWORD"         : "n"
"SECURE_UPGRADE_MODE"             : "no_sign"
"SECURE_UPGRADE_DEV_SIGNING_KEY"  : ""
"SECURE_UPGRADE_SIGNING_CERT"     : ""
"SECURE_UPGRADE_KERNEL_CAFILE"    : ""
"SECURE_UPGRADE_PROD_SIGNING_TOOL": ""
"SECURE_UPGRADE_PROD_TOOL_ARGS"   : ""
"ONIE_IMAGE_PART_SIZE"            : ""
"SHUTDOWN_BGP_ON_START"           : ""
"ENABLE_PFCWD_ON_START"           : ""
"SONIC_BUFFER_MODEL"              : ""
"INSTALL_DEBUG_TOOLS"             : ""
"ROUTING_STACK"                   : "frr"
"FRR_USER_UID"                    : "300"
"FRR_USER_GID"                    : "300"
"ENABLE_FRR_TCMALLOC"             : "y"
"ENABLE_SYNCD_RPC"                : ""
"SAITHRIFT_V2"                    : ""
"ENABLE_ORGANIZATION_EXTENSIONS"  : "y"
"HTTP_PROXY"                      : ""
"HTTPS_PROXY"                     : ""
"NO_PROXY"                        : ""
"ENABLE_ZTP"                      : ""
"INCLUDE_PDE"                     : ""
"SONIC_DEBUGGING_ON"              : ""
"SONIC_PROFILING_ON"              : ""
"KERNEL_PROCURE_METHOD"           : "build"
"BUILD_TIMESTAMP"                 : "20260902.212250"
"BUILD_LOG_TIMESTAMP"             : "none"
"SONIC_IMAGE_VERSION"             : "master.0-dirty-20260902.212250"
"BLDENV"                          : "trixie"
"VS_PREPARE_MEM"                  : "yes"
"INCLUDE_MGMT_FRAMEWORK"          : "y"
"INCLUDE_ICCPD"                   : "n"
"INCLUDE_STP"                     : ""
"INCLUDE_SYSTEM_TELEMETRY"        : "n"
"INCLUDE_SYSTEM_GNMI"             : "y"
"INCLUDE_SYSTEM_BMP"              : "y"
"INCLUDE_SYSTEM_OTEL"             : "y"
"INCLUDE_SYSTEM_EVENTD"           : "y"
"ENABLE_HOST_SERVICE_ON_START"    : "y"
"INCLUDE_RESTAPI"                 : "n"
"INCLUDE_SFLOW"                   : "y"
"INCLUDE_NAT"                     : "y"
"INCLUDE_DHCP_RELAY"              : "y"
"INCLUDE_DHCP_SERVER"             : "n"
"INCLUDE_P4RT"                    : "n"
"INCLUDE_VS_DASH_SAI"             : "y"
"INCLUDE_KUBERNETES"              : "n"
"INCLUDE_KUBERNETES_MASTER"       : "n"
"INCLUDE_MACSEC"                  : "y"
"INCLUDE_MUX"                     : "y"
"INCLUDE_TEAMD"                   : "y"
"INCLUDE_DASH_HA"                 : "y"
"INCLUDE_ROUTER_ADVERTISER"       : "y"
"INCLUDE_SNMP"                    : "y"
"INCLUDE_LLDP"                    : "y"
"INCLUDE_BOOTCHART                : "y"
"ENABLE_BOOTCHART                 : "n"
"INCLUDE_FIPS"                    : "y"
"ENABLE_TRANSLIB_WRITE"           : ""
"ENABLE_NATIVE_WRITE"             : "y"
"ENABLE_DIALOUT"                  : ""
"ENABLE_AUTO_TECH_SUPPORT"        : "y"
"PDDF_SUPPORT"                    : "y"
"MULTIARCH_QEMU_ENVIRON"          : "n"
"SONIC_VERSION_CONTROL_COMPONENTS": "py2,py3,web,git,docker"
"ENABLE_ASAN"                     : "n"
"DEFAULT_CONTAINER_REGISTRY"      : "publicmirror.azurecr.io/"
"BUILD_MULTIASIC_KVM"             : "n"
"CROSS_BUILD_ENVIRON"             : "n"
"INCLUDE_EXTERNAL_PATCHES"        : "n"
"PTF_ENV_PY_VER"                  : "py3"
"ENABLE_MULTIDB"                  : ""
"ENABLE_SBOM"                     : "n"
"SBOM_FORMAT"                     : "both"
"SBOM_SCAN_TOOL"                  : "syft"
"SBOM_INCLUDE_LICENSES"           : "y"
"SBOM_STRICT"                     : "y"

"SONIC_DPKG_CACHE_METHOD"         : "none"

[ 01 ] [ target/debs/trixie/systemd-sonic-generator_1.0.0_amd64.deb ]
[A[K[ 01 ] [ target/debs/trixie/systemd-sonic-generator_1.0.0_amd64.deb ]
[ 02 ] [ target/debs/trixie/sonic-platform-vs_1.0_amd64.deb ]
[A[K[A[K[ 01 ] [ target/debs/trixie/systemd-sonic-generator_1.0.0_amd64.deb ]
[ 02 ] [ target/debs/trixie/sonic-platform-vs_1.0_amd64.deb ]
[ 03 ] [ target/debs/trixie/initramfs-tools_0.142_all.deb ]
[A[K[A[K[A[K[ 01 ] [ target/debs/trixie/systemd-sonic-generator_1.0.0_amd64.deb ]
[ 02 ] [ target/debs/trixie/sonic-platform-vs_1.0_amd64.deb ]
[ 03 ] [ target/debs/trixie/initramfs-tools_0.142_all.deb ]
[ 04 ] [ target/debs/trixie/linux-headers-6.12.41+deb13-common-sonic_6.12.41-1_all.deb ]
[A[K[A[K[A[K[A[K[ 01 ] [ target/debs/trixie/systemd-sonic-generator_1.0.0_amd64.deb ]
[ 02 ] [ target/debs/trixie/sonic-platform-vs_1.0_amd64.deb ]
[ 03 ] [ target/debs/trixie/initramfs-tools_0.142_all.deb ]
[ 04 ] [ target/debs/trixie/linux-headers-6.12.41+deb13-common-sonic_6.12.41-1_all.deb ]
[ 05 ] [ target/debs/trixie/sonic-device-data_1.0-1_all.deb ]
[A[K[A[K[A[K[A[K[A[K[ 01 ] [ target/debs/trixie/systemd-sonic-generator_1.0.0_amd64.deb ]
[ 02 ] [ target/debs/trixie/sonic-platform-vs_1.0_amd64.deb ]
[ 03 ] [ target/debs/trixie/initramfs-tools_0.142_all.deb ]
[ 04 ] [ target/debs/trixie/linux-headers-6.12.41+deb13-common-sonic_6.12.41-1_all.deb ]
[ 05 ] [ target/debs/trixie/sonic-device-data_1.0-1_all.deb ]
[ 06 ] [ target/debs/trixie/ifupdown2_3.0.0-1_all.deb ]
[A[K[A[K[A[K[A[K[A[K[A[K[ 01 ] [ target/debs/trixie/systemd-sonic-generator_1.0.0_amd64.deb ]
[ 02 ] [ target/debs/trixie/sonic-platform-vs_1.0_amd64.deb ]
[ 03 ] [ target/debs/trixie/initramfs-tools_0.142_all.deb ]
[ 04 ] [ target/debs/trixie/linux-headers-6.12.41+deb13-common-sonic_6.12.41-1_all.deb ]
[ 05 ] [ target/debs/trixie/sonic-device-data_1.0-1_all.deb ]
[ 06 ] [ target/debs/trixie/ifupdown2_3.0.0-1_all.deb ]
[ 07 ] [ target/debs/trixie/makedumpfile_1.7.7-1_amd64.deb ]
[A[K[A[K[A[K[A[K[A[K[A[K[A[K[ 01 ] [ target/debs/trixie/systemd-sonic-generator_1.0.0_amd64.deb ]
[ 02 ] [ target/debs/trixie/sonic-platform-vs_1.0_amd64.deb ]
[ 03 ] [ target/debs/trixie/initramfs-tools_0.142_all.deb ]
[ 04 ] [ target/debs/trixie/linux-headers-6.12.41+deb13-common-sonic_6.12.41-1_all.deb ]
[ 05 ] [ target/debs/trixie/sonic-device-data_1.0-1_all.deb ]
[ 06 ] [ target/debs/trixie/ifupdown2_3.0.0-1_all.deb ]
[ 07 ] [ target/debs/trixie/makedumpfile_1.7.7-1_amd64.deb ]
[ 08 ] [ target/debs/trixie/kdump-tools_1.10.7_amd64.deb ]
[A[K[A[K[A[K[A[K[A[K[A[K[A[K[A[K[ 01 ] [ target/debs/trixie/systemd-sonic-generator_1.0.0_amd64.deb ]
[ 02 ] [ target/debs/trixie/initramfs-tools_0.142_all.deb ]
[ 03 ] [ target/debs/trixie/linux-headers-6.12.41+deb13-common-sonic_6.12.41-1_all.deb ]
[ 04 ] [ target/debs/trixie/sonic-device-data_1.0-1_all.deb ]
[ 05 ] [ target/debs/trixie/ifupdown2_3.0.0-1_all.deb ]
[ 06 ] [ target/debs/trixie/makedumpfile_1.7.7-1_amd64.deb ]
[ 07 ] [ target/debs/trixie/kdump-tools_1.10.7_amd64.deb ]
[A[K[A[K[A[K[A[K[A[K[A[K[A[K[ 01 ] [ target/debs/trixie/systemd-sonic-generator_1.0.0_amd64.deb ]
[ 02 ] [ target/debs/trixie/initramfs-tools_0.142_all.deb ]
[ 03 ] [ target/debs/trixie/linux-headers-6.12.41+deb13-common-sonic_6.12.41-1_all.deb ]
[ 04 ] [ target/debs/trixie/sonic-device-data_1.0-1_all.deb ]
[ 05 ] [ target/debs/trixie/ifupdown2_3.0.0-1_all.deb ]
[ 06 ] [ target/debs/trixie/makedumpfile_1.7.7-1_amd64.deb ]
[ 07 ] [ target/debs/trixie/kdump-tools_1.10.7_amd64.deb ]
[ 08 ] [ target/debs/trixie/libpam-radius-auth_1.4.1-1_amd64.deb ]
[A[K[A[K[A[K[A[K[A[K[A[K[A[K[A[K[ 01 ] [ target/debs/trixie/systemd-sonic-generator_1.0.0_amd64.deb ]
[ 02 ] [ target/debs/trixie/linux-headers-6.12.41+deb13-common-sonic_6.12.41-1_all.deb ]
[ 03 ] [ target/debs/trixie/sonic-device-data_1.0-1_all.deb ]
[ 04 ] [ target/debs/trixie/ifupdown2_3.0.0-1_all.deb ]
[ 05 ] [ target/debs/trixie/makedumpfile_1.7.7-1_amd64.deb ]
[ 06 ] [ target/debs/trixie/kdump-tools_1.10.7_amd64.deb ]
[ 07 ] [ target/debs/trixie/libpam-radius-auth_1.4.1-1_amd64.deb ]
[A[K[A[K[A[K[A[K[A[K[A[K[A[K[ 01 ] [ target/debs/trixie/systemd-sonic-generator_1.0.0_amd64.deb ]
[ 02 ] [ target/debs/trixie/linux-headers-6.12.41+deb13-common-sonic_6.12.41-1_all.deb ]
[ 03 ] [ target/debs/trixie/sonic-device-data_1.0-1_all.deb ]
[ 04 ] [ target/debs/trixie/ifupdown2_3.0.0-1_all.deb ]
[ 05 ] [ target/debs/trixie/makedumpfile_1.7.7-1_amd64.deb ]
[ 06 ] [ target/debs/trixie/kdump-tools_1.10.7_amd64.deb ]
[ 07 ] [ target/debs/trixie/libpam-radius-auth_1.4.1-1_amd64.deb ]
[ 08 ] [ target/debs/trixie/libnss-radius_1.0.1-1_amd64.deb ]
[A[K[A[K[A[K[A[K[A[K[A[K[A[K[A[K[ 01 ] [ target/debs/trixie/systemd-sonic-generator_1.0.0_amd64.deb ]
[ 02 ] [ target/debs/trixie/linux-headers-6.12.41+deb13-common-sonic_6.12.41-1_all.deb ]
[ 03 ] [ target/debs/trixie/sonic-device-data_1.0-1_all.deb ]
[ 04 ] [ target/debs/trixie/ifupdown2_3.0.0-1_all.deb ]
[ 05 ] [ target/debs/trixie/makedumpfile_1.7.7-1_amd64.deb ]
[ 06 ] [ target/debs/trixie/kdump-tools_1.10.7_amd64.deb ]
[ 07 ] [ target/debs/trixie/libpam-radius-auth_1.4.1-1_amd64.deb ]
[A[K[A[K[A[K[A[K[A[K[A[K[A[K[ 01 ] [ target/debs/trixie/systemd-sonic-generator_1.0.0_amd64.deb ]
[ 02 ] [ target/debs/trixie/linux-headers-6.12.41+deb13-common-sonic_6.12.41-1_all.deb ]
[ 03 ] [ target/debs/trixie/sonic-device-data_1.0-1_all.deb ]
[ 04 ] [ target/debs/trixie/ifupdown2_3.0.0-1_all.deb ]
[ 05 ] [ target/debs/trixie/makedumpfile_1.7.7-1_amd64.deb ]
[ 06 ] [ target/debs/trixie/kdump-tools_1.10.7_amd64.deb ]
[ 07 ] [ target/debs/trixie/libpam-radius-auth_1.4.1-1_amd64.deb ]
[ 08 ] [ target/debs/trixie/libtac2_1.4.1-1_amd64.deb ]
[A[K[A[K[A[K[A[K[A[K[A[K[A[K[A[K[ 01 ] [ target/debs/trixie/systemd-sonic-generator_1.0.0_amd64.deb ]
[ 02 ] [ target/debs/trixie/linux-headers-6.12.41+deb13-common-sonic_6.12.41-1_all.deb ]
[ 03 ] [ target/debs/trixie/sonic-device-data_1.0-1_all.deb ]
[ 04 ] [ target/debs/trixie/ifupdown2_3.0.0-1_all.deb ]
[ 05 ] [ target/debs/trixie/kdump-tools_1.10.7_amd64.deb ]
[ 06 ] [ target/debs/trixie/libpam-radius-auth_1.4.1-1_amd64.deb ]
[ 07 ] [ target/debs/trixie/libtac2_1.4.1-1_amd64.deb ]
[A[K[A[K[A[K[A[K[A[K[A[K[A[K[ 01 ] [ target/debs/trixie/systemd-sonic-generator_1.0.0_amd64.deb ]
[ 02 ] [ target/debs/trixie/linux-headers-6.12.41+deb13-common-sonic_6.12.41-1_all.deb ]
[ 03 ] [ target/debs/trixie/sonic-device-data_1.0-1_all.deb ]
[ 04 ] [ target/debs/trixie/ifupdown2_3.0.0-1_all.deb ]
[ 05 ] [ target/debs/trixie/kdump-tools_1.10.7_amd64.deb ]
[ 06 ] [ target/debs/trixie/libpam-radius-auth_1.4.1-1_amd64.deb ]
[ 07 ] [ target/debs/trixie/libtac2_1.4.1-1_amd64.deb ]
[ 08 ] [ target/debs/trixie/monit_5.34.3-1_amd64.deb ]
[A[K[A[K[A[K[A[K[A[K[A[K[A[K[A[K[ 01 ] [ target/debs/trixie/linux-headers-6.12.41+deb13-common-sonic_6.12.41-1_all.deb ]
[ 02 ] [ target/debs/trixie/sonic-device-data_1.0-1_all.deb ]
[ 03 ] [ target/debs/trixie/ifupdown2_3.0.0-1_all.deb ]
[ 04 ] [ target/debs/trixie/kdump-tools_1.10.7_amd64.deb ]
[ 05 ] [ target/debs/trixie/libpam-radius-auth_1.4.1-1_amd64.deb ]
[ 06 ] [ target/debs/trixie/libtac2_1.4.1-1_amd64.deb ]
[ 07 ] [ target/debs/trixie/monit_5.34.3-1_amd64.deb ]
[A[K[A[K[A[K[A[K[A[K[A[K[A[K[ 01 ] [ target/debs/trixie/linux-headers-6.12.41+deb13-common-sonic_6.12.41-1_all.deb ]
[ 02 ] [ target/debs/trixie/sonic-device-data_1.0-1_all.deb ]
[ 03 ] [ target/debs/trixie/ifupdown2_3.0.0-1_all.deb ]
[ 04 ] [ target/debs/trixie/kdump-tools_1.10.7_amd64.deb ]
[ 05 ] [ target/debs/trixie/libpam-radius-auth_1.4.1-1_amd64.deb ]
[ 06 ] [ target/debs/trixie/libtac2_1.4.1-1_amd64.deb ]
[ 07 ] [ target/debs/trixie/monit_5.34.3-1_amd64.deb ]
[ 08 ] [ target/debs/trixie/libnl-3-200_3.7.0-0.2+b1sonic1_amd64.deb ]
[A[K[A[K[A[K[A[K[A[K[A[K[A[K[A[K[ 01 ] [ target/debs/trixie/linux-headers-6.12.41+deb13-common-sonic_6.12.41-1_all.deb ]
[ 02 ] [ target/debs/trixie/sonic-device-data_1.0-1_all.deb ]
[ 03 ] [ target/debs/trixie/kdump-tools_1.10.7_amd64.deb ]
[ 04 ] [ target/debs/trixie/libpam-radius-auth_1.4.1-1_amd64.deb ]
[ 05 ] [ target/debs/trixie/libtac2_1.4.1-1_amd64.deb ]
[ 06 ] [ target/debs/trixie/monit_5.34.3-1_amd64.deb ]
[ 07 ] [ target/debs/trixie/libnl-3-200_3.7.0-0.2+b1sonic1_amd64.deb ]
[A[K[A[K[A[K[A[K[A[K[A[K[A[K[ 01 ] [ target/debs/trixie/linux-headers-6.12.41+deb13-common-sonic_6.12.41-1_all.deb ]
[ 02 ] [ target/debs/trixie/sonic-device-data_1.0-1_all.deb ]
[ 03 ] [ target/debs/trixie/kdump-tools_1.10.7_amd64.deb ]
[ 04 ] [ target/debs/trixie/libpam-radius-auth_1.4.1-1_amd64.deb ]
[ 05 ] [ target/debs/trixie/libtac2_1.4.1-1_amd64.deb ]
[ 06 ] [ target/debs/trixie/monit_5.34.3-1_amd64.deb ]
[ 07 ] [ target/debs/trixie/libnl-3-200_3.7.0-0.2+b1sonic1_amd64.deb ]
[ 08 ] [ target/debs/trixie/libyang3_3.12.2-1_amd64.deb ]
[A[K[A[K[A[K[A[K[A[K[A[K[A[K[A[K[ 01 ] [ target/debs/trixie/linux-headers-6.12.41+deb13-common-sonic_6.12.41-1_all.deb ]
[ 02 ] [ target/debs/trixie/sonic-device-data_1.0-1_all.deb ]
[ 03 ] [ target/debs/trixie/libpam-radius-auth_1.4.1-1_amd64.deb ]
[ 04 ] [ target/debs/trixie/libtac2_1.4.1-1_amd64.deb ]
[ 05 ] [ target/debs/trixie/monit_5.34.3-1_amd64.deb ]
[ 06 ] [ target/debs/trixie/libnl-3-200_3.7.0-0.2+b1sonic1_amd64.deb ]
[ 07 ] [ target/debs/trixie/libyang3_3.12.2-1_amd64.deb ]
[A[K[A[K[A[K[A[K[A[K[A[K[A[K[ 01 ] [ target/debs/trixie/linux-headers-6.12.41+deb13-common-sonic_6.12.41-1_all.deb ]
[ 02 ] [ target/debs/trixie/sonic-device-data_1.0-1_all.deb ]
[ 03 ] [ target/debs/trixie/libpam-radius-auth_1.4.1-1_amd64.deb ]
[ 04 ] [ target/debs/trixie/libtac2_1.4.1-1_amd64.deb ]
[ 05 ] [ target/debs/trixie/monit_5.34.3-1_amd64.deb ]
[ 06 ] [ target/debs/trixie/libnl-3-200_3.7.0-0.2+b1sonic1_amd64.deb ]
[ 07 ] [ target/debs/trixie/libyang3_3.12.2-1_amd64.deb ]
[ 08 ] [ target/debs/trixie/sonic-nettools_0.0.1-0_amd64.deb ]
[A[K[A[K[A[K[A[K[A[K[A[K[A[K[A[K[ 01 ] [ target/debs/trixie/linux-headers-6.12.41+deb13-common-sonic_6.12.41-1_all.deb ]
[ 02 ] [ target/debs/trixie/sonic-device-data_1.0-1_all.deb ]
[ 03 ] [ target/debs/trixie/libpam-radius-auth_1.4.1-1_amd64.deb ]
[ 04 ] [ target/debs/trixie/monit_5.34.3-1_amd64.deb ]
[ 05 ] [ target/debs/trixie/libnl-3-200_3.7.0-0.2+b1sonic1_amd64.deb ]
[ 06 ] [ target/debs/trixie/libyang3_3.12.2-1_amd64.deb ]
[ 07 ] [ target/debs/trixie/sonic-nettools_0.0.1-0_amd64.deb ]
[A[K[A[K[A[K[A[K[A[K[A[K[A[K[ 01 ] [ target/debs/trixie/linux-headers-6.12.41+deb13-common-sonic_6.12.41-1_all.deb ]
[ 02 ] [ target/debs/trixie/sonic-device-data_1.0-1_all.deb ]
[ 03 ] [ target/debs/trixie/libpam-radius-auth_1.4.1-1_amd64.deb ]
[ 04 ] [ target/debs/trixie/monit_5.34.3-1_amd64.deb ]
[ 05 ] [ target/debs/trixie/libnl-3-200_3.7.0-0.2+b1sonic1_amd64.deb ]
[ 06 ] [ target/debs/trixie/libyang3_3.12.2-1_amd64.deb ]
[ 07 ] [ target/debs/trixie/sonic-nettools_0.0.1-0_amd64.deb ]
[ 08 ] [ target/python-wheels/trixie/redis_dump_load-1.1-py3-none-any.whl ]
[A[K[A[K[A[K[A[K[A[K[A[K[A[K[A[K[ 01 ] [ target/debs/trixie/linux-headers-6.12.41+deb13-common-sonic_6.12.41-1_all.deb ]
[ 02 ] [ target/debs/trixie/sonic-device-data_1.0-1_all.deb ]
[ 03 ] [ target/debs/trixie/libpam-radius-auth_1.4.1-1_amd64.deb ]
[ 04 ] [ target/debs/trixie/monit_5.34.3-1_amd64.deb ]
[ 05 ] [ target/debs/trixie/libnl-3-200_3.7.0-0.2+b1sonic1_amd64.deb ]
[ 06 ] [ target/debs/trixie/libyang3_3.12.2-1_amd64.deb ]
[ 07 ] [ target/debs/trixie/sonic-nettools_0.0.1-0_amd64.deb ]
[A[K[A[K[A[K[A[K[A[K[A[K[A[K[ 01 ] [ target/debs/trixie/linux-headers-6.12.41+deb13-common-sonic_6.12.41-1_all.deb ]
[ 02 ] [ target/debs/trixie/sonic-device-data_1.0-1_all.deb ]
[ 03 ] [ target/debs/trixie/libpam-radius-auth_1.4.1-1_amd64.deb ]
[ 04 ] [ target/debs/trixie/monit_5.34.3-1_amd64.deb ]
[ 05 ] [ target/debs/trixie/libnl-3-200_3.7.0-0.2+b1sonic1_amd64.deb ]
[ 06 ] [ target/debs/trixie/libyang3_3.12.2-1_amd64.deb ]
[ 07 ] [ target/debs/trixie/sonic-nettools_0.0.1-0_amd64.deb ]
[ 08 ] [ target/debs/trixie/sonic-host-services-data_1.0-1_all.deb ]
[A[K[A[K[A[K[A[K[A[K[A[K[A[K[A[K[ 01 ] [ target/debs/trixie/linux-headers-6.12.41+deb13-common-sonic_6.12.41-1_all.deb ]
[ 02 ] [ target/debs/trixie/sonic-device-data_1.0-1_all.deb ]
[ 03 ] [ target/debs/trixie/libpam-radius-auth_1.4.1-1_amd64.deb ]
[ 04 ] [ target/debs/trixie/monit_5.34.3-1_amd64.deb ]
[ 05 ] [ target/debs/trixie/libnl-3-200_3.7.0-0.2+b1sonic1_amd64.deb ]
[ 06 ] [ target/debs/trixie/libyang3_3.12.2-1_amd64.deb ]
[ 07 ] [ target/debs/trixie/sonic-nettools_0.0.1-0_amd64.deb ]
[A[K[A[K[A[K[A[K[A[K[A[K[A[K[ 01 ] [ target/debs/trixie/linux-headers-6.12.41+deb13-common-sonic_6.12.41-1_all.deb ]
[ 02 ] [ target/debs/trixie/sonic-device-data_1.0-1_all.deb ]
[ 03 ] [ target/debs/trixie/libpam-radius-auth_1.4.1-1_amd64.deb ]
[ 04 ] [ target/debs/trixie/monit_5.34.3-1_amd64.deb ]
[ 05 ] [ target/debs/trixie/libnl-3-200_3.7.0-0.2+b1sonic1_amd64.deb ]
[ 06 ] [ target/debs/trixie/libyang3_3.12.2-1_amd64.deb ]
[ 07 ] [ target/debs/trixie/sonic-nettools_0.0.1-0_amd64.deb ]
[ 08 ] [ target/debs/trixie/socat_1.7.4.1-3_amd64.deb ]
[A[K[A[K[A[K[A[K[A[K[A[K[A[K[A[K[ 01 ] [ target/debs/trixie/linux-headers-6.12.41+deb13-common-sonic_6.12.41-1_all.deb ]
[ 02 ] [ target/debs/trixie/sonic-device-data_1.0-1_all.deb ]
[ 03 ] [ target/debs/trixie/libpam-radius-auth_1.4.1-1_amd64.deb ]
[ 04 ] [ target/debs/trixie/monit_5.34.3-1_amd64.deb ]
[ 05 ] [ target/debs/trixie/libyang3_3.12.2-1_amd64.deb ]
[ 06 ] [ target/debs/trixie/sonic-nettools_0.0.1-0_amd64.deb ]
[ 07 ] [ target/debs/trixie/socat_1.7.4.1-3_amd64.deb ]
[A[K[A[K[A[K[A[K[A[K[A[K[A[K[ 01 ] [ target/debs/trixie/linux-headers-6.12.41+deb13-common-sonic_6.12.41-1_all.deb ]
[ 02 ] [ target/debs/trixie/sonic-device-data_1.0-1_all.deb ]
[ 03 ] [ target/debs/trixie/libpam-radius-auth_1.4.1-1_amd64.deb ]
[ 04 ] [ target/debs/trixie/monit_5.34.3-1_amd64.deb ]
[ 05 ] [ target/debs/trixie/libyang3_3.12.2-1_amd64.deb ]
[ 06 ] [ target/debs/trixie/sonic-nettools_0.0.1-0_amd64.deb ]
[ 07 ] [ target/debs/trixie/socat_1.7.4.1-3_amd64.deb ]
[ 08 ] [ target/debs/trixie/bash_5.2.37-2_amd64.deb ]
[A[K[A[K[A[K[A[K[A[K[A[K[A[K[A[K[ 01 ] [ target/debs/trixie/linux-headers-6.12.41+deb13-common-sonic_6.12.41-1_all.deb ]
[ 02 ] [ target/debs/trixie/sonic-device-data_1.0-1_all.deb ]
[ 03 ] [ target/debs/trixie/libpam-radius-auth_1.4.1-1_amd64.deb ]
[ 04 ] [ target/debs/trixie/monit_5.34.3-1_amd64.deb ]
[ 05 ] [ target/debs/trixie/libyang3_3.12.2-1_amd64.deb ]
[ 06 ] [ target/debs/trixie/sonic-nettools_0.0.1-0_amd64.deb ]
[ 07 ] [ target/debs/trixie/bash_5.2.37-2_amd64.deb ]
[A[K[A[K[A[K[A[K[A[K[A[K[A[K[ 01 ] [ target/debs/trixie/linux-headers-6.12.41+deb13-common-sonic_6.12.41-1_all.deb ]
[ 02 ] [ target/debs/trixie/sonic-device-data_1.0-1_all.deb ]
[ 03 ] [ target/debs/trixie/libpam-radius-auth_1.4.1-1_amd64.deb ]
[ 04 ] [ target/debs/trixie/monit_5.34.3-1_amd64.deb ]
[ 05 ] [ target/debs/trixie/libyang3_3.12.2-1_amd64.deb ]
[ 06 ] [ target/debs/trixie/sonic-nettools_0.0.1-0_amd64.deb ]
[ 07 ] [ target/debs/trixie/bash_5.2.37-2_amd64.deb ]
[ 08 ] [ target/debs/trixie/libtac2_1.4.1-1_amd64.deb-install ]
[A[K[A[K[A[K[A[K[A[K[A[K[A[K[A[K[ 01 ] [ target/debs/trixie/linux-headers-6.12.41+deb13-common-sonic_6.12.41-1_all.deb ]
[ 02 ] [ target/debs/trixie/sonic-device-data_1.0-1_all.deb ]
[ 03 ] [ target/debs/trixie/libpam-radius-auth_1.4.1-1_amd64.deb ]
[ 04 ] [ target/debs/trixie/monit_5.34.3-1_amd64.deb ]
[ 05 ] [ target/debs/trixie/libyang3_3.12.2-1_amd64.deb ]
[ 06 ] [ target/debs/trixie/sonic-nettools_0.0.1-0_amd64.deb ]
[ 07 ] [ target/debs/trixie/bash_5.2.37-2_amd64.deb ]
[A[K[A[K[A[K[A[K[A[K[A[K[A[K[ 01 ] [ target/debs/trixie/linux-headers-6.12.41+deb13-common-sonic_6.12.41-1_all.deb ]
[ 02 ] [ target/debs/trixie/sonic-device-data_1.0-1_all.deb ]
[ 03 ] [ target/debs/trixie/libpam-radius-auth_1.4.1-1_amd64.deb ]
[ 04 ] [ target/debs/trixie/monit_5.34.3-1_amd64.deb ]
[ 05 ] [ target/debs/trixie/libyang3_3.12.2-1_amd64.deb ]
[ 06 ] [ target/debs/trixie/sonic-nettools_0.0.1-0_amd64.deb ]
[ 07 ] [ target/debs/trixie/bash_5.2.37-2_amd64.deb ]
[ 08 ] [ target/debs/trixie/libnl-3-200_3.7.0-0.2+b1sonic1_amd64.deb-install ]
[A[K[A[K[A[K[A[K[A[K[A[K[A[K[A[K[ 01 ] [ target/debs/trixie/linux-headers-6.12.41+deb13-common-sonic_6.12.41-1_all.deb ]
[ 02 ] [ target/debs/trixie/sonic-device-data_1.0-1_all.deb ]
[ 03 ] [ target/debs/trixie/libpam-radius-auth_1.4.1-1_amd64.deb ]
[ 04 ] [ target/debs/trixie/monit_5.34.3-1_amd64.deb ]
[ 05 ] [ target/debs/trixie/libyang3_3.12.2-1_amd64.deb ]
[ 06 ] [ target/debs/trixie/sonic-nettools_0.0.1-0_amd64.deb ]
[ 07 ] [ target/debs/trixie/bash_5.2.37-2_amd64.deb ]
[A[K[A[K[A[K[A[K[A[K[A[K[A[K[ 01 ] [ target/debs/trixie/linux-headers-6.12.41+deb13-common-sonic_6.12.41-1_all.deb ]
[ 02 ] [ target/debs/trixie/sonic-device-data_1.0-1_all.deb ]
[ 03 ] [ target/debs/trixie/libpam-radius-auth_1.4.1-1_amd64.deb ]
[ 04 ] [ target/debs/trixie/monit_5.34.3-1_amd64.deb ]
[ 05 ] [ target/debs/trixie/libyang3_3.12.2-1_amd64.deb ]
[ 06 ] [ target/debs/trixie/sonic-nettools_0.0.1-0_amd64.deb ]
[ 07 ] [ target/debs/trixie/bash_5.2.37-2_amd64.deb ]
[ 08 ] [ target/debs/trixie/sedutil_1.15-5ad84d8_amd64.deb ]
[A[K[A[K[A[K[A[K[A[K[A[K[A[K[A[K[ 01 ] [ target/debs/trixie/linux-headers-6.12.41+deb13-common-sonic_6.12.41-1_all.deb ]
[ 02 ] [ target/debs/trixie/sonic-device-data_1.0-1_all.deb ]
[ 03 ] [ target/debs/trixie/libpam-radius-auth_1.4.1-1_amd64.deb ]
[ 04 ] [ target/debs/trixie/monit_5.34.3-1_amd64.deb ]
[ 05 ] [ target/debs/trixie/libyang3_3.12.2-1_amd64.deb ]
[ 06 ] [ target/debs/trixie/sonic-nettools_0.0.1-0_amd64.deb ]
[ 07 ] [ target/debs/trixie/bash_5.2.37-2_amd64.deb ]
[A[K[A[K[A[K[A[K[A[K[A[K[A[K[ 01 ] [ target/debs/trixie/linux-headers-6.12.41+deb13-common-sonic_6.12.41-1_all.deb ]
[ 02 ] [ target/debs/trixie/sonic-device-data_1.0-1_all.deb ]
[ 03 ] [ target/debs/trixie/libpam-radius-auth_1.4.1-1_amd64.deb ]
[ 04 ] [ target/debs/trixie/monit_5.34.3-1_amd64.deb ]
[ 05 ] [ target/debs/trixie/libyang3_3.12.2-1_amd64.deb ]
[ 06 ] [ target/debs/trixie/sonic-nettools_0.0.1-0_amd64.deb ]
[ 07 ] [ target/debs/trixie/bash_5.2.37-2_amd64.deb ]
[ 08 ] [ target/debs/trixie/grub2-common_2.06-13+deb13u1_amd64.deb ]
[A[K[A[K[A[K[A[K[A[K[A[K[A[K[A[K[ 01 ] [ target/debs/trixie/linux-headers-6.12.41+deb13-common-sonic_6.12.41-1_all.deb ]
[ 02 ] [ target/debs/trixie/sonic-device-data_1.0-1_all.deb ]
[ 03 ] [ target/debs/trixie/libpam-radius-auth_1.4.1-1_amd64.deb ]
[ 04 ] [ target/debs/trixie/monit_5.34.3-1_amd64.deb ]
[ 05 ] [ target/debs/trixie/sonic-nettools_0.0.1-0_amd64.deb ]
[ 06 ] [ target/debs/trixie/bash_5.2.37-2_amd64.deb ]
[ 07 ] [ target/debs/trixie/grub2-common_2.06-13+deb13u1_amd64.deb ]
[A[K[A[K[A[K[A[K[A[K[A[K[A[K[ 01 ] [ target/debs/trixie/linux-headers-6.12.41+deb13-common-sonic_6.12.41-1_all.deb ]
[ 02 ] [ target/debs/trixie/sonic-device-data_1.0-1_all.deb ]
[ 03 ] [ target/debs/trixie/libpam-radius-auth_1.4.1-1_amd64.deb ]
[ 04 ] [ target/debs/trixie/monit_5.34.3-1_amd64.deb ]
[ 05 ] [ target/debs/trixie/sonic-nettools_0.0.1-0_amd64.deb ]
[ 06 ] [ target/debs/trixie/bash_5.2.37-2_amd64.deb ]
[ 07 ] [ target/debs/trixie/grub2-common_2.06-13+deb13u1_amd64.deb ]
[ 08 ] [ target/files/trixie/swss_vars.j2 ]
[A[K[A[K[A[K[A[K[A[K[A[K[A[K[A[K[ 01 ] [ target/debs/trixie/linux-headers-6.12.41+deb13-common-sonic_6.12.41-1_all.deb ]
[ 02 ] [ target/debs/trixie/sonic-device-data_1.0-1_all.deb ]
[ 03 ] [ target/debs/trixie/libpam-radius-auth_1.4.1-1_amd64.deb ]
[ 04 ] [ target/debs/trixie/monit_5.34.3-1_amd64.deb ]
[ 05 ] [ target/debs/trixie/sonic-nettools_0.0.1-0_amd64.deb ]
[ 06 ] [ target/debs/trixie/bash_5.2.37-2_amd64.deb ]
[ 07 ] [ target/debs/trixie/grub2-common_2.06-13+deb13u1_amd64.deb ]
[A[K[A[K[A[K[A[K[A[K[A[K[A[K[ 01 ] [ target/debs/trixie/linux-headers-6.12.41+deb13-common-sonic_6.12.41-1_all.deb ]
[ 02 ] [ target/debs/trixie/sonic-device-data_1.0-1_all.deb ]
[ 03 ] [ target/debs/trixie/libpam-radius-auth_1.4.1-1_amd64.deb ]
[ 04 ] [ target/debs/trixie/monit_5.34.3-1_amd64.deb ]
[ 05 ] [ target/debs/trixie/sonic-nettools_0.0.1-0_amd64.deb ]
[ 06 ] [ target/debs/trixie/bash_5.2.37-2_amd64.deb ]
[ 07 ] [ target/debs/trixie/grub2-common_2.06-13+deb13u1_amd64.deb ]
[ 08 ] [ target/files/trixie/rsyslog_plugin.conf.j2 ]
[A[K[A[K[A[K[A[K[A[K[A[K[A[K[A[K[ 01 ] [ target/debs/trixie/linux-headers-6.12.41+deb13-common-sonic_6.12.41-1_all.deb ]
[ 02 ] [ target/debs/trixie/sonic-device-data_1.0-1_all.deb ]
[ 03 ] [ target/debs/trixie/libpam-radius-auth_1.4.1-1_amd64.deb ]
[ 04 ] [ target/debs/trixie/monit_5.34.3-1_amd64.deb ]
[ 05 ] [ target/debs/trixie/sonic-nettools_0.0.1-0_amd64.deb ]
[ 06 ] [ target/debs/trixie/bash_5.2.37-2_amd64.deb ]
[ 07 ] [ target/debs/trixie/grub2-common_2.06-13+deb13u1_amd64.deb ]
[A[K[A[K[A[K[A[K[A[K[A[K[A[K[ 01 ] [ target/debs/trixie/linux-headers-6.12.41+deb13-common-sonic_6.12.41-1_all.deb ]
[ 02 ] [ target/debs/trixie/sonic-device-data_1.0-1_all.deb ]
[ 03 ] [ target/debs/trixie/libpam-radius-auth_1.4.1-1_amd64.deb ]
[ 04 ] [ target/debs/trixie/monit_5.34.3-1_amd64.deb ]
[ 05 ] [ target/debs/trixie/sonic-nettools_0.0.1-0_amd64.deb ]
[ 06 ] [ target/debs/trixie/bash_5.2.37-2_amd64.deb ]
[ 07 ] [ target/debs/trixie/grub2-common_2.06-13+deb13u1_amd64.deb ]
[ 08 ] [ target/files/trixie/container ]
[A[K[A[K[A[K[A[K[A[K[A[K[A[K[A[K[ 01 ] [ target/debs/trixie/linux-headers-6.12.41+deb13-common-sonic_6.12.41-1_all.deb ]
[ 02 ] [ target/debs/trixie/sonic-device-data_1.0-1_all.deb ]
[ 03 ] [ target/debs/trixie/libpam-radius-auth_1.4.1-1_amd64.deb ]
[ 04 ] [ target/debs/trixie/monit_5.34.3-1_amd64.deb ]
[ 05 ] [ target/debs/trixie/sonic-nettools_0.0.1-0_amd64.deb ]
[ 06 ] [ target/debs/trixie/bash_5.2.37-2_amd64.deb ]
[ 07 ] [ target/debs/trixie/grub2-common_2.06-13+deb13u1_amd64.deb ]
[A[K[A[K[A[K[A[K[A[K[A[K[A[K[ 01 ] [ target/debs/trixie/linux-headers-6.12.41+deb13-common-sonic_6.12.41-1_all.deb ]
[ 02 ] [ target/debs/trixie/sonic-device-data_1.0-1_all.deb ]
[ 03 ] [ target/debs/trixie/libpam-radius-auth_1.4.1-1_amd64.deb ]
[ 04 ] [ target/debs/trixie/monit_5.34.3-1_amd64.deb ]
[ 05 ] [ target/debs/trixie/sonic-nettools_0.0.1-0_amd64.deb ]
[ 06 ] [ target/debs/trixie/bash_5.2.37-2_amd64.deb ]
[ 07 ] [ target/debs/trixie/grub2-common_2.06-13+deb13u1_amd64.deb ]
[ 08 ] [ target/files/trixie/readiness_probe.sh ]
[A[K[A[K[A[K[A[K[A[K[A[K[A[K[A[K[ 01 ] [ target/debs/trixie/linux-headers-6.12.41+deb13-common-sonic_6.12.41-1_all.deb ]
[ 02 ] [ target/debs/trixie/sonic-device-data_1.0-1_all.deb ]
[ 03 ] [ target/debs/trixie/libpam-radius-auth_1.4.1-1_amd64.deb ]
[ 04 ] [ target/debs/trixie/monit_5.34.3-1_amd64.deb ]
[ 05 ] [ target/debs/trixie/sonic-nettools_0.0.1-0_amd64.deb ]
[ 06 ] [ target/debs/trixie/bash_5.2.37-2_amd64.deb ]
[ 07 ] [ target/debs/trixie/grub2-common_2.06-13+deb13u1_amd64.deb ]
[A[K[A[K[A[K[A[K[A[K[A[K[A[K[ 01 ] [ target/debs/trixie/linux-headers-6.12.41+deb13-common-sonic_6.12.41-1_all.deb ]
[ 02 ] [ target/debs/trixie/sonic-device-data_1.0-1_all.deb ]
[ 03 ] [ target/debs/trixie/libpam-radius-auth_1.4.1-1_amd64.deb ]
[ 04 ] [ target/debs/trixie/monit_5.34.3-1_amd64.deb ]
[ 05 ] [ target/debs/trixie/sonic-nettools_0.0.1-0_amd64.deb ]
[ 06 ] [ target/debs/trixie/bash_5.2.37-2_amd64.deb ]
[ 07 ] [ target/debs/trixie/grub2-common_2.06-13+deb13u1_amd64.deb ]
[ 08 ] [ target/files/trixie/container_startup.py ]
[A[K[A[K[A[K[A[K[A[K[A[K[A[K[A[K[ 01 ] [ target/debs/trixie/linux-headers-6.12.41+deb13-common-sonic_6.12.41-1_all.deb ]
[ 02 ] [ target/debs/trixie/sonic-device-data_1.0-1_all.deb ]
[ 03 ] [ target/debs/trixie/libpam-radius-auth_1.4.1-1_amd64.deb ]
[ 04 ] [ target/debs/trixie/monit_5.34.3-1_amd64.deb ]
[ 05 ] [ target/debs/trixie/sonic-nettools_0.0.1-0_amd64.deb ]
[ 06 ] [ target/debs/trixie/bash_5.2.37-2_amd64.deb ]
[ 07 ] [ target/debs/trixie/grub2-common_2.06-13+deb13u1_amd64.deb ]
[A[K[A[K[A[K[A[K[A[K[A[K[A[K[ 01 ] [ target/debs/trixie/linux-headers-6.12.41+deb13-common-sonic_6.12.41-1_all.deb ]
[ 02 ] [ target/debs/trixie/sonic-device-data_1.0-1_all.deb ]
[ 03 ] [ target/debs/trixie/libpam-radius-auth_1.4.1-1_amd64.deb ]
[ 04 ] [ target/debs/trixie/monit_5.34.3-1_amd64.deb ]
[ 05 ] [ target/debs/trixie/sonic-nettools_0.0.1-0_amd64.deb ]
[ 06 ] [ target/debs/trixie/bash_5.2.37-2_amd64.deb ]
[ 07 ] [ target/debs/trixie/grub2-common_2.06-13+deb13u1_amd64.deb ]
[ 08 ] [ target/python-wheels/trixie/redis_dump_load-1.1-py3-none-any.whl-install ]
[A[K[A[K[A[K[A[K[A[K[A[K[A[K[A[K[ 01 ] [ target/debs/trixie/linux-headers-6.12.41+deb13-common-sonic_6.12.41-1_all.deb ]
[ 02 ] [ target/debs/trixie/sonic-device-data_1.0-1_all.deb ]
[ 03 ] [ target/debs/trixie/libpam-radius-auth_1.4.1-1_amd64.deb ]
[ 04 ] [ target/debs/trixie/monit_5.34.3-1_amd64.deb ]
[ 05 ] [ target/debs/trixie/sonic-nettools_0.0.1-0_amd64.deb ]
[ 06 ] [ target/debs/trixie/bash_5.2.37-2_amd64.deb ]
[ 07 ] [ target/debs/trixie/grub2-common_2.06-13+deb13u1_amd64.deb ]
[A[K[A[K[A[K[A[K[A[K[A[K[A[K[ 01 ] [ target/debs/trixie/linux-headers-6.12.41+deb13-common-sonic_6.12.41-1_all.deb ]
[ 02 ] [ target/debs/trixie/sonic-device-data_1.0-1_all.deb ]
[ 03 ] [ target/debs/trixie/libpam-radius-auth_1.4.1-1_amd64.deb ]
[ 04 ] [ target/debs/trixie/monit_5.34.3-1_amd64.deb ]
[ 05 ] [ target/debs/trixie/sonic-nettools_0.0.1-0_amd64.deb ]
[ 06 ] [ target/debs/trixie/bash_5.2.37-2_amd64.deb ]
[ 07 ] [ target/debs/trixie/grub2-common_2.06-13+deb13u1_amd64.deb ]
[ 08 ] [ target/debs/trixie/libyang3_3.12.2-1_amd64.deb-install ]
[A[K[A[K[A[K[A[K[A[K[A[K[A[K[A[K[ 01 ] [ target/debs/trixie/linux-headers-6.12.41+deb13-common-sonic_6.12.41-1_all.deb ]
[ 02 ] [ target/debs/trixie/sonic-device-data_1.0-1_all.deb ]
[ 03 ] [ target/debs/trixie/libpam-radius-auth_1.4.1-1_amd64.deb ]
[ 04 ] [ target/debs/trixie/monit_5.34.3-1_amd64.deb ]
[ 05 ] [ target/debs/trixie/sonic-nettools_0.0.1-0_amd64.deb ]
[ 06 ] [ target/debs/trixie/bash_5.2.37-2_amd64.deb ]
[ 07 ] [ target/debs/trixie/grub2-common_2.06-13+deb13u1_amd64.deb ]
[A[K[A[K[A[K[A[K[A[K[A[K[A[K[ 01 ] [ target/debs/trixie/linux-headers-6.12.41+deb13-common-sonic_6.12.41-1_all.deb ]
[ 02 ] [ target/debs/trixie/sonic-device-data_1.0-1_all.deb ]
[ 03 ] [ target/debs/trixie/libpam-radius-auth_1.4.1-1_amd64.deb ]
[ 04 ] [ target/debs/trixie/monit_5.34.3-1_amd64.deb ]
[ 05 ] [ target/debs/trixie/sonic-nettools_0.0.1-0_amd64.deb ]
[ 06 ] [ target/debs/trixie/bash_5.2.37-2_amd64.deb ]
[ 07 ] [ target/debs/trixie/grub2-common_2.06-13+deb13u1_amd64.deb ]
[ 08 ] [ target/debs/trixie/iproute2_6.15.0-1+sonic.0_amd64.deb ]
[A[K[A[K[A[K[A[K[A[K[A[K[A[K[A[K[ 01 ] [ target/debs/trixie/linux-headers-6.12.41+deb13-common-sonic_6.12.41-1_all.deb ]
[ 02 ] [ target/debs/trixie/sonic-device-data_1.0-1_all.deb ]
[ 03 ] [ target/debs/trixie/libpam-radius-auth_1.4.1-1_amd64.deb ]
[ 04 ] [ target/debs/trixie/sonic-nettools_0.0.1-0_amd64.deb ]
[ 05 ] [ target/debs/trixie/bash_5.2.37-2_amd64.deb ]
[ 06 ] [ target/debs/trixie/grub2-common_2.06-13+deb13u1_amd64.deb ]
[ 07 ] [ target/debs/trixie/iproute2_6.15.0-1+sonic.0_amd64.deb ]
[A[K[A[K[A[K[A[K[A[K[A[K[A[K[ 01 ] [ target/debs/trixie/linux-headers-6.12.41+deb13-common-sonic_6.12.41-1_all.deb ]
[ 02 ] [ target/debs/trixie/sonic-device-data_1.0-1_all.deb ]
[ 03 ] [ target/debs/trixie/libpam-radius-auth_1.4.1-1_amd64.deb ]
[ 04 ] [ target/debs/trixie/sonic-nettools_0.0.1-0_amd64.deb ]
[ 05 ] [ target/debs/trixie/grub2-common_2.06-13+deb13u1_amd64.deb ]
[ 06 ] [ target/debs/trixie/iproute2_6.15.0-1+sonic.0_amd64.deb ]
[A[K[A[K[A[K[A[K[A[K[A[K[ 01 ] [ target/debs/trixie/linux-headers-6.12.41+deb13-common-sonic_6.12.41-1_all.deb ]
[ 02 ] [ target/debs/trixie/sonic-device-data_1.0-1_all.deb ]
[ 03 ] [ target/debs/trixie/libpam-radius-auth_1.4.1-1_amd64.deb ]
[ 04 ] [ target/debs/trixie/sonic-nettools_0.0.1-0_amd64.deb ]
[ 05 ] [ target/debs/trixie/grub2-common_2.06-13+deb13u1_amd64.deb ]
[ 06 ] [ target/debs/trixie/iproute2_6.15.0-1+sonic.0_amd64.deb ]
[ 07 ] [ target/debs/trixie/symcrypt-openssl_1.9.4_amd64.deb ]
[A[K[A[K[A[K[A[K[A[K[A[K[A[K[ 01 ] [ target/debs/trixie/linux-headers-6.12.41+deb13-common-sonic_6.12.41-1_all.deb ]
[ 02 ] [ target/debs/trixie/sonic-device-data_1.0-1_all.deb ]
[ 03 ] [ target/debs/trixie/libpam-radius-auth_1.4.1-1_amd64.deb ]
[ 04 ] [ target/debs/trixie/sonic-nettools_0.0.1-0_amd64.deb ]
[ 05 ] [ target/debs/trixie/grub2-common_2.06-13+deb13u1_amd64.deb ]
[ 06 ] [ target/debs/trixie/iproute2_6.15.0-1+sonic.0_amd64.deb ]
[ 07 ] [ target/debs/trixie/symcrypt-openssl_1.9.4_amd64.deb ]
[ 08 ] [ target/debs/trixie/p4lang-pi_0.1.1-1_amd64.deb ]
[A[K[A[K[A[K[A[K[A[K[A[K[A[K[A[K[ 01 ] [ target/debs/trixie/linux-headers-6.12.41+deb13-common-sonic_6.12.41-1_all.deb ]
[ 02 ] [ target/debs/trixie/sonic-device-data_1.0-1_all.deb ]
[ 03 ] [ target/debs/trixie/libpam-radius-auth_1.4.1-1_amd64.deb ]
[ 04 ] [ target/debs/trixie/sonic-nettools_0.0.1-0_amd64.deb ]
[ 05 ] [ target/debs/trixie/grub2-common_2.06-13+deb13u1_amd64.deb ]
[ 06 ] [ target/debs/trixie/symcrypt-openssl_1.9.4_amd64.deb ]
[ 07 ] [ target/debs/trixie/p4lang-pi_0.1.1-1_amd64.deb ]
[A[K[A[K[A[K[A[K[A[K[A[K[A[K[ 01 ] [ target/debs/trixie/linux-headers-6.12.41+deb13-common-sonic_6.12.41-1_all.deb ]
[ 02 ] [ target/debs/trixie/sonic-device-data_1.0-1_all.deb ]
[ 03 ] [ target/debs/trixie/libpam-radius-auth_1.4.1-1_amd64.deb ]
[ 04 ] [ target/debs/trixie/sonic-nettools_0.0.1-0_amd64.deb ]
[ 05 ] [ target/debs/trixie/grub2-common_2.06-13+deb13u1_amd64.deb ]
[ 06 ] [ target/debs/trixie/symcrypt-openssl_1.9.4_amd64.deb ]
[ 07 ] [ target/debs/trixie/p4lang-pi_0.1.1-1_amd64.deb ]
[ 08 ] [ target/debs/trixie/libnexthopgroup_1.0.0_amd64.deb ]
[A[K[A[K[A[K[A[K[A[K[A[K[A[K[A[K[ 01 ] [ target/debs/trixie/linux-headers-6.12.41+deb13-common-sonic_6.12.41-1_all.deb ]
[ 02 ] [ target/debs/trixie/sonic-device-data_1.0-1_all.deb ]
[ 03 ] [ target/debs/trixie/sonic-nettools_0.0.1-0_amd64.deb ]
[ 04 ] [ target/debs/trixie/grub2-common_2.06-13+deb13u1_amd64.deb ]
[ 05 ] [ target/debs/trixie/symcrypt-openssl_1.9.4_amd64.deb ]
[ 06 ] [ target/debs/trixie/p4lang-pi_0.1.1-1_amd64.deb ]
[ 07 ] [ target/debs/trixie/libnexthopgroup_1.0.0_amd64.deb ]
[A[K[A[K[A[K[A[K[A[K[A[K[A[K[ 01 ] [ target/debs/trixie/linux-headers-6.12.41+deb13-common-sonic_6.12.41-1_all.deb ]
[ 02 ] [ target/debs/trixie/sonic-device-data_1.0-1_all.deb ]
[ 03 ] [ target/debs/trixie/sonic-nettools_0.0.1-0_amd64.deb ]
[ 04 ] [ target/debs/trixie/grub2-common_2.06-13+deb13u1_amd64.deb ]
[ 05 ] [ target/debs/trixie/symcrypt-openssl_1.9.4_amd64.deb ]
[ 06 ] [ target/debs/trixie/p4lang-pi_0.1.1-1_amd64.deb ]
[ 07 ] [ target/debs/trixie/libnexthopgroup_1.0.0_amd64.deb ]
[ 08 ] [ target/debs/trixie/libdashapi_1.0.0_amd64.deb ]
[A[K[A[K[A[K[A[K[A[K[A[K[A[K[A[K[ 01 ] [ target/debs/trixie/linux-headers-6.12.41+deb13-common-sonic_6.12.41-1_all.deb ]
[ 02 ] [ target/debs/trixie/sonic-device-data_1.0-1_all.deb ]
[ 03 ] [ target/debs/trixie/sonic-nettools_0.0.1-0_amd64.deb ]
[ 04 ] [ target/debs/trixie/grub2-common_2.06-13+deb13u1_amd64.deb ]
[ 05 ] [ target/debs/trixie/symcrypt-openssl_1.9.4_amd64.deb ]
[ 06 ] [ target/debs/trixie/p4lang-pi_0.1.1-1_amd64.deb ]
[ 07 ] [ target/debs/trixie/libdashapi_1.0.0_amd64.deb ]
[A[K[A[K[A[K[A[K[A[K[A[K[A[K[ 01 ] [ target/debs/trixie/linux-headers-6.12.41+deb13-common-sonic_6.12.41-1_all.deb ]
[ 02 ] [ target/debs/trixie/sonic-nettools_0.0.1-0_amd64.deb ]
[ 03 ] [ target/debs/trixie/grub2-common_2.06-13+deb13u1_amd64.deb ]
[ 04 ] [ target/debs/trixie/symcrypt-openssl_1.9.4_amd64.deb ]
[ 05 ] [ target/debs/trixie/p4lang-pi_0.1.1-1_amd64.deb ]
[ 06 ] [ target/debs/trixie/libdashapi_1.0.0_amd64.deb ]
[A[K[A[K[A[K[A[K[A[K[A[K[ 01 ] [ target/debs/trixie/linux-headers-6.12.41+deb13-common-sonic_6.12.41-1_all.deb ]
[ 02 ] [ target/debs/trixie/sonic-nettools_0.0.1-0_amd64.deb ]
[ 03 ] [ target/debs/trixie/grub2-common_2.06-13+deb13u1_amd64.deb ]
[ 04 ] [ target/debs/trixie/p4lang-pi_0.1.1-1_amd64.deb ]
[ 05 ] [ target/debs/trixie/libdashapi_1.0.0_amd64.deb ]
[A[K[A[K[A[K[A[K[A[K[ 01 ] [ target/debs/trixie/linux-headers-6.12.41+deb13-common-sonic_6.12.41-1_all.deb ]
[ 02 ] [ target/debs/trixie/sonic-nettools_0.0.1-0_amd64.deb ]
[ 03 ] [ target/debs/trixie/grub2-common_2.06-13+deb13u1_amd64.deb ]
[ 04 ] [ target/debs/trixie/p4lang-pi_0.1.1-1_amd64.deb ]
[ 05 ] [ target/debs/trixie/libdashapi_1.0.0_amd64.deb ]
[ 06 ] [ target/files/trixie/90-sonic.conf ]
[A[K[A[K[A[K[A[K[A[K[A[K[ 01 ] [ target/debs/trixie/linux-headers-6.12.41+deb13-common-sonic_6.12.41-1_all.deb ]
[ 02 ] [ target/debs/trixie/sonic-nettools_0.0.1-0_amd64.deb ]
[ 03 ] [ target/debs/trixie/grub2-common_2.06-13+deb13u1_amd64.deb ]
[ 04 ] [ target/debs/trixie/p4lang-pi_0.1.1-1_amd64.deb ]
[ 05 ] [ target/debs/trixie/libdashapi_1.0.0_amd64.deb ]
[A[K[A[K[A[K[A[K[A[K[ 01 ] [ target/debs/trixie/linux-headers-6.12.41+deb13-common-sonic_6.12.41-1_all.deb ]
[ 02 ] [ target/debs/trixie/sonic-nettools_0.0.1-0_amd64.deb ]
[ 03 ] [ target/debs/trixie/grub2-common_2.06-13+deb13u1_amd64.deb ]
[ 04 ] [ target/debs/trixie/p4lang-pi_0.1.1-1_amd64.deb ]
[ 05 ] [ target/debs/trixie/libdashapi_1.0.0_amd64.deb ]
[ 06 ] [ target/debs/trixie/libnexthopgroup_1.0.0_amd64.deb-install ]
[A[K[A[K[A[K[A[K[A[K[A[K[ 01 ] [ target/debs/trixie/linux-headers-6.12.41+deb13-common-sonic_6.12.41-1_all.deb ]
[ 02 ] [ target/debs/trixie/sonic-nettools_0.0.1-0_amd64.deb ]
[ 03 ] [ target/debs/trixie/grub2-common_2.06-13+deb13u1_amd64.deb ]
[ 04 ] [ target/debs/trixie/p4lang-pi_0.1.1-1_amd64.deb ]
[ 05 ] [ target/debs/trixie/libdashapi_1.0.0_amd64.deb ]
[A[K[A[K[A[K[A[K[A[K[ 01 ] [ target/debs/trixie/linux-headers-6.12.41+deb13-common-sonic_6.12.41-1_all.deb ]
[ 02 ] [ target/debs/trixie/sonic-nettools_0.0.1-0_amd64.deb ]
[ 03 ] [ target/debs/trixie/grub2-common_2.06-13+deb13u1_amd64.deb ]
[ 04 ] [ target/debs/trixie/p4lang-pi_0.1.1-1_amd64.deb ]
[ 05 ] [ target/debs/trixie/libdashapi_1.0.0_amd64.deb ]
[ 06 ] [ target/files/trixie/container_checker ]
[A[K[A[K[A[K[A[K[A[K[A[K[ 01 ] [ target/debs/trixie/linux-headers-6.12.41+deb13-common-sonic_6.12.41-1_all.deb ]
[ 02 ] [ target/debs/trixie/sonic-nettools_0.0.1-0_amd64.deb ]
[ 03 ] [ target/debs/trixie/grub2-common_2.06-13+deb13u1_amd64.deb ]
[ 04 ] [ target/debs/trixie/p4lang-pi_0.1.1-1_amd64.deb ]
[ 05 ] [ target/debs/trixie/libdashapi_1.0.0_amd64.deb ]
[A[K[A[K[A[K[A[K[A[K[ 01 ] [ target/debs/trixie/linux-headers-6.12.41+deb13-common-sonic_6.12.41-1_all.deb ]
[ 02 ] [ target/debs/trixie/sonic-nettools_0.0.1-0_amd64.deb ]
[ 03 ] [ target/debs/trixie/grub2-common_2.06-13+deb13u1_amd64.deb ]
[ 04 ] [ target/debs/trixie/p4lang-pi_0.1.1-1_amd64.deb ]
[ 05 ] [ target/debs/trixie/libdashapi_1.0.0_amd64.deb ]
[ 06 ] [ target/files/trixie/gnmi.sh ]
[A[K[A[K[A[K[A[K[A[K[A[K[ 01 ] [ target/debs/trixie/linux-headers-6.12.41+deb13-common-sonic_6.12.41-1_all.deb ]
[ 02 ] [ target/debs/trixie/sonic-nettools_0.0.1-0_amd64.deb ]
[ 03 ] [ target/debs/trixie/grub2-common_2.06-13+deb13u1_amd64.deb ]
[ 04 ] [ target/debs/trixie/p4lang-pi_0.1.1-1_amd64.deb ]
[ 05 ] [ target/debs/trixie/libdashapi_1.0.0_amd64.deb ]
[A[K[A[K[A[K[A[K[A[K[ 01 ] [ target/debs/trixie/linux-headers-6.12.41+deb13-common-sonic_6.12.41-1_all.deb ]
[ 02 ] [ target/debs/trixie/sonic-nettools_0.0.1-0_amd64.deb ]
[ 03 ] [ target/debs/trixie/grub2-common_2.06-13+deb13u1_amd64.deb ]
[ 04 ] [ target/debs/trixie/p4lang-pi_0.1.1-1_amd64.deb ]
[ 05 ] [ target/debs/trixie/libdashapi_1.0.0_amd64.deb ]
[ 06 ] [ target/files/trixie/k8s_pod_control.sh ]
[A[K[A[K[A[K[A[K[A[K[A[K[ 01 ] [ target/debs/trixie/linux-headers-6.12.41+deb13-common-sonic_6.12.41-1_all.deb ]
[ 02 ] [ target/debs/trixie/sonic-nettools_0.0.1-0_amd64.deb ]
[ 03 ] [ target/debs/trixie/grub2-common_2.06-13+deb13u1_amd64.deb ]
[ 04 ] [ target/debs/trixie/p4lang-pi_0.1.1-1_amd64.deb ]
[ 05 ] [ target/debs/trixie/libdashapi_1.0.0_amd64.deb ]
[A[K[A[K[A[K[A[K[A[K[ 01 ] [ target/debs/trixie/linux-headers-6.12.41+deb13-common-sonic_6.12.41-1_all.deb ]
[ 02 ] [ target/debs/trixie/sonic-nettools_0.0.1-0_amd64.deb ]
[ 03 ] [ target/debs/trixie/grub2-common_2.06-13+deb13u1_amd64.deb ]
[ 04 ] [ target/debs/trixie/p4lang-pi_0.1.1-1_amd64.deb ]
[ 05 ] [ target/debs/trixie/libdashapi_1.0.0_amd64.deb ]
[ 06 ] [ target/debs/trixie/lldpd_1.0.16-1+deb12u1_amd64.deb ]
[A[K[A[K[A[K[A[K[A[K[A[K[ 01 ] [ target/debs/trixie/linux-headers-6.12.41+deb13-common-sonic_6.12.41-1_all.deb ]
[ 02 ] [ target/debs/trixie/sonic-nettools_0.0.1-0_amd64.deb ]
[ 03 ] [ target/debs/trixie/grub2-common_2.06-13+deb13u1_amd64.deb ]
[ 04 ] [ target/debs/trixie/p4lang-pi_0.1.1-1_amd64.deb ]
[ 05 ] [ target/debs/trixie/libdashapi_1.0.0_amd64.deb ]
[ 06 ] [ target/debs/trixie/lldpd_1.0.16-1+deb12u1_amd64.deb ]
[ 07 ] [ target/files/trixie/arp_update ]
[A[K[A[K[A[K[A[K[A[K[A[K[A[K[ 01 ] [ target/debs/trixie/linux-headers-6.12.41+deb13-common-sonic_6.12.41-1_all.deb ]
[ 02 ] [ target/debs/trixie/sonic-nettools_0.0.1-0_amd64.deb ]
[ 03 ] [ target/debs/trixie/grub2-common_2.06-13+deb13u1_amd64.deb ]
[ 04 ] [ target/debs/trixie/p4lang-pi_0.1.1-1_amd64.deb ]
[ 05 ] [ target/debs/trixie/libdashapi_1.0.0_amd64.deb ]
[ 06 ] [ target/debs/trixie/lldpd_1.0.16-1+deb12u1_amd64.deb ]
[A[K[A[K[A[K[A[K[A[K[A[K[ 01 ] [ target/debs/trixie/linux-headers-6.12.41+deb13-common-sonic_6.12.41-1_all.deb ]
[ 02 ] [ target/debs/trixie/sonic-nettools_0.0.1-0_amd64.deb ]
[ 03 ] [ target/debs/trixie/grub2-common_2.06-13+deb13u1_amd64.deb ]
[ 04 ] [ target/debs/trixie/p4lang-pi_0.1.1-1_amd64.deb ]
[ 05 ] [ target/debs/trixie/libdashapi_1.0.0_amd64.deb ]
[ 06 ] [ target/debs/trixie/lldpd_1.0.16-1+deb12u1_amd64.deb ]
[ 07 ] [ target/files/trixie/arp_update_vars.j2 ]
[A[K[A[K[A[K[A[K[A[K[A[K[A[K[ 01 ] [ target/debs/trixie/linux-headers-6.12.41+deb13-common-sonic_6.12.41-1_all.deb ]
[ 02 ] [ target/debs/trixie/sonic-nettools_0.0.1-0_amd64.deb ]
[ 03 ] [ target/debs/trixie/grub2-common_2.06-13+deb13u1_amd64.deb ]
[ 04 ] [ target/debs/trixie/p4lang-pi_0.1.1-1_amd64.deb ]
[ 05 ] [ target/debs/trixie/libdashapi_1.0.0_amd64.deb ]
[ 06 ] [ target/debs/trixie/lldpd_1.0.16-1+deb12u1_amd64.deb ]
[A[K[A[K[A[K[A[K[A[K[A[K[ 01 ] [ target/debs/trixie/linux-headers-6.12.41+deb13-common-sonic_6.12.41-1_all.deb ]
[ 02 ] [ target/debs/trixie/sonic-nettools_0.0.1-0_amd64.deb ]
[ 03 ] [ target/debs/trixie/grub2-common_2.06-13+deb13u1_amd64.deb ]
[ 04 ] [ target/debs/trixie/p4lang-pi_0.1.1-1_amd64.deb ]
[ 05 ] [ target/debs/trixie/libdashapi_1.0.0_amd64.deb ]
[ 06 ] [ target/debs/trixie/lldpd_1.0.16-1+deb12u1_amd64.deb ]
[ 07 ] [ target/python-wheels/trixie/scapy-2.6.1.dev0-py3-none-any.whl ]
[A[K[A[K[A[K[A[K[A[K[A[K[A[K[ 01 ] [ target/debs/trixie/linux-headers-6.12.41+deb13-common-sonic_6.12.41-1_all.deb ]
[ 02 ] [ target/debs/trixie/sonic-nettools_0.0.1-0_amd64.deb ]
[ 03 ] [ target/debs/trixie/grub2-common_2.06-13+deb13u1_amd64.deb ]
[ 04 ] [ target/debs/trixie/p4lang-pi_0.1.1-1_amd64.deb ]
[ 05 ] [ target/debs/trixie/libdashapi_1.0.0_amd64.deb ]
[ 06 ] [ target/debs/trixie/lldpd_1.0.16-1+deb12u1_amd64.deb ]
[ 07 ] [ target/python-wheels/trixie/scapy-2.6.1.dev0-py3-none-any.whl ]
[ 08 ] [ target/files/trixie/update_chassisdb_config ]
[A[K[A[K[A[K[A[K[A[K[A[K[A[K[A[K[ 01 ] [ target/debs/trixie/linux-headers-6.12.41+deb13-common-sonic_6.12.41-1_all.deb ]
[ 02 ] [ target/debs/trixie/sonic-nettools_0.0.1-0_amd64.deb ]
[ 03 ] [ target/debs/trixie/grub2-common_2.06-13+deb13u1_amd64.deb ]
[ 04 ] [ target/debs/trixie/p4lang-pi_0.1.1-1_amd64.deb ]
[ 05 ] [ target/debs/trixie/libdashapi_1.0.0_amd64.deb ]
[ 06 ] [ target/debs/trixie/lldpd_1.0.16-1+deb12u1_amd64.deb ]
[ 07 ] [ target/python-wheels/trixie/scapy-2.6.1.dev0-py3-none-any.whl ]
[A[K[A[K[A[K[A[K[A[K[A[K[A[K[ 01 ] [ target/debs/trixie/linux-headers-6.12.41+deb13-common-sonic_6.12.41-1_all.deb ]
[ 02 ] [ target/debs/trixie/sonic-nettools_0.0.1-0_amd64.deb ]
[ 03 ] [ target/debs/trixie/grub2-common_2.06-13+deb13u1_amd64.deb ]
[ 04 ] [ target/debs/trixie/p4lang-pi_0.1.1-1_amd64.deb ]
[ 05 ] [ target/debs/trixie/libdashapi_1.0.0_amd64.deb ]
[ 06 ] [ target/debs/trixie/lldpd_1.0.16-1+deb12u1_amd64.deb ]
[ 07 ] [ target/python-wheels/trixie/scapy-2.6.1.dev0-py3-none-any.whl ]
[ 08 ] [ target/debs/trixie/lm-sensors_3.6.0-7.1_amd64.deb ]
[A[K[A[K[A[K[A[K[A[K[A[K[A[K[A[K[ 01 ] [ target/debs/trixie/linux-headers-6.12.41+deb13-common-sonic_6.12.41-1_all.deb ]
[ 02 ] [ target/debs/trixie/sonic-nettools_0.0.1-0_amd64.deb ]
[ 03 ] [ target/debs/trixie/grub2-common_2.06-13+deb13u1_amd64.deb ]
[ 04 ] [ target/debs/trixie/p4lang-pi_0.1.1-1_amd64.deb ]
[ 05 ] [ target/debs/trixie/libdashapi_1.0.0_amd64.deb ]
[ 06 ] [ target/debs/trixie/lldpd_1.0.16-1+deb12u1_amd64.deb ]
[ 07 ] [ target/debs/trixie/lm-sensors_3.6.0-7.1_amd64.deb ]
[A[K[A[K[A[K[A[K[A[K[A[K[A[K[ 01 ] [ target/debs/trixie/linux-headers-6.12.41+deb13-common-sonic_6.12.41-1_all.deb ]
[ 02 ] [ target/debs/trixie/sonic-nettools_0.0.1-0_amd64.deb ]
[ 03 ] [ target/debs/trixie/grub2-common_2.06-13+deb13u1_amd64.deb ]
[ 04 ] [ target/debs/trixie/p4lang-pi_0.1.1-1_amd64.deb ]
[ 05 ] [ target/debs/trixie/libdashapi_1.0.0_amd64.deb ]
[ 06 ] [ target/debs/trixie/lldpd_1.0.16-1+deb12u1_amd64.deb ]
[ 07 ] [ target/debs/trixie/lm-sensors_3.6.0-7.1_amd64.deb ]
[ 08 ] [ target/python-wheels/trixie/sonic_platform_pddf_common-1.0-py3-none-any.whl ]
[A[K[A[K[A[K[A[K[A[K[A[K[A[K[A[K[ 01 ] [ target/debs/trixie/linux-headers-6.12.41+deb13-common-sonic_6.12.41-1_all.deb ]
[ 02 ] [ target/debs/trixie/sonic-nettools_0.0.1-0_amd64.deb ]
[ 03 ] [ target/debs/trixie/grub2-common_2.06-13+deb13u1_amd64.deb ]
[ 04 ] [ target/debs/trixie/p4lang-pi_0.1.1-1_amd64.deb ]
[ 05 ] [ target/debs/trixie/libdashapi_1.0.0_amd64.deb ]
[ 06 ] [ target/debs/trixie/lldpd_1.0.16-1+deb12u1_amd64.deb ]
[ 07 ] [ target/python-wheels/trixie/sonic_platform_pddf_common-1.0-py3-none-any.whl ]
[A[K[A[K[A[K[A[K[A[K[A[K[A[K[ 01 ] [ target/debs/trixie/linux-headers-6.12.41+deb13-common-sonic_6.12.41-1_all.deb ]
[ 02 ] [ target/debs/trixie/sonic-nettools_0.0.1-0_amd64.deb ]
[ 03 ] [ target/debs/trixie/grub2-common_2.06-13+deb13u1_amd64.deb ]
[ 04 ] [ target/debs/trixie/p4lang-pi_0.1.1-1_amd64.deb ]
[ 05 ] [ target/debs/trixie/libdashapi_1.0.0_amd64.deb ]
[ 06 ] [ target/debs/trixie/lldpd_1.0.16-1+deb12u1_amd64.deb ]
[A[K[A[K[A[K[A[K[A[K[A[K[ 01 ] [ target/debs/trixie/linux-headers-6.12.41+deb13-common-sonic_6.12.41-1_all.deb ]
[ 02 ] [ target/debs/trixie/sonic-nettools_0.0.1-0_amd64.deb ]
[ 03 ] [ target/debs/trixie/grub2-common_2.06-13+deb13u1_amd64.deb ]
[ 04 ] [ target/debs/trixie/p4lang-pi_0.1.1-1_amd64.deb ]
[ 05 ] [ target/debs/trixie/libdashapi_1.0.0_amd64.deb ]
[ 06 ] [ target/debs/trixie/lldpd_1.0.16-1+deb12u1_amd64.deb ]
[ 07 ] [ target/files/trixie/restapi.sh ]
[A[K[A[K[A[K[A[K[A[K[A[K[A[K[ 01 ] [ target/debs/trixie/linux-headers-6.12.41+deb13-common-sonic_6.12.41-1_all.deb ]
[ 02 ] [ target/debs/trixie/sonic-nettools_0.0.1-0_amd64.deb ]
[ 03 ] [ target/debs/trixie/grub2-common_2.06-13+deb13u1_amd64.deb ]
[ 04 ] [ target/debs/trixie/p4lang-pi_0.1.1-1_amd64.deb ]
[ 05 ] [ target/debs/trixie/libdashapi_1.0.0_amd64.deb ]
[ 06 ] [ target/debs/trixie/lldpd_1.0.16-1+deb12u1_amd64.deb ]
[A[K[A[K[A[K[A[K[A[K[A[K[ 01 ] [ target/debs/trixie/linux-headers-6.12.41+deb13-common-sonic_6.12.41-1_all.deb ]
[ 02 ] [ target/debs/trixie/sonic-nettools_0.0.1-0_amd64.deb ]
[ 03 ] [ target/debs/trixie/grub2-common_2.06-13+deb13u1_amd64.deb ]
[ 04 ] [ target/debs/trixie/p4lang-pi_0.1.1-1_amd64.deb ]
[ 05 ] [ target/debs/trixie/libdashapi_1.0.0_amd64.deb ]
[ 06 ] [ target/debs/trixie/lldpd_1.0.16-1+deb12u1_amd64.deb ]
[ 07 ] [ target/debs/trixie/hsflowd_2.0.51-26_amd64.deb ]
[A[K[A[K[A[K[A[K[A[K[A[K[A[K[ 01 ] [ target/debs/trixie/linux-headers-6.12.41+deb13-common-sonic_6.12.41-1_all.deb ]
[ 02 ] [ target/debs/trixie/sonic-nettools_0.0.1-0_amd64.deb ]
[ 03 ] [ target/debs/trixie/grub2-common_2.06-13+deb13u1_amd64.deb ]
[ 04 ] [ target/debs/trixie/p4lang-pi_0.1.1-1_amd64.deb ]
[ 05 ] [ target/debs/trixie/libdashapi_1.0.0_amd64.deb ]
[ 06 ] [ target/debs/trixie/lldpd_1.0.16-1+deb12u1_amd64.deb ]
[ 07 ] [ target/debs/trixie/hsflowd_2.0.51-26_amd64.deb ]
[ 08 ] [ target/debs/trixie/sflowtool_5.04_amd64.deb ]
[A[K[A[K[A[K[A[K[A[K[A[K[A[K[A[K[ 01 ] [ target/debs/trixie/linux-headers-6.12.41+deb13-common-sonic_6.12.41-1_all.deb ]
[ 02 ] [ target/debs/trixie/sonic-nettools_0.0.1-0_amd64.deb ]
[ 03 ] [ target/debs/trixie/grub2-common_2.06-13+deb13u1_amd64.deb ]
[ 04 ] [ target/debs/trixie/p4lang-pi_0.1.1-1_amd64.deb ]
[ 05 ] [ target/debs/trixie/libdashapi_1.0.0_amd64.deb ]
[ 06 ] [ target/debs/trixie/hsflowd_2.0.51-26_amd64.deb ]
[ 07 ] [ target/debs/trixie/sflowtool_5.04_amd64.deb ]
[A[K[A[K[A[K[A[K[A[K[A[K[A[K[ 01 ] [ target/debs/trixie/linux-headers-6.12.41+deb13-common-sonic_6.12.41-1_all.deb ]
[ 02 ] [ target/debs/trixie/sonic-nettools_0.0.1-0_amd64.deb ]
[ 03 ] [ target/debs/trixie/grub2-common_2.06-13+deb13u1_amd64.deb ]
[ 04 ] [ target/debs/trixie/p4lang-pi_0.1.1-1_amd64.deb ]
[ 05 ] [ target/debs/trixie/libdashapi_1.0.0_amd64.deb ]
[ 06 ] [ target/debs/trixie/hsflowd_2.0.51-26_amd64.deb ]
[ 07 ] [ target/debs/trixie/sflowtool_5.04_amd64.deb ]
[ 08 ] [ target/debs/trixie/psample_1.1-1_amd64.deb ]
[A[K[A[K[A[K[A[K[A[K[A[K[A[K[A[K[ 01 ] [ target/debs/trixie/sonic-nettools_0.0.1-0_amd64.deb ]
[ 02 ] [ target/debs/trixie/grub2-common_2.06-13+deb13u1_amd64.deb ]
[ 03 ] [ target/debs/trixie/p4lang-pi_0.1.1-1_amd64.deb ]
[ 04 ] [ target/debs/trixie/libdashapi_1.0.0_amd64.deb ]
[ 05 ] [ target/debs/trixie/hsflowd_2.0.51-26_amd64.deb ]
[ 06 ] [ target/debs/trixie/sflowtool_5.04_amd64.deb ]
[ 07 ] [ target/debs/trixie/psample_1.1-1_amd64.deb ]
[A[K[A[K[A[K[A[K[A[K[A[K[A[K[ 01 ] [ target/debs/trixie/sonic-nettools_0.0.1-0_amd64.deb ]
[ 02 ] [ target/debs/trixie/grub2-common_2.06-13+deb13u1_amd64.deb ]
[ 03 ] [ target/debs/trixie/p4lang-pi_0.1.1-1_amd64.deb ]
[ 04 ] [ target/debs/trixie/libdashapi_1.0.0_amd64.deb ]
[ 05 ] [ target/debs/trixie/hsflowd_2.0.51-26_amd64.deb ]
[ 06 ] [ target/debs/trixie/sflowtool_5.04_amd64.deb ]
[ 07 ] [ target/debs/trixie/psample_1.1-1_amd64.deb ]
[ 08 ] [ target/docker-dash-engine.gz ]
[A[K[A[K[A[K[A[K[A[K[A[K[A[K[A[K[ 01 ] [ target/debs/trixie/sonic-nettools_0.0.1-0_amd64.deb ]
[ 02 ] [ target/debs/trixie/grub2-common_2.06-13+deb13u1_amd64.deb ]
[ 03 ] [ target/debs/trixie/p4lang-pi_0.1.1-1_amd64.deb ]
[ 04 ] [ target/debs/trixie/hsflowd_2.0.51-26_amd64.deb ]
[ 05 ] [ target/debs/trixie/sflowtool_5.04_amd64.deb ]
[ 06 ] [ target/debs/trixie/psample_1.1-1_amd64.deb ]
[ 07 ] [ target/docker-dash-engine.gz ]
[A[K[A[K[A[K[A[K[A[K[A[K[A[K[ 01 ] [ target/debs/trixie/sonic-nettools_0.0.1-0_amd64.deb ]
[ 02 ] [ target/debs/trixie/grub2-common_2.06-13+deb13u1_amd64.deb ]
[ 03 ] [ target/debs/trixie/p4lang-pi_0.1.1-1_amd64.deb ]
[ 04 ] [ target/debs/trixie/hsflowd_2.0.51-26_amd64.deb ]
[ 05 ] [ target/debs/trixie/sflowtool_5.04_amd64.deb ]
[ 06 ] [ target/debs/trixie/psample_1.1-1_amd64.deb ]
[ 07 ] [ target/docker-dash-engine.gz ]
[ 08 ] [ target/debs/trixie/isc-dhcp-relay_4.4.3-P1-2_amd64.deb ]
[A[K[A[K[A[K[A[K[A[K[A[K[A[K[A[K[ 01 ] [ target/debs/trixie/grub2-common_2.06-13+deb13u1_amd64.deb ]
[ 02 ] [ target/debs/trixie/p4lang-pi_0.1.1-1_amd64.deb ]
[ 03 ] [ target/debs/trixie/hsflowd_2.0.51-26_amd64.deb ]
[ 04 ] [ target/debs/trixie/sflowtool_5.04_amd64.deb ]
[ 05 ] [ target/debs/trixie/psample_1.1-1_amd64.deb ]
[ 06 ] [ target/docker-dash-engine.gz ]
[ 07 ] [ target/debs/trixie/isc-dhcp-relay_4.4.3-P1-2_amd64.deb ]
[A[K[A[K[A[K[A[K[A[K[A[K[A[K[ 01 ] [ target/debs/trixie/grub2-common_2.06-13+deb13u1_amd64.deb ]
[ 02 ] [ target/debs/trixie/p4lang-pi_0.1.1-1_amd64.deb ]
[ 03 ] [ target/debs/trixie/hsflowd_2.0.51-26_amd64.deb ]
[ 04 ] [ target/debs/trixie/sflowtool_5.04_amd64.deb ]
[ 05 ] [ target/debs/trixie/psample_1.1-1_amd64.deb ]
[ 06 ] [ target/docker-dash-engine.gz ]
[ 07 ] [ target/debs/trixie/isc-dhcp-relay_4.4.3-P1-2_amd64.deb ]
[ 08 ] [ target/debs/trixie/rasdaemon_0.6.8-1_amd64.deb ]
[A[K[A[K[A[K[A[K[A[K[A[K[A[K[A[K[ 01 ] [ target/debs/trixie/grub2-common_2.06-13+deb13u1_amd64.deb ]
[ 02 ] [ target/debs/trixie/hsflowd_2.0.51-26_amd64.deb ]
[ 03 ] [ target/debs/trixie/sflowtool_5.04_amd64.deb ]
[ 04 ] [ target/debs/trixie/psample_1.1-1_amd64.deb ]
[ 05 ] [ target/docker-dash-engine.gz ]
[ 06 ] [ target/debs/trixie/isc-dhcp-relay_4.4.3-P1-2_amd64.deb ]
[ 07 ] [ target/debs/trixie/rasdaemon_0.6.8-1_amd64.deb ]
[A[K[A[K[A[K[A[K[A[K[A[K[A[K[ 01 ] [ target/debs/trixie/grub2-common_2.06-13+deb13u1_amd64.deb ]
[ 02 ] [ target/debs/trixie/hsflowd_2.0.51-26_amd64.deb ]
[ 03 ] [ target/debs/trixie/sflowtool_5.04_amd64.deb ]
[ 04 ] [ target/debs/trixie/psample_1.1-1_amd64.deb ]
[ 05 ] [ target/docker-dash-engine.gz ]
[ 06 ] [ target/debs/trixie/isc-dhcp-relay_4.4.3-P1-2_amd64.deb ]
[ 07 ] [ target/debs/trixie/rasdaemon_0.6.8-1_amd64.deb ]
[ 08 ] [ target/files/trixie/remote_ctr.config.json ]
[A[K[A[K[A[K[A[K[A[K[A[K[A[K[A[K[ 01 ] [ target/debs/trixie/grub2-common_2.06-13+deb13u1_amd64.deb ]
[ 02 ] [ target/debs/trixie/hsflowd_2.0.51-26_amd64.deb ]
[ 03 ] [ target/debs/trixie/sflowtool_5.04_amd64.deb ]
[ 04 ] [ target/debs/trixie/psample_1.1-1_amd64.deb ]
[ 05 ] [ target/docker-dash-engine.gz ]
[ 06 ] [ target/debs/trixie/isc-dhcp-relay_4.4.3-P1-2_amd64.deb ]
[ 07 ] [ target/debs/trixie/rasdaemon_0.6.8-1_amd64.deb ]
[A[K[A[K[A[K[A[K[A[K[A[K[A[K[ 01 ] [ target/debs/trixie/grub2-common_2.06-13+deb13u1_amd64.deb ]
[ 02 ] [ target/debs/trixie/hsflowd_2.0.51-26_amd64.deb ]
[ 03 ] [ target/debs/trixie/sflowtool_5.04_amd64.deb ]
[ 04 ] [ target/debs/trixie/psample_1.1-1_amd64.deb ]
[ 05 ] [ target/docker-dash-engine.gz ]
[ 06 ] [ target/debs/trixie/isc-dhcp-relay_4.4.3-P1-2_amd64.deb ]
[ 07 ] [ target/debs/trixie/rasdaemon_0.6.8-1_amd64.deb ]
[ 08 ] [ target/files/trixie/ctrmgrd.service ]
[A[K[A[K[A[K[A[K[A[K[A[K[A[K[A[K[ 01 ] [ target/debs/trixie/grub2-common_2.06-13+deb13u1_amd64.deb ]
[ 02 ] [ target/debs/trixie/hsflowd_2.0.51-26_amd64.deb ]
[ 03 ] [ target/debs/trixie/sflowtool_5.04_amd64.deb ]
[ 04 ] [ target/debs/trixie/psample_1.1-1_amd64.deb ]
[ 05 ] [ target/docker-dash-engine.gz ]
[ 06 ] [ target/debs/trixie/isc-dhcp-relay_4.4.3-P1-2_amd64.deb ]
[ 07 ] [ target/debs/trixie/rasdaemon_0.6.8-1_amd64.deb ]
[A[K[A[K[A[K[A[K[A[K[A[K[A[K[ 01 ] [ target/debs/trixie/grub2-common_2.06-13+deb13u1_amd64.deb ]
[ 02 ] [ target/debs/trixie/hsflowd_2.0.51-26_amd64.deb ]
[ 03 ] [ target/debs/trixie/sflowtool_5.04_amd64.deb ]
[ 04 ] [ target/debs/trixie/psample_1.1-1_amd64.deb ]
[ 05 ] [ target/docker-dash-engine.gz ]
[ 06 ] [ target/debs/trixie/isc-dhcp-relay_4.4.3-P1-2_amd64.deb ]
[ 07 ] [ target/debs/trixie/rasdaemon_0.6.8-1_amd64.deb ]
[ 08 ] [ target/debs/trixie/linux-headers-6.12.41+deb13-common-sonic_6.12.41-1_all.deb-install ]
[A[K[A[K[A[K[A[K[A[K[A[K[A[K[A[K[ 01 ] [ target/debs/trixie/grub2-common_2.06-13+deb13u1_amd64.deb ]
[ 02 ] [ target/debs/trixie/hsflowd_2.0.51-26_amd64.deb ]
[ 03 ] [ target/debs/trixie/sflowtool_5.04_amd64.deb ]
[ 04 ] [ target/debs/trixie/psample_1.1-1_amd64.deb ]
[ 05 ] [ target/docker-dash-engine.gz ]
[ 06 ] [ target/debs/trixie/isc-dhcp-relay_4.4.3-P1-2_amd64.deb ]
[ 07 ] [ target/debs/trixie/rasdaemon_0.6.8-1_amd64.deb ]
[A[K[A[K[A[K[A[K[A[K[A[K[A[K[ 01 ] [ target/debs/trixie/grub2-common_2.06-13+deb13u1_amd64.deb ]
[ 02 ] [ target/debs/trixie/hsflowd_2.0.51-26_amd64.deb ]
[ 03 ] [ target/debs/trixie/sflowtool_5.04_amd64.deb ]
[ 04 ] [ target/debs/trixie/psample_1.1-1_amd64.deb ]
[ 05 ] [ target/docker-dash-engine.gz ]
[ 06 ] [ target/debs/trixie/isc-dhcp-relay_4.4.3-P1-2_amd64.deb ]
[ 07 ] [ target/debs/trixie/rasdaemon_0.6.8-1_amd64.deb ]
[ 08 ] [ target/debs/trixie/linux-image-6.12.41+deb13-sonic-amd64-unsigned_6.12.41-1_amd64.deb ]
[A[K[A[K[A[K[A[K[A[K[A[K[A[K[A[K[ 01 ] [ target/debs/trixie/grub2-common_2.06-13+deb13u1_amd64.deb ]
[ 02 ] [ target/debs/trixie/hsflowd_2.0.51-26_amd64.deb ]
[ 03 ] [ target/debs/trixie/sflowtool_5.04_amd64.deb ]
[ 04 ] [ target/debs/trixie/psample_1.1-1_amd64.deb ]
[ 05 ] [ target/docker-dash-engine.gz ]
[ 06 ] [ target/debs/trixie/isc-dhcp-relay_4.4.3-P1-2_amd64.deb ]
[ 07 ] [ target/debs/trixie/rasdaemon_0.6.8-1_amd64.deb ]
[A[K[A[K[A[K[A[K[A[K[A[K[A[K[ 01 ] [ target/debs/trixie/grub2-common_2.06-13+deb13u1_amd64.deb ]
[ 02 ] [ target/debs/trixie/hsflowd_2.0.51-26_amd64.deb ]
[ 03 ] [ target/debs/trixie/sflowtool_5.04_amd64.deb ]
[ 04 ] [ target/debs/trixie/psample_1.1-1_amd64.deb ]
[ 05 ] [ target/docker-dash-engine.gz ]
[ 06 ] [ target/debs/trixie/isc-dhcp-relay_4.4.3-P1-2_amd64.deb ]
[ 07 ] [ target/debs/trixie/rasdaemon_0.6.8-1_amd64.deb ]
[ 08 ] [ target/debs/trixie/linux-kbuild-6.12.41+deb13_6.12.41-1_amd64.deb ]
[A[K[A[K[A[K[A[K[A[K[A[K[A[K[A[K[ 01 ] [ target/debs/trixie/grub2-common_2.06-13+deb13u1_amd64.deb ]
[ 02 ] [ target/debs/trixie/hsflowd_2.0.51-26_amd64.deb ]
[ 03 ] [ target/debs/trixie/sflowtool_5.04_amd64.deb ]
[ 04 ] [ target/debs/trixie/psample_1.1-1_amd64.deb ]
[ 05 ] [ target/docker-dash-engine.gz ]
[ 06 ] [ target/debs/trixie/isc-dhcp-relay_4.4.3-P1-2_amd64.deb ]
[ 07 ] [ target/debs/trixie/rasdaemon_0.6.8-1_amd64.deb ]
[A[K[A[K[A[K[A[K[A[K[A[K[A[K[ 01 ] [ target/debs/trixie/grub2-common_2.06-13+deb13u1_amd64.deb ]
[ 02 ] [ target/debs/trixie/hsflowd_2.0.51-26_amd64.deb ]
[ 03 ] [ target/debs/trixie/sflowtool_5.04_amd64.deb ]
[ 04 ] [ target/debs/trixie/psample_1.1-1_amd64.deb ]
[ 05 ] [ target/docker-dash-engine.gz ]
[ 06 ] [ target/debs/trixie/isc-dhcp-relay_4.4.3-P1-2_amd64.deb ]
[ 07 ] [ target/debs/trixie/rasdaemon_0.6.8-1_amd64.deb ]
[ 08 ] [ target/debs/trixie/libpam-tacplus_1.4.1-1_amd64.deb ]
[A[K[A[K[A[K[A[K[A[K[A[K[A[K[A[K[ 01 ] [ target/debs/trixie/grub2-common_2.06-13+deb13u1_amd64.deb ]
[ 02 ] [ target/debs/trixie/hsflowd_2.0.51-26_amd64.deb ]
[ 03 ] [ target/debs/trixie/sflowtool_5.04_amd64.deb ]
[ 04 ] [ target/debs/trixie/psample_1.1-1_amd64.deb ]
[ 05 ] [ target/docker-dash-engine.gz ]
[ 06 ] [ target/debs/trixie/isc-dhcp-relay_4.4.3-P1-2_amd64.deb ]
[ 07 ] [ target/debs/trixie/rasdaemon_0.6.8-1_amd64.deb ]
[A[K[A[K[A[K[A[K[A[K[A[K[A[K[ 01 ] [ target/debs/trixie/grub2-common_2.06-13+deb13u1_amd64.deb ]
[ 02 ] [ target/debs/trixie/hsflowd_2.0.51-26_amd64.deb ]
[ 03 ] [ target/debs/trixie/sflowtool_5.04_amd64.deb ]
[ 04 ] [ target/debs/trixie/psample_1.1-1_amd64.deb ]
[ 05 ] [ target/docker-dash-engine.gz ]
[ 06 ] [ target/debs/trixie/isc-dhcp-relay_4.4.3-P1-2_amd64.deb ]
[ 07 ] [ target/debs/trixie/rasdaemon_0.6.8-1_amd64.deb ]
[ 08 ] [ target/debs/trixie/libtac-dev_1.4.1-1_amd64.deb ]
[A[K[A[K[A[K[A[K[A[K[A[K[A[K[A[K[ 01 ] [ target/debs/trixie/grub2-common_2.06-13+deb13u1_amd64.deb ]
[ 02 ] [ target/debs/trixie/hsflowd_2.0.51-26_amd64.deb ]
[ 03 ] [ target/debs/trixie/sflowtool_5.04_amd64.deb ]
[ 04 ] [ target/debs/trixie/psample_1.1-1_amd64.deb ]
[ 05 ] [ target/docker-dash-engine.gz ]
[ 06 ] [ target/debs/trixie/isc-dhcp-relay_4.4.3-P1-2_amd64.deb ]
[ 07 ] [ target/debs/trixie/rasdaemon_0.6.8-1_amd64.deb ]
[A[K[A[K[A[K[A[K[A[K[A[K[A[K[ 01 ] [ target/debs/trixie/grub2-common_2.06-13+deb13u1_amd64.deb ]
[ 02 ] [ target/debs/trixie/hsflowd_2.0.51-26_amd64.deb ]
[ 03 ] [ target/debs/trixie/sflowtool_5.04_amd64.deb ]
[ 04 ] [ target/debs/trixie/psample_1.1-1_amd64.deb ]
[ 05 ] [ target/docker-dash-engine.gz ]
[ 06 ] [ target/debs/trixie/isc-dhcp-relay_4.4.3-P1-2_amd64.deb ]
[ 07 ] [ target/debs/trixie/rasdaemon_0.6.8-1_amd64.deb ]
[ 08 ] [ target/debs/trixie/libnl-3-dev_3.7.0-0.2+b1sonic1_amd64.deb ]
[A[K[A[K[A[K[A[K[A[K[A[K[A[K[A[K[ 01 ] [ target/debs/trixie/grub2-common_2.06-13+deb13u1_amd64.deb ]
[ 02 ] [ target/debs/trixie/hsflowd_2.0.51-26_amd64.deb ]
[ 03 ] [ target/debs/trixie/sflowtool_5.04_amd64.deb ]
[ 04 ] [ target/debs/trixie/psample_1.1-1_amd64.deb ]
[ 05 ] [ target/docker-dash-engine.gz ]
[ 06 ] [ target/debs/trixie/isc-dhcp-relay_4.4.3-P1-2_amd64.deb ]
[ 07 ] [ target/debs/trixie/rasdaemon_0.6.8-1_amd64.deb ]
[A[K[A[K[A[K[A[K[A[K[A[K[A[K[ 01 ] [ target/debs/trixie/grub2-common_2.06-13+deb13u1_amd64.deb ]
[ 02 ] [ target/debs/trixie/hsflowd_2.0.51-26_amd64.deb ]
[ 03 ] [ target/debs/trixie/sflowtool_5.04_amd64.deb ]
[ 04 ] [ target/debs/trixie/psample_1.1-1_amd64.deb ]
[ 05 ] [ target/docker-dash-engine.gz ]
[ 06 ] [ target/debs/trixie/isc-dhcp-relay_4.4.3-P1-2_amd64.deb ]
[ 07 ] [ target/debs/trixie/rasdaemon_0.6.8-1_amd64.deb ]
[ 08 ] [ target/debs/trixie/libnl-route-3-200_3.7.0-0.2+b1sonic1_amd64.deb ]
[A[K[A[K[A[K[A[K[A[K[A[K[A[K[A[K[ 01 ] [ target/debs/trixie/grub2-common_2.06-13+deb13u1_amd64.deb ]
[ 02 ] [ target/debs/trixie/hsflowd_2.0.51-26_amd64.deb ]
[ 03 ] [ target/debs/trixie/sflowtool_5.04_amd64.deb ]
[ 04 ] [ target/debs/trixie/psample_1.1-1_amd64.deb ]
[ 05 ] [ target/docker-dash-engine.gz ]
[ 06 ] [ target/debs/trixie/isc-dhcp-relay_4.4.3-P1-2_amd64.deb ]
[ 07 ] [ target/debs/trixie/rasdaemon_0.6.8-1_amd64.deb ]
[A[K[A[K[A[K[A[K[A[K[A[K[A[K[ 01 ] [ target/debs/trixie/grub2-common_2.06-13+deb13u1_amd64.deb ]
[ 02 ] [ target/debs/trixie/hsflowd_2.0.51-26_amd64.deb ]
[ 03 ] [ target/debs/trixie/sflowtool_5.04_amd64.deb ]
[ 04 ] [ target/debs/trixie/psample_1.1-1_amd64.deb ]
[ 05 ] [ target/docker-dash-engine.gz ]
[ 06 ] [ target/debs/trixie/isc-dhcp-relay_4.4.3-P1-2_amd64.deb ]
[ 07 ] [ target/debs/trixie/rasdaemon_0.6.8-1_amd64.deb ]
[ 08 ] [ target/debs/trixie/libnl-3-dev_3.7.0-0.2+b1sonic1_amd64.deb-install ]
[A[K[A[K[A[K[A[K[A[K[A[K[A[K[A[K[ 01 ] [ target/debs/trixie/grub2-common_2.06-13+deb13u1_amd64.deb ]
[ 02 ] [ target/debs/trixie/hsflowd_2.0.51-26_amd64.deb ]
[ 03 ] [ target/debs/trixie/sflowtool_5.04_amd64.deb ]
[ 04 ] [ target/debs/trixie/psample_1.1-1_amd64.deb ]
[ 05 ] [ target/docker-dash-engine.gz ]
[ 06 ] [ target/debs/trixie/isc-dhcp-relay_4.4.3-P1-2_amd64.deb ]
[ 07 ] [ target/debs/trixie/rasdaemon_0.6.8-1_amd64.deb ]
[A[K[A[K[A[K[A[K[A[K[A[K[A[K[ 01 ] [ target/debs/trixie/grub2-common_2.06-13+deb13u1_amd64.deb ]
[ 02 ] [ target/debs/trixie/hsflowd_2.0.51-26_amd64.deb ]
[ 03 ] [ target/debs/trixie/sflowtool_5.04_amd64.deb ]
[ 04 ] [ target/debs/trixie/psample_1.1-1_amd64.deb ]
[ 05 ] [ target/docker-dash-engine.gz ]
[ 06 ] [ target/debs/trixie/isc-dhcp-relay_4.4.3-P1-2_amd64.deb ]
[ 07 ] [ target/debs/trixie/rasdaemon_0.6.8-1_amd64.deb ]
[ 08 ] [ target/debs/trixie/libnl-route-3-200_3.7.0-0.2+b1sonic1_amd64.deb-install ]
[A[K[A[K[A[K[A[K[A[K[A[K[A[K[A[K[ 01 ] [ target/debs/trixie/grub2-common_2.06-13+deb13u1_amd64.deb ]
[ 02 ] [ target/debs/trixie/hsflowd_2.0.51-26_amd64.deb ]
[ 03 ] [ target/debs/trixie/sflowtool_5.04_amd64.deb ]
[ 04 ] [ target/debs/trixie/psample_1.1-1_amd64.deb ]
[ 05 ] [ target/docker-dash-engine.gz ]
[ 06 ] [ target/debs/trixie/isc-dhcp-relay_4.4.3-P1-2_amd64.deb ]
[ 07 ] [ target/debs/trixie/rasdaemon_0.6.8-1_amd64.deb ]
[A[K[A[K[A[K[A[K[A[K[A[K[A[K[ 01 ] [ target/debs/trixie/grub2-common_2.06-13+deb13u1_amd64.deb ]
[ 02 ] [ target/debs/trixie/hsflowd_2.0.51-26_amd64.deb ]
[ 03 ] [ target/debs/trixie/sflowtool_5.04_amd64.deb ]
[ 04 ] [ target/debs/trixie/psample_1.1-1_amd64.deb ]
[ 05 ] [ target/docker-dash-engine.gz ]
[ 06 ] [ target/debs/trixie/isc-dhcp-relay_4.4.3-P1-2_amd64.deb ]
[ 07 ] [ target/debs/trixie/rasdaemon_0.6.8-1_amd64.deb ]
[ 08 ] [ target/debs/trixie/libyang-dev_3.12.2-1_amd64.deb ]
[A[K[A[K[A[K[A[K[A[K[A[K[A[K[A[K[ 01 ] [ target/debs/trixie/grub2-common_2.06-13+deb13u1_amd64.deb ]
[ 02 ] [ target/debs/trixie/hsflowd_2.0.51-26_amd64.deb ]
[ 03 ] [ target/debs/trixie/sflowtool_5.04_amd64.deb ]
[ 04 ] [ target/debs/trixie/psample_1.1-1_amd64.deb ]
[ 05 ] [ target/docker-dash-engine.gz ]
[ 06 ] [ target/debs/trixie/isc-dhcp-relay_4.4.3-P1-2_amd64.deb ]
[ 07 ] [ target/debs/trixie/rasdaemon_0.6.8-1_amd64.deb ]
[A[K[A[K[A[K[A[K[A[K[A[K[A[K[ 01 ] [ target/debs/trixie/grub2-common_2.06-13+deb13u1_amd64.deb ]
[ 02 ] [ target/debs/trixie/hsflowd_2.0.51-26_amd64.deb ]
[ 03 ] [ target/debs/trixie/sflowtool_5.04_amd64.deb ]
[ 04 ] [ target/debs/trixie/psample_1.1-1_amd64.deb ]
[ 05 ] [ target/docker-dash-engine.gz ]
[ 06 ] [ target/debs/trixie/isc-dhcp-relay_4.4.3-P1-2_amd64.deb ]
[ 07 ] [ target/debs/trixie/rasdaemon_0.6.8-1_amd64.deb ]
[ 08 ] [ target/debs/trixie/libnl-genl-3-200_3.7.0-0.2+b1sonic1_amd64.deb ]
[A[K[A[K[A[K[A[K[A[K[A[K[A[K[A[K[ 01 ] [ target/debs/trixie/grub2-common_2.06-13+deb13u1_amd64.deb ]
[ 02 ] [ target/debs/trixie/hsflowd_2.0.51-26_amd64.deb ]
[ 03 ] [ target/debs/trixie/sflowtool_5.04_amd64.deb ]
[ 04 ] [ target/debs/trixie/psample_1.1-1_amd64.deb ]
[ 05 ] [ target/docker-dash-engine.gz ]
[ 06 ] [ target/debs/trixie/isc-dhcp-relay_4.4.3-P1-2_amd64.deb ]
[ 07 ] [ target/debs/trixie/rasdaemon_0.6.8-1_amd64.deb ]
[A[K[A[K[A[K[A[K[A[K[A[K[A[K[ 01 ] [ target/debs/trixie/grub2-common_2.06-13+deb13u1_amd64.deb ]
[ 02 ] [ target/debs/trixie/hsflowd_2.0.51-26_amd64.deb ]
[ 03 ] [ target/debs/trixie/sflowtool_5.04_amd64.deb ]
[ 04 ] [ target/debs/trixie/psample_1.1-1_amd64.deb ]
[ 05 ] [ target/docker-dash-engine.gz ]
[ 06 ] [ target/debs/trixie/isc-dhcp-relay_4.4.3-P1-2_amd64.deb ]
[ 07 ] [ target/debs/trixie/rasdaemon_0.6.8-1_amd64.deb ]
[ 08 ] [ target/debs/trixie/libyang-dev_3.12.2-1_amd64.deb-install ]
[A[K[A[K[A[K[A[K[A[K[A[K[A[K[A[K[ 01 ] [ target/debs/trixie/grub2-common_2.06-13+deb13u1_amd64.deb ]
[ 02 ] [ target/debs/trixie/hsflowd_2.0.51-26_amd64.deb ]
[ 03 ] [ target/debs/trixie/sflowtool_5.04_amd64.deb ]
[ 04 ] [ target/debs/trixie/psample_1.1-1_amd64.deb ]
[ 05 ] [ target/docker-dash-engine.gz ]
[ 06 ] [ target/debs/trixie/isc-dhcp-relay_4.4.3-P1-2_amd64.deb ]
[ 07 ] [ target/debs/trixie/rasdaemon_0.6.8-1_amd64.deb ]
[A[K[A[K[A[K[A[K[A[K[A[K[A[K[ 01 ] [ target/debs/trixie/grub2-common_2.06-13+deb13u1_amd64.deb ]
[ 02 ] [ target/debs/trixie/hsflowd_2.0.51-26_amd64.deb ]
[ 03 ] [ target/debs/trixie/sflowtool_5.04_amd64.deb ]
[ 04 ] [ target/debs/trixie/psample_1.1-1_amd64.deb ]
[ 05 ] [ target/docker-dash-engine.gz ]
[ 06 ] [ target/debs/trixie/isc-dhcp-relay_4.4.3-P1-2_amd64.deb ]
[ 07 ] [ target/debs/trixie/rasdaemon_0.6.8-1_amd64.deb ]
[ 08 ] [ target/debs/trixie/libnl-genl-3-200_3.7.0-0.2+b1sonic1_amd64.deb-install ]
[A[K[A[K[A[K[A[K[A[K[A[K[A[K[A[K[ 01 ] [ target/debs/trixie/grub2-common_2.06-13+deb13u1_amd64.deb ]
[ 02 ] [ target/debs/trixie/hsflowd_2.0.51-26_amd64.deb ]
[ 03 ] [ target/debs/trixie/sflowtool_5.04_amd64.deb ]
[ 04 ] [ target/debs/trixie/psample_1.1-1_amd64.deb ]
[ 05 ] [ target/docker-dash-engine.gz ]
[ 06 ] [ target/debs/trixie/isc-dhcp-relay_4.4.3-P1-2_amd64.deb ]
[ 07 ] [ target/debs/trixie/rasdaemon_0.6.8-1_amd64.deb ]
[A[K[A[K[A[K[A[K[A[K[A[K[A[K[ 01 ] [ target/debs/trixie/grub2-common_2.06-13+deb13u1_amd64.deb ]
[ 02 ] [ target/debs/trixie/hsflowd_2.0.51-26_amd64.deb ]
[ 03 ] [ target/debs/trixie/sflowtool_5.04_amd64.deb ]
[ 04 ] [ target/debs/trixie/psample_1.1-1_amd64.deb ]
[ 05 ] [ target/docker-dash-engine.gz ]
[ 06 ] [ target/debs/trixie/isc-dhcp-relay_4.4.3-P1-2_amd64.deb ]
[ 07 ] [ target/debs/trixie/rasdaemon_0.6.8-1_amd64.deb ]
[ 08 ] [ target/python-wheels/trixie/swsssdk-2.0.1-py3-none-any.whl ]
[A[K[A[K[A[K[A[K[A[K[A[K[A[K[A[K[ 01 ] [ target/debs/trixie/grub2-common_2.06-13+deb13u1_amd64.deb ]
[ 02 ] [ target/debs/trixie/hsflowd_2.0.51-26_amd64.deb ]
[ 03 ] [ target/debs/trixie/sflowtool_5.04_amd64.deb ]
[ 04 ] [ target/debs/trixie/psample_1.1-1_amd64.deb ]
[ 05 ] [ target/docker-dash-engine.gz ]
[ 06 ] [ target/debs/trixie/isc-dhcp-relay_4.4.3-P1-2_amd64.deb ]
[ 07 ] [ target/python-wheels/trixie/swsssdk-2.0.1-py3-none-any.whl ]
[A[K[A[K[A[K[A[K[A[K[A[K[A[K[ 01 ] [ target/debs/trixie/grub2-common_2.06-13+deb13u1_amd64.deb ]
[ 02 ] [ target/debs/trixie/hsflowd_2.0.51-26_amd64.deb ]
[ 03 ] [ target/debs/trixie/sflowtool_5.04_amd64.deb ]
[ 04 ] [ target/debs/trixie/psample_1.1-1_amd64.deb ]
[ 05 ] [ target/docker-dash-engine.gz ]
[ 06 ] [ target/debs/trixie/isc-dhcp-relay_4.4.3-P1-2_amd64.deb ]
[ 07 ] [ target/python-wheels/trixie/swsssdk-2.0.1-py3-none-any.whl ]
[ 08 ] [ target/debs/trixie/libtac-dev_1.4.1-1_amd64.deb-install ]
[A[K[A[K[A[K[A[K[A[K[A[K[A[K[A[K[ 01 ] [ target/debs/trixie/grub2-common_2.06-13+deb13u1_amd64.deb ]
[ 02 ] [ target/debs/trixie/hsflowd_2.0.51-26_amd64.deb ]
[ 03 ] [ target/debs/trixie/sflowtool_5.04_amd64.deb ]
[ 04 ] [ target/debs/trixie/psample_1.1-1_amd64.deb ]
[ 05 ] [ target/docker-dash-engine.gz ]
[ 06 ] [ target/debs/trixie/isc-dhcp-relay_4.4.3-P1-2_amd64.deb ]
[ 07 ] [ target/python-wheels/trixie/swsssdk-2.0.1-py3-none-any.whl ]
[A[K[A[K[A[K[A[K[A[K[A[K[A[K[ 01 ] [ target/debs/trixie/grub2-common_2.06-13+deb13u1_amd64.deb ]
[ 02 ] [ target/debs/trixie/hsflowd_2.0.51-26_amd64.deb ]
[ 03 ] [ target/debs/trixie/sflowtool_5.04_amd64.deb ]
[ 04 ] [ target/debs/trixie/psample_1.1-1_amd64.deb ]
[ 05 ] [ target/docker-dash-engine.gz ]
[ 06 ] [ target/debs/trixie/isc-dhcp-relay_4.4.3-P1-2_amd64.deb ]
[ 07 ] [ target/python-wheels/trixie/swsssdk-2.0.1-py3-none-any.whl ]
[ 08 ] [ target/debs/trixie/libssl3t64_3.5.4-1+fips_amd64.deb ]
[A[K[A[K[A[K[A[K[A[K[A[K[A[K[A[K[ 01 ] [ target/debs/trixie/grub2-common_2.06-13+deb13u1_amd64.deb ]
[ 02 ] [ target/debs/trixie/hsflowd_2.0.51-26_amd64.deb ]
[ 03 ] [ target/debs/trixie/sflowtool_5.04_amd64.deb ]
[ 04 ] [ target/debs/trixie/psample_1.1-1_amd64.deb ]
[ 05 ] [ target/docker-dash-engine.gz ]
[ 06 ] [ target/debs/trixie/isc-dhcp-relay_4.4.3-P1-2_amd64.deb ]
[ 07 ] [ target/python-wheels/trixie/swsssdk-2.0.1-py3-none-any.whl ]
[A[K[A[K[A[K[A[K[A[K[A[K[A[K[ 01 ] [ target/debs/trixie/grub2-common_2.06-13+deb13u1_amd64.deb ]
[ 02 ] [ target/debs/trixie/hsflowd_2.0.51-26_amd64.deb ]
[ 03 ] [ target/debs/trixie/sflowtool_5.04_amd64.deb ]
[ 04 ] [ target/debs/trixie/psample_1.1-1_amd64.deb ]
[ 05 ] [ target/docker-dash-engine.gz ]
[ 06 ] [ target/debs/trixie/isc-dhcp-relay_4.4.3-P1-2_amd64.deb ]
[ 07 ] [ target/python-wheels/trixie/swsssdk-2.0.1-py3-none-any.whl ]
[ 08 ] [ target/debs/trixie/libssl-dev_3.5.4-1+fips_amd64.deb ]
[A[K[A[K[A[K[A[K[A[K[A[K[A[K[A[K[ 01 ] [ target/debs/trixie/grub2-common_2.06-13+deb13u1_amd64.deb ]
[ 02 ] [ target/debs/trixie/hsflowd_2.0.51-26_amd64.deb ]
[ 03 ] [ target/debs/trixie/sflowtool_5.04_amd64.deb ]
[ 04 ] [ target/debs/trixie/psample_1.1-1_amd64.deb ]
[ 05 ] [ target/docker-dash-engine.gz ]
[ 06 ] [ target/debs/trixie/isc-dhcp-relay_4.4.3-P1-2_amd64.deb ]
[ 07 ] [ target/python-wheels/trixie/swsssdk-2.0.1-py3-none-any.whl ]
[A[K[A[K[A[K[A[K[A[K[A[K[A[K[ 01 ] [ target/debs/trixie/grub2-common_2.06-13+deb13u1_amd64.deb ]
[ 02 ] [ target/debs/trixie/hsflowd_2.0.51-26_amd64.deb ]
[ 03 ] [ target/debs/trixie/sflowtool_5.04_amd64.deb ]
[ 04 ] [ target/debs/trixie/psample_1.1-1_amd64.deb ]
[ 05 ] [ target/docker-dash-engine.gz ]
[ 06 ] [ target/debs/trixie/isc-dhcp-relay_4.4.3-P1-2_amd64.deb ]
[ 07 ] [ target/python-wheels/trixie/swsssdk-2.0.1-py3-none-any.whl ]
[ 08 ] [ target/debs/trixie/openssl_3.5.4-1+fips_amd64.deb ]
[A[K[A[K[A[K[A[K[A[K[A[K[A[K[A[K[ 01 ] [ target/debs/trixie/grub2-common_2.06-13+deb13u1_amd64.deb ]
[ 02 ] [ target/debs/trixie/hsflowd_2.0.51-26_amd64.deb ]
[ 03 ] [ target/debs/trixie/sflowtool_5.04_amd64.deb ]
[ 04 ] [ target/debs/trixie/psample_1.1-1_amd64.deb ]
[ 05 ] [ target/docker-dash-engine.gz ]
[ 06 ] [ target/debs/trixie/isc-dhcp-relay_4.4.3-P1-2_amd64.deb ]
[ 07 ] [ target/python-wheels/trixie/swsssdk-2.0.1-py3-none-any.whl ]
[A[K[A[K[A[K[A[K[A[K[A[K[A[K[ 01 ] [ target/debs/trixie/grub2-common_2.06-13+deb13u1_amd64.deb ]
[ 02 ] [ target/debs/trixie/hsflowd_2.0.51-26_amd64.deb ]
[ 03 ] [ target/debs/trixie/sflowtool_5.04_amd64.deb ]
[ 04 ] [ target/debs/trixie/psample_1.1-1_amd64.deb ]
[ 05 ] [ target/docker-dash-engine.gz ]
[ 06 ] [ target/debs/trixie/isc-dhcp-relay_4.4.3-P1-2_amd64.deb ]
[ 07 ] [ target/python-wheels/trixie/swsssdk-2.0.1-py3-none-any.whl ]
[ 08 ] [ target/debs/trixie/libk5crypto3_1.21.3-5+fips_amd64.deb ]
[A[K[A[K[A[K[A[K[A[K[A[K[A[K[A[K[ 01 ] [ target/debs/trixie/grub2-common_2.06-13+deb13u1_amd64.deb ]
[ 02 ] [ target/debs/trixie/hsflowd_2.0.51-26_amd64.deb ]
[ 03 ] [ target/debs/trixie/sflowtool_5.04_amd64.deb ]
[ 04 ] [ target/debs/trixie/psample_1.1-1_amd64.deb ]
[ 05 ] [ target/docker-dash-engine.gz ]
[ 06 ] [ target/debs/trixie/isc-dhcp-relay_4.4.3-P1-2_amd64.deb ]
[ 07 ] [ target/python-wheels/trixie/swsssdk-2.0.1-py3-none-any.whl ]
[A[K[A[K[A[K[A[K[A[K[A[K[A[K[ 01 ] [ target/debs/trixie/grub2-common_2.06-13+deb13u1_amd64.deb ]
[ 02 ] [ target/debs/trixie/hsflowd_2.0.51-26_amd64.deb ]
[ 03 ] [ target/debs/trixie/sflowtool_5.04_amd64.deb ]
[ 04 ] [ target/debs/trixie/psample_1.1-1_amd64.deb ]
[ 05 ] [ target/docker-dash-engine.gz ]
[ 06 ] [ target/debs/trixie/isc-dhcp-relay_4.4.3-P1-2_amd64.deb ]
[ 07 ] [ target/python-wheels/trixie/swsssdk-2.0.1-py3-none-any.whl ]
[ 08 ] [ target/debs/trixie/libkrb5support0_1.21.3-5+fips_amd64.deb ]
[A[K[A[K[A[K[A[K[A[K[A[K[A[K[A[K[ 01 ] [ target/debs/trixie/grub2-common_2.06-13+deb13u1_amd64.deb ]
[ 02 ] [ target/debs/trixie/hsflowd_2.0.51-26_amd64.deb ]
[ 03 ] [ target/debs/trixie/sflowtool_5.04_amd64.deb ]
[ 04 ] [ target/debs/trixie/psample_1.1-1_amd64.deb ]
[ 05 ] [ target/docker-dash-engine.gz ]
[ 06 ] [ target/debs/trixie/isc-dhcp-relay_4.4.3-P1-2_amd64.deb ]
[ 07 ] [ target/python-wheels/trixie/swsssdk-2.0.1-py3-none-any.whl ]
[A[K[A[K[A[K[A[K[A[K[A[K[A[K[ 01 ] [ target/debs/trixie/grub2-common_2.06-13+deb13u1_amd64.deb ]
[ 02 ] [ target/debs/trixie/hsflowd_2.0.51-26_amd64.deb ]
[ 03 ] [ target/debs/trixie/sflowtool_5.04_amd64.deb ]
[ 04 ] [ target/debs/trixie/psample_1.1-1_amd64.deb ]
[ 05 ] [ target/docker-dash-engine.gz ]
[ 06 ] [ target/debs/trixie/isc-dhcp-relay_4.4.3-P1-2_amd64.deb ]
[ 07 ] [ target/python-wheels/trixie/swsssdk-2.0.1-py3-none-any.whl ]
[ 08 ] [ target/debs/trixie/libkrb5-3_1.21.3-5+fips_amd64.deb ]
[A[K[A[K[A[K[A[K[A[K[A[K[A[K[A[K[ 01 ] [ target/debs/trixie/grub2-common_2.06-13+deb13u1_amd64.deb ]
[ 02 ] [ target/debs/trixie/hsflowd_2.0.51-26_amd64.deb ]
[ 03 ] [ target/debs/trixie/sflowtool_5.04_amd64.deb ]
[ 04 ] [ target/debs/trixie/psample_1.1-1_amd64.deb ]
[ 05 ] [ target/docker-dash-engine.gz ]
[ 06 ] [ target/debs/trixie/isc-dhcp-relay_4.4.3-P1-2_amd64.deb ]
[ 07 ] [ target/python-wheels/trixie/swsssdk-2.0.1-py3-none-any.whl ]
[A[K[A[K[A[K[A[K[A[K[A[K[A[K[ 01 ] [ target/debs/trixie/grub2-common_2.06-13+deb13u1_amd64.deb ]
[ 02 ] [ target/debs/trixie/hsflowd_2.0.51-26_amd64.deb ]
[ 03 ] [ target/debs/trixie/sflowtool_5.04_amd64.deb ]
[ 04 ] [ target/debs/trixie/psample_1.1-1_amd64.deb ]
[ 05 ] [ target/docker-dash-engine.gz ]
[ 06 ] [ target/debs/trixie/isc-dhcp-relay_4.4.3-P1-2_amd64.deb ]
[ 07 ] [ target/python-wheels/trixie/swsssdk-2.0.1-py3-none-any.whl ]
[ 08 ] [ target/debs/trixie/libgssapi-krb5-2_1.21.3-5+fips_amd64.deb ]
[A[K[A[K[A[K[A[K[A[K[A[K[A[K[A[K[ 01 ] [ target/debs/trixie/grub2-common_2.06-13+deb13u1_amd64.deb ]
[ 02 ] [ target/debs/trixie/hsflowd_2.0.51-26_amd64.deb ]
[ 03 ] [ target/debs/trixie/sflowtool_5.04_amd64.deb ]
[ 04 ] [ target/debs/trixie/psample_1.1-1_amd64.deb ]
[ 05 ] [ target/docker-dash-engine.gz ]
[ 06 ] [ target/debs/trixie/isc-dhcp-relay_4.4.3-P1-2_amd64.deb ]
[ 07 ] [ target/python-wheels/trixie/swsssdk-2.0.1-py3-none-any.whl ]
[A[K[A[K[A[K[A[K[A[K[A[K[A[K[ 01 ] [ target/debs/trixie/grub2-common_2.06-13+deb13u1_amd64.deb ]
[ 02 ] [ target/debs/trixie/hsflowd_2.0.51-26_amd64.deb ]
[ 03 ] [ target/debs/trixie/sflowtool_5.04_amd64.deb ]
[ 04 ] [ target/debs/trixie/psample_1.1-1_amd64.deb ]
[ 05 ] [ target/docker-dash-engine.gz ]
[ 06 ] [ target/debs/trixie/isc-dhcp-relay_4.4.3-P1-2_amd64.deb ]
[ 07 ] [ target/python-wheels/trixie/swsssdk-2.0.1-py3-none-any.whl ]
[ 08 ] [ target/debs/trixie/p4lang-pi_0.1.1-1_amd64.deb-install ]
[A[K[A[K[A[K[A[K[A[K[A[K[A[K[A[K[ 01 ] [ target/debs/trixie/grub2-common_2.06-13+deb13u1_amd64.deb ]
[ 02 ] [ target/debs/trixie/hsflowd_2.0.51-26_amd64.deb ]
[ 03 ] [ target/debs/trixie/sflowtool_5.04_amd64.deb ]
[ 04 ] [ target/debs/trixie/psample_1.1-1_amd64.deb ]
[ 05 ] [ target/docker-dash-engine.gz ]
[ 06 ] [ target/debs/trixie/isc-dhcp-relay_4.4.3-P1-2_amd64.deb ]
[ 07 ] [ target/python-wheels/trixie/swsssdk-2.0.1-py3-none-any.whl ]
[A[K[A[K[A[K[A[K[A[K[A[K[A[K[ 01 ] [ target/debs/trixie/grub2-common_2.06-13+deb13u1_amd64.deb ]
[ 02 ] [ target/debs/trixie/hsflowd_2.0.51-26_amd64.deb ]
[ 03 ] [ target/debs/trixie/sflowtool_5.04_amd64.deb ]
[ 04 ] [ target/debs/trixie/psample_1.1-1_amd64.deb ]
[ 05 ] [ target/docker-dash-engine.gz ]
[ 06 ] [ target/debs/trixie/isc-dhcp-relay_4.4.3-P1-2_amd64.deb ]
[ 07 ] [ target/python-wheels/trixie/swsssdk-2.0.1-py3-none-any.whl ]
[ 08 ] [ target/debs/trixie/libnexthopgroup-dev_1.0.0_amd64.deb ]
[A[K[A[K[A[K[A[K[A[K[A[K[A[K[A[K[ 01 ] [ target/debs/trixie/grub2-common_2.06-13+deb13u1_amd64.deb ]
[ 02 ] [ target/debs/trixie/hsflowd_2.0.51-26_amd64.deb ]
[ 03 ] [ target/debs/trixie/sflowtool_5.04_amd64.deb ]
[ 04 ] [ target/debs/trixie/psample_1.1-1_amd64.deb ]
[ 05 ] [ target/docker-dash-engine.gz ]
[ 06 ] [ target/debs/trixie/isc-dhcp-relay_4.4.3-P1-2_amd64.deb ]
[ 07 ] [ target/python-wheels/trixie/swsssdk-2.0.1-py3-none-any.whl ]
[A[K[A[K[A[K[A[K[A[K[A[K[A[K[ 01 ] [ target/debs/trixie/grub2-common_2.06-13+deb13u1_amd64.deb ]
[ 02 ] [ target/debs/trixie/hsflowd_2.0.51-26_amd64.deb ]
[ 03 ] [ target/debs/trixie/sflowtool_5.04_amd64.deb ]
[ 04 ] [ target/debs/trixie/psample_1.1-1_amd64.deb ]
[ 05 ] [ target/docker-dash-engine.gz ]
[ 06 ] [ target/debs/trixie/isc-dhcp-relay_4.4.3-P1-2_amd64.deb ]
[ 07 ] [ target/python-wheels/trixie/swsssdk-2.0.1-py3-none-any.whl ]
[ 08 ] [ target/debs/trixie/libdashapi_1.0.0_amd64.deb-install ]
[A[K[A[K[A[K[A[K[A[K[A[K[A[K[A[K[ 01 ] [ target/debs/trixie/grub2-common_2.06-13+deb13u1_amd64.deb ]
[ 02 ] [ target/debs/trixie/hsflowd_2.0.51-26_amd64.deb ]
[ 03 ] [ target/debs/trixie/sflowtool_5.04_amd64.deb ]
[ 04 ] [ target/debs/trixie/psample_1.1-1_amd64.deb ]
[ 05 ] [ target/docker-dash-engine.gz ]
[ 06 ] [ target/debs/trixie/isc-dhcp-relay_4.4.3-P1-2_amd64.deb ]
[ 07 ] [ target/python-wheels/trixie/swsssdk-2.0.1-py3-none-any.whl ]
[A[K[A[K[A[K[A[K[A[K[A[K[A[K[ 01 ] [ target/debs/trixie/grub2-common_2.06-13+deb13u1_amd64.deb ]
[ 02 ] [ target/debs/trixie/hsflowd_2.0.51-26_amd64.deb ]
[ 03 ] [ target/debs/trixie/sflowtool_5.04_amd64.deb ]
[ 04 ] [ target/debs/trixie/psample_1.1-1_amd64.deb ]
[ 05 ] [ target/docker-dash-engine.gz ]
[ 06 ] [ target/debs/trixie/isc-dhcp-relay_4.4.3-P1-2_amd64.deb ]
[ 07 ] [ target/python-wheels/trixie/swsssdk-2.0.1-py3-none-any.whl ]
[ 08 ] [ target/debs/trixie/libnexthopgroup-dev_1.0.0_amd64.deb-install ]
[A[K[A[K[A[K[A[K[A[K[A[K[A[K[A[K[ 01 ] [ target/debs/trixie/grub2-common_2.06-13+deb13u1_amd64.deb ]
[ 02 ] [ target/debs/trixie/hsflowd_2.0.51-26_amd64.deb ]
[ 03 ] [ target/debs/trixie/sflowtool_5.04_amd64.deb ]
[ 04 ] [ target/debs/trixie/psample_1.1-1_amd64.deb ]
[ 05 ] [ target/docker-dash-engine.gz ]
[ 06 ] [ target/debs/trixie/isc-dhcp-relay_4.4.3-P1-2_amd64.deb ]
[ 07 ] [ target/python-wheels/trixie/swsssdk-2.0.1-py3-none-any.whl ]
[A[K[A[K[A[K[A[K[A[K[A[K[A[K[ 01 ] [ target/debs/trixie/grub2-common_2.06-13+deb13u1_amd64.deb ]
[ 02 ] [ target/debs/trixie/hsflowd_2.0.51-26_amd64.deb ]
[ 03 ] [ target/debs/trixie/sflowtool_5.04_amd64.deb ]
[ 04 ] [ target/debs/trixie/psample_1.1-1_amd64.deb ]
[ 05 ] [ target/docker-dash-engine.gz ]
[ 06 ] [ target/debs/trixie/isc-dhcp-relay_4.4.3-P1-2_amd64.deb ]
[ 07 ] [ target/python-wheels/trixie/swsssdk-2.0.1-py3-none-any.whl ]
[ 08 ] [ target/debs/trixie/libsensors5_3.6.0-7.1_amd64.deb ]
[A[K[A[K[A[K[A[K[A[K[A[K[A[K[A[K[ 01 ] [ target/debs/trixie/grub2-common_2.06-13+deb13u1_amd64.deb ]
[ 02 ] [ target/debs/trixie/hsflowd_2.0.51-26_amd64.deb ]
[ 03 ] [ target/debs/trixie/sflowtool_5.04_amd64.deb ]
[ 04 ] [ target/debs/trixie/psample_1.1-1_amd64.deb ]
[ 05 ] [ target/docker-dash-engine.gz ]
[ 06 ] [ target/debs/trixie/isc-dhcp-relay_4.4.3-P1-2_amd64.deb ]
[ 07 ] [ target/python-wheels/trixie/swsssdk-2.0.1-py3-none-any.whl ]
[A[K[A[K[A[K[A[K[A[K[A[K[A[K[ 01 ] [ target/debs/trixie/grub2-common_2.06-13+deb13u1_amd64.deb ]
[ 02 ] [ target/debs/trixie/hsflowd_2.0.51-26_amd64.deb ]
[ 03 ] [ target/debs/trixie/sflowtool_5.04_amd64.deb ]
[ 04 ] [ target/debs/trixie/psample_1.1-1_amd64.deb ]
[ 05 ] [ target/docker-dash-engine.gz ]
[ 06 ] [ target/debs/trixie/isc-dhcp-relay_4.4.3-P1-2_amd64.deb ]
[ 07 ] [ target/python-wheels/trixie/swsssdk-2.0.1-py3-none-any.whl ]
[ 08 ] [ target/debs/trixie/fancontrol_3.6.0-7.1_all.deb ]
[A[K[A[K[A[K[A[K[A[K[A[K[A[K[A[K[ 01 ] [ target/debs/trixie/grub2-common_2.06-13+deb13u1_amd64.deb ]
[ 02 ] [ target/debs/trixie/hsflowd_2.0.51-26_amd64.deb ]
[ 03 ] [ target/debs/trixie/sflowtool_5.04_amd64.deb ]
[ 04 ] [ target/debs/trixie/psample_1.1-1_amd64.deb ]
[ 05 ] [ target/docker-dash-engine.gz ]
[ 06 ] [ target/debs/trixie/isc-dhcp-relay_4.4.3-P1-2_amd64.deb ]
[ 07 ] [ target/python-wheels/trixie/swsssdk-2.0.1-py3-none-any.whl ]
[A[K[A[K[A[K[A[K[A[K[A[K[A[K[ 01 ] [ target/debs/trixie/grub2-common_2.06-13+deb13u1_amd64.deb ]
[ 02 ] [ target/debs/trixie/hsflowd_2.0.51-26_amd64.deb ]
[ 03 ] [ target/debs/trixie/sflowtool_5.04_amd64.deb ]
[ 04 ] [ target/debs/trixie/psample_1.1-1_amd64.deb ]
[ 05 ] [ target/docker-dash-engine.gz ]
[ 06 ] [ target/debs/trixie/isc-dhcp-relay_4.4.3-P1-2_amd64.deb ]
[ 07 ] [ target/python-wheels/trixie/swsssdk-2.0.1-py3-none-any.whl ]
[ 08 ] [ target/debs/trixie/sensord_3.6.0-7.1_amd64.deb ]
[A[K[A[K[A[K[A[K[A[K[A[K[A[K[A[K[ 01 ] [ target/debs/trixie/grub2-common_2.06-13+deb13u1_amd64.deb ]
[ 02 ] [ target/debs/trixie/hsflowd_2.0.51-26_amd64.deb ]
[ 03 ] [ target/debs/trixie/sflowtool_5.04_amd64.deb ]
[ 04 ] [ target/debs/trixie/psample_1.1-1_amd64.deb ]
[ 05 ] [ target/docker-dash-engine.gz ]
[ 06 ] [ target/debs/trixie/isc-dhcp-relay_4.4.3-P1-2_amd64.deb ]
[ 07 ] [ target/python-wheels/trixie/swsssdk-2.0.1-py3-none-any.whl ]
[A[K[A[K[A[K[A[K[A[K[A[K[A[K[ 01 ] [ target/debs/trixie/grub2-common_2.06-13+deb13u1_amd64.deb ]
[ 02 ] [ target/debs/trixie/hsflowd_2.0.51-26_amd64.deb ]
[ 03 ] [ target/debs/trixie/sflowtool_5.04_amd64.deb ]
[ 04 ] [ target/debs/trixie/psample_1.1-1_amd64.deb ]
[ 05 ] [ target/docker-dash-engine.gz ]
[ 06 ] [ target/debs/trixie/isc-dhcp-relay_4.4.3-P1-2_amd64.deb ]
[ 07 ] [ target/python-wheels/trixie/swsssdk-2.0.1-py3-none-any.whl ]
[ 08 ] [ target/debs/trixie/linux-kbuild-6.12.41+deb13_6.12.41-1_amd64.deb-install ]
[A[K[A[K[A[K[A[K[A[K[A[K[A[K[A[K[ 01 ] [ target/debs/trixie/grub2-common_2.06-13+deb13u1_amd64.deb ]
[ 02 ] [ target/debs/trixie/hsflowd_2.0.51-26_amd64.deb ]
[ 03 ] [ target/debs/trixie/sflowtool_5.04_amd64.deb ]
[ 04 ] [ target/debs/trixie/psample_1.1-1_amd64.deb ]
[ 05 ] [ target/docker-dash-engine.gz ]
[ 06 ] [ target/debs/trixie/isc-dhcp-relay_4.4.3-P1-2_amd64.deb ]
[ 07 ] [ target/python-wheels/trixie/swsssdk-2.0.1-py3-none-any.whl ]
[A[K[A[K[A[K[A[K[A[K[A[K[A[K[ 01 ] [ target/debs/trixie/grub2-common_2.06-13+deb13u1_amd64.deb ]
[ 02 ] [ target/debs/trixie/hsflowd_2.0.51-26_amd64.deb ]
[ 03 ] [ target/debs/trixie/sflowtool_5.04_amd64.deb ]
[ 04 ] [ target/debs/trixie/psample_1.1-1_amd64.deb ]
[ 05 ] [ target/docker-dash-engine.gz ]
[ 06 ] [ target/debs/trixie/isc-dhcp-relay_4.4.3-P1-2_amd64.deb ]
[ 07 ] [ target/python-wheels/trixie/swsssdk-2.0.1-py3-none-any.whl ]
[ 08 ] [ target/debs/trixie/libnss-tacplus_1.0.4-1_amd64.deb ]
[A[K[A[K[A[K[A[K[A[K[A[K[A[K[A[K[ 01 ] [ target/debs/trixie/grub2-common_2.06-13+deb13u1_amd64.deb ]
[ 02 ] [ target/debs/trixie/hsflowd_2.0.51-26_amd64.deb ]
[ 03 ] [ target/debs/trixie/sflowtool_5.04_amd64.deb ]
[ 04 ] [ target/debs/trixie/psample_1.1-1_amd64.deb ]
[ 05 ] [ target/docker-dash-engine.gz ]
[ 06 ] [ target/debs/trixie/isc-dhcp-relay_4.4.3-P1-2_amd64.deb ]
[ 07 ] [ target/debs/trixie/libnss-tacplus_1.0.4-1_amd64.deb ]
[A[K[A[K[A[K[A[K[A[K[A[K[A[K[ 01 ] [ target/debs/trixie/grub2-common_2.06-13+deb13u1_amd64.deb ]
[ 02 ] [ target/debs/trixie/hsflowd_2.0.51-26_amd64.deb ]
[ 03 ] [ target/debs/trixie/sflowtool_5.04_amd64.deb ]
[ 04 ] [ target/debs/trixie/psample_1.1-1_amd64.deb ]
[ 05 ] [ target/docker-dash-engine.gz ]
[ 06 ] [ target/debs/trixie/isc-dhcp-relay_4.4.3-P1-2_amd64.deb ]
[ 07 ] [ target/debs/trixie/libnss-tacplus_1.0.4-1_amd64.deb ]
[ 08 ] [ target/debs/trixie/libnl-route-3-dev_3.7.0-0.2+b1sonic1_amd64.deb ]
[A[K[A[K[A[K[A[K[A[K[A[K[A[K[A[K[ 01 ] [ target/debs/trixie/grub2-common_2.06-13+deb13u1_amd64.deb ]
[ 02 ] [ target/debs/trixie/hsflowd_2.0.51-26_amd64.deb ]
[ 03 ] [ target/debs/trixie/sflowtool_5.04_amd64.deb ]
[ 04 ] [ target/debs/trixie/psample_1.1-1_amd64.deb ]
[ 05 ] [ target/docker-dash-engine.gz ]
[ 06 ] [ target/debs/trixie/isc-dhcp-relay_4.4.3-P1-2_amd64.deb ]
[ 07 ] [ target/debs/trixie/libnss-tacplus_1.0.4-1_amd64.deb ]
[A[K[A[K[A[K[A[K[A[K[A[K[A[K[ 01 ] [ target/debs/trixie/grub2-common_2.06-13+deb13u1_amd64.deb ]
[ 02 ] [ target/debs/trixie/hsflowd_2.0.51-26_amd64.deb ]
[ 03 ] [ target/debs/trixie/sflowtool_5.04_amd64.deb ]
[ 04 ] [ target/debs/trixie/psample_1.1-1_amd64.deb ]
[ 05 ] [ target/docker-dash-engine.gz ]
[ 06 ] [ target/debs/trixie/isc-dhcp-relay_4.4.3-P1-2_amd64.deb ]
[ 07 ] [ target/debs/trixie/libnss-tacplus_1.0.4-1_amd64.deb ]
[ 08 ] [ target/debs/trixie/python3-libyang_3.1.0-1_amd64.deb ]
[A[K[A[K[A[K[A[K[A[K[A[K[A[K[A[K[ 01 ] [ target/debs/trixie/grub2-common_2.06-13+deb13u1_amd64.deb ]
[ 02 ] [ target/debs/trixie/hsflowd_2.0.51-26_amd64.deb ]
[ 03 ] [ target/debs/trixie/sflowtool_5.04_amd64.deb ]
[ 04 ] [ target/debs/trixie/psample_1.1-1_amd64.deb ]
[ 05 ] [ target/docker-dash-engine.gz ]
[ 06 ] [ target/debs/trixie/isc-dhcp-relay_4.4.3-P1-2_amd64.deb ]
[ 07 ] [ target/debs/trixie/python3-libyang_3.1.0-1_amd64.deb ]
[A[K[A[K[A[K[A[K[A[K[A[K[A[K[ 01 ] [ target/debs/trixie/grub2-common_2.06-13+deb13u1_amd64.deb ]
[ 02 ] [ target/debs/trixie/hsflowd_2.0.51-26_amd64.deb ]
[ 03 ] [ target/debs/trixie/sflowtool_5.04_amd64.deb ]
[ 04 ] [ target/debs/trixie/psample_1.1-1_amd64.deb ]
[ 05 ] [ target/docker-dash-engine.gz ]
[ 06 ] [ target/debs/trixie/isc-dhcp-relay_4.4.3-P1-2_amd64.deb ]
[ 07 ] [ target/debs/trixie/python3-libyang_3.1.0-1_amd64.deb ]
[ 08 ] [ target/debs/trixie/libnl-genl-3-dev_3.7.0-0.2+b1sonic1_amd64.deb ]
[A[K[A[K[A[K[A[K[A[K[A[K[A[K[A[K[ 01 ] [ target/debs/trixie/grub2-common_2.06-13+deb13u1_amd64.deb ]
[ 02 ] [ target/debs/trixie/hsflowd_2.0.51-26_amd64.deb ]
[ 03 ] [ target/debs/trixie/sflowtool_5.04_amd64.deb ]
[ 04 ] [ target/debs/trixie/psample_1.1-1_amd64.deb ]
[ 05 ] [ target/docker-dash-engine.gz ]
[ 06 ] [ target/debs/trixie/isc-dhcp-relay_4.4.3-P1-2_amd64.deb ]
[ 07 ] [ target/debs/trixie/python3-libyang_3.1.0-1_amd64.deb ]
[A[K[A[K[A[K[A[K[A[K[A[K[A[K[ 01 ] [ target/debs/trixie/grub2-common_2.06-13+deb13u1_amd64.deb ]
[ 02 ] [ target/debs/trixie/hsflowd_2.0.51-26_amd64.deb ]
[ 03 ] [ target/debs/trixie/sflowtool_5.04_amd64.deb ]
[ 04 ] [ target/debs/trixie/psample_1.1-1_amd64.deb ]
[ 05 ] [ target/docker-dash-engine.gz ]
[ 06 ] [ target/debs/trixie/isc-dhcp-relay_4.4.3-P1-2_amd64.deb ]
[ 07 ] [ target/debs/trixie/python3-libyang_3.1.0-1_amd64.deb ]
[ 08 ] [ target/debs/trixie/libnl-nf-3-200_3.7.0-0.2+b1sonic1_amd64.deb ]
[A[K[A[K[A[K[A[K[A[K[A[K[A[K[A[K[ 01 ] [ target/debs/trixie/grub2-common_2.06-13+deb13u1_amd64.deb ]
[ 02 ] [ target/debs/trixie/hsflowd_2.0.51-26_amd64.deb ]
[ 03 ] [ target/debs/trixie/sflowtool_5.04_amd64.deb ]
[ 04 ] [ target/debs/trixie/psample_1.1-1_amd64.deb ]
[ 05 ] [ target/docker-dash-engine.gz ]
[ 06 ] [ target/debs/trixie/isc-dhcp-relay_4.4.3-P1-2_amd64.deb ]
[ 07 ] [ target/debs/trixie/python3-libyang_3.1.0-1_amd64.deb ]
[A[K[A[K[A[K[A[K[A[K[A[K[A[K[ 01 ] [ target/debs/trixie/grub2-common_2.06-13+deb13u1_amd64.deb ]
[ 02 ] [ target/debs/trixie/hsflowd_2.0.51-26_amd64.deb ]
[ 03 ] [ target/debs/trixie/sflowtool_5.04_amd64.deb ]
[ 04 ] [ target/debs/trixie/psample_1.1-1_amd64.deb ]
[ 05 ] [ target/docker-dash-engine.gz ]
[ 06 ] [ target/debs/trixie/isc-dhcp-relay_4.4.3-P1-2_amd64.deb ]
[ 07 ] [ target/debs/trixie/python3-libyang_3.1.0-1_amd64.deb ]
[ 08 ] [ target/debs/trixie/libnl-genl-3-dev_3.7.0-0.2+b1sonic1_amd64.deb-install ]
[A[K[A[K[A[K[A[K[A[K[A[K[A[K[A[K[ 01 ] [ target/debs/trixie/grub2-common_2.06-13+deb13u1_amd64.deb ]
[ 02 ] [ target/debs/trixie/hsflowd_2.0.51-26_amd64.deb ]
[ 03 ] [ target/debs/trixie/sflowtool_5.04_amd64.deb ]
[ 04 ] [ target/debs/trixie/psample_1.1-1_amd64.deb ]
[ 05 ] [ target/docker-dash-engine.gz ]
[ 06 ] [ target/debs/trixie/isc-dhcp-relay_4.4.3-P1-2_amd64.deb ]
[ 07 ] [ target/debs/trixie/python3-libyang_3.1.0-1_amd64.deb ]
[A[K[A[K[A[K[A[K[A[K[A[K[A[K[ 01 ] [ target/debs/trixie/grub2-common_2.06-13+deb13u1_amd64.deb ]
[ 02 ] [ target/debs/trixie/hsflowd_2.0.51-26_amd64.deb ]
[ 03 ] [ target/debs/trixie/sflowtool_5.04_amd64.deb ]
[ 04 ] [ target/debs/trixie/psample_1.1-1_amd64.deb ]
[ 05 ] [ target/docker-dash-engine.gz ]
[ 06 ] [ target/debs/trixie/isc-dhcp-relay_4.4.3-P1-2_amd64.deb ]
[ 07 ] [ target/debs/trixie/python3-libyang_3.1.0-1_amd64.deb ]
[ 08 ] [ target/debs/trixie/libnl-route-3-dev_3.7.0-0.2+b1sonic1_amd64.deb-install ]
[A[K[A[K[A[K[A[K[A[K[A[K[A[K[A[K[ 01 ] [ target/debs/trixie/grub2-common_2.06-13+deb13u1_amd64.deb ]
[ 02 ] [ target/debs/trixie/hsflowd_2.0.51-26_amd64.deb ]
[ 03 ] [ target/debs/trixie/sflowtool_5.04_amd64.deb ]
[ 04 ] [ target/debs/trixie/psample_1.1-1_amd64.deb ]
[ 05 ] [ target/docker-dash-engine.gz ]
[ 06 ] [ target/debs/trixie/isc-dhcp-relay_4.4.3-P1-2_amd64.deb ]
[ 07 ] [ target/debs/trixie/python3-libyang_3.1.0-1_amd64.deb ]
[A[K[A[K[A[K[A[K[A[K[A[K[A[K[ 01 ] [ target/debs/trixie/grub2-common_2.06-13+deb13u1_amd64.deb ]
[ 02 ] [ target/debs/trixie/hsflowd_2.0.51-26_amd64.deb ]
[ 03 ] [ target/debs/trixie/sflowtool_5.04_amd64.deb ]
[ 04 ] [ target/debs/trixie/psample_1.1-1_amd64.deb ]
[ 05 ] [ target/docker-dash-engine.gz ]
[ 06 ] [ target/debs/trixie/isc-dhcp-relay_4.4.3-P1-2_amd64.deb ]
[ 07 ] [ target/debs/trixie/python3-libyang_3.1.0-1_amd64.deb ]
[ 08 ] [ target/python-wheels/trixie/swsssdk-2.0.1-py3-none-any.whl-install ]
[A[K[A[K[A[K[A[K[A[K[A[K[A[K[A[K[ 01 ] [ target/debs/trixie/grub2-common_2.06-13+deb13u1_amd64.deb ]
[ 02 ] [ target/debs/trixie/hsflowd_2.0.51-26_amd64.deb ]
[ 03 ] [ target/debs/trixie/sflowtool_5.04_amd64.deb ]
[ 04 ] [ target/debs/trixie/psample_1.1-1_amd64.deb ]
[ 05 ] [ target/docker-dash-engine.gz ]
[ 06 ] [ target/debs/trixie/isc-dhcp-relay_4.4.3-P1-2_amd64.deb ]
[ 07 ] [ target/debs/trixie/python3-libyang_3.1.0-1_amd64.deb ]
[A[K[A[K[A[K[A[K[A[K[A[K[A[K[ 01 ] [ target/debs/trixie/grub2-common_2.06-13+deb13u1_amd64.deb ]
[ 02 ] [ target/debs/trixie/hsflowd_2.0.51-26_amd64.deb ]
[ 03 ] [ target/debs/trixie/sflowtool_5.04_amd64.deb ]
[ 04 ] [ target/debs/trixie/psample_1.1-1_amd64.deb ]
[ 05 ] [ target/docker-dash-engine.gz ]
[ 06 ] [ target/debs/trixie/isc-dhcp-relay_4.4.3-P1-2_amd64.deb ]
[ 07 ] [ target/debs/trixie/python3-libyang_3.1.0-1_amd64.deb ]
[ 08 ] [ target/debs/trixie/libnl-nf-3-200_3.7.0-0.2+b1sonic1_amd64.deb-install ]
[A[K[A[K[A[K[A[K[A[K[A[K[A[K[A[K[ 01 ] [ target/debs/trixie/grub2-common_2.06-13+deb13u1_amd64.deb ]
[ 02 ] [ target/debs/trixie/hsflowd_2.0.51-26_amd64.deb ]
[ 03 ] [ target/debs/trixie/sflowtool_5.04_amd64.deb ]
[ 04 ] [ target/debs/trixie/psample_1.1-1_amd64.deb ]
[ 05 ] [ target/docker-dash-engine.gz ]
[ 06 ] [ target/debs/trixie/isc-dhcp-relay_4.4.3-P1-2_amd64.deb ]
[ 07 ] [ target/debs/trixie/python3-libyang_3.1.0-1_amd64.deb ]
[A[K[A[K[A[K[A[K[A[K[A[K[A[K[ 01 ] [ target/debs/trixie/grub2-common_2.06-13+deb13u1_amd64.deb ]
[ 02 ] [ target/debs/trixie/hsflowd_2.0.51-26_amd64.deb ]
[ 03 ] [ target/debs/trixie/sflowtool_5.04_amd64.deb ]
[ 04 ] [ target/debs/trixie/psample_1.1-1_amd64.deb ]
[ 05 ] [ target/docker-dash-engine.gz ]
[ 06 ] [ target/debs/trixie/isc-dhcp-relay_4.4.3-P1-2_amd64.deb ]
[ 07 ] [ target/debs/trixie/python3-libyang_3.1.0-1_amd64.deb ]
[ 08 ] [ target/debs/trixie/bash-tacplus_1.0.0_amd64.deb ]
[A[K[A[K[A[K[A[K[A[K[A[K[A[K[A[K[ 01 ] [ target/debs/trixie/grub2-common_2.06-13+deb13u1_amd64.deb ]
[ 02 ] [ target/debs/trixie/hsflowd_2.0.51-26_amd64.deb ]
[ 03 ] [ target/debs/trixie/psample_1.1-1_amd64.deb ]
[ 04 ] [ target/docker-dash-engine.gz ]
[ 05 ] [ target/debs/trixie/isc-dhcp-relay_4.4.3-P1-2_amd64.deb ]
[ 06 ] [ target/debs/trixie/python3-libyang_3.1.0-1_amd64.deb ]
[ 07 ] [ target/debs/trixie/bash-tacplus_1.0.0_amd64.deb ]
[A[K[A[K[A[K[A[K[A[K[A[K[A[K[ 01 ] [ target/debs/trixie/grub2-common_2.06-13+deb13u1_amd64.deb ]
[ 02 ] [ target/debs/trixie/hsflowd_2.0.51-26_amd64.deb ]
[ 03 ] [ target/debs/trixie/psample_1.1-1_amd64.deb ]
[ 04 ] [ target/docker-dash-engine.gz ]
[ 05 ] [ target/debs/trixie/isc-dhcp-relay_4.4.3-P1-2_amd64.deb ]
[ 06 ] [ target/debs/trixie/python3-libyang_3.1.0-1_amd64.deb ]
[ 07 ] [ target/debs/trixie/bash-tacplus_1.0.0_amd64.deb ]
[ 08 ] [ target/debs/trixie/audisp-tacplus_1.0.2_amd64.deb ]
[A[K[A[K[A[K[A[K[A[K[A[K[A[K[A[K[ 01 ] [ target/debs/trixie/grub2-common_2.06-13+deb13u1_amd64.deb ]
[ 02 ] [ target/debs/trixie/hsflowd_2.0.51-26_amd64.deb ]
[ 03 ] [ target/debs/trixie/psample_1.1-1_amd64.deb ]
[ 04 ] [ target/docker-dash-engine.gz ]
[ 05 ] [ target/debs/trixie/isc-dhcp-relay_4.4.3-P1-2_amd64.deb ]
[ 06 ] [ target/debs/trixie/python3-libyang_3.1.0-1_amd64.deb ]
[ 07 ] [ target/debs/trixie/audisp-tacplus_1.0.2_amd64.deb ]
[A[K[A[K[A[K[A[K[A[K[A[K[A[K[ 01 ] [ target/debs/trixie/grub2-common_2.06-13+deb13u1_amd64.deb ]
[ 02 ] [ target/debs/trixie/hsflowd_2.0.51-26_amd64.deb ]
[ 03 ] [ target/debs/trixie/psample_1.1-1_amd64.deb ]
[ 04 ] [ target/docker-dash-engine.gz ]
[ 05 ] [ target/debs/trixie/isc-dhcp-relay_4.4.3-P1-2_amd64.deb ]
[ 06 ] [ target/debs/trixie/python3-libyang_3.1.0-1_amd64.deb ]
[ 07 ] [ target/debs/trixie/audisp-tacplus_1.0.2_amd64.deb ]
[ 08 ] [ target/docker-base-trixie.gz ]
[A[K[A[K[A[K[A[K[A[K[A[K[A[K[A[K[ 01 ] [ target/debs/trixie/grub2-common_2.06-13+deb13u1_amd64.deb ]
[ 02 ] [ target/debs/trixie/hsflowd_2.0.51-26_amd64.deb ]
[ 03 ] [ target/debs/trixie/psample_1.1-1_amd64.deb ]
[ 04 ] [ target/docker-dash-engine.gz ]
[ 05 ] [ target/debs/trixie/isc-dhcp-relay_4.4.3-P1-2_amd64.deb ]
[ 06 ] [ target/debs/trixie/python3-libyang_3.1.0-1_amd64.deb ]
[ 07 ] [ target/docker-base-trixie.gz ]
[A[K[A[K[A[K[A[K[A[K[A[K[A[K[ 01 ] [ target/debs/trixie/grub2-common_2.06-13+deb13u1_amd64.deb ]
[ 02 ] [ target/debs/trixie/hsflowd_2.0.51-26_amd64.deb ]
[ 03 ] [ target/debs/trixie/psample_1.1-1_amd64.deb ]
[ 04 ] [ target/docker-dash-engine.gz ]
[ 05 ] [ target/debs/trixie/isc-dhcp-relay_4.4.3-P1-2_amd64.deb ]
[ 06 ] [ target/debs/trixie/python3-libyang_3.1.0-1_amd64.deb ]
[ 07 ] [ target/docker-base-trixie.gz ]
[ 08 ] [ target/debs/trixie/p4lang-bmv2_1.15.0-9_amd64.deb ]
[A[K[A[K[A[K[A[K[A[K[A[K[A[K[A[K[ 01 ] [ target/debs/trixie/grub2-common_2.06-13+deb13u1_amd64.deb ]
[ 02 ] [ target/debs/trixie/hsflowd_2.0.51-26_amd64.deb ]
[ 03 ] [ target/debs/trixie/psample_1.1-1_amd64.deb ]
[ 04 ] [ target/docker-dash-engine.gz ]
[ 05 ] [ target/debs/trixie/python3-libyang_3.1.0-1_amd64.deb ]
[ 06 ] [ target/docker-base-trixie.gz ]
[ 07 ] [ target/debs/trixie/p4lang-bmv2_1.15.0-9_amd64.deb ]
[A[K[A[K[A[K[A[K[A[K[A[K[A[K[ 01 ] [ target/debs/trixie/grub2-common_2.06-13+deb13u1_amd64.deb ]
[ 02 ] [ target/debs/trixie/hsflowd_2.0.51-26_amd64.deb ]
[ 03 ] [ target/debs/trixie/psample_1.1-1_amd64.deb ]
[ 04 ] [ target/docker-dash-engine.gz ]
[ 05 ] [ target/debs/trixie/python3-libyang_3.1.0-1_amd64.deb ]
[ 06 ] [ target/docker-base-trixie.gz ]
[ 07 ] [ target/debs/trixie/p4lang-bmv2_1.15.0-9_amd64.deb ]
[ 08 ] [ target/debs/trixie/frr_10.5.4-sonic-0_amd64.deb ]
[A[K[A[K[A[K[A[K[A[K[A[K[A[K[A[K[ 01 ] [ target/debs/trixie/grub2-common_2.06-13+deb13u1_amd64.deb ]
[ 02 ] [ target/debs/trixie/hsflowd_2.0.51-26_amd64.deb ]
[ 03 ] [ target/debs/trixie/psample_1.1-1_amd64.deb ]
[ 04 ] [ target/docker-dash-engine.gz ]
[ 05 ] [ target/debs/trixie/python3-libyang_3.1.0-1_amd64.deb ]
[ 06 ] [ target/debs/trixie/p4lang-bmv2_1.15.0-9_amd64.deb ]
[ 07 ] [ target/debs/trixie/frr_10.5.4-sonic-0_amd64.deb ]
[A[K[A[K[A[K[A[K[A[K[A[K[A[K[ 01 ] [ target/debs/trixie/grub2-common_2.06-13+deb13u1_amd64.deb ]
[ 02 ] [ target/debs/trixie/hsflowd_2.0.51-26_amd64.deb ]
[ 03 ] [ target/debs/trixie/psample_1.1-1_amd64.deb ]
[ 04 ] [ target/docker-dash-engine.gz ]
[ 05 ] [ target/debs/trixie/python3-libyang_3.1.0-1_amd64.deb ]
[ 06 ] [ target/debs/trixie/p4lang-bmv2_1.15.0-9_amd64.deb ]
[ 07 ] [ target/debs/trixie/frr_10.5.4-sonic-0_amd64.deb ]
[ 08 ] [ target/debs/trixie/openssh-server_10.0p1-7_amd64.deb ]
[A[K[A[K[A[K[A[K[A[K[A[K[A[K[A[K[ 01 ] [ target/debs/trixie/grub2-common_2.06-13+deb13u1_amd64.deb ]
[ 02 ] [ target/debs/trixie/hsflowd_2.0.51-26_amd64.deb ]
[ 03 ] [ target/docker-dash-engine.gz ]
[ 04 ] [ target/debs/trixie/python3-libyang_3.1.0-1_amd64.deb ]
[ 05 ] [ target/debs/trixie/p4lang-bmv2_1.15.0-9_amd64.deb ]
[ 06 ] [ target/debs/trixie/frr_10.5.4-sonic-0_amd64.deb ]
[ 07 ] [ target/debs/trixie/openssh-server_10.0p1-7_amd64.deb ]
[A[K[A[K[A[K[A[K[A[K[A[K[A[K[ 01 ] [ target/debs/trixie/grub2-common_2.06-13+deb13u1_amd64.deb ]
[ 02 ] [ target/debs/trixie/hsflowd_2.0.51-26_amd64.deb ]
[ 03 ] [ target/docker-dash-engine.gz ]
[ 04 ] [ target/debs/trixie/python3-libyang_3.1.0-1_amd64.deb ]
[ 05 ] [ target/debs/trixie/p4lang-bmv2_1.15.0-9_amd64.deb ]
[ 06 ] [ target/debs/trixie/frr_10.5.4-sonic-0_amd64.deb ]
[ 07 ] [ target/debs/trixie/openssh-server_10.0p1-7_amd64.deb ]
[ 08 ] [ target/debs/trixie/libnl-nf-3-dev_3.7.0-0.2+b1sonic1_amd64.deb ]
[A[K[A[K[A[K[A[K[A[K[A[K[A[K[A[K[ 01 ] [ target/debs/trixie/grub2-common_2.06-13+deb13u1_amd64.deb ]
[ 02 ] [ target/debs/trixie/hsflowd_2.0.51-26_amd64.deb ]
[ 03 ] [ target/docker-dash-engine.gz ]
[ 04 ] [ target/debs/trixie/python3-libyang_3.1.0-1_amd64.deb ]
[ 05 ] [ target/debs/trixie/p4lang-bmv2_1.15.0-9_amd64.deb ]
[ 06 ] [ target/debs/trixie/frr_10.5.4-sonic-0_amd64.deb ]
[ 07 ] [ target/debs/trixie/openssh-server_10.0p1-7_amd64.deb ]
[A[K[A[K[A[K[A[K[A[K[A[K[A[K[ 01 ] [ target/debs/trixie/grub2-common_2.06-13+deb13u1_amd64.deb ]
[ 02 ] [ target/debs/trixie/hsflowd_2.0.51-26_amd64.deb ]
[ 03 ] [ target/docker-dash-engine.gz ]
[ 04 ] [ target/debs/trixie/python3-libyang_3.1.0-1_amd64.deb ]
[ 05 ] [ target/debs/trixie/p4lang-bmv2_1.15.0-9_amd64.deb ]
[ 06 ] [ target/debs/trixie/frr_10.5.4-sonic-0_amd64.deb ]
[ 07 ] [ target/debs/trixie/openssh-server_10.0p1-7_amd64.deb ]
[ 08 ] [ target/docker-base-trixie.gz-load ]
[A[K[A[K[A[K[A[K[A[K[A[K[A[K[A[K[ 01 ] [ target/debs/trixie/grub2-common_2.06-13+deb13u1_amd64.deb ]
[ 02 ] [ target/debs/trixie/hsflowd_2.0.51-26_amd64.deb ]
[ 03 ] [ target/docker-dash-engine.gz ]
[ 04 ] [ target/debs/trixie/python3-libyang_3.1.0-1_amd64.deb ]
[ 05 ] [ target/debs/trixie/p4lang-bmv2_1.15.0-9_amd64.deb ]
[ 06 ] [ target/debs/trixie/frr_10.5.4-sonic-0_amd64.deb ]
[ 07 ] [ target/debs/trixie/openssh-server_10.0p1-7_amd64.deb ]
[A[K[A[K[A[K[A[K[A[K[A[K[A[K[ 01 ] [ target/debs/trixie/grub2-common_2.06-13+deb13u1_amd64.deb ]
[ 02 ] [ target/debs/trixie/hsflowd_2.0.51-26_amd64.deb ]
[ 03 ] [ target/docker-dash-engine.gz ]
[ 04 ] [ target/debs/trixie/python3-libyang_3.1.0-1_amd64.deb ]
[ 05 ] [ target/debs/trixie/p4lang-bmv2_1.15.0-9_amd64.deb ]
[ 06 ] [ target/debs/trixie/frr_10.5.4-sonic-0_amd64.deb ]
[ 07 ] [ target/debs/trixie/openssh-server_10.0p1-7_amd64.deb ]
[ 08 ] [ target/debs/trixie/libnl-nf-3-dev_3.7.0-0.2+b1sonic1_amd64.deb-install ]
[A[K[A[K[A[K[A[K[A[K[A[K[A[K[A[K[ 01 ] [ target/debs/trixie/grub2-common_2.06-13+deb13u1_amd64.deb ]
[ 02 ] [ target/debs/trixie/hsflowd_2.0.51-26_amd64.deb ]
[ 03 ] [ target/docker-dash-engine.gz ]
[ 04 ] [ target/debs/trixie/python3-libyang_3.1.0-1_amd64.deb ]
[ 05 ] [ target/debs/trixie/p4lang-bmv2_1.15.0-9_amd64.deb ]
[ 06 ] [ target/debs/trixie/frr_10.5.4-sonic-0_amd64.deb ]
[ 07 ] [ target/debs/trixie/openssh-server_10.0p1-7_amd64.deb ]
[A[K[A[K[A[K[A[K[A[K[A[K[A[K[ 01 ] [ target/debs/trixie/grub2-common_2.06-13+deb13u1_amd64.deb ]
[ 02 ] [ target/debs/trixie/hsflowd_2.0.51-26_amd64.deb ]
[ 03 ] [ target/docker-dash-engine.gz ]
[ 04 ] [ target/debs/trixie/python3-libyang_3.1.0-1_amd64.deb ]
[ 05 ] [ target/debs/trixie/p4lang-bmv2_1.15.0-9_amd64.deb ]
[ 06 ] [ target/debs/trixie/frr_10.5.4-sonic-0_amd64.deb ]
[ 07 ] [ target/debs/trixie/openssh-server_10.0p1-7_amd64.deb ]
[ 08 ] [ target/debs/trixie/libnl-cli-3-200_3.7.0-0.2+b1sonic1_amd64.deb ]
[A[K[A[K[A[K[A[K[A[K[A[K[A[K[A[K[ 01 ] [ target/debs/trixie/grub2-common_2.06-13+deb13u1_amd64.deb ]
[ 02 ] [ target/debs/trixie/hsflowd_2.0.51-26_amd64.deb ]
[ 03 ] [ target/docker-dash-engine.gz ]
[ 04 ] [ target/debs/trixie/python3-libyang_3.1.0-1_amd64.deb ]
[ 05 ] [ target/debs/trixie/p4lang-bmv2_1.15.0-9_amd64.deb ]
[ 06 ] [ target/debs/trixie/frr_10.5.4-sonic-0_amd64.deb ]
[ 07 ] [ target/debs/trixie/openssh-server_10.0p1-7_amd64.deb ]
[A[K[A[K[A[K[A[K[A[K[A[K[A[K[ 01 ] [ target/debs/trixie/grub2-common_2.06-13+deb13u1_amd64.deb ]
[ 02 ] [ target/debs/trixie/hsflowd_2.0.51-26_amd64.deb ]
[ 03 ] [ target/docker-dash-engine.gz ]
[ 04 ] [ target/debs/trixie/python3-libyang_3.1.0-1_amd64.deb ]
[ 05 ] [ target/debs/trixie/p4lang-bmv2_1.15.0-9_amd64.deb ]
[ 06 ] [ target/debs/trixie/frr_10.5.4-sonic-0_amd64.deb ]
[ 07 ] [ target/debs/trixie/openssh-server_10.0p1-7_amd64.deb ]
[ 08 ] [ target/debs/trixie/libnl-cli-3-dev_3.7.0-0.2+b1sonic1_amd64.deb ]
[A[K[A[K[A[K[A[K[A[K[A[K[A[K[A[K[ 01 ] [ target/debs/trixie/grub2-common_2.06-13+deb13u1_amd64.deb ]
[ 02 ] [ target/debs/trixie/hsflowd_2.0.51-26_amd64.deb ]
[ 03 ] [ target/docker-dash-engine.gz ]
[ 04 ] [ target/debs/trixie/python3-libyang_3.1.0-1_amd64.deb ]
[ 05 ] [ target/debs/trixie/p4lang-bmv2_1.15.0-9_amd64.deb ]
[ 06 ] [ target/debs/trixie/frr_10.5.4-sonic-0_amd64.deb ]
[ 07 ] [ target/debs/trixie/openssh-server_10.0p1-7_amd64.deb ]
[A[K[A[K[A[K[A[K[A[K[A[K[A[K[ 01 ] [ target/debs/trixie/grub2-common_2.06-13+deb13u1_amd64.deb ]
[ 02 ] [ target/debs/trixie/hsflowd_2.0.51-26_amd64.deb ]
[ 03 ] [ target/docker-dash-engine.gz ]
[ 04 ] [ target/debs/trixie/python3-libyang_3.1.0-1_amd64.deb ]
[ 05 ] [ target/debs/trixie/p4lang-bmv2_1.15.0-9_amd64.deb ]
[ 06 ] [ target/debs/trixie/frr_10.5.4-sonic-0_amd64.deb ]
[ 07 ] [ target/debs/trixie/openssh-server_10.0p1-7_amd64.deb ]
[ 08 ] [ target/debs/trixie/libnl-cli-3-200_3.7.0-0.2+b1sonic1_amd64.deb-install ]
[A[K[A[K[A[K[A[K[A[K[A[K[A[K[A[K[ 01 ] [ target/debs/trixie/grub2-common_2.06-13+deb13u1_amd64.deb ]
[ 02 ] [ target/debs/trixie/hsflowd_2.0.51-26_amd64.deb ]
[ 03 ] [ target/docker-dash-engine.gz ]
[ 04 ] [ target/debs/trixie/python3-libyang_3.1.0-1_amd64.deb ]
[ 05 ] [ target/debs/trixie/p4lang-bmv2_1.15.0-9_amd64.deb ]
[ 06 ] [ target/debs/trixie/frr_10.5.4-sonic-0_amd64.deb ]
[ 07 ] [ target/debs/trixie/openssh-server_10.0p1-7_amd64.deb ]
[A[K[A[K[A[K[A[K[A[K[A[K[A[K[ 01 ] [ target/debs/trixie/grub2-common_2.06-13+deb13u1_amd64.deb ]
[ 02 ] [ target/debs/trixie/hsflowd_2.0.51-26_amd64.deb ]
[ 03 ] [ target/docker-dash-engine.gz ]
[ 04 ] [ target/debs/trixie/python3-libyang_3.1.0-1_amd64.deb ]
[ 05 ] [ target/debs/trixie/p4lang-bmv2_1.15.0-9_amd64.deb ]
[ 06 ] [ target/debs/trixie/frr_10.5.4-sonic-0_amd64.deb ]
[ 07 ] [ target/debs/trixie/openssh-server_10.0p1-7_amd64.deb ]
[ 08 ] [ target/debs/trixie/libnl-cli-3-dev_3.7.0-0.2+b1sonic1_amd64.deb-install ]
[A[K[A[K[A[K[A[K[A[K[A[K[A[K[A[K[ 01 ] [ target/debs/trixie/grub2-common_2.06-13+deb13u1_amd64.deb ]
[ 02 ] [ target/debs/trixie/hsflowd_2.0.51-26_amd64.deb ]
[ 03 ] [ target/docker-dash-engine.gz ]
[ 04 ] [ target/debs/trixie/python3-libyang_3.1.0-1_amd64.deb ]
[ 05 ] [ target/debs/trixie/p4lang-bmv2_1.15.0-9_amd64.deb ]
[ 06 ] [ target/debs/trixie/frr_10.5.4-sonic-0_amd64.deb ]
[ 07 ] [ target/debs/trixie/openssh-server_10.0p1-7_amd64.deb ]
[A[K[A[K[A[K[A[K[A[K[A[K[A[K[ 01 ] [ target/debs/trixie/grub2-common_2.06-13+deb13u1_amd64.deb ]
[ 02 ] [ target/debs/trixie/hsflowd_2.0.51-26_amd64.deb ]
[ 03 ] [ target/docker-dash-engine.gz ]
[ 04 ] [ target/debs/trixie/python3-libyang_3.1.0-1_amd64.deb ]
[ 05 ] [ target/debs/trixie/p4lang-bmv2_1.15.0-9_amd64.deb ]
[ 06 ] [ target/debs/trixie/frr_10.5.4-sonic-0_amd64.deb ]
[ 07 ] [ target/debs/trixie/openssh-server_10.0p1-7_amd64.deb ]
[ 08 ] [ target/debs/trixie/libteam5_1.31-1_amd64.deb ]
[A[K[A[K[A[K[A[K[A[K[A[K[A[K[A[K[ 01 ] [ target/debs/trixie/grub2-common_2.06-13+deb13u1_amd64.deb ]
[ 02 ] [ target/debs/trixie/hsflowd_2.0.51-26_amd64.deb ]
[ 03 ] [ target/docker-dash-engine.gz ]
[ 04 ] [ target/debs/trixie/python3-libyang_3.1.0-1_amd64.deb ]
[ 05 ] [ target/debs/trixie/p4lang-bmv2_1.15.0-9_amd64.deb ]
[ 06 ] [ target/debs/trixie/frr_10.5.4-sonic-0_amd64.deb ]
[ 07 ] [ target/debs/trixie/openssh-server_10.0p1-7_amd64.deb ]
[A[K[A[K[A[K[A[K[A[K[A[K[A[K[ 01 ] [ target/debs/trixie/grub2-common_2.06-13+deb13u1_amd64.deb ]
[ 02 ] [ target/debs/trixie/hsflowd_2.0.51-26_amd64.deb ]
[ 03 ] [ target/docker-dash-engine.gz ]
[ 04 ] [ target/debs/trixie/python3-libyang_3.1.0-1_amd64.deb ]
[ 05 ] [ target/debs/trixie/p4lang-bmv2_1.15.0-9_amd64.deb ]
[ 06 ] [ target/debs/trixie/frr_10.5.4-sonic-0_amd64.deb ]
[ 07 ] [ target/debs/trixie/openssh-server_10.0p1-7_amd64.deb ]
[ 08 ] [ target/debs/trixie/libteamdctl0_1.31-1_amd64.deb ]
[A[K[A[K[A[K[A[K[A[K[A[K[A[K[A[K[ 01 ] [ target/debs/trixie/grub2-common_2.06-13+deb13u1_amd64.deb ]
[ 02 ] [ target/debs/trixie/hsflowd_2.0.51-26_amd64.deb ]
[ 03 ] [ target/docker-dash-engine.gz ]
[ 04 ] [ target/debs/trixie/python3-libyang_3.1.0-1_amd64.deb ]
[ 05 ] [ target/debs/trixie/p4lang-bmv2_1.15.0-9_amd64.deb ]
[ 06 ] [ target/debs/trixie/frr_10.5.4-sonic-0_amd64.deb ]
[ 07 ] [ target/debs/trixie/openssh-server_10.0p1-7_amd64.deb ]
[A[K[A[K[A[K[A[K[A[K[A[K[A[K[ 01 ] [ target/debs/trixie/grub2-common_2.06-13+deb13u1_amd64.deb ]
[ 02 ] [ target/debs/trixie/hsflowd_2.0.51-26_amd64.deb ]
[ 03 ] [ target/docker-dash-engine.gz ]
[ 04 ] [ target/debs/trixie/python3-libyang_3.1.0-1_amd64.deb ]
[ 05 ] [ target/debs/trixie/p4lang-bmv2_1.15.0-9_amd64.deb ]
[ 06 ] [ target/debs/trixie/frr_10.5.4-sonic-0_amd64.deb ]
[ 07 ] [ target/debs/trixie/openssh-server_10.0p1-7_amd64.deb ]
[ 08 ] [ target/debs/trixie/libteam5_1.31-1_amd64.deb-install ]
[A[K[A[K[A[K[A[K[A[K[A[K[A[K[A[K[ 01 ] [ target/debs/trixie/grub2-common_2.06-13+deb13u1_amd64.deb ]
[ 02 ] [ target/debs/trixie/hsflowd_2.0.51-26_amd64.deb ]
[ 03 ] [ target/docker-dash-engine.gz ]
[ 04 ] [ target/debs/trixie/python3-libyang_3.1.0-1_amd64.deb ]
[ 05 ] [ target/debs/trixie/p4lang-bmv2_1.15.0-9_amd64.deb ]
[ 06 ] [ target/debs/trixie/frr_10.5.4-sonic-0_amd64.deb ]
[ 07 ] [ target/debs/trixie/openssh-server_10.0p1-7_amd64.deb ]
[A[K[A[K[A[K[A[K[A[K[A[K[A[K[ 01 ] [ target/debs/trixie/grub2-common_2.06-13+deb13u1_amd64.deb ]
[ 02 ] [ target/debs/trixie/hsflowd_2.0.51-26_amd64.deb ]
[ 03 ] [ target/docker-dash-engine.gz ]
[ 04 ] [ target/debs/trixie/python3-libyang_3.1.0-1_amd64.deb ]
[ 05 ] [ target/debs/trixie/p4lang-bmv2_1.15.0-9_amd64.deb ]
[ 06 ] [ target/debs/trixie/frr_10.5.4-sonic-0_amd64.deb ]
[ 07 ] [ target/debs/trixie/openssh-server_10.0p1-7_amd64.deb ]
[ 08 ] [ target/debs/trixie/libteam-dev_1.31-1_amd64.deb ]
[A[K[A[K[A[K[A[K[A[K[A[K[A[K[A[K[ 01 ] [ target/debs/trixie/grub2-common_2.06-13+deb13u1_amd64.deb ]
[ 02 ] [ target/debs/trixie/hsflowd_2.0.51-26_amd64.deb ]
[ 03 ] [ target/docker-dash-engine.gz ]
[ 04 ] [ target/debs/trixie/python3-libyang_3.1.0-1_amd64.deb ]
[ 05 ] [ target/debs/trixie/p4lang-bmv2_1.15.0-9_amd64.deb ]
[ 06 ] [ target/debs/trixie/frr_10.5.4-sonic-0_amd64.deb ]
[ 07 ] [ target/debs/trixie/openssh-server_10.0p1-7_amd64.deb ]
[A[K[A[K[A[K[A[K[A[K[A[K[A[K[ 01 ] [ target/debs/trixie/grub2-common_2.06-13+deb13u1_amd64.deb ]
[ 02 ] [ target/debs/trixie/hsflowd_2.0.51-26_amd64.deb ]
[ 03 ] [ target/docker-dash-engine.gz ]
[ 04 ] [ target/debs/trixie/python3-libyang_3.1.0-1_amd64.deb ]
[ 05 ] [ target/debs/trixie/p4lang-bmv2_1.15.0-9_amd64.deb ]
[ 06 ] [ target/debs/trixie/frr_10.5.4-sonic-0_amd64.deb ]
[ 07 ] [ target/debs/trixie/openssh-server_10.0p1-7_amd64.deb ]
[ 08 ] [ target/debs/trixie/libteam-utils_1.31-1_amd64.deb ]
[A[K[A[K[A[K[A[K[A[K[A[K[A[K[A[K[ 01 ] [ target/debs/trixie/grub2-common_2.06-13+deb13u1_amd64.deb ]
[ 02 ] [ target/debs/trixie/hsflowd_2.0.51-26_amd64.deb ]
[ 03 ] [ target/docker-dash-engine.gz ]
[ 04 ] [ target/debs/trixie/python3-libyang_3.1.0-1_amd64.deb ]
[ 05 ] [ target/debs/trixie/p4lang-bmv2_1.15.0-9_amd64.deb ]
[ 06 ] [ target/debs/trixie/frr_10.5.4-sonic-0_amd64.deb ]
[ 07 ] [ target/debs/trixie/openssh-server_10.0p1-7_amd64.deb ]
[A[K[A[K[A[K[A[K[A[K[A[K[A[K[ 01 ] [ target/debs/trixie/grub2-common_2.06-13+deb13u1_amd64.deb ]
[ 02 ] [ target/debs/trixie/hsflowd_2.0.51-26_amd64.deb ]
[ 03 ] [ target/docker-dash-engine.gz ]
[ 04 ] [ target/debs/trixie/python3-libyang_3.1.0-1_amd64.deb ]
[ 05 ] [ target/debs/trixie/p4lang-bmv2_1.15.0-9_amd64.deb ]
[ 06 ] [ target/debs/trixie/frr_10.5.4-sonic-0_amd64.deb ]
[ 07 ] [ target/debs/trixie/openssh-server_10.0p1-7_amd64.deb ]
[ 08 ] [ target/debs/trixie/libteamdctl0_1.31-1_amd64.deb-install ]
[A[K[A[K[A[K[A[K[A[K[A[K[A[K[A[K[ 01 ] [ target/debs/trixie/grub2-common_2.06-13+deb13u1_amd64.deb ]
[ 02 ] [ target/debs/trixie/hsflowd_2.0.51-26_amd64.deb ]
[ 03 ] [ target/docker-dash-engine.gz ]
[ 04 ] [ target/debs/trixie/python3-libyang_3.1.0-1_amd64.deb ]
[ 05 ] [ target/debs/trixie/p4lang-bmv2_1.15.0-9_amd64.deb ]
[ 06 ] [ target/debs/trixie/frr_10.5.4-sonic-0_amd64.deb ]
[ 07 ] [ target/debs/trixie/openssh-server_10.0p1-7_amd64.deb ]
[A[K[A[K[A[K[A[K[A[K[A[K[A[K[ 01 ] [ target/debs/trixie/grub2-common_2.06-13+deb13u1_amd64.deb ]
[ 02 ] [ target/debs/trixie/hsflowd_2.0.51-26_amd64.deb ]
[ 03 ] [ target/docker-dash-engine.gz ]
[ 04 ] [ target/debs/trixie/python3-libyang_3.1.0-1_amd64.deb ]
[ 05 ] [ target/debs/trixie/p4lang-bmv2_1.15.0-9_amd64.deb ]
[ 06 ] [ target/debs/trixie/frr_10.5.4-sonic-0_amd64.deb ]
[ 07 ] [ target/debs/trixie/openssh-server_10.0p1-7_amd64.deb ]
[ 08 ] [ target/debs/trixie/libteam-dev_1.31-1_amd64.deb-install ]
[A[K[A[K[A[K[A[K[A[K[A[K[A[K[A[K[ 01 ] [ target/debs/trixie/grub2-common_2.06-13+deb13u1_amd64.deb ]
[ 02 ] [ target/debs/trixie/hsflowd_2.0.51-26_amd64.deb ]
[ 03 ] [ target/docker-dash-engine.gz ]
[ 04 ] [ target/debs/trixie/python3-libyang_3.1.0-1_amd64.deb ]
[ 05 ] [ target/debs/trixie/p4lang-bmv2_1.15.0-9_amd64.deb ]
[ 06 ] [ target/debs/trixie/frr_10.5.4-sonic-0_amd64.deb ]
[ 07 ] [ target/debs/trixie/openssh-server_10.0p1-7_amd64.deb ]
[A[K[A[K[A[K[A[K[A[K[A[K[A[K[ 01 ] [ target/debs/trixie/grub2-common_2.06-13+deb13u1_amd64.deb ]
[ 02 ] [ target/debs/trixie/hsflowd_2.0.51-26_amd64.deb ]
[ 03 ] [ target/docker-dash-engine.gz ]
[ 04 ] [ target/debs/trixie/python3-libyang_3.1.0-1_amd64.deb ]
[ 05 ] [ target/debs/trixie/p4lang-bmv2_1.15.0-9_amd64.deb ]
[ 06 ] [ target/debs/trixie/frr_10.5.4-sonic-0_amd64.deb ]
[ 07 ] [ target/debs/trixie/openssh-server_10.0p1-7_amd64.deb ]
[ 08 ] [ target/debs/trixie/libteam-utils_1.31-1_amd64.deb-install ]
[A[K[A[K[A[K[A[K[A[K[A[K[A[K[A[K[ 01 ] [ target/debs/trixie/grub2-common_2.06-13+deb13u1_amd64.deb ]
[ 02 ] [ target/debs/trixie/hsflowd_2.0.51-26_amd64.deb ]
[ 03 ] [ target/docker-dash-engine.gz ]
[ 04 ] [ target/debs/trixie/python3-libyang_3.1.0-1_amd64.deb ]
[ 05 ] [ target/debs/trixie/p4lang-bmv2_1.15.0-9_amd64.deb ]
[ 06 ] [ target/debs/trixie/frr_10.5.4-sonic-0_amd64.deb ]
[ 07 ] [ target/debs/trixie/openssh-server_10.0p1-7_amd64.deb ]
[A[K[A[K[A[K[A[K[A[K[A[K[A[K[ 01 ] [ target/debs/trixie/grub2-common_2.06-13+deb13u1_amd64.deb ]
[ 02 ] [ target/debs/trixie/hsflowd_2.0.51-26_amd64.deb ]
[ 03 ] [ target/docker-dash-engine.gz ]
[ 04 ] [ target/debs/trixie/python3-libyang_3.1.0-1_amd64.deb ]
[ 05 ] [ target/debs/trixie/p4lang-bmv2_1.15.0-9_amd64.deb ]
[ 06 ] [ target/debs/trixie/openssh-server_10.0p1-7_amd64.deb ]
[A[K[A[K[A[K[A[K[A[K[A[K[ 01 ] [ target/debs/trixie/grub2-common_2.06-13+deb13u1_amd64.deb ]
[ 02 ] [ target/debs/trixie/hsflowd_2.0.51-26_amd64.deb ]
[ 03 ] [ target/docker-dash-engine.gz ]
[ 04 ] [ target/debs/trixie/python3-libyang_3.1.0-1_amd64.deb ]
[ 05 ] [ target/debs/trixie/p4lang-bmv2_1.15.0-9_amd64.deb ]
[ 06 ] [ target/debs/trixie/openssh-server_10.0p1-7_amd64.deb ]
[ 07 ] [ target/debs/trixie/frr-snmp_10.5.4-sonic-0_amd64.deb ]
[A[K[A[K[A[K[A[K[A[K[A[K[A[K[ 01 ] [ target/debs/trixie/grub2-common_2.06-13+deb13u1_amd64.deb ]
[ 02 ] [ target/debs/trixie/hsflowd_2.0.51-26_amd64.deb ]
[ 03 ] [ target/docker-dash-engine.gz ]
[ 04 ] [ target/debs/trixie/python3-libyang_3.1.0-1_amd64.deb ]
[ 05 ] [ target/debs/trixie/p4lang-bmv2_1.15.0-9_amd64.deb ]
[ 06 ] [ target/debs/trixie/openssh-server_10.0p1-7_amd64.deb ]
[A[K[A[K[A[K[A[K[A[K[A[K[ 01 ] [ target/debs/trixie/grub2-common_2.06-13+deb13u1_amd64.deb ]
[ 02 ] [ target/debs/trixie/hsflowd_2.0.51-26_amd64.deb ]
[ 03 ] [ target/docker-dash-engine.gz ]
[ 04 ] [ target/debs/trixie/python3-libyang_3.1.0-1_amd64.deb ]
[ 05 ] [ target/debs/trixie/p4lang-bmv2_1.15.0-9_amd64.deb ]
[A[K[A[K[A[K[A[K[A[K[ 01 ] [ target/debs/trixie/grub2-common_2.06-13+deb13u1_amd64.deb ]
[ 02 ] [ target/debs/trixie/hsflowd_2.0.51-26_amd64.deb ]
[ 03 ] [ target/docker-dash-engine.gz ]
[ 04 ] [ target/debs/trixie/p4lang-bmv2_1.15.0-9_amd64.deb ]
[A[K[A[K[A[K[A[K[ 01 ] [ target/debs/trixie/grub2-common_2.06-13+deb13u1_amd64.deb ]
[ 02 ] [ target/debs/trixie/hsflowd_2.0.51-26_amd64.deb ]
[ 03 ] [ target/docker-dash-engine.gz ]
[ 04 ] [ target/debs/trixie/p4lang-bmv2_1.15.0-9_amd64.deb ]
[ 05 ] [ target/debs/trixie/python3-libyang_3.1.0-1_amd64.deb-install ]
[A[K[A[K[A[K[A[K[A[K[ 01 ] [ target/debs/trixie/grub2-common_2.06-13+deb13u1_amd64.deb ]
[ 02 ] [ target/debs/trixie/hsflowd_2.0.51-26_amd64.deb ]
[ 03 ] [ target/docker-dash-engine.gz ]
[ 04 ] [ target/debs/trixie/p4lang-bmv2_1.15.0-9_amd64.deb ]
[A[K[A[K[A[K[A[K[ 01 ] [ target/debs/trixie/grub2-common_2.06-13+deb13u1_amd64.deb ]
[ 02 ] [ target/debs/trixie/hsflowd_2.0.51-26_amd64.deb ]
[ 03 ] [ target/docker-dash-engine.gz ]
[ 04 ] [ target/debs/trixie/p4lang-bmv2_1.15.0-9_amd64.deb ]
[ 05 ] [ target/python-wheels/trixie/sonic_yang_models-1.0-py3-none-any.whl ]
[A[K[A[K[A[K[A[K[A[K[ 01 ] [ target/debs/trixie/grub2-common_2.06-13+deb13u1_amd64.deb ]
[ 02 ] [ target/debs/trixie/hsflowd_2.0.51-26_amd64.deb ]
[ 03 ] [ target/docker-dash-engine.gz ]
[ 04 ] [ target/python-wheels/trixie/sonic_yang_models-1.0-py3-none-any.whl ]
[A[K[A[K[A[K[A[K[ 01 ] [ target/debs/trixie/grub2-common_2.06-13+deb13u1_amd64.deb ]
[ 02 ] [ target/debs/trixie/hsflowd_2.0.51-26_amd64.deb ]
[ 03 ] [ target/docker-dash-engine.gz ]
[ 04 ] [ target/python-wheels/trixie/sonic_yang_models-1.0-py3-none-any.whl ]
[ 05 ] [ target/debs/trixie/p4lang-bmv2_1.15.0-9_amd64.deb-install ]
[A[K[A[K[A[K[A[K[A[K[ 01 ] [ target/debs/trixie/grub2-common_2.06-13+deb13u1_amd64.deb ]
[ 02 ] [ target/debs/trixie/hsflowd_2.0.51-26_amd64.deb ]
[ 03 ] [ target/docker-dash-engine.gz ]
[ 04 ] [ target/python-wheels/trixie/sonic_yang_models-1.0-py3-none-any.whl ]
[A[K[A[K[A[K[A[K[ 01 ] [ target/debs/trixie/grub2-common_2.06-13+deb13u1_amd64.deb ]
[ 02 ] [ target/debs/trixie/hsflowd_2.0.51-26_amd64.deb ]
[ 03 ] [ target/docker-dash-engine.gz ]
[ 04 ] [ target/python-wheels/trixie/sonic_yang_models-1.0-py3-none-any.whl ]
[ 05 ] [ target/debs/trixie/p4lang-p4c_1.2.4.2-2_amd64.deb ]
[A[K[A[K[A[K[A[K[A[K[ 01 ] [ target/debs/trixie/grub2-common_2.06-13+deb13u1_amd64.deb ]
[ 02 ] [ target/debs/trixie/hsflowd_2.0.51-26_amd64.deb ]
[ 03 ] [ target/docker-dash-engine.gz ]
[ 04 ] [ target/debs/trixie/p4lang-p4c_1.2.4.2-2_amd64.deb ]
[A[K[A[K[A[K[A[K[ 01 ] [ target/debs/trixie/grub2-common_2.06-13+deb13u1_amd64.deb ]
[ 02 ] [ target/debs/trixie/hsflowd_2.0.51-26_amd64.deb ]
[ 03 ] [ target/docker-dash-engine.gz ]
[ 04 ] [ target/debs/trixie/p4lang-p4c_1.2.4.2-2_amd64.deb ]
[ 05 ] [ target/python-wheels/trixie/sonic_yang_models-1.0-py3-none-any.whl-install ]
[A[K[A[K[A[K[A[K[A[K[ 01 ] [ target/debs/trixie/grub2-common_2.06-13+deb13u1_amd64.deb ]
[ 02 ] [ target/debs/trixie/hsflowd_2.0.51-26_amd64.deb ]
[ 03 ] [ target/docker-dash-engine.gz ]
[ 04 ] [ target/debs/trixie/p4lang-p4c_1.2.4.2-2_amd64.deb ]
[A[K[A[K[A[K[A[K[ 01 ] [ target/debs/trixie/grub2-common_2.06-13+deb13u1_amd64.deb ]
[ 02 ] [ target/debs/trixie/hsflowd_2.0.51-26_amd64.deb ]
[ 03 ] [ target/docker-dash-engine.gz ]
[ 04 ] [ target/debs/trixie/p4lang-p4c_1.2.4.2-2_amd64.deb ]
[ 05 ] [ target/python-wheels/trixie/sonic_yang_mgmt-1.0-py3-none-any.whl ]
[A[K[A[K[A[K[A[K[A[K[ 01 ] [ target/debs/trixie/grub2-common_2.06-13+deb13u1_amd64.deb ]
[ 02 ] [ target/debs/trixie/hsflowd_2.0.51-26_amd64.deb ]
[ 03 ] [ target/docker-dash-engine.gz ]
[ 04 ] [ target/debs/trixie/p4lang-p4c_1.2.4.2-2_amd64.deb ]
[ 05 ] [ target/python-wheels/trixie/sonic_yang_mgmt-1.0-py3-none-any.whl ]
[ 06 ] [ target/debs/trixie/sonic-mgmt-common_1.0.0_amd64.deb ]
[A[K[A[K[A[K[A[K[A[K[A[K[ 01 ] [ target/debs/trixie/grub2-common_2.06-13+deb13u1_amd64.deb ]
[ 02 ] [ target/debs/trixie/hsflowd_2.0.51-26_amd64.deb ]
[ 03 ] [ target/docker-dash-engine.gz ]
[ 04 ] [ target/debs/trixie/p4lang-p4c_1.2.4.2-2_amd64.deb ]
[ 05 ] [ target/debs/trixie/sonic-mgmt-common_1.0.0_amd64.deb ]
[A[K[A[K[A[K[A[K[A[K[ 01 ] [ target/debs/trixie/grub2-common_2.06-13+deb13u1_amd64.deb ]
[ 02 ] [ target/debs/trixie/hsflowd_2.0.51-26_amd64.deb ]
[ 03 ] [ target/docker-dash-engine.gz ]
[ 04 ] [ target/debs/trixie/p4lang-p4c_1.2.4.2-2_amd64.deb ]
[ 05 ] [ target/debs/trixie/sonic-mgmt-common_1.0.0_amd64.deb ]
[ 06 ] [ target/python-wheels/trixie/sonic_yang_mgmt-1.0-py3-none-any.whl-install ]
[A[K[A[K[A[K[A[K[A[K[A[K[ 01 ] [ target/debs/trixie/grub2-common_2.06-13+deb13u1_amd64.deb ]
[ 02 ] [ target/debs/trixie/hsflowd_2.0.51-26_amd64.deb ]
[ 03 ] [ target/docker-dash-engine.gz ]
[ 04 ] [ target/debs/trixie/p4lang-p4c_1.2.4.2-2_amd64.deb ]
[ 05 ] [ target/debs/trixie/sonic-mgmt-common_1.0.0_amd64.deb ]
[A[K[A[K[A[K[A[K[A[K[ 01 ] [ target/debs/trixie/grub2-common_2.06-13+deb13u1_amd64.deb ]
[ 02 ] [ target/debs/trixie/hsflowd_2.0.51-26_amd64.deb ]
[ 03 ] [ target/docker-dash-engine.gz ]
[ 04 ] [ target/debs/trixie/p4lang-p4c_1.2.4.2-2_amd64.deb ]
[ 05 ] [ target/debs/trixie/sonic-mgmt-common_1.0.0_amd64.deb ]
[ 06 ] [ target/debs/trixie/libswsscommon_1.0.0_amd64.deb ]
[A[K[A[K[A[K[A[K[A[K[A[K[ 01 ] [ target/debs/trixie/grub2-common_2.06-13+deb13u1_amd64.deb ]
[ 02 ] [ target/debs/trixie/hsflowd_2.0.51-26_amd64.deb ]
[ 03 ] [ target/docker-dash-engine.gz ]
[ 04 ] [ target/debs/trixie/p4lang-p4c_1.2.4.2-2_amd64.deb ]
[ 05 ] [ target/debs/trixie/libswsscommon_1.0.0_amd64.deb ]
[A[K[A[K[A[K[A[K[A[K[ 01 ] [ target/debs/trixie/grub2-common_2.06-13+deb13u1_amd64.deb ]
[ 02 ] [ target/debs/trixie/hsflowd_2.0.51-26_amd64.deb ]
[ 03 ] [ target/docker-dash-engine.gz ]
[ 04 ] [ target/debs/trixie/p4lang-p4c_1.2.4.2-2_amd64.deb ]
[ 05 ] [ target/debs/trixie/libswsscommon_1.0.0_amd64.deb ]
[ 06 ] [ target/debs/trixie/sonic-mgmt-common-codegen_1.0.0_amd64.deb ]
[A[K[A[K[A[K[A[K[A[K[A[K[ 01 ] [ target/debs/trixie/grub2-common_2.06-13+deb13u1_amd64.deb ]
[ 02 ] [ target/debs/trixie/hsflowd_2.0.51-26_amd64.deb ]
[ 03 ] [ target/docker-dash-engine.gz ]
[ 04 ] [ target/debs/trixie/p4lang-p4c_1.2.4.2-2_amd64.deb ]
[ 05 ] [ target/debs/trixie/libswsscommon_1.0.0_amd64.deb ]
[ 06 ] [ target/debs/trixie/sonic-mgmt-common-codegen_1.0.0_amd64.deb ]
[ 07 ] [ target/debs/trixie/sonic-mgmt-common_1.0.0_amd64.deb-install ]
[A[K[A[K[A[K[A[K[A[K[A[K[A[K[ 01 ] [ target/debs/trixie/grub2-common_2.06-13+deb13u1_amd64.deb ]
[ 02 ] [ target/debs/trixie/hsflowd_2.0.51-26_amd64.deb ]
[ 03 ] [ target/docker-dash-engine.gz ]
[ 04 ] [ target/debs/trixie/p4lang-p4c_1.2.4.2-2_amd64.deb ]
[ 05 ] [ target/debs/trixie/libswsscommon_1.0.0_amd64.deb ]
[ 06 ] [ target/debs/trixie/sonic-mgmt-common-codegen_1.0.0_amd64.deb ]
[A[K[A[K[A[K[A[K[A[K[A[K[ 01 ] [ target/debs/trixie/grub2-common_2.06-13+deb13u1_amd64.deb ]
[ 02 ] [ target/debs/trixie/hsflowd_2.0.51-26_amd64.deb ]
[ 03 ] [ target/docker-dash-engine.gz ]
[ 04 ] [ target/debs/trixie/p4lang-p4c_1.2.4.2-2_amd64.deb ]
[ 05 ] [ target/debs/trixie/libswsscommon_1.0.0_amd64.deb ]
[A[K[A[K[A[K[A[K[A[K[ 01 ] [ target/debs/trixie/grub2-common_2.06-13+deb13u1_amd64.deb ]
[ 02 ] [ target/debs/trixie/hsflowd_2.0.51-26_amd64.deb ]
[ 03 ] [ target/docker-dash-engine.gz ]
[ 04 ] [ target/debs/trixie/p4lang-p4c_1.2.4.2-2_amd64.deb ]
[ 05 ] [ target/debs/trixie/libswsscommon_1.0.0_amd64.deb ]
[ 06 ] [ target/debs/trixie/sonic-mgmt-common-codegen_1.0.0_amd64.deb-install ]
[A[K[A[K[A[K[A[K[A[K[A[K[ 01 ] [ target/debs/trixie/grub2-common_2.06-13+deb13u1_amd64.deb ]
[ 02 ] [ target/debs/trixie/hsflowd_2.0.51-26_amd64.deb ]
[ 03 ] [ target/docker-dash-engine.gz ]
[ 04 ] [ target/debs/trixie/p4lang-p4c_1.2.4.2-2_amd64.deb ]
[ 05 ] [ target/debs/trixie/libswsscommon_1.0.0_amd64.deb ]
[A[K[A[K[A[K[A[K[A[K[ 01 ] [ target/debs/trixie/grub2-common_2.06-13+deb13u1_amd64.deb ]
[ 02 ] [ target/debs/trixie/hsflowd_2.0.51-26_amd64.deb ]
[ 03 ] [ target/docker-dash-engine.gz ]
[ 04 ] [ target/debs/trixie/p4lang-p4c_1.2.4.2-2_amd64.deb ]
[ 05 ] [ target/debs/trixie/libswsscommon_1.0.0_amd64.deb ]
[ 06 ] [ target/debs/trixie/sonic-mgmt-framework_1.0-01_amd64.deb ]
[A[K[A[K[A[K[A[K[A[K[A[K[ 01 ] [ target/debs/trixie/grub2-common_2.06-13+deb13u1_amd64.deb ]
[ 02 ] [ target/debs/trixie/hsflowd_2.0.51-26_amd64.deb ]
[ 03 ] [ target/docker-dash-engine.gz ]
[ 04 ] [ target/debs/trixie/p4lang-p4c_1.2.4.2-2_amd64.deb ]
[ 05 ] [ target/debs/trixie/libswsscommon_1.0.0_amd64.deb ]
[A[K[A[K[A[K[A[K[A[K[ 01 ] [ target/debs/trixie/hsflowd_2.0.51-26_amd64.deb ]
[ 02 ] [ target/docker-dash-engine.gz ]
[ 03 ] [ target/debs/trixie/p4lang-p4c_1.2.4.2-2_amd64.deb ]
[ 04 ] [ target/debs/trixie/libswsscommon_1.0.0_amd64.deb ]
[A[K[A[K[A[K[A[K[ 01 ] [ target/debs/trixie/hsflowd_2.0.51-26_amd64.deb ]
[ 02 ] [ target/docker-dash-engine.gz ]
[ 03 ] [ target/debs/trixie/p4lang-p4c_1.2.4.2-2_amd64.deb ]
[ 04 ] [ target/debs/trixie/libswsscommon_1.0.0_amd64.deb ]
[ 05 ] [ target/sonic-vs.bin__vs__rfs.squashfs ]
[A[K[A[K[A[K[A[K[A[K[ 01 ] [ target/docker-dash-engine.gz ]
[ 02 ] [ target/debs/trixie/p4lang-p4c_1.2.4.2-2_amd64.deb ]
[ 03 ] [ target/debs/trixie/libswsscommon_1.0.0_amd64.deb ]
[ 04 ] [ target/sonic-vs.bin__vs__rfs.squashfs ]
[A[K[A[K[A[K[A[K[ 01 ] [ target/docker-dash-engine.gz ]
[ 02 ] [ target/debs/trixie/libswsscommon_1.0.0_amd64.deb ]
[ 03 ] [ target/sonic-vs.bin__vs__rfs.squashfs ]
[A[K[A[K[A[K[ 01 ] [ target/docker-dash-engine.gz ]
[ 02 ] [ target/debs/trixie/libswsscommon_1.0.0_amd64.deb ]
[ 03 ] [ target/sonic-vs.bin__vs__rfs.squashfs ]
[ 04 ] [ target/debs/trixie/p4lang-p4c_1.2.4.2-2_amd64.deb-install ]
[A[K[A[K[A[K[A[K[ 01 ] [ target/docker-dash-engine.gz ]
[ 02 ] [ target/debs/trixie/libswsscommon_1.0.0_amd64.deb ]
[ 03 ] [ target/sonic-vs.bin__vs__rfs.squashfs ]
[A[K[A[K[A[K[ 01 ] [ target/docker-dash-engine.gz ]
[ 02 ] [ target/debs/trixie/libswsscommon_1.0.0_amd64.deb ]
[ 03 ] [ target/sonic-vs.bin__vs__rfs.squashfs ]
[ 04 ] [ target/debs/trixie/libsai_1.0.0_amd64.deb ]
[A[K[A[K[A[K[A[K[ 01 ] [ target/docker-dash-engine.gz ]
[ 02 ] [ target/debs/trixie/libswsscommon_1.0.0_amd64.deb ]
[ 03 ] [ target/sonic-vs.bin__vs__rfs.squashfs ]
[A[K[A[K[A[K[ 01 ] [ target/docker-dash-engine.gz ]
[ 02 ] [ target/debs/trixie/libswsscommon_1.0.0_amd64.deb ]
[ 03 ] [ target/sonic-vs.bin__vs__rfs.squashfs ]
[ 04 ] [ target/debs/trixie/libsai_1.0.0_amd64.deb-install ]
[A[K[A[K[A[K[A[K[ 01 ] [ target/docker-dash-engine.gz ]
[ 02 ] [ target/debs/trixie/libswsscommon_1.0.0_amd64.deb ]
[ 03 ] [ target/sonic-vs.bin__vs__rfs.squashfs ]
[A[K[A[K[A[K[ 01 ] [ target/docker-dash-engine.gz ]
[ 02 ] [ target/sonic-vs.bin__vs__rfs.squashfs ]
[A[K[A[K[ 01 ] [ target/docker-dash-engine.gz ]
[ 02 ] [ target/sonic-vs.bin__vs__rfs.squashfs ]
[ 03 ] [ target/debs/trixie/python3-swsscommon_1.0.0_amd64.deb ]
[A[K[A[K[A[K[ 01 ] [ target/docker-dash-engine.gz ]
[ 02 ] [ target/sonic-vs.bin__vs__rfs.squashfs ]
[A[K[A[K[ 01 ] [ target/docker-dash-engine.gz ]
[ 02 ] [ target/sonic-vs.bin__vs__rfs.squashfs ]
[ 03 ] [ target/debs/trixie/libswsscommon-dev_1.0.0_amd64.deb ]
[A[K[A[K[A[K[ 01 ] [ target/docker-dash-engine.gz ]
[ 02 ] [ target/sonic-vs.bin__vs__rfs.squashfs ]
[A[K[A[K[ 01 ] [ target/docker-dash-engine.gz ]
[ 02 ] [ target/sonic-vs.bin__vs__rfs.squashfs ]
[ 03 ] [ target/debs/trixie/sonic-db-cli_1.0.0_amd64.deb ]
[A[K[A[K[A[K[ 01 ] [ target/docker-dash-engine.gz ]
[ 02 ] [ target/sonic-vs.bin__vs__rfs.squashfs ]
[A[K[A[K[ 01 ] [ target/docker-dash-engine.gz ]
[ 02 ] [ target/sonic-vs.bin__vs__rfs.squashfs ]
[ 03 ] [ target/debs/trixie/libswsscommon_1.0.0_amd64.deb-install ]
[A[K[A[K[A[K[ 01 ] [ target/docker-dash-engine.gz ]
[ 02 ] [ target/sonic-vs.bin__vs__rfs.squashfs ]
[A[K[A[K[ 01 ] [ target/docker-dash-engine.gz ]
[ 02 ] [ target/sonic-vs.bin__vs__rfs.squashfs ]
[ 03 ] [ target/debs/trixie/libswsscommon-dev_1.0.0_amd64.deb-install ]
[A[K[A[K[A[K[ 01 ] [ target/docker-dash-engine.gz ]
[ 02 ] [ target/sonic-vs.bin__vs__rfs.squashfs ]
[ 03 ] [ target/debs/trixie/libswsscommon-dev_1.0.0_amd64.deb-install ]
[ 04 ] [ target/debs/trixie/python3-swsscommon_1.0.0_amd64.deb-install ]
[A[K[A[K[A[K[A[K[ 01 ] [ target/docker-dash-engine.gz ]
[ 02 ] [ target/sonic-vs.bin__vs__rfs.squashfs ]
[ 03 ] [ target/debs/trixie/python3-swsscommon_1.0.0_amd64.deb-install ]
[A[K[A[K[A[K[ 01 ] [ target/docker-dash-engine.gz ]
[ 02 ] [ target/sonic-vs.bin__vs__rfs.squashfs ]
[ 03 ] [ target/debs/trixie/python3-swsscommon_1.0.0_amd64.deb-install ]
[ 04 ] [ target/debs/trixie/sonic-eventd_1.0.0-0_amd64.deb ]
[A[K[A[K[A[K[A[K[ 01 ] [ target/docker-dash-engine.gz ]
[ 02 ] [ target/sonic-vs.bin__vs__rfs.squashfs ]
[ 03 ] [ target/debs/trixie/python3-swsscommon_1.0.0_amd64.deb-install ]
[ 04 ] [ target/debs/trixie/sonic-eventd_1.0.0-0_amd64.deb ]
[ 05 ] [ target/debs/trixie/sonic-ctrmgrd-rs_1.0.0_amd64.deb ]
[A[K[A[K[A[K[A[K[A[K[ 01 ] [ target/docker-dash-engine.gz ]
[ 02 ] [ target/sonic-vs.bin__vs__rfs.squashfs ]
[ 03 ] [ target/debs/trixie/sonic-eventd_1.0.0-0_amd64.deb ]
[ 04 ] [ target/debs/trixie/sonic-ctrmgrd-rs_1.0.0_amd64.deb ]
[A[K[A[K[A[K[A[K[ 01 ] [ target/docker-dash-engine.gz ]
[ 02 ] [ target/sonic-vs.bin__vs__rfs.squashfs ]
[ 03 ] [ target/debs/trixie/sonic-eventd_1.0.0-0_amd64.deb ]
[ 04 ] [ target/debs/trixie/sonic-ctrmgrd-rs_1.0.0_amd64.deb ]
[ 05 ] [ target/debs/trixie/sonic-host-services-rs_1.0.0_amd64.deb ]
[A[K[A[K[A[K[A[K[A[K[ 01 ] [ target/docker-dash-engine.gz ]
[ 02 ] [ target/sonic-vs.bin__vs__rfs.squashfs ]
[ 03 ] [ target/debs/trixie/sonic-eventd_1.0.0-0_amd64.deb ]
[ 04 ] [ target/debs/trixie/sonic-ctrmgrd-rs_1.0.0_amd64.deb ]
[ 05 ] [ target/debs/trixie/sonic-host-services-rs_1.0.0_amd64.deb ]
[ 06 ] [ target/debs/trixie/syslog-counter_1.0.0_amd64.deb ]
[A[K[A[K[A[K[A[K[A[K[A[K[ 01 ] [ target/docker-dash-engine.gz ]
[ 02 ] [ target/sonic-vs.bin__vs__rfs.squashfs ]
[ 03 ] [ target/debs/trixie/sonic-eventd_1.0.0-0_amd64.deb ]
[ 04 ] [ target/debs/trixie/sonic-ctrmgrd-rs_1.0.0_amd64.deb ]
[ 05 ] [ target/debs/trixie/sonic-host-services-rs_1.0.0_amd64.deb ]
[ 06 ] [ target/debs/trixie/syslog-counter_1.0.0_amd64.deb ]
[ 07 ] [ target/debs/trixie/sonic-supervisord-utilities-rs_1.0.0_amd64.deb ]
[A[K[A[K[A[K[A[K[A[K[A[K[A[K[ 01 ] [ target/docker-dash-engine.gz ]
[ 02 ] [ target/sonic-vs.bin__vs__rfs.squashfs ]
[ 03 ] [ target/debs/trixie/sonic-eventd_1.0.0-0_amd64.deb ]
[ 04 ] [ target/debs/trixie/sonic-ctrmgrd-rs_1.0.0_amd64.deb ]
[ 05 ] [ target/debs/trixie/sonic-host-services-rs_1.0.0_amd64.deb ]
[ 06 ] [ target/debs/trixie/syslog-counter_1.0.0_amd64.deb ]
[ 07 ] [ target/debs/trixie/sonic-supervisord-utilities-rs_1.0.0_amd64.deb ]
[ 08 ] [ target/debs/trixie/sonic-bmp_0.1_amd64.deb ]
[A[K[A[K[A[K[A[K[A[K[A[K[A[K[A[K[ 01 ] [ target/docker-dash-engine.gz ]
[ 02 ] [ target/sonic-vs.bin__vs__rfs.squashfs ]
[ 03 ] [ target/debs/trixie/sonic-ctrmgrd-rs_1.0.0_amd64.deb ]
[ 04 ] [ target/debs/trixie/sonic-host-services-rs_1.0.0_amd64.deb ]
[ 05 ] [ target/debs/trixie/syslog-counter_1.0.0_amd64.deb ]
[ 06 ] [ target/debs/trixie/sonic-supervisord-utilities-rs_1.0.0_amd64.deb ]
[ 07 ] [ target/debs/trixie/sonic-bmp_0.1_amd64.deb ]
[A[K[A[K[A[K[A[K[A[K[A[K[A[K[ 01 ] [ target/docker-dash-engine.gz ]
[ 02 ] [ target/sonic-vs.bin__vs__rfs.squashfs ]
[ 03 ] [ target/debs/trixie/sonic-ctrmgrd-rs_1.0.0_amd64.deb ]
[ 04 ] [ target/debs/trixie/sonic-host-services-rs_1.0.0_amd64.deb ]
[ 05 ] [ target/debs/trixie/syslog-counter_1.0.0_amd64.deb ]
[ 06 ] [ target/debs/trixie/sonic-supervisord-utilities-rs_1.0.0_amd64.deb ]
[ 07 ] [ target/debs/trixie/sonic-bmp_0.1_amd64.deb ]
[ 08 ] [ target/debs/trixie/dash-ha_1.0.0_amd64.deb ]
[A[K[A[K[A[K[A[K[A[K[A[K[A[K[A[K[ 01 ] [ target/docker-dash-engine.gz ]
[ 02 ] [ target/sonic-vs.bin__vs__rfs.squashfs ]
[ 03 ] [ target/debs/trixie/sonic-ctrmgrd-rs_1.0.0_amd64.deb ]
[ 04 ] [ target/debs/trixie/sonic-host-services-rs_1.0.0_amd64.deb ]
[ 05 ] [ target/debs/trixie/syslog-counter_1.0.0_amd64.deb ]
[ 06 ] [ target/debs/trixie/sonic-supervisord-utilities-rs_1.0.0_amd64.deb ]
[ 07 ] [ target/debs/trixie/dash-ha_1.0.0_amd64.deb ]
[A[K[A[K[A[K[A[K[A[K[A[K[A[K[ 01 ] [ target/docker-dash-engine.gz ]
[ 02 ] [ target/sonic-vs.bin__vs__rfs.squashfs ]
[ 03 ] [ target/debs/trixie/sonic-ctrmgrd-rs_1.0.0_amd64.deb ]
[ 04 ] [ target/debs/trixie/sonic-host-services-rs_1.0.0_amd64.deb ]
[ 05 ] [ target/debs/trixie/syslog-counter_1.0.0_amd64.deb ]
[ 06 ] [ target/debs/trixie/sonic-supervisord-utilities-rs_1.0.0_amd64.deb ]
[ 07 ] [ target/debs/trixie/dash-ha_1.0.0_amd64.deb ]
[ 08 ] [ target/debs/trixie/libsairedis_1.0.0_amd64.deb ]
[A[K[A[K[A[K[A[K[A[K[A[K[A[K[A[K[ 01 ] [ target/docker-dash-engine.gz ]
[ 02 ] [ target/sonic-vs.bin__vs__rfs.squashfs ]
[ 03 ] [ target/debs/trixie/sonic-ctrmgrd-rs_1.0.0_amd64.deb ]
[ 04 ] [ target/debs/trixie/sonic-host-services-rs_1.0.0_amd64.deb ]
[ 05 ] [ target/debs/trixie/syslog-counter_1.0.0_amd64.deb ]
[ 06 ] [ target/debs/trixie/sonic-supervisord-utilities-rs_1.0.0_amd64.deb ]
[ 07 ] [ target/debs/trixie/dash-ha_1.0.0_amd64.deb ]
[A[K[A[K[A[K[A[K[A[K[A[K[A[K[ 01 ] [ target/docker-dash-engine.gz ]
[ 02 ] [ target/sonic-vs.bin__vs__rfs.squashfs ]
[ 03 ] [ target/debs/trixie/sonic-ctrmgrd-rs_1.0.0_amd64.deb ]
[ 04 ] [ target/debs/trixie/sonic-host-services-rs_1.0.0_amd64.deb ]
[ 05 ] [ target/debs/trixie/syslog-counter_1.0.0_amd64.deb ]
[ 06 ] [ target/debs/trixie/sonic-supervisord-utilities-rs_1.0.0_amd64.deb ]
[ 07 ] [ target/debs/trixie/dash-ha_1.0.0_amd64.deb ]
[ 08 ] [ target/debs/trixie/stp_1.0.0_amd64.deb ]
[A[K[A[K[A[K[A[K[A[K[A[K[A[K[A[K[ 01 ] [ target/docker-dash-engine.gz ]
[ 02 ] [ target/sonic-vs.bin__vs__rfs.squashfs ]
[ 03 ] [ target/debs/trixie/sonic-ctrmgrd-rs_1.0.0_amd64.deb ]
[ 04 ] [ target/debs/trixie/sonic-host-services-rs_1.0.0_amd64.deb ]
[ 05 ] [ target/debs/trixie/syslog-counter_1.0.0_amd64.deb ]
[ 06 ] [ target/debs/trixie/sonic-supervisord-utilities-rs_1.0.0_amd64.deb ]
[ 07 ] [ target/debs/trixie/dash-ha_1.0.0_amd64.deb ]
[A[K[A[K[A[K[A[K[A[K[A[K[A[K[ 01 ] [ target/docker-dash-engine.gz ]
[ 02 ] [ target/sonic-vs.bin__vs__rfs.squashfs ]
[ 03 ] [ target/debs/trixie/sonic-ctrmgrd-rs_1.0.0_amd64.deb ]
[ 04 ] [ target/debs/trixie/sonic-host-services-rs_1.0.0_amd64.deb ]
[ 05 ] [ target/debs/trixie/syslog-counter_1.0.0_amd64.deb ]
[ 06 ] [ target/debs/trixie/sonic-supervisord-utilities-rs_1.0.0_amd64.deb ]
[ 07 ] [ target/debs/trixie/dash-ha_1.0.0_amd64.deb ]
[ 08 ] [ target/debs/trixie/libsairedis_1.0.0_amd64.deb-install ]
[A[K[A[K[A[K[A[K[A[K[A[K[A[K[A[K[ 01 ] [ target/docker-dash-engine.gz ]
[ 02 ] [ target/sonic-vs.bin__vs__rfs.squashfs ]
[ 03 ] [ target/debs/trixie/sonic-ctrmgrd-rs_1.0.0_amd64.deb ]
[ 04 ] [ target/debs/trixie/sonic-host-services-rs_1.0.0_amd64.deb ]
[ 05 ] [ target/debs/trixie/syslog-counter_1.0.0_amd64.deb ]
[ 06 ] [ target/debs/trixie/sonic-supervisord-utilities-rs_1.0.0_amd64.deb ]
[ 07 ] [ target/debs/trixie/dash-ha_1.0.0_amd64.deb ]
[A[K[A[K[A[K[A[K[A[K[A[K[A[K[ 01 ] [ target/docker-dash-engine.gz ]
[ 02 ] [ target/sonic-vs.bin__vs__rfs.squashfs ]
[ 03 ] [ target/debs/trixie/sonic-ctrmgrd-rs_1.0.0_amd64.deb ]
[ 04 ] [ target/debs/trixie/sonic-host-services-rs_1.0.0_amd64.deb ]
[ 05 ] [ target/debs/trixie/syslog-counter_1.0.0_amd64.deb ]
[ 06 ] [ target/debs/trixie/sonic-supervisord-utilities-rs_1.0.0_amd64.deb ]
[ 07 ] [ target/debs/trixie/dash-ha_1.0.0_amd64.deb ]
[ 08 ] [ target/debs/trixie/stp_1.0.0_amd64.deb-install ]
[A[K[A[K[A[K[A[K[A[K[A[K[A[K[A[K[ 01 ] [ target/docker-dash-engine.gz ]
[ 02 ] [ target/sonic-vs.bin__vs__rfs.squashfs ]
[ 03 ] [ target/debs/trixie/sonic-ctrmgrd-rs_1.0.0_amd64.deb ]
[ 04 ] [ target/debs/trixie/sonic-host-services-rs_1.0.0_amd64.deb ]
[ 05 ] [ target/debs/trixie/syslog-counter_1.0.0_amd64.deb ]
[ 06 ] [ target/debs/trixie/sonic-supervisord-utilities-rs_1.0.0_amd64.deb ]
[ 07 ] [ target/debs/trixie/dash-ha_1.0.0_amd64.deb ]
[A[K[A[K[A[K[A[K[A[K[A[K[A[K[ 01 ] [ target/docker-dash-engine.gz ]
[ 02 ] [ target/sonic-vs.bin__vs__rfs.squashfs ]
[ 03 ] [ target/debs/trixie/sonic-ctrmgrd-rs_1.0.0_amd64.deb ]
[ 04 ] [ target/debs/trixie/sonic-host-services-rs_1.0.0_amd64.deb ]
[ 05 ] [ target/debs/trixie/syslog-counter_1.0.0_amd64.deb ]
[ 06 ] [ target/debs/trixie/sonic-supervisord-utilities-rs_1.0.0_amd64.deb ]
[ 07 ] [ target/debs/trixie/dash-ha_1.0.0_amd64.deb ]
[ 08 ] [ target/debs/trixie/sonic-gnmi_0.1_amd64.deb ]
[A[K[A[K[A[K[A[K[A[K[A[K[A[K[A[K[ 01 ] [ target/docker-dash-engine.gz ]
[ 02 ] [ target/sonic-vs.bin__vs__rfs.squashfs ]
[ 03 ] [ target/debs/trixie/sonic-ctrmgrd-rs_1.0.0_amd64.deb ]
[ 04 ] [ target/debs/trixie/sonic-host-services-rs_1.0.0_amd64.deb ]
[ 05 ] [ target/debs/trixie/syslog-counter_1.0.0_amd64.deb ]
[ 06 ] [ target/debs/trixie/sonic-supervisord-utilities-rs_1.0.0_amd64.deb ]
[ 07 ] [ target/debs/trixie/dash-ha_1.0.0_amd64.deb ]
[A[K[A[K[A[K[A[K[A[K[A[K[A[K[ 01 ] [ target/docker-dash-engine.gz ]
[ 02 ] [ target/sonic-vs.bin__vs__rfs.squashfs ]
[ 03 ] [ target/debs/trixie/sonic-ctrmgrd-rs_1.0.0_amd64.deb ]
[ 04 ] [ target/debs/trixie/sonic-host-services-rs_1.0.0_amd64.deb ]
[ 05 ] [ target/debs/trixie/syslog-counter_1.0.0_amd64.deb ]
[ 06 ] [ target/debs/trixie/sonic-supervisord-utilities-rs_1.0.0_amd64.deb ]
[ 07 ] [ target/debs/trixie/dash-ha_1.0.0_amd64.deb ]
[ 08 ] [ target/debs/trixie/sonic-linkmgrd_1.0.0-1_amd64.deb ]
[A[K[A[K[A[K[A[K[A[K[A[K[A[K[A[K[ 01 ] [ target/docker-dash-engine.gz ]
[ 02 ] [ target/sonic-vs.bin__vs__rfs.squashfs ]
[ 03 ] [ target/debs/trixie/sonic-ctrmgrd-rs_1.0.0_amd64.deb ]
[ 04 ] [ target/debs/trixie/sonic-host-services-rs_1.0.0_amd64.deb ]
[ 05 ] [ target/debs/trixie/syslog-counter_1.0.0_amd64.deb ]
[ 06 ] [ target/debs/trixie/sonic-supervisord-utilities-rs_1.0.0_amd64.deb ]
[ 07 ] [ target/debs/trixie/dash-ha_1.0.0_amd64.deb ]
[A[K[A[K[A[K[A[K[A[K[A[K[A[K[ 01 ] [ target/docker-dash-engine.gz ]
[ 02 ] [ target/sonic-vs.bin__vs__rfs.squashfs ]
[ 03 ] [ target/debs/trixie/sonic-ctrmgrd-rs_1.0.0_amd64.deb ]
[ 04 ] [ target/debs/trixie/sonic-host-services-rs_1.0.0_amd64.deb ]
[ 05 ] [ target/debs/trixie/syslog-counter_1.0.0_amd64.deb ]
[ 06 ] [ target/debs/trixie/sonic-supervisord-utilities-rs_1.0.0_amd64.deb ]
[ 07 ] [ target/debs/trixie/dash-ha_1.0.0_amd64.deb ]
[ 08 ] [ target/debs/trixie/sysmgr_1.0.0_amd64.deb ]
[A[K[A[K[A[K[A[K[A[K[A[K[A[K[A[K[ 01 ] [ target/docker-dash-engine.gz ]
[ 02 ] [ target/sonic-vs.bin__vs__rfs.squashfs ]
[ 03 ] [ target/debs/trixie/sonic-ctrmgrd-rs_1.0.0_amd64.deb ]
[ 04 ] [ target/debs/trixie/sonic-host-services-rs_1.0.0_amd64.deb ]
[ 05 ] [ target/debs/trixie/syslog-counter_1.0.0_amd64.deb ]
[ 06 ] [ target/debs/trixie/sonic-supervisord-utilities-rs_1.0.0_amd64.deb ]
[ 07 ] [ target/debs/trixie/dash-ha_1.0.0_amd64.deb ]
[A[K[A[K[A[K[A[K[A[K[A[K[A[K[ 01 ] [ target/docker-dash-engine.gz ]
[ 02 ] [ target/sonic-vs.bin__vs__rfs.squashfs ]
[ 03 ] [ target/debs/trixie/sonic-ctrmgrd-rs_1.0.0_amd64.deb ]
[ 04 ] [ target/debs/trixie/sonic-host-services-rs_1.0.0_amd64.deb ]
[ 05 ] [ target/debs/trixie/syslog-counter_1.0.0_amd64.deb ]
[ 06 ] [ target/debs/trixie/sonic-supervisord-utilities-rs_1.0.0_amd64.deb ]
[ 07 ] [ target/debs/trixie/dash-ha_1.0.0_amd64.deb ]
[ 08 ] [ target/debs/trixie/syncd-vs_1.0.0_amd64.deb ]
[A[K[A[K[A[K[A[K[A[K[A[K[A[K[A[K[ 01 ] [ target/docker-dash-engine.gz ]
[ 02 ] [ target/sonic-vs.bin__vs__rfs.squashfs ]
[ 03 ] [ target/debs/trixie/sonic-ctrmgrd-rs_1.0.0_amd64.deb ]
[ 04 ] [ target/debs/trixie/sonic-host-services-rs_1.0.0_amd64.deb ]
[ 05 ] [ target/debs/trixie/syslog-counter_1.0.0_amd64.deb ]
[ 06 ] [ target/debs/trixie/sonic-supervisord-utilities-rs_1.0.0_amd64.deb ]
[ 07 ] [ target/debs/trixie/dash-ha_1.0.0_amd64.deb ]
[A[K[A[K[A[K[A[K[A[K[A[K[A[K[ 01 ] [ target/docker-dash-engine.gz ]
[ 02 ] [ target/sonic-vs.bin__vs__rfs.squashfs ]
[ 03 ] [ target/debs/trixie/sonic-ctrmgrd-rs_1.0.0_amd64.deb ]
[ 04 ] [ target/debs/trixie/sonic-host-services-rs_1.0.0_amd64.deb ]
[ 05 ] [ target/debs/trixie/syslog-counter_1.0.0_amd64.deb ]
[ 06 ] [ target/debs/trixie/sonic-supervisord-utilities-rs_1.0.0_amd64.deb ]
[ 07 ] [ target/debs/trixie/dash-ha_1.0.0_amd64.deb ]
[ 08 ] [ target/debs/trixie/sonic-dhcpmon_1.0.0-0_amd64.deb ]
[A[K[A[K[A[K[A[K[A[K[A[K[A[K[A[K[ 01 ] [ target/docker-dash-engine.gz ]
[ 02 ] [ target/sonic-vs.bin__vs__rfs.squashfs ]
[ 03 ] [ target/debs/trixie/sonic-ctrmgrd-rs_1.0.0_amd64.deb ]
[ 04 ] [ target/debs/trixie/sonic-host-services-rs_1.0.0_amd64.deb ]
[ 05 ] [ target/debs/trixie/syslog-counter_1.0.0_amd64.deb ]
[ 06 ] [ target/debs/trixie/sonic-supervisord-utilities-rs_1.0.0_amd64.deb ]
[ 07 ] [ target/debs/trixie/dash-ha_1.0.0_amd64.deb ]
[A[K[A[K[A[K[A[K[A[K[A[K[A[K[ 01 ] [ target/docker-dash-engine.gz ]
[ 02 ] [ target/sonic-vs.bin__vs__rfs.squashfs ]
[ 03 ] [ target/debs/trixie/sonic-ctrmgrd-rs_1.0.0_amd64.deb ]
[ 04 ] [ target/debs/trixie/sonic-host-services-rs_1.0.0_amd64.deb ]
[ 05 ] [ target/debs/trixie/syslog-counter_1.0.0_amd64.deb ]
[ 06 ] [ target/debs/trixie/sonic-supervisord-utilities-rs_1.0.0_amd64.deb ]
[ 07 ] [ target/debs/trixie/dash-ha_1.0.0_amd64.deb ]
[ 08 ] [ target/debs/trixie/sonic-dhcp4relay_1.0.0-0_amd64.deb ]
[A[K[A[K[A[K[A[K[A[K[A[K[A[K[A[K[ 01 ] [ target/docker-dash-engine.gz ]
[ 02 ] [ target/sonic-vs.bin__vs__rfs.squashfs ]
[ 03 ] [ target/debs/trixie/sonic-ctrmgrd-rs_1.0.0_amd64.deb ]
[ 04 ] [ target/debs/trixie/sonic-host-services-rs_1.0.0_amd64.deb ]
[ 05 ] [ target/debs/trixie/syslog-counter_1.0.0_amd64.deb ]
[ 06 ] [ target/debs/trixie/sonic-supervisord-utilities-rs_1.0.0_amd64.deb ]
[ 07 ] [ target/debs/trixie/dash-ha_1.0.0_amd64.deb ]
[A[K[A[K[A[K[A[K[A[K[A[K[A[K[ 01 ] [ target/docker-dash-engine.gz ]
[ 02 ] [ target/sonic-vs.bin__vs__rfs.squashfs ]
[ 03 ] [ target/debs/trixie/sonic-ctrmgrd-rs_1.0.0_amd64.deb ]
[ 04 ] [ target/debs/trixie/sonic-host-services-rs_1.0.0_amd64.deb ]
[ 05 ] [ target/debs/trixie/syslog-counter_1.0.0_amd64.deb ]
[ 06 ] [ target/debs/trixie/sonic-supervisord-utilities-rs_1.0.0_amd64.deb ]
[ 07 ] [ target/debs/trixie/dash-ha_1.0.0_amd64.deb ]
[ 08 ] [ target/debs/trixie/sonic-dhcp6relay_1.0.0-0_amd64.deb ]
[A[K[A[K[A[K[A[K[A[K[A[K[A[K[A[K[ 01 ] [ target/docker-dash-engine.gz ]
[ 02 ] [ target/sonic-vs.bin__vs__rfs.squashfs ]
[ 03 ] [ target/debs/trixie/sonic-ctrmgrd-rs_1.0.0_amd64.deb ]
[ 04 ] [ target/debs/trixie/sonic-host-services-rs_1.0.0_amd64.deb ]
[ 05 ] [ target/debs/trixie/syslog-counter_1.0.0_amd64.deb ]
[ 06 ] [ target/debs/trixie/sonic-supervisord-utilities-rs_1.0.0_amd64.deb ]
[ 07 ] [ target/debs/trixie/dash-ha_1.0.0_amd64.deb ]
[A[K[A[K[A[K[A[K[A[K[A[K[A[K[ 01 ] [ target/docker-dash-engine.gz ]
[ 02 ] [ target/sonic-vs.bin__vs__rfs.squashfs ]
[ 03 ] [ target/debs/trixie/sonic-ctrmgrd-rs_1.0.0_amd64.deb ]
[ 04 ] [ target/debs/trixie/sonic-host-services-rs_1.0.0_amd64.deb ]
[ 05 ] [ target/debs/trixie/syslog-counter_1.0.0_amd64.deb ]
[ 06 ] [ target/debs/trixie/sonic-supervisord-utilities-rs_1.0.0_amd64.deb ]
[ 07 ] [ target/debs/trixie/dash-ha_1.0.0_amd64.deb ]
[ 08 ] [ target/debs/trixie/wpasupplicant_2.9.0-14_amd64.deb ]
[A[K[A[K[A[K[A[K[A[K[A[K[A[K[A[K[ 01 ] [ target/docker-dash-engine.gz ]
[ 02 ] [ target/sonic-vs.bin__vs__rfs.squashfs ]
[ 03 ] [ target/debs/trixie/sonic-ctrmgrd-rs_1.0.0_amd64.deb ]
[ 04 ] [ target/debs/trixie/sonic-host-services-rs_1.0.0_amd64.deb ]
[ 05 ] [ target/debs/trixie/syslog-counter_1.0.0_amd64.deb ]
[ 06 ] [ target/debs/trixie/sonic-supervisord-utilities-rs_1.0.0_amd64.deb ]
[ 07 ] [ target/debs/trixie/dash-ha_1.0.0_amd64.deb ]
[A[K[A[K[A[K[A[K[A[K[A[K[A[K[ 01 ] [ target/docker-dash-engine.gz ]
[ 02 ] [ target/sonic-vs.bin__vs__rfs.squashfs ]
[ 03 ] [ target/debs/trixie/sonic-ctrmgrd-rs_1.0.0_amd64.deb ]
[ 04 ] [ target/debs/trixie/sonic-host-services-rs_1.0.0_amd64.deb ]
[ 05 ] [ target/debs/trixie/syslog-counter_1.0.0_amd64.deb ]
[ 06 ] [ target/debs/trixie/sonic-supervisord-utilities-rs_1.0.0_amd64.deb ]
[ 07 ] [ target/debs/trixie/dash-ha_1.0.0_amd64.deb ]
[ 08 ] [ target/debs/trixie/sonic-rsyslog-plugin_1.0.0-0_amd64.deb ]
[A[K[A[K[A[K[A[K[A[K[A[K[A[K[A[K[ 01 ] [ target/docker-dash-engine.gz ]
[ 02 ] [ target/sonic-vs.bin__vs__rfs.squashfs ]
[ 03 ] [ target/debs/trixie/sonic-ctrmgrd-rs_1.0.0_amd64.deb ]
[ 04 ] [ target/debs/trixie/sonic-host-services-rs_1.0.0_amd64.deb ]
[ 05 ] [ target/debs/trixie/syslog-counter_1.0.0_amd64.deb ]
[ 06 ] [ target/debs/trixie/sonic-supervisord-utilities-rs_1.0.0_amd64.deb ]
[ 07 ] [ target/debs/trixie/dash-ha_1.0.0_amd64.deb ]
[A[K[A[K[A[K[A[K[A[K[A[K[A[K[ 01 ] [ target/docker-dash-engine.gz ]
[ 02 ] [ target/sonic-vs.bin__vs__rfs.squashfs ]
[ 03 ] [ target/debs/trixie/sonic-ctrmgrd-rs_1.0.0_amd64.deb ]
[ 04 ] [ target/debs/trixie/sonic-host-services-rs_1.0.0_amd64.deb ]
[ 05 ] [ target/debs/trixie/syslog-counter_1.0.0_amd64.deb ]
[ 06 ] [ target/debs/trixie/sonic-supervisord-utilities-rs_1.0.0_amd64.deb ]
[ 07 ] [ target/debs/trixie/dash-ha_1.0.0_amd64.deb ]
[ 08 ] [ target/python-wheels/trixie/sonic_py_common-1.0-py3-none-any.whl ]
[A[K[A[K[A[K[A[K[A[K[A[K[A[K[A[K[ 01 ] [ target/docker-dash-engine.gz ]
[ 02 ] [ target/sonic-vs.bin__vs__rfs.squashfs ]
[ 03 ] [ target/debs/trixie/sonic-ctrmgrd-rs_1.0.0_amd64.deb ]
[ 04 ] [ target/debs/trixie/sonic-host-services-rs_1.0.0_amd64.deb ]
[ 05 ] [ target/debs/trixie/syslog-counter_1.0.0_amd64.deb ]
[ 06 ] [ target/debs/trixie/sonic-supervisord-utilities-rs_1.0.0_amd64.deb ]
[ 07 ] [ target/debs/trixie/dash-ha_1.0.0_amd64.deb ]
[A[K[A[K[A[K[A[K[A[K[A[K[A[K[ 01 ] [ target/docker-dash-engine.gz ]
[ 02 ] [ target/sonic-vs.bin__vs__rfs.squashfs ]
[ 03 ] [ target/debs/trixie/sonic-ctrmgrd-rs_1.0.0_amd64.deb ]
[ 04 ] [ target/debs/trixie/sonic-host-services-rs_1.0.0_amd64.deb ]
[ 05 ] [ target/debs/trixie/syslog-counter_1.0.0_amd64.deb ]
[ 06 ] [ target/debs/trixie/sonic-supervisord-utilities-rs_1.0.0_amd64.deb ]
[ 07 ] [ target/debs/trixie/dash-ha_1.0.0_amd64.deb ]
[ 08 ] [ target/debs/trixie/sonic-bmp_0.1_amd64.deb-install ]
[A[K[A[K[A[K[A[K[A[K[A[K[A[K[A[K[ 01 ] [ target/docker-dash-engine.gz ]
[ 02 ] [ target/sonic-vs.bin__vs__rfs.squashfs ]
[ 03 ] [ target/debs/trixie/sonic-ctrmgrd-rs_1.0.0_amd64.deb ]
[ 04 ] [ target/debs/trixie/sonic-host-services-rs_1.0.0_amd64.deb ]
[ 05 ] [ target/debs/trixie/syslog-counter_1.0.0_amd64.deb ]
[ 06 ] [ target/debs/trixie/sonic-supervisord-utilities-rs_1.0.0_amd64.deb ]
[ 07 ] [ target/debs/trixie/dash-ha_1.0.0_amd64.deb ]
[A[K[A[K[A[K[A[K[A[K[A[K[A[K[ 01 ] [ target/docker-dash-engine.gz ]
[ 02 ] [ target/sonic-vs.bin__vs__rfs.squashfs ]
[ 03 ] [ target/debs/trixie/sonic-ctrmgrd-rs_1.0.0_amd64.deb ]
[ 04 ] [ target/debs/trixie/sonic-host-services-rs_1.0.0_amd64.deb ]
[ 05 ] [ target/debs/trixie/syslog-counter_1.0.0_amd64.deb ]
[ 06 ] [ target/debs/trixie/sonic-supervisord-utilities-rs_1.0.0_amd64.deb ]
[ 07 ] [ target/debs/trixie/dash-ha_1.0.0_amd64.deb ]
[ 08 ] [ target/debs/trixie/libsairedis-dev_1.0.0_amd64.deb ]
[A[K[A[K[A[K[A[K[A[K[A[K[A[K[A[K[ 01 ] [ target/docker-dash-engine.gz ]
[ 02 ] [ target/sonic-vs.bin__vs__rfs.squashfs ]
[ 03 ] [ target/debs/trixie/sonic-ctrmgrd-rs_1.0.0_amd64.deb ]
[ 04 ] [ target/debs/trixie/sonic-host-services-rs_1.0.0_amd64.deb ]
[ 05 ] [ target/debs/trixie/syslog-counter_1.0.0_amd64.deb ]
[ 06 ] [ target/debs/trixie/sonic-supervisord-utilities-rs_1.0.0_amd64.deb ]
[ 07 ] [ target/debs/trixie/dash-ha_1.0.0_amd64.deb ]
[A[K[A[K[A[K[A[K[A[K[A[K[A[K[ 01 ] [ target/docker-dash-engine.gz ]
[ 02 ] [ target/sonic-vs.bin__vs__rfs.squashfs ]
[ 03 ] [ target/debs/trixie/sonic-ctrmgrd-rs_1.0.0_amd64.deb ]
[ 04 ] [ target/debs/trixie/sonic-host-services-rs_1.0.0_amd64.deb ]
[ 05 ] [ target/debs/trixie/syslog-counter_1.0.0_amd64.deb ]
[ 06 ] [ target/debs/trixie/sonic-supervisord-utilities-rs_1.0.0_amd64.deb ]
[ 07 ] [ target/debs/trixie/dash-ha_1.0.0_amd64.deb ]
[ 08 ] [ target/debs/trixie/libsaimetadata_1.0.0_amd64.deb ]
[A[K[A[K[A[K[A[K[A[K[A[K[A[K[A[K[ 01 ] [ target/docker-dash-engine.gz ]
[ 02 ] [ target/sonic-vs.bin__vs__rfs.squashfs ]
[ 03 ] [ target/debs/trixie/sonic-ctrmgrd-rs_1.0.0_amd64.deb ]
[ 04 ] [ target/debs/trixie/sonic-host-services-rs_1.0.0_amd64.deb ]
[ 05 ] [ target/debs/trixie/syslog-counter_1.0.0_amd64.deb ]
[ 06 ] [ target/debs/trixie/sonic-supervisord-utilities-rs_1.0.0_amd64.deb ]
[ 07 ] [ target/debs/trixie/dash-ha_1.0.0_amd64.deb ]
[A[K[A[K[A[K[A[K[A[K[A[K[A[K[ 01 ] [ target/docker-dash-engine.gz ]
[ 02 ] [ target/sonic-vs.bin__vs__rfs.squashfs ]
[ 03 ] [ target/debs/trixie/sonic-ctrmgrd-rs_1.0.0_amd64.deb ]
[ 04 ] [ target/debs/trixie/sonic-host-services-rs_1.0.0_amd64.deb ]
[ 05 ] [ target/debs/trixie/syslog-counter_1.0.0_amd64.deb ]
[ 06 ] [ target/debs/trixie/sonic-supervisord-utilities-rs_1.0.0_amd64.deb ]
[ 07 ] [ target/debs/trixie/dash-ha_1.0.0_amd64.deb ]
[ 08 ] [ target/debs/trixie/libsairedis-dev_1.0.0_amd64.deb-install ]
[A[K[A[K[A[K[A[K[A[K[A[K[A[K[A[K[ 01 ] [ target/docker-dash-engine.gz ]
[ 02 ] [ target/sonic-vs.bin__vs__rfs.squashfs ]
[ 03 ] [ target/debs/trixie/sonic-ctrmgrd-rs_1.0.0_amd64.deb ]
[ 04 ] [ target/debs/trixie/sonic-host-services-rs_1.0.0_amd64.deb ]
[ 05 ] [ target/debs/trixie/syslog-counter_1.0.0_amd64.deb ]
[ 06 ] [ target/debs/trixie/sonic-supervisord-utilities-rs_1.0.0_amd64.deb ]
[ 07 ] [ target/debs/trixie/dash-ha_1.0.0_amd64.deb ]
[A[K[A[K[A[K[A[K[A[K[A[K[A[K[ 01 ] [ target/docker-dash-engine.gz ]
[ 02 ] [ target/sonic-vs.bin__vs__rfs.squashfs ]
[ 03 ] [ target/debs/trixie/sonic-ctrmgrd-rs_1.0.0_amd64.deb ]
[ 04 ] [ target/debs/trixie/sonic-host-services-rs_1.0.0_amd64.deb ]
[ 05 ] [ target/debs/trixie/syslog-counter_1.0.0_amd64.deb ]
[ 06 ] [ target/debs/trixie/sonic-supervisord-utilities-rs_1.0.0_amd64.deb ]
[ 07 ] [ target/debs/trixie/dash-ha_1.0.0_amd64.deb ]
[ 08 ] [ target/debs/trixie/libsaimetadata_1.0.0_amd64.deb-install ]
[A[K[A[K[A[K[A[K[A[K[A[K[A[K[A[K[ 01 ] [ target/docker-dash-engine.gz ]
[ 02 ] [ target/sonic-vs.bin__vs__rfs.squashfs ]
[ 03 ] [ target/debs/trixie/sonic-ctrmgrd-rs_1.0.0_amd64.deb ]
[ 04 ] [ target/debs/trixie/sonic-host-services-rs_1.0.0_amd64.deb ]
[ 05 ] [ target/debs/trixie/syslog-counter_1.0.0_amd64.deb ]
[ 06 ] [ target/debs/trixie/sonic-supervisord-utilities-rs_1.0.0_amd64.deb ]
[ 07 ] [ target/debs/trixie/dash-ha_1.0.0_amd64.deb ]
[A[K[A[K[A[K[A[K[A[K[A[K[A[K[ 01 ] [ target/docker-dash-engine.gz ]
[ 02 ] [ target/sonic-vs.bin__vs__rfs.squashfs ]
[ 03 ] [ target/debs/trixie/sonic-ctrmgrd-rs_1.0.0_amd64.deb ]
[ 04 ] [ target/debs/trixie/sonic-host-services-rs_1.0.0_amd64.deb ]
[ 05 ] [ target/debs/trixie/syslog-counter_1.0.0_amd64.deb ]
[ 06 ] [ target/debs/trixie/sonic-supervisord-utilities-rs_1.0.0_amd64.deb ]
[ 07 ] [ target/debs/trixie/dash-ha_1.0.0_amd64.deb ]
[ 08 ] [ target/python-wheels/trixie/sonic_py_common-1.0-py3-none-any.whl-install ]
[A[K[A[K[A[K[A[K[A[K[A[K[A[K[A[K[ 01 ] [ target/docker-dash-engine.gz ]
[ 02 ] [ target/sonic-vs.bin__vs__rfs.squashfs ]
[ 03 ] [ target/debs/trixie/sonic-ctrmgrd-rs_1.0.0_amd64.deb ]
[ 04 ] [ target/debs/trixie/sonic-host-services-rs_1.0.0_amd64.deb ]
[ 05 ] [ target/debs/trixie/syslog-counter_1.0.0_amd64.deb ]
[ 06 ] [ target/debs/trixie/sonic-supervisord-utilities-rs_1.0.0_amd64.deb ]
[ 07 ] [ target/debs/trixie/dash-ha_1.0.0_amd64.deb ]
[A[K[A[K[A[K[A[K[A[K[A[K[A[K[ 01 ] [ target/docker-dash-engine.gz ]
[ 02 ] [ target/sonic-vs.bin__vs__rfs.squashfs ]
[ 03 ] [ target/debs/trixie/sonic-ctrmgrd-rs_1.0.0_amd64.deb ]
[ 04 ] [ target/debs/trixie/sonic-host-services-rs_1.0.0_amd64.deb ]
[ 05 ] [ target/debs/trixie/syslog-counter_1.0.0_amd64.deb ]
[ 06 ] [ target/debs/trixie/sonic-supervisord-utilities-rs_1.0.0_amd64.deb ]
[ 07 ] [ target/debs/trixie/dash-ha_1.0.0_amd64.deb ]
[ 08 ] [ target/debs/trixie/libsaimetadata-dev_1.0.0_amd64.deb ]
[A[K[A[K[A[K[A[K[A[K[A[K[A[K[A[K[ 01 ] [ target/docker-dash-engine.gz ]
[ 02 ] [ target/sonic-vs.bin__vs__rfs.squashfs ]
[ 03 ] [ target/debs/trixie/sonic-ctrmgrd-rs_1.0.0_amd64.deb ]
[ 04 ] [ target/debs/trixie/sonic-host-services-rs_1.0.0_amd64.deb ]
[ 05 ] [ target/debs/trixie/syslog-counter_1.0.0_amd64.deb ]
[ 06 ] [ target/debs/trixie/sonic-supervisord-utilities-rs_1.0.0_amd64.deb ]
[ 07 ] [ target/debs/trixie/dash-ha_1.0.0_amd64.deb ]
[A[K[A[K[A[K[A[K[A[K[A[K[A[K[ 01 ] [ target/docker-dash-engine.gz ]
[ 02 ] [ target/sonic-vs.bin__vs__rfs.squashfs ]
[ 03 ] [ target/debs/trixie/sonic-ctrmgrd-rs_1.0.0_amd64.deb ]
[ 04 ] [ target/debs/trixie/sonic-host-services-rs_1.0.0_amd64.deb ]
[ 05 ] [ target/debs/trixie/syslog-counter_1.0.0_amd64.deb ]
[ 06 ] [ target/debs/trixie/sonic-supervisord-utilities-rs_1.0.0_amd64.deb ]
[ 07 ] [ target/debs/trixie/dash-ha_1.0.0_amd64.deb ]
[ 08 ] [ target/debs/trixie/libsaivs_1.0.0_amd64.deb ]
[A[K[A[K[A[K[A[K[A[K[A[K[A[K[A[K[ 01 ] [ target/docker-dash-engine.gz ]
[ 02 ] [ target/sonic-vs.bin__vs__rfs.squashfs ]
[ 03 ] [ target/debs/trixie/sonic-ctrmgrd-rs_1.0.0_amd64.deb ]
[ 04 ] [ target/debs/trixie/sonic-host-services-rs_1.0.0_amd64.deb ]
[ 05 ] [ target/debs/trixie/syslog-counter_1.0.0_amd64.deb ]
[ 06 ] [ target/debs/trixie/sonic-supervisord-utilities-rs_1.0.0_amd64.deb ]
[ 07 ] [ target/debs/trixie/dash-ha_1.0.0_amd64.deb ]
[A[K[A[K[A[K[A[K[A[K[A[K[A[K[ 01 ] [ target/docker-dash-engine.gz ]
[ 02 ] [ target/sonic-vs.bin__vs__rfs.squashfs ]
[ 03 ] [ target/debs/trixie/sonic-ctrmgrd-rs_1.0.0_amd64.deb ]
[ 04 ] [ target/debs/trixie/sonic-host-services-rs_1.0.0_amd64.deb ]
[ 05 ] [ target/debs/trixie/syslog-counter_1.0.0_amd64.deb ]
[ 06 ] [ target/debs/trixie/sonic-supervisord-utilities-rs_1.0.0_amd64.deb ]
[ 07 ] [ target/debs/trixie/dash-ha_1.0.0_amd64.deb ]
[ 08 ] [ target/debs/trixie/libsaimetadata-dev_1.0.0_amd64.deb-install ]
[A[K[A[K[A[K[A[K[A[K[A[K[A[K[A[K[ 01 ] [ target/docker-dash-engine.gz ]
[ 02 ] [ target/sonic-vs.bin__vs__rfs.squashfs ]
[ 03 ] [ target/debs/trixie/sonic-ctrmgrd-rs_1.0.0_amd64.deb ]
[ 04 ] [ target/debs/trixie/sonic-host-services-rs_1.0.0_amd64.deb ]
[ 05 ] [ target/debs/trixie/syslog-counter_1.0.0_amd64.deb ]
[ 06 ] [ target/debs/trixie/sonic-supervisord-utilities-rs_1.0.0_amd64.deb ]
[ 07 ] [ target/debs/trixie/dash-ha_1.0.0_amd64.deb ]
[A[K[A[K[A[K[A[K[A[K[A[K[A[K[ 01 ] [ target/docker-dash-engine.gz ]
[ 02 ] [ target/sonic-vs.bin__vs__rfs.squashfs ]
[ 03 ] [ target/debs/trixie/sonic-ctrmgrd-rs_1.0.0_amd64.deb ]
[ 04 ] [ target/debs/trixie/sonic-host-services-rs_1.0.0_amd64.deb ]
[ 05 ] [ target/debs/trixie/syslog-counter_1.0.0_amd64.deb ]
[ 06 ] [ target/debs/trixie/sonic-supervisord-utilities-rs_1.0.0_amd64.deb ]
[ 07 ] [ target/debs/trixie/dash-ha_1.0.0_amd64.deb ]
[ 08 ] [ target/debs/trixie/libsaivs_1.0.0_amd64.deb-install ]
[A[K[A[K[A[K[A[K[A[K[A[K[A[K[A[K[ 01 ] [ target/docker-dash-engine.gz ]
[ 02 ] [ target/sonic-vs.bin__vs__rfs.squashfs ]
[ 03 ] [ target/debs/trixie/sonic-ctrmgrd-rs_1.0.0_amd64.deb ]
[ 04 ] [ target/debs/trixie/sonic-host-services-rs_1.0.0_amd64.deb ]
[ 05 ] [ target/debs/trixie/syslog-counter_1.0.0_amd64.deb ]
[ 06 ] [ target/debs/trixie/sonic-supervisord-utilities-rs_1.0.0_amd64.deb ]
[ 07 ] [ target/debs/trixie/dash-ha_1.0.0_amd64.deb ]
[A[K[A[K[A[K[A[K[A[K[A[K[A[K[ 01 ] [ target/docker-dash-engine.gz ]
[ 02 ] [ target/sonic-vs.bin__vs__rfs.squashfs ]
[ 03 ] [ target/debs/trixie/sonic-ctrmgrd-rs_1.0.0_amd64.deb ]
[ 04 ] [ target/debs/trixie/sonic-host-services-rs_1.0.0_amd64.deb ]
[ 05 ] [ target/debs/trixie/syslog-counter_1.0.0_amd64.deb ]
[ 06 ] [ target/debs/trixie/sonic-supervisord-utilities-rs_1.0.0_amd64.deb ]
[ 07 ] [ target/debs/trixie/dash-ha_1.0.0_amd64.deb ]
[ 08 ] [ target/python-wheels/trixie/sonic_d-2.0.0-py3-none-any.whl ]
[A[K[A[K[A[K[A[K[A[K[A[K[A[K[A[K[ 01 ] [ target/docker-dash-engine.gz ]
[ 02 ] [ target/sonic-vs.bin__vs__rfs.squashfs ]
[ 03 ] [ target/debs/trixie/sonic-ctrmgrd-rs_1.0.0_amd64.deb ]
[ 04 ] [ target/debs/trixie/sonic-host-services-rs_1.0.0_amd64.deb ]
[ 05 ] [ target/debs/trixie/syslog-counter_1.0.0_amd64.deb ]
[ 06 ] [ target/debs/trixie/sonic-supervisord-utilities-rs_1.0.0_amd64.deb ]
[ 07 ] [ target/debs/trixie/dash-ha_1.0.0_amd64.deb ]
[A[K[A[K[A[K[A[K[A[K[A[K[A[K[ 01 ] [ target/docker-dash-engine.gz ]
[ 02 ] [ target/sonic-vs.bin__vs__rfs.squashfs ]
[ 03 ] [ target/debs/trixie/sonic-ctrmgrd-rs_1.0.0_amd64.deb ]
[ 04 ] [ target/debs/trixie/sonic-host-services-rs_1.0.0_amd64.deb ]
[ 05 ] [ target/debs/trixie/syslog-counter_1.0.0_amd64.deb ]
[ 06 ] [ target/debs/trixie/sonic-supervisord-utilities-rs_1.0.0_amd64.deb ]
[ 07 ] [ target/debs/trixie/dash-ha_1.0.0_amd64.deb ]
[ 08 ] [ target/python-wheels/trixie/sonic_ledd-1.1-py3-none-any.whl ]
[A[K[A[K[A[K[A[K[A[K[A[K[A[K[A[K[ 01 ] [ target/docker-dash-engine.gz ]
[ 02 ] [ target/sonic-vs.bin__vs__rfs.squashfs ]
[ 03 ] [ target/debs/trixie/sonic-ctrmgrd-rs_1.0.0_amd64.deb ]
[ 04 ] [ target/debs/trixie/sonic-host-services-rs_1.0.0_amd64.deb ]
[ 05 ] [ target/debs/trixie/syslog-counter_1.0.0_amd64.deb ]
[ 06 ] [ target/debs/trixie/sonic-supervisord-utilities-rs_1.0.0_amd64.deb ]
[ 07 ] [ target/debs/trixie/dash-ha_1.0.0_amd64.deb ]
[A[K[A[K[A[K[A[K[A[K[A[K[A[K[ 01 ] [ target/docker-dash-engine.gz ]
[ 02 ] [ target/sonic-vs.bin__vs__rfs.squashfs ]
[ 03 ] [ target/debs/trixie/sonic-ctrmgrd-rs_1.0.0_amd64.deb ]
[ 04 ] [ target/debs/trixie/sonic-host-services-rs_1.0.0_amd64.deb ]
[ 05 ] [ target/debs/trixie/syslog-counter_1.0.0_amd64.deb ]
[ 06 ] [ target/debs/trixie/sonic-supervisord-utilities-rs_1.0.0_amd64.deb ]
[ 07 ] [ target/debs/trixie/dash-ha_1.0.0_amd64.deb ]
[ 08 ] [ target/python-wheels/trixie/sonic_pcied-1.0-py3-none-any.whl ]
[A[K[A[K[A[K[A[K[A[K[A[K[A[K[A[K[ 01 ] [ target/docker-dash-engine.gz ]
[ 02 ] [ target/sonic-vs.bin__vs__rfs.squashfs ]
[ 03 ] [ target/debs/trixie/sonic-ctrmgrd-rs_1.0.0_amd64.deb ]
[ 04 ] [ target/debs/trixie/sonic-host-services-rs_1.0.0_amd64.deb ]
[ 05 ] [ target/debs/trixie/syslog-counter_1.0.0_amd64.deb ]
[ 06 ] [ target/debs/trixie/sonic-supervisord-utilities-rs_1.0.0_amd64.deb ]
[ 07 ] [ target/debs/trixie/dash-ha_1.0.0_amd64.deb ]
[A[K[A[K[A[K[A[K[A[K[A[K[A[K[ 01 ] [ target/docker-dash-engine.gz ]
[ 02 ] [ target/sonic-vs.bin__vs__rfs.squashfs ]
[ 03 ] [ target/debs/trixie/sonic-ctrmgrd-rs_1.0.0_amd64.deb ]
[ 04 ] [ target/debs/trixie/sonic-host-services-rs_1.0.0_amd64.deb ]
[ 05 ] [ target/debs/trixie/syslog-counter_1.0.0_amd64.deb ]
[ 06 ] [ target/debs/trixie/sonic-supervisord-utilities-rs_1.0.0_amd64.deb ]
[ 07 ] [ target/debs/trixie/dash-ha_1.0.0_amd64.deb ]
[ 08 ] [ target/python-wheels/trixie/sonic_stormond-1.0-py3-none-any.whl ]
[A[K[A[K[A[K[A[K[A[K[A[K[A[K[A[K[ 01 ] [ target/docker-dash-engine.gz ]
[ 02 ] [ target/sonic-vs.bin__vs__rfs.squashfs ]
[ 03 ] [ target/debs/trixie/sonic-ctrmgrd-rs_1.0.0_amd64.deb ]
[ 04 ] [ target/debs/trixie/sonic-host-services-rs_1.0.0_amd64.deb ]
[ 05 ] [ target/debs/trixie/syslog-counter_1.0.0_amd64.deb ]
[ 06 ] [ target/debs/trixie/sonic-supervisord-utilities-rs_1.0.0_amd64.deb ]
[ 07 ] [ target/debs/trixie/dash-ha_1.0.0_amd64.deb ]
[A[K[A[K[A[K[A[K[A[K[A[K[A[K[ 01 ] [ target/docker-dash-engine.gz ]
[ 02 ] [ target/sonic-vs.bin__vs__rfs.squashfs ]
[ 03 ] [ target/debs/trixie/sonic-ctrmgrd-rs_1.0.0_amd64.deb ]
[ 04 ] [ target/debs/trixie/sonic-host-services-rs_1.0.0_amd64.deb ]
[ 05 ] [ target/debs/trixie/syslog-counter_1.0.0_amd64.deb ]
[ 06 ] [ target/debs/trixie/sonic-supervisord-utilities-rs_1.0.0_amd64.deb ]
[ 07 ] [ target/debs/trixie/dash-ha_1.0.0_amd64.deb ]
[ 08 ] [ target/python-wheels/trixie/sonic_dhcp_utilities-1.0-py3-none-any.whl ]
[A[K[A[K[A[K[A[K[A[K[A[K[A[K[A[K[ 01 ] [ target/docker-dash-engine.gz ]
[ 02 ] [ target/sonic-vs.bin__vs__rfs.squashfs ]
[ 03 ] [ target/debs/trixie/sonic-ctrmgrd-rs_1.0.0_amd64.deb ]
[ 04 ] [ target/debs/trixie/sonic-host-services-rs_1.0.0_amd64.deb ]
[ 05 ] [ target/debs/trixie/syslog-counter_1.0.0_amd64.deb ]
[ 06 ] [ target/debs/trixie/sonic-supervisord-utilities-rs_1.0.0_amd64.deb ]
[ 07 ] [ target/debs/trixie/dash-ha_1.0.0_amd64.deb ]
[A[K[A[K[A[K[A[K[A[K[A[K[A[K[ 01 ] [ target/docker-dash-engine.gz ]
[ 02 ] [ target/sonic-vs.bin__vs__rfs.squashfs ]
[ 03 ] [ target/debs/trixie/sonic-ctrmgrd-rs_1.0.0_amd64.deb ]
[ 04 ] [ target/debs/trixie/sonic-host-services-rs_1.0.0_amd64.deb ]
[ 05 ] [ target/debs/trixie/syslog-counter_1.0.0_amd64.deb ]
[ 06 ] [ target/debs/trixie/sonic-supervisord-utilities-rs_1.0.0_amd64.deb ]
[ 07 ] [ target/debs/trixie/dash-ha_1.0.0_amd64.deb ]
[ 08 ] [ target/python-wheels/trixie/sonic_ctrmgrd-1.0.0-py3-none-any.whl ]
[A[K[A[K[A[K[A[K[A[K[A[K[A[K[A[K[ 01 ] [ target/docker-dash-engine.gz ]
[ 02 ] [ target/sonic-vs.bin__vs__rfs.squashfs ]
[ 03 ] [ target/debs/trixie/sonic-ctrmgrd-rs_1.0.0_amd64.deb ]
[ 04 ] [ target/debs/trixie/sonic-host-services-rs_1.0.0_amd64.deb ]
[ 05 ] [ target/debs/trixie/syslog-counter_1.0.0_amd64.deb ]
[ 06 ] [ target/debs/trixie/sonic-supervisord-utilities-rs_1.0.0_amd64.deb ]
[ 07 ] [ target/debs/trixie/dash-ha_1.0.0_amd64.deb ]
[A[K[A[K[A[K[A[K[A[K[A[K[A[K[ 01 ] [ target/docker-dash-engine.gz ]
[ 02 ] [ target/sonic-vs.bin__vs__rfs.squashfs ]
[ 03 ] [ target/debs/trixie/sonic-ctrmgrd-rs_1.0.0_amd64.deb ]
[ 04 ] [ target/debs/trixie/sonic-host-services-rs_1.0.0_amd64.deb ]
[ 05 ] [ target/debs/trixie/syslog-counter_1.0.0_amd64.deb ]
[ 06 ] [ target/debs/trixie/sonic-supervisord-utilities-rs_1.0.0_amd64.deb ]
[ 07 ] [ target/debs/trixie/dash-ha_1.0.0_amd64.deb ]
[ 08 ] [ target/python-wheels/trixie/sonic_config_engine-1.0-py3-none-any.whl ]
[A[K[A[K[A[K[A[K[A[K[A[K[A[K[A[K[ FAIL LOG START ] [ target/python-wheels/trixie/sonic_config_engine-1.0-py3-none-any.whl ]
Build start time: Wed Sep 2 14:16:59 UTC 2026
[ REASON ] :      target/python-wheels/trixie/sonic_config_engine-1.0-py3-none-any.whl does not exist   NON-EXISTENT PREREQUISITES: target/python-wheels/trixie/sonic_py_common-1.0-py3-none-any.whl-install target/python-wheels/trixie/sonic_yang_mgmt-1.0-py3-none-any.whl-install target/python-wheels/trixie/sonic_yang_models-1.0-py3-none-any.whl-install target/debs/trixie/libyang3_3.12.2-1_amd64.deb-install target/debs/trixie/python3-libyang_3.1.0-1_amd64.deb-install target/debs/trixie/python3-swsscommon_1.0.0_amd64.deb-install 
[ FLAGS  FILE    ] : [] 
[ FLAGS  DEPENDS ] : [] 
[ FLAGS  DIFF    ] : [] 
/sonic/src/sonic-config-engine /sonic
Defaulting to user installation because normal site-packages is not writeable
Processing /sonic/src/sonic-config-engine
  Preparing metadata (setup.py): started
  Preparing metadata (setup.py): finished with status 'done'
Collecting bitarray==2.8.1 (from sonic-config-engine==1.0)
  Downloading bitarray-2.8.1.tar.gz (128 kB)
  Preparing metadata (setup.py): started
  Preparing metadata (setup.py): finished with status 'done'
Requirement already satisfied: lxml>=4.9.1 in /usr/lib/python3/dist-packages (from sonic-config-engine==1.0) (5.4.0)
Requirement already satisfied: netaddr==0.8.0 in /var/qiuying.xzc/.local/lib/python3.13/site-packages (from sonic-config-engine==1.0) (0.8.0)
Requirement already satisfied: Jinja2>=2.10 in /usr/lib/python3/dist-packages (from sonic-config-engine==1.0) (3.1.6)
Requirement already satisfied: pyyaml>=6.0.1 in /usr/lib/python3/dist-packages (from sonic-config-engine==1.0) (6.0.2)
Requirement already satisfied: sonic-py-common in /usr/local/lib/python3.13/dist-packages (from sonic-config-engine==1.0) (1.0)
Requirement already satisfied: sonic-yang-mgmt>=1.0 in /usr/local/lib/python3.13/dist-packages (from sonic-config-engine==1.0) (1.0)
Requirement already satisfied: sonic-yang-models>=1.0 in /usr/local/lib/python3.13/dist-packages (from sonic-config-engine==1.0) (1.0)
Requirement already satisfied: MarkupSafe>=2.0 in /usr/lib/python3/dist-packages (from Jinja2>=2.10->sonic-config-engine==1.0) (2.1.5)
Requirement already satisfied: ijson>=3.2.3 in /var/qiuying.xzc/.local/lib/python3.13/site-packages (from sonic-yang-mgmt>=1.0->sonic-config-engine==1.0) (3.5.0)
Requirement already satisfied: jsonpointer>=1.9 in /var/qiuying.xzc/.local/lib/python3.13/site-packages (from sonic-yang-mgmt>=1.0->sonic-config-engine==1.0) (3.1.1)
Requirement already satisfied: jsondiff>=1.2.0 in /var/qiuying.xzc/.local/lib/python3.13/site-packages (from sonic-yang-mgmt>=1.0->sonic-config-engine==1.0) (2.2.1)
Requirement already satisfied: tabulate==0.9.0 in /var/qiuying.xzc/.local/lib/python3.13/site-packages (from sonic-yang-mgmt>=1.0->sonic-config-engine==1.0) (0.9.0)
Requirement already satisfied: natsort in /usr/lib/python3/dist-packages (from sonic-py-common->sonic-config-engine==1.0) (8.0.2)
Requirement already satisfied: redis-dump-load in /usr/local/lib/python3.13/dist-packages (from sonic-py-common->sonic-config-engine==1.0) (1.1)
Requirement already satisfied: redis in /usr/local/lib/python3.13/dist-packages (from redis-dump-load->sonic-py-common->sonic-config-engine==1.0) (8.0.1)
Building wheels for collected packages: sonic-config-engine, bitarray
  DEPRECATION: Building 'sonic-config-engine' using the legacy setup.py bdist_wheel mechanism, which will be removed in a future version. pip 25.3 will enforce this behaviour change. A possible replacement is to use the standardized build interface by setting the `--use-pep517` option, (possibly combined with `--no-build-isolation`), or adding a `pyproject.toml` file to the source tree of 'sonic-config-engine'. Discussion can be found at https://github.com/pypa/pip/issues/6334
  Building wheel for sonic-config-engine (setup.py): started
  Building wheel for sonic-config-engine (setup.py): finished with status 'done'
  Created wheel for sonic-config-engine: filename=sonic_config_engine-1.0-py3-none-any.whl size=72275 sha256=4f403c564ca05d53ffb1c551c30ad32c5de03e6b362c3ee50e4ecaf2b252afa5
  Stored in directory: /var/qiuying.xzc/.cache/pip/wheels/0b/7e/3b/e9875c49918127c354e300cf440ec3172597ba86436c7f7f6c
  DEPRECATION: Building 'bitarray' using the legacy setup.py bdist_wheel mechanism, which will be removed in a future version. pip 25.3 will enforce this behaviour change. A possible replacement is to use the standardized build interface by setting the `--use-pep517` option, (possibly combined with `--no-build-isolation`), or adding a `pyproject.toml` file to the source tree of 'bitarray'. Discussion can be found at https://github.com/pypa/pip/issues/6334
  Building wheel for bitarray (setup.py): started
  Building wheel for bitarray (setup.py): finished with status 'done'
  Created wheel for bitarray: filename=bitarray-2.8.1-cp313-cp313-linux_x86_64.whl size=241635 sha256=752122c49ec268e99a1d1825319ccb39148c9db9ebf252f97a6190ecc6da94f5
  Stored in directory: /var/qiuying.xzc/.cache/pip/wheels/07/be/75/82d0de59d7d6726dcdd22a64edc8ab499ca3e42cd6647747c6
Successfully built sonic-config-engine bitarray
Installing collected packages: bitarray, sonic-config-engine

Successfully installed bitarray-2.8.1 sonic-config-engine-1.0
/sonic/src/sonic-config-engine/setup.py:6: DeprecationWarning: pkg_resources is deprecated as an API. See https://setuptools.pypa.io/en/latest/pkg_resources.html
  import pkg_resources
/usr/local/lib/python3.13/dist-packages/setuptools/__init__.py:94: _DeprecatedInstaller: setuptools.installer and fetch_build_eggs are deprecated.
!!

        ********************************************************************************
        Requirements should be satisfied by a PEP 517 installer.
        If you are using pip, you can try `pip install --use-pep517`.
        ********************************************************************************

!!
  dist.fetch_build_eggs(dist.setup_requires)
/usr/local/lib/python3.13/dist-packages/setuptools/_distutils/dist.py:270: UserWarning: Unknown distribution option: 'tests_require'
  warnings.warn(msg)
Found existing installation: sonic-config-engine 1.0
Uninstalling sonic-config-engine-1.0:
  Successfully uninstalled sonic-config-engine-1.0
Building Wheels package target/python-wheels/trixie/sonic_config_engine-1.0-py3-none-any.whl
Defaulting to user installation because normal site-packages is not writeable
Processing /sonic/src/sonic-config-engine
  Preparing metadata (setup.py): started
  Preparing metadata (setup.py): finished with status 'done'
Requirement already satisfied: bitarray==2.8.1 in /var/qiuying.xzc/.local/lib/python3.13/site-packages (from sonic-config-engine==1.0) (2.8.1)
Requirement already satisfied: lxml>=4.9.1 in /usr/lib/python3/dist-packages (from sonic-config-engine==1.0) (5.4.0)
Requirement already satisfied: netaddr==0.8.0 in /var/qiuying.xzc/.local/lib/python3.13/site-packages (from sonic-config-engine==1.0) (0.8.0)
Requirement already satisfied: Jinja2>=2.10 in /usr/lib/python3/dist-packages (from sonic-config-engine==1.0) (3.1.6)
Requirement already satisfied: pyyaml>=6.0.1 in /usr/lib/python3/dist-packages (from sonic-config-engine==1.0) (6.0.2)
Requirement already satisfied: sonic-py-common in /usr/local/lib/python3.13/dist-packages (from sonic-config-engine==1.0) (1.0)
Requirement already satisfied: sonic-yang-mgmt>=1.0 in /usr/local/lib/python3.13/dist-packages (from sonic-config-engine==1.0) (1.0)
Requirement already satisfied: sonic-yang-models>=1.0 in /usr/local/lib/python3.13/dist-packages (from sonic-config-engine==1.0) (1.0)
WARNING: sonic-config-engine 1.0 does not provide the extra 'testing'
Requirement already satisfied: MarkupSafe>=2.0 in /usr/lib/python3/dist-packages (from Jinja2>=2.10->sonic-config-engine==1.0) (2.1.5)
Requirement already satisfied: ijson>=3.2.3 in /var/qiuying.xzc/.local/lib/python3.13/site-packages (from sonic-yang-mgmt>=1.0->sonic-config-engine==1.0) (3.5.0)
Requirement already satisfied: jsonpointer>=1.9 in /var/qiuying.xzc/.local/lib/python3.13/site-packages (from sonic-yang-mgmt>=1.0->sonic-config-engine==1.0) (3.1.1)
Requirement already satisfied: jsondiff>=1.2.0 in /var/qiuying.xzc/.local/lib/python3.13/site-packages (from sonic-yang-mgmt>=1.0->sonic-config-engine==1.0) (2.2.1)
Requirement already satisfied: tabulate==0.9.0 in /var/qiuying.xzc/.local/lib/python3.13/site-packages (from sonic-yang-mgmt>=1.0->sonic-config-engine==1.0) (0.9.0)
Requirement already satisfied: natsort in /usr/lib/python3/dist-packages (from sonic-py-common->sonic-config-engine==1.0) (8.0.2)
Requirement already satisfied: redis-dump-load in /usr/local/lib/python3.13/dist-packages (from sonic-py-common->sonic-config-engine==1.0) (1.1)
Requirement already satisfied: redis in /usr/local/lib/python3.13/dist-packages (from redis-dump-load->sonic-py-common->sonic-config-engine==1.0) (8.0.1)
Building wheels for collected packages: sonic-config-engine
  DEPRECATION: Building 'sonic-config-engine' using the legacy setup.py bdist_wheel mechanism, which will be removed in a future version. pip 25.3 will enforce this behaviour change. A possible replacement is to use the standardized build interface by setting the `--use-pep517` option, (possibly combined with `--no-build-isolation`), or adding a `pyproject.toml` file to the source tree of 'sonic-config-engine'. Discussion can be found at https://github.com/pypa/pip/issues/6334
  Building wheel for sonic-config-engine (setup.py): started
  Building wheel for sonic-config-engine (setup.py): finished with status 'done'
  Created wheel for sonic-config-engine: filename=sonic_config_engine-1.0-py3-none-any.whl size=72275 sha256=4f403c564ca05d53ffb1c551c30ad32c5de03e6b362c3ee50e4ecaf2b252afa5
  Stored in directory: /var/qiuying.xzc/.cache/pip/wheels/0b/7e/3b/e9875c49918127c354e300cf440ec3172597ba86436c7f7f6c
Successfully built sonic-config-engine
Installing collected packages: sonic-config-engine
Successfully installed sonic-config-engine-1.0
/sonic/src/sonic-config-engine/setup.py:6: DeprecationWarning: pkg_resources is deprecated as an API. See https://setuptools.pypa.io/en/latest/pkg_resources.html
  import pkg_resources
/usr/local/lib/python3.13/dist-packages/setuptools/__init__.py:94: _DeprecatedInstaller: setuptools.installer and fetch_build_eggs are deprecated.
!!

        ********************************************************************************
        Requirements should be satisfied by a PEP 517 installer.
        If you are using pip, you can try `pip install --use-pep517`.
        ********************************************************************************

!!
  dist.fetch_build_eggs(dist.setup_requires)
/usr/local/lib/python3.13/dist-packages/setuptools/_distutils/dist.py:270: UserWarning: Unknown distribution option: 'tests_require'
  warnings.warn(msg)
Found existing installation: sonic-config-engine 1.0
Uninstalling sonic-config-engine-1.0:
  Successfully uninstalled sonic-config-engine-1.0
============================= test session starts ==============================
platform linux -- Python 3.13.5, pytest-8.3.5, pluggy-1.5.0
rootdir: /sonic
configfile: pytest.ini
plugins: pyfakefs-6.2.0, cov-5.0.0, typeguard-4.4.2
collected 328 items

tests/test_cfggen.py ............................................F...... [ 15%]
.................................                                        [ 25%]
tests/test_cfggen_from_yang.py ..................                        [ 31%]
tests/test_cfggen_pfx_filter.py .                                        [ 31%]
tests/test_cfggen_platformJson.py .........                              [ 34%]
tests/test_cfggen_t2_chassis_fe.py ......                                [ 35%]
tests/test_chassis_cfggen.py ........................................... [ 49%]
..............                                                           [ 53%]
tests/test_frr.py ......                                                 [ 55%]
tests/test_j2files.py .................................................. [ 70%]
.........                                                                [ 73%]
tests/test_j2files_t2_chassis_fe.py ...                                  [ 74%]
tests/test_minigraph_case.py ........................................... [ 87%]
..                                                                       [ 87%]
tests/test_multinpu_cfggen.py ........................................   [100%]

=================================== FAILURES ===================================
___________ TestCfgGen.test_minigraph_packet_chassis_acl_local_host ____________

self = <tests.test_cfggen.TestCfgGen testMethod=test_minigraph_packet_chassis_acl_local_host>

    def test_minigraph_packet_chassis_acl_local_host(self):
        # CFGGEN_UNIT_TESTING is set to '2' in the set_up function
        # this causes the port_table to have ports from the previous test
        # causing yang validation to fail
    
        os.environ["CFGGEN_UNIT_TESTING"] = ""
        argument = ['-m', self.packet_chassis_graph, '-v', "ACL_TABLE"]
>       output = self.run_script(argument)

tests/test_cfggen.py:1032: 
_ _ _ _ _ _ _ _ _ _ _ _ _ _ _ _ _ _ _ _ _ _ _ _ _ _ _ _ _ _ _ _ _ _ _ _ _ _ _ _ 
tests/test_cfggen.py:63: in run_script
    self.assertTrue(self.yang.validate(argument))
tests/common_utils.py:88: in validate
    output = subprocess.check_output(cmd).decode()
/usr/lib/python3.13/subprocess.py:472: in check_output
    return run(*popenargs, stdout=PIPE, timeout=timeout, check=True,
_ _ _ _ _ _ _ _ _ _ _ _ _ _ _ _ _ _ _ _ _ _ _ _ _ _ _ _ _ _ _ _ _ _ _ _ _ _ _ _ 

input = None, capture_output = False, timeout = None, check = True
popenargs = (['python3', '/sonic/src/sonic-config-engine/tests/../sonic-cfggen', '-m', '/sonic/src/sonic-config-engine/tests/sample-chassis-packet-lc-graph.xml', '--print-data'],)
kwargs = {'stdout': -1}
process = <Popen: returncode: 1 args: ['python3', '/sonic/src/sonic-config-engine/test...>
stdout = b'', stderr = None, retcode = 1

    def run(*popenargs,
            input=None, capture_output=False, timeout=None, check=False, **kwargs):
        """Run command with arguments and return a CompletedProcess instance.
    
        The returned instance will have attributes args, returncode, stdout and
        stderr. By default, stdout and stderr are not captured, and those attributes
        will be None. Pass stdout=PIPE and/or stderr=PIPE in order to capture them,
        or pass capture_output=True to capture both.
    
        If check is True and the exit code was non-zero, it raises a
        CalledProcessError. The CalledProcessError object will have the return code
        in the returncode attribute, and output & stderr attributes if those streams
        were captured.
    
        If timeout (seconds) is given and the process takes too long,
         a TimeoutExpired exception will be raised.
    
        There is an optional argument "input", allowing you to
        pass bytes or a string to the subprocess's stdin.  If you use this argument
        you may not also use the Popen constructor's "stdin" argument, as
        it will be used internally.
    
        By default, all communication is in bytes, and therefore any "input" should
        be bytes, and the stdout and stderr will be bytes. If in text mode, any
        "input" should be a string, and stdout and stderr will be strings decoded
        according to locale encoding, or by "encoding" if set. Text mode is
        triggered by setting any of text, encoding, errors or universal_newlines.
    
        The other arguments are the same as for the Popen constructor.
        """
        if input is not None:
            if kwargs.get('stdin') is not None:
                raise ValueError('stdin and input arguments may not both be used.')
            kwargs['stdin'] = PIPE
    
        if capture_output:
            if kwargs.get('stdout') is not None or kwargs.get('stderr') is not None:
                raise ValueError('stdout and stderr arguments may not be used '
                                 'with capture_output.')
            kwargs['stdout'] = PIPE
            kwargs['stderr'] = PIPE
    
        with Popen(*popenargs, **kwargs) as process:
            try:
                stdout, stderr = process.communicate(input, timeout=timeout)
            except TimeoutExpired as exc:
                process.kill()
                if _mswindows:
                    # Windows accumulates the output in a single blocking
                    # read() call run on child threads, with the timeout
                    # being done in a join() on those threads.  communicate()
                    # _after_ kill() is required to collect that and add it
                    # to the exception.
                    exc.stdout, exc.stderr = process.communicate()
                else:
                    # POSIX _communicate already populated the output so
                    # far into the TimeoutExpired exception.
                    process.wait()
                raise
            except:  # Including KeyboardInterrupt, communicate handled that.
                process.kill()
                # We don't call process.wait() as .__exit__ does that for us.
                raise
            retcode = process.poll()
            if check and retcode:
>               raise CalledProcessError(retcode, process.args,
                                         output=stdout, stderr=stderr)
E               subprocess.CalledProcessError: Command '['python3', '/sonic/src/sonic-config-engine/tests/../sonic-cfggen', '-m', '/sonic/src/sonic-config-engine/tests/sample-chassis-packet-lc-graph.xml', '--print-data']' returned non-zero exit status 1.

/usr/lib/python3.13/subprocess.py:577: CalledProcessError
----------------------------- Captured stdout call -----------------------------

    Running sonic-cfggen -m /sonic/src/sonic-config-engine/tests/sample-chassis-packet-lc-graph.xml -v ACL_TABLE

    Validating yang schema
----------------------------- Captured stderr call -----------------------------
Traceback (most recent call last):
  File "/sonic/src/sonic-config-engine/tests/../sonic-cfggen", line 549, in <module>
    main()
    ~~~~^^
  File "/sonic/src/sonic-config-engine/tests/../sonic-cfggen", line 419, in main
    deep_update(data, parse_xml(minigraph, platform, asic_name=asic_name))
                      ~~~~~~~~~^^^^^^^^^^^^^^^^^^^^^^^^^^^^^^^^^^^^^^^^^^
  File "/sonic/src/sonic-config-engine/minigraph.py", line 2064, in parse_xml
    (ports, alias_map, alias_asic_map) = get_port_config(hwsku=hwsku, platform=platform, port_config_file=port_config_file, asic_name=asic_name, hwsku_config_file=hwsku_config_file)
                                         ~~~~~~~~~~~~~~~^^^^^^^^^^^^^^^^^^^^^^^^^^^^^^^^^^^^^^^^^^^^^^^^^^^^^^^^^^^^^^^^^^^^^^^^^^^^^^^^^^^^^^^^^^^^^^^^^^^^^^^^^^^^^^^^^^^^^^^^^^^^^
  File "/sonic/src/sonic-config-engine/portconfig.py", line 193, in get_port_config
    port_config_file = device_info.get_path_to_port_config_file(hwsku, asic_id)
  File "/usr/local/lib/python3.13/dist-packages/sonic_py_common/device_info.py", line 471, in get_path_to_port_config_file
    platform_path = get_path_to_platform_dir()
  File "/usr/local/lib/python3.13/dist-packages/sonic_py_common/device_info.py", line 292, in get_path_to_platform_dir
    raise OSError("Failed to locate platform directory")
OSError: Failed to locate platform directory
=============================== warnings summary ===============================
<frozen importlib._bootstrap>:488
  <frozen importlib._bootstrap>:488: DeprecationWarning: builtin type SwigPyPacked has no __module__ attribute

<frozen importlib._bootstrap>:488
  <frozen importlib._bootstrap>:488: DeprecationWarning: builtin type SwigPyObject has no __module__ attribute

<frozen importlib._bootstrap>:488
  <frozen importlib._bootstrap>:488: DeprecationWarning: builtin type swigvarlink has no __module__ attribute

-- Docs: https://docs.pytest.org/en/stable/how-to/capture-warnings.html
=========================== short test summary info ============================
FAILED tests/test_cfggen.py::TestCfgGen::test_minigraph_packet_chassis_acl_local_host - subprocess.CalledProcessError: Command '['python3', '/sonic/src/sonic-config-engine/tests/../sonic-cfggen', '-m', '/sonic/src/sonic-config-engine/tests/sample-chassis-packet-lc-graph.xml', '--print-data']' returned non-zero exit status 1.
============ 1 failed, 327 passed, 3 warnings in 354.22s (0:05:54) =============
[  FAIL LOG END  ] [ target/python-wheels/trixie/sonic_config_engine-1.0-py3-none-any.whl ]
make: *** [slave.mk:1164: target/python-wheels/trixie/sonic_config_engine-1.0-py3-none-any.whl] Error 1
make: *** Waiting for unfinished jobs....
[ 01 ] [ target/docker-dash-engine.gz ]
[ 02 ] [ target/sonic-vs.bin__vs__rfs.squashfs ]
[ 03 ] [ target/debs/trixie/sonic-ctrmgrd-rs_1.0.0_amd64.deb ]
[ 04 ] [ target/debs/trixie/sonic-host-services-rs_1.0.0_amd64.deb ]
[ 05 ] [ target/debs/trixie/syslog-counter_1.0.0_amd64.deb ]
[ 06 ] [ target/debs/trixie/sonic-supervisord-utilities-rs_1.0.0_amd64.deb ]
[ 07 ] [ target/debs/trixie/dash-ha_1.0.0_amd64.deb ]
[A[K[A[K[A[K[A[K[A[K[A[K[A[K[ 01 ] [ target/docker-dash-engine.gz ]
[ 02 ] [ target/debs/trixie/sonic-ctrmgrd-rs_1.0.0_amd64.deb ]
[ 03 ] [ target/debs/trixie/sonic-host-services-rs_1.0.0_amd64.deb ]
[ 04 ] [ target/debs/trixie/syslog-counter_1.0.0_amd64.deb ]
[ 05 ] [ target/debs/trixie/sonic-supervisord-utilities-rs_1.0.0_amd64.deb ]
[ 06 ] [ target/debs/trixie/dash-ha_1.0.0_amd64.deb ]
[A[K[A[K[A[K[A[K[A[K[A[K[ 01 ] [ target/debs/trixie/sonic-ctrmgrd-rs_1.0.0_amd64.deb ]
[ 02 ] [ target/debs/trixie/sonic-host-services-rs_1.0.0_amd64.deb ]
[ 03 ] [ target/debs/trixie/syslog-counter_1.0.0_amd64.deb ]
[ 04 ] [ target/debs/trixie/sonic-supervisord-utilities-rs_1.0.0_amd64.deb ]
[ 05 ] [ target/debs/trixie/dash-ha_1.0.0_amd64.deb ]
[A[K[A[K[A[K[A[K[A[K[ FAIL LOG START ] [ target/debs/trixie/sonic-supervisord-utilities-rs_1.0.0_amd64.deb ]
Build start time: Wed Sep 2 13:57:37 UTC 2026
[ REASON ] :      target/debs/trixie/sonic-supervisord-utilities-rs_1.0.0_amd64.deb does not exist   NON-EXISTENT PREREQUISITES: target/debs/trixie/libswsscommon-dev_1.0.0_amd64.deb-install 
[ FLAGS  FILE    ] : [] 
[ FLAGS  DEPENDS ] : [] 
[ FLAGS  DIFF    ] : [] 
/sonic/src/sonic-supervisord-utilities-rs /sonic
dpkg-buildpackage: info: source package sonic
dpkg-buildpackage: info: source version 1.0.0
dpkg-buildpackage: info: source distribution stable
dpkg-buildpackage: info: source changed by SONiC Team <sonic-dev@lists.sonicfoundation.dev>
 dpkg-source --before-build .
dpkg-buildpackage: info: host architecture amd64
 debian/rules clean
make[1]: Entering directory '/sonic/src/sonic-supervisord-utilities-rs'
debian/rules:20: warning: overriding recipe for target 'override_dh_auto_install'
debian/rules:13: warning: ignoring old recipe for target 'override_dh_auto_install'
dh clean
   debian/rules override_dh_auto_clean
make[2]: Entering directory '/sonic/src/sonic-supervisord-utilities-rs'
debian/rules:20: warning: overriding recipe for target 'override_dh_auto_install'
debian/rules:13: warning: ignoring old recipe for target 'override_dh_auto_install'
cargo clean --release
     Removed 0 files
make[2]: Leaving directory '/sonic/src/sonic-supervisord-utilities-rs'
   dh_clean
make[1]: Leaving directory '/sonic/src/sonic-supervisord-utilities-rs'
 debian/rules binary
make[1]: Entering directory '/sonic/src/sonic-supervisord-utilities-rs'
debian/rules:20: warning: overriding recipe for target 'override_dh_auto_install'
debian/rules:13: warning: ignoring old recipe for target 'override_dh_auto_install'
dh binary
   dh_update_autotools_config
   dh_autoreconf
   dh_auto_configure
   debian/rules override_dh_auto_build
make[2]: Entering directory '/sonic/src/sonic-supervisord-utilities-rs'
debian/rules:20: warning: overriding recipe for target 'override_dh_auto_install'
debian/rules:13: warning: ignoring old recipe for target 'override_dh_auto_install'
cargo build --release --all
    Blocking waiting for file lock on package cache
    Updating crates.io index
    Updating git repository `https://github.com/microsoft/injectorppforrust.git`
    Blocking waiting for file lock on package cache
     Locking 54 packages to latest compatible versions
      Adding anstream v0.6.21
      Adding anstyle v1.0.14
      Adding anstyle-parse v0.2.7
      Adding anstyle-query v1.1.5
      Adding anstyle-wincon v3.0.11
      Adding clap v4.5.60 (available: v4.6.6)
      Adding clap_builder v4.5.60 (available: v4.6.6)
      Adding clap_derive v4.5.55 (available: v4.6.4)
      Adding clap_lex v1.1.0
      Adding colorchoice v1.0.5
      Adding deranged v0.5.8
      Adding errno v0.3.14
      Adding error-chain v0.12.4
      Adding fastrand v2.5.0
    Updating getrandom v0.2.17 -> v0.3.4
      Adding heck v0.5.0
      Adding hostname v0.3.1
      Adding injectorpp v0.4.0 (https://github.com/microsoft/injectorppforrust.git?rev=c7317906a1d514ef99bf2fbd4c943908c265d280#c7317906)
      Adding is_terminal_polyfill v1.70.2
      Adding linux-raw-sys v0.11.0
      Adding match_cfg v0.1.0
 Downgrading mio v1.1.0 -> v0.8.11 (available: v1.2.3)
      Adding nix v0.27.1 (available: v0.31.3)
      Adding num-conv v0.2.2
      Adding num_threads v0.1.7
      Adding once_cell_polyfill v1.70.2
      Adding powerfmt v0.2.0
      Adding r-efi v5.3.0
      Adding rustix v1.1.2 (available: v1.1.4)
    Updating serde v1.0.219 -> v1.0.229
      Adding serde_core v1.0.229
    Updating serde_derive v1.0.219 -> v1.0.229
      Adding strsim v0.11.1
      Adding syn v3.0.4
      Adding syslog v6.1.1 (available: v7.0.0)
      Adding tempfile v3.23.0 (available: v3.27.0)
      Adding thiserror v1.0.69 (available: v2.0.20)
      Adding thiserror-impl v1.0.69
      Adding time v0.3.55 (requires Rust 1.88.0)
      Adding time-core v0.1.9 (requires Rust 1.88.0)
      Adding time-macros v0.2.32 (requires Rust 1.88.0)
      Adding utf8parse v0.2.2
      Adding version_check v0.9.5
      Adding wasip2 v1.0.4+wasi-0.2.12 (requires Rust 1.87.0)
 Downgrading windows-sys v0.60.2 -> v0.48.0
      Adding windows-targets v0.48.5
      Adding windows_aarch64_gnullvm v0.48.5
      Adding windows_aarch64_msvc v0.48.5
      Adding windows_i686_gnu v0.48.5
      Adding windows_i686_msvc v0.48.5
      Adding windows_x86_64_gnu v0.48.5
      Adding windows_x86_64_gnullvm v0.48.5
      Adding windows_x86_64_msvc v0.48.5
      Adding wit-bindgen v0.57.1
    Blocking waiting for file lock on package cache
    Blocking waiting for file lock on package cache
 Downloading crates ...
  Downloaded is_terminal_polyfill v1.70.2
  Downloaded clap_lex v1.1.0
  Downloaded colorchoice v1.0.5
  Downloaded num-conv v0.2.2
  Downloaded anstyle-query v1.1.5
  Downloaded time-core v0.1.9
  Downloaded deranged v0.5.8
  Downloaded anstyle v1.0.14
  Downloaded time-macros v0.2.32
  Downloaded clap_derive v4.5.55
  Downloaded serde_core v1.0.229
  Downloaded serde_derive v1.0.229
  Downloaded clap v4.5.60
  Downloaded serde v1.0.229
  Downloaded mio v0.8.11
  Downloaded clap_builder v4.5.60
  Downloaded nix v0.27.1
  Downloaded time v0.3.55
  Downloaded syn v3.0.4
    Blocking waiting for file lock on package cache
error: rustc 1.86.0 is not supported by the following packages:
  time@0.3.55 requires rustc 1.88.0
  time-core@0.1.9 requires rustc 1.88.0
Either upgrade rustc or select compatible dependency versions with
`cargo update <name>@<current-ver> --precise <compatible-ver>`
where `<compatible-ver>` is the latest version supporting rustc 1.86.0

make[2]: *** [debian/rules:10: override_dh_auto_build] Error 101
make[2]: Leaving directory '/sonic/src/sonic-supervisord-utilities-rs'
make[1]: *** [debian/rules:7: binary] Error 2
make[1]: Leaving directory '/sonic/src/sonic-supervisord-utilities-rs'
dpkg-buildpackage: error: debian/rules binary subprocess returned exit status 2
[  FAIL LOG END  ] [ target/debs/trixie/sonic-supervisord-utilities-rs_1.0.0_amd64.deb ]
make: *** [slave.mk:967: target/debs/trixie/sonic-supervisord-utilities-rs_1.0.0_amd64.deb] Error 1
[ 01 ] [ target/debs/trixie/sonic-ctrmgrd-rs_1.0.0_amd64.deb ]
[ 02 ] [ target/debs/trixie/sonic-host-services-rs_1.0.0_amd64.deb ]
[ 03 ] [ target/debs/trixie/syslog-counter_1.0.0_amd64.deb ]
[ 04 ] [ target/debs/trixie/dash-ha_1.0.0_amd64.deb ]
[A[K[A[K[A[K[A[K[ 01 ] [ target/debs/trixie/sonic-ctrmgrd-rs_1.0.0_amd64.deb ]
[ 02 ] [ target/debs/trixie/sonic-host-services-rs_1.0.0_amd64.deb ]
[ 03 ] [ target/debs/trixie/dash-ha_1.0.0_amd64.deb ]
[A[K[A[K[A[K[ 01 ] [ target/debs/trixie/sonic-ctrmgrd-rs_1.0.0_amd64.deb ]
[ 02 ] [ target/debs/trixie/dash-ha_1.0.0_amd64.deb ]
[A[K[A[K[ 01 ] [ target/debs/trixie/dash-ha_1.0.0_amd64.deb ]
/sonic/src/sonic-dash-ha /sonic
Removing patch ../sonic-dash-ha.patch/0001-build-use-relative-path-when-building-cargo-dependen.patch
Restoring Cargo.toml

No patches applied
/sonic
[A[Kmake[1]: *** [Makefile.work:751: target/sonic-vs.bin] Error 2
make[1]: Leaving directory '/data/sonic/sonic-dzf-time-measure'
make: *** [Makefile:50: target/sonic-vs.bin] Error 2
