Starting local Bazel server (8.6.0) and connecting to it...
Computing main repo mapping: 
WARNING: For repository 'protobuf', the root module requires module version protobuf@29.0, but got protobuf@31.1 in the resolved dependency graph. Please update the version in your MODULE.bazel or set --check_direct_dependencies=off
WARNING: For repository 'rules_rust', the root module requires module version rules_rust@0.61.0, but got rules_rust@0.66.0 in the resolved dependency graph. Please update the version in your MODULE.bazel or set --check_direct_dependencies=off
Loading: 
Loading: 0 packages loaded
Analyzing: target //platform/vs:sonic-vs-bin (4 packages loaded, 7 targets configured)
Analyzing: target //platform/vs:sonic-vs-bin (4 packages loaded, 7 targets configured)

WARNING: /data/sonic/sonic-dzf-time-measure/.measure/20260901-233744/bazel-fully-cold-attempt3/output-base/external/grpc+/src/compiler/BUILD:87:18: target 'grpc_cpp_plugin' is both a rule and a file; please choose another name for the rule
WARNING: /data/sonic/sonic-dzf-time-measure/.measure/20260901-233744/bazel-fully-cold-attempt3/output-base/external/grpc+/src/compiler/BUILD:93:18: target 'grpc_csharp_plugin' is both a rule and a file; please choose another name for the rule
WARNING: /data/sonic/sonic-dzf-time-measure/.measure/20260901-233744/bazel-fully-cold-attempt3/output-base/external/grpc+/src/compiler/BUILD:99:18: target 'grpc_node_plugin' is both a rule and a file; please choose another name for the rule
WARNING: /data/sonic/sonic-dzf-time-measure/.measure/20260901-233744/bazel-fully-cold-attempt3/output-base/external/grpc+/src/compiler/BUILD:105:18: target 'grpc_objective_c_plugin' is both a rule and a file; please choose another name for the rule
WARNING: /data/sonic/sonic-dzf-time-measure/.measure/20260901-233744/bazel-fully-cold-attempt3/output-base/external/grpc+/src/compiler/BUILD:111:18: target 'grpc_php_plugin' is both a rule and a file; please choose another name for the rule
WARNING: /data/sonic/sonic-dzf-time-measure/.measure/20260901-233744/bazel-fully-cold-attempt3/output-base/external/grpc+/src/compiler/BUILD:117:18: target 'grpc_python_plugin' is both a rule and a file; please choose another name for the rule
WARNING: /data/sonic/sonic-dzf-time-measure/.measure/20260901-233744/bazel-fully-cold-attempt3/output-base/external/grpc+/src/compiler/BUILD:123:18: target 'grpc_ruby_plugin' is both a rule and a file; please choose another name for the rule
Analyzing: target //platform/vs:sonic-vs-bin (4067 packages loaded, 234229 targets configured)

Only the workspace's Cargo.toml is required in the `manifests` attribute; the rest can be removed
Analyzing: target //platform/vs:sonic-vs-bin (4067 packages loaded, 234229 targets configured)

Analyzing: target //platform/vs:sonic-vs-bin (4067 packages loaded, 234229 targets configured)

Analyzing: target //platform/vs:sonic-vs-bin (4067 packages loaded, 234229 targets configured)

Analyzing: target //platform/vs:sonic-vs-bin (4067 packages loaded, 234229 targets configured)

Only the workspace's Cargo.toml is required in the `manifests` attribute; the rest can be removed
Analyzing: target //platform/vs:sonic-vs-bin (4067 packages loaded, 234229 targets configured)

Analyzing: target //platform/vs:sonic-vs-bin (4067 packages loaded, 234229 targets configured)

Only the workspace's Cargo.toml is required in the `manifests` attribute; the rest can be removed
Analyzing: target //platform/vs:sonic-vs-bin (4067 packages loaded, 234229 targets configured)

Analyzing: target //platform/vs:sonic-vs-bin (4067 packages loaded, 234229 targets configured)

INFO: Analyzed target //platform/vs:sonic-vs-bin (4878 packages loaded, 273663 targets configured).
INFO: From SONiC make (local) -> p4lang-pi_0.1.1-1_amd64.deb @@p4lang+//:p4lang-pi_0.1.1-1.deb:
make: Entering directory '/data/sonic/sonic-dzf-time-measure'
make: 'target/debs/trixie/p4lang-pi_0.1.1-1_amd64.deb' is up to date.
make: Leaving directory '/data/sonic/sonic-dzf-time-measure'
INFO: From Executing genrule @@sonic-sairedis+//:config_h_gen:
/bin/bash: line 3: cd: bazel-out/k8-opt/bin/external/SAI: No such file or directory
INFO: From SONiC make (local) -> p4lang-p4c_1.2.4.2-2_amd64.deb @@p4lang+//:p4lang-p4c_1.2.4.2-2.deb:
make: Entering directory '/data/sonic/sonic-dzf-time-measure'
make: 'target/debs/trixie/p4lang-p4c_1.2.4.2-2_amd64.deb' is up to date.
make: Leaving directory '/data/sonic/sonic-dzf-time-measure'
INFO: From Compiling shared/util.c [for tool]:
external/sonic-build-infra++_repo_rules2+kmod_src/shared/util.c: In function 'mkdir_parents':
external/sonic-build-infra++_repo_rules2+kmod_src/shared/util.c:470:21: warning: initialization discards 'const' qualifier from pointer target type [-Wdiscarded-qualifiers]
  470 |         char *end = strrchr(path, '/');
      |                     ^~~~~~~
INFO: From Compiling src/read.c [for tool]:
external/sonic-build-infra++_repo_rules2+make_src/src/read.c: In function 'tilde_expand':
external/sonic-build-infra++_repo_rules2+make_src/src/read.c:3136:23: warning: initialization discards 'const' qualifier from pointer target type [-Wdiscarded-qualifiers]
 3136 |       char *userend = strchr (name + 1, '/');
      |                       ^~~~~~
INFO: From Compiling pigz.c [for tool]:
external/sonic-build-infra++_repo_rules2+pigz_src/pigz.c: In function 'use_space':
external/sonic-build-infra++_repo_rules2+pigz_src/pigz.c:1518:10: warning: variable 'use' set but not used [-Wunused-but-set-variable]
 1518 |     long use;
      |          ^~~
external/sonic-build-infra++_repo_rules2+pigz_src/pigz.c: In function 'finish_jobs':
external/sonic-build-infra++_repo_rules2+pigz_src/pigz.c:1629:9: warning: variable 'caught' set but not used [-Wunused-but-set-variable]
 1629 |     int caught;
      |         ^~~~~~
In file included from external/sonic-build-infra++_repo_rules2+pigz_src/pigz.c:440:
external/sonic-build-infra++_repo_rules2+pigz_src/pigz.c: In function 'compress_thread':
external/sonic-build-infra++_repo_rules2+pigz_src/try.h:360:17: warning: unused variable 'ret' [-Wunused-variable]
  360 |             int ret = pthread_setspecific(try_key_, next); \
      |                 ^~~
external/sonic-build-infra++_repo_rules2+pigz_src/try.h:383:9: note: in expansion of macro 'try_stack_set_'
  383 |         try_stack_set_(&try_this_); \
      |         ^~~~~~~~~~~~~~
external/sonic-build-infra++_repo_rules2+pigz_src/try.h:318:13: note: in expansion of macro 'TRY_TRY_'
  318 | #define try TRY_TRY_
      |             ^~~~~~~~
external/sonic-build-infra++_repo_rules2+pigz_src/pigz.c:1704:5: note: in expansion of macro 'try'
 1704 |     try {
      |     ^~~
external/sonic-build-infra++_repo_rules2+pigz_src/try.h:360:17: warning: unused variable 'ret' [-Wunused-variable]
  360 |             int ret = pthread_setspecific(try_key_, next); \
      |                 ^~~
external/sonic-build-infra++_repo_rules2+pigz_src/try.h:454:13: note: in expansion of macro 'try_stack_set_'
  454 |             try_stack_set_(try_this_.next); \
      |             ^~~~~~~~~~~~~~
external/sonic-build-infra++_repo_rules2+pigz_src/try.h:321:15: note: in expansion of macro 'TRY_CATCH_'
  321 | #define catch TRY_CATCH_
      |               ^~~~~~~~~~
external/sonic-build-infra++_repo_rules2+pigz_src/pigz.c:1955:5: note: in expansion of macro 'catch'
 1955 |     catch (err) {
      |     ^~~~~
external/sonic-build-infra++_repo_rules2+pigz_src/pigz.c: In function 'write_thread':
external/sonic-build-infra++_repo_rules2+pigz_src/try.h:360:17: warning: unused variable 'ret' [-Wunused-variable]
  360 |             int ret = pthread_setspecific(try_key_, next); \
      |                 ^~~
external/sonic-build-infra++_repo_rules2+pigz_src/try.h:383:9: note: in expansion of macro 'try_stack_set_'
  383 |         try_stack_set_(&try_this_); \
      |         ^~~~~~~~~~~~~~
external/sonic-build-infra++_repo_rules2+pigz_src/try.h:318:13: note: in expansion of macro 'TRY_TRY_'
  318 | #define try TRY_TRY_
      |             ^~~~~~~~
external/sonic-build-infra++_repo_rules2+pigz_src/pigz.c:1976:5: note: in expansion of macro 'try'
 1976 |     try {
      |     ^~~
external/sonic-build-infra++_repo_rules2+pigz_src/try.h:360:17: warning: unused variable 'ret' [-Wunused-variable]
  360 |             int ret = pthread_setspecific(try_key_, next); \
      |                 ^~~
external/sonic-build-infra++_repo_rules2+pigz_src/try.h:454:13: note: in expansion of macro 'try_stack_set_'
  454 |             try_stack_set_(try_this_.next); \
      |             ^~~~~~~~~~~~~~
external/sonic-build-infra++_repo_rules2+pigz_src/try.h:321:15: note: in expansion of macro 'TRY_CATCH_'
  321 | #define catch TRY_CATCH_
      |               ^~~~~~~~~~
external/sonic-build-infra++_repo_rules2+pigz_src/pigz.c:2033:5: note: in expansion of macro 'catch'
 2033 |     catch (err) {
      |     ^~~~~
external/sonic-build-infra++_repo_rules2+pigz_src/pigz.c: In function 'load_read':
external/sonic-build-infra++_repo_rules2+pigz_src/try.h:360:17: warning: unused variable 'ret' [-Wunused-variable]
  360 |             int ret = pthread_setspecific(try_key_, next); \
      |                 ^~~
external/sonic-build-infra++_repo_rules2+pigz_src/try.h:383:9: note: in expansion of macro 'try_stack_set_'
  383 |         try_stack_set_(&try_this_); \
      |         ^~~~~~~~~~~~~~
external/sonic-build-infra++_repo_rules2+pigz_src/try.h:318:13: note: in expansion of macro 'TRY_TRY_'
  318 | #define try TRY_TRY_
      |             ^~~~~~~~
external/sonic-build-infra++_repo_rules2+pigz_src/pigz.c:2532:5: note: in expansion of macro 'try'
 2532 |     try {
      |     ^~~
external/sonic-build-infra++_repo_rules2+pigz_src/try.h:360:17: warning: unused variable 'ret' [-Wunused-variable]
  360 |             int ret = pthread_setspecific(try_key_, next); \
      |                 ^~~
external/sonic-build-infra++_repo_rules2+pigz_src/try.h:454:13: note: in expansion of macro 'try_stack_set_'
  454 |             try_stack_set_(try_this_.next); \
      |             ^~~~~~~~~~~~~~
external/sonic-build-infra++_repo_rules2+pigz_src/try.h:321:15: note: in expansion of macro 'TRY_CATCH_'
  321 | #define catch TRY_CATCH_
      |               ^~~~~~~~~~
external/sonic-build-infra++_repo_rules2+pigz_src/pigz.c:2546:5: note: in expansion of macro 'catch'
 2546 |     catch (err) {
      |     ^~~~~
external/sonic-build-infra++_repo_rules2+pigz_src/pigz.c: In function 'outb_write':
external/sonic-build-infra++_repo_rules2+pigz_src/try.h:360:17: warning: unused variable 'ret' [-Wunused-variable]
  360 |             int ret = pthread_setspecific(try_key_, next); \
      |                 ^~~
external/sonic-build-infra++_repo_rules2+pigz_src/try.h:383:9: note: in expansion of macro 'try_stack_set_'
  383 |         try_stack_set_(&try_this_); \
      |         ^~~~~~~~~~~~~~
external/sonic-build-infra++_repo_rules2+pigz_src/try.h:318:13: note: in expansion of macro 'TRY_TRY_'
  318 | #define try TRY_TRY_
      |             ^~~~~~~~
external/sonic-build-infra++_repo_rules2+pigz_src/pigz.c:3351:5: note: in expansion of macro 'try'
 3351 |     try {
      |     ^~~
external/sonic-build-infra++_repo_rules2+pigz_src/try.h:360:17: warning: unused variable 'ret' [-Wunused-variable]
  360 |             int ret = pthread_setspecific(try_key_, next); \
      |                 ^~~
external/sonic-build-infra++_repo_rules2+pigz_src/try.h:454:13: note: in expansion of macro 'try_stack_set_'
  454 |             try_stack_set_(try_this_.next); \
      |             ^~~~~~~~~~~~~~
external/sonic-build-infra++_repo_rules2+pigz_src/try.h:321:15: note: in expansion of macro 'TRY_CATCH_'
  321 | #define catch TRY_CATCH_
      |               ^~~~~~~~~~
external/sonic-build-infra++_repo_rules2+pigz_src/pigz.c:3362:5: note: in expansion of macro 'catch'
 3362 |     catch (err) {
      |     ^~~~~
external/sonic-build-infra++_repo_rules2+pigz_src/pigz.c: In function 'outb_check':
external/sonic-build-infra++_repo_rules2+pigz_src/try.h:360:17: warning: unused variable 'ret' [-Wunused-variable]
  360 |             int ret = pthread_setspecific(try_key_, next); \
      |                 ^~~
external/sonic-build-infra++_repo_rules2+pigz_src/try.h:383:9: note: in expansion of macro 'try_stack_set_'
  383 |         try_stack_set_(&try_this_); \
      |         ^~~~~~~~~~~~~~
external/sonic-build-infra++_repo_rules2+pigz_src/try.h:318:13: note: in expansion of macro 'TRY_TRY_'
  318 | #define try TRY_TRY_
      |             ^~~~~~~~
external/sonic-build-infra++_repo_rules2+pigz_src/pigz.c:3376:5: note: in expansion of macro 'try'
 3376 |     try {
      |     ^~~
external/sonic-build-infra++_repo_rules2+pigz_src/try.h:360:17: warning: unused variable 'ret' [-Wunused-variable]
  360 |             int ret = pthread_setspecific(try_key_, next); \
      |                 ^~~
external/sonic-build-infra++_repo_rules2+pigz_src/try.h:454:13: note: in expansion of macro 'try_stack_set_'
  454 |             try_stack_set_(try_this_.next); \
      |             ^~~~~~~~~~~~~~
external/sonic-build-infra++_repo_rules2+pigz_src/try.h:321:15: note: in expansion of macro 'TRY_CATCH_'
  321 | #define catch TRY_CATCH_
      |               ^~~~~~~~~~
external/sonic-build-infra++_repo_rules2+pigz_src/pigz.c:3386:5: note: in expansion of macro 'catch'
 3386 |     catch (err) {
      |     ^~~~~
external/sonic-build-infra++_repo_rules2+pigz_src/pigz.c: In function 'process':
external/sonic-build-infra++_repo_rules2+pigz_src/try.h:360:17: warning: unused variable 'ret' [-Wunused-variable]
  360 |             int ret = pthread_setspecific(try_key_, next); \
      |                 ^~~
external/sonic-build-infra++_repo_rules2+pigz_src/try.h:383:9: note: in expansion of macro 'try_stack_set_'
  383 |         try_stack_set_(&try_this_); \
      |         ^~~~~~~~~~~~~~
external/sonic-build-infra++_repo_rules2+pigz_src/try.h:318:13: note: in expansion of macro 'TRY_TRY_'
  318 | #define try TRY_TRY_
      |             ^~~~~~~~
external/sonic-build-infra++_repo_rules2+pigz_src/pigz.c:4071:13: note: in expansion of macro 'try'
 4071 |             try {
      |             ^~~
external/sonic-build-infra++_repo_rules2+pigz_src/try.h:360:17: warning: unused variable 'ret' [-Wunused-variable]
  360 |             int ret = pthread_setspecific(try_key_, next); \
      |                 ^~~
external/sonic-build-infra++_repo_rules2+pigz_src/try.h:454:13: note: in expansion of macro 'try_stack_set_'
  454 |             try_stack_set_(try_this_.next); \
      |             ^~~~~~~~~~~~~~
external/sonic-build-infra++_repo_rules2+pigz_src/try.h:321:15: note: in expansion of macro 'TRY_CATCH_'
  321 | #define catch TRY_CATCH_
      |               ^~~~~~~~~~
external/sonic-build-infra++_repo_rules2+pigz_src/pigz.c:4082:13: note: in expansion of macro 'catch'
 4082 |             catch (err) {
      |             ^~~~~
external/sonic-build-infra++_repo_rules2+pigz_src/try.h:360:17: warning: unused variable 'ret' [-Wunused-variable]
  360 |             int ret = pthread_setspecific(try_key_, next); \
      |                 ^~~
external/sonic-build-infra++_repo_rules2+pigz_src/try.h:383:9: note: in expansion of macro 'try_stack_set_'
  383 |         try_stack_set_(&try_this_); \
      |         ^~~~~~~~~~~~~~
external/sonic-build-infra++_repo_rules2+pigz_src/try.h:318:13: note: in expansion of macro 'TRY_TRY_'
  318 | #define try TRY_TRY_
      |             ^~~~~~~~
external/sonic-build-infra++_repo_rules2+pigz_src/pigz.c:4173:9: note: in expansion of macro 'try'
 4173 |         try {
      |         ^~~
external/sonic-build-infra++_repo_rules2+pigz_src/try.h:360:17: warning: unused variable 'ret' [-Wunused-variable]
  360 |             int ret = pthread_setspecific(try_key_, next); \
      |                 ^~~
external/sonic-build-infra++_repo_rules2+pigz_src/try.h:454:13: note: in expansion of macro 'try_stack_set_'
  454 |             try_stack_set_(try_this_.next); \
      |             ^~~~~~~~~~~~~~
external/sonic-build-infra++_repo_rules2+pigz_src/try.h:321:15: note: in expansion of macro 'TRY_CATCH_'
  321 | #define catch TRY_CATCH_
      |               ^~~~~~~~~~
external/sonic-build-infra++_repo_rules2+pigz_src/pigz.c:4181:9: note: in expansion of macro 'catch'
 4181 |         catch (err) {
      |         ^~~~~
external/sonic-build-infra++_repo_rules2+pigz_src/pigz.c: In function 'main':
external/sonic-build-infra++_repo_rules2+pigz_src/try.h:360:17: warning: unused variable 'ret' [-Wunused-variable]
  360 |             int ret = pthread_setspecific(try_key_, next); \
      |                 ^~~
external/sonic-build-infra++_repo_rules2+pigz_src/try.h:383:9: note: in expansion of macro 'try_stack_set_'
  383 |         try_stack_set_(&try_this_); \
      |         ^~~~~~~~~~~~~~
external/sonic-build-infra++_repo_rules2+pigz_src/try.h:318:13: note: in expansion of macro 'TRY_TRY_'
  318 | #define try TRY_TRY_
      |             ^~~~~~~~
external/sonic-build-infra++_repo_rules2+pigz_src/pigz.c:4608:5: note: in expansion of macro 'try'
 4608 |     try {
      |     ^~~
external/sonic-build-infra++_repo_rules2+pigz_src/try.h:360:17: warning: unused variable 'ret' [-Wunused-variable]
  360 |             int ret = pthread_setspecific(try_key_, next); \
      |                 ^~~
external/sonic-build-infra++_repo_rules2+pigz_src/try.h:424:13: note: in expansion of macro 'try_stack_set_'
  424 |             try_stack_set_(try_this_.next); \
      |             ^~~~~~~~~~~~~~
external/sonic-build-infra++_repo_rules2+pigz_src/try.h:320:16: note: in expansion of macro 'TRY_ALWAYS_'
  320 | #define always TRY_ALWAYS_
      |                ^~~~~~~~~~~
external/sonic-build-infra++_repo_rules2+pigz_src/pigz.c:4730:5: note: in expansion of macro 'always'
 4730 |     always {
      |     ^~~~~~
external/sonic-build-infra++_repo_rules2+pigz_src/try.h:360:17: warning: unused variable 'ret' [-Wunused-variable]
  360 |             int ret = pthread_setspecific(try_key_, next); \
      |                 ^~~
external/sonic-build-infra++_repo_rules2+pigz_src/try.h:454:13: note: in expansion of macro 'try_stack_set_'
  454 |             try_stack_set_(try_this_.next); \
      |             ^~~~~~~~~~~~~~
external/sonic-build-infra++_repo_rules2+pigz_src/try.h:321:15: note: in expansion of macro 'TRY_CATCH_'
  321 | #define catch TRY_CATCH_
      |               ^~~~~~~~~~
external/sonic-build-infra++_repo_rules2+pigz_src/pigz.c:4736:5: note: in expansion of macro 'catch'
 4736 |     catch (err) {
      |     ^~~~~
INFO: From Compiling try.c [for tool]:
external/sonic-build-infra++_repo_rules2+pigz_src/try.c: In function 'try_create_':
external/sonic-build-infra++_repo_rules2+pigz_src/try.c:21:13: warning: unused variable 'ret' [-Wunused-variable]
   21 |         int ret = pthread_key_create(&try_key_, NULL);
      |             ^~~
external/sonic-build-infra++_repo_rules2+pigz_src/try.c: In function 'try_setup_':
external/sonic-build-infra++_repo_rules2+pigz_src/try.c:26:13: warning: unused variable 'ret' [-Wunused-variable]
   26 |         int ret = pthread_once(&try_once_, try_create_);
      |             ^~~
INFO: From Compiling src/suffix.c [for tool]:
external/sonic-build-infra++_repo_rules2+tar_src/src/suffix.c: In function 'find_compression_suffix':
external/sonic-build-infra++_repo_rules2+tar_src/src/suffix.c:58:15: warning: initialization discards 'const' qualifier from pointer target type [-Wdiscarded-qualifiers]
   58 |   char *suf = strrchr (name, '.');
      |               ^~~~~~~
INFO: From Compiling src/util.c [for tool]:
external/sonic-build-infra++_repo_rules2+cpio_src/src/util.c: In function 'prepare_append':
external/sonic-build-infra++_repo_rules2+cpio_src/src/util.c:653:7: warning: ignoring return value of 'read' declared with attribute 'warn_unused_result' [-Wunused-result]
  653 |       read (out_file_des, tmp_buf, useful_bytes_in_block);
      |       ^~~~~~~~~~~~~~~~~~~~~~~~~~~~~~~~~~~~~~~~~~~~~~~~~~~
INFO: From Compiling src/tar.c [for tool]:
external/sonic-build-infra++_repo_rules2+cpio_src/src/tar.c: In function 'write_out_tar_header':
external/sonic-build-infra++_repo_rules2+cpio_src/src/tar.c:213:7: warning: '__builtin_strncpy' output truncated before terminating nul copying 2 bytes from a string of the same length [-Wstringop-truncation]
  213 |       strncpy (tar_hdr->version, TVERSION, TVERSLEN);
      |       ^
external/sonic-build-infra++_repo_rules2+cpio_src/src/tar.c:147:7: warning: '__builtin___strncpy_chk' specified bound depends on the length of the source argument [-Wstringop-truncation]
  147 |       strncpy (tar_hdr->name, file_hdr->c_name, name_len);
      |       ^
external/sonic-build-infra++_repo_rules2+cpio_src/src/tar.c:144:14: note: length computed here
  144 |   name_len = strlen (file_hdr->c_name);
      |              ^~~~~~~~~~~~~~~~~~~~~~~~~
INFO: From Compiling src/libbpf.c [for tool]:
external/sonic-build-infra++_repo_rules2+libbpf_src/src/libbpf.c: In function 'resolve_full_path':
external/sonic-build-infra++_repo_rules2+libbpf_src/src/libbpf.c:11364:35: warning: assignment discards 'const' qualifier from pointer target type [-Wdiscarded-qualifiers]
11364 |                         next_path = strchr(s, ':');
      |                                   ^
INFO: From Compiling gnu/argp-help.c [for tool]:
external/sonic-build-infra++_repo_rules2+cpio_src/gnu/argp-help.c: In function 'argp_doc':
external/sonic-build-infra++_repo_rules2+cpio_src/gnu/argp-help.c:1599:18: warning: initialization discards 'const' qualifier from pointer target type [-Wdiscarded-qualifiers]
 1599 |       char *vt = strchr (doc, '\v');
      |                  ^~~~~~
INFO: From Compiling src/checkpoint.c [for tool]:
external/sonic-build-infra++_repo_rules2+tar_src/src/checkpoint.c: In function 'getarg':
external/sonic-build-infra++_repo_rules2+tar_src/src/checkpoint.c:205:17: warning: initialization discards 'const' qualifier from pointer target type [-Wdiscarded-qualifiers]
  205 |       char *p = strchr (input + 1, '}');
      |                 ^~~~~~
INFO: From Compiling gnu/argp-help.c [for tool]:
external/sonic-build-infra++_repo_rules2+tar_src/gnu/argp-help.c: In function 'argp_doc':
external/sonic-build-infra++_repo_rules2+tar_src/gnu/argp-help.c:1599:18: warning: initialization discards 'const' qualifier from pointer target type [-Wdiscarded-qualifiers]
 1599 |       char *vt = strchr (doc, '\v');
      |                  ^~~~~~
INFO: From Compiling gnulib/lib/memchr2.c [for tool]:
external/rules_m4++m4_repository_ext+m4_v1.4.18__cfgD7AAA708/gnulib/lib/memchr2.c: In function 'memchr2':
external/rules_m4++m4_repository_ext+m4_v1.4.18__cfgD7AAA708/gnulib/lib/memchr2.c:58:12: warning: return discards 'const' qualifier from pointer target type [-Wdiscarded-qualifiers]
   58 |     return memchr (s, c1, n);
      |            ^~~~~~
INFO: From Compiling debian/clear_console.c:
external/bash++_repo_rules+bash_src/debian/clear_console.c: In function 'clear_console':
external/bash++_repo_rules+bash_src/debian/clear_console.c:179:3: warning: ignoring return value of 'write' declared with attribute 'warn_unused_result' [-Wunused-result]
  179 |   write(1, "\e[3J", 4);
      |   ^~~~~~~~~~~~~~~~~~~~
INFO: From Compiling bitarray/_util.c:
external/+_repo_rules2+bitarray_src/bitarray/_util.c: In function 'zeros':
external/+_repo_rules2+bitarray_src/bitarray/_util.c:75:17: warning: unused parameter 'module' [-Wunused-parameter]
   75 | zeros(PyObject *module, PyObject *args, PyObject *kwds)
      |       ~~~~~~~~~~^~~~~~
external/+_repo_rules2+bitarray_src/bitarray/_util.c: In function 'count_n':
external/+_repo_rules2+bitarray_src/bitarray/_util.c:154:19: warning: unused parameter 'module' [-Wunused-parameter]
  154 | count_n(PyObject *module, PyObject *args)
      |         ~~~~~~~~~~^~~~~~
external/+_repo_rules2+bitarray_src/bitarray/_util.c: In function 'r_index':
external/+_repo_rules2+bitarray_src/bitarray/_util.c:243:19: warning: unused parameter 'module' [-Wunused-parameter]
  243 | r_index(PyObject *module, PyObject *args)
      |         ~~~~~~~~~~^~~~~~
external/+_repo_rules2+bitarray_src/bitarray/_util.c: In function 'parity':
external/+_repo_rules2+bitarray_src/bitarray/_util.c:269:18: warning: unused parameter 'module' [-Wunused-parameter]
  269 | parity(PyObject *module, PyObject *obj)
      |        ~~~~~~~~~~^~~~~~
external/+_repo_rules2+bitarray_src/bitarray/_util.c: In function 'count_and':
external/+_repo_rules2+bitarray_src/bitarray/_util.c:376:27: warning: unused parameter 'module' [-Wunused-parameter]
  376 | count_ ## oper (PyObject *module, PyObject *args)                       \
      |                 ~~~~~~~~~~^~~~~~
external/+_repo_rules2+bitarray_src/bitarray/_util.c:386:1: note: in expansion of macro 'COUNT_FUNC'
  386 | COUNT_FUNC(and, "&");           /* count_and */
      | ^~~~~~~~~~
external/+_repo_rules2+bitarray_src/bitarray/_util.c: In function 'count_or':
external/+_repo_rules2+bitarray_src/bitarray/_util.c:376:27: warning: unused parameter 'module' [-Wunused-parameter]
  376 | count_ ## oper (PyObject *module, PyObject *args)                       \
      |                 ~~~~~~~~~~^~~~~~
external/+_repo_rules2+bitarray_src/bitarray/_util.c:387:1: note: in expansion of macro 'COUNT_FUNC'
  387 | COUNT_FUNC(or,  "|");           /* count_or  */
      | ^~~~~~~~~~
external/+_repo_rules2+bitarray_src/bitarray/_util.c: In function 'count_xor':
external/+_repo_rules2+bitarray_src/bitarray/_util.c:376:27: warning: unused parameter 'module' [-Wunused-parameter]
  376 | count_ ## oper (PyObject *module, PyObject *args)                       \
      |                 ~~~~~~~~~~^~~~~~
external/+_repo_rules2+bitarray_src/bitarray/_util.c:388:1: note: in expansion of macro 'COUNT_FUNC'
  388 | COUNT_FUNC(xor, "^");           /* count_xor */
      | ^~~~~~~~~~
external/+_repo_rules2+bitarray_src/bitarray/_util.c: In function 'any_and':
external/+_repo_rules2+bitarray_src/bitarray/_util.c:392:19: warning: unused parameter 'module' [-Wunused-parameter]
  392 | any_and(PyObject *module, PyObject *args)
      |         ~~~~~~~~~~^~~~~~
external/+_repo_rules2+bitarray_src/bitarray/_util.c: In function 'subset':
external/+_repo_rules2+bitarray_src/bitarray/_util.c:404:18: warning: unused parameter 'module' [-Wunused-parameter]
  404 | subset(PyObject *module, PyObject *args)
      |        ~~~~~~~~~~^~~~~~
external/+_repo_rules2+bitarray_src/bitarray/_util.c: In function 'correspond_all':
external/+_repo_rules2+bitarray_src/bitarray/_util.c:419:26: warning: unused parameter 'module' [-Wunused-parameter]
  419 | correspond_all(PyObject *module, PyObject *args)
      |                ~~~~~~~~~~^~~~~~
external/+_repo_rules2+bitarray_src/bitarray/_util.c: In function 'serialize':
external/+_repo_rules2+bitarray_src/bitarray/_util.c:475:21: warning: unused parameter 'module' [-Wunused-parameter]
  475 | serialize(PyObject *module, PyObject *a)
      |           ~~~~~~~~~~^~~~~~
external/+_repo_rules2+bitarray_src/bitarray/_util.c: In function 'deserialize':
external/+_repo_rules2+bitarray_src/bitarray/_util.c:507:23: warning: unused parameter 'module' [-Wunused-parameter]
  507 | deserialize(PyObject *module, PyObject *buffer)
      |             ~~~~~~~~~~^~~~~~
external/+_repo_rules2+bitarray_src/bitarray/_util.c: In function 'ba2hex':
external/+_repo_rules2+bitarray_src/bitarray/_util.c:568:18: warning: unused parameter 'module' [-Wunused-parameter]
  568 | ba2hex(PyObject *module, PyObject *obj)
      |        ~~~~~~~~~~^~~~~~
external/+_repo_rules2+bitarray_src/bitarray/_util.c: In function 'hex2ba':
external/+_repo_rules2+bitarray_src/bitarray/_util.c:679:18: warning: unused parameter 'module' [-Wunused-parameter]
  679 | hex2ba(PyObject *module, PyObject *args, PyObject *kwds)
      |        ~~~~~~~~~~^~~~~~
external/+_repo_rules2+bitarray_src/bitarray/_util.c: In function 'ba2base':
external/+_repo_rules2+bitarray_src/bitarray/_util.c:772:19: warning: unused parameter 'module' [-Wunused-parameter]
  772 | ba2base(PyObject *module, PyObject *args)
      |         ~~~~~~~~~~^~~~~~
external/+_repo_rules2+bitarray_src/bitarray/_util.c: In function 'base2ba':
external/+_repo_rules2+bitarray_src/bitarray/_util.c:864:19: warning: unused parameter 'module' [-Wunused-parameter]
  864 | base2ba(PyObject *module, PyObject *args, PyObject *kwds)
      |         ~~~~~~~~~~^~~~~~
external/+_repo_rules2+bitarray_src/bitarray/_util.c: In function 'sc_encode':
external/+_repo_rules2+bitarray_src/bitarray/_util.c:1411:21: warning: unused parameter 'module' [-Wunused-parameter]
 1411 | sc_encode(PyObject *module, PyObject *obj)
      |           ~~~~~~~~~~^~~~~~
external/+_repo_rules2+bitarray_src/bitarray/_util.c: In function 'sc_decode':
external/+_repo_rules2+bitarray_src/bitarray/_util.c:1575:21: warning: unused parameter 'module' [-Wunused-parameter]
 1575 | sc_decode(PyObject *module, PyObject *obj)
      |           ~~~~~~~~~~^~~~~~
external/+_repo_rules2+bitarray_src/bitarray/_util.c: In function 'vl_decode':
external/+_repo_rules2+bitarray_src/bitarray/_util.c:1671:21: warning: unused parameter 'module' [-Wunused-parameter]
 1671 | vl_decode(PyObject *module, PyObject *args, PyObject *kwds)
      |           ~~~~~~~~~~^~~~~~
external/+_repo_rules2+bitarray_src/bitarray/_util.c: In function 'vl_encode':
external/+_repo_rules2+bitarray_src/bitarray/_util.c:1710:21: warning: unused parameter 'module' [-Wunused-parameter]
 1710 | vl_encode(PyObject *module, PyObject *obj)
      |           ~~~~~~~~~~^~~~~~
external/+_repo_rules2+bitarray_src/bitarray/_util.c: In function 'chdi_new':
external/+_repo_rules2+bitarray_src/bitarray/_util.c:1822:20: warning: unused parameter 'module' [-Wunused-parameter]
 1822 | chdi_new(PyObject *module, PyObject *args)
      |          ~~~~~~~~~~^~~~~~
external/+_repo_rules2+bitarray_src/bitarray/_util.c: At top level:
external/+_repo_rules2+bitarray_src/bitarray/_util.c:1964:1: warning: missing initializer for field 'tp_members' of 'PyTypeObject' {aka 'struct _typeobject'} [-Wmissing-field-initializers]
 1964 | };
      | ^
In file included from external/rules_python++python+python_3_13_4_x86_64-unknown-linux-gnu/include/python3.13/object.h:1222,
                 from external/rules_python++python+python_3_13_4_x86_64-unknown-linux-gnu/include/python3.13/Python.h:72,
                 from external/+_repo_rules2+bitarray_src/bitarray/_util.c:11:
external/rules_python++python+python_3_13_4_x86_64-unknown-linux-gnu/include/python3.13/cpython/object.h:204:18: note: 'tp_members' declared here
  204 |     PyMemberDef *tp_members;
      |                  ^~~~~~~~~~
external/+_repo_rules2+bitarray_src/bitarray/_util.c:1969:19: warning: cast between incompatible function types from 'PyObject * (*)(PyObject *, PyObject *, PyObject *)' {aka 'struct _object * (*)(struct _object *, struct _object *, struct _object *)'} to 'PyObject * (*)(PyObject *, PyObject *)' {aka 'struct _object * (*)(struct _object *, struct _object *)'} [-Wcast-function-type]
 1969 |     {"zeros",     (PyCFunction) zeros,     METH_KEYWORDS |
      |                   ^
external/+_repo_rules2+bitarray_src/bitarray/_util.c:1987:19: warning: cast between incompatible function types from 'PyObject * (*)(PyObject *, PyObject *, PyObject *)' {aka 'struct _object * (*)(struct _object *, struct _object *, struct _object *)'} to 'PyObject * (*)(PyObject *, PyObject *)' {aka 'struct _object * (*)(struct _object *, struct _object *)'} [-Wcast-function-type]
 1987 |     {"hex2ba",    (PyCFunction) hex2ba,    METH_KEYWORDS |
      |                   ^
external/+_repo_rules2+bitarray_src/bitarray/_util.c:1990:19: warning: cast between incompatible function types from 'PyObject * (*)(PyObject *, PyObject *, PyObject *)' {aka 'struct _object * (*)(struct _object *, struct _object *, struct _object *)'} to 'PyObject * (*)(PyObject *, PyObject *)' {aka 'struct _object * (*)(struct _object *, struct _object *)'} [-Wcast-function-type]
 1990 |     {"base2ba",   (PyCFunction) base2ba,   METH_KEYWORDS |
      |                   ^
external/+_repo_rules2+bitarray_src/bitarray/_util.c:1995:19: warning: cast between incompatible function types from 'PyObject * (*)(PyObject *, PyObject *, PyObject *)' {aka 'struct _object * (*)(struct _object *, struct _object *, struct _object *)'} to 'PyObject * (*)(PyObject *, PyObject *)' {aka 'struct _object * (*)(struct _object *, struct _object *)'} [-Wcast-function-type]
 1995 |     {"vl_decode", (PyCFunction) vl_decode, METH_KEYWORDS |
      |                   ^
external/+_repo_rules2+bitarray_src/bitarray/_util.c:2003:5: warning: missing initializer for field 'ml_flags' of 'PyMethodDef' [-Wmissing-field-initializers]
 2003 |     {NULL,        NULL}  /* sentinel */
      |     ^
In file included from external/rules_python++python+python_3_13_4_x86_64-unknown-linux-gnu/include/python3.13/Python.h:94:
external/rules_python++python+python_3_13_4_x86_64-unknown-linux-gnu/include/python3.13/methodobject.h:62:17: note: 'ml_flags' declared here
   62 |     int         ml_flags;   /* Combination of METH_xxx flags, which mostly
      |                 ^~~~~~~~
external/+_repo_rules2+bitarray_src/bitarray/_util.c:2011:1: warning: missing initializer for field 'm_slots' of 'PyModuleDef' [-Wmissing-field-initializers]
 2011 | };
      | ^
In file included from external/rules_python++python+python_3_13_4_x86_64-unknown-linux-gnu/include/python3.13/Python.h:95:
external/rules_python++python+python_3_13_4_x86_64-unknown-linux-gnu/include/python3.13/moduleobject.h:113:21: note: 'm_slots' declared here
  113 |   PyModuleDef_Slot *m_slots;
      |                     ^~~~~~~
INFO: From Compiling lib/version.c:
<command-line>: warning: "_FORTIFY_SOURCE" redefined
<command-line>: note: this is the location of the previous definition
INFO: From Compiling bitarray/_bitarray.c:
external/+_repo_rules2+bitarray_src/bitarray/_bitarray.c:1814:6: warning: missing initializer for field 'closure' of 'PyGetSetDef' [-Wmissing-field-initializers]
 1814 |      PyDoc_STR("buffer size in bytes")},
      |      ^~~~~~~~~
In file included from external/rules_python++python+python_3_13_4_x86_64-unknown-linux-gnu/include/python3.13/Python.h:110,
                 from external/+_repo_rules2+bitarray_src/bitarray/_bitarray.c:12:
external/rules_python++python+python_3_13_4_x86_64-unknown-linux-gnu/include/python3.13/descrobject.h:16:11: note: 'closure' declared here
   16 |     void *closure;
      |           ^~~~~~~
external/+_repo_rules2+bitarray_src/bitarray/_bitarray.c:1816:6: warning: missing initializer for field 'closure' of 'PyGetSetDef' [-Wmissing-field-initializers]
 1816 |      PyDoc_STR("number of pad bits")},
      |      ^~~~~~~~~
external/rules_python++python+python_3_13_4_x86_64-unknown-linux-gnu/include/python3.13/descrobject.h:16:11: note: 'closure' declared here
   16 |     void *closure;
      |           ^~~~~~~
external/+_repo_rules2+bitarray_src/bitarray/_bitarray.c:1818:6: warning: missing initializer for field 'closure' of 'PyGetSetDef' [-Wmissing-field-initializers]
 1818 |      PyDoc_STR("bool indicating whether buffer is read only")},
      |      ^~~~~~~~~
external/rules_python++python+python_3_13_4_x86_64-unknown-linux-gnu/include/python3.13/descrobject.h:16:11: note: 'closure' declared here
   16 |     void *closure;
      |           ^~~~~~~
external/+_repo_rules2+bitarray_src/bitarray/_bitarray.c:1819:5: warning: missing initializer for field 'closure' of 'PyGetSetDef' [-Wmissing-field-initializers]
 1819 |     {NULL, NULL, NULL, NULL}
      |     ^
external/rules_python++python+python_3_13_4_x86_64-unknown-linux-gnu/include/python3.13/descrobject.h:16:11: note: 'closure' declared here
   16 |     void *closure;
      |           ^~~~~~~
external/+_repo_rules2+bitarray_src/bitarray/_bitarray.c:2639:1: warning: missing initializer for field 'nb_matrix_multiply' of 'PyNumberMethods' [-Wmissing-field-initializers]
 2639 | };
      | ^
In file included from external/rules_python++python+python_3_13_4_x86_64-unknown-linux-gnu/include/python3.13/object.h:1222,
                 from external/rules_python++python+python_3_13_4_x86_64-unknown-linux-gnu/include/python3.13/Python.h:72:
external/rules_python++python+python_3_13_4_x86_64-unknown-linux-gnu/include/python3.13/cpython/object.h:103:16: note: 'nb_matrix_multiply' declared here
  103 |     binaryfunc nb_matrix_multiply;
      |                ^~~~~~~~~~~~~~~~~~
external/+_repo_rules2+bitarray_src/bitarray/_bitarray.c: In function 'decodetree_new':
external/+_repo_rules2+bitarray_src/bitarray/_bitarray.c:2943:62: warning: unused parameter 'kwds' [-Wunused-parameter]
 2943 | decodetree_new(PyTypeObject *type, PyObject *args, PyObject *kwds)
      |                                                    ~~~~~~~~~~^~~~
external/+_repo_rules2+bitarray_src/bitarray/_bitarray.c: At top level:
external/+_repo_rules2+bitarray_src/bitarray/_bitarray.c:3047:20: warning: cast between incompatible function types from 'PyObject * (*)(decodetreeobject *)' {aka 'struct _object * (*)(decodetreeobject *)'} to 'PyObject * (*)(PyObject *, PyObject *)' {aka 'struct _object * (*)(struct _object *, struct _object *)'} [-Wcast-function-type]
 3047 |     {"complete",   (PyCFunction) decodetree_complete, METH_NOARGS,
      |                    ^
external/+_repo_rules2+bitarray_src/bitarray/_bitarray.c:3049:20: warning: cast between incompatible function types from 'PyObject * (*)(decodetreeobject *)' {aka 'struct _object * (*)(decodetreeobject *)'} to 'PyObject * (*)(PyObject *, PyObject *)' {aka 'struct _object * (*)(struct _object *, struct _object *)'} [-Wcast-function-type]
 3049 |     {"nodes",      (PyCFunction) decodetree_nodes,    METH_NOARGS,
      |                    ^
external/+_repo_rules2+bitarray_src/bitarray/_bitarray.c:3051:20: warning: cast between incompatible function types from 'PyObject * (*)(decodetreeobject *)' {aka 'struct _object * (*)(decodetreeobject *)'} to 'PyObject * (*)(PyObject *, PyObject *)' {aka 'struct _object * (*)(struct _object *, struct _object *)'} [-Wcast-function-type]
 3051 |     {"todict",     (PyCFunction) decodetree_todict,   METH_NOARGS,
      |                    ^
external/+_repo_rules2+bitarray_src/bitarray/_bitarray.c:3053:20: warning: cast between incompatible function types from 'PyObject * (*)(decodetreeobject *)' {aka 'struct _object * (*)(decodetreeobject *)'} to 'PyObject * (*)(PyObject *, PyObject *)' {aka 'struct _object * (*)(struct _object *, struct _object *)'} [-Wcast-function-type]
 3053 |     {"__sizeof__", (PyCFunction) decodetree_sizeof,   METH_NOARGS, 0},
      |                    ^
external/+_repo_rules2+bitarray_src/bitarray/_bitarray.c:3054:5: warning: missing initializer for field 'ml_flags' of 'PyMethodDef' [-Wmissing-field-initializers]
 3054 |     {NULL,          NULL}  /* sentinel */
      |     ^
In file included from external/rules_python++python+python_3_13_4_x86_64-unknown-linux-gnu/include/python3.13/Python.h:94:
external/rules_python++python+python_3_13_4_x86_64-unknown-linux-gnu/include/python3.13/methodobject.h:62:17: note: 'ml_flags' declared here
   62 |     int         ml_flags;   /* Combination of METH_xxx flags, which mostly
      |                 ^~~~~~~~
external/+_repo_rules2+bitarray_src/bitarray/_bitarray.c:3109:1: warning: missing initializer for field 'tp_is_gc' of 'PyTypeObject' {aka 'struct _typeobject'} [-Wmissing-field-initializers]
 3109 | };
      | ^
external/rules_python++python+python_3_13_4_x86_64-unknown-linux-gnu/include/python3.13/cpython/object.h:216:13: note: 'tp_is_gc' declared here
  216 |     inquiry tp_is_gc; /* For PyObject_IS_GC */
      |             ^~~~~~~~
external/+_repo_rules2+bitarray_src/bitarray/_bitarray.c:3287:1: warning: missing initializer for field 'tp_members' of 'PyTypeObject' {aka 'struct _typeobject'} [-Wmissing-field-initializers]
 3287 | };
      | ^
external/rules_python++python+python_3_13_4_x86_64-unknown-linux-gnu/include/python3.13/cpython/object.h:204:18: note: 'tp_members' declared here
  204 |     PyMemberDef *tp_members;
      |                  ^~~~~~~~~~
external/+_repo_rules2+bitarray_src/bitarray/_bitarray.c:3392:1: warning: missing initializer for field 'tp_members' of 'PyTypeObject' {aka 'struct _typeobject'} [-Wmissing-field-initializers]
 3392 | };
      | ^
external/rules_python++python+python_3_13_4_x86_64-unknown-linux-gnu/include/python3.13/cpython/object.h:204:18: note: 'tp_members' declared here
  204 |     PyMemberDef *tp_members;
      |                  ^~~~~~~~~~
external/+_repo_rules2+bitarray_src/bitarray/_bitarray.c:3397:22: warning: cast between incompatible function types from 'PyObject * (*)(bitarrayobject *)' {aka 'struct _object * (*)(bitarrayobject *)'} to 'PyObject * (*)(PyObject *, PyObject *)' {aka 'struct _object * (*)(struct _object *, struct _object *)'} [-Wcast-function-type]
 3397 |     {"all",          (PyCFunction) bitarray_all,         METH_NOARGS,
      |                      ^
external/+_repo_rules2+bitarray_src/bitarray/_bitarray.c:3399:22: warning: cast between incompatible function types from 'PyObject * (*)(bitarrayobject *)' {aka 'struct _object * (*)(bitarrayobject *)'} to 'PyObject * (*)(PyObject *, PyObject *)' {aka 'struct _object * (*)(struct _object *, struct _object *)'} [-Wcast-function-type]
 3399 |     {"any",          (PyCFunction) bitarray_any,         METH_NOARGS,
      |                      ^
external/+_repo_rules2+bitarray_src/bitarray/_bitarray.c:3403:22: warning: cast between incompatible function types from 'PyObject * (*)(bitarrayobject *)' {aka 'struct _object * (*)(bitarrayobject *)'} to 'PyObject * (*)(PyObject *, PyObject *)' {aka 'struct _object * (*)(struct _object *, struct _object *)'} [-Wcast-function-type]
 3403 |     {"buffer_info",  (PyCFunction) bitarray_buffer_info, METH_NOARGS,
      |                      ^
external/+_repo_rules2+bitarray_src/bitarray/_bitarray.c:3407:22: warning: cast between incompatible function types from 'PyObject * (*)(bitarrayobject *)' {aka 'struct _object * (*)(bitarrayobject *)'} to 'PyObject * (*)(PyObject *, PyObject *)' {aka 'struct _object * (*)(struct _object *, struct _object *)'} [-Wcast-function-type]
 3407 |     {"clear",        (PyCFunction) bitarray_clear,       METH_NOARGS,
      |                      ^
external/+_repo_rules2+bitarray_src/bitarray/_bitarray.c:3409:22: warning: cast between incompatible function types from 'PyObject * (*)(bitarrayobject *)' {aka 'struct _object * (*)(bitarrayobject *)'} to 'PyObject * (*)(PyObject *, PyObject *)' {aka 'struct _object * (*)(struct _object *, struct _object *)'} [-Wcast-function-type]
 3409 |     {"copy",         (PyCFunction) bitarray_copy,        METH_NOARGS,
      |                      ^
external/+_repo_rules2+bitarray_src/bitarray/_bitarray.c:3419:22: warning: cast between incompatible function types from 'PyObject * (*)(bitarrayobject *)' {aka 'struct _object * (*)(bitarrayobject *)'} to 'PyObject * (*)(PyObject *, PyObject *)' {aka 'struct _object * (*)(struct _object *, struct _object *)'} [-Wcast-function-type]
 3419 |     {"endian",       (PyCFunction) bitarray_endian,      METH_NOARGS,
      |                      ^
external/+_repo_rules2+bitarray_src/bitarray/_bitarray.c:3423:22: warning: cast between incompatible function types from 'PyObject * (*)(bitarrayobject *)' {aka 'struct _object * (*)(bitarrayobject *)'} to 'PyObject * (*)(PyObject *, PyObject *)' {aka 'struct _object * (*)(struct _object *, struct _object *)'} [-Wcast-function-type]
 3423 |     {"fill",         (PyCFunction) bitarray_fill,        METH_NOARGS,
      |                      ^
external/+_repo_rules2+bitarray_src/bitarray/_bitarray.c:3443:22: warning: cast between incompatible function types from 'PyObject * (*)(bitarrayobject *)' {aka 'struct _object * (*)(bitarrayobject *)'} to 'PyObject * (*)(PyObject *, PyObject *)' {aka 'struct _object * (*)(struct _object *, struct _object *)'} [-Wcast-function-type]
 3443 |     {"reverse",      (PyCFunction) bitarray_reverse,     METH_NOARGS,
      |                      ^
external/+_repo_rules2+bitarray_src/bitarray/_bitarray.c:3451:22: warning: cast between incompatible function types from 'PyObject * (*)(bitarrayobject *, PyObject *, PyObject *)' {aka 'struct _object * (*)(bitarrayobject *, struct _object *, struct _object *)'} to 'PyObject * (*)(PyObject *, PyObject *)' {aka 'struct _object * (*)(struct _object *, struct _object *)'} [-Wcast-function-type]
 3451 |     {"sort",         (PyCFunction) bitarray_sort,        METH_VARARGS |
      |                      ^
external/+_repo_rules2+bitarray_src/bitarray/_bitarray.c:3454:22: warning: cast between incompatible function types from 'PyObject * (*)(bitarrayobject *)' {aka 'struct _object * (*)(bitarrayobject *)'} to 'PyObject * (*)(PyObject *, PyObject *)' {aka 'struct _object * (*)(struct _object *, struct _object *)'} [-Wcast-function-type]
 3454 |     {"to01",         (PyCFunction) bitarray_to01,        METH_NOARGS,
      |                      ^
external/+_repo_rules2+bitarray_src/bitarray/_bitarray.c:3456:22: warning: cast between incompatible function types from 'PyObject * (*)(bitarrayobject *)' {aka 'struct _object * (*)(bitarrayobject *)'} to 'PyObject * (*)(PyObject *, PyObject *)' {aka 'struct _object * (*)(struct _object *, struct _object *)'} [-Wcast-function-type]
 3456 |     {"tobytes",      (PyCFunction) bitarray_tobytes,     METH_NOARGS,
      |                      ^
external/+_repo_rules2+bitarray_src/bitarray/_bitarray.c:3460:22: warning: cast between incompatible function types from 'PyObject * (*)(bitarrayobject *)' {aka 'struct _object * (*)(bitarrayobject *)'} to 'PyObject * (*)(PyObject *, PyObject *)' {aka 'struct _object * (*)(struct _object *, struct _object *)'} [-Wcast-function-type]
 3460 |     {"tolist",       (PyCFunction) bitarray_tolist,      METH_NOARGS,
      |                      ^
external/+_repo_rules2+bitarray_src/bitarray/_bitarray.c:3462:22: warning: cast between incompatible function types from 'PyObject * (*)(bitarrayobject *, PyObject *, PyObject *)' {aka 'struct _object * (*)(bitarrayobject *, struct _object *, struct _object *)'} to 'PyObject * (*)(PyObject *, PyObject *)' {aka 'struct _object * (*)(struct _object *, struct _object *)'} [-Wcast-function-type]
 3462 |     {"unpack",       (PyCFunction) bitarray_unpack,      METH_VARARGS |
      |                      ^
external/+_repo_rules2+bitarray_src/bitarray/_bitarray.c:3466:22: warning: cast between incompatible function types from 'PyObject * (*)(bitarrayobject *)' {aka 'struct _object * (*)(bitarrayobject *)'} to 'PyObject * (*)(PyObject *, PyObject *)' {aka 'struct _object * (*)(struct _object *, struct _object *)'} [-Wcast-function-type]
 3466 |     {"__copy__",     (PyCFunction) bitarray_copy,        METH_NOARGS,
      |                      ^
external/+_repo_rules2+bitarray_src/bitarray/_bitarray.c:3468:22: warning: cast between incompatible function types from 'PyObject * (*)(bitarrayobject *)' {aka 'struct _object * (*)(bitarrayobject *)'} to 'PyObject * (*)(PyObject *, PyObject *)' {aka 'struct _object * (*)(struct _object *, struct _object *)'} [-Wcast-function-type]
 3468 |     {"__deepcopy__", (PyCFunction) bitarray_copy,        METH_O,
      |                      ^
external/+_repo_rules2+bitarray_src/bitarray/_bitarray.c:3470:22: warning: cast between incompatible function types from 'PyObject * (*)(bitarrayobject *)' {aka 'struct _object * (*)(bitarrayobject *)'} to 'PyObject * (*)(PyObject *, PyObject *)' {aka 'struct _object * (*)(struct _object *, struct _object *)'} [-Wcast-function-type]
 3470 |     {"__reduce__",   (PyCFunction) bitarray_reduce,      METH_NOARGS,
      |                      ^
external/+_repo_rules2+bitarray_src/bitarray/_bitarray.c:3472:22: warning: cast between incompatible function types from 'PyObject * (*)(bitarrayobject *)' {aka 'struct _object * (*)(bitarrayobject *)'} to 'PyObject * (*)(PyObject *, PyObject *)' {aka 'struct _object * (*)(struct _object *, struct _object *)'} [-Wcast-function-type]
 3472 |     {"__sizeof__",   (PyCFunction) bitarray_sizeof,      METH_NOARGS,
      |                      ^
external/+_repo_rules2+bitarray_src/bitarray/_bitarray.c:3474:22: warning: cast between incompatible function types from 'PyObject * (*)(bitarrayobject *)' {aka 'struct _object * (*)(bitarrayobject *)'} to 'PyObject * (*)(PyObject *, PyObject *)' {aka 'struct _object * (*)(struct _object *, struct _object *)'} [-Wcast-function-type]
 3474 |     {"_freeze",      (PyCFunction) bitarray_freeze,      METH_NOARGS,  0},
      |                      ^
external/+_repo_rules2+bitarray_src/bitarray/_bitarray.c:3483:5: warning: missing initializer for field 'ml_flags' of 'PyMethodDef' [-Wmissing-field-initializers]
 3483 |     {NULL,           NULL}  /* sentinel */
      |     ^
external/rules_python++python+python_3_13_4_x86_64-unknown-linux-gnu/include/python3.13/methodobject.h:62:17: note: 'ml_flags' declared here
   62 |     int         ml_flags;   /* Combination of METH_xxx flags, which mostly
      |                 ^~~~~~~~
external/+_repo_rules2+bitarray_src/bitarray/_bitarray.c:3837:1: warning: missing initializer for field 'tp_members' of 'PyTypeObject' {aka 'struct _typeobject'} [-Wmissing-field-initializers]
 3837 | };
      | ^
external/rules_python++python+python_3_13_4_x86_64-unknown-linux-gnu/include/python3.13/cpython/object.h:204:18: note: 'tp_members' declared here
  204 |     PyMemberDef *tp_members;
      |                  ^~~~~~~~~~
external/+_repo_rules2+bitarray_src/bitarray/_bitarray.c: In function 'bitarray_releasebuffer':
external/+_repo_rules2+bitarray_src/bitarray/_bitarray.c:3867:57: warning: unused parameter 'view' [-Wunused-parameter]
 3867 | bitarray_releasebuffer(bitarrayobject *self, Py_buffer *view)
      |                                              ~~~~~~~~~~~^~~~
external/+_repo_rules2+bitarray_src/bitarray/_bitarray.c: At top level:
external/+_repo_rules2+bitarray_src/bitarray/_bitarray.c:4008:1: warning: missing initializer for field 'tp_is_gc' of 'PyTypeObject' {aka 'struct _typeobject'} [-Wmissing-field-initializers]
 4008 | };
      | ^
external/rules_python++python+python_3_13_4_x86_64-unknown-linux-gnu/include/python3.13/cpython/object.h:216:13: note: 'tp_is_gc' declared here
  216 |     inquiry tp_is_gc; /* For PyObject_IS_GC */
      |             ^~~~~~~~
external/+_repo_rules2+bitarray_src/bitarray/_bitarray.c: In function 'reconstructor':
external/+_repo_rules2+bitarray_src/bitarray/_bitarray.c:4013:25: warning: unused parameter 'module' [-Wunused-parameter]
 4013 | reconstructor(PyObject *module, PyObject *args)
      |               ~~~~~~~~~~^~~~~~
external/+_repo_rules2+bitarray_src/bitarray/_bitarray.c: In function 'get_default_endian':
external/+_repo_rules2+bitarray_src/bitarray/_bitarray.c:4060:30: warning: unused parameter 'module' [-Wunused-parameter]
 4060 | get_default_endian(PyObject *module)
      |                    ~~~~~~~~~~^~~~~~
external/+_repo_rules2+bitarray_src/bitarray/_bitarray.c: In function 'set_default_endian':
external/+_repo_rules2+bitarray_src/bitarray/_bitarray.c:4074:30: warning: unused parameter 'module' [-Wunused-parameter]
 4074 | set_default_endian(PyObject *module, PyObject *args)
      |                    ~~~~~~~~~~^~~~~~
external/+_repo_rules2+bitarray_src/bitarray/_bitarray.c: In function 'sysinfo':
external/+_repo_rules2+bitarray_src/bitarray/_bitarray.c:4099:19: warning: unused parameter 'module' [-Wunused-parameter]
 4099 | sysinfo(PyObject *module)
      |         ~~~~~~~~~~^~~~~~
external/+_repo_rules2+bitarray_src/bitarray/_bitarray.c: At top level:
external/+_repo_rules2+bitarray_src/bitarray/_bitarray.c:4140:29: warning: cast between incompatible function types from 'PyObject * (*)(PyObject *)' {aka 'struct _object * (*)(struct _object *)'} to 'PyObject * (*)(PyObject *, PyObject *)' {aka 'struct _object * (*)(struct _object *, struct _object *)'} [-Wcast-function-type]
 4140 |     {"get_default_endian",  (PyCFunction) get_default_endian, METH_NOARGS,
      |                             ^
external/+_repo_rules2+bitarray_src/bitarray/_bitarray.c:4144:29: warning: cast between incompatible function types from 'PyObject * (*)(PyObject *)' {aka 'struct _object * (*)(struct _object *)'} to 'PyObject * (*)(PyObject *, PyObject *)' {aka 'struct _object * (*)(struct _object *, struct _object *)'} [-Wcast-function-type]
 4144 |     {"_sysinfo",            (PyCFunction) sysinfo,            METH_NOARGS,
      |                             ^
external/+_repo_rules2+bitarray_src/bitarray/_bitarray.c:4146:5: warning: missing initializer for field 'ml_flags' of 'PyMethodDef' [-Wmissing-field-initializers]
 4146 |     {NULL, NULL}  /* sentinel */
      |     ^
external/rules_python++python+python_3_13_4_x86_64-unknown-linux-gnu/include/python3.13/methodobject.h:62:17: note: 'ml_flags' declared here
   62 |     int         ml_flags;   /* Combination of METH_xxx flags, which mostly
      |                 ^~~~~~~~
external/+_repo_rules2+bitarray_src/bitarray/_bitarray.c:4178:1: warning: missing initializer for field 'm_slots' of 'PyModuleDef' [-Wmissing-field-initializers]
 4178 | };
      | ^
In file included from external/rules_python++python+python_3_13_4_x86_64-unknown-linux-gnu/include/python3.13/Python.h:95:
external/rules_python++python+python_3_13_4_x86_64-unknown-linux-gnu/include/python3.13/moduleobject.h:113:21: note: 'm_slots' declared here
  113 |   PyModuleDef_Slot *m_slots;
      |                     ^~~~~~~
INFO: From Compiling libtrace/trace-seq.c:
external/rasdaemon++_repo_rules+rasdaemon_src/libtrace/trace-seq.c: In function 'trace_seq_puts':
external/rasdaemon++_repo_rules+rasdaemon_src/libtrace/trace-seq.c:166:20: warning: comparison of integer expressions of different signedness: 'int' and 'unsigned int' [-Wsign-compare]
  166 |         while (len > ((s->buffer_size - 1) - s->len))
      |                    ^
INFO: From Compiling lib/socket.c:
<command-line>: warning: "_FORTIFY_SOURCE" redefined
<command-line>: note: this is the location of the previous definition
INFO: From Compiling lib/object.c:
<command-line>: warning: "_FORTIFY_SOURCE" redefined
<command-line>: note: this is the location of the previous definition
INFO: From Compiling libtrace/parse-filter.c:
external/rasdaemon++_repo_rules+rasdaemon_src/libtrace/parse-filter.c: In function 'show_error':
external/rasdaemon++_repo_rules+rasdaemon_src/libtrace/parse-filter.c:64:42: warning: comparison of integer expressions of different signedness: 'int' and 'long long unsigned int' [-Wsign-compare]
   64 |                 for (i = 1; i < len && i < index; i++)
      |                                          ^
external/rasdaemon++_repo_rules+rasdaemon_src/libtrace/parse-filter.c: In function 'create_arg_exp':
external/rasdaemon++_repo_rules+rasdaemon_src/libtrace/parse-filter.c:406:22: warning: implicit conversion from 'enum filter_exp_type' to 'enum filter_op_type' [-Wenum-conversion]
  406 |         arg->op.type = etype;
      |                      ^
external/rasdaemon++_repo_rules+rasdaemon_src/libtrace/parse-filter.c: In function 'create_arg_cmp':
external/rasdaemon++_repo_rules+rasdaemon_src/libtrace/parse-filter.c:419:22: warning: implicit conversion from 'enum filter_exp_type' to 'enum filter_op_type' [-Wenum-conversion]
  419 |         arg->op.type = etype;
      |                      ^
external/rasdaemon++_repo_rules+rasdaemon_src/libtrace/parse-filter.c: In function 'process_filter':
external/rasdaemon++_repo_rules+rasdaemon_src/libtrace/parse-filter.c:1056:62: warning: implicit conversion from 'enum filter_cmp_type' to 'enum filter_exp_type' [-Wenum-conversion]
 1056 |                                         arg = create_arg_cmp(ctype);
      |                                                              ^~~~~
external/rasdaemon++_repo_rules+rasdaemon_src/libtrace/parse-filter.c: In function 'val_to_str':
external/rasdaemon++_repo_rules+rasdaemon_src/libtrace/parse-filter.c:2022:46: warning: unused parameter 'filter' [-Wunused-parameter]
 2022 | static char *val_to_str(struct event_filter *filter, struct filter_arg *arg)
      |                         ~~~~~~~~~~~~~~~~~~~~~^~~~~~
external/rasdaemon++_repo_rules+rasdaemon_src/libtrace/parse-filter.c: In function 'field_to_str':
external/rasdaemon++_repo_rules+rasdaemon_src/libtrace/parse-filter.c:2033:48: warning: unused parameter 'filter' [-Wunused-parameter]
 2033 | static char *field_to_str(struct event_filter *filter, struct filter_arg *arg)
      |                           ~~~~~~~~~~~~~~~~~~~~~^~~~~~
external/rasdaemon++_repo_rules+rasdaemon_src/libtrace/parse-filter.c: In function 'str_to_str':
external/rasdaemon++_repo_rules+rasdaemon_src/libtrace/parse-filter.c:2150:46: warning: unused parameter 'filter' [-Wunused-parameter]
 2150 | static char *str_to_str(struct event_filter *filter, struct filter_arg *arg)
      |                         ~~~~~~~~~~~~~~~~~~~~~^~~~~~
external/rasdaemon++_repo_rules+rasdaemon_src/libtrace/parse-filter.c: In function 'pevent_filter_clear_trivial':
external/rasdaemon++_repo_rules+rasdaemon_src/libtrace/parse-filter.c:1507:28: warning: this statement may fall through [-Wimplicit-fallthrough=]
 1507 |                         if (filter_type->filter->boolean.value)
      |                            ^
external/rasdaemon++_repo_rules+rasdaemon_src/libtrace/parse-filter.c:1509:17: note: here
 1509 |                 case FILTER_TRIVIAL_TRUE:
      |                 ^~~~
INFO: From Compiling rasdaemon.c:
external/rasdaemon++_repo_rules+rasdaemon_src/rasdaemon.c: In function 'parse_opt':
external/rasdaemon++_repo_rules+rasdaemon_src/rasdaemon.c:46:39: warning: unused parameter 'arg' [-Wunused-parameter]
   46 | static error_t parse_opt(int k, char *arg, struct argp_state *state)
      |                                 ~~~~~~^~~
external/rasdaemon++_repo_rules+rasdaemon_src/rasdaemon.c: In function 'main':
external/rasdaemon++_repo_rules+rasdaemon_src/rasdaemon.c:83:17: warning: missing initializer for field 'group' of 'const struct argp_option' [-Wmissing-field-initializers]
   83 |                 {"foreground", 'f', 0, 0, "run foreground, not daemonize"},
      |                 ^
In file included from external/rasdaemon++_repo_rules+rasdaemon_src/rasdaemon.c:19:
bazel-out/k8-opt/bin/external/rules_distroless++apt+trixie_libc6-dev-amd64_2.41-12-deb13u2/usr/include/argp.h:73:7: note: 'group' declared here
   73 |   int group;
      |       ^~~~~
INFO: From Compiling lib/utils.c:
<command-line>: warning: "_FORTIFY_SOURCE" redefined
<command-line>: note: this is the location of the previous definition
INFO: From Compiling lib/nl.c:
<command-line>: warning: "_FORTIFY_SOURCE" redefined
<command-line>: note: this is the location of the previous definition
INFO: From Compiling lib/mpls.c:
<command-line>: warning: "_FORTIFY_SOURCE" redefined
<command-line>: note: this is the location of the previous definition
INFO: From Compiling utils/teamdctl.c:
external/libteam++_repo_rules+libteam_src/utils/teamdctl.c: In function 'call_method_config_jsonsimpledump':
external/libteam++_repo_rules+libteam_src/utils/teamdctl.c:567:50: warning: unused parameter 'argc' [-Wunused-parameter]
  567 |                                              int argc, char **argv)
      |                                              ~~~~^~~~
external/libteam++_repo_rules+libteam_src/utils/teamdctl.c:567:63: warning: unused parameter 'argv' [-Wunused-parameter]
  567 |                                              int argc, char **argv)
      |                                                        ~~~~~~~^~~~
external/libteam++_repo_rules+libteam_src/utils/teamdctl.c: In function 'call_method_config_jsonnoportsdump':
external/libteam++_repo_rules+libteam_src/utils/teamdctl.c:573:51: warning: unused parameter 'argc' [-Wunused-parameter]
  573 |                                               int argc, char **argv)
      |                                               ~~~~^~~~
external/libteam++_repo_rules+libteam_src/utils/teamdctl.c:573:64: warning: unused parameter 'argv' [-Wunused-parameter]
  573 |                                               int argc, char **argv)
      |                                                         ~~~~~~~^~~~
external/libteam++_repo_rules+libteam_src/utils/teamdctl.c: In function 'call_method_config_actual_jsonsimpledump':
external/libteam++_repo_rules+libteam_src/utils/teamdctl.c:579:57: warning: unused parameter 'argc' [-Wunused-parameter]
  579 |                                                     int argc, char **argv)
      |                                                     ~~~~^~~~
external/libteam++_repo_rules+libteam_src/utils/teamdctl.c:579:70: warning: unused parameter 'argv' [-Wunused-parameter]
  579 |                                                     int argc, char **argv)
      |                                                               ~~~~~~~^~~~
external/libteam++_repo_rules+libteam_src/utils/teamdctl.c: In function 'call_method_state_jsonsimpledump':
external/libteam++_repo_rules+libteam_src/utils/teamdctl.c:585:49: warning: unused parameter 'argc' [-Wunused-parameter]
  585 |                                             int argc, char **argv)
      |                                             ~~~~^~~~
external/libteam++_repo_rules+libteam_src/utils/teamdctl.c:585:62: warning: unused parameter 'argv' [-Wunused-parameter]
  585 |                                             int argc, char **argv)
      |                                                       ~~~~~~~^~~~
external/libteam++_repo_rules+libteam_src/utils/teamdctl.c: In function 'call_method_state_stateview':
external/libteam++_repo_rules+libteam_src/utils/teamdctl.c:591:44: warning: unused parameter 'argc' [-Wunused-parameter]
  591 |                                        int argc, char **argv)
      |                                        ~~~~^~~~
external/libteam++_repo_rules+libteam_src/utils/teamdctl.c:591:57: warning: unused parameter 'argv' [-Wunused-parameter]
  591 |                                        int argc, char **argv)
      |                                                  ~~~~~~~^~~~
external/libteam++_repo_rules+libteam_src/utils/teamdctl.c: In function 'call_method_port_add':
external/libteam++_repo_rules+libteam_src/utils/teamdctl.c:597:37: warning: unused parameter 'argc' [-Wunused-parameter]
  597 |                                 int argc, char **argv)
      |                                 ~~~~^~~~
external/libteam++_repo_rules+libteam_src/utils/teamdctl.c: In function 'call_method_port_remove':
external/libteam++_repo_rules+libteam_src/utils/teamdctl.c:603:40: warning: unused parameter 'argc' [-Wunused-parameter]
  603 |                                    int argc, char **argv)
      |                                    ~~~~^~~~
external/libteam++_repo_rules+libteam_src/utils/teamdctl.c: In function 'call_method_port_present':
external/libteam++_repo_rules+libteam_src/utils/teamdctl.c:609:39: warning: unused parameter 'argc' [-Wunused-parameter]
  609 |                                   int argc, char **argv)
      |                                   ~~~~^~~~
external/libteam++_repo_rules+libteam_src/utils/teamdctl.c: In function 'call_method_port_config_update':
external/libteam++_repo_rules+libteam_src/utils/teamdctl.c:615:47: warning: unused parameter 'argc' [-Wunused-parameter]
  615 |                                           int argc, char **argv)
      |                                           ~~~~^~~~
external/libteam++_repo_rules+libteam_src/utils/teamdctl.c: In function 'call_method_port_config_dump':
external/libteam++_repo_rules+libteam_src/utils/teamdctl.c:621:45: warning: unused parameter 'argc' [-Wunused-parameter]
  621 |                                         int argc, char **argv)
      |                                         ~~~~^~~~
external/libteam++_repo_rules+libteam_src/utils/teamdctl.c: In function 'call_method_state_item_get':
external/libteam++_repo_rules+libteam_src/utils/teamdctl.c:633:43: warning: unused parameter 'argc' [-Wunused-parameter]
  633 |                                       int argc, char **argv)
      |                                       ~~~~^~~~
external/libteam++_repo_rules+libteam_src/utils/teamdctl.c: In function 'call_method_state_item_set':
external/libteam++_repo_rules+libteam_src/utils/teamdctl.c:647:43: warning: unused parameter 'argc' [-Wunused-parameter]
  647 |                                       int argc, char **argv)
      |                                       ~~~~^~~~
external/libteam++_repo_rules+libteam_src/utils/teamdctl.c: In function '__get_cmd_by_parent':
external/libteam++_repo_rules+libteam_src/utils/teamdctl.c:815:23: warning: comparison of integer expressions of different signedness: 'int' and 'long unsigned int' [-Wsign-compare]
  815 |         for (i = 0; i < COMMAND_TYPE_COUNT; i++) {
      |                       ^
external/libteam++_repo_rules+libteam_src/utils/teamdctl.c: In function '__get_cmd_by_id':
external/libteam++_repo_rules+libteam_src/utils/teamdctl.c:828:23: warning: comparison of integer expressions of different signedness: 'int' and 'long unsigned int' [-Wsign-compare]
  828 |         for (i = 0; i < COMMAND_TYPE_COUNT; i++) {
      |                       ^
external/libteam++_repo_rules+libteam_src/utils/teamdctl.c: In function 'check_command_params':
external/libteam++_repo_rules+libteam_src/utils/teamdctl.c:865:50: warning: unused parameter 'argv' [-Wunused-parameter]
  865 |                                 int argc, char **argv)
      |                                           ~~~~~~~^~~~
external/libteam++_repo_rules+libteam_src/utils/teamdctl.c: In function 'print_help':
external/libteam++_repo_rules+libteam_src/utils/teamdctl.c:955:23: warning: comparison of integer expressions of different signedness: 'int' and 'long unsigned int' [-Wsign-compare]
  955 |         for (i = 0; i < COMMAND_TYPE_COUNT; i++) {
      |                       ^
INFO: From Compiling libtrace/kbuffer-parse.c:
external/rasdaemon++_repo_rules+rasdaemon_src/libtrace/kbuffer-parse.c: In function 'kbuffer_read_at_offset':
external/rasdaemon++_repo_rules+rasdaemon_src/libtrace/kbuffer-parse.c:621:20: warning: comparison of integer expressions of different signedness: 'int' and 'unsigned int' [-Wsign-compare]
  621 |         if (offset < kbuf->start)
      |                    ^
external/rasdaemon++_repo_rules+rasdaemon_src/libtrace/kbuffer-parse.c:629:27: warning: comparison of integer expressions of different signedness: 'unsigned int' and 'int' [-Wsign-compare]
  629 |         while (kbuf->curr < offset) {
      |                           ^
INFO: From Compiling lib/hashtable.c:
<command-line>: warning: "_FORTIFY_SOURCE" redefined
<command-line>: note: this is the location of the previous definition
INFO: From Compiling lib/error.c:
<command-line>: warning: "_FORTIFY_SOURCE" redefined
<command-line>: note: this is the location of the previous definition
INFO: From Compiling lib/data.c:
<command-line>: warning: "_FORTIFY_SOURCE" redefined
<command-line>: note: this is the location of the previous definition
INFO: From Compiling src/lib/valuepair.c:
external/libpam-radius-auth++_repo_rules+freeradius_src/src/lib/valuepair.c: In function 'pairparsevalue':
external/libpam-radius-auth++_repo_rules+freeradius_src/src/lib/valuepair.c:674:31: warning: pointer targets in passing argument 1 of 'strlen' differ in signedness [-Wpointer-sign]
  674 |         vp->length = strlen(vp->strvalue);
      |                             ~~^~~~~~~~~~
      |                               |
      |                               uint8_t * {aka unsigned char *}
In file included from external/libpam-radius-auth++_repo_rules+freeradius_src/src/lib/valuepair.c:31:
bazel-out/k8-opt/bin/external/rules_distroless++apt+sysroot-trixie/directory/usr/include/string.h:407:35: note: expected 'const char *' but argument is of type 'uint8_t *' {aka 'unsigned char *'}
  407 | extern size_t strlen (const char *__s)
      |                       ~~~~~~~~~~~~^~~
external/libpam-radius-auth++_repo_rules+freeradius_src/src/lib/valuepair.c:745:35: warning: pointer targets in passing argument 1 of 'strNcpy' differ in signedness [-Wpointer-sign]
  745 |                         strNcpy(vp->strvalue, value, sizeof(vp->strvalue));
      |                                 ~~^~~~~~~~~~
      |                                   |
      |                                   uint8_t * {aka unsigned char *}
In file included from external/libpam-radius-auth++_repo_rules+freeradius_src/src/lib/valuepair.c:34:
external/libpam-radius-auth++_repo_rules+freeradius_src/src/include/libradius.h:309:32: note: expected 'char *' but argument is of type 'uint8_t *' {aka 'unsigned char *'}
  309 | char            *strNcpy(char *dest, const char *src, int n);
      |                          ~~~~~~^~~~
external/libpam-radius-auth++_repo_rules+freeradius_src/src/lib/valuepair.c: In function 'pairmake_any':
external/libpam-radius-auth++_repo_rules+freeradius_src/src/lib/valuepair.c:893:37: warning: comparison of integer expressions of different signedness: 'long int' and 'long unsigned int' [-Wsign-compare]
  893 |                 if ((p - attribute) >= sizeof(buffer)) goto error;
      |                                     ^~
external/libpam-radius-auth++_repo_rules+freeradius_src/src/lib/valuepair.c: In function 'pairread':
external/libpam-radius-auth++_repo_rules+freeradius_src/src/lib/valuepair.c:1240:35: warning: pointer targets in passing argument 1 of 'strNcpy' differ in signedness [-Wpointer-sign]
 1240 |                         strNcpy(vp->strvalue, value, sizeof(vp->strvalue));
      |                                 ~~^~~~~~~~~~
      |                                   |
      |                                   uint8_t * {aka unsigned char *}
external/libpam-radius-auth++_repo_rules+freeradius_src/src/include/libradius.h:309:32: note: expected 'char *' but argument is of type 'uint8_t *' {aka 'unsigned char *'}
  309 | char            *strNcpy(char *dest, const char *src, int n);
      |                          ~~~~~~^~~~
external/libpam-radius-auth++_repo_rules+freeradius_src/src/lib/valuepair.c:1260:27: warning: pointer targets in passing argument 1 of 'strNcpy' differ in signedness [-Wpointer-sign]
 1260 |                 strNcpy(vp->strvalue, value, sizeof(vp->strvalue));
      |                         ~~^~~~~~~~~~
      |                           |
      |                           uint8_t * {aka unsigned char *}
external/libpam-radius-auth++_repo_rules+freeradius_src/src/include/libradius.h:309:32: note: expected 'char *' but argument is of type 'uint8_t *' {aka 'unsigned char *'}
  309 | char            *strNcpy(char *dest, const char *src, int n);
      |                          ~~~~~~^~~~
external/libpam-radius-auth++_repo_rules+freeradius_src/src/lib/valuepair.c: In function 'readvp2':
external/libpam-radius-auth++_repo_rules+freeradius_src/src/lib/valuepair.c:1354:33: warning: format not a string literal and no format arguments [-Wformat-security]
 1354 |                                 librad_perror(errprefix);
      |                                 ^~~~~~~~~~~~~
external/libpam-radius-auth++_repo_rules+freeradius_src/src/lib/valuepair.c: At top level:
external/libpam-radius-auth++_repo_rules+freeradius_src/src/lib/valuepair.c:23:19: warning: 'rcsid' defined but not used [-Wunused-const-variable=]
   23 | static const char rcsid[] = "$Id$";
      |                   ^~~~~
INFO: From Compiling mce-amd-k8.c:
external/rasdaemon++_repo_rules+rasdaemon_src/mce-amd-k8.c: In function 'parse_amd_k8_event':
external/rasdaemon++_repo_rules+rasdaemon_src/mce-amd-k8.c:252:43: warning: unused parameter 'ras' [-Wunused-parameter]
  252 | int parse_amd_k8_event(struct ras_events *ras, struct mce_event *e)
      |                        ~~~~~~~~~~~~~~~~~~~^~~
INFO: From Compiling lib/attr.c:
<command-line>: warning: "_FORTIFY_SOURCE" redefined
<command-line>: note: this is the location of the previous definition
INFO: From Compiling src/lib/token.c:
external/libpam-radius-auth++_repo_rules+freeradius_src/src/lib/token.c:30:19: warning: 'rcsid' defined but not used [-Wunused-const-variable=]
   30 | static const char rcsid[] = "$Id$";
      |                   ^~~~~
INFO: From Compiling src/modules/rlm_eap/libeap/mppe_keys.c:
external/libpam-radius-auth++_repo_rules+freeradius_src/src/modules/rlm_eap/libeap/mppe_keys.c: In function 'eaptls_gen_mppe_keys':
external/libpam-radius-auth++_repo_rules+freeradius_src/src/modules/rlm_eap/libeap/mppe_keys.c:159:50: warning: pointer targets in passing argument 3 of 'add_reply' differ in signedness [-Wpointer-sign]
  159 |         add_reply(reply_vps, "MS-MPPE-Recv-Key", p, EAPTLS_MPPE_KEY_LEN);
      |                                                  ^
      |                                                  |
      |                                                  unsigned char *
external/libpam-radius-auth++_repo_rules+freeradius_src/src/modules/rlm_eap/libeap/mppe_keys.c:31:53: note: expected 'const char *' but argument is of type 'unsigned char *'
   31 |                       const char* name, const char* value, int len)
      |                                         ~~~~~~~~~~~~^~~~~
external/libpam-radius-auth++_repo_rules+freeradius_src/src/modules/rlm_eap/libeap/mppe_keys.c:161:50: warning: pointer targets in passing argument 3 of 'add_reply' differ in signedness [-Wpointer-sign]
  161 |         add_reply(reply_vps, "MS-MPPE-Send-Key", p, EAPTLS_MPPE_KEY_LEN);
      |                                                  ^
      |                                                  |
      |                                                  unsigned char *
external/libpam-radius-auth++_repo_rules+freeradius_src/src/modules/rlm_eap/libeap/mppe_keys.c:31:53: note: expected 'const char *' but argument is of type 'unsigned char *'
   31 |                       const char* name, const char* value, int len)
      |                                         ~~~~~~~~~~~~^~~~~
external/libpam-radius-auth++_repo_rules+freeradius_src/src/modules/rlm_eap/libeap/mppe_keys.c: In function 'P_hash':
external/libpam-radius-auth++_repo_rules+freeradius_src/src/modules/rlm_eap/libeap/mppe_keys.c:103:12: warning: 'ctx_out' may be used uninitialized [-Wmaybe-uninitialized]
  103 |         if (ctx_out) HMAC_CTX_free(ctx_out);
      |            ^
external/libpam-radius-auth++_repo_rules+freeradius_src/src/modules/rlm_eap/libeap/mppe_keys.c:55:29: note: 'ctx_out' was declared here
   55 |         HMAC_CTX * ctx_a, * ctx_out;
      |                             ^~~~~~~
INFO: From Compiling mce-amd-smca.c:
external/rasdaemon++_repo_rules+rasdaemon_src/mce-amd-smca.c: In function 'parse_amd_smca_event':
external/rasdaemon++_repo_rules+rasdaemon_src/mce-amd-smca.c:624:45: warning: unused parameter 'ras' [-Wunused-parameter]
  624 | int parse_amd_smca_event(struct ras_events *ras, struct mce_event *e)
      |                          ~~~~~~~~~~~~~~~~~~~^~~
INFO: From Compiling lib/msg.c:
<command-line>: warning: "_FORTIFY_SOURCE" redefined
<command-line>: note: this is the location of the previous definition
INFO: From Compiling libtrace/event-parse.c:
external/rasdaemon++_repo_rules+rasdaemon_src/libtrace/event-parse.c: In function 'print_event_fields':
external/rasdaemon++_repo_rules+rasdaemon_src/libtrace/event-parse.c:3928:69: warning: unused parameter 'size' [-Wunused-parameter]
 3928 | static void print_event_fields(struct trace_seq *s, void *data, int size,
      |                                                                 ~~~~^~~~
external/rasdaemon++_repo_rules+rasdaemon_src/libtrace/event-parse.c: In function 'pevent_strerror':
external/rasdaemon++_repo_rules+rasdaemon_src/libtrace/event-parse.c:5067:36: warning: unused parameter 'pevent' [-Wunused-parameter]
 5067 | int pevent_strerror(struct pevent *pevent, enum pevent_errno errnum,
      |                     ~~~~~~~~~~~~~~~^~~~~~
external/rasdaemon++_repo_rules+rasdaemon_src/libtrace/event-parse.c: In function 'pevent_free':
external/rasdaemon++_repo_rules+rasdaemon_src/libtrace/event-parse.c:5599:31: warning: comparison of integer expressions of different signedness: 'int' and 'unsigned int' [-Wsign-compare]
 5599 |                 for (i = 0; i < pevent->func_count; i++) {
      |                               ^
external/rasdaemon++_repo_rules+rasdaemon_src/libtrace/event-parse.c:5621:31: warning: comparison of integer expressions of different signedness: 'int' and 'unsigned int' [-Wsign-compare]
 5621 |                 for (i = 0; i < pevent->printk_count; i++)
      |                               ^
external/rasdaemon++_repo_rules+rasdaemon_src/libtrace/event-parse.c: In function 'process_arg_token':
external/rasdaemon++_repo_rules+rasdaemon_src/libtrace/event-parse.c:2773:20: warning: this statement may fall through [-Wimplicit-fallthrough=]
 2773 |                 if (strcmp(token, "(") == 0) {
      |                    ^
external/rasdaemon++_repo_rules+rasdaemon_src/libtrace/event-parse.c:2778:9: note: here
 2778 |         case EVENT_OP:
      |         ^~~~
INFO: From Compiling lib/cache.c:
<command-line>: warning: "_FORTIFY_SOURCE" redefined
<command-line>: note: this is the location of the previous definition
[9,811 / 21,686] Executing genrule //dockers/docker-sonic-otel:otelcol_data; 20s linux-sandbox ... (148 actions, 145 running)
INFO: From Compiling nss_tacplus.c:
external/libnss-tacplus++_repo_rules+libnss_tacplus_src/nss_tacplus.c: In function 'user_mod_add':
external/libnss-tacplus++_repo_rules+libnss_tacplus_src/nss_tacplus.c:482:17: warning: ignoring return value of 'strerror_r' declared with attribute 'warn_unused_result' [-Wunused-result]
  482 |                 strerror_r(errsv, serr, 256);
      |                 ^~~~~~~~~~~~~~~~~~~~~~~~~~~~
INFO: From Compiling src/lib/radius.c:
external/libpam-radius-auth++_repo_rules+freeradius_src/src/lib/radius.c: In function 'make_secret':
external/libpam-radius-auth++_repo_rules+freeradius_src/src/lib/radius.c:167:29: warning: pointer targets in passing argument 2 of 'librad_MD5Update' differ in signedness [-Wpointer-sign]
  167 |         MD5Update(&context, secret, strlen(secret));
      |                             ^~~~~~
      |                             |
      |                             const char *
In file included from external/libpam-radius-auth++_repo_rules+freeradius_src/src/lib/radius.c:26:
external/libpam-radius-auth++_repo_rules+freeradius_src/src/include/md5.h:69:31: note: expected 'const uint8_t *' {aka 'const unsigned char *'} but argument is of type 'const char *'
   69 | void     MD5Update(MD5_CTX *, const uint8_t *, size_t)
      |                               ^~~~~~~~~~~~~~~
external/libpam-radius-auth++_repo_rules+freeradius_src/src/lib/radius.c: In function 'make_passwd':
external/libpam-radius-auth++_repo_rules+freeradius_src/src/lib/radius.c:205:29: warning: pointer targets in passing argument 2 of 'librad_MD5Update' differ in signedness [-Wpointer-sign]
  205 |         MD5Update(&context, secret, strlen(secret));
      |                             ^~~~~~
      |                             |
      |                             const char *
external/libpam-radius-auth++_repo_rules+freeradius_src/src/include/md5.h:69:31: note: expected 'const uint8_t *' {aka 'const unsigned char *'} but argument is of type 'const char *'
   69 | void     MD5Update(MD5_CTX *, const uint8_t *, size_t)
      |                               ^~~~~~~~~~~~~~~
external/libpam-radius-auth++_repo_rules+freeradius_src/src/lib/radius.c: In function 'make_tunnel_passwd':
external/libpam-radius-auth++_repo_rules+freeradius_src/src/lib/radius.c:294:29: warning: pointer targets in passing argument 2 of 'librad_MD5Update' differ in signedness [-Wpointer-sign]
  294 |         MD5Update(&context, secret, strlen(secret));
      |                             ^~~~~~
      |                             |
      |                             const char *
external/libpam-radius-auth++_repo_rules+freeradius_src/src/include/md5.h:69:31: note: expected 'const uint8_t *' {aka 'const unsigned char *'} but argument is of type 'const char *'
   69 | void     MD5Update(MD5_CTX *, const uint8_t *, size_t)
      |                               ^~~~~~~~~~~~~~~
external/libpam-radius-auth++_repo_rules+freeradius_src/src/lib/radius.c: In function 'rad_sign':
external/libpam-radius-auth++_repo_rules+freeradius_src/src/lib/radius.c:787:31: warning: pointer targets in passing argument 3 of 'lrad_hmac_md5' differ in signedness [-Wpointer-sign]
  787 |                               secret, strlen(secret),
      |                               ^~~~~~
      |                               |
      |                               const char *
In file included from external/libpam-radius-auth++_repo_rules+freeradius_src/src/lib/radius.c:38:
external/libpam-radius-auth++_repo_rules+freeradius_src/src/include/libradius.h:231:41: note: expected 'const unsigned char *' but argument is of type 'const char *'
  231 |                    const unsigned char *key, int key_len,
      |                    ~~~~~~~~~~~~~~~~~~~~~^~~
external/libpam-radius-auth++_repo_rules+freeradius_src/src/lib/radius.c:823:45: warning: pointer targets in passing argument 2 of 'librad_MD5Update' differ in signedness [-Wpointer-sign]
  823 |                         MD5Update(&context, secret, strlen(secret));
      |                                             ^~~~~~
      |                                             |
      |                                             const char *
external/libpam-radius-auth++_repo_rules+freeradius_src/src/include/md5.h:69:31: note: expected 'const uint8_t *' {aka 'const unsigned char *'} but argument is of type 'const char *'
   69 | void     MD5Update(MD5_CTX *, const uint8_t *, size_t)
      |                               ^~~~~~~~~~~~~~~
external/libpam-radius-auth++_repo_rules+freeradius_src/src/lib/radius.c: In function 'calc_acctdigest':
external/libpam-radius-auth++_repo_rules+freeradius_src/src/lib/radius.c:958:29: warning: pointer targets in passing argument 2 of 'librad_MD5Update' differ in signedness [-Wpointer-sign]
  958 |         MD5Update(&context, secret, strlen(secret));
      |                             ^~~~~~
      |                             |
      |                             const char *
external/libpam-radius-auth++_repo_rules+freeradius_src/src/include/md5.h:69:31: note: expected 'const uint8_t *' {aka 'const unsigned char *'} but argument is of type 'const char *'
   69 | void     MD5Update(MD5_CTX *, const uint8_t *, size_t)
      |                               ^~~~~~~~~~~~~~~
external/libpam-radius-auth++_repo_rules+freeradius_src/src/lib/radius.c: In function 'calc_replydigest':
external/libpam-radius-auth++_repo_rules+freeradius_src/src/lib/radius.c:997:29: warning: pointer targets in passing argument 2 of 'librad_MD5Update' differ in signedness [-Wpointer-sign]
  997 |         MD5Update(&context, secret, strlen(secret));
      |                             ^~~~~~
      |                             |
      |                             const char *
external/libpam-radius-auth++_repo_rules+freeradius_src/src/include/md5.h:69:31: note: expected 'const uint8_t *' {aka 'const unsigned char *'} but argument is of type 'const char *'
   69 | void     MD5Update(MD5_CTX *, const uint8_t *, size_t)
      |                               ^~~~~~~~~~~~~~~
external/libpam-radius-auth++_repo_rules+freeradius_src/src/lib/radius.c: In function 'rad_verify':
external/libpam-radius-auth++_repo_rules+freeradius_src/src/lib/radius.c:1432:39: warning: pointer targets in passing argument 3 of 'lrad_hmac_md5' differ in signedness [-Wpointer-sign]
 1432 |                                       secret, strlen(secret), calc_auth_vector);
      |                                       ^~~~~~
      |                                       |
      |                                       const char *
external/libpam-radius-auth++_repo_rules+freeradius_src/src/include/libradius.h:231:41: note: expected 'const unsigned char *' but argument is of type 'const char *'
  231 |                    const unsigned char *key, int key_len,
      |                    ~~~~~~~~~~~~~~~~~~~~~^~~
external/libpam-radius-auth++_repo_rules+freeradius_src/src/lib/radius.c: In function 'rad_attr2vp':
external/libpam-radius-auth++_repo_rules+freeradius_src/src/lib/radius.c:1560:46: warning: pointer targets in passing argument 4 of 'rad_pwdecode' differ in signedness [-Wpointer-sign]
 1560 |                                      original->vector);
      |                                      ~~~~~~~~^~~~~~~~
      |                                              |
      |                                              const uint8_t * {aka const unsigned char *}
external/libpam-radius-auth++_repo_rules+freeradius_src/src/include/libradius.h:248:84: note: expected 'const char *' but argument is of type 'const uint8_t *' {aka 'const unsigned char *'}
  248 | int             rad_pwdecode(char *encpw, int len, const char *secret, const char *vector);
      |                                                                        ~~~~~~~~~~~~^~~~~~
external/libpam-radius-auth++_repo_rules+freeradius_src/src/lib/radius.c:1564:44: warning: pointer targets in passing argument 4 of 'rad_pwdecode' differ in signedness [-Wpointer-sign]
 1564 |                                      packet->vector);
      |                                      ~~~~~~^~~~~~~~
      |                                            |
      |                                            const uint8_t * {aka const unsigned char *}
external/libpam-radius-auth++_repo_rules+freeradius_src/src/include/libradius.h:248:84: note: expected 'const char *' but argument is of type 'const uint8_t *' {aka 'const unsigned char *'}
  248 | int             rad_pwdecode(char *encpw, int len, const char *secret, const char *vector);
      |                                                                        ~~~~~~~~~~~~^~~~~~
external/libpam-radius-auth++_repo_rules+freeradius_src/src/lib/radius.c:1567:47: warning: pointer targets in passing argument 1 of 'strlen' differ in signedness [-Wpointer-sign]
 1567 |                         vp->length = strlen(vp->strvalue);
      |                                             ~~^~~~~~~~~~
      |                                               |
      |                                               uint8_t * {aka unsigned char *}
In file included from external/libpam-radius-auth++_repo_rules+freeradius_src/src/include/md5.h:26:
bazel-out/k8-opt/bin/external/rules_distroless++apt+sysroot-trixie/directory/usr/include/string.h:407:35: note: expected 'const char *' but argument is of type 'uint8_t *' {aka 'unsigned char *'}
  407 | extern size_t strlen (const char *__s)
      |                       ~~~~~~~~~~~~^~~
external/libpam-radius-auth++_repo_rules+freeradius_src/src/lib/radius.c:1579:57: warning: pointer targets in passing argument 4 of 'rad_tunnel_pwdecode' differ in signedness [-Wpointer-sign]
 1579 |                                         secret, original->vector) < 0) {
      |                                                 ~~~~~~~~^~~~~~~~
      |                                                         |
      |                                                         const uint8_t * {aka const unsigned char *}
external/libpam-radius-auth++_repo_rules+freeradius_src/src/include/libradius.h:250:95: note: expected 'const char *' but argument is of type 'const uint8_t *' {aka 'const unsigned char *'}
  250 | int             rad_tunnel_pwdecode(uint8_t *encpw, int *len, const char *secret, const char *vector);
      |                                                                                   ~~~~~~~~~~~~^~~~~~
external/libpam-radius-auth++_repo_rules+freeradius_src/src/lib/radius.c:1599:47: warning: pointer targets in passing argument 1 of 'strlen' differ in signedness [-Wpointer-sign]
 1599 |                         vp->length = strlen(vp->strvalue);
      |                                             ~~^~~~~~~~~~
      |                                               |
      |                                               uint8_t * {aka unsigned char *}
bazel-out/k8-opt/bin/external/rules_distroless++apt+sysroot-trixie/directory/usr/include/string.h:407:35: note: expected 'const char *' but argument is of type 'uint8_t *' {aka 'unsigned char *'}
  407 | extern size_t strlen (const char *__s)
      |                       ~~~~~~~~~~~~^~~
external/libpam-radius-auth++_repo_rules+freeradius_src/src/lib/radius.c:1631:43: warning: pointer targets in passing argument 1 of 'strNcpy' differ in signedness [-Wpointer-sign]
 1631 |                                 strNcpy(vp->strvalue,
      |                                         ~~^~~~~~~~~~
      |                                           |
      |                                           uint8_t * {aka unsigned char *}
external/libpam-radius-auth++_repo_rules+freeradius_src/src/include/libradius.h:309:32: note: expected 'char *' but argument is of type 'uint8_t *' {aka 'unsigned char *'}
  309 | char            *strNcpy(char *dest, const char *src, int n);
      |                          ~~~~~~^~~~
external/libpam-radius-auth++_repo_rules+freeradius_src/src/lib/radius.c:1654:27: warning: pointer targets in passing argument 1 of 'ip_ntoa' differ in signedness [-Wpointer-sign]
 1654 |                 ip_ntoa(vp->strvalue, vp->lvalue);
      |                         ~~^~~~~~~~~~
      |                           |
      |                           uint8_t * {aka unsigned char *}
external/libpam-radius-auth++_repo_rules+freeradius_src/src/include/libradius.h:303:25: note: expected 'char *' but argument is of type 'uint8_t *' {aka 'unsigned char *'}
  303 | char *          ip_ntoa(char *, uint32_t);
      |                         ^~~~~~
external/libpam-radius-auth++_repo_rules+freeradius_src/src/lib/radius.c: At top level:
external/libpam-radius-auth++_repo_rules+freeradius_src/src/lib/radius.c:23:19: warning: 'rcsid' defined but not used [-Wunused-const-variable=]
   23 | static const char rcsid[] = "$Id$";
      |                   ^~~~~
INFO: From Compiling bash_tacplus.c:
external/bash-tacplus+/bash_tacplus.c: In function 'send_authorization_message':
external/bash-tacplus+/bash_tacplus.c:148:44: warning: '__builtin_snprintf' output may be truncated before the last format character [-Wformat-truncation=]
  148 |             snprintf(tbuf, sizeof tbuf, "%s", args[i]);
      |                                            ^
In file included from bazel-out/k8-opt/bin/external/rules_distroless++apt+trixie_libc6-dev-amd64_2.41-12-deb13u2/usr/include/stdio.h:970,
                 from external/bash-tacplus+/bash_tacplus.c:6:
In function 'snprintf',
    inlined from 'send_authorization_message' at external/bash-tacplus+/bash_tacplus.c:148:13:
bazel-out/k8-opt/bin/external/rules_distroless++apt+trixie_libc6-dev-amd64_2.41-12-deb13u2/usr/include/x86_64-linux-gnu/bits/stdio2.h:68:10: note: '__builtin_snprintf' output 1 or more bytes (assuming 249) into a destination of size 248
   68 |   return __builtin___snprintf_chk (__s, __n, __USE_FORTIFY_LEVEL - 1,
      |          ^~~~~~~~~~~~~~~~~~~~~~~~~~~~~~~~~~~~~~~~~~~~~~~~~~~~~~~~~~~~
   69 |                                    __glibc_objsize (__s), __fmt,
      |                                    ~~~~~~~~~~~~~~~~~~~~~~~~~~~~~
   70 |                                    __va_arg_pack ());
      |                                    ~~~~~~~~~~~~~~~~~
INFO: From Compiling teamd/teamd_common.c:
external/libteam++_repo_rules+libteam_src/teamd/teamd_common.c: In function 'teamd_recvfrom':
external/libteam++_repo_rules+libteam_src/teamd/teamd_common.c:207:17: warning: comparison of integer expressions of different signedness: 'size_t' {aka 'long unsigned int'} and 'int' [-Wsign-compare]
  207 |         if (ret == -1) {
      |                 ^~
INFO: From Executing genrule @@monit+//:gen_parser:
external/monit++_repo_rules+monit_src/src/p.y: warning: 25 reduce/reduce conflicts [-Wconflicts-rr]
external/monit++_repo_rules+monit_src/src/p.y:2756.19-2758.19: warning: rule useless in parser due to conflicts [-Wother]
                 | ALERT {
                   ^~~~~~~
INFO: From Compiling lib/handlers.c:
<command-line>: warning: "_FORTIFY_SOURCE" redefined
<command-line>: note: this is the location of the previous definition
INFO: From Compiling src/lib/fixedpoint.c:
external/lldpd++_repo_rules+lldpd_src/src/lib/fixedpoint.c: In function 'fp_fptobuf':
external/lldpd++_repo_rules+lldpd_src/src/lib/fixedpoint.c:152:13: warning: operand of '?:' changes signedness from 'long long int' to 'long long unsigned int' due to unsignedness of other operand [-Wsign-compare]
  152 |             ((fp.integer.value << fp.fraction.bits) + fp.fraction.value) :
      |             ^~~~~~~~~~~~~~~~~~~~~~~~~~~~~~~~~~~~~~~~~~~~~~~~~~~~~~~~~~~~
INFO: From Compiling teamd/teamd.c:
external/libteam++_repo_rules+libteam_src/teamd/teamd.c: In function 'teamd_find_runner':
external/libteam++_repo_rules+libteam_src/teamd/teamd.c:76:23: warning: comparison of integer expressions of different signedness: 'int' and 'long unsigned int' [-Wsign-compare]
   76 |         for (i = 0; i < TEAMD_RUNNER_LIST_SIZE; i++) {
      |                       ^
external/libteam++_repo_rules+libteam_src/teamd/teamd.c: In function 'libteam_log_daemon':
external/libteam++_repo_rules+libteam_src/teamd/teamd.c:86:52: warning: unused parameter 'th' [-Wunused-parameter]
   86 | static void libteam_log_daemon(struct team_handle *th, int priority,
      |                                ~~~~~~~~~~~~~~~~~~~~^~
external/libteam++_repo_rules+libteam_src/teamd/teamd.c:87:44: warning: unused parameter 'file' [-Wunused-parameter]
   87 |                                const char *file, int line, const char *fn,
      |                                ~~~~~~~~~~~~^~~~
external/libteam++_repo_rules+libteam_src/teamd/teamd.c:87:54: warning: unused parameter 'line' [-Wunused-parameter]
   87 |                                const char *file, int line, const char *fn,
      |                                                  ~~~~^~~~
external/libteam++_repo_rules+libteam_src/teamd/teamd.c:87:72: warning: unused parameter 'fn' [-Wunused-parameter]
   87 |                                const char *file, int line, const char *fn,
      |                                                            ~~~~~~~~~~~~^~
external/libteam++_repo_rules+libteam_src/teamd/teamd.c: In function 'print_help':
external/libteam++_repo_rules+libteam_src/teamd/teamd.c:125:23: warning: comparison of integer expressions of different signedness: 'int' and 'long unsigned int' [-Wsign-compare]
  125 |         for (i = 0; i < TEAMD_RUNNER_LIST_SIZE; i++) {
      |                       ^
external/libteam++_repo_rules+libteam_src/teamd/teamd.c: In function 'callback_daemon_signal':
external/libteam++_repo_rules+libteam_src/teamd/teamd.c:723:66: warning: unused parameter 'events' [-Wunused-parameter]
  723 | static int callback_daemon_signal(struct teamd_context *ctx, int events,
      |                                                              ~~~~^~~~~~
external/libteam++_repo_rules+libteam_src/teamd/teamd.c:724:41: warning: unused parameter 'priv' [-Wunused-parameter]
  724 |                                   void *priv)
      |                                   ~~~~~~^~~~
external/libteam++_repo_rules+libteam_src/teamd/teamd.c: In function 'callback_libteam_event':
external/libteam++_repo_rules+libteam_src/teamd/teamd.c:754:66: warning: unused parameter 'events' [-Wunused-parameter]
  754 | static int callback_libteam_event(struct teamd_context *ctx, int events,
      |                                                              ~~~~^~~~~~
external/libteam++_repo_rules+libteam_src/teamd/teamd.c:755:41: warning: unused parameter 'priv' [-Wunused-parameter]
  755 |                                   void *priv)
      |                                   ~~~~~~^~~~
external/libteam++_repo_rules+libteam_src/teamd/teamd.c: In function 'teamd_event_watch_port_added':
external/libteam++_repo_rules+libteam_src/teamd/teamd.c:949:74: warning: unused parameter 'priv' [-Wunused-parameter]
  949 |                                         struct teamd_port *tdport, void *priv)
      |                                                                    ~~~~~~^~~~
external/libteam++_repo_rules+libteam_src/teamd/teamd.c: In function 'debug_change_handler_func':
external/libteam++_repo_rules+libteam_src/teamd/teamd.c:1207:58: warning: unused parameter 'th' [-Wunused-parameter]
 1207 | static int debug_change_handler_func(struct team_handle *th, void *priv,
      |                                      ~~~~~~~~~~~~~~~~~~~~^~
external/libteam++_repo_rules+libteam_src/teamd/teamd.c: In function 'teamd_generate_devname':
external/libteam++_repo_rules+libteam_src/teamd/teamd.c:1627:25: warning: comparison of integer expressions of different signedness: 'int' and 'long unsigned int' [-Wsign-compare]
 1627 |                 if (ret >= sizeof(buf))
      |                         ^~
external/libteam++_repo_rules+libteam_src/teamd/teamd.c: In function 'teamd_init_debug_level':
external/libteam++_repo_rules+libteam_src/teamd/teamd.c:1709:24: warning: comparison of integer expressions of different signedness: 'int' and 'unsigned int' [-Wsign-compare]
 1709 |         if (err || tmp <= ctx->debug)
      |                        ^~
INFO: From Compiling ras-report.c:
external/rasdaemon++_repo_rules+rasdaemon_src/ras-report.c: In function 'commit_report_basic':
external/rasdaemon++_repo_rules+rasdaemon_src/ras-report.c:70:15: warning: comparison of integer expressions of different signedness: 'int' and 'size_t' {aka 'long unsigned int'} [-Wsign-compare]
   70 |         if(rc < strlen(buf)){
      |               ^
external/rasdaemon++_repo_rules+rasdaemon_src/ras-report.c:76:15: warning: comparison of integer expressions of different signedness: 'int' and 'size_t' {aka 'long unsigned int'} [-Wsign-compare]
   76 |         if(rc < strlen(buf) + 1){
      |               ^
external/rasdaemon++_repo_rules+rasdaemon_src/ras-report.c:82:15: warning: comparison of integer expressions of different signedness: 'int' and 'size_t' {aka 'long unsigned int'} [-Wsign-compare]
   82 |         if(rc < strlen(buf) + 1){
      |               ^
external/rasdaemon++_repo_rules+rasdaemon_src/ras-report.c:88:15: warning: comparison of integer expressions of different signedness: 'int' and 'size_t' {aka 'long unsigned int'} [-Wsign-compare]
   88 |         if(rc < strlen(buf) + 1){
      |               ^
external/rasdaemon++_repo_rules+rasdaemon_src/ras-report.c: In function 'ras_report_mc_event':
external/rasdaemon++_repo_rules+rasdaemon_src/ras-report.c:423:15: warning: comparison of integer expressions of different signedness: 'int' and 'size_t' {aka 'long unsigned int'} [-Wsign-compare]
  423 |         if(rc < strlen(buf) + 1){
      |               ^
external/rasdaemon++_repo_rules+rasdaemon_src/ras-report.c:429:15: warning: comparison of integer expressions of different signedness: 'int' and 'size_t' {aka 'long unsigned int'} [-Wsign-compare]
  429 |         if(rc < strlen(buf) + 1){
      |               ^
external/rasdaemon++_repo_rules+rasdaemon_src/ras-report.c:398:44: warning: unused parameter 'ras' [-Wunused-parameter]
  398 | int ras_report_mc_event(struct ras_events *ras, struct ras_mc_event *ev){
      |                         ~~~~~~~~~~~~~~~~~~~^~~
external/rasdaemon++_repo_rules+rasdaemon_src/ras-report.c: In function 'ras_report_aer_event':
external/rasdaemon++_repo_rules+rasdaemon_src/ras-report.c:473:15: warning: comparison of integer expressions of different signedness: 'int' and 'size_t' {aka 'long unsigned int'} [-Wsign-compare]
  473 |         if(rc < strlen(buf) + 1){
      |               ^
external/rasdaemon++_repo_rules+rasdaemon_src/ras-report.c:479:15: warning: comparison of integer expressions of different signedness: 'int' and 'size_t' {aka 'long unsigned int'} [-Wsign-compare]
  479 |         if(rc < strlen(buf) + 1){
      |               ^
external/rasdaemon++_repo_rules+rasdaemon_src/ras-report.c:448:45: warning: unused parameter 'ras' [-Wunused-parameter]
  448 | int ras_report_aer_event(struct ras_events *ras, struct ras_aer_event *ev){
      |                          ~~~~~~~~~~~~~~~~~~~^~~
external/rasdaemon++_repo_rules+rasdaemon_src/ras-report.c: In function 'ras_report_non_standard_event':
external/rasdaemon++_repo_rules+rasdaemon_src/ras-report.c:522:15: warning: comparison of integer expressions of different signedness: 'int' and 'size_t' {aka 'long unsigned int'} [-Wsign-compare]
  522 |         if(rc < strlen(buf) + 1){
      |               ^
external/rasdaemon++_repo_rules+rasdaemon_src/ras-report.c:528:15: warning: comparison of integer expressions of different signedness: 'int' and 'size_t' {aka 'long unsigned int'} [-Wsign-compare]
  528 |         if(rc < strlen(buf) + 1){
      |               ^
external/rasdaemon++_repo_rules+rasdaemon_src/ras-report.c:498:54: warning: unused parameter 'ras' [-Wunused-parameter]
  498 | int ras_report_non_standard_event(struct ras_events *ras, struct ras_non_standard_event *ev){
      |                                   ~~~~~~~~~~~~~~~~~~~^~~
external/rasdaemon++_repo_rules+rasdaemon_src/ras-report.c: In function 'ras_report_arm_event':
external/rasdaemon++_repo_rules+rasdaemon_src/ras-report.c:567:15: warning: comparison of integer expressions of different signedness: 'int' and 'size_t' {aka 'long unsigned int'} [-Wsign-compare]
  567 |         if(rc < strlen(buf) + 1){
      |               ^
external/rasdaemon++_repo_rules+rasdaemon_src/ras-report.c:573:15: warning: comparison of integer expressions of different signedness: 'int' and 'size_t' {aka 'long unsigned int'} [-Wsign-compare]
  573 |         if(rc < strlen(buf) + 1){
      |               ^
external/rasdaemon++_repo_rules+rasdaemon_src/ras-report.c:543:45: warning: unused parameter 'ras' [-Wunused-parameter]
  543 | int ras_report_arm_event(struct ras_events *ras, struct ras_arm_event *ev){
      |                          ~~~~~~~~~~~~~~~~~~~^~~
external/rasdaemon++_repo_rules+rasdaemon_src/ras-report.c: In function 'ras_report_mce_event':
external/rasdaemon++_repo_rules+rasdaemon_src/ras-report.c:613:15: warning: comparison of integer expressions of different signedness: 'int' and 'size_t' {aka 'long unsigned int'} [-Wsign-compare]
  613 |         if(rc < strlen(buf) + 1){
      |               ^
external/rasdaemon++_repo_rules+rasdaemon_src/ras-report.c:619:15: warning: comparison of integer expressions of different signedness: 'int' and 'size_t' {aka 'long unsigned int'} [-Wsign-compare]
  619 |         if(rc < strlen(buf) + 1){
      |               ^
external/rasdaemon++_repo_rules+rasdaemon_src/ras-report.c:588:45: warning: unused parameter 'ras' [-Wunused-parameter]
  588 | int ras_report_mce_event(struct ras_events *ras, struct mce_event *ev){
      |                          ~~~~~~~~~~~~~~~~~~~^~~
external/rasdaemon++_repo_rules+rasdaemon_src/ras-report.c: In function 'ras_report_devlink_event':
external/rasdaemon++_repo_rules+rasdaemon_src/ras-report.c:663:15: warning: comparison of integer expressions of different signedness: 'int' and 'size_t' {aka 'long unsigned int'} [-Wsign-compare]
  663 |         if(rc < strlen(buf) + 1){
      |               ^
external/rasdaemon++_repo_rules+rasdaemon_src/ras-report.c:669:15: warning: comparison of integer expressions of different signedness: 'int' and 'size_t' {aka 'long unsigned int'} [-Wsign-compare]
  669 |         if(rc < strlen(buf) + 1){
      |               ^
external/rasdaemon++_repo_rules+rasdaemon_src/ras-report.c:638:49: warning: unused parameter 'ras' [-Wunused-parameter]
  638 | int ras_report_devlink_event(struct ras_events *ras, struct devlink_event *ev){
      |                              ~~~~~~~~~~~~~~~~~~~^~~
external/rasdaemon++_repo_rules+rasdaemon_src/ras-report.c: In function 'ras_report_diskerror_event':
external/rasdaemon++_repo_rules+rasdaemon_src/ras-report.c:713:15: warning: comparison of integer expressions of different signedness: 'int' and 'size_t' {aka 'long unsigned int'} [-Wsign-compare]
  713 |         if(rc < strlen(buf) + 1){
      |               ^
external/rasdaemon++_repo_rules+rasdaemon_src/ras-report.c:719:15: warning: comparison of integer expressions of different signedness: 'int' and 'size_t' {aka 'long unsigned int'} [-Wsign-compare]
  719 |         if(rc < strlen(buf) + 1){
      |               ^
external/rasdaemon++_repo_rules+rasdaemon_src/ras-report.c:688:51: warning: unused parameter 'ras' [-Wunused-parameter]
  688 | int ras_report_diskerror_event(struct ras_events *ras, struct diskerror_event *ev){
      |                                ~~~~~~~~~~~~~~~~~~~^~~
external/rasdaemon++_repo_rules+rasdaemon_src/ras-report.c: In function 'ras_report_mf_event':
external/rasdaemon++_repo_rules+rasdaemon_src/ras-report.c:760:16: warning: comparison of integer expressions of different signedness: 'int' and 'size_t' {aka 'long unsigned int'} [-Wsign-compare]
  760 |         if (rc < strlen(buf) + 1)
      |                ^
external/rasdaemon++_repo_rules+rasdaemon_src/ras-report.c:765:16: warning: comparison of integer expressions of different signedness: 'int' and 'size_t' {aka 'long unsigned int'} [-Wsign-compare]
  765 |         if (rc < strlen(buf) + 1)
      |                ^
external/rasdaemon++_repo_rules+rasdaemon_src/ras-report.c:737:44: warning: unused parameter 'ras' [-Wunused-parameter]
  737 | int ras_report_mf_event(struct ras_events *ras, struct ras_mf_event *ev)
      |                         ~~~~~~~~~~~~~~~~~~~^~~
INFO: From Compiling systemd-sonic-generator.cpp:
In file included from bazel-out/k8-opt/bin/external/rules_distroless++apt+trixie_libjson-c-dev-amd64_0.18-ds-1/usr/include/json-c/json.h:27,
                 from external/systemd-sonic-generator+/systemd-sonic-generator.cpp:10:
external/systemd-sonic-generator+/systemd-sonic-generator.cpp: In function 'int get_num_of_dpu()':
external/systemd-sonic-generator+/systemd-sonic-generator.cpp:974:38: warning: variable 'key' set but not used [-Wunused-but-set-variable]
  974 |     json_object_object_foreach(dpus, key, val) {
      |                                      ^~~
external/systemd-sonic-generator+/systemd-sonic-generator.cpp: In function 'void log_to_kmsg(const char*, ...)':
external/systemd-sonic-generator+/systemd-sonic-generator.cpp:52:10: warning: ignoring return value of 'ssize_t write(int, const void*, size_t)' declared with attribute 'warn_unused_result' [-Wunused-result]
   52 |     write(kmsg_fd, kmsg_buffer, strlen(kmsg_buffer));
      |     ~~~~~^~~~~~~~~~~~~~~~~~~~~~~~~~~~~~~~~~~~~~~~~~~
INFO: From Compiling src/lib/sha1.c:
external/libpam-radius-auth++_repo_rules+freeradius_src/src/lib/sha1.c: In function 'librad_SHA1Final':
external/libpam-radius-auth++_repo_rules+freeradius_src/src/lib/sha1.c:146:25: warning: pointer targets in passing argument 2 of 'librad_SHA1Update' differ in signedness [-Wpointer-sign]
  146 |     SHA1Update(context, "\200", 1);
      |                         ^~~~~~
      |                         |
      |                         char *
external/libpam-radius-auth++_repo_rules+freeradius_src/src/lib/sha1.c:115:51: note: expected 'const uint8_t *' {aka 'const unsigned char *'} but argument is of type 'char *'
  115 | void SHA1Update(SHA1_CTX* context, const uint8_t* data, unsigned int len)
      |                                    ~~~~~~~~~~~~~~~^~~~
external/libpam-radius-auth++_repo_rules+freeradius_src/src/lib/sha1.c:148:29: warning: pointer targets in passing argument 2 of 'librad_SHA1Update' differ in signedness [-Wpointer-sign]
  148 |         SHA1Update(context, "\0", 1);
      |                             ^~~~
      |                             |
      |                             char *
external/libpam-radius-auth++_repo_rules+freeradius_src/src/lib/sha1.c:115:51: note: expected 'const uint8_t *' {aka 'const unsigned char *'} but argument is of type 'char *'
  115 | void SHA1Update(SHA1_CTX* context, const uint8_t* data, unsigned int len)
      |                                    ~~~~~~~~~~~~~~~^~~~
INFO: From Compiling ras-record.c:
external/rasdaemon++_repo_rules+rasdaemon_src/ras-record.c: In function '__ras_mc_prepare_stmt':
external/rasdaemon++_repo_rules+rasdaemon_src/ras-record.c:577:23: warning: comparison of integer expressions of different signedness: 'int' and 'size_t' {aka 'long unsigned int'} [-Wsign-compare]
  577 |         for (i = 0; i < db_tab->num_fields; i++) {
      |                       ^
external/rasdaemon++_repo_rules+rasdaemon_src/ras-record.c:581:23: warning: comparison of integer expressions of different signedness: 'int' and 'size_t' {aka 'long unsigned int'} [-Wsign-compare]
  581 |                 if (i < db_tab->num_fields - 1)
      |                       ^
external/rasdaemon++_repo_rules+rasdaemon_src/ras-record.c:587:23: warning: comparison of integer expressions of different signedness: 'int' and 'size_t' {aka 'long unsigned int'} [-Wsign-compare]
  587 |         for (i = 1; i < db_tab->num_fields; i++) {
      |                       ^
external/rasdaemon++_repo_rules+rasdaemon_src/ras-record.c:588:23: warning: comparison of integer expressions of different signedness: 'int' and 'size_t' {aka 'long unsigned int'} [-Wsign-compare]
  588 |                 if (i <  db_tab->num_fields - 1)
      |                       ^
external/rasdaemon++_repo_rules+rasdaemon_src/ras-record.c: In function 'ras_mc_create_table':
external/rasdaemon++_repo_rules+rasdaemon_src/ras-record.c:621:23: warning: comparison of integer expressions of different signedness: 'int' and 'size_t' {aka 'long unsigned int'} [-Wsign-compare]
  621 |         for (i = 0; i < db_tab->num_fields; i++) {
      |                       ^
external/rasdaemon++_repo_rules+rasdaemon_src/ras-record.c:625:23: warning: comparison of integer expressions of different signedness: 'int' and 'size_t' {aka 'long unsigned int'} [-Wsign-compare]
  625 |                 if (i < db_tab->num_fields - 1)
      |                       ^
external/rasdaemon++_repo_rules+rasdaemon_src/ras-record.c: In function 'ras_mc_alter_table':
external/rasdaemon++_repo_rules+rasdaemon_src/ras-record.c:662:23: warning: comparison of integer expressions of different signedness: 'int' and 'size_t' {aka 'long unsigned int'} [-Wsign-compare]
  662 |         for (i = 0; i < db_tab->num_fields; i++) {
      |                       ^
INFO: From Compiling pahole.c [for tool]:
external/sonic-build-infra++_repo_rules2+dwarves_src/pahole.c: In function 'type_instance__int_value':
external/sonic-build-infra++_repo_rules2+dwarves_src/pahole.c:2451:29: warning: initialization discards 'const' qualifier from pointer target type [-Wdiscarded-qualifiers]
 2451 |                 char *sep = strchr(member_name_orig, '.');
      |                             ^~~~~~
external/sonic-build-infra++_repo_rules2+dwarves_src/pahole.c: In function 'prototype__new':
external/sonic-build-infra++_repo_rules2+dwarves_src/pahole.c:2922:27: warning: initialization discards 'const' qualifier from pointer target type [-Wdiscarded-qualifiers]
 2922 |         char *args_open = strchr(name, '(');
      |                           ^~~~~~
external/sonic-build-infra++_repo_rules2+dwarves_src/pahole.c: In function 'type__find_type_enum':
external/sonic-build-infra++_repo_rules2+dwarves_src/pahole.c:3082:21: warning: initialization discards 'const' qualifier from pointer target type [-Wdiscarded-qualifiers]
 3082 |         char *sep = strchr(type_enum, '+');
      |                     ^~~~~~
external/sonic-build-infra++_repo_rules2+dwarves_src/pahole.c:3112:21: warning: assignment discards 'const' qualifier from pointer target type [-Wdiscarded-qualifiers]
 3112 |                 sep = strchr(type_enum, '+');
      |                     ^
INFO: From Compiling bitfield.c:
external/rasdaemon++_repo_rules+rasdaemon_src/bitfield.c: In function 'bitfield_msg':
external/rasdaemon++_repo_rules+rasdaemon_src/bitfield.c:38:23: warning: comparison of integer expressions of different signedness: 'int' and 'unsigned int' [-Wsign-compare]
   38 |         for (i = 0; i < array_len; i++) {
      |                       ^
INFO: From Compiling Packet++/src/Asn1Codec.cpp:
external/dhcprelay++_repo_rules+pcapplusplus/Packet++/src/Asn1Codec.cpp: In member function 'virtual void pcpp::Asn1GenericRecord::decodeValue(uint8_t*, bool)':
external/dhcprelay++_repo_rules+pcapplusplus/Packet++/src/Asn1Codec.cpp:461:65: warning: unused parameter 'lazy' [-Wunused-parameter]
  461 |         void Asn1GenericRecord::decodeValue(uint8_t* data, bool lazy)
      |                                                            ~~~~~^~~~
external/dhcprelay++_repo_rules+pcapplusplus/Packet++/src/Asn1Codec.cpp: In member function 'virtual void pcpp::Asn1IntegerRecord::decodeValue(uint8_t*, bool)':
external/dhcprelay++_repo_rules+pcapplusplus/Packet++/src/Asn1Codec.cpp:595:65: warning: unused parameter 'lazy' [-Wunused-parameter]
  595 |         void Asn1IntegerRecord::decodeValue(uint8_t* data, bool lazy)
      |                                                            ~~~~~^~~~
external/dhcprelay++_repo_rules+pcapplusplus/Packet++/src/Asn1Codec.cpp: In member function 'virtual void pcpp::Asn1OctetStringRecord::decodeValue(uint8_t*, bool)':
external/dhcprelay++_repo_rules+pcapplusplus/Packet++/src/Asn1Codec.cpp:705:69: warning: unused parameter 'lazy' [-Wunused-parameter]
  705 |         void Asn1OctetStringRecord::decodeValue(uint8_t* data, bool lazy)
      |                                                                ~~~~~^~~~
external/dhcprelay++_repo_rules+pcapplusplus/Packet++/src/Asn1Codec.cpp: In member function 'virtual void pcpp::Asn1BooleanRecord::decodeValue(uint8_t*, bool)':
external/dhcprelay++_repo_rules+pcapplusplus/Packet++/src/Asn1Codec.cpp:750:65: warning: unused parameter 'lazy' [-Wunused-parameter]
  750 |         void Asn1BooleanRecord::decodeValue(uint8_t* data, bool lazy)
      |                                                            ~~~~~^~~~
INFO: From Compiling lib/readline/bind.c:
external/bash++_repo_rules+bash_src/lib/readline/bind.c:22:9: warning: "READLINE_LIBRARY" redefined
   22 | #define READLINE_LIBRARY
      |         ^~~~~~~~~~~~~~~~
<command-line>: note: this is the location of the previous definition
In file included from external/bash++_repo_rules+bash_src/lib/readline/keymaps.h:31,
                 from external/bash++_repo_rules+bash_src/lib/readline/readline.h:32,
                 from external/bash++_repo_rules+bash_src/lib/readline/bind.c:61:
external/bash++_repo_rules+bash_src/lib/readline/bind.c: In function 'rl_translate_keyseq':
external/bash++_repo_rules+bash_src/lib/readline/chardefs.h:58:61: warning: comparison is always true due to limited range of data type [-Wtype-limits]
   58 | #define META_CHAR(c) ((c) > meta_character_threshold && (c) <= largest_char)
      |                                                             ^~
external/bash++_repo_rules+bash_src/lib/readline/bind.c:633:11: note: in expansion of macro 'META_CHAR'
  633 |       if (META_CHAR (c) && _rl_convert_meta_chars_to_ascii)
      |           ^~~~~~~~~
external/bash++_repo_rules+bash_src/lib/readline/bind.c: In function '_rl_function_of_keyseq_internal':
external/bash++_repo_rules+bash_src/lib/readline/bind.c:819:27: warning: comparison of integer expressions of different signedness: 'int' and 'size_t' {aka 'long unsigned int'} [-Wsign-compare]
  819 |   for (i = 0; keyseq && i < len; i++)
      |                           ^
external/bash++_repo_rules+bash_src/lib/readline/chardefs.h:58:61: warning: comparison is always true due to limited range of data type [-Wtype-limits]
   58 | #define META_CHAR(c) ((c) > meta_character_threshold && (c) <= largest_char)
      |                                                             ^~
external/bash++_repo_rules+bash_src/lib/readline/bind.c:823:11: note: in expansion of macro 'META_CHAR'
  823 |       if (META_CHAR (ic) && _rl_convert_meta_chars_to_ascii)
      |           ^~~~~~~~~
external/bash++_repo_rules+bash_src/lib/readline/bind.c:845:21: warning: comparison of integer expressions of different signedness: 'int' and 'size_t' {aka 'long unsigned int'} [-Wsign-compare]
  845 |           if (i + 1 == len)
      |                     ^~
external/bash++_repo_rules+bash_src/lib/readline/bind.c:858:46: warning: comparison of integer expressions of different signedness: 'int' and 'size_t' {aka 'long unsigned int'} [-Wsign-compare]
  858 |       else if (map[ic].type != ISKMAP && i+1 < len)
      |                                              ^
external/bash++_repo_rules+bash_src/lib/readline/bind.c: In function 'rl_trim_arg_from_keyseq':
external/bash++_repo_rules+bash_src/lib/readline/bind.c:903:48: warning: comparison of integer expressions of different signedness: 'int' and 'size_t' {aka 'long unsigned int'} [-Wsign-compare]
  903 |   for (i = j = parsing_digits = 0; keyseq && i < len; i++)
      |                                                ^
external/bash++_repo_rules+bash_src/lib/readline/bind.c:919:21: warning: comparison of integer expressions of different signedness: 'int' and 'size_t' {aka 'long unsigned int'} [-Wsign-compare]
  919 |           if (i + 1 == len)
      |                     ^~
external/bash++_repo_rules+bash_src/lib/readline/bind.c:934:21: warning: comparison of integer expressions of different signedness: 'int' and 'size_t' {aka 'long unsigned int'} [-Wsign-compare]
  934 |           if (i + 1 == len)
      |                     ^~
external/bash++_repo_rules+bash_src/lib/readline/bind.c: In function '_rl_read_file':
external/bash++_repo_rules+bash_src/lib/readline/bind.c:992:17: warning: comparison of integer expressions of different signedness: 'size_t' {aka 'long unsigned int'} and '__off_t' {aka 'long int'} [-Wsign-compare]
  992 |   if (file_size != finfo.st_size || file_size + 1 < file_size)
      |                 ^~
external/bash++_repo_rules+bash_src/lib/readline/bind.c: In function 'rl_re_read_init_file':
external/bash++_repo_rules+bash_src/lib/readline/bind.c:1024:27: warning: unused parameter 'count' [-Wunused-parameter]
 1024 | rl_re_read_init_file (int count, int ignore)
      |                       ~~~~^~~~~
external/bash++_repo_rules+bash_src/lib/readline/bind.c:1024:38: warning: unused parameter 'ignore' [-Wunused-parameter]
 1024 | rl_re_read_init_file (int count, int ignore)
      |                                  ~~~~^~~~~~
external/bash++_repo_rules+bash_src/lib/readline/bind.c: In function 'parser_else':
external/bash++_repo_rules+bash_src/lib/readline/bind.c:1460:20: warning: unused parameter 'args' [-Wunused-parameter]
 1460 | parser_else (char *args)
      |              ~~~~~~^~~~
external/bash++_repo_rules+bash_src/lib/readline/bind.c: In function 'parser_endif':
external/bash++_repo_rules+bash_src/lib/readline/bind.c:1490:21: warning: unused parameter 'args' [-Wunused-parameter]
 1490 | parser_endif (char *args)
      |               ~~~~~~^~~~
external/bash++_repo_rules+bash_src/lib/readline/bind.c: In function 'rl_parse_and_bind':
external/bash++_repo_rules+bash_src/lib/readline/bind.c:1675:11: warning: unused variable 's' [-Wunused-variable]
 1675 |       int s;
      |           ^
external/bash++_repo_rules+bash_src/lib/readline/bind.c: In function 'rl_set_keymap_name':
external/bash++_repo_rules+bash_src/lib/readline/bind.c:2483:21: warning: comparison of integer expressions of different signedness: 'int' and 'long unsigned int' [-Wsign-compare]
 2483 |   if (mi >= 0 && mi < NUM_BUILTIN_KEYMAPS)
      |                     ^
external/bash++_repo_rules+bash_src/lib/readline/bind.c:2488:21: warning: comparison of integer expressions of different signedness: 'int' and 'long unsigned int' [-Wsign-compare]
 2488 |   if (ni >= 0 && ni < NUM_BUILTIN_KEYMAPS)
      |                     ^
external/bash++_repo_rules+bash_src/lib/readline/bind.c: In function 'rl_dump_functions':
external/bash++_repo_rules+bash_src/lib/readline/bind.c:2866:24: warning: unused parameter 'count' [-Wunused-parameter]
 2866 | rl_dump_functions (int count, int key)
      |                    ~~~~^~~~~
external/bash++_repo_rules+bash_src/lib/readline/bind.c:2866:35: warning: unused parameter 'key' [-Wunused-parameter]
 2866 | rl_dump_functions (int count, int key)
      |                               ~~~~^~~
external/bash++_repo_rules+bash_src/lib/readline/bind.c: In function 'rl_dump_macros':
external/bash++_repo_rules+bash_src/lib/readline/bind.c:2941:21: warning: unused parameter 'count' [-Wunused-parameter]
 2941 | rl_dump_macros (int count, int key)
      |                 ~~~~^~~~~
external/bash++_repo_rules+bash_src/lib/readline/bind.c:2941:32: warning: unused parameter 'key' [-Wunused-parameter]
 2941 | rl_dump_macros (int count, int key)
      |                            ~~~~^~~
external/bash++_repo_rules+bash_src/lib/readline/bind.c: In function 'rl_dump_variables':
external/bash++_repo_rules+bash_src/lib/readline/bind.c:3062:24: warning: unused parameter 'count' [-Wunused-parameter]
 3062 | rl_dump_variables (int count, int key)
      |                    ~~~~^~~~~
external/bash++_repo_rules+bash_src/lib/readline/bind.c:3062:35: warning: unused parameter 'key' [-Wunused-parameter]
 3062 | rl_dump_variables (int count, int key)
      |                               ~~~~^~~
INFO: From WhlInstall external/aspect_rules_py++uv+whl_install__docker_base_trixie__pyangbind__0_8_7/install:
bazel-out/k8-opt-ST-268ebcf28a51/bin/external/aspect_rules_py++uv+whl_install__docker_base_trixie__pyangbind__0_8_7/install/lib/python3.13/site-packages/pyangbind/lib/xpathhelper.py:177: SyntaxWarning: invalid escape sequence '\('
  remaining_path = regex.sub("current\(\)(?P<remaining>.*)", r"\g<remaining>", v).split("/")
INFO: From WhlInstall external/aspect_rules_py++uv+whl_install__docker_base_trixie__azure_storage__0_36_0/install:
bazel-out/k8-opt-ST-268ebcf28a51/bin/external/aspect_rules_py++uv+whl_install__docker_base_trixie__azure_storage__0_36_0/install/lib/python3.13/site-packages/azure/storage/_connection.py:84: SyntaxWarning: "is" with 'str' literal. Did you mean "=="?
  self.protocol = self.protocol if parsed_url.scheme is '' else parsed_url.scheme
bazel-out/k8-opt-ST-268ebcf28a51/bin/external/aspect_rules_py++uv+whl_install__docker_base_trixie__azure_storage__0_36_0/install/lib/python3.13/site-packages/azure/storage/blob/_upload_chunking.py:384: SyntaxWarning: "is" with 'int' literal. Did you mean "=="?
  if n is 0 or self._buffer.closed:
bazel-out/k8-opt-ST-268ebcf28a51/bin/external/aspect_rules_py++uv+whl_install__docker_base_trixie__azure_storage__0_36_0/install/lib/python3.13/site-packages/azure/storage/blob/baseblobservice.py:975: SyntaxWarning: "is not" with 'int' literal. Did you mean "!="?
  if lease_duration is not -1 and\
bazel-out/k8-opt-ST-268ebcf28a51/bin/external/aspect_rules_py++uv+whl_install__docker_base_trixie__azure_storage__0_36_0/install/lib/python3.13/site-packages/azure/storage/blob/baseblobservice.py:2527: SyntaxWarning: "is not" with 'int' literal. Did you mean "!="?
  if lease_duration is not -1 and\
INFO: From Compiling libcpu/riscv_disasm.c [for tool]:
external/sonic-build-infra++_repo_rules2+elfutils_src/libcpu/riscv_disasm.c: In function 'riscv_disasm':
external/sonic-build-infra++_repo_rules2+elfutils_src/libcpu/riscv_disasm.c:1259:46: warning: initialization discards 'const' qualifier from pointer target type [-Wdiscarded-qualifiers]
 1259 |                   struct known_csrs *found = bsearch (&key, known,
      |                                              ^~~~~~~
INFO: From Compiling lib/addr.c:
<command-line>: warning: "_FORTIFY_SOURCE" redefined
<command-line>: note: this is the location of the previous definition
INFO: From Compiling libtac/lib/author_r.c:
external/pam-tacplus++_repo_rules+pam_tacplus_src/libtac/lib/author_r.c: In function 'tac_author_read':
external/pam-tacplus++_repo_rules+pam_tacplus_src/libtac/lib/author_r.c:219:34: warning: pointer targets in passing argument 1 of 'strchr' differ in signedness [-Wpointer-sign]
  219 |                     sep = strchr(buff, '=');
      |                                  ^~~~
      |                                  |
      |                                  unsigned char *
In file included from bazel-out/k8-opt/bin/external/pam-tacplus++_repo_rules+pam_tacplus_src/_virtual_includes/libtac_headers/libtac.h:33,
                 from external/pam-tacplus++_repo_rules+pam_tacplus_src/libtac/lib/xalloc.h:25,
                 from external/pam-tacplus++_repo_rules+pam_tacplus_src/libtac/lib/author_r.c:22:
bazel-out/k8-opt/bin/external/rules_distroless++apt+sysroot-trixie/directory/usr/include/string.h:246:34: note: expected 'const char *' but argument is of type 'unsigned char *'
  246 | extern char *strchr (const char *__s, int __c)
      |                      ~~~~~~~~~~~~^~~
external/pam-tacplus++_repo_rules+pam_tacplus_src/libtac/lib/author_r.c:219:25: warning: pointer targets in assignment from 'char *' to 'unsigned char *' differ in signedness [-Wpointer-sign]
  219 |                     sep = strchr(buff, '=');
      |                         ^
external/pam-tacplus++_repo_rules+pam_tacplus_src/libtac/lib/author_r.c:221:34: warning: pointer targets in passing argument 1 of 'strchr' differ in signedness [-Wpointer-sign]
  221 |                     sep = strchr(buff, '*');
      |                                  ^~~~
      |                                  |
      |                                  unsigned char *
bazel-out/k8-opt/bin/external/rules_distroless++apt+sysroot-trixie/directory/usr/include/string.h:246:34: note: expected 'const char *' but argument is of type 'unsigned char *'
  246 | extern char *strchr (const char *__s, int __c)
      |                      ~~~~~~~~~~~~^~~
external/pam-tacplus++_repo_rules+pam_tacplus_src/libtac/lib/author_r.c:221:25: warning: pointer targets in assignment from 'char *' to 'unsigned char *' differ in signedness [-Wpointer-sign]
  221 |                     sep = strchr(buff, '*');
      |                         ^
external/pam-tacplus++_repo_rules+pam_tacplus_src/libtac/lib/author_r.c:229:27: warning: pointer targets in assignment from 'char *' to 'unsigned char *' differ in signedness [-Wpointer-sign]
  229 |                     value = "";
      |                           ^
external/pam-tacplus++_repo_rules+pam_tacplus_src/libtac/lib/author_r.c:238:48: warning: pointer targets in passing argument 2 of 'tac_add_attrib_pair' differ in signedness [-Wpointer-sign]
  238 |                 tac_add_attrib_pair(&re->attr, buff, sepchar, value);
      |                                                ^~~~
      |                                                |
      |                                                unsigned char *
bazel-out/k8-opt/bin/external/pam-tacplus++_repo_rules+pam_tacplus_src/_virtual_includes/libtac_headers/libtac.h:163:48: note: expected 'char *' but argument is of type 'unsigned char *'
  163 | void tac_add_attrib_pair(struct tac_attrib **, char *, char,
      |                                                ^~~~~~
external/pam-tacplus++_repo_rules+pam_tacplus_src/libtac/lib/author_r.c:238:63: warning: pointer targets in passing argument 4 of 'tac_add_attrib_pair' differ in signedness [-Wpointer-sign]
  238 |                 tac_add_attrib_pair(&re->attr, buff, sepchar, value);
      |                                                               ^~~~~
      |                                                               |
      |                                                               unsigned char *
bazel-out/k8-opt/bin/external/pam-tacplus++_repo_rules+pam_tacplus_src/_virtual_includes/libtac_headers/libtac.h:164:5: note: expected 'char *' but argument is of type 'unsigned char *'
  164 |     char *);
      |     ^~~~~~
external/pam-tacplus++_repo_rules+pam_tacplus_src/libtac/lib/author_r.c:192:13: warning: this statement may fall through [-Wimplicit-fallthrough=]
  192 |             tac_free_attrib(&re->attr);
      |             ^~~~~~~~~~~~~~~~~~~~~~~~~~
external/pam-tacplus++_repo_rules+pam_tacplus_src/libtac/lib/author_r.c:194:9: note: here
  194 |         case TAC_PLUS_AUTHOR_STATUS_PASS_ADD:
      |         ^~~~
INFO: From Compiling lib/hash.c:
<command-line>: warning: "_FORTIFY_SOURCE" redefined
<command-line>: note: this is the location of the previous definition
INFO: From Compiling src/lib/print.c:
external/libpam-radius-auth++_repo_rules+freeradius_src/src/lib/print.c: In function 'vp_prints_value':
external/libpam-radius-auth++_repo_rules+freeradius_src/src/lib/print.c:198:27: warning: assignment discards 'const' qualifier from pointer target type [-Wdiscarded-qualifiers]
  198 |                         a = ipv6_ntoa(buf, sizeof(buf), vp->strvalue);
      |                           ^
external/libpam-radius-auth++_repo_rules+freeradius_src/src/lib/print.c: At top level:
external/libpam-radius-auth++_repo_rules+freeradius_src/src/lib/print.c:23:19: warning: 'rcsid' defined but not used [-Wunused-const-variable=]
   23 | static const char rcsid[] = "$Id$";
      |                   ^~~~~
INFO: From Compiling lib/readline/callback.c:
external/bash++_repo_rules+bash_src/lib/readline/callback.c:22:9: warning: "READLINE_LIBRARY" redefined
   22 | #define READLINE_LIBRARY
      |         ^~~~~~~~~~~~~~~~
<command-line>: note: this is the location of the previous definition
INFO: From Compiling src/lib/hash.c:
external/libpam-radius-auth++_repo_rules+freeradius_src/src/lib/hash.c:33:19: warning: 'rcsid' defined but not used [-Wunused-const-variable=]
   33 | static const char rcsid[] = "$Id$";
      |                   ^~~~~
INFO: From Generating ../libyang3-py3+/_libyang.c via cffi.emit_c_code():
generating bazel-out/k8-opt/bin/external/libyang3-py3+/_libyang.c
INFO: From Compiling lib/readline/colors.c:
external/bash++_repo_rules+bash_src/lib/readline/colors.c:27:9: warning: "READLINE_LIBRARY" redefined
   27 | #define READLINE_LIBRARY
      |         ^~~~~~~~~~~~~~~~
<command-line>: note: this is the location of the previous definition
INFO: From Compiling lib/cache_mngt.c:
<command-line>: warning: "_FORTIFY_SOURCE" redefined
<command-line>: note: this is the location of the previous definition
INFO: From Executing genrule @@sai++_repo_rules+sai_src//:saimetadata_sources:
Processing sai_8h.xml
Removing last element SAI_API_MAX
Processing saiacl_8h.xml
Creating range attrs SAI_ACL_TABLE_ATTR_USER_DEFINED_FIELD_GROUP_MIN .. MAX
Limiting range from 255 to 10
Creating range attrs SAI_ACL_ENTRY_ATTR_USER_DEFINED_FIELD_GROUP_MIN .. MAX
Limiting range from 255 to 10
Processing saiars_8h.xml
Processing saiarsprofile_8h.xml
Processing saibfd_8h.xml
Processing saibridge_8h.xml
Processing saibuffer_8h.xml
Ignoring SAI_BUFFER_PROFILE_ATTR_BUFFER_SIZE
Processing saicounter_8h.xml
Processing saidebugcounter_8h.xml
Processing saidtel_8h.xml
Removing last element SAI_DTEL_EVENT_TYPE_MAX
Processing saiexperimentalbmtor_8h.xml
Processing saiexperimentaldashacl_8h.xml
Processing saiexperimentaldashappliance_8h.xml
Processing saiexperimentaldashdirectionlookup_8h.xml
Processing saiexperimentaldasheni_8h.xml
Processing saiexperimentaldashflow_8h.xml
Processing saiexperimentaldashha_8h.xml
Processing saiexperimentaldashinboundrouting_8h.xml
Processing saiexperimentaldashmeter_8h.xml
Processing saiexperimentaldashoutboundcatopa_8h.xml
Processing saiexperimentaldashoutboundportmap_8h.xml
Processing saiexperimentaldashoutboundrouting_8h.xml
Processing saiexperimentaldashpavalidation_8h.xml
Processing saiexperimentaldashtrustedvni_8h.xml
Processing saiexperimentaldashtunnel_8h.xml
Processing saiexperimentaldashvip_8h.xml
Processing saiexperimentaldashvnet_8h.xml
Processing saiextensions_8h.xml
Processing saifdb_8h.xml
Processing saigenericprogrammable_8h.xml
Processing saihash_8h.xml
Processing saihostif_8h.xml
Ignoring SAI_HOSTIF_USER_DEFINED_TRAP_TYPE_NEIGH
Processing saiicmpecho_8h.xml
Processing saiipmc_8h.xml
Processing saiipmcgroup_8h.xml
Processing saiipsec_8h.xml
Processing saiisolationgroup_8h.xml
Processing sail2mc_8h.xml
Processing sail2mcgroup_8h.xml
Processing sailag_8h.xml
Processing saimacsec_8h.xml
Ignoring SAI_MACSEC_SA_ATTR_XPN
Ignoring SAI_MACSEC_SA_ATTR_MINIMUM_XPN
Processing saimcastfdb_8h.xml
Processing saimetadatalogger_8h.xml
Processing saimetadatatypes_8h.xml
Processing saimetadatautils_8h.xml
Processing saimirror_8h.xml
Processing saimpls_8h.xml
Processing saimymac_8h.xml
Processing sainat_8h.xml
Processing saineighbor_8h.xml
Processing sainexthop_8h.xml
Processing sainexthopgroup_8h.xml
Ignoring SAI_NEXT_HOP_GROUP_TYPE_ECMP
Processing saiobject_8h.xml
Processing saipoe_8h.xml
Processing saipolicer_8h.xml
Processing saiport_8h.xml
Removing last element SAI_PORT_BREAKOUT_MODE_TYPE_MAX
Removing last element SAI_PORT_INTERFACE_TYPE_MAX
Processing saiportextensions_8h.xml
Processing saiprefixcompression_8h.xml
Processing saiqosmap_8h.xml
Processing saiqueue_8h.xml
Processing sairoute_8h.xml
Processing sairouterinterface_8h.xml
Processing sairpfgroup_8h.xml
Processing saisamplepacket_8h.xml
Processing saischeduler_8h.xml
Processing saischedulergroup_8h.xml
Processing saiserialize_8h.xml
Processing saisrv6_8h.xml
Processing saistatus_8h.xml
Processing saistp_8h.xml
Processing saiswitch_8h.xml
Ignoring SAI_SWITCH_ATTR_PORT_NUMBER
Ignoring SAI_SWITCH_ATTR_SHUTDOWN_REQUEST_NOTIFY
Processing saiswitchextensions_8h.xml
Processing saisynce_8h.xml
Processing saisystemport_8h.xml
Processing saitam_8h.xml
Processing saitunnel_8h.xml
Processing saitwamp_8h.xml
Processing saitypes_8h.xml
Removing last element SAI_COMMON_API_MAX
Removing last element SAI_OBJECT_TYPE_MAX
Ignoring SAI_ACL_BIND_POINT_TYPE_ROUTER_INTF
Removing last element SAI_PORT_ERR_STATUS_MAX
Processing saitypesextensions_8h.xml
Processing saiudf_8h.xml
Processing saiversion_8h.xml
Processing saivirtualrouter_8h.xml
Processing saivlan_8h.xml
Processing saiwred_8h.xml
Merging extensions enum sai_api_extensions_t into sai_api_t
Merging extensions enum sai_object_type_extensions_t into sai_object_type_t
Merging extensions enum sai_port_attr_extensions_t into sai_port_attr_t
Merging extensions enum sai_port_stat_extensions_t into sai_port_stat_t
Merging extensions enum sai_switch_attr_extensions_t into sai_switch_attr_t
no need for END enum for SAI_IN_DROP_REASON_CUSTOM_RANGE_BASE
non range base SAI_OUTBOUND_PORT_MAP_PORT_RANGE_ENTRY_ATTR_BACKEND_PORT_BASE
non range base SAI_OUTBOUND_PORT_MAP_PORT_RANGE_ENTRY_ATTR_MATCH_PORT_BASE
no need for END enum for SAI_OUT_DROP_REASON_CUSTOM_RANGE_BASE
non range base SAI_UDF_ATTR_BASE
Skipping range base SAI_HOSTIF_TRAP_TYPE_SWITCH_CUSTOM_RANGE_BASE
Skipping range base SAI_HOSTIF_TRAP_TYPE_ROUTER_CUSTOM_RANGE_BASE
Skipping range base SAI_HOSTIF_TRAP_TYPE_LOCAL_IP_CUSTOM_RANGE_BASE
Skipping range base SAI_HOSTIF_TRAP_TYPE_CUSTOM_EXCEPTION_RANGE_BASE
Skipping range base SAI_PORT_STAT_IN_DROP_REASON_RANGE_BASE
Skipping range base SAI_PORT_STAT_OUT_DROP_REASON_RANGE_BASE
Skipping range base SAI_PORT_STAT_PRBS_ERROR_COUNT_LANE_RANGE_BASE
Skipping range base SAI_SWITCH_STAT_IN_DROP_REASON_RANGE_BASE
Skipping range base SAI_SWITCH_STAT_OUT_DROP_REASON_RANGE_BASE
Skipping range base SAI_SWITCH_STAT_FABRIC_DROP_REASON_RANGE_BASE
INFO: From Compiling teamd/teamd_balancer.c:
external/libteam++_repo_rules+libteam_src/teamd/teamd_balancer.c: In function 'tb_option_change_handler_func':
external/libteam++_repo_rules+libteam_src/teamd/teamd_balancer.c:245:66: warning: unused parameter 'type_mask' [-Wunused-parameter]
  245 |                                          team_change_type_mask_t type_mask)
      |                                          ~~~~~~~~~~~~~~~~~~~~~~~~^~~~~~~~~
INFO: From Bison @@sonic-frr++_repo_rules+frr_patched//:frr/lib/command_parse [for tool]:
bazel-out/k8-opt-exec-ST-d57f47055a04/bin/external/sonic-frr++_repo_rules+frr_patched/frr/lib/command_parse_stripped.y:198.1-200.1: warning: empty rule without %empty [-Wempty-rule]
 {
 ^
bazel-out/k8-opt-exec-ST-d57f47055a04/bin/external/sonic-frr++_repo_rules+frr_patched/frr/lib/command_parse_stripped.y:203.14: warning: empty rule without %empty [-Wempty-rule]
 cmd_token_seq:
              ^
INFO: From Compiling src/modules/rlm_eap/libeap/eapsimlib.c:
external/libpam-radius-auth++_repo_rules+freeradius_src/src/modules/rlm_eap/libeap/eapsimlib.c:416:25: warning: argument 2 of type 'uint8_t[16]' {aka 'unsigned char[16]'} with mismatched bound [-Warray-parameter=]
  416 |                 uint8_t key[EAPSIM_AUTH_SIZE],
      |                 ~~~~~~~~^~~~~~~~~~~~~~~~~~~~~
In file included from external/libpam-radius-auth++_repo_rules+freeradius_src/src/modules/rlm_eap/libeap/eapsimlib.c:53:
external/libpam-radius-auth++_repo_rules+freeradius_src/src/modules/rlm_eap/libeap/eap_sim.h:152:37: note: previously declared as 'uint8_t[8]' {aka 'unsigned char[8]'}
  152 |                             uint8_t key[8],
      |                             ~~~~~~~~^~~~~~
external/libpam-radius-auth++_repo_rules+freeradius_src/src/modules/rlm_eap/libeap/eapsimlib.c:56:19: warning: 'rcsid' defined but not used [-Wunused-const-variable=]
   56 | static const char rcsid[] = "$Id$";
      |                   ^~~~~
INFO: From Compiling src/lib/rbtree.c:
external/libpam-radius-auth++_repo_rules+freeradius_src/src/lib/rbtree.c:44:13: warning: initialization discards 'const' qualifier from pointer target type [-Wdiscarded-qualifiers]
   44 | #define NIL &Sentinel           /* all leafs are sentinels */
      |             ^
external/libpam-radius-auth++_repo_rules+freeradius_src/src/lib/rbtree.c:45:36: note: in expansion of macro 'NIL'
   45 | static const rbnode_t Sentinel = { NIL, NIL, NULL, Black, NULL};
      |                                    ^~~
external/libpam-radius-auth++_repo_rules+freeradius_src/src/lib/rbtree.c:44:13: warning: initialization discards 'const' qualifier from pointer target type [-Wdiscarded-qualifiers]
   44 | #define NIL &Sentinel           /* all leafs are sentinels */
      |             ^
external/libpam-radius-auth++_repo_rules+freeradius_src/src/lib/rbtree.c:45:41: note: in expansion of macro 'NIL'
   45 | static const rbnode_t Sentinel = { NIL, NIL, NULL, Black, NULL};
      |                                         ^~~
external/libpam-radius-auth++_repo_rules+freeradius_src/src/lib/rbtree.c: In function 'rbtree_create':
external/libpam-radius-auth++_repo_rules+freeradius_src/src/lib/rbtree.c:106:20: warning: assignment discards 'const' qualifier from pointer target type [-Wdiscarded-qualifiers]
  106 |         tree->Root = NIL;
      |                    ^
external/libpam-radius-auth++_repo_rules+freeradius_src/src/lib/rbtree.c: In function 'rbtree_insert':
external/libpam-radius-auth++_repo_rules+freeradius_src/src/lib/rbtree.c:281:17: warning: assignment discards 'const' qualifier from pointer target type [-Wdiscarded-qualifiers]
  281 |         X->Left = NIL;
      |                 ^
external/libpam-radius-auth++_repo_rules+freeradius_src/src/lib/rbtree.c:282:18: warning: assignment discards 'const' qualifier from pointer target type [-Wdiscarded-qualifiers]
  282 |         X->Right = NIL;
      |                  ^
external/libpam-radius-auth++_repo_rules+freeradius_src/src/lib/rbtree.c: At top level:
external/libpam-radius-auth++_repo_rules+freeradius_src/src/lib/rbtree.c:23:19: warning: 'rcsid' defined but not used [-Wunused-const-variable=]
   23 | static const char rcsid[] = "$Id$";
      |                   ^~~~~
INFO: From Bison @@sonic-frr++_repo_rules+frr_patched//:frr/lib/command_parse:
bazel-out/k8-opt/bin/external/sonic-frr++_repo_rules+frr_patched/frr/lib/command_parse_stripped.y:198.1-200.1: warning: empty rule without %empty [-Wempty-rule]
 {
 ^
bazel-out/k8-opt/bin/external/sonic-frr++_repo_rules+frr_patched/frr/lib/command_parse_stripped.y:203.14: warning: empty rule without %empty [-Wempty-rule]
 cmd_token_seq:
              ^
INFO: From Bison @@libnl3++_repo_rules+libnl3_src//:ematch_syntax:
external/libnl3++_repo_rules+libnl3_src/lib/route/cls/ematch_syntax.y:26.1-14: warning: deprecated directive, use '%define parse.error verbose' [-Wdeprecated]
 %error-verbose
 ^~~~~~~~~~~~~~
external/libnl3++_repo_rules+libnl3_src/lib/route/cls/ematch_syntax.y:28.1-22: warning: deprecated directive, use '%define api.prefix {ematch_}' [-Wdeprecated]
 %name-prefix "ematch_"
 ^~~~~~~~~~~~~~~~~~~~~~
external/libnl3++_repo_rules+libnl3_src/lib/route/cls/ematch_syntax.y:145.6: warning: empty rule without %empty [-Wempty-rule]
 input:
      ^
external/libnl3++_repo_rules+libnl3_src/lib/route/cls/ematch_syntax.y:318.17-30: warning: empty rule without %empty [-Wempty-rule]
 		{ $$ = NULL; }
                 ^~~~~~~~~~~~~~
external/libnl3++_repo_rules+libnl3_src/lib/route/cls/ematch_syntax.y:325.17-30: warning: empty rule without %empty [-Wempty-rule]
 		{ $$ = NULL; }
                 ^~~~~~~~~~~~~~
external/libnl3++_repo_rules+libnl3_src/lib/route/cls/ematch_syntax.y:470.17-27: warning: empty rule without %empty [-Wempty-rule]
 		{ $$ = 0; }
                 ^~~~~~~~~~~
external/libnl3++_repo_rules+libnl3_src/lib/route/cls/ematch_syntax.y:479.17-27: warning: empty rule without %empty [-Wempty-rule]
 		{ $$ = 0; }
                 ^~~~~~~~~~~
external/libnl3++_repo_rules+libnl3_src/lib/route/cls/ematch_syntax.y:486.17-27: warning: empty rule without %empty [-Wempty-rule]
 		{ $$ = 0; }
                 ^~~~~~~~~~~
external/libnl3++_repo_rules+libnl3_src/lib/route/cls/ematch_syntax.y: warning: fix-its can be applied.  Rerun with option '--update'. [-Wother]
[10,803 / 21,686] Executing genrule //dockers/docker-sonic-otel:otelcol_data; 50s linux-sandbox ... (192 actions, 190 running)
INFO: From Bison @@libnl3++_repo_rules+libnl3_src//:pktloc_syntax:
external/libnl3++_repo_rules+libnl3_src/lib/route/pktloc_syntax.y:10.1-14: warning: deprecated directive, use '%define parse.error verbose' [-Wdeprecated]
 %error-verbose
 ^~~~~~~~~~~~~~
external/libnl3++_repo_rules+libnl3_src/lib/route/pktloc_syntax.y:12.1-22: warning: deprecated directive, use '%define api.prefix {pktloc_}' [-Wdeprecated]
 %name-prefix "pktloc_"
 ^~~~~~~~~~~~~~~~~~~~~~
external/libnl3++_repo_rules+libnl3_src/lib/route/pktloc_syntax.y:46.6: warning: empty rule without %empty [-Wempty-rule]
 input:
      ^
external/libnl3++_repo_rules+libnl3_src/lib/route/pktloc_syntax.y:87.17-43: warning: empty rule without %empty [-Wempty-rule]
 		{ $$ = TCF_LAYER_NETWORK; }
                 ^~~~~~~~~~~~~~~~~~~~~~~~~~~
external/libnl3++_repo_rules+libnl3_src/lib/route/pktloc_syntax.y:94.17-27: warning: empty rule without %empty [-Wempty-rule]
 		{ $$ = 0; }
                 ^~~~~~~~~~~
external/libnl3++_repo_rules+libnl3_src/lib/route/pktloc_syntax.y:101.17-27: warning: empty rule without %empty [-Wempty-rule]
 		{ $$ = 0; }
                 ^~~~~~~~~~~
external/libnl3++_repo_rules+libnl3_src/lib/route/pktloc_syntax.y: warning: fix-its can be applied.  Rerun with option '--update'. [-Wother]
INFO: From Compiling lib/cache_mngr.c:
<command-line>: warning: "_FORTIFY_SOURCE" redefined
<command-line>: note: this is the location of the previous definition
INFO: From Compiling support.c:
external/pam-tacplus++_repo_rules+pam_tacplus_src/support.c: In function 'reset_config_variables':
external/pam-tacplus++_repo_rules+pam_tacplus_src/support.c:298:1: warning: control reaches end of non-void function [-Wreturn-type]
  298 | }
      | ^
external/pam-tacplus++_repo_rules+pam_tacplus_src/support.c: In function '_pam_parse_arg.part.0':
external/pam-tacplus++_repo_rules+pam_tacplus_src/support.c:408:9: warning: '__builtin_strncpy' specified bound 64 equals destination size [-Wstringop-truncation]
  408 |         strncpy (tac_source_ip, arg + strlen("source_ip="), sizeof(tac_source_ip));
      |         ^
INFO: From Executing genrule @@sonic-fib+//:gen_nexthopgroupfull_h:
✅ Generated bazel-out/k8-opt/bin/external/sonic-fib+/nexthopgroupfull.h (mode: header)
INFO: From Compiling libtac/lib/header.c:
external/pam-tacplus++_repo_rules+pam_tacplus_src/libtac/lib/header.c: In function '_tac_req_header':
external/pam-tacplus++_repo_rules+pam_tacplus_src/libtac/lib/header.c:93:9: warning: 'RAND_pseudo_bytes' is deprecated: Since OpenSSL 1.1.0 [-Wdeprecated-declarations]
   93 |         RAND_pseudo_bytes((unsigned char *) &session_id, sizeof(session_id));
      |         ^~~~~~~~~~~~~~~~~
In file included from external/pam-tacplus++_repo_rules+pam_tacplus_src/libtac/lib/header.c:30:
bazel-out/k8-opt/bin/external/rules_distroless++apt+trixie-security_libssl-dev-amd64_3.5.5-1_deb13u2/usr/include/openssl/rand.h:81:29: note: declared here
   81 | OSSL_DEPRECATEDIN_1_1_0 int RAND_pseudo_bytes(unsigned char *buf, int num);
      |                             ^~~~~~~~~~~~~~~~~
INFO: From Action external/sonic-mgmt-framework+/build/cli:
/data/sonic/sonic-dzf-time-measure/.measure/20260901-233744/bazel-fully-cold-attempt3/output-base/sandbox/linux-sandbox/2922/execroot/_main/bazel-out/k8-opt-exec-ST-d57f47055a04/bin/external/sonic-mgmt-framework+/CLI/clitree/bazel/clitree_build.runfiles/sonic-mgmt-framework+/CLI/clitree/bazel/clitree_build.py:32: FutureWarning: This search incorrectly ignores the root element, and will be fixed in a future version.  If you rely on the current behaviour, change it to './ENTITYLIST/ENTITYNAME'
  for e in doc.findall("/ENTITYLIST/ENTITYNAME"):
/data/sonic/sonic-dzf-time-measure/.measure/20260901-233744/bazel-fully-cold-attempt3/output-base/sandbox/linux-sandbox/2922/execroot/_main/external/sonic-mgmt-framework+/CLI/clitree/scripts/klish_replace_macro.py:241: SyntaxWarning: invalid escape sequence '\,'
  line = line.replace('\,', '#')
Resolving nested macro references in bazel-out/k8-opt/bin/external/sonic-mgmt-framework+/build/cli/cli-macro/
Writing  bazel-out/k8-opt/bin/external/sonic-mgmt-framework+/build/cli/cli-macro/acl_macro.xml
Writing  bazel-out/k8-opt/bin/external/sonic-mgmt-framework+/build/cli/cli-macro/acl_macro.xml
Writing  bazel-out/k8-opt/bin/external/sonic-mgmt-framework+/build/cli/cli-macro/acl_macro.xml
Writing  bazel-out/k8-opt/bin/external/sonic-mgmt-framework+/build/cli/cli-macro/acl_macro.xml
Writing  bazel-out/k8-opt/bin/external/sonic-mgmt-framework+/build/cli/cli-macro/acl_macro.xml
Writing  bazel-out/k8-opt/bin/external/sonic-mgmt-framework+/build/cli/cli-macro/acl_macro.xml
Processing directory: bazel-out/k8-opt/bin/external/sonic-mgmt-framework+/build/cli/command-tree/
Writing  bazel-out/k8-opt/bin/external/sonic-mgmt-framework+/build/cli/command-tree/ipv4.xml
Writing  bazel-out/k8-opt/bin/external/sonic-mgmt-framework+/build/cli/command-tree/startup.xml
Writing  bazel-out/k8-opt/bin/external/sonic-mgmt-framework+/build/cli/command-tree/ip.xml
Writing  bazel-out/k8-opt/bin/external/sonic-mgmt-framework+/build/cli/command-tree/ipv6.xml
Writing  bazel-out/k8-opt/bin/external/sonic-mgmt-framework+/build/cli/command-tree/acl.xml
Writing  bazel-out/k8-opt/bin/external/sonic-mgmt-framework+/build/cli/command-tree/sonic_types.xml
Writing  bazel-out/k8-opt/bin/external/sonic-mgmt-framework+/build/cli/command-tree/show_techsupport.xml
Writing  bazel-out/k8-opt/bin/external/sonic-mgmt-framework+/build/cli/command-tree/enable_mode.xml
Writing  bazel-out/k8-opt/bin/external/sonic-mgmt-framework+/build/cli/command-tree/mclag.xml
Writing  bazel-out/k8-opt/bin/external/sonic-mgmt-framework+/build/cli/command-tree/configure_mode.xml
Writing  bazel-out/k8-opt/bin/external/sonic-mgmt-framework+/build/cli/command-tree/interface.xml
Writing  bazel-out/k8-opt/bin/external/sonic-mgmt-framework+/build/cli/command-tree/platform.xml
Writing  bazel-out/k8-opt/bin/external/sonic-mgmt-framework+/build/cli/command-tree/system.xml
Writing  bazel-out/k8-opt/bin/external/sonic-mgmt-framework+/build/cli/command-tree/lldp.xml
Done
Processed view name ['name']
Processed view name ['name']
Skipping File ipv4.xml ...
Skipping File startup.xml ...
Processed view name ['name']
Skipping File ip.xml ...
Processed view name ['name']
Skipping File ipv6.xml ...
Processed view name ['name']
Processed view name ['name']
Processed view name ['name']
Processed view name ['name', 'prompt', 'depth']
Appending to view configure-acl-ipv4-view ...
b'<VIEW xmlns="http://www.dellemc.com/sonic/XMLSchema" xmlns:xsi="http://www.w3.org/2001/XMLSchema-instance" xmlns:xi="http://www.w3.org/2001/XInclude" name="configure-acl-ipv4-view" prompt="${SYSTEM_NAME}(config-ipv4-acl)# " depth="2">\n  <NAMESPACE ref="hidden-view" help="false" completion="false"/>\n  <NAMESPACE ref="enable-view" help="true" prefix="do" completion="true"/>\n  <COMMAND name="exit" help="Exit from current mode" lock="false">\n            \t  <ACTION builtin="clish_nested_up"/>\n  </COMMAND>\n  <COMMAND name="end" help="Exit to EXEC mode" view="enable-view"/>\n  <!-- Inheritance -->\n  <NAMESPACE ref="configure-view" help="false" completion="false"/>\n  <!-- show configuration -->\n  <COMMAND name="show configuration" help="Current configuration">\n    <ACTION builtin="clish_nop"> </ACTION>\n    <xi:include href="include/pipe.xml"/>\n  </COMMAND>\n  <COMMAND name="no" help="Negate a command or set its defaults"> </COMMAND>\n  <COMMAND name="no seq" help="Sequence number">\n    <PARAM name="seq-no" help="Sequence number" ptype="RANGE_1_65535"/>\n    <ACTION>python3 $SONIC_CLI_ROOT/sonic-cli-acl.py delete_openconfig_acl_acl_acl_sets_acl_set_acl_entries_acl_entry ${name} ACL_IPV4 ${seq-no}</ACTION>\n  </COMMAND>\n  <COMMAND name="seq" help="Sequence number">\n    <PARAM name="seq-no" help="Sequence number" ptype="RANGE_1_65535">\n      <PARAM name="seq-options" help="" ptype="SUBCOMMAND" mode="switch">\n        <PARAM name="deny" help="Configure deny criteria" ptype="SUBCOMMAND" mode="subcommand">\n          <PARAM name="deny-options" help="" ptype="SUBCOMMAND" mode="switch">\n            <!-- deny <0-255> -->\n            <PARAM name="protocol" help="Protocol number(1,2,6,17,46,47,51,103,115)" ptype="RANGE_0_255">\n              <PARAM name="src-options-switch" help="" ptype="SUBCOMMAND" mode="switch">\n                <PARAM name="src-prefix" help="Source prefix" ptype="IP_ADDR_MASK"> </PARAM>\n                <PARAM name="src-any" help="Any source address" ptype="SUBCOMMAND" mode="subcommand" value="any"> </PARAM>\n              </PARAM>\n              <PARAM name="dest-options-switch" help="" ptype="SUBCOMMAND" mode="switch">\n                <PARAM name="dest-prefix" help="Destination prefix" ptype="IP_ADDR_MASK"> </PARAM>\n                <PARAM name="dest-any" help="Any destination address" ptype="SUBCOMMAND" mode="subcommand" value="any"> </PARAM>\n              </PARAM>\n              <PARAM name="dscp" help="Consider only packets matching DSCP value, range:0-63" ptype="SUBCOMMAND" mode="subcommand" optional="true">\n                <PARAM name="dscp-val" help="Consider only packets matching DSCP value" ptype="RANGE_0_63"/>\n              </PARAM>\n            </PARAM>\n            <!-- deny icmp -->\n            <PARAM name="icmp" help="ICMP address" ptype="SUBCOMMAND" mode="subcommand">\n              <PARAM name="src-options-switch" help="" ptype="SUBCOMMAND" mode="switch">\n                <PARAM name="src-prefix" help="Source prefix" ptype="IP_ADDR_MASK"> </PARAM>\n                <PARAM name="src-any" help="Any source address" ptype="SUBCOMMAND" mode="subcommand" value="any"> </PARAM>\n              </PARAM>\n              <PARAM name="dest-options-switch" help="" ptype="SUBCOMMAND" mode="switch">\n                <PARAM name="dest-prefix" help="Destination prefix" ptype="IP_ADDR_MASK"> </PARAM>\n                <PARAM name="dest-any" help="Any destination address" ptype="SUBCOMMAND" mode="subcommand" value="any"> </PARAM>\n              </PARAM>\n              <PARAM name="dscp" help="Consider only packets matching DSCP value, range:0-63" ptype="SUBCOMMAND" mode="subcommand" optional="true">\n                <PARAM name="dscp-val" help="Consider only packets matching DSCP value" ptype="RANGE_0_63"/>\n              </PARAM>\n            </PARAM>\n            <!-- deny tcp -->\n            <PARAM name="tcp" help="TCP packets" ptype="SUBCOMMAND" mode="subcommand">\n              <PARAM name="src-options-switch" help="" ptype="SUBCOMMAND" mode="switch">\n                <PARAM name="src-prefix" help="Source prefix" ptype="IP_ADDR_MASK"> </PARAM>\n                <PARAM name="src-any" help="Any source address" ptype="SUBCOMMAND" mode="subcommand" value="any"> </PARAM>\n              </PARAM>\n              <PARAM name="src-port-options-switch" help="" ptype="SUBCOMMAND" mode="switch" optional="true">\n                <PARAM name="src-eq" help="Match only packets on a given port number" ptype="SUBCOMMAND" mode="subcommand" optional="true">\n                  <PARAM name="src-port-number" help="port number" ptype="RANGE_0_65535"/>\n                </PARAM>\n              </PARAM>\n              <PARAM name="dest-options-switch" help="" ptype="SUBCOMMAND" mode="switch">\n                <PARAM name="dest-prefix" help="Destination prefix" ptype="IP_ADDR_MASK"> </PARAM>\n                <PARAM name="dest-any" help="Any destination address" ptype="SUBCOMMAND" mode="subcommand" value="any"> </PARAM>\n              </PARAM>\n              <PARAM name="dst-port-options-switch" help="" ptype="SUBCOMMAND" mode="switch" optional="true">\n                <PARAM name="dst-eq" help="Match only packets on a given port number" ptype="SUBCOMMAND" mode="subcommand" optional="true">\n                  <PARAM name="dst-port-number" help="port number" ptype="RANGE_0_65535"/>\n                </PARAM>\n              </PARAM>\n              <PARAM name="dscp" help="Consider only packets matching DSCP value, range:0-63" ptype="SUBCOMMAND" mode="subcommand" optional="true">\n                <PARAM name="dscp-val" help="Consider only packets matching DSCP value" ptype="RANGE_0_63"/>\n              </PARAM>\n              <PARAM name="fin" help="Match on the FIN bit" ptype="SUBCOMMAND" mode="subcommand" optional="true"/>\n              <PARAM name="syn" help="Match on the SYN bit" ptype="SUBCOMMAND" mode="subcommand" optional="true"/>\n              <PARAM name="rst" help="Match on the RST bit" ptype="SUBCOMMAND" mode="subcommand" optional="true"/>\n              <PARAM name="psh" help="Match on the PSH bit" ptype="SUBCOMMAND" mode="subcommand" optional="true"/>\n              <PARAM name="ack" help="Match on the ACK bit" ptype="SUBCOMMAND" mode="subcommand" optional="true"/>\n              <PARAM name="urg" help="Match on the URG bit" ptype="SUBCOMMAND" mode="subcommand" optional="true"/>\n            </PARAM>\n            <!-- permit udp -->\n            <PARAM name="udp" help="UDP packets" ptype="SUBCOMMAND" mode="subcommand">\n              <PARAM name="src-options-switch" help="" ptype="SUBCOMMAND" mode="switch">\n                <PARAM name="src-prefix" help="Source prefix" ptype="IP_ADDR_MASK"> </PARAM>\n                <PARAM name="src-any" help="Any source address" ptype="SUBCOMMAND" mode="subcommand" value="any"> </PARAM>\n              </PARAM>\n              <PARAM name="src-port-options-switch" help="" ptype="SUBCOMMAND" mode="switch" optional="true">\n                <PARAM name="src-eq" help="Match only packets on a given port number" ptype="SUBCOMMAND" mode="subcommand" optional="true">\n                  <PARAM name="src-port-number" help="port number" ptype="RANGE_0_65535"/>\n                </PARAM>\n              </PARAM>\n              <PARAM name="dest-options-switch" help="" ptype="SUBCOMMAND" mode="switch">\n                <PARAM name="dest-prefix" help="Destination prefix" ptype="IP_ADDR_MASK"> </PARAM>\n                <PARAM name="dest-any" help="Any destination address" ptype="SUBCOMMAND" mode="subcommand" value="any"> </PARAM>\n              </PARAM>\n              <PARAM name="dst-port-options-switch" help="" ptype="SUBCOMMAND" mode="switch" optional="true">\n                <PARAM name="dst-eq" help="Match only packets on a given port number" ptype="SUBCOMMAND" mode="subcommand" optional="true">\n                  <PARAM name="dst-port-number" help="port number" ptype="RANGE_0_65535"/>\n                </PARAM>\n              </PARAM>\n              <PARAM name="dscp" help="Consider only packets matching DSCP value, range:0-63" ptype="SUBCOMMAND" mode="subcommand" optional="true">\n                <PARAM name="dscp-val" help="Consider only packets matching DSCP value" ptype="RANGE_0_63"/>\n              </PARAM>\n            </PARAM>\n          </PARAM>\n        </PARAM>\n        <PARAM name="permit" help="Configure permit criteria" ptype="SUBCOMMAND" mode="subcommand">\n          <PARAM name="permit-options" help="" ptype="SUBCOMMAND" mode="switch">\n            <!-- permit <0-255> -->\n            <PARAM name="proto-num" help="Protocol number(1,2,6,17,46,47,51,103,115)" ptype="RANGE_0_255">\n              <PARAM name="src-options-switch" help="" ptype="SUBCOMMAND" mode="switch">\n                <PARAM name="src-prefix" help="Source prefix" ptype="IP_ADDR_MASK"> </PARAM>\n                <PARAM name="src-any" help="Any source address" ptype="SUBCOMMAND" mode="subcommand" value="any"> </PARAM>\n              </PARAM>\n              <PARAM name="dest-options-switch" help="" ptype="SUBCOMMAND" mode="switch">\n                <PARAM name="dest-prefix" help="Destination prefix" ptype="IP_ADDR_MASK"> </PARAM>\n                <PARAM name="dest-any" help="Any destination address" ptype="SUBCOMMAND" mode="subcommand" value="any"> </PARAM>\n              </PARAM>\n              <PARAM name="dscp" help="Consider only packets matching DSCP value, range:0-63" ptype="SUBCOMMAND" mode="subcommand" optional="true">\n                <PARAM name="dscp-val" help="Consider only packets matching DSCP value" ptype="RANGE_0_63"/>\n              </PARAM>\n            </PARAM>\n            <!-- permit icmp -->\n            <PARAM name="icmp" help="ICMP address" ptype="SUBCOMMAND" mode="subcommand">\n              <PARAM name="src-options-switch" help="" ptype="SUBCOMMAND" mode="switch">\n                <PARAM name="src-prefix" help="Source prefix" ptype="IP_ADDR_MASK"> </PARAM>\n                <PARAM name="src-any" help="Any source address" ptype="SUBCOMMAND" mode="subcommand" value="any"> </PARAM>\n              </PARAM>\n              <PARAM name="dest-options-switch" help="" ptype="SUBCOMMAND" mode="switch">\n                <PARAM name="dest-prefix" help="Destination prefix" ptype="IP_ADDR_MASK"> </PARAM>\n                <PARAM name="dest-any" help="Any destination address" ptype="SUBCOMMAND" mode="subcommand" value="any"> </PARAM>\n              </PARAM>\n              <PARAM name="dscp" help="Consider only packets matching DSCP value, range:0-63" ptype="SUBCOMMAND" mode="subcommand" optional="true">\n                <PARAM name="dscp-val" help="Consider only packets matching DSCP value" ptype="RANGE_0_63"/>\n              </PARAM>\n            </PARAM>\n            <!-- permit tcp -->\n            <PARAM name="tcp" help="TCP packets" ptype="SUBCOMMAND" mode="subcommand">\n              <PARAM name="src-options-switch" help="" ptype="SUBCOMMAND" mode="switch">\n                <PARAM name="src-prefix" help="Source prefix" ptype="IP_ADDR_MASK"> </PARAM>\n                <PARAM name="src-any" help="Any source address" ptype="SUBCOMMAND" mode="subcommand" value="any"> </PARAM>\n              </PARAM>\n              <PARAM name="src-port-options-switch" help="" ptype="SUBCOMMAND" mode="switch" optional="true">\n                <PARAM name="src-eq" help="Match only packets on a given port number" ptype="SUBCOMMAND" mode="subcommand" optional="true">\n                  <PARAM name="src-port-number" help="port number" ptype="RANGE_0_65535"/>\n                </PARAM>\n              </PARAM>\n              <PARAM name="dest-options-switch" help="" ptype="SUBCOMMAND" mode="switch">\n                <PARAM name="dest-prefix" help="Destination prefix" ptype="IP_ADDR_MASK"> </PARAM>\n                <PARAM name="dest-any" help="Any destination address" ptype="SUBCOMMAND" mode="subcommand" value="any"> </PARAM>\n              </PARAM>\n              <PARAM name="dst-port-options-switch" help="" ptype="SUBCOMMAND" mode="switch" optional="true">\n                <PARAM name="dst-eq" help="Match only packets on a given port number" ptype="SUBCOMMAND" mode="subcommand" optional="true">\n                  <PARAM name="dst-port-number" help="port number" ptype="RANGE_0_65535"/>\n                </PARAM>\n              </PARAM>\n              <PARAM name="dscp" help="Consider only packets matching DSCP value, range:0-63" ptype="SUBCOMMAND" mode="subcommand" optional="true">\n                <PARAM name="dscp-val" help="Consider only packets matching DSCP value" ptype="RANGE_0_63"/>\n              </PARAM>\n              <PARAM name="fin" help="Match on the FIN bit" ptype="SUBCOMMAND" mode="subcommand" optional="true"/>\n              <PARAM name="syn" help="Match on the SYN bit" ptype="SUBCOMMAND" mode="subcommand" optional="true"/>\n              <PARAM name="rst" help="Match on the RST bit" ptype="SUBCOMMAND" mode="subcommand" optional="true"/>\n              <PARAM name="psh" help="Match on the PSH bit" ptype="SUBCOMMAND" mode="subcommand" optional="true"/>\n              <PARAM name="ack" help="Match on the ACK bit" ptype="SUBCOMMAND" mode="subcommand" optional="true"/>\n              <PARAM name="urg" help="Match on the URG bit" ptype="SUBCOMMAND" mode="subcommand" optional="true"/>\n            </PARAM>\n            <!-- permit udp -->\n            <PARAM name="udp" help="UDP packets" ptype="SUBCOMMAND" mode="subcommand">\n              <PARAM name="src-options-switch" help="" ptype="SUBCOMMAND" mode="switch">\n                <PARAM name="src-prefix" help="Source prefix" ptype="IP_ADDR_MASK"> </PARAM>\n                <PARAM name="src-any" help="Any source address" ptype="SUBCOMMAND" mode="subcommand" value="any"> </PARAM>\n              </PARAM>\n              <PARAM name="src-port-options-switch" help="" ptype="SUBCOMMAND" mode="switch" optional="true">\n                <PARAM name="src-eq" help="Match only packets on a given port number" ptype="SUBCOMMAND" mode="subcommand" optional="true">\n                  <PARAM name="src-port-number" help="port number" ptype="RANGE_0_65535"/>\n                </PARAM>\n              </PARAM>\n              <PARAM name="dest-options-switch" help="" ptype="SUBCOMMAND" mode="switch">\n                <PARAM name="dest-prefix" help="Destination prefix" ptype="IP_ADDR_MASK"> </PARAM>\n                <PARAM name="dest-any" help="Any destination address" ptype="SUBCOMMAND" mode="subcommand" value="any"> </PARAM>\n              </PARAM>\n              <PARAM name="dst-port-options-switch" help="" ptype="SUBCOMMAND" mode="switch" optional="true">\n                <PARAM name="dst-eq" help="Match only packets on a given port number" ptype="SUBCOMMAND" mode="subcommand" optional="true">\n                  <PARAM name="dst-port-number" help="port number" ptype="RANGE_0_65535"/>\n                </PARAM>\n              </PARAM>\n              <PARAM name="dscp" help="Consider only packets matching DSCP value, range:0-63" ptype="SUBCOMMAND" mode="subcommand" optional="true">\n                <PARAM name="dscp-val" help="Consider only packets matching DSCP value" ptype="RANGE_0_63"/>\n              </PARAM>\n            </PARAM>\n          </PARAM>\n        </PARAM>\n      </PARAM>\n    </PARAM>\n    <ACTION> python3 $SONIC_CLI_ROOT/sonic-cli-acl.py patch_list_openconfig_acl_acl_acl_sets_acl_set_acl_entries_acl_entry ${name} ACL_IPV4 ${__params} </ACTION>\n  </COMMAND>\n</VIEW>\n'
VIEW_LIST:
Writing File bazel-out/k8-opt/bin/external/sonic-mgmt-framework+/build/cli/command-tree/acl.xml ...
Skipping File sonic_types.xml ...
Processed view name ['name']
Skipping File show_techsupport.xml ...
Processed view name ['name', 'prompt']
Processed view name ['name', 'prompt']
Skipping File enable_mode.xml ...
Processed view name ['name']
Processed view name ['name', 'prompt', 'depth']
Appending to view configure-mclag-view ...
b'<VIEW xmlns="http://www.dellemc.com/sonic/XMLSchema" xmlns:xsi="http://www.w3.org/2001/XMLSchema-instance" xmlns:xi="http://www.w3.org/2001/XInclude" name="configure-mclag-view" prompt="${SYSTEM_NAME}(config-mclag-domain-${id})# " depth="2">\n  <NAMESPACE ref="hidden-view" help="false" completion="false"/>\n  <NAMESPACE ref="enable-view" help="true" prefix="do" completion="true"/>\n  <COMMAND name="exit" help="Exit from current mode" lock="false">\n            \t  <ACTION builtin="clish_nested_up"/>\n  </COMMAND>\n  <COMMAND name="end" help="Exit to EXEC mode" view="enable-view"/>\n  <!-- Inheritance -->\n  <NAMESPACE ref="configure-view" help="false" completion="false"/>\n  <!-- show configuration -->\n  <COMMAND name="show configuration" help="Current configuration">\n    <ACTION builtin="clish_nop"> </ACTION>\n    <xi:include href="include/pipe.xml"/>\n    <xi:include href="include/pipe.xml"/>\n  </COMMAND>\n  <COMMAND name="no" help="Negate a command or set its defaults">\n    <ACTION builtin="clish_nop"> </ACTION>\n  </COMMAND>\n  <COMMAND name="source-ip" help="Set mclag source IPv4 address">\n    <PARAM name="SIP" help="Source IPv4 address" ptype="IP_ADDR"> </PARAM>\n    <ACTION builtin="clish_pyobj">sonic_cli_mclag patch_sonic_mclag_sonic_mclag_mclag_domain_mclag_domain_list_source_ip ${id} ${SIP} </ACTION>\n  </COMMAND>\n  <COMMAND name="no source-ip" help="unset source IPV4 address">\n    <ACTION builtin="clish_pyobj">sonic_cli_mclag delete_sonic_mclag_sonic_mclag_mclag_domain_mclag_domain_list_source_ip ${id} </ACTION>\n  </COMMAND>\n  <COMMAND name="peer-ip" help="Set mclag Peer IPv4 address">\n    <PARAM name="PIP" help="MCLAG Peer IPv4 address" ptype="IP_ADDR"> </PARAM>\n    <ACTION builtin="clish_pyobj">sonic_cli_mclag patch_sonic_mclag_sonic_mclag_mclag_domain_mclag_domain_list_peer_ip ${id} ${PIP} </ACTION>\n  </COMMAND>\n  <COMMAND name="no peer-ip" help="unset Peer IPV4 Address">\n    <ACTION builtin="clish_pyobj">sonic_cli_mclag delete_sonic_mclag_sonic_mclag_mclag_domain_mclag_domain_list_peer_ip ${id} </ACTION>\n  </COMMAND>\n  <COMMAND name="peer-link" help="Set mclag Peer Interface">\n    <PARAM name="if-subcommands" help="Interface subcommands" mode="switch" ptype="SUBCOMMAND">\n      <PARAM name="Ethernet" help="Ethernet IEEE 802.3" ptype="SUBCOMMAND" mode="subcommand">\n        <PARAM name="PLK" help="Physical interface" ptype="UINT"> </PARAM>\n      </PARAM>\n      <PARAM name="PortChannel" help="Port-channel ID" ptype="SUBCOMMAND" mode="subcommand">\n        <PARAM name="PLK" help="Port-channel id" ptype="LAG_ID"> </PARAM>\n      </PARAM>\n    </PARAM>\n    <ACTION builtin="clish_pyobj">sonic_cli_mclag patch_sonic_mclag_sonic_mclag_mclag_domain_mclag_domain_list_peer_link ${id} ${PLK} ${if-subcommands} </ACTION>\n  </COMMAND>\n  <COMMAND name="no peer-link" help="unset mclag Interface">\n    <ACTION builtin="clish_pyobj">sonic_cli_mclag delete_sonic_mclag_sonic_mclag_mclag_domain_mclag_domain_list_peer_link ${id} </ACTION>\n  </COMMAND>\n  <COMMAND name="keepalive-interval" help="Set mclag Session Keepalive interaval in secs">\n    <PARAM name="KA" help="MCLAG Session Keepalive Interval" ptype="MCLAG_KA_INTERVAL_RANGE"> </PARAM>\n    <ACTION builtin="clish_pyobj">sonic_cli_mclag patch_sonic_mclag_sonic_mclag_mclag_domain_mclag_domain_list_keepalive_interval ${id} ${KA} </ACTION>\n  </COMMAND>\n  <COMMAND name="no keepalive-interval" help="unset mclag keepalive interval">\n    <ACTION builtin="clish_nop"/>\n    <ACTION builtin="clish_pyobj">sonic_cli_mclag delete_sonic_mclag_sonic_mclag_mclag_domain_mclag_domain_list_keepalive_interval ${id} </ACTION>\n  </COMMAND>\n  <COMMAND name="session-timeout" help="Set mclag Session Timeout in secs">\n    <PARAM name="ST" help="MCLAG Session Timeout value in secs" ptype="MCLAG_SESSION_TIMEOUT_RANGE"> </PARAM>\n    <ACTION builtin="clish_pyobj">sonic_cli_mclag patch_sonic_mclag_sonic_mclag_mclag_domain_mclag_domain_list_session_timeout ${id} ${ST} </ACTION>\n  </COMMAND>\n  <COMMAND name="no session-timeout" help="unset mclag Session Timeout">\n    <ACTION builtin="clish_pyobj">sonic_cli_mclag delete_sonic_mclag_sonic_mclag_mclag_domain_mclag_domain_list_session_timeout ${id} </ACTION>\n  </COMMAND>\n</VIEW>\n'
VIEW_LIST:
Processed view name ['name']
Writing File bazel-out/k8-opt/bin/external/sonic-mgmt-framework+/build/cli/command-tree/mclag.xml ...
Processed view name ['depth', 'name', 'prompt', 'restore']
Appending to view configure-view ...
b'<VIEW xmlns="http://www.dellemc.com/sonic/XMLSchema" xmlns:xsi="http://www.w3.org/2001/XMLSchema-instance" xmlns:xi="http://www.w3.org/2001/XInclude" depth="1" name="configure-view" prompt="${SYSTEM_NAME}(config)# " restore="depth">\n  <NAMESPACE ref="hidden-view" help="false" completion="false"/>\n  <NAMESPACE ref="enable-view" help="true" prefix="do" completion="true"/>\n  <COMMAND name="exit" help="Exit from current mode" lock="false">\n            \t  <ACTION builtin="clish_nested_up"/>\n  </COMMAND>\n  <COMMAND name="end" help="Exit to EXEC mode" view="enable-view"/>\n  <COMMAND name="no" help="To delete / disable commands in config mode"/>\n</VIEW>\n'
VIEW_LIST:
Writing File bazel-out/k8-opt/bin/external/sonic-mgmt-framework+/build/cli/command-tree/configure_mode.xml ...
Processed view name ['name']
Processed view name ['name']
Processed view name ['name', 'prompt', 'depth']
Appending to view configure-if-view ...
b'<VIEW xmlns="http://www.dellemc.com/sonic/XMLSchema" xmlns:xsi="http://www.w3.org/2001/XMLSchema-instance" xmlns:xi="http://www.w3.org/2001/XInclude" name="configure-if-view" prompt="${SYSTEM_NAME}(conf-if-${iface})# " depth="2">\n  <NAMESPACE ref="hidden-view" help="false" completion="false"/>\n  <NAMESPACE ref="enable-view" help="true" prefix="do" completion="true"/>\n  <COMMAND name="exit" help="Exit from current mode" lock="false">\n            \t  <ACTION builtin="clish_nested_up"/>\n  </COMMAND>\n  <COMMAND name="end" help="Exit to EXEC mode" view="enable-view"/>\n  <!-- Inheritance -->\n  <NAMESPACE ref="configure-view" help="false" completion="false"/>\n  <COMMAND name="no" help="Negate a command or set its defaults"/>\n  <COMMAND name="shutdown" help="Disable the interface">\n    <ACTION>python3 $SONIC_CLI_ROOT/sonic-cli-if.py patch_openconfig_interfaces_interfaces_interface_config_enabled ${iface} False </ACTION>\n  </COMMAND>\n  <COMMAND name="no shutdown" help="Enable the interface">\n    <ACTION>python3 $SONIC_CLI_ROOT/sonic-cli-if.py patch_openconfig_interfaces_interfaces_interface_config_enabled ${iface} True </ACTION>\n  </COMMAND>\n  <COMMAND name="description" help="Textual description">\n    <PARAM name="desc" help="Textual description of the interface" ptype="STRING"/>\n    <ACTION>python3 $SONIC_CLI_ROOT/sonic-cli-if.py patch_openconfig_interfaces_interfaces_interface_config_description ${iface} ${desc} </ACTION>\n  </COMMAND>\n  <COMMAND name="no description" help="Remove description">\n    <ACTION>python3 $SONIC_CLI_ROOT/sonic-cli-if.py patch_openconfig_interfaces_interfaces_interface_config_description ${iface} "" </ACTION>\n  </COMMAND>\n  <COMMAND name="mtu" help="Configure MTU">\n    <PARAM name="mtu" help="MTU of the interface" ptype="RANGE_MTU"/>\n    <ACTION>python3 $SONIC_CLI_ROOT/sonic-cli-if.py patch_openconfig_interfaces_interfaces_interface_config_mtu ${iface} ${mtu} </ACTION>\n  </COMMAND>\n  <COMMAND name="no mtu" help="Remove MTU">\n    <ACTION>python3 $SONIC_CLI_ROOT/sonic-cli-if.py patch_openconfig_interfaces_interfaces_interface_config_mtu ${iface} 9100 </ACTION>\n  </COMMAND>\n</VIEW>\n'
VIEW_LIST:
Writing File bazel-out/k8-opt/bin/external/sonic-mgmt-framework+/build/cli/command-tree/interface.xml ...
Processed view name ['name']
Skipping File platform.xml ...
Processed view name ['name']
Skipping File system.xml ...
Processed view name ['name']
Skipping File lldp.xml ...
Skipping File pipe_without_display_xml.xml ...
Skipping File pipe.xml ...
INFO: From Compiling lib/glob/smatch.c:
external/bash++_repo_rules+bash_src/lib/glob/smatch.c: In function 'charcmp':
external/bash++_repo_rules+bash_src/lib/glob/smatch.c:108:7: warning: unused variable 'ret' [-Wunused-variable]
  108 |   int ret;
      |       ^~~
external/bash++_repo_rules+bash_src/lib/glob/smatch.c: In function 'is_valid_cclass':
external/bash++_repo_rules+bash_src/lib/glob/smatch.c:218:17: warning: comparison of integer expressions of different signedness: 'int' and 'long unsigned int' [-Wsign-compare]
  218 |   for (i = 1; i < N_CHAR_CLASS; i++)
      |                 ^
external/bash++_repo_rules+bash_src/lib/glob/smatch.c: In function 'charcmp_wc':
external/bash++_repo_rules+bash_src/lib/glob/smatch.c:396:7: warning: unused variable 'r' [-Wunused-variable]
  396 |   int r;
      |       ^
external/bash++_repo_rules+bash_src/lib/glob/smatch.c: In function 'collequiv_wc':
external/bash++_repo_rules+bash_src/lib/glob/smatch.c:431:14: warning: unused variable 'p' [-Wunused-variable]
  431 |   wchar_t s, p;
      |              ^
external/bash++_repo_rules+bash_src/lib/glob/smatch.c:431:11: warning: unused variable 's' [-Wunused-variable]
  431 |   wchar_t s, p;
      |           ^
external/bash++_repo_rules+bash_src/lib/glob/smatch.c: In function 'posix_cclass_only':
external/bash++_repo_rules+bash_src/lib/glob/smatch.c:550:20: warning: comparison of integer expressions of different signedness: 'long int' and 'long unsigned int' [-Wsign-compare]
  550 |       if ((p1 - p) >= sizeof (cc))
      |                    ^~
In file included from external/bash++_repo_rules+bash_src/lib/glob/smatch.c:596:
external/bash++_repo_rules+bash_src/lib/glob/sm_loop.c: In function 'gmatch_wc':
external/bash++_repo_rules+bash_src/lib/glob/sm_loop.c:295:66: warning: operand of '?:' changes signedness from 'wchar_t' {aka 'int'} to 'wint_t' {aka 'unsigned int'} due to unsignedness of other operand [-Wsign-compare]
  295 |             c1 = ((flags & FNM_NOESCAPE) == 0 && c == L('\\')) ? *p : c;
      |                                                                  ^~
external/bash++_repo_rules+bash_src/lib/glob/smatch.c:565:74: warning: operand of '?:' changes signedness from 'wchar_t' {aka 'int'} to 'wint_t' {aka 'unsigned int'} due to unsignedness of other operand [-Wsign-compare]
  565 | #define FOLD(c) ((flags & FNM_CASEFOLD) && iswupper (c) ? towlower (c) : (c))
      |                                                                          ^~~
external/bash++_repo_rules+bash_src/lib/glob/sm_loop.c:302:67: note: in expansion of macro 'FOLD'
  302 |                 if ((flags & FNM_EXTMATCH) == 0 && c != L('[') && FOLD (*n) != c1) /*]*/
      |                                                                   ^~~~
external/bash++_repo_rules+bash_src/lib/glob/smatch.c:565:74: warning: operand of '?:' changes signedness from 'wchar_t' {aka 'int'} to 'wint_t' {aka 'unsigned int'} due to unsignedness of other operand [-Wsign-compare]
  565 | #define FOLD(c) ((flags & FNM_CASEFOLD) && iswupper (c) ? towlower (c) : (c))
      |                                                                          ^~~
external/bash++_repo_rules+bash_src/lib/glob/sm_loop.c:309:68: note: in expansion of macro 'FOLD'
  309 |                     STRCHR (L("?*+@!"), *p) == 0 && c != L('[') && FOLD (*n) != c1) /*]*/
      |                                                                    ^~~~
external/bash++_repo_rules+bash_src/lib/glob/sm_loop.c: In function 'brackmatch_wc':
external/bash++_repo_rules+bash_src/lib/glob/smatch.c:565:74: warning: operand of '?:' changes signedness from 'wchar_t' {aka 'int'} to 'wint_t' {aka 'unsigned int'} due to unsignedness of other operand [-Wsign-compare]
  565 | #define FOLD(c) ((flags & FNM_CASEFOLD) && iswupper (c) ? towlower (c) : (c))
      |                                                                          ^~~
external/bash++_repo_rules+bash_src/lib/glob/sm_loop.c:452:16: note: in expansion of macro 'FOLD'
  452 |           pc = FOLD (p[1]);
      |                ^~~~
external/bash++_repo_rules+bash_src/lib/glob/smatch.c:565:74: warning: operand of '?:' changes signedness from 'wchar_t' {aka 'int'} to 'wint_t' {aka 'unsigned int'} due to unsignedness of other operand [-Wsign-compare]
  565 | #define FOLD(c) ((flags & FNM_CASEFOLD) && iswupper (c) ? towlower (c) : (c))
      |                                                                          ^~~
external/bash++_repo_rules+bash_src/lib/glob/sm_loop.c:466:19: note: in expansion of macro 'FOLD'
  466 |               c = FOLD (c);
      |                   ^~~~
external/bash++_repo_rules+bash_src/lib/glob/sm_loop.c:496:22: warning: comparison of integer expressions of different signedness: 'wint_t' {aka 'unsigned int'} and 'int' [-Wsign-compare]
  496 |               if (pc == -1)
      |                      ^~
external/bash++_repo_rules+bash_src/lib/glob/smatch.c:565:74: warning: operand of '?:' changes signedness from 'wchar_t' {aka 'int'} to 'wint_t' {aka 'unsigned int'} due to unsignedness of other operand [-Wsign-compare]
  565 | #define FOLD(c) ((flags & FNM_CASEFOLD) && iswupper (c) ? towlower (c) : (c))
      |                                                                          ^~~
external/bash++_repo_rules+bash_src/lib/glob/sm_loop.c:531:19: note: in expansion of macro 'FOLD'
  531 |               c = FOLD (c);
      |                   ^~~~
external/bash++_repo_rules+bash_src/lib/glob/smatch.c:565:74: warning: operand of '?:' changes signedness from 'wchar_t' {aka 'int'} to 'wint_t' {aka 'unsigned int'} due to unsignedness of other operand [-Wsign-compare]
  565 | #define FOLD(c) ((flags & FNM_CASEFOLD) && iswupper (c) ? towlower (c) : (c))
      |                                                                          ^~~
external/bash++_repo_rules+bash_src/lib/glob/sm_loop.c:557:23: note: in expansion of macro 'FOLD'
  557 |       cstart = cend = FOLD (cstart);
      |                       ^~~~
external/bash++_repo_rules+bash_src/lib/glob/smatch.c:565:74: warning: operand of '?:' changes signedness from 'wchar_t' {aka 'int'} to 'wint_t' {aka 'unsigned int'} due to unsignedness of other operand [-Wsign-compare]
  565 | #define FOLD(c) ((flags & FNM_CASEFOLD) && iswupper (c) ? towlower (c) : (c))
      |                                                                          ^~~
external/bash++_repo_rules+bash_src/lib/glob/sm_loop.c:569:11: note: in expansion of macro 'FOLD'
  569 |       c = FOLD (c);
      |           ^~~~
external/bash++_repo_rules+bash_src/lib/glob/smatch.c:565:74: warning: operand of '?:' changes signedness from 'wchar_t' {aka 'int'} to 'wint_t' {aka 'unsigned int'} due to unsignedness of other operand [-Wsign-compare]
  565 | #define FOLD(c) ((flags & FNM_CASEFOLD) && iswupper (c) ? towlower (c) : (c))
      |                                                                          ^~~
external/bash++_repo_rules+bash_src/lib/glob/sm_loop.c:597:18: note: in expansion of macro 'FOLD'
  597 |           cend = FOLD (cend);
      |                  ^~~~
external/bash++_repo_rules+bash_src/lib/glob/smatch.c:565:74: warning: operand of '?:' changes signedness from 'wchar_t' {aka 'int'} to 'wint_t' {aka 'unsigned int'} due to unsignedness of other operand [-Wsign-compare]
  565 | #define FOLD(c) ((flags & FNM_CASEFOLD) && iswupper (c) ? towlower (c) : (c))
      |                                                                          ^~~
external/bash++_repo_rules+bash_src/lib/glob/sm_loop.c:610:19: note: in expansion of macro 'FOLD'
  610 |               c = FOLD (c);
      |                   ^~~~
external/bash++_repo_rules+bash_src/lib/glob/sm_loop.c:616:32: warning: comparison of integer expressions of different signedness: 'wint_t' {aka 'unsigned int'} and 'wchar_t' {aka 'int'} [-Wsign-compare]
  616 |       if (isrange == 0 && test == cstart)
      |                                ^~
external/bash++_repo_rules+bash_src/lib/glob/sm_loop.c: In function 'glob_patscan_wc':
external/bash++_repo_rules+bash_src/lib/glob/sm_loop.c:752:34: warning: comparison of integer expressions of different signedness: 'wchar_t' {aka 'int'} and 'wint_t' {aka 'unsigned int'} [-Wsign-compare]
  752 |               if (cchar && s[-1] == cchar)
      |                                  ^~
external/bash++_repo_rules+bash_src/lib/glob/smatch.c: In function 'xstrmatch':
external/bash++_repo_rules+bash_src/lib/glob/smatch.c:610:29: warning: unused variable 'mslen' [-Wunused-variable]
  610 |   size_t plen, slen, mplen, mslen;
      |                             ^~~~~
external/bash++_repo_rules+bash_src/lib/glob/smatch.c:610:22: warning: unused variable 'mplen' [-Wunused-variable]
  610 |   size_t plen, slen, mplen, mslen;
      |                      ^~~~~
external/bash++_repo_rules+bash_src/lib/glob/smatch.c:610:16: warning: unused variable 'slen' [-Wunused-variable]
  610 |   size_t plen, slen, mplen, mslen;
      |                ^~~~
external/bash++_repo_rules+bash_src/lib/glob/smatch.c:610:10: warning: unused variable 'plen' [-Wunused-variable]
  610 |   size_t plen, slen, mplen, mslen;
      |          ^~~~
INFO: From Compiling teamd/teamd_usock.c:
external/libteam++_repo_rules+libteam_src/teamd/teamd_usock.c: In function 'callback_usock_acc_conn':
external/libteam++_repo_rules+libteam_src/teamd/teamd_usock.c:204:67: warning: unused parameter 'events' [-Wunused-parameter]
  204 | static int callback_usock_acc_conn(struct teamd_context *ctx, int events,
      |                                                               ~~~~^~~~~~
external/libteam++_repo_rules+libteam_src/teamd/teamd_usock.c: In function 'callback_usock':
external/libteam++_repo_rules+libteam_src/teamd/teamd_usock.c:272:58: warning: unused parameter 'events' [-Wunused-parameter]
  272 | static int callback_usock(struct teamd_context *ctx, int events, void *priv)
      |                                                      ~~~~^~~~~~
external/libteam++_repo_rules+libteam_src/teamd/teamd_usock.c:272:72: warning: unused parameter 'priv' [-Wunused-parameter]
  272 | static int callback_usock(struct teamd_context *ctx, int events, void *priv)
      |                                                                  ~~~~~~^~~~
INFO: From Compiling btf_encoder.c [for tool]:
external/sonic-build-infra++_repo_rules2+dwarves_src/btf_encoder.c: In function 'btf_encoder__tag_kfunc':
external/sonic-build-infra++_repo_rules2+dwarves_src/btf_encoder.c:1827:16: warning: assignment discards 'const' qualifier from pointer target type [-Wdiscarded-qualifiers]
 1827 |         target = bsearch(&key, base, cnt, sizeof(key), btf_func_cmp);
      |                ^
external/sonic-build-infra++_repo_rules2+dwarves_src/btf_encoder.c: In function 'btf_encoder__add_func_proto':
external/sonic-build-infra++_repo_rules2+dwarves_src/btf_encoder.c:752:65: warning: 'state' may be used uninitialized [-Wmaybe-uninitialized]
  752 |                         struct btf_encoder_func_parm *p = &state->parms[param_idx];
      |                                                            ~~~~~^~~~~~~
external/sonic-build-infra++_repo_rules2+dwarves_src/btf_encoder.c:705:40: note: 'state' was declared here
  705 |         struct btf_encoder_func_state *state;
      |                                        ^~~~~
INFO: From Compiling mce-intel-haswell.c:
external/rasdaemon++_repo_rules+rasdaemon_src/mce-intel-haswell.c: In function 'hsw_decode_model':
external/rasdaemon++_repo_rules+rasdaemon_src/mce-intel-haswell.c:186:19: warning: comparison of integer expressions of different signedness: 'unsigned int' and 'int' [-Wsign-compare]
  186 |         if (rank0 != -1 && rank1 != -1)
      |                   ^~
external/rasdaemon++_repo_rules+rasdaemon_src/mce-intel-haswell.c:186:34: warning: comparison of integer expressions of different signedness: 'unsigned int' and 'int' [-Wsign-compare]
  186 |         if (rank0 != -1 && rank1 != -1)
      |                                  ^~
external/rasdaemon++_repo_rules+rasdaemon_src/mce-intel-haswell.c:189:24: warning: comparison of integer expressions of different signedness: 'unsigned int' and 'int' [-Wsign-compare]
  189 |         else if (rank0 != -1)
      |                        ^~
external/rasdaemon++_repo_rules+rasdaemon_src/mce-intel-haswell.c:119:42: warning: unused parameter 'ras' [-Wunused-parameter]
  119 | void hsw_decode_model(struct ras_events *ras, struct mce_event *e)
      |                       ~~~~~~~~~~~~~~~~~~~^~~
INFO: From Compiling lib/sh/casemod.c:
external/bash++_repo_rules+bash_src/lib/sh/casemod.c: In function 'sh_modcase':
external/bash++_repo_rules+bash_src/lib/sh/casemod.c:46:58: warning: operand of '?:' changes signedness from 'wchar_t' {aka 'int'} to 'wint_t' {aka 'unsigned int'} due to unsignedness of other operand [-Wsign-compare]
   46 | #define _to_wupper(wc)  (iswlower (wc) ? towupper (wc) : (wc))
      |                                                          ^~~~
external/bash++_repo_rules+bash_src/lib/sh/casemod.c:54:57: note: in expansion of macro '_to_wupper'
   54 | #  define TOGGLE(x)     (iswupper (x) ? towlower (x) : (_to_wupper(x)))
      |                                                         ^~~~~~~~~~
external/bash++_repo_rules+bash_src/lib/sh/casemod.c:222:36: note: in expansion of macro 'TOGGLE'
  222 |             case CASE_TOGGLE: nc = TOGGLE (wc); break;
      |                                    ^~~~~~
external/bash++_repo_rules+bash_src/lib/sh/casemod.c:46:58: warning: operand of '?:' changes signedness from 'wchar_t' {aka 'int'} to 'wint_t' {aka 'unsigned int'} due to unsignedness of other operand [-Wsign-compare]
   46 | #define _to_wupper(wc)  (iswlower (wc) ? towupper (wc) : (wc))
      |                                                          ^~~~
external/bash++_repo_rules+bash_src/lib/sh/casemod.c:244:37: note: in expansion of macro '_to_wupper'
  244 |             case CASE_UPPER:  nwc = _to_wupper (wc); break;
      |                                     ^~~~~~~~~~
external/bash++_repo_rules+bash_src/lib/sh/casemod.c:47:58: warning: operand of '?:' changes signedness from 'wchar_t' {aka 'int'} to 'wint_t' {aka 'unsigned int'} due to unsignedness of other operand [-Wsign-compare]
   47 | #define _to_wlower(wc)  (iswupper (wc) ? towlower (wc) : (wc))
      |                                                          ^~~~
external/bash++_repo_rules+bash_src/lib/sh/casemod.c:245:37: note: in expansion of macro '_to_wlower'
  245 |             case CASE_LOWER:  nwc = _to_wlower (wc); break;
      |                                     ^~~~~~~~~~
external/bash++_repo_rules+bash_src/lib/sh/casemod.c:46:58: warning: operand of '?:' changes signedness from 'wchar_t' {aka 'int'} to 'wint_t' {aka 'unsigned int'} due to unsignedness of other operand [-Wsign-compare]
   46 | #define _to_wupper(wc)  (iswlower (wc) ? towupper (wc) : (wc))
      |                                                          ^~~~
external/bash++_repo_rules+bash_src/lib/sh/casemod.c:54:57: note: in expansion of macro '_to_wupper'
   54 | #  define TOGGLE(x)     (iswupper (x) ? towlower (x) : (_to_wupper(x)))
      |                                                         ^~~~~~~~~~
external/bash++_repo_rules+bash_src/lib/sh/casemod.c:247:37: note: in expansion of macro 'TOGGLE'
  247 |             case CASE_TOGGLE: nwc = TOGGLE (wc); break;
      |                                     ^~~~~~
external/bash++_repo_rules+bash_src/lib/sh/casemod.c:107:15: warning: unused variable 'c' [-Wunused-variable]
  107 |   int inword, c, nc, nop, match, usewords;
      |               ^
INFO: From Compiling teamd/teamd_zmq.c:
external/libteam++_repo_rules+libteam_src/teamd/teamd_zmq.c: In function 'callback_zmq':
external/libteam++_repo_rules+libteam_src/teamd/teamd_zmq.c:168:56: warning: unused parameter 'events' [-Wunused-parameter]
  168 | static int callback_zmq(struct teamd_context *ctx, int events, void *priv)
      |                                                    ~~~~^~~~~~
external/libteam++_repo_rules+libteam_src/teamd/teamd_zmq.c:168:70: warning: unused parameter 'priv' [-Wunused-parameter]
  168 | static int callback_zmq(struct teamd_context *ctx, int events, void *priv)
      |                                                                ~~~~~~^~~~
INFO: From Compiling src/lib/dict.c:
external/libpam-radius-auth++_repo_rules+freeradius_src/src/lib/dict.c:23:19: warning: 'rcsid' defined but not used [-Wunused-const-variable=]
   23 | static const char rcsid[] = "$Id$";
      |                   ^~~~~
INFO: From Compiling backends/m68k_corenote.c [for tool]:
In file included from external/sonic-build-infra++_repo_rules2+elfutils_src/backends/m68k_corenote.c:72:
external/sonic-build-infra++_repo_rules2+elfutils_src/backends/linux-core-note.c:116:1: warning: alignment 2 of 'struct m68k_prstatus' is less than 4 [-Wpacked-not-aligned]
  116 | ;
      | ^
external/sonic-build-infra++_repo_rules2+elfutils_src/backends/linux-core-note.c:110:5: warning: '({anonymous})' offset 70 in 'struct m68k_prstatus' isn't aligned to 4 [-Wpacked-not-aligned]
  110 |     ;
      |     ^
INFO: From Compiling psample_tool/psample.c:
external/sflow++_repo_rules+psample_src/psample_tool/psample.c: In function 'show_config_cb':
external/sflow++_repo_rules+psample_src/psample_tool/psample.c:121:14: warning: unused variable 'verbose' [-Wunused-variable]
  121 |         bool verbose = *(bool *) data;
      |              ^~~~~~~
external/sflow++_repo_rules+psample_src/psample_tool/psample.c: At top level:
external/sflow++_repo_rules+psample_src/psample_tool/psample.c:150:9: warning: missing initializer for field 'group' of 'struct argp_option' [-Wmissing-field-initializers]
  150 |         {"list-groups", 'l', 0, 0, "list the current groups" },
      |         ^
In file included from external/sflow++_repo_rules+psample_src/psample_tool/psample.c:36:
bazel-out/k8-opt/bin/external/rules_distroless++apt+sysroot-trixie/directory/usr/include/argp.h:73:7: note: 'group' declared here
   73 |   int group;
      |       ^~~~~
external/sflow++_repo_rules+psample_src/psample_tool/psample.c:151:9: warning: missing initializer for field 'group' of 'struct argp_option' [-Wmissing-field-initializers]
  151 |         {"monitor", 'm', 0, 0, "monitor sample packets (default)" },
      |         ^
bazel-out/k8-opt/bin/external/rules_distroless++apt+sysroot-trixie/directory/usr/include/argp.h:73:7: note: 'group' declared here
   73 |   int group;
      |       ^~~~~
external/sflow++_repo_rules+psample_src/psample_tool/psample.c:153:25: warning: missing initializer for field 'group' of 'struct argp_option' [-Wmissing-field-initializers]
  153 |                         "when monitoring, don't show config notifications" },
      |                         ^~~~~~~~~~~~~~~~~~~~~~~~~~~~~~~~~~~~~~~~~~~~~~~~~~
bazel-out/k8-opt/bin/external/rules_distroless++apt+sysroot-trixie/directory/usr/include/argp.h:73:7: note: 'group' declared here
   73 |   int group;
      |       ^~~~~
external/sflow++_repo_rules+psample_src/psample_tool/psample.c:155:25: warning: missing initializer for field 'group' of 'struct argp_option' [-Wmissing-field-initializers]
  155 |                         "when monitoring, don't show sample notifications" },
      |                         ^~~~~~~~~~~~~~~~~~~~~~~~~~~~~~~~~~~~~~~~~~~~~~~~~~
bazel-out/k8-opt/bin/external/rules_distroless++apt+sysroot-trixie/directory/usr/include/argp.h:73:7: note: 'group' declared here
   73 |   int group;
      |       ^~~~~
external/sflow++_repo_rules+psample_src/psample_tool/psample.c:156:9: warning: missing initializer for field 'group' of 'struct argp_option' [-Wmissing-field-initializers]
  156 |         {"group", 'g', "GROUP_NUM", 0, "for monitor, filter by group" },
      |         ^
bazel-out/k8-opt/bin/external/rules_distroless++apt+sysroot-trixie/directory/usr/include/argp.h:73:7: note: 'group' declared here
   73 |   int group;
      |       ^~~~~
external/sflow++_repo_rules+psample_src/psample_tool/psample.c:157:9: warning: missing initializer for field 'group' of 'struct argp_option' [-Wmissing-field-initializers]
  157 |         {"verbose", 'v', 0, 0, "print the packet data" },
      |         ^
bazel-out/k8-opt/bin/external/rules_distroless++apt+sysroot-trixie/directory/usr/include/argp.h:73:7: note: 'group' declared here
   73 |   int group;
      |       ^~~~~
external/sflow++_repo_rules+psample_src/psample_tool/psample.c:227:15: warning: missing initializer for field 'children' of 'struct argp' [-Wmissing-field-initializers]
  227 | static struct argp argp = { options, parse_opt, NULL, doc };
      |               ^~~~
bazel-out/k8-opt/bin/external/rules_distroless++apt+sysroot-trixie/directory/usr/include/argp.h:215:28: note: 'children' declared here
  215 |   const struct argp_child *children;
      |                            ^~~~~~~~
external/sflow++_repo_rules+psample_src/psample_tool/psample.c: In function 'main':
external/sflow++_repo_rules+psample_src/psample_tool/psample.c:234:13: warning: unused variable 'err' [-Wunused-variable]
  234 |         int err;
      |             ^~~
INFO: From Compiling mce-intel-ivb.c:
external/rasdaemon++_repo_rules+rasdaemon_src/mce-intel-ivb.c: In function 'ivb_decode_model':
external/rasdaemon++_repo_rules+rasdaemon_src/mce-intel-ivb.c:147:19: warning: comparison of unsigned expression in '>= 0' is always true [-Wtype-limits]
  147 |         if (rank0 >= 0 && rank1 >= 0)
      |                   ^~
external/rasdaemon++_repo_rules+rasdaemon_src/mce-intel-ivb.c:147:33: warning: comparison of unsigned expression in '>= 0' is always true [-Wtype-limits]
  147 |         if (rank0 >= 0 && rank1 >= 0)
      |                                 ^~
external/rasdaemon++_repo_rules+rasdaemon_src/mce-intel-ivb.c:150:24: warning: comparison of unsigned expression in '>= 0' is always true [-Wtype-limits]
  150 |         else if (rank0 >= 0)
      |                        ^~
INFO: From Compiling libnss-radius/nss_radius_common.c:
external/libnss-radius+/libnss-radius/nss_radius_common.c: In function 'parse_nss_config':
external/libnss-radius+/libnss-radius/nss_radius_common.c:319:24: warning: ignoring return value of 'strerror_r' declared with attribute 'warn_unused_result' [-Wunused-result]
  319 |         errbuf[0] = 0; strerror_r(errno, errbuf, sizeof(errbuf));
      |                        ^~~~~~~~~~~~~~~~~~~~~~~~~~~~~~~~~~~~~~~~~
INFO: From Compiling teamd/teamd_json.c:
external/libteam++_repo_rules+libteam_src/teamd/teamd_json.c: In function '__teamd_json_path_lite_va':
external/libteam++_repo_rules+libteam_src/teamd/teamd_json.c:68:28: warning: comparison of integer expressions of different signedness: 'int' and 'long unsigned int' [-Wsign-compare]
   68 |         if (ret < 0 || ret >= sizeof(path))
      |                            ^~
external/libteam++_repo_rules+libteam_src/teamd/teamd_json.c:74:27: warning: comparison of integer expressions of different signedness: 'long int' and 'size_t' {aka 'long unsigned int'} [-Wsign-compare]
   74 |         while (ptr - path < pathlen) {
      |                           ^
external/libteam++_repo_rules+libteam_src/teamd/teamd_json.c:120:39: warning: comparison of integer expressions of different signedness: 'int' and 'size_t' {aka 'long unsigned int'} [-Wsign-compare]
  120 |                         for (i = 0; i < strlen(ptr); i++)
      |                                       ^
INFO: From Compiling src/sflowtool.c:
external/sflow++_repo_rules+sflowtool_src/src/sflowtool.c: In function 'sf_logf':
external/sflow++_repo_rules+sflowtool_src/src/sflowtool.c:1042:9: warning: unused variable 'slot' [-Wunused-variable]
 1042 |     int slot;
      |         ^~~~
external/sflow++_repo_rules+sflowtool_src/src/sflowtool.c: In function 'URLEncode':
external/sflow++_repo_rules+sflowtool_src/src/sflowtool.c:1115:29: warning: array subscript has type 'char' [-Wchar-subscripts]
 1115 |       uint16_t word = lookup[c];
      |                             ^
external/sflow++_repo_rules+sflowtool_src/src/sflowtool.c: In function 'writeLineCustom':
external/sflow++_repo_rules+sflowtool_src/src/sflowtool.c:1200:11: warning: unused variable 'field' [-Wunused-variable]
 1200 |     char *field = sfConfig.outputFieldList.fields[ii];
      |           ^~~~~
external/sflow++_repo_rules+sflowtool_src/src/sflowtool.c: In function 'clearLineCustom':
external/sflow++_repo_rules+sflowtool_src/src/sflowtool.c:1216:48: warning: comparison of integer expressions of different signedness: 'char' and 'EnumSFScope' [-Wsign-compare]
 1216 |     if(sfConfig.outputFieldList.fieldScope[ii] == scope) {
      |                                                ^~
external/sflow++_repo_rules+sflowtool_src/src/sflowtool.c: In function 'receiveError':
external/sflow++_repo_rules+sflowtool_src/src/sflowtool.c:1275:24: warning: comparison of integer expressions of different signedness: 'int' and 'uint32_t' {aka 'unsigned int'} [-Wsign-compare]
 1275 |     for(int ii = 0; ii < sample->rawSampleLen; ) {
      |                        ^
external/sflow++_repo_rules+sflowtool_src/src/sflowtool.c:1269:9: warning: unused variable 'msg' [-Wunused-variable]
 1269 |   char *msg = "";
      |         ^~~
external/sflow++_repo_rules+sflowtool_src/src/sflowtool.c: In function 'decodeLinkLayer':
external/sflow++_repo_rules+sflowtool_src/src/sflowtool.c:1364:20: warning: comparison of integer expressions of different signedness: 'long int' and 'long unsigned int' [-Wsign-compare]
 1364 |   if((end - start) < sizeof(struct myiphdr)) return; /* not enough for an IPv4 header (or IPX, or SNAP) */
      |                    ^
external/sflow++_repo_rules+sflowtool_src/src/sflowtool.c:1414:20: warning: comparison of integer expressions of different signedness: 'long int' and 'long unsigned int' [-Wsign-compare]
 1414 |     if((end - ptr) < sizeof(struct myiphdr)) return;
      |                    ^
external/sflow++_repo_rules+sflowtool_src/src/sflowtool.c: In function 'decode80211MAC':
external/sflow++_repo_rules+sflowtool_src/src/sflowtool.c:1490:16: warning: unused variable 'sequence' [-Wunused-variable]
 1490 |       uint32_t sequence = (ptr[0] << 8) + ptr[1];
      |                ^~~~~~~~
external/sflow++_repo_rules+sflowtool_src/src/sflowtool.c:1472:12: warning: unused variable 'duration_id' [-Wunused-variable]
 1472 |   uint32_t duration_id = (ptr[1] << 8) + ptr[0]; /* not in network byte order either? */
      |            ^~~~~~~~~~~
external/sflow++_repo_rules+sflowtool_src/src/sflowtool.c:1468:12: warning: unused variable 'order' [-Wunused-variable]
 1468 |   uint32_t order = fc >> 15;
      |            ^~~~~
external/sflow++_repo_rules+sflowtool_src/src/sflowtool.c:1467:12: warning: unused variable 'encrypted' [-Wunused-variable]
 1467 |   uint32_t encrypted = (fc >> 14) & 1;
      |            ^~~~~~~~~
external/sflow++_repo_rules+sflowtool_src/src/sflowtool.c:1466:12: warning: unused variable 'moreData' [-Wunused-variable]
 1466 |   uint32_t moreData = (fc >> 13) & 1;
      |            ^~~~~~~~
external/sflow++_repo_rules+sflowtool_src/src/sflowtool.c:1465:12: warning: unused variable 'pwrMgt' [-Wunused-variable]
 1465 |   uint32_t pwrMgt = (fc >> 12) & 1;
      |            ^~~~~~
external/sflow++_repo_rules+sflowtool_src/src/sflowtool.c:1464:12: warning: unused variable 'retry' [-Wunused-variable]
 1464 |   uint32_t retry = (fc >> 11) & 1;
      |            ^~~~~
external/sflow++_repo_rules+sflowtool_src/src/sflowtool.c:1463:12: warning: unused variable 'moreFrag' [-Wunused-variable]
 1463 |   uint32_t moreFrag = (fc >> 10) & 1;
      |            ^~~~~~~~
external/sflow++_repo_rules+sflowtool_src/src/sflowtool.c:1460:12: warning: unused variable 'subType' [-Wunused-variable]
 1460 |   uint32_t subType = (fc >> 4) & 15;
      |            ^~~~~~~
external/sflow++_repo_rules+sflowtool_src/src/sflowtool.c:1458:12: warning: unused variable 'protocolVersion' [-Wunused-variable]
 1458 |   uint32_t protocolVersion = fc & 3;
      |            ^~~~~~~~~~~~~~~
external/sflow++_repo_rules+sflowtool_src/src/sflowtool.c:1448:12: warning: unused variable 'end' [-Wunused-variable]
 1448 |   uint8_t *end = start + sample->s.headerLen;
      |            ^~~
external/sflow++_repo_rules+sflowtool_src/src/sflowtool.c: In function 'decodeIPV4':
external/sflow++_repo_rules+sflowtool_src/src/sflowtool.c:1603:20: warning: comparison of integer expressions of different signedness: 'long int' and 'long unsigned int' [-Wsign-compare]
 1603 |     if((end - ptr) < sizeof(struct myiphdr)) return;
      |                    ^
external/sflow++_repo_rules+sflowtool_src/src/sflowtool.c: In function 'decodeIPV6':
external/sflow++_repo_rules+sflowtool_src/src/sflowtool.c:1656:18: warning: comparison of integer expressions of different signedness: 'long int' and 'long unsigned int' [-Wsign-compare]
 1656 |   if((end - ptr) < sizeof(struct myip6hdr)) return;
      |                  ^
external/sflow++_repo_rules+sflowtool_src/src/sflowtool.c:1651:12: warning: unused variable 'tos' [-Wunused-variable]
 1651 |   uint32_t tos;
      |            ^~~
external/sflow++_repo_rules+sflowtool_src/src/sflowtool.c: In function 'readExtendedWifiRx':
external/sflow++_repo_rules+sflowtool_src/src/sflowtool.c:2777:12: warning: unused variable 'i' [-Wunused-variable]
 2777 |   uint32_t i;
      |            ^
external/sflow++_repo_rules+sflowtool_src/src/sflowtool.c: In function 'readExtendedWifiTx':
external/sflow++_repo_rules+sflowtool_src/src/sflowtool.c:2803:12: warning: unused variable 'i' [-Wunused-variable]
 2803 |   uint32_t i;
      |            ^
external/sflow++_repo_rules+sflowtool_src/src/sflowtool.c: In function 'readCounters_host_hid':
external/sflow++_repo_rules+sflowtool_src/src/sflowtool.c:3927:12: warning: unused variable 'i' [-Wunused-variable]
 3927 |   uint32_t i;
      |            ^
external/sflow++_repo_rules+sflowtool_src/src/sflowtool.c: In function 'readRTFlow':
external/sflow++_repo_rules+sflowtool_src/src/sflowtool.c:4951:12: warning: unused variable 'fvalmacstr' [-Wunused-variable]
 4951 |       char fvalmacstr[32];
      |            ^~~~~~~~~~
external/sflow++_repo_rules+sflowtool_src/src/sflowtool.c: In function 'receiveSFlowDatagram':
external/sflow++_repo_rules+sflowtool_src/src/sflowtool.c:5119:50: warning: comparison of integer expressions of different signedness: 'int' and 'uint32_t' {aka 'unsigned int'} [-Wsign-compare]
 5119 |                              sizeof(tgt->addr))) != sample->rawSampleLen) {
      |                                                  ^~
external/sflow++_repo_rules+sflowtool_src/src/sflowtool.c:5134:51: warning: comparison of integer expressions of different signedness: 'int' and 'uint32_t' {aka 'unsigned int'} [-Wsign-compare]
 5134 |                              sizeof(tgt6->addr))) != sample->rawSampleLen) {
      |                                                   ^~
external/sflow++_repo_rules+sflowtool_src/src/sflowtool.c: In function 'pcapOffsetToSFlow':
external/sflow++_repo_rules+sflowtool_src/src/sflowtool.c:5340:16: warning: unused variable 'lladdr_len' [-Wunused-variable]
 5340 |       uint16_t lladdr_len = (ptr[4] << 8) + ptr[5];
      |                ^~~~~~~~~~
external/sflow++_repo_rules+sflowtool_src/src/sflowtool.c:5339:16: warning: unused variable 'arphrd_type' [-Wunused-variable]
 5339 |       uint16_t arphrd_type = (ptr[2] << 8) + ptr[3];
      |                ^~~~~~~~~~~
external/sflow++_repo_rules+sflowtool_src/src/sflowtool.c:5338:16: warning: unused variable 'packet_type' [-Wunused-variable]
 5338 |       uint16_t packet_type = (ptr[0] << 8) + ptr[1];
      |                ^~~~~~~~~~~
external/sflow++_repo_rules+sflowtool_src/src/sflowtool.c:5373:16: warning: comparison of integer expressions of different signedness: 'long int' and 'long unsigned int' [-Wsign-compare]
 5373 |   if(end - ptr < NFT_MIN_SIZ) return -1; /* not enough for an IPv4 header */
      |                ^
external/sflow++_repo_rules+sflowtool_src/src/sflowtool.c:5423:20: warning: comparison of integer expressions of different signedness: 'long int' and 'long unsigned int' [-Wsign-compare]
 5423 |     if((end - ptr) < sizeof(struct myiphdr)) return -1;
      |                    ^
external/sflow++_repo_rules+sflowtool_src/src/sflowtool.c: In function 'process_command_line':
external/sflow++_repo_rules+sflowtool_src/src/sflowtool.c:5882:17: warning: this statement may fall through [-Wimplicit-fallthrough=]
 5882 |     case 'v': if(arg < argc) break;
      |                 ^
external/sflow++_repo_rules+sflowtool_src/src/sflowtool.c:5883:5: note: here
 5883 |     default: instructions(*argv); exit(1);
      |     ^~~~~~~
external/sflow++_repo_rules+sflowtool_src/src/sflowtool.c: At top level:
external/sflow++_repo_rules+sflowtool_src/src/sflowtool.c:675:12: warning: 'SFStr_len' defined but not used [-Wunused-function]
  675 | static int SFStr_len(SFStr *sb) {
      |            ^~~~~~~~~
INFO: From Compiling teamd/teamd_runner_activebackup.c:
external/libteam++_repo_rules+libteam_src/teamd/teamd_runner_activebackup.c: In function 'ab_hwaddr_policy_same_all_hwaddr_changed':
external/libteam++_repo_rules+libteam_src/teamd/teamd_runner_activebackup.c:83:64: warning: unused parameter 'ab' [-Wunused-parameter]
   83 |                                                     struct ab *ab)
      |                                                     ~~~~~~~~~~~^~
external/libteam++_repo_rules+libteam_src/teamd/teamd_runner_activebackup.c: In function 'ab_hwaddr_policy_same_all_port_hwaddr_changed':
external/libteam++_repo_rules+libteam_src/teamd/teamd_runner_activebackup.c:102:58: warning: unused parameter 'ab' [-Wunused-parameter]
  102 |                                               struct ab *ab,
      |                                               ~~~~~~~~~~~^~
external/libteam++_repo_rules+libteam_src/teamd/teamd_runner_activebackup.c: In function 'ab_hwaddr_policy_same_all_port_added':
external/libteam++_repo_rules+libteam_src/teamd/teamd_runner_activebackup.c:121:60: warning: unused parameter 'ab' [-Wunused-parameter]
  121 |                                                 struct ab *ab,
      |                                                 ~~~~~~~~~~~^~
external/libteam++_repo_rules+libteam_src/teamd/teamd_runner_activebackup.c: In function 'ab_hwaddr_policy_by_active_active_set':
external/libteam++_repo_rules+libteam_src/teamd/teamd_runner_activebackup.c:144:61: warning: unused parameter 'ab' [-Wunused-parameter]
  144 |                                                  struct ab *ab,
      |                                                  ~~~~~~~~~~~^~
external/libteam++_repo_rules+libteam_src/teamd/teamd_runner_activebackup.c: In function 'ab_assign_hwaddr_policy':
external/libteam++_repo_rules+libteam_src/teamd/teamd_runner_activebackup.c:241:23: warning: comparison of integer expressions of different signedness: 'int' and 'long unsigned int' [-Wsign-compare]
  241 |         for (i = 0; i < AB_HWADDR_POLICY_LIST_SIZE; i++)
      |                       ^
external/libteam++_repo_rules+libteam_src/teamd/teamd_runner_activebackup.c: In function 'ab_port_removed':
external/libteam++_repo_rules+libteam_src/teamd/teamd_runner_activebackup.c:494:48: warning: unused parameter 'tdport' [-Wunused-parameter]
  494 |                             struct teamd_port *tdport,
      |                             ~~~~~~~~~~~~~~~~~~~^~~~~~
external/libteam++_repo_rules+libteam_src/teamd/teamd_runner_activebackup.c:495:35: warning: unused parameter 'priv' [-Wunused-parameter]
  495 |                             void *priv, void *creator_priv)
      |                             ~~~~~~^~~~
external/libteam++_repo_rules+libteam_src/teamd/teamd_runner_activebackup.c: In function 'ab_event_watch_port_added':
external/libteam++_repo_rules+libteam_src/teamd/teamd_runner_activebackup.c:508:60: warning: unused parameter 'ctx' [-Wunused-parameter]
  508 | static int ab_event_watch_port_added(struct teamd_context *ctx,
      |                                      ~~~~~~~~~~~~~~~~~~~~~~^~~
external/libteam++_repo_rules+libteam_src/teamd/teamd_runner_activebackup.c: In function 'ab_event_watch_port_link_changed':
external/libteam++_repo_rules+libteam_src/teamd/teamd_runner_activebackup.c:517:64: warning: unused parameter 'tdport' [-Wunused-parameter]
  517 |                                             struct teamd_port *tdport,
      |                                             ~~~~~~~~~~~~~~~~~~~^~~~~~
external/libteam++_repo_rules+libteam_src/teamd/teamd_runner_activebackup.c: In function 'ab_event_watch_port_master_ifindex_changed':
external/libteam++_repo_rules+libteam_src/teamd/teamd_runner_activebackup.c:524:74: warning: unused parameter 'tdport' [-Wunused-parameter]
  524 |                                                       struct teamd_port *tdport,
      |                                                       ~~~~~~~~~~~~~~~~~~~^~~~~~
external/libteam++_repo_rules+libteam_src/teamd/teamd_runner_activebackup.c: In function 'ab_event_watch_prio_option_changed':
external/libteam++_repo_rules+libteam_src/teamd/teamd_runner_activebackup.c:531:67: warning: unused parameter 'option' [-Wunused-parameter]
  531 |                                               struct team_option *option,
      |                                               ~~~~~~~~~~~~~~~~~~~~^~~~~~
INFO: From Compiling src/lib/missing.c:
external/libpam-radius-auth++_repo_rules+freeradius_src/src/lib/missing.c:24:19: warning: 'rcsid' defined but not used [-Wunused-const-variable=]
   24 | static const char rcsid[] = "$Id$";
      |                   ^~~~~
INFO: From Compiling src/psample.c:
external/sflow++_repo_rules+psample_src/src/psample.c: In function 'psample_open':
external/sflow++_repo_rules+psample_src/src/psample.c:136:56: warning: 'calloc' sizes specified with 'sizeof' in the earlier argument and not in the later argument [-Wcalloc-transposed-args]
  136 |         handle = (struct psample_handle *)calloc(sizeof(*handle), 1);
      |                                                        ^
external/sflow++_repo_rules+psample_src/src/psample.c:136:56: note: earlier argument should specify number of elements, later size of each element
INFO: From Compiling src/marshal.c:
external/lldpd++_repo_rules+lldpd_src/src/marshal.c: In function 'marshal_serialize_':
external/lldpd++_repo_rules+lldpd_src/src/marshal.c:163:28: warning: comparison of integer expressions of different signedness: 'size_t' {aka 'long unsigned int'} and 'int' [-Wsign-compare]
  163 |                 if (sublen == -1) {
      |                            ^~
external/lldpd++_repo_rules+lldpd_src/src/marshal.c: In function 'marshal_unserialize_':
external/lldpd++_repo_rules+lldpd_src/src/marshal.c:270:60: warning: comparison of integer expressions of different signedness: 'size_t' {aka 'long unsigned int'} and 'int' [-Wsign-compare]
  270 |         if (len < sizeof(struct marshal_serialized) || len < total_len) {
      |                                                            ^
external/lldpd++_repo_rules+lldpd_src/src/marshal.c:303:26: warning: comparison of integer expressions of different signedness: 'int' and 'long unsigned int' [-Wsign-compare]
  303 |                 if (size > len - sizeof(struct marshal_serialized)) {
      |                          ^
INFO: From Compiling src/Linux/mod_dropmon.c:
external/sflow++_repo_rules+hsflowd_src/src/Linux/mod_dropmon.c: In function 'loadDropPoints':
external/sflow++_repo_rules+hsflowd_src/src/Linux/mod_dropmon.c:389:26: warning: comparison of integer expressions of different signedness: 'int' and 'long unsigned int' [-Wsign-compare]
  389 |       for(int ii = 0; ii < HSP_ARRAY_SIZE(LoadDropPoints_sw); ii++) {
      |                          ^
external/sflow++_repo_rules+hsflowd_src/src/Linux/mod_dropmon.c:397:26: warning: comparison of integer expressions of different signedness: 'int' and 'long unsigned int' [-Wsign-compare]
  397 |       for(int ii = 0; ii < HSP_ARRAY_SIZE(LoadDropPoints_hw); ii++) {
      |                          ^
external/sflow++_repo_rules+hsflowd_src/src/Linux/mod_dropmon.c:414:26: warning: comparison of integer expressions of different signedness: 'int' and 'long unsigned int' [-Wsign-compare]
  414 |       for(int ii = 0; ii < HSP_ARRAY_SIZE(LoadDropPoints_rn); ii++) {
      |                          ^
external/sflow++_repo_rules+hsflowd_src/src/Linux/mod_dropmon.c: In function 'processNetlink_DROPMON':
external/sflow++_repo_rules+hsflowd_src/src/Linux/mod_dropmon.c:853:22: warning: comparison of integer expressions of different signedness: 'EnumSFLDropReason' and 'int' [-Wsign-compare]
  853 |        || dp->reason == -1
      |                      ^~
INFO: From Compiling mce-intel-sb.c:
external/rasdaemon++_repo_rules+rasdaemon_src/mce-intel-sb.c: In function 'snb_decode_model':
external/rasdaemon++_repo_rules+rasdaemon_src/mce-intel-sb.c:139:19: warning: comparison of unsigned expression in '>= 0' is always true [-Wtype-limits]
  139 |         if (rank0 >= 0 && rank1 >= 0)
      |                   ^~
external/rasdaemon++_repo_rules+rasdaemon_src/mce-intel-sb.c:139:33: warning: comparison of unsigned expression in '>= 0' is always true [-Wtype-limits]
  139 |         if (rank0 >= 0 && rank1 >= 0)
      |                                 ^~
external/rasdaemon++_repo_rules+rasdaemon_src/mce-intel-sb.c:142:24: warning: comparison of unsigned expression in '>= 0' is always true [-Wtype-limits]
  142 |         else if (rank0 >= 0)
      |                        ^~
INFO: From Compiling libnss-radius/cache_radius.c:
external/libnss-radius+/libnss-radius/cache_radius.c: In function 'main':
external/libnss-radius+/libnss-radius/cache_radius.c:93:9: warning: unused variable 'status' [-Wunused-variable]
   93 |     int status = 0;
      |         ^~~~~~
INFO: From Compiling libteam/libteam.c:
In file included from external/libteam++_repo_rules+libteam_src/libteam/libteam.c:59:
external/libteam++_repo_rules+libteam_src/libteam/team_private.h: In function 'team_log_null':
external/libteam++_repo_rules+libteam_src/libteam/team_private.h:74:35: warning: unused parameter 'th' [-Wunused-parameter]
   74 | team_log_null(struct team_handle *th, const char *format, ...) {}
      |               ~~~~~~~~~~~~~~~~~~~~^~
external/libteam++_repo_rules+libteam_src/libteam/team_private.h:74:51: warning: unused parameter 'format' [-Wunused-parameter]
   74 | team_log_null(struct team_handle *th, const char *format, ...) {}
      |                                       ~~~~~~~~~~~~^~~~~~
external/libteam++_repo_rules+libteam_src/libteam/libteam.c: In function 'log_stderr':
external/libteam++_repo_rules+libteam_src/libteam/libteam.c:74:44: warning: unused parameter 'th' [-Wunused-parameter]
   74 | static void log_stderr(struct team_handle *th, int priority,
      |                        ~~~~~~~~~~~~~~~~~~~~^~
external/libteam++_repo_rules+libteam_src/libteam/libteam.c:74:52: warning: unused parameter 'priority' [-Wunused-parameter]
   74 | static void log_stderr(struct team_handle *th, int priority,
      |                                                ~~~~^~~~~~~~
external/libteam++_repo_rules+libteam_src/libteam/libteam.c:75:36: warning: unused parameter 'file' [-Wunused-parameter]
   75 |                        const char *file, int line, const char *fn,
      |                        ~~~~~~~~~~~~^~~~
external/libteam++_repo_rules+libteam_src/libteam/libteam.c:75:46: warning: unused parameter 'line' [-Wunused-parameter]
   75 |                        const char *file, int line, const char *fn,
      |                                          ~~~~^~~~
external/libteam++_repo_rules+libteam_src/libteam/libteam.c: In function 'ack_handler':
external/libteam++_repo_rules+libteam_src/libteam/libteam.c:132:39: warning: unused parameter 'msg' [-Wunused-parameter]
  132 | static int ack_handler(struct nl_msg *msg, void *arg)
      |                        ~~~~~~~~~~~~~~~^~~
external/libteam++_repo_rules+libteam_src/libteam/libteam.c: In function 'team_get_next_eventfd':
external/libteam++_repo_rules+libteam_src/libteam/libteam.c:901:70: warning: unused parameter 'th' [-Wunused-parameter]
  901 | const struct team_eventfd *team_get_next_eventfd(struct team_handle *th,
      |                                                  ~~~~~~~~~~~~~~~~~~~~^~
external/libteam++_repo_rules+libteam_src/libteam/libteam.c: In function 'team_get_eventfd_fd':
external/libteam++_repo_rules+libteam_src/libteam/libteam.c:922:52: warning: unused parameter 'eventfd' [-Wunused-parameter]
  922 |                         const struct team_eventfd *eventfd)
      |                         ~~~~~~~~~~~~~~~~~~~~~~~~~~~^~~~~~~
external/libteam++_repo_rules+libteam_src/libteam/libteam.c: In function 'team_call_eventfd_handler':
external/libteam++_repo_rules+libteam_src/libteam/libteam.c:940:58: warning: unused parameter 'eventfd' [-Wunused-parameter]
  940 |                               const struct team_eventfd *eventfd)
      |                               ~~~~~~~~~~~~~~~~~~~~~~~~~~~^~~~~~~
external/libteam++_repo_rules+libteam_src/libteam/libteam.c: In function 'team_init_event_fd':
external/libteam++_repo_rules+libteam_src/libteam/libteam.c:955:23: warning: comparison of integer expressions of different signedness: 'int' and 'long unsigned int' [-Wsign-compare]
  955 |         for (i = 0; i < TEAM_EVENT_FDS_COUNT; i++) {
      |                       ^
external/libteam++_repo_rules+libteam_src/libteam/libteam.c: In function 'team_handle_events':
external/libteam++_repo_rules+libteam_src/libteam/libteam.c:1008:23: warning: comparison of integer expressions of different signedness: 'int' and 'long unsigned int' [-Wsign-compare]
 1008 |         for (i = 0; i < TEAM_EVENT_FDS_COUNT; i++) {
      |                       ^
external/libteam++_repo_rules+libteam_src/libteam/libteam.c: In function 'team_is_our_port':
external/libteam++_repo_rules+libteam_src/libteam/libteam.c:1605:42: warning: comparison of integer expressions of different signedness: 'int' and 'uint32_t' {aka 'unsigned int'} [-Wsign-compare]
 1605 |         ret = rtnl_link_get_master(link) == th->ifindex;
      |                                          ^~
INFO: From Compiling lib/glob/glob.c:
external/bash++_repo_rules+bash_src/lib/glob/glob.c: In function 'extglob_skipname':
external/bash++_repo_rules+bash_src/lib/glob/glob.c:204:27: warning: variable 'nullpat' set but not used [-Wunused-but-set-variable]
  204 |   int n, r, negate, wild, nullpat, xflags;
      |                           ^~~~~~~
external/bash++_repo_rules+bash_src/lib/glob/glob.c: In function 'skipname':
external/bash++_repo_rules+bash_src/lib/glob/glob.c:275:7: warning: unused variable 'i' [-Wunused-variable]
  275 |   int i;
      |       ^
external/bash++_repo_rules+bash_src/lib/glob/glob.c: In function 'wskipname':
external/bash++_repo_rules+bash_src/lib/glob/glob.c:317:7: warning: unused variable 'i' [-Wunused-variable]
  317 |   int i;
      |       ^
external/bash++_repo_rules+bash_src/lib/glob/glob.c:315:10: warning: unused parameter 'flags' [-Wunused-parameter]
  315 |      int flags;
      |          ^~~~~
external/bash++_repo_rules+bash_src/lib/glob/glob.c: In function 'wextglob_skipname':
external/bash++_repo_rules+bash_src/lib/glob/glob.c:355:24: warning: variable 'nullpat' set but not used [-Wunused-but-set-variable]
  355 |   int r, negate, wild, nullpat, xflags;
      |                        ^~~~~~~
external/bash++_repo_rules+bash_src/lib/glob/glob.c: In function 'wdequote_pathname':
external/bash++_repo_rules+bash_src/lib/glob/glob.c:503:10: warning: unused variable 'j' [-Wunused-variable]
  503 |   int i, j;
      |          ^
external/bash++_repo_rules+bash_src/lib/glob/glob.c:503:7: warning: unused variable 'i' [-Wunused-variable]
  503 |   int i, j;
      |       ^
external/bash++_repo_rules+bash_src/lib/glob/glob.c: In function 'finddirs':
external/bash++_repo_rules+bash_src/lib/glob/glob.c:606:14: warning: unused variable 'n' [-Wunused-variable]
  606 |   char **r, *n;
      |              ^
external/bash++_repo_rules+bash_src/lib/glob/glob.c: In function 'glob_dir_to_array':
external/bash++_repo_rules+bash_src/lib/glob/glob.c:1109:29: warning: comparison of integer expressions of different signedness: 'int' and 'unsigned int' [-Wsign-compare]
 1109 |           for (ind = 0; ind < i; ind++)
      |                             ^
external/bash++_repo_rules+bash_src/lib/glob/glob.c: In function 'glob_filename':
external/bash++_repo_rules+bash_src/lib/glob/glob.c:1260:18: warning: comparison of integer expressions of different signedness: 'int' and 'unsigned int' [-Wsign-compare]
 1260 |           if (dl != directory_len)
      |                  ^~
external/bash++_repo_rules+bash_src/lib/glob/glob.c:1339:19: warning: unused variable 'dlen' [-Wunused-variable]
 1339 |               int dlen;
      |                   ^~~~
In function 'extglob_skipname',
    inlined from 'skipname.isra' at external/bash++_repo_rules+bash_src/lib/glob/glob.c:279:13:
external/bash++_repo_rules+bash_src/lib/glob/glob.c:257:12: warning: 'r' may be used uninitialized [-Wmaybe-uninitialized]
  257 |     return r;
      |            ^
external/bash++_repo_rules+bash_src/lib/glob/glob.c: In function 'skipname.isra':
external/bash++_repo_rules+bash_src/lib/glob/glob.c:204:10: note: 'r' was declared here
  204 |   int n, r, negate, wild, nullpat, xflags;
      |          ^
INFO: From Compiling libmonit/src/util/Array.c:
external/monit++_repo_rules+monit_src/libmonit/src/util/Array.c: In function 'Array_map':
external/monit++_repo_rules+monit_src/libmonit/src/util/Array.c:157:22: warning: unused variable 'stamp' [-Wunused-variable]
  157 |         unsigned int stamp = S->timestamp;
      |                      ^~~~~
external/monit++_repo_rules+monit_src/libmonit/src/util/Array.c: In function 'Array_find':
external/monit++_repo_rules+monit_src/libmonit/src/util/Array.c:170:22: warning: unused variable 'stamp' [-Wunused-variable]
  170 |         unsigned int stamp = S->timestamp;
      |                      ^~~~~
INFO: From Compiling pam_tacplus.c:
external/pam-tacplus++_repo_rules+pam_tacplus_src/pam_tacplus.c: In function 'pam_sm_open_session':
external/pam-tacplus++_repo_rules+pam_tacplus_src/pam_tacplus.c:688:9: warning: 'RAND_pseudo_bytes' is deprecated: Since OpenSSL 1.1.0 [-Wdeprecated-declarations]
  688 |         RAND_pseudo_bytes((unsigned char *) &task_id, sizeof(task_id));
      |         ^~~~~~~~~~~~~~~~~
In file included from external/pam-tacplus++_repo_rules+pam_tacplus_src/pam_tacplus.c:45:
bazel-out/k8-opt/bin/external/rules_distroless++apt+trixie-security_libssl-dev-amd64_3.5.5-1_deb13u2/usr/include/openssl/rand.h:81:29: note: declared here
   81 | OSSL_DEPRECATEDIN_1_1_0 int RAND_pseudo_bytes(unsigned char *buf, int num);
      |                             ^~~~~~~~~~~~~~~~~
external/pam-tacplus++_repo_rules+pam_tacplus_src/pam_tacplus.c: In function 'pam_sm_chauthtok':
external/pam-tacplus++_repo_rules+pam_tacplus_src/pam_tacplus.c:713:15: warning: unused variable 'retval' [-Wunused-variable]
  713 |     int ctrl, retval;
      |               ^~~~~~
external/pam-tacplus++_repo_rules+pam_tacplus_src/pam_tacplus.c: In function 'pam_sm_acct_mgmt':
external/pam-tacplus++_repo_rules+pam_tacplus_src/pam_tacplus.c:655:34: warning: '__builtin_strncat' specified bound depends on the length of the source argument [-Wstringop-overflow=]
  655 |             if (pam_putenv(pamh, strncat(attribute, value, strlen(value))) != PAM_SUCCESS)
      |                                  ^
external/pam-tacplus++_repo_rules+pam_tacplus_src/pam_tacplus.c:655:34: note: length computed here
  655 |             if (pam_putenv(pamh, strncat(attribute, value, strlen(value))) != PAM_SUCCESS)
      |                                  ^~~~~~~~~~~~~~~~~~~~~~~~~~~~~~~~~~~~~~~~
INFO: From Compiling mce-intel-skylake-xeon.c:
external/rasdaemon++_repo_rules+rasdaemon_src/mce-intel-skylake-xeon.c: In function 'skylake_s_decode_model':
external/rasdaemon++_repo_rules+rasdaemon_src/mce-intel-skylake-xeon.c:247:19: warning: comparison of integer expressions of different signedness: 'unsigned int' and 'int' [-Wsign-compare]
  247 |         if (rank0 != -1 && rank1 != -1)
      |                   ^~
external/rasdaemon++_repo_rules+rasdaemon_src/mce-intel-skylake-xeon.c:247:34: warning: comparison of integer expressions of different signedness: 'unsigned int' and 'int' [-Wsign-compare]
  247 |         if (rank0 != -1 && rank1 != -1)
      |                                  ^~
external/rasdaemon++_repo_rules+rasdaemon_src/mce-intel-skylake-xeon.c:250:24: warning: comparison of integer expressions of different signedness: 'unsigned int' and 'int' [-Wsign-compare]
  250 |         else if (rank0 != -1)
      |                        ^~
external/rasdaemon++_repo_rules+rasdaemon_src/mce-intel-skylake-xeon.c:169:48: warning: unused parameter 'ras' [-Wunused-parameter]
  169 | void skylake_s_decode_model(struct ras_events *ras, struct mce_event *e)
      |                             ~~~~~~~~~~~~~~~~~~~^~~
INFO: From Compiling external/bash+/builtins/ulimit.c:
/data/sonic/sonic-dzf-time-measure/.measure/20260901-233744/bazel-fully-cold-attempt3/output-base/sandbox/linux-sandbox/2620/execroot/_main/external/bash++_repo_rules+bash_src/builtins/ulimit.def: In function 'filesize':
/data/sonic/sonic-dzf-time-measure/.measure/20260901-233744/bazel-fully-cold-attempt3/output-base/sandbox/linux-sandbox/2620/execroot/_main/external/bash++_repo_rules+bash_src/builtins/ulimit.def:661:16: warning: unused parameter 'valuep' [-Wunused-parameter]
/data/sonic/sonic-dzf-time-measure/.measure/20260901-233744/bazel-fully-cold-attempt3/output-base/sandbox/linux-sandbox/2620/execroot/_main/external/bash++_repo_rules+bash_src/builtins/ulimit.def: At top level:
/data/sonic/sonic-dzf-time-measure/.measure/20260901-233744/bazel-fully-cold-attempt3/output-base/sandbox/linux-sandbox/2620/execroot/_main/external/bash++_repo_rules+bash_src/builtins/ulimit.def:783:1: warning: 'set_all_limits' defined but not used [-Wunused-function]
INFO: From Compiling lib/glob/gmisc.c:
In file included from external/bash++_repo_rules+bash_src/lib/glob/gmisc.c:57:
external/bash++_repo_rules+bash_src/lib/glob/gm_loop.c: In function 'umatchlen':
external/bash++_repo_rules+bash_src/lib/glob/gm_loop.c:79:25: warning: unused variable 't' [-Wunused-variable]
   79 |   int matlen, bracklen, t, in_cclass, in_collsym, in_equiv;
      |                         ^
external/bash++_repo_rules+bash_src/lib/glob/gm_loop.c:76:13: warning: unused parameter 'max' [-Wunused-parameter]
   76 |      size_t max;
      |             ^~~
external/bash++_repo_rules+bash_src/lib/glob/gm_loop.c: In function 'match_pattern_wchar':
external/bash++_repo_rules+bash_src/lib/glob/gmisc.c:69:74: warning: operand of '?:' changes signedness from 'wchar_t' {aka 'int'} to 'wint_t' {aka 'unsigned int'} due to unsignedness of other operand [-Wsign-compare]
   69 | #define FOLD(c) ((flags & FNM_CASEFOLD) && iswupper (c) ? towlower (c) : (c))
      |                                                                          ^~~
external/bash++_repo_rules+bash_src/lib/glob/gm_loop.c:57:15: note: in expansion of macro 'FOLD'
   57 |       return (FOLD(*string) == FOLD(c));
      |               ^~~~
external/bash++_repo_rules+bash_src/lib/glob/gmisc.c:69:74: warning: operand of '?:' changes signedness from 'wchar_t' {aka 'int'} to 'wint_t' {aka 'unsigned int'} due to unsignedness of other operand [-Wsign-compare]
   69 | #define FOLD(c) ((flags & FNM_CASEFOLD) && iswupper (c) ? towlower (c) : (c))
      |                                                                          ^~~
external/bash++_repo_rules+bash_src/lib/glob/gm_loop.c:57:32: note: in expansion of macro 'FOLD'
   57 |       return (FOLD(*string) == FOLD(c));
      |                                ^~~~
external/bash++_repo_rules+bash_src/lib/glob/gmisc.c:69:74: warning: operand of '?:' changes signedness from 'wchar_t' {aka 'int'} to 'wint_t' {aka 'unsigned int'} due to unsignedness of other operand [-Wsign-compare]
   69 | #define FOLD(c) ((flags & FNM_CASEFOLD) && iswupper (c) ? towlower (c) : (c))
      |                                                                          ^~~
external/bash++_repo_rules+bash_src/lib/glob/gm_loop.c:59:15: note: in expansion of macro 'FOLD'
   59 |       return (FOLD(*string) == FOLD(*pat));
      |               ^~~~
external/bash++_repo_rules+bash_src/lib/glob/gmisc.c:69:74: warning: operand of '?:' changes signedness from 'wchar_t' {aka 'int'} to 'wint_t' {aka 'unsigned int'} due to unsignedness of other operand [-Wsign-compare]
   69 | #define FOLD(c) ((flags & FNM_CASEFOLD) && iswupper (c) ? towlower (c) : (c))
      |                                                                          ^~~
external/bash++_repo_rules+bash_src/lib/glob/gm_loop.c:59:32: note: in expansion of macro 'FOLD'
   59 |       return (FOLD(*string) == FOLD(*pat));
      |                                ^~~~
external/bash++_repo_rules+bash_src/lib/glob/gmisc.c:69:74: warning: operand of '?:' changes signedness from 'wchar_t' {aka 'int'} to 'wint_t' {aka 'unsigned int'} due to unsignedness of other operand [-Wsign-compare]
   69 | #define FOLD(c) ((flags & FNM_CASEFOLD) && iswupper (c) ? towlower (c) : (c))
      |                                                                          ^~~
external/bash++_repo_rules+bash_src/lib/glob/gm_loop.c:67:38: note: in expansion of macro 'FOLD'
   67 |       return (*pat ==  L('(') ? 1 : (FOLD(*string) == FOLD(c)));
      |                                      ^~~~
external/bash++_repo_rules+bash_src/lib/glob/gmisc.c:69:74: warning: operand of '?:' changes signedness from 'wchar_t' {aka 'int'} to 'wint_t' {aka 'unsigned int'} due to unsignedness of other operand [-Wsign-compare]
   69 | #define FOLD(c) ((flags & FNM_CASEFOLD) && iswupper (c) ? towlower (c) : (c))
      |                                                                          ^~~
external/bash++_repo_rules+bash_src/lib/glob/gm_loop.c:67:55: note: in expansion of macro 'FOLD'
   67 |       return (*pat ==  L('(') ? 1 : (FOLD(*string) == FOLD(c)));
      |                                                       ^~~~
In file included from external/bash++_repo_rules+bash_src/lib/glob/gmisc.c:72:
external/bash++_repo_rules+bash_src/lib/glob/gm_loop.c: In function 'wmatchlen':
external/bash++_repo_rules+bash_src/lib/glob/gm_loop.c:79:25: warning: unused variable 't' [-Wunused-variable]
   79 |   int matlen, bracklen, t, in_cclass, in_collsym, in_equiv;
      |                         ^
external/bash++_repo_rules+bash_src/lib/glob/gm_loop.c:76:13: warning: unused parameter 'max' [-Wunused-parameter]
   76 |      size_t max;
      |             ^~~
INFO: From Compiling teamd/teamd_state.c:
external/libteam++_repo_rules+libteam_src/teamd/teamd_state.c: In function '__unreg_val':
external/libteam++_repo_rules+libteam_src/teamd/teamd_state.c:69:31: warning: comparison of integer expressions of different signedness: 'int' and 'unsigned int' [-Wsign-compare]
   69 |                 for (i = 0; i < val->vals_count; i++)
      |                               ^
external/libteam++_repo_rules+libteam_src/teamd/teamd_state.c: In function '__reg_val':
external/libteam++_repo_rules+libteam_src/teamd/teamd_state.c:110:31: warning: comparison of integer expressions of different signedness: 'int' and 'unsigned int' [-Wsign-compare]
  110 |                 for (i = 0; i < val->vals_count; i++) {
      |                               ^
external/libteam++_repo_rules+libteam_src/teamd/teamd_state.c:120:23: warning: comparison of integer expressions of different signedness: 'int' and 'unsigned int' [-Wsign-compare]
  120 |                 if (i != val->vals_count)
      |                       ^~
external/libteam++_repo_rules+libteam_src/teamd/teamd_state.c: In function 'teamd_state_fini':
external/libteam++_repo_rules+libteam_src/teamd/teamd_state.c:458:45: warning: unused parameter 'ctx' [-Wunused-parameter]
  458 | void teamd_state_fini(struct teamd_context *ctx)
      |                       ~~~~~~~~~~~~~~~~~~~~~~^~~
external/libteam++_repo_rules+libteam_src/teamd/teamd_state.c: In function 'ifinfo_state_ifindex_get':
external/libteam++_repo_rules+libteam_src/teamd/teamd_state.c:502:43: warning: unused parameter 'priv' [-Wunused-parameter]
  502 |                                     void *priv)
      |                                     ~~~~~~^~~~
external/libteam++_repo_rules+libteam_src/teamd/teamd_state.c: In function 'ifinfo_state_ifname_get':
external/libteam++_repo_rules+libteam_src/teamd/teamd_state.c:510:42: warning: unused parameter 'priv' [-Wunused-parameter]
  510 |                                    void *priv)
      |                                    ~~~~~~^~~~
external/libteam++_repo_rules+libteam_src/teamd/teamd_state.c: In function 'ifinfo_state_dev_addr_len_get':
external/libteam++_repo_rules+libteam_src/teamd/teamd_state.c:518:48: warning: unused parameter 'priv' [-Wunused-parameter]
  518 |                                          void *priv)
      |                                          ~~~~~~^~~~
external/libteam++_repo_rules+libteam_src/teamd/teamd_state.c: In function 'ifinfo_state_dev_addr_get':
external/libteam++_repo_rules+libteam_src/teamd/teamd_state.c:526:44: warning: unused parameter 'priv' [-Wunused-parameter]
  526 |                                      void *priv)
      |                                      ~~~~~~^~~~
external/libteam++_repo_rules+libteam_src/teamd/teamd_state.c: In function 'port_link_state_up_get':
external/libteam++_repo_rules+libteam_src/teamd/teamd_state.c:563:57: warning: unused parameter 'ctx' [-Wunused-parameter]
  563 | static int port_link_state_up_get(struct teamd_context *ctx,
      |                                   ~~~~~~~~~~~~~~~~~~~~~~^~~
external/libteam++_repo_rules+libteam_src/teamd/teamd_state.c:565:41: warning: unused parameter 'priv' [-Wunused-parameter]
  565 |                                   void *priv)
      |                                   ~~~~~~^~~~
external/libteam++_repo_rules+libteam_src/teamd/teamd_state.c: In function 'port_link_state_speed_get':
external/libteam++_repo_rules+libteam_src/teamd/teamd_state.c:571:60: warning: unused parameter 'ctx' [-Wunused-parameter]
  571 | static int port_link_state_speed_get(struct teamd_context *ctx,
      |                                      ~~~~~~~~~~~~~~~~~~~~~~^~~
external/libteam++_repo_rules+libteam_src/teamd/teamd_state.c:573:44: warning: unused parameter 'priv' [-Wunused-parameter]
  573 |                                      void *priv)
      |                                      ~~~~~~^~~~
external/libteam++_repo_rules+libteam_src/teamd/teamd_state.c: In function 'port_link_state_duplex_get':
external/libteam++_repo_rules+libteam_src/teamd/teamd_state.c:579:61: warning: unused parameter 'ctx' [-Wunused-parameter]
  579 | static int port_link_state_duplex_get(struct teamd_context *ctx,
      |                                       ~~~~~~~~~~~~~~~~~~~~~~^~~
external/libteam++_repo_rules+libteam_src/teamd/teamd_state.c:581:45: warning: unused parameter 'priv' [-Wunused-parameter]
  581 |                                       void *priv)
      |                                       ~~~~~~^~~~
external/libteam++_repo_rules+libteam_src/teamd/teamd_state.c: In function 'setup_state_runner_name_get':
external/libteam++_repo_rules+libteam_src/teamd/teamd_state.c:609:46: warning: unused parameter 'priv' [-Wunused-parameter]
  609 |                                        void *priv)
      |                                        ~~~~~~^~~~
external/libteam++_repo_rules+libteam_src/teamd/teamd_state.c: In function 'setup_state_kernel_team_mode_name_get':
external/libteam++_repo_rules+libteam_src/teamd/teamd_state.c:617:56: warning: unused parameter 'priv' [-Wunused-parameter]
  617 |                                                  void *priv)
      |                                                  ~~~~~~^~~~
external/libteam++_repo_rules+libteam_src/teamd/teamd_state.c: In function 'setup_state_dbus_enabled_get':
external/libteam++_repo_rules+libteam_src/teamd/teamd_state.c:625:47: warning: unused parameter 'priv' [-Wunused-parameter]
  625 |                                         void *priv)
      |                                         ~~~~~~^~~~
external/libteam++_repo_rules+libteam_src/teamd/teamd_state.c: In function 'setup_state_zmq_enabled_get':
external/libteam++_repo_rules+libteam_src/teamd/teamd_state.c:637:47: warning: unused parameter 'priv' [-Wunused-parameter]
  637 |                                         void *priv)
      |                                         ~~~~~~^~~~
external/libteam++_repo_rules+libteam_src/teamd/teamd_state.c: In function 'setup_state_debug_level_get':
external/libteam++_repo_rules+libteam_src/teamd/teamd_state.c:649:46: warning: unused parameter 'priv' [-Wunused-parameter]
  649 |                                        void *priv)
      |                                        ~~~~~~^~~~
external/libteam++_repo_rules+libteam_src/teamd/teamd_state.c: In function 'setup_state_debug_level_set':
external/libteam++_repo_rules+libteam_src/teamd/teamd_state.c:657:46: warning: unused parameter 'priv' [-Wunused-parameter]
  657 |                                        void *priv)
      |                                        ~~~~~~^~~~
external/libteam++_repo_rules+libteam_src/teamd/teamd_state.c: In function 'setup_state_daemonized_get':
external/libteam++_repo_rules+libteam_src/teamd/teamd_state.c:666:45: warning: unused parameter 'priv' [-Wunused-parameter]
  666 |                                       void *priv)
      |                                       ~~~~~~^~~~
external/libteam++_repo_rules+libteam_src/teamd/teamd_state.c: In function 'setup_state_pid_get':
external/libteam++_repo_rules+libteam_src/teamd/teamd_state.c:672:54: warning: unused parameter 'ctx' [-Wunused-parameter]
  672 | static int setup_state_pid_get(struct teamd_context *ctx,
      |                                ~~~~~~~~~~~~~~~~~~~~~~^~~
external/libteam++_repo_rules+libteam_src/teamd/teamd_state.c:674:38: warning: unused parameter 'priv' [-Wunused-parameter]
  674 |                                void *priv)
      |                                ~~~~~~^~~~
external/libteam++_repo_rules+libteam_src/teamd/teamd_state.c: In function 'setup_state_pid_file_get':
external/libteam++_repo_rules+libteam_src/teamd/teamd_state.c:682:43: warning: unused parameter 'priv' [-Wunused-parameter]
  682 |                                     void *priv)
      |                                     ~~~~~~^~~~
INFO: From Compiling teamd/teamd_runner_lacp.c:
external/libteam++_repo_rules+libteam_src/teamd/teamd_runner_lacp.c: In function 'lacp_assign_agg_select_policy':
external/libteam++_repo_rules+libteam_src/teamd/teamd_runner_lacp.c:511:23: warning: comparison of integer expressions of different signedness: 'int' and 'long unsigned int' [-Wsign-compare]
  511 |         for (i = 0; i < LACP_AGG_SELECT_POLICY_NAMES_LIST_SIZE; i++)
      |                       ^
external/libteam++_repo_rules+libteam_src/teamd/teamd_runner_lacp.c: In function 'lacp_callback_timeout':
external/libteam++_repo_rules+libteam_src/teamd/teamd_runner_lacp.c:1646:56: warning: unused parameter 'ctx' [-Wunused-parameter]
 1646 | static int lacp_callback_timeout(struct teamd_context *ctx, int events,
      |                                  ~~~~~~~~~~~~~~~~~~~~~~^~~
external/libteam++_repo_rules+libteam_src/teamd/teamd_runner_lacp.c:1646:65: warning: unused parameter 'events' [-Wunused-parameter]
 1646 | static int lacp_callback_timeout(struct teamd_context *ctx, int events,
      |                                                             ~~~~^~~~~~
external/libteam++_repo_rules+libteam_src/teamd/teamd_runner_lacp.c: In function 'lacp_callback_retry_count_timeout':
external/libteam++_repo_rules+libteam_src/teamd/teamd_runner_lacp.c:1667:77: warning: unused parameter 'events' [-Wunused-parameter]
 1667 | static int lacp_callback_retry_count_timeout(struct teamd_context *ctx, int events,
      |                                                                         ~~~~^~~~~~
external/libteam++_repo_rules+libteam_src/teamd/teamd_runner_lacp.c: In function 'lacp_callback_periodic':
external/libteam++_repo_rules+libteam_src/teamd/teamd_runner_lacp.c:1680:57: warning: unused parameter 'ctx' [-Wunused-parameter]
 1680 | static int lacp_callback_periodic(struct teamd_context *ctx, int events,
      |                                   ~~~~~~~~~~~~~~~~~~~~~~^~~
external/libteam++_repo_rules+libteam_src/teamd/teamd_runner_lacp.c:1680:66: warning: unused parameter 'events' [-Wunused-parameter]
 1680 | static int lacp_callback_periodic(struct teamd_context *ctx, int events,
      |                                                              ~~~~^~~~~~
external/libteam++_repo_rules+libteam_src/teamd/teamd_runner_lacp.c: In function 'lacp_callback_socket':
external/libteam++_repo_rules+libteam_src/teamd/teamd_runner_lacp.c:1689:55: warning: unused parameter 'ctx' [-Wunused-parameter]
 1689 | static int lacp_callback_socket(struct teamd_context *ctx, int events,
      |                                 ~~~~~~~~~~~~~~~~~~~~~~^~~
external/libteam++_repo_rules+libteam_src/teamd/teamd_runner_lacp.c:1689:64: warning: unused parameter 'events' [-Wunused-parameter]
 1689 | static int lacp_callback_socket(struct teamd_context *ctx, int events,
      |                                                            ~~~~^~~~~~
external/libteam++_repo_rules+libteam_src/teamd/teamd_runner_lacp.c: In function 'lacp_port_removed':
external/libteam++_repo_rules+libteam_src/teamd/teamd_runner_lacp.c:1853:49: warning: unused parameter 'creator_priv' [-Wunused-parameter]
 1853 |                               void *priv, void *creator_priv)
      |                                           ~~~~~~^~~~~~~~~~~~
external/libteam++_repo_rules+libteam_src/teamd/teamd_runner_lacp.c: In function 'lacp_event_watch_port_added':
external/libteam++_repo_rules+libteam_src/teamd/teamd_runner_lacp.c:1942:62: warning: unused parameter 'ctx' [-Wunused-parameter]
 1942 | static int lacp_event_watch_port_added(struct teamd_context *ctx,
      |                                        ~~~~~~~~~~~~~~~~~~~~~~^~~
external/libteam++_repo_rules+libteam_src/teamd/teamd_runner_lacp.c: In function 'lacp_event_watch_port_removed':
external/libteam++_repo_rules+libteam_src/teamd/teamd_runner_lacp.c:1965:65: warning: unused parameter 'ctx' [-Wunused-parameter]
 1965 | static void lacp_event_watch_port_removed(struct teamd_context *ctx,
      |                                           ~~~~~~~~~~~~~~~~~~~~~~^~~
external/libteam++_repo_rules+libteam_src/teamd/teamd_runner_lacp.c: In function 'lacp_event_watch_port_changed':
external/libteam++_repo_rules+libteam_src/teamd/teamd_runner_lacp.c:1973:64: warning: unused parameter 'ctx' [-Wunused-parameter]
 1973 | static int lacp_event_watch_port_changed(struct teamd_context *ctx,
      |                                          ~~~~~~~~~~~~~~~~~~~~~~^~~
external/libteam++_repo_rules+libteam_src/teamd/teamd_runner_lacp.c: In function 'lacp_event_watch_refresh':
external/libteam++_repo_rules+libteam_src/teamd/teamd_runner_lacp.c:1982:60: warning: unused parameter 'ctx' [-Wunused-parameter]
 1982 | static void lacp_event_watch_refresh(struct teamd_context *ctx, struct teamd_port *tdport, void *priv)
      |                                      ~~~~~~~~~~~~~~~~~~~~~~^~~
external/libteam++_repo_rules+libteam_src/teamd/teamd_runner_lacp.c: In function 'lacp_state_active_get':
external/libteam++_repo_rules+libteam_src/teamd/teamd_runner_lacp.c:2084:56: warning: unused parameter 'ctx' [-Wunused-parameter]
 2084 | static int lacp_state_active_get(struct teamd_context *ctx,
      |                                  ~~~~~~~~~~~~~~~~~~~~~~^~~
external/libteam++_repo_rules+libteam_src/teamd/teamd_runner_lacp.c: In function 'lacp_state_sys_prio_get':
external/libteam++_repo_rules+libteam_src/teamd/teamd_runner_lacp.c:2094:58: warning: unused parameter 'ctx' [-Wunused-parameter]
 2094 | static int lacp_state_sys_prio_get(struct teamd_context *ctx,
      |                                    ~~~~~~~~~~~~~~~~~~~~~~^~~
external/libteam++_repo_rules+libteam_src/teamd/teamd_runner_lacp.c: In function 'lacp_state_fast_rate_get':
external/libteam++_repo_rules+libteam_src/teamd/teamd_runner_lacp.c:2104:59: warning: unused parameter 'ctx' [-Wunused-parameter]
 2104 | static int lacp_state_fast_rate_get(struct teamd_context *ctx,
      |                                     ~~~~~~~~~~~~~~~~~~~~~~^~~
external/libteam++_repo_rules+libteam_src/teamd/teamd_runner_lacp.c: In function 'lacp_state_fallback_get':
external/libteam++_repo_rules+libteam_src/teamd/teamd_runner_lacp.c:2114:58: warning: unused parameter 'ctx' [-Wunused-parameter]
 2114 | static int lacp_state_fallback_get(struct teamd_context *ctx,
      |                                    ~~~~~~~~~~~~~~~~~~~~~~^~~
external/libteam++_repo_rules+libteam_src/teamd/teamd_runner_lacp.c: In function 'lacp_state_select_policy_get':
external/libteam++_repo_rules+libteam_src/teamd/teamd_runner_lacp.c:2124:63: warning: unused parameter 'ctx' [-Wunused-parameter]
 2124 | static int lacp_state_select_policy_get(struct teamd_context *ctx,
      |                                         ~~~~~~~~~~~~~~~~~~~~~~^~~
external/libteam++_repo_rules+libteam_src/teamd/teamd_runner_lacp.c: In function 'lacp_state_enable_retry_count_get':
external/libteam++_repo_rules+libteam_src/teamd/teamd_runner_lacp.c:2134:68: warning: unused parameter 'ctx' [-Wunused-parameter]
 2134 | static int lacp_state_enable_retry_count_get(struct teamd_context *ctx,
      |                                              ~~~~~~~~~~~~~~~~~~~~~~^~~
external/libteam++_repo_rules+libteam_src/teamd/teamd_runner_lacp.c: In function 'lacp_state_retry_count_get':
external/libteam++_repo_rules+libteam_src/teamd/teamd_runner_lacp.c:2204:61: warning: unused parameter 'ctx' [-Wunused-parameter]
 2204 | static int lacp_state_retry_count_get(struct teamd_context *ctx,
      |                                       ~~~~~~~~~~~~~~~~~~~~~~^~~
external/libteam++_repo_rules+libteam_src/teamd/teamd_runner_lacp.c: In function 'lacp_port_actor_state_system_priority_get':
external/libteam++_repo_rules+libteam_src/teamd/teamd_runner_lacp.c:2348:76: warning: unused parameter 'ctx' [-Wunused-parameter]
 2348 | static int lacp_port_actor_state_system_priority_get(struct teamd_context *ctx,
      |                                                      ~~~~~~~~~~~~~~~~~~~~~~^~~
external/libteam++_repo_rules+libteam_src/teamd/teamd_runner_lacp.c: In function 'lacp_port_actor_state_system_get':
external/libteam++_repo_rules+libteam_src/teamd/teamd_runner_lacp.c:2357:67: warning: unused parameter 'ctx' [-Wunused-parameter]
 2357 | static int lacp_port_actor_state_system_get(struct teamd_context *ctx,
      |                                             ~~~~~~~~~~~~~~~~~~~~~~^~~
external/libteam++_repo_rules+libteam_src/teamd/teamd_runner_lacp.c: In function 'lacp_port_actor_state_key_get':
external/libteam++_repo_rules+libteam_src/teamd/teamd_runner_lacp.c:2372:64: warning: unused parameter 'ctx' [-Wunused-parameter]
 2372 | static int lacp_port_actor_state_key_get(struct teamd_context *ctx,
      |                                          ~~~~~~~~~~~~~~~~~~~~~~^~~
external/libteam++_repo_rules+libteam_src/teamd/teamd_runner_lacp.c: In function 'lacp_port_actor_state_port_priority_get':
external/libteam++_repo_rules+libteam_src/teamd/teamd_runner_lacp.c:2380:74: warning: unused parameter 'ctx' [-Wunused-parameter]
 2380 | static int lacp_port_actor_state_port_priority_get(struct teamd_context *ctx,
      |                                                    ~~~~~~~~~~~~~~~~~~~~~~^~~
external/libteam++_repo_rules+libteam_src/teamd/teamd_runner_lacp.c: In function 'lacp_port_actor_state_port_get':
external/libteam++_repo_rules+libteam_src/teamd/teamd_runner_lacp.c:2389:65: warning: unused parameter 'ctx' [-Wunused-parameter]
 2389 | static int lacp_port_actor_state_port_get(struct teamd_context *ctx,
      |                                           ~~~~~~~~~~~~~~~~~~~~~~^~~
external/libteam++_repo_rules+libteam_src/teamd/teamd_runner_lacp.c: In function 'lacp_port_actor_state_state_get':
external/libteam++_repo_rules+libteam_src/teamd/teamd_runner_lacp.c:2397:66: warning: unused parameter 'ctx' [-Wunused-parameter]
 2397 | static int lacp_port_actor_state_state_get(struct teamd_context *ctx,
      |                                            ~~~~~~~~~~~~~~~~~~~~~~^~~
external/libteam++_repo_rules+libteam_src/teamd/teamd_runner_lacp.c: In function 'lacp_port_partner_state_system_priority_get':
external/libteam++_repo_rules+libteam_src/teamd/teamd_runner_lacp.c:2444:78: warning: unused parameter 'ctx' [-Wunused-parameter]
 2444 | static int lacp_port_partner_state_system_priority_get(struct teamd_context *ctx,
      |                                                        ~~~~~~~~~~~~~~~~~~~~~~^~~
external/libteam++_repo_rules+libteam_src/teamd/teamd_runner_lacp.c: In function 'lacp_port_partner_state_system_get':
external/libteam++_repo_rules+libteam_src/teamd/teamd_runner_lacp.c:2453:69: warning: unused parameter 'ctx' [-Wunused-parameter]
 2453 | static int lacp_port_partner_state_system_get(struct teamd_context *ctx,
      |                                               ~~~~~~~~~~~~~~~~~~~~~~^~~
external/libteam++_repo_rules+libteam_src/teamd/teamd_runner_lacp.c: In function 'lacp_port_partner_state_key_get':
external/libteam++_repo_rules+libteam_src/teamd/teamd_runner_lacp.c:2468:66: warning: unused parameter 'ctx' [-Wunused-parameter]
 2468 | static int lacp_port_partner_state_key_get(struct teamd_context *ctx,
      |                                            ~~~~~~~~~~~~~~~~~~~~~~^~~
external/libteam++_repo_rules+libteam_src/teamd/teamd_runner_lacp.c: In function 'lacp_port_partner_state_port_priority_get':
external/libteam++_repo_rules+libteam_src/teamd/teamd_runner_lacp.c:2476:76: warning: unused parameter 'ctx' [-Wunused-parameter]
 2476 | static int lacp_port_partner_state_port_priority_get(struct teamd_context *ctx,
      |                                                      ~~~~~~~~~~~~~~~~~~~~~~^~~
external/libteam++_repo_rules+libteam_src/teamd/teamd_runner_lacp.c: In function 'lacp_port_partner_state_port_get':
external/libteam++_repo_rules+libteam_src/teamd/teamd_runner_lacp.c:2485:67: warning: unused parameter 'ctx' [-Wunused-parameter]
 2485 | static int lacp_port_partner_state_port_get(struct teamd_context *ctx,
      |                                             ~~~~~~~~~~~~~~~~~~~~~~^~~
external/libteam++_repo_rules+libteam_src/teamd/teamd_runner_lacp.c: In function 'lacp_port_partner_state_state_get':
external/libteam++_repo_rules+libteam_src/teamd/teamd_runner_lacp.c:2493:68: warning: unused parameter 'ctx' [-Wunused-parameter]
 2493 | static int lacp_port_partner_state_state_get(struct teamd_context *ctx,
      |                                              ~~~~~~~~~~~~~~~~~~~~~~^~~
external/libteam++_repo_rules+libteam_src/teamd/teamd_runner_lacp.c: In function 'lacp_port_state_selected_get':
external/libteam++_repo_rules+libteam_src/teamd/teamd_runner_lacp.c:2534:63: warning: unused parameter 'ctx' [-Wunused-parameter]
 2534 | static int lacp_port_state_selected_get(struct teamd_context *ctx,
      |                                         ~~~~~~~~~~~~~~~~~~~~~~^~~
external/libteam++_repo_rules+libteam_src/teamd/teamd_runner_lacp.c: In function 'lacp_port_state_aggregator_id_get':
external/libteam++_repo_rules+libteam_src/teamd/teamd_runner_lacp.c:2542:68: warning: unused parameter 'ctx' [-Wunused-parameter]
 2542 | static int lacp_port_state_aggregator_id_get(struct teamd_context *ctx,
      |                                              ~~~~~~~~~~~~~~~~~~~~~~^~~
external/libteam++_repo_rules+libteam_src/teamd/teamd_runner_lacp.c: In function 'lacp_port_state_aggregator_selected_get':
external/libteam++_repo_rules+libteam_src/teamd/teamd_runner_lacp.c:2550:74: warning: unused parameter 'ctx' [-Wunused-parameter]
 2550 | static int lacp_port_state_aggregator_selected_get(struct teamd_context *ctx,
      |                                                    ~~~~~~~~~~~~~~~~~~~~~~^~~
external/libteam++_repo_rules+libteam_src/teamd/teamd_runner_lacp.c: In function 'lacp_port_state_state_get':
external/libteam++_repo_rules+libteam_src/teamd/teamd_runner_lacp.c:2606:60: warning: unused parameter 'ctx' [-Wunused-parameter]
 2606 | static int lacp_port_state_state_get(struct teamd_context *ctx,
      |                                      ~~~~~~~~~~~~~~~~~~~~~~^~~
external/libteam++_repo_rules+libteam_src/teamd/teamd_runner_lacp.c: In function 'lacp_port_state_key_get':
external/libteam++_repo_rules+libteam_src/teamd/teamd_runner_lacp.c:2615:58: warning: unused parameter 'ctx' [-Wunused-parameter]
 2615 | static int lacp_port_state_key_get(struct teamd_context *ctx,
      |                                    ~~~~~~~~~~~~~~~~~~~~~~^~~
external/libteam++_repo_rules+libteam_src/teamd/teamd_runner_lacp.c: In function 'lacp_port_state_prio_get':
external/libteam++_repo_rules+libteam_src/teamd/teamd_runner_lacp.c:2623:59: warning: unused parameter 'ctx' [-Wunused-parameter]
 2623 | static int lacp_port_state_prio_get(struct teamd_context *ctx,
      |                                     ~~~~~~~~~~~~~~~~~~~~~~^~~
external/libteam++_repo_rules+libteam_src/teamd/teamd_runner_lacp.c: In function 'lacp_port_partner_retry_count_get':
external/libteam++_repo_rules+libteam_src/teamd/teamd_runner_lacp.c:2631:68: warning: unused parameter 'ctx' [-Wunused-parameter]
 2631 | static int lacp_port_partner_retry_count_get(struct teamd_context *ctx,
      |                                              ~~~~~~~~~~~~~~~~~~~~~~^~~
[11,319 / 21,686] Compiling prog/sensord/args.c; 64s linux-sandbox ... (191 actions, 190 running)
INFO: From Executing genrule @@sonic-fib+//:gen_c_nexthopgroupfull_h:
✅ Generated bazel-out/k8-opt/bin/external/sonic-fib+/c_nexthopgroupfull.h (mode: c_header)
INFO: From Compiling src/Linux/hsflowconfig.c:
external/sflow++_repo_rules+hsflowd_src/src/Linux/hsflowconfig.c: In function 'lookupApplicationSettings':
external/sflow++_repo_rules+hsflowd_src/src/Linux/hsflowconfig.c:786:14: warning: comparison of integer expressions of different signedness: 'int' and 'uint32_t' {aka 'unsigned int'} [-Wsign-compare]
  786 |       if(len > deepest_len
      |              ^
INFO: From Compiling ras-aer-handler.c:
external/rasdaemon++_repo_rules+rasdaemon_src/ras-aer-handler.c: In function 'ras_aer_event_handler':
external/rasdaemon++_repo_rules+rasdaemon_src/ras-aer-handler.c:72:28: warning: unused variable 'fn' [-Wunused-variable]
   72 |         int seg, bus, dev, fn;
      |                            ^~
external/rasdaemon++_repo_rules+rasdaemon_src/ras-aer-handler.c:72:23: warning: unused variable 'dev' [-Wunused-variable]
   72 |         int seg, bus, dev, fn;
      |                       ^~~
external/rasdaemon++_repo_rules+rasdaemon_src/ras-aer-handler.c:72:18: warning: unused variable 'bus' [-Wunused-variable]
   72 |         int seg, bus, dev, fn;
      |                  ^~~
external/rasdaemon++_repo_rules+rasdaemon_src/ras-aer-handler.c:72:13: warning: unused variable 'seg' [-Wunused-variable]
   72 |         int seg, bus, dev, fn;
      |             ^~~
external/rasdaemon++_repo_rules+rasdaemon_src/ras-aer-handler.c:71:17: warning: variable 'sel_data' set but not used [-Wunused-but-set-variable]
   71 |         uint8_t sel_data[5];
      |                 ^~~~~~~~
external/rasdaemon++_repo_rules+rasdaemon_src/ras-aer-handler.c:70:14: warning: unused variable 'ipmi_add_sel' [-Wunused-variable]
   70 |         char ipmi_add_sel[105];
      |              ^~~~~~~~~~~~
INFO: From Compiling src/psample.c:
external/sflow++_repo_rules+psample_src/src/psample.c: In function 'psample_open':
external/sflow++_repo_rules+psample_src/src/psample.c:136:56: warning: 'calloc' sizes specified with 'sizeof' in the earlier argument and not in the later argument [-Wcalloc-transposed-args]
  136 |         handle = (struct psample_handle *)calloc(sizeof(*handle), 1);
      |                                                        ^
external/sflow++_repo_rules+psample_src/src/psample.c:136:56: note: earlier argument should specify number of elements, later size of each element
INFO: From Compiling lib/readline/util.c:
external/bash++_repo_rules+bash_src/lib/readline/util.c:22:9: warning: "READLINE_LIBRARY" redefined
   22 | #define READLINE_LIBRARY
      |         ^~~~~~~~~~~~~~~~
<command-line>: note: this is the location of the previous definition
external/bash++_repo_rules+bash_src/lib/readline/util.c: In function 'rl_abort':
external/bash++_repo_rules+bash_src/lib/readline/util.c:121:15: warning: unused parameter 'count' [-Wunused-parameter]
  121 | rl_abort (int count, int key)
      |           ~~~~^~~~~
external/bash++_repo_rules+bash_src/lib/readline/util.c:121:26: warning: unused parameter 'key' [-Wunused-parameter]
  121 | rl_abort (int count, int key)
      |                      ~~~~^~~
external/bash++_repo_rules+bash_src/lib/readline/util.c: In function '_rl_null_function':
external/bash++_repo_rules+bash_src/lib/readline/util.c:127:24: warning: unused parameter 'count' [-Wunused-parameter]
  127 | _rl_null_function (int count, int key)
      |                    ~~~~^~~~~
external/bash++_repo_rules+bash_src/lib/readline/util.c:127:35: warning: unused parameter 'key' [-Wunused-parameter]
  127 | _rl_null_function (int count, int key)
      |                               ~~~~^~~
external/bash++_repo_rules+bash_src/lib/readline/util.c: In function 'rl_tty_status':
external/bash++_repo_rules+bash_src/lib/readline/util.c:133:20: warning: unused parameter 'count' [-Wunused-parameter]
  133 | rl_tty_status (int count, int key)
      |                ~~~~^~~~~
external/bash++_repo_rules+bash_src/lib/readline/util.c:133:31: warning: unused parameter 'key' [-Wunused-parameter]
  133 | rl_tty_status (int count, int key)
      |                           ~~~~^~~
external/bash++_repo_rules+bash_src/lib/readline/util.c: In function 'rl_tilde_expand':
external/bash++_repo_rules+bash_src/lib/readline/util.c:180:22: warning: unused parameter 'ignore' [-Wunused-parameter]
  180 | rl_tilde_expand (int ignore, int key)
      |                  ~~~~^~~~~~
external/bash++_repo_rules+bash_src/lib/readline/util.c:180:34: warning: unused parameter 'key' [-Wunused-parameter]
  180 | rl_tilde_expand (int ignore, int key)
      |                              ~~~~^~~
INFO: From Compiling lib/utils.c:
<command-line>: warning: "_FORTIFY_SOURCE" redefined
<command-line>: note: this is the location of the previous definition
INFO: From Compiling mce-intel-i10nm.c:
external/rasdaemon++_repo_rules+rasdaemon_src/mce-intel-i10nm.c: In function 'i10nm_decode_model':
external/rasdaemon++_repo_rules+rasdaemon_src/mce-intel-i10nm.c:364:66: warning: unused parameter 'ras' [-Wunused-parameter]
  364 | void i10nm_decode_model(enum cputype cputype, struct ras_events *ras,
      |                                               ~~~~~~~~~~~~~~~~~~~^~~
INFO: From Compiling lib/readline/undo.c:
external/bash++_repo_rules+bash_src/lib/readline/undo.c:22:9: warning: "READLINE_LIBRARY" redefined
   22 | #define READLINE_LIBRARY
      |         ^~~~~~~~~~~~~~~~
<command-line>: note: this is the location of the previous definition
external/bash++_repo_rules+bash_src/lib/readline/undo.c: In function 'rl_free_undo_list':
external/bash++_repo_rules+bash_src/lib/readline/undo.c:119:14: warning: unused variable 'release' [-Wunused-variable]
  119 |   UNDO_LIST *release, *orig_list;
      |              ^~~~~~~
external/bash++_repo_rules+bash_src/lib/readline/undo.c: In function '_rl_fix_last_undo_of_type':
external/bash++_repo_rules+bash_src/lib/readline/undo.c:280:20: warning: comparison of integer expressions of different signedness: 'enum undo_code' and 'int' [-Wsign-compare]
  280 |       if (rl->what == type)
      |                    ^~
external/bash++_repo_rules+bash_src/lib/readline/undo.c: In function 'rl_revert_line':
external/bash++_repo_rules+bash_src/lib/readline/undo.c:330:21: warning: unused parameter 'count' [-Wunused-parameter]
  330 | rl_revert_line (int count, int key)
      |                 ~~~~^~~~~
external/bash++_repo_rules+bash_src/lib/readline/undo.c:330:32: warning: unused parameter 'key' [-Wunused-parameter]
  330 | rl_revert_line (int count, int key)
      |                            ~~~~^~~
external/bash++_repo_rules+bash_src/lib/readline/undo.c: In function 'rl_undo_command':
external/bash++_repo_rules+bash_src/lib/readline/undo.c:349:33: warning: unused parameter 'key' [-Wunused-parameter]
  349 | rl_undo_command (int count, int key)
      |                             ~~~~^~~
INFO: From Compiling libmonit/src/system/Time.c:
external/monit++_repo_rules+monit_src/libmonit/src/system/Time.c: In function 'Time_localStr':
external/monit++_repo_rules+monit_src/libmonit/src/system/Time.c:1398:12: warning: 'nonnull' argument 'result' compared to NULL [-Wnonnull-compare]
 1398 |         if (result) {
      |            ^
external/monit++_repo_rules+monit_src/libmonit/src/system/Time.c: In function 'Time_str':
external/monit++_repo_rules+monit_src/libmonit/src/system/Time.c:1430:12: warning: 'nonnull' argument 'result' compared to NULL [-Wnonnull-compare]
 1430 |         if (result) {
      |            ^
external/monit++_repo_rules+monit_src/libmonit/src/system/Time.c: In function 'Time_uptime':
external/monit++_repo_rules+monit_src/libmonit/src/system/Time.c:1474:12: warning: 'nonnull' argument 'result' compared to NULL [-Wnonnull-compare]
 1474 |         if (result) {
      |            ^
INFO: From Compiling src/checksum.c:
external/monit++_repo_rules+monit_src/src/checksum.c: In function 'Checksum_getChecksum':
external/monit++_repo_rules+monit_src/src/checksum.c:215:84: warning: unused parameter 'bufsize' [-Wunused-parameter]
  215 | bool Checksum_getChecksum(char *file, Hash_Type hashtype, char *buf, unsigned long bufsize) {
      |                                                                      ~~~~~~~~~~~~~~^~~~~~~
INFO: From Compiling teamd/teamd_workq.c:
external/libteam++_repo_rules+libteam_src/teamd/teamd_workq.c: In function 'teamd_workq_callback_socket':
external/libteam++_repo_rules+libteam_src/teamd/teamd_workq.c:30:71: warning: unused parameter 'events' [-Wunused-parameter]
   30 | static int teamd_workq_callback_socket(struct teamd_context *ctx, int events,
      |                                                                   ~~~~^~~~~~
external/libteam++_repo_rules+libteam_src/teamd/teamd_workq.c:31:46: warning: unused parameter 'priv' [-Wunused-parameter]
   31 |                                        void *priv)
      |                                        ~~~~~~^~~~
INFO: From Compiling teamd/teamd_link_watch.c:
external/libteam++_repo_rules+libteam_src/teamd/teamd_link_watch.c: In function 'teamd_find_link_watch':
external/libteam++_repo_rules+libteam_src/teamd/teamd_link_watch.c:120:23: warning: comparison of integer expressions of different signedness: 'int' and 'long unsigned int' [-Wsign-compare]
  120 |         for (i = 0; i < TEAMD_LINK_WATCH_LIST_SIZE; i++) {
      |                       ^
external/libteam++_repo_rules+libteam_src/teamd/teamd_link_watch.c: In function 'teamd_link_watch_port_up':
external/libteam++_repo_rules+libteam_src/teamd/teamd_link_watch.c:127:53: warning: unused parameter 'ctx' [-Wunused-parameter]
  127 | bool teamd_link_watch_port_up(struct teamd_context *ctx,
      |                               ~~~~~~~~~~~~~~~~~~~~~~^~~
external/libteam++_repo_rules+libteam_src/teamd/teamd_link_watch.c: In function 'link_watch_state_name_get':
external/libteam++_repo_rules+libteam_src/teamd/teamd_link_watch.c:167:60: warning: unused parameter 'ctx' [-Wunused-parameter]
  167 | static int link_watch_state_name_get(struct teamd_context *ctx,
      |                                      ~~~~~~~~~~~~~~~~~~~~~~^~~
external/libteam++_repo_rules+libteam_src/teamd/teamd_link_watch.c: In function 'link_watch_state_up_get':
external/libteam++_repo_rules+libteam_src/teamd/teamd_link_watch.c:177:58: warning: unused parameter 'ctx' [-Wunused-parameter]
  177 | static int link_watch_state_up_get(struct teamd_context *ctx,
      |                                    ~~~~~~~~~~~~~~~~~~~~~~^~~
external/libteam++_repo_rules+libteam_src/teamd/teamd_link_watch.c: In function 'link_watch_state_down_count_get':
external/libteam++_repo_rules+libteam_src/teamd/teamd_link_watch.c:187:66: warning: unused parameter 'ctx' [-Wunused-parameter]
  187 | static int link_watch_state_down_count_get(struct teamd_context *ctx,
      |                                            ~~~~~~~~~~~~~~~~~~~~~~^~~
In file included from external/libteam++_repo_rules+libteam_src/teamd/teamd_link_watch.c:34:
external/libteam++_repo_rules+libteam_src/teamd/teamd_link_watch.c: In function 'link_watch_load_config':
external/libteam++_repo_rules+libteam_src/teamd/teamd_config.h:62:31: warning: comparison of integer expressions of different signedness: 'int' and 'size_t' {aka 'long unsigned int'} [-Wsign-compare]
   62 |         for (index = 0; index < teamd_config_arr_size(ctx, ##args); index++)
      |                               ^
external/libteam++_repo_rules+libteam_src/teamd/teamd_link_watch.c:330:9: note: in expansion of macro 'teamd_config_for_each_arr_index'
  330 |         teamd_config_for_each_arr_index(i, ctx, "@", cpcookie) {
      |         ^~~~~~~~~~~~~~~~~~~~~~~~~~~~~~~
external/libteam++_repo_rules+libteam_src/teamd/teamd_link_watch.c: In function 'link_watch_event_watch_port_removed':
external/libteam++_repo_rules+libteam_src/teamd/teamd_link_watch.c:391:55: warning: unused parameter 'priv' [-Wunused-parameter]
  391 |                                                 void *priv)
      |                                                 ~~~~~~^~~~
external/libteam++_repo_rules+libteam_src/teamd/teamd_link_watch.c: In function 'link_watch_event_watch_port_link_changed':
external/libteam++_repo_rules+libteam_src/teamd/teamd_link_watch.c:402:59: warning: unused parameter 'priv' [-Wunused-parameter]
  402 |                                                     void *priv)
      |                                                     ~~~~~~^~~~
external/libteam++_repo_rules+libteam_src/teamd/teamd_link_watch.c: In function 'link_watch_enabled_option_changed':
external/libteam++_repo_rules+libteam_src/teamd/teamd_link_watch.c:454:66: warning: unused parameter 'option' [-Wunused-parameter]
  454 |                                              struct team_option *option,
      |                                              ~~~~~~~~~~~~~~~~~~~~^~~~~~
external/libteam++_repo_rules+libteam_src/teamd/teamd_link_watch.c:455:52: warning: unused parameter 'priv' [-Wunused-parameter]
  455 |                                              void *priv)
      |                                              ~~~~~~^~~~
external/libteam++_repo_rules+libteam_src/teamd/teamd_link_watch.c: In function 'link_watch_port_master_ifindex_changed':
external/libteam++_repo_rules+libteam_src/teamd/teamd_link_watch.c:462:70: warning: unused parameter 'tdport' [-Wunused-parameter]
  462 |                                                   struct teamd_port *tdport,
      |                                                   ~~~~~~~~~~~~~~~~~~~^~~~~~
external/libteam++_repo_rules+libteam_src/teamd/teamd_link_watch.c:463:57: warning: unused parameter 'priv' [-Wunused-parameter]
  463 |                                                   void *priv)
      |                                                   ~~~~~~^~~~
external/libteam++_repo_rules+libteam_src/teamd/teamd_link_watch.c: In function 'port_link_state_up_get':
external/libteam++_repo_rules+libteam_src/teamd/teamd_link_watch.c:479:41: warning: unused parameter 'priv' [-Wunused-parameter]
  479 |                                   void *priv)
      |                                   ~~~~~~^~~~
INFO: From Compiling lib/object.c:
<command-line>: warning: "_FORTIFY_SOURCE" redefined
<command-line>: note: this is the location of the previous definition
INFO: From Compiling teamd/teamd_ctl.c:
external/libteam++_repo_rules+libteam_src/teamd/teamd_ctl.c: In function 'get_func_by_name':
external/libteam++_repo_rules+libteam_src/teamd/teamd_ctl.c:312:23: warning: comparison of integer expressions of different signedness: 'int' and 'long unsigned int' [-Wsign-compare]
  312 |         for (i = 0; i < TEAMD_CTL_METHOD_LIST_SIZE; i++) {
      |                       ^
INFO: From Compiling lib/readline/xmalloc.c:
external/bash++_repo_rules+bash_src/lib/readline/xmalloc.c:22:9: warning: "READLINE_LIBRARY" redefined
   22 | #define READLINE_LIBRARY
      |         ^~~~~~~~~~~~~~~~
<command-line>: note: this is the location of the previous definition
INFO: From Compiling ras-extlog-handler.c:
external/rasdaemon++_repo_rules+rasdaemon_src/ras-extlog-handler.c: In function 'report_extlog_mem_event':
external/rasdaemon++_repo_rules+rasdaemon_src/ras-extlog-handler.c:172:56: warning: unused parameter 'ras' [-Wunused-parameter]
  172 | static void report_extlog_mem_event(struct ras_events *ras,
      |                                     ~~~~~~~~~~~~~~~~~~~^~~
external/rasdaemon++_repo_rules+rasdaemon_src/ras-extlog-handler.c:173:59: warning: unused parameter 'record' [-Wunused-parameter]
  173 |                                     struct pevent_record *record,
      |                                     ~~~~~~~~~~~~~~~~~~~~~~^~~~~~
INFO: From Compiling teamd/teamd_lw_tipc.c:
external/libteam++_repo_rules+libteam_src/teamd/teamd_lw_tipc.c: In function 'lw_tipc_load_options':
external/libteam++_repo_rules+libteam_src/teamd/teamd_lw_tipc.c:51:52: warning: unused parameter 'tdport' [-Wunused-parameter]
   51 |                                 struct teamd_port *tdport,
      |                                 ~~~~~~~~~~~~~~~~~~~^~~~~~
external/libteam++_repo_rules+libteam_src/teamd/teamd_lw_tipc.c: In function 'lw_tipc_callback_socket':
external/libteam++_repo_rules+libteam_src/teamd/teamd_lw_tipc.c:130:67: warning: unused parameter 'events' [-Wunused-parameter]
  130 | static int lw_tipc_callback_socket(struct teamd_context *ctx, int events, void *priv)
      |                                                               ~~~~^~~~~~
external/libteam++_repo_rules+libteam_src/teamd/teamd_lw_tipc.c: In function 'lw_tipc_port_added':
external/libteam++_repo_rules+libteam_src/teamd/teamd_lw_tipc.c:213:49: warning: unused parameter 'creator_priv' [-Wunused-parameter]
  213 |                               void *priv, void *creator_priv)
      |                                           ~~~~~~^~~~~~~~~~~~
external/libteam++_repo_rules+libteam_src/teamd/teamd_lw_tipc.c: In function 'lw_tipc_port_removed':
external/libteam++_repo_rules+libteam_src/teamd/teamd_lw_tipc.c:231:53: warning: unused parameter 'tdport' [-Wunused-parameter]
  231 |                                  struct teamd_port *tdport,
      |                                  ~~~~~~~~~~~~~~~~~~~^~~~~~
external/libteam++_repo_rules+libteam_src/teamd/teamd_lw_tipc.c:232:52: warning: unused parameter 'creator_priv' [-Wunused-parameter]
  232 |                                  void *priv, void *creator_priv)
      |                                              ~~~~~~^~~~~~~~~~~~
external/libteam++_repo_rules+libteam_src/teamd/teamd_lw_tipc.c: In function 'lw_tipc_state_bearer_get':
external/libteam++_repo_rules+libteam_src/teamd/teamd_lw_tipc.c:247:52: warning: unused parameter 'ctx' [-Wunused-parameter]
  247 | int lw_tipc_state_bearer_get(struct teamd_context *ctx,
      |                              ~~~~~~~~~~~~~~~~~~~~~~^~~
INFO: From Compiling teamd/teamd_events.c:
external/libteam++_repo_rules+libteam_src/teamd/teamd_events.c: In function 'teamd_events_fini':
external/libteam++_repo_rules+libteam_src/teamd/teamd_events.c:250:46: warning: unused parameter 'ctx' [-Wunused-parameter]
  250 | void teamd_events_fini(struct teamd_context *ctx)
      |                        ~~~~~~~~~~~~~~~~~~~~~~^~~
INFO: From Compiling grub-core/lib/gnulib/argp-fmtstream.c:
external/sonic-build-infra++_repo_rules4+grub_src/grub-core/lib/gnulib/argp-fmtstream.c:122:15: warning: type qualifiers ignored on function return type [-Wignored-qualifiers]
  122 | static inline const ptrdiff_t
      |               ^~~~~
INFO: From Compiling teamd/teamd_runner_loadbalance.c:
external/libteam++_repo_rules+libteam_src/teamd/teamd_runner_loadbalance.c: In function 'lb_event_watch_port_removed':
external/libteam++_repo_rules+libteam_src/teamd/teamd_runner_loadbalance.c:55:63: warning: unused parameter 'ctx' [-Wunused-parameter]
   55 | static void lb_event_watch_port_removed(struct teamd_context *ctx,
      |                                         ~~~~~~~~~~~~~~~~~~~~~~^~~
external/libteam++_repo_rules+libteam_src/teamd/teamd_runner_loadbalance.c: In function 'lb_event_watch_port_link_changed':
external/libteam++_repo_rules+libteam_src/teamd/teamd_runner_loadbalance.c:65:51: warning: unused parameter 'priv' [-Wunused-parameter]
   65 |                                             void *priv)
      |                                             ~~~~~~^~~~
external/libteam++_repo_rules+libteam_src/teamd/teamd_runner_loadbalance.c: In function 'lb_event_watch_hwaddr_changed':
external/libteam++_repo_rules+libteam_src/teamd/teamd_runner_loadbalance.c:72:75: warning: unused parameter 'priv' [-Wunused-parameter]
   72 | static int lb_event_watch_hwaddr_changed(struct teamd_context *ctx, void *priv)
      |                                                                     ~~~~~~^~~~
external/libteam++_repo_rules+libteam_src/teamd/teamd_runner_loadbalance.c: In function 'lb_event_watch_port_hwaddr_changed':
external/libteam++_repo_rules+libteam_src/teamd/teamd_runner_loadbalance.c:92:53: warning: unused parameter 'priv' [-Wunused-parameter]
   92 |                                               void *priv)
      |                                               ~~~~~~^~~~
INFO: From Compiling src/lib/misc.c:
external/libpam-radius-auth++_repo_rules+freeradius_src/src/lib/misc.c:23:19: warning: 'rcsid' defined but not used [-Wunused-const-variable=]
   23 | static const char rcsid[] =
      |                   ^~~~~
INFO: From Compiling teamd/teamd_lw_ethtool.c:
external/libteam++_repo_rules+libteam_src/teamd/teamd_lw_ethtool.c: In function 'lw_ethtool_callback_delay':
external/libteam++_repo_rules+libteam_src/teamd/teamd_lw_ethtool.c:91:69: warning: unused parameter 'events' [-Wunused-parameter]
   91 | static int lw_ethtool_callback_delay(struct teamd_context *ctx, int events,
      |                                                                 ~~~~^~~~~~
external/libteam++_repo_rules+libteam_src/teamd/teamd_lw_ethtool.c: In function 'lw_ethtool_load_options':
external/libteam++_repo_rules+libteam_src/teamd/teamd_lw_ethtool.c:105:55: warning: unused parameter 'tdport' [-Wunused-parameter]
  105 |                                    struct teamd_port *tdport,
      |                                    ~~~~~~~~~~~~~~~~~~~^~~~~~
external/libteam++_repo_rules+libteam_src/teamd/teamd_lw_ethtool.c: In function 'lw_ethtool_port_added':
external/libteam++_repo_rules+libteam_src/teamd/teamd_lw_ethtool.c:139:52: warning: unused parameter 'creator_priv' [-Wunused-parameter]
  139 |                                  void *priv, void *creator_priv)
      |                                              ~~~~~~^~~~~~~~~~~~
external/libteam++_repo_rules+libteam_src/teamd/teamd_lw_ethtool.c: In function 'lw_ethtool_port_removed':
external/libteam++_repo_rules+libteam_src/teamd/teamd_lw_ethtool.c:167:56: warning: unused parameter 'tdport' [-Wunused-parameter]
  167 |                                     struct teamd_port *tdport,
      |                                     ~~~~~~~~~~~~~~~~~~~^~~~~~
external/libteam++_repo_rules+libteam_src/teamd/teamd_lw_ethtool.c:168:55: warning: unused parameter 'creator_priv' [-Wunused-parameter]
  168 |                                     void *priv, void *creator_priv)
      |                                                 ~~~~~~^~~~~~~~~~~~
external/libteam++_repo_rules+libteam_src/teamd/teamd_lw_ethtool.c: In function 'lw_ethtool_state_delay_up_get':
external/libteam++_repo_rules+libteam_src/teamd/teamd_lw_ethtool.c:174:64: warning: unused parameter 'ctx' [-Wunused-parameter]
  174 | static int lw_ethtool_state_delay_up_get(struct teamd_context *ctx,
      |                                          ~~~~~~~~~~~~~~~~~~~~~~^~~
external/libteam++_repo_rules+libteam_src/teamd/teamd_lw_ethtool.c: In function 'lw_ethtool_state_delay_down_get':
external/libteam++_repo_rules+libteam_src/teamd/teamd_lw_ethtool.c:186:66: warning: unused parameter 'ctx' [-Wunused-parameter]
  186 | static int lw_ethtool_state_delay_down_get(struct teamd_context *ctx,
      |                                            ~~~~~~~~~~~~~~~~~~~~~~^~~
INFO: From Compiling src/Linux/mod_docker.c:
external/sflow++_repo_rules+hsflowd_src/src/Linux/mod_docker.c: In function 'processDockerResponse':
external/sflow++_repo_rules+hsflowd_src/src/Linux/mod_docker.c:1955:15: warning: comparison of integer expressions of different signedness: 'int' and 'size_t' {aka 'long unsigned int'} [-Wsign-compare]
 1955 |       if(clen != UTSTRBUF_LEN(sock->ioline)) {
      |               ^~
INFO: From Compiling src/daemon/agent_priv.c:
external/lldpd++_repo_rules+lldpd_src/src/daemon/agent_priv.c: In function 'agent_priv_unix_transport':
external/lldpd++_repo_rules+lldpd_src/src/daemon/agent_priv.c:164:17: warning: comparison of integer expressions of different signedness: 'int' and 'long unsigned int' [-Wsign-compare]
  164 |         if (len >= sizeof(addr.sun_path) ||
      |                 ^~
INFO: From Compiling src/Linux/hsflowd.c:
external/sflow++_repo_rules+hsflowd_src/src/Linux/hsflowd.c:9:9: warning: "_GNU_SOURCE" redefined
    9 | #define _GNU_SOURCE
      |         ^~~~~~~~~~~
<command-line>: note: this is the location of the previous definition
external/sflow++_repo_rules+hsflowd_src/src/Linux/hsflowd.c: In function 'host_adaptors':
external/sflow++_repo_rules+hsflowd_src/src/Linux/hsflowd.c:258:39: warning: comparison of integer expressions of different signedness: 'uint32_t' {aka 'unsigned int'} and 'int' [-Wsign-compare]
  258 |           if(myAdaptors->num_adaptors >= capacity) break;
      |                                       ^~
external/sflow++_repo_rules+hsflowd_src/src/Linux/hsflowd.c: In function 'retainRoot':
external/sflow++_repo_rules+hsflowd_src/src/Linux/hsflowd.c:1578:28: warning: comparison of integer expressions of different signedness: 'int' and 'uint32_t' {aka 'unsigned int'} [-Wsign-compare]
 1578 |         for(int ss = 0; ss < strArrayN(sp->retainRootReasons); ss++) {
      |                            ^
INFO: From Compiling src/Linux/mod_json.c:
external/sflow++_repo_rules+hsflowd_src/src/Linux/mod_json.c: In function 'evt_packet_tock':
external/sflow++_repo_rules+hsflowd_src/src/Linux/mod_json.c:1270:24: warning: comparison of integer expressions of different signedness: 'int' and 'uint32_t' {aka 'unsigned int'} [-Wsign-compare]
 1270 |     for(int ii = 0; ii < UTArrayN(mdata->pollActions); ii++) {
      |                        ^
INFO: From Compiling teamd/teamd_lw_psr.c:
external/libteam++_repo_rules+libteam_src/teamd/teamd_lw_psr.c: In function 'lw_psr_callback_periodic':
external/libteam++_repo_rules+libteam_src/teamd/teamd_lw_psr.c:35:68: warning: unused parameter 'events' [-Wunused-parameter]
   35 | static int lw_psr_callback_periodic(struct teamd_context *ctx, int events, void *priv)
      |                                                                ~~~~^~~~~~
external/libteam++_repo_rules+libteam_src/teamd/teamd_lw_psr.c: In function 'lw_psr_callback_socket':
external/libteam++_repo_rules+libteam_src/teamd/teamd_lw_psr.c:65:57: warning: unused parameter 'ctx' [-Wunused-parameter]
   65 | static int lw_psr_callback_socket(struct teamd_context *ctx, int events, void *priv)
      |                                   ~~~~~~~~~~~~~~~~~~~~~~^~~
external/libteam++_repo_rules+libteam_src/teamd/teamd_lw_psr.c:65:66: warning: unused parameter 'events' [-Wunused-parameter]
   65 | static int lw_psr_callback_socket(struct teamd_context *ctx, int events, void *priv)
      |                                                              ~~~~^~~~~~
external/libteam++_repo_rules+libteam_src/teamd/teamd_lw_psr.c: In function 'lw_psr_load_options':
external/libteam++_repo_rules+libteam_src/teamd/teamd_lw_psr.c:73:51: warning: unused parameter 'tdport' [-Wunused-parameter]
   73 |                                struct teamd_port *tdport,
      |                                ~~~~~~~~~~~~~~~~~~~^~~~~~
external/libteam++_repo_rules+libteam_src/teamd/teamd_lw_psr.c: In function 'lw_psr_port_added':
external/libteam++_repo_rules+libteam_src/teamd/teamd_lw_psr.c:123:41: warning: unused parameter 'creator_priv' [-Wunused-parameter]
  123 |                       void *priv, void *creator_priv)
      |                                   ~~~~~~^~~~~~~~~~~~
external/libteam++_repo_rules+libteam_src/teamd/teamd_lw_psr.c: In function 'lw_psr_port_removed':
external/libteam++_repo_rules+libteam_src/teamd/teamd_lw_psr.c:185:72: warning: unused parameter 'tdport' [-Wunused-parameter]
  185 | void lw_psr_port_removed(struct teamd_context *ctx, struct teamd_port *tdport,
      |                                                     ~~~~~~~~~~~~~~~~~~~^~~~~~
external/libteam++_repo_rules+libteam_src/teamd/teamd_lw_psr.c:186:44: warning: unused parameter 'creator_priv' [-Wunused-parameter]
  186 |                          void *priv, void *creator_priv)
      |                                      ~~~~~~^~~~~~~~~~~~
external/libteam++_repo_rules+libteam_src/teamd/teamd_lw_psr.c: In function 'lw_psr_state_interval_get':
external/libteam++_repo_rules+libteam_src/teamd/teamd_lw_psr.c:195:53: warning: unused parameter 'ctx' [-Wunused-parameter]
  195 | int lw_psr_state_interval_get(struct teamd_context *ctx,
      |                               ~~~~~~~~~~~~~~~~~~~~~~^~~
external/libteam++_repo_rules+libteam_src/teamd/teamd_lw_psr.c: In function 'lw_psr_state_init_wait_get':
external/libteam++_repo_rules+libteam_src/teamd/teamd_lw_psr.c:206:54: warning: unused parameter 'ctx' [-Wunused-parameter]
  206 | int lw_psr_state_init_wait_get(struct teamd_context *ctx,
      |                                ~~~~~~~~~~~~~~~~~~~~~~^~~
external/libteam++_repo_rules+libteam_src/teamd/teamd_lw_psr.c: In function 'lw_psr_state_missed_max_get':
external/libteam++_repo_rules+libteam_src/teamd/teamd_lw_psr.c:217:55: warning: unused parameter 'ctx' [-Wunused-parameter]
  217 | int lw_psr_state_missed_max_get(struct teamd_context *ctx,
      |                                 ~~~~~~~~~~~~~~~~~~~~~~^~~
external/libteam++_repo_rules+libteam_src/teamd/teamd_lw_psr.c: In function 'lw_psr_state_missed_get':
external/libteam++_repo_rules+libteam_src/teamd/teamd_lw_psr.c:228:51: warning: unused parameter 'ctx' [-Wunused-parameter]
  228 | int lw_psr_state_missed_get(struct teamd_context *ctx,
      |                             ~~~~~~~~~~~~~~~~~~~~~~^~~
INFO: From Compiling external/bash+/builtins/shopt.c:
/data/sonic/sonic-dzf-time-measure/.measure/20260901-233744/bazel-fully-cold-attempt3/output-base/sandbox/linux-sandbox/2620/execroot/_main/external/bash++_repo_rules+bash_src/builtins/shopt.def: In function 'toggle_shopts':
/data/sonic/sonic-dzf-time-measure/.measure/20260901-233744/bazel-fully-cold-attempt3/output-base/sandbox/linux-sandbox/2620/execroot/_main/external/bash++_repo_rules+bash_src/builtins/shopt.def:459:10: warning: unused parameter 'quiet' [-Wunused-parameter]
/data/sonic/sonic-dzf-time-measure/.measure/20260901-233744/bazel-fully-cold-attempt3/output-base/sandbox/linux-sandbox/2620/execroot/_main/external/bash++_repo_rules+bash_src/builtins/shopt.def: In function 'set_shopt_o_options':
/data/sonic/sonic-dzf-time-measure/.measure/20260901-233744/bazel-fully-cold-attempt3/output-base/sandbox/linux-sandbox/2620/execroot/_main/external/bash++_repo_rules+bash_src/builtins/shopt.def:603:10: warning: unused parameter 'quiet' [-Wunused-parameter]
/data/sonic/sonic-dzf-time-measure/.measure/20260901-233744/bazel-fully-cold-attempt3/output-base/sandbox/linux-sandbox/2620/execroot/_main/external/bash++_repo_rules+bash_src/builtins/shopt.def: In function 'set_shellopts_after_change':
/data/sonic/sonic-dzf-time-measure/.measure/20260901-233744/bazel-fully-cold-attempt3/output-base/sandbox/linux-sandbox/2620/execroot/_main/external/bash++_repo_rules+bash_src/builtins/shopt.def:621:12: warning: unused parameter 'option_name' [-Wunused-parameter]
/data/sonic/sonic-dzf-time-measure/.measure/20260901-233744/bazel-fully-cold-attempt3/output-base/sandbox/linux-sandbox/2620/execroot/_main/external/bash++_repo_rules+bash_src/builtins/shopt.def:622:10: warning: unused parameter 'mode' [-Wunused-parameter]
/data/sonic/sonic-dzf-time-measure/.measure/20260901-233744/bazel-fully-cold-attempt3/output-base/sandbox/linux-sandbox/2620/execroot/_main/external/bash++_repo_rules+bash_src/builtins/shopt.def: In function 'shopt_set_debug_mode':
/data/sonic/sonic-dzf-time-measure/.measure/20260901-233744/bazel-fully-cold-attempt3/output-base/sandbox/linux-sandbox/2620/execroot/_main/external/bash++_repo_rules+bash_src/builtins/shopt.def:630:12: warning: unused parameter 'option_name' [-Wunused-parameter]
/data/sonic/sonic-dzf-time-measure/.measure/20260901-233744/bazel-fully-cold-attempt3/output-base/sandbox/linux-sandbox/2620/execroot/_main/external/bash++_repo_rules+bash_src/builtins/shopt.def:631:10: warning: unused parameter 'mode' [-Wunused-parameter]
/data/sonic/sonic-dzf-time-measure/.measure/20260901-233744/bazel-fully-cold-attempt3/output-base/sandbox/linux-sandbox/2620/execroot/_main/external/bash++_repo_rules+bash_src/builtins/shopt.def: In function 'shopt_set_expaliases':
/data/sonic/sonic-dzf-time-measure/.measure/20260901-233744/bazel-fully-cold-attempt3/output-base/sandbox/linux-sandbox/2620/execroot/_main/external/bash++_repo_rules+bash_src/builtins/shopt.def:644:12: warning: unused parameter 'option_name' [-Wunused-parameter]
/data/sonic/sonic-dzf-time-measure/.measure/20260901-233744/bazel-fully-cold-attempt3/output-base/sandbox/linux-sandbox/2620/execroot/_main/external/bash++_repo_rules+bash_src/builtins/shopt.def:645:10: warning: unused parameter 'mode' [-Wunused-parameter]
/data/sonic/sonic-dzf-time-measure/.measure/20260901-233744/bazel-fully-cold-attempt3/output-base/sandbox/linux-sandbox/2620/execroot/_main/external/bash++_repo_rules+bash_src/builtins/shopt.def: In function 'shopt_set_extglob':
/data/sonic/sonic-dzf-time-measure/.measure/20260901-233744/bazel-fully-cold-attempt3/output-base/sandbox/linux-sandbox/2620/execroot/_main/external/bash++_repo_rules+bash_src/builtins/shopt.def:654:12: warning: unused parameter 'option_name' [-Wunused-parameter]
/data/sonic/sonic-dzf-time-measure/.measure/20260901-233744/bazel-fully-cold-attempt3/output-base/sandbox/linux-sandbox/2620/execroot/_main/external/bash++_repo_rules+bash_src/builtins/shopt.def:655:10: warning: unused parameter 'mode' [-Wunused-parameter]
/data/sonic/sonic-dzf-time-measure/.measure/20260901-233744/bazel-fully-cold-attempt3/output-base/sandbox/linux-sandbox/2620/execroot/_main/external/bash++_repo_rules+bash_src/builtins/shopt.def: In function 'shopt_enable_hostname_completion':
/data/sonic/sonic-dzf-time-measure/.measure/20260901-233744/bazel-fully-cold-attempt3/output-base/sandbox/linux-sandbox/2620/execroot/_main/external/bash++_repo_rules+bash_src/builtins/shopt.def:665:12: warning: unused parameter 'option_name' [-Wunused-parameter]
/data/sonic/sonic-dzf-time-measure/.measure/20260901-233744/bazel-fully-cold-attempt3/output-base/sandbox/linux-sandbox/2620/execroot/_main/external/bash++_repo_rules+bash_src/builtins/shopt.def: In function 'shopt_set_complete_direxpand':
/data/sonic/sonic-dzf-time-measure/.measure/20260901-233744/bazel-fully-cold-attempt3/output-base/sandbox/linux-sandbox/2620/execroot/_main/external/bash++_repo_rules+bash_src/builtins/shopt.def:759:12: warning: unused parameter 'option_name' [-Wunused-parameter]
/data/sonic/sonic-dzf-time-measure/.measure/20260901-233744/bazel-fully-cold-attempt3/output-base/sandbox/linux-sandbox/2620/execroot/_main/external/bash++_repo_rules+bash_src/builtins/shopt.def:760:10: warning: unused parameter 'mode' [-Wunused-parameter]
/data/sonic/sonic-dzf-time-measure/.measure/20260901-233744/bazel-fully-cold-attempt3/output-base/sandbox/linux-sandbox/2620/execroot/_main/external/bash++_repo_rules+bash_src/builtins/shopt.def: In function 'set_restricted_shell':
/data/sonic/sonic-dzf-time-measure/.measure/20260901-233744/bazel-fully-cold-attempt3/output-base/sandbox/linux-sandbox/2620/execroot/_main/external/bash++_repo_rules+bash_src/builtins/shopt.def:772:12: warning: unused parameter 'option_name' [-Wunused-parameter]
/data/sonic/sonic-dzf-time-measure/.measure/20260901-233744/bazel-fully-cold-attempt3/output-base/sandbox/linux-sandbox/2620/execroot/_main/external/bash++_repo_rules+bash_src/builtins/shopt.def:773:10: warning: unused parameter 'mode' [-Wunused-parameter]
/data/sonic/sonic-dzf-time-measure/.measure/20260901-233744/bazel-fully-cold-attempt3/output-base/sandbox/linux-sandbox/2620/execroot/_main/external/bash++_repo_rules+bash_src/builtins/shopt.def: In function 'set_login_shell':
/data/sonic/sonic-dzf-time-measure/.measure/20260901-233744/bazel-fully-cold-attempt3/output-base/sandbox/linux-sandbox/2620/execroot/_main/external/bash++_repo_rules+bash_src/builtins/shopt.def:788:12: warning: unused parameter 'option_name' [-Wunused-parameter]
/data/sonic/sonic-dzf-time-measure/.measure/20260901-233744/bazel-fully-cold-attempt3/output-base/sandbox/linux-sandbox/2620/execroot/_main/external/bash++_repo_rules+bash_src/builtins/shopt.def:789:10: warning: unused parameter 'mode' [-Wunused-parameter]
/data/sonic/sonic-dzf-time-measure/.measure/20260901-233744/bazel-fully-cold-attempt3/output-base/sandbox/linux-sandbox/2620/execroot/_main/external/bash++_repo_rules+bash_src/builtins/shopt.def: In function 'set_bashopts':
/data/sonic/sonic-dzf-time-measure/.measure/20260901-233744/bazel-fully-cold-attempt3/output-base/sandbox/linux-sandbox/2620/execroot/_main/external/bash++_repo_rules+bash_src/builtins/shopt.def:854:24: warning: unused variable 'ip' [-Wunused-variable]
/data/sonic/sonic-dzf-time-measure/.measure/20260901-233744/bazel-fully-cold-attempt3/output-base/sandbox/linux-sandbox/2620/execroot/_main/external/bash++_repo_rules+bash_src/builtins/shopt.def: In function 'set_assoc_expand':
/data/sonic/sonic-dzf-time-measure/.measure/20260901-233744/bazel-fully-cold-attempt3/output-base/sandbox/linux-sandbox/2620/execroot/_main/external/bash++_repo_rules+bash_src/builtins/shopt.def:957:12: warning: unused parameter 'option_name' [-Wunused-parameter]
/data/sonic/sonic-dzf-time-measure/.measure/20260901-233744/bazel-fully-cold-attempt3/output-base/sandbox/linux-sandbox/2620/execroot/_main/external/bash++_repo_rules+bash_src/builtins/shopt.def:958:10: warning: unused parameter 'mode' [-Wunused-parameter]
/data/sonic/sonic-dzf-time-measure/.measure/20260901-233744/bazel-fully-cold-attempt3/output-base/sandbox/linux-sandbox/2620/execroot/_main/external/bash++_repo_rules+bash_src/builtins/shopt.def: In function 'set_compatibility_level':
/data/sonic/sonic-dzf-time-measure/.measure/20260901-233744/bazel-fully-cold-attempt3/output-base/sandbox/linux-sandbox/2620/execroot/_main/external/bash++_repo_rules+bash_src/builtins/shopt.def:712:11: warning: 'oldval' may be used uninitialized [-Wmaybe-uninitialized]
/data/sonic/sonic-dzf-time-measure/.measure/20260901-233744/bazel-fully-cold-attempt3/output-base/sandbox/linux-sandbox/2620/execroot/_main/external/bash++_repo_rules+bash_src/builtins/shopt.def:677:12: note: 'oldval' was declared here
INFO: From Compiling external/bash+/builtins/wait.c:
/data/sonic/sonic-dzf-time-measure/.measure/20260901-233744/bazel-fully-cold-attempt3/output-base/sandbox/linux-sandbox/2620/execroot/_main/external/bash++_repo_rules+bash_src/builtins/wait.def: In function 'wait_builtin':
/data/sonic/sonic-dzf-time-measure/.measure/20260901-233744/bazel-fully-cold-attempt3/output-base/sandbox/linux-sandbox/2620/execroot/_main/external/bash++_repo_rules+bash_src/builtins/wait.def:117:14: warning: variable 'pidvar' set but not used [-Wunused-but-set-variable]
/data/sonic/sonic-dzf-time-measure/.measure/20260901-233744/bazel-fully-cold-attempt3/output-base/sandbox/linux-sandbox/2620/execroot/_main/external/bash++_repo_rules+bash_src/builtins/wait.def: In function 'set_waitlist':
/data/sonic/sonic-dzf-time-measure/.measure/20260901-233744/bazel-fully-cold-attempt3/output-base/sandbox/linux-sandbox/2620/execroot/_main/external/bash++_repo_rules+bash_src/builtins/wait.def:338:12: warning: unused variable 'r' [-Wunused-variable]
/data/sonic/sonic-dzf-time-measure/.measure/20260901-233744/bazel-fully-cold-attempt3/output-base/sandbox/linux-sandbox/2620/execroot/_main/external/bash++_repo_rules+bash_src/builtins/wait.def: In function 'wait_builtin':
/data/sonic/sonic-dzf-time-measure/.measure/20260901-233744/bazel-fully-cold-attempt3/output-base/sandbox/linux-sandbox/2620/execroot/_main/external/bash++_repo_rules+bash_src/builtins/wait.def:114:26: warning: variable 'nflag' might be clobbered by 'longjmp' or 'vfork' [-Wclobbered]
/data/sonic/sonic-dzf-time-measure/.measure/20260901-233744/bazel-fully-cold-attempt3/output-base/sandbox/linux-sandbox/2620/execroot/_main/external/bash++_repo_rules+bash_src/builtins/wait.def:114:41: warning: variable 'bindflags' might be clobbered by 'longjmp' or 'vfork' [-Wclobbered]
/data/sonic/sonic-dzf-time-measure/.measure/20260901-233744/bazel-fully-cold-attempt3/output-base/sandbox/linux-sandbox/2620/execroot/_main/external/bash++_repo_rules+bash_src/builtins/wait.def:116:9: warning: variable 'vname' might be clobbered by 'longjmp' or 'vfork' [-Wclobbered]
/data/sonic/sonic-dzf-time-measure/.measure/20260901-233744/bazel-fully-cold-attempt3/output-base/sandbox/linux-sandbox/2620/execroot/_main/external/bash++_repo_rules+bash_src/builtins/wait.def:112:17: warning: argument 'list' might be clobbered by 'longjmp' or 'vfork' [-Wclobbered]
INFO: From Compiling lib/glob/xmbsrtowcs.c:
external/bash++_repo_rules+bash_src/lib/glob/xmbsrtowcs.c: In function 'xwcsrtombs':
external/bash++_repo_rules+bash_src/lib/glob/xmbsrtowcs.c:456:1: warning: label 'handle_byte' defined but not used [-Wunused-label]
  456 | handle_byte:
      | ^~~~~~~~~~~
external/bash++_repo_rules+bash_src/lib/glob/xmbsrtowcs.c:429:13: warning: unused variable 'prev_state' [-Wunused-variable]
  429 |   mbstate_t prev_state;
      |             ^~~~~~~~~~
INFO: From Compiling src/Linux/mod_sonic.c:
external/sflow++_repo_rules+hsflowd_src/src/Linux/mod_sonic.c: In function 'compileLags':
external/sflow++_repo_rules+hsflowd_src/src/Linux/mod_sonic.c:299:28: warning: comparison of integer expressions of different signedness: 'int' and 'uint32_t' {aka 'unsigned int'} [-Wsign-compare]
  299 |           for(int cc=0; cc < strArrayN(prt->components); cc++) {
      |                            ^
external/sflow++_repo_rules+hsflowd_src/src/Linux/mod_sonic.c: In function 'db_metaCB':
external/sflow++_repo_rules+hsflowd_src/src/Linux/mod_sonic.c:896:26: warning: comparison of integer expressions of different signedness: 'int' and 'size_t' {aka 'long unsigned int'} [-Wsign-compare]
  896 |       for(int ii = 0; ii < reply->elements; ii += 2) {
      |                          ^
external/sflow++_repo_rules+hsflowd_src/src/Linux/mod_sonic.c: In function 'db_ifIndexMapCB':
external/sflow++_repo_rules+hsflowd_src/src/Linux/mod_sonic.c:986:26: warning: comparison of integer expressions of different signedness: 'int' and 'size_t' {aka 'long unsigned int'} [-Wsign-compare]
  986 |       for(int ii = 0; ii < reply->elements; ii += 2) {
      |                          ^
external/sflow++_repo_rules+hsflowd_src/src/Linux/mod_sonic.c: In function 'db_portNamesCB':
external/sflow++_repo_rules+hsflowd_src/src/Linux/mod_sonic.c:1113:26: warning: comparison of integer expressions of different signedness: 'int' and 'size_t' {aka 'long unsigned int'} [-Wsign-compare]
 1113 |       for(int ii = 0; ii < reply->elements; ii += 2) {
      |                          ^
external/sflow++_repo_rules+hsflowd_src/src/Linux/mod_sonic.c: In function 'db_portStateCB':
external/sflow++_repo_rules+hsflowd_src/src/Linux/mod_sonic.c:1178:26: warning: comparison of integer expressions of different signedness: 'int' and 'size_t' {aka 'long unsigned int'} [-Wsign-compare]
 1178 |       for(int ii = 0; ii < reply->elements; ii += 2) {
      |                          ^
external/sflow++_repo_rules+hsflowd_src/src/Linux/mod_sonic.c: In function 'db_portCountersCB':
external/sflow++_repo_rules+hsflowd_src/src/Linux/mod_sonic.c:1284:26: warning: comparison of integer expressions of different signedness: 'int' and 'size_t' {aka 'long unsigned int'} [-Wsign-compare]
 1284 |       for(int ii = 0; ii < reply->elements; ii += 2) {
      |                          ^
external/sflow++_repo_rules+hsflowd_src/src/Linux/mod_sonic.c: In function 'db_getLagInfoCB':
external/sflow++_repo_rules+hsflowd_src/src/Linux/mod_sonic.c:1373:26: warning: comparison of integer expressions of different signedness: 'int' and 'size_t' {aka 'long unsigned int'} [-Wsign-compare]
 1373 |       for(int ii = 0; ii < reply->elements; ii++) {
      |                          ^
external/sflow++_repo_rules+hsflowd_src/src/Linux/mod_sonic.c: In function 'db_getsFlowGlobalCB':
external/sflow++_repo_rules+hsflowd_src/src/Linux/mod_sonic.c:1435:26: warning: comparison of integer expressions of different signedness: 'int' and 'size_t' {aka 'long unsigned int'} [-Wsign-compare]
 1435 |       for(int ii = 0; ii < reply->elements; ii += 2) {
      |                          ^
external/sflow++_repo_rules+hsflowd_src/src/Linux/mod_sonic.c: In function 'db_getCollectorInfoCB':
external/sflow++_repo_rules+hsflowd_src/src/Linux/mod_sonic.c:1517:26: warning: comparison of integer expressions of different signedness: 'int' and 'size_t' {aka 'long unsigned int'} [-Wsign-compare]
 1517 |       for(int ii = 0; ii < reply->elements; ii += 2) {
      |                          ^
external/sflow++_repo_rules+hsflowd_src/src/Linux/mod_sonic.c: In function 'db_getCollectorNamesCB':
external/sflow++_repo_rules+hsflowd_src/src/Linux/mod_sonic.c:1594:26: warning: comparison of integer expressions of different signedness: 'int' and 'size_t' {aka 'long unsigned int'} [-Wsign-compare]
 1594 |       for(int ii = 0; ii < reply->elements; ii++) {
      |                          ^
external/sflow++_repo_rules+hsflowd_src/src/Linux/mod_sonic.c: In function 'db_getSystemReadyCB':
external/sflow++_repo_rules+hsflowd_src/src/Linux/mod_sonic.c:1661:26: warning: comparison of integer expressions of different signedness: 'int' and 'size_t' {aka 'long unsigned int'} [-Wsign-compare]
 1661 |       for(int ii = 0; ii < reply->elements; ii += 2) {
      |                          ^
external/sflow++_repo_rules+hsflowd_src/src/Linux/mod_sonic.c: In function 'dbEvt_subscribeCB':
external/sflow++_repo_rules+hsflowd_src/src/Linux/mod_sonic.c:1744:28: warning: comparison of integer expressions of different signedness: 'int' and 'size_t' {aka 'long unsigned int'} [-Wsign-compare]
 1744 |         for(int ii = 0; ii < reply->elements; ii++) {
      |                            ^
INFO: From Compiling teamd/teamd_option_watch.c:
external/libteam++_repo_rules+libteam_src/teamd/teamd_option_watch.c: In function 'tow_option_change_handler_func':
external/libteam++_repo_rules+libteam_src/teamd/teamd_option_watch.c:32:67: warning: unused parameter 'type_mask' [-Wunused-parameter]
   32 |                                           team_change_type_mask_t type_mask)
      |                                           ~~~~~~~~~~~~~~~~~~~~~~~~^~~~~~~~~
INFO: From Compiling ras-events.c:
In file included from external/rasdaemon++_repo_rules+rasdaemon_src/ras-events.c:35:
external/rasdaemon++_repo_rules+rasdaemon_src/ras-non-standard-handler.h: In function 'register_ns_ev_decoder':
external/rasdaemon++_repo_rules+rasdaemon_src/ras-non-standard-handler.h:43:68: warning: unused parameter 'ns_ev_decoder' [-Wunused-parameter]
   43 | static inline int register_ns_ev_decoder(struct ras_ns_ev_decoder *ns_ev_decoder) { return 0; };
      |                                          ~~~~~~~~~~~~~~~~~~~~~~~~~~^~~~~~~~~~~~~
external/rasdaemon++_repo_rules+rasdaemon_src/ras-events.c: In function 'get_num_cpus':
external/rasdaemon++_repo_rules+rasdaemon_src/ras-events.c:329:44: warning: unused parameter 'ras' [-Wunused-parameter]
  329 | static int get_num_cpus(struct ras_events *ras)
      |                         ~~~~~~~~~~~~~~~~~~~^~~
external/rasdaemon++_repo_rules+rasdaemon_src/ras-events.c: In function 'read_ras_event_all_cpus':
external/rasdaemon++_repo_rules+rasdaemon_src/ras-events.c:388:23: warning: comparison of integer expressions of different signedness: 'int' and 'unsigned int' [-Wsign-compare]
  388 |         for (i = 0; i < (n_cpus + 1); i++)
      |                       ^
external/rasdaemon++_repo_rules+rasdaemon_src/ras-events.c:391:23: warning: comparison of integer expressions of different signedness: 'int' and 'unsigned int' [-Wsign-compare]
  391 |         for (i = 0; i < n_cpus; i++) {
      |                       ^
external/rasdaemon++_repo_rules+rasdaemon_src/ras-events.c:453:31: warning: comparison of integer expressions of different signedness: 'int' and 'unsigned int' [-Wsign-compare]
  453 |                 for (i = 0; i < n_cpus; i++) {
      |                               ^
external/rasdaemon++_repo_rules+rasdaemon_src/ras-events.c:469:34: warning: comparison of unsigned expression in '< 0' is always false [-Wtype-limits]
  469 |                         if (size < 0) {
      |                                  ^
external/rasdaemon++_repo_rules+rasdaemon_src/ras-events.c:494:34: warning: comparison of integer expressions of different signedness: 'int' and 'unsigned int' [-Wsign-compare]
  494 |                 if (count_nready == n_cpus) {
      |                                  ^~
external/rasdaemon++_repo_rules+rasdaemon_src/ras-events.c:515:23: warning: comparison of integer expressions of different signedness: 'int' and 'unsigned int' [-Wsign-compare]
  515 |         for (i = 0; i < (n_cpus + 1); i++) {
      |                       ^
external/rasdaemon++_repo_rules+rasdaemon_src/ras-events.c: In function 'handle_ras_events':
external/rasdaemon++_repo_rules+rasdaemon_src/ras-events.c:935:29: warning: 'calloc' sizes specified with 'sizeof' in the earlier argument and not in the later argument [-Wcalloc-transposed-args]
  935 |         data = calloc(sizeof(*data), cpus);
      |                             ^
external/rasdaemon++_repo_rules+rasdaemon_src/ras-events.c:935:29: note: earlier argument should specify number of elements, later size of each element
external/rasdaemon++_repo_rules+rasdaemon_src/ras-events.c:940:23: warning: comparison of integer expressions of different signedness: 'int' and 'unsigned int' [-Wsign-compare]
  940 |         for (i = 0; i < cpus; i++) {
      |                       ^
external/rasdaemon++_repo_rules+rasdaemon_src/ras-events.c:950:31: warning: comparison of integer expressions of different signedness: 'int' and 'unsigned int' [-Wsign-compare]
  950 |                 for (i = 0; i < cpus; i++) {
      |                               ^
external/rasdaemon++_repo_rules+rasdaemon_src/ras-events.c:965:31: warning: comparison of integer expressions of different signedness: 'int' and 'unsigned int' [-Wsign-compare]
  965 |                 for (i = 0; i < cpus; i++)
      |                               ^
external/rasdaemon++_repo_rules+rasdaemon_src/ras-events.c: At top level:
external/rasdaemon++_repo_rules+rasdaemon_src/ras-events.c:249:12: warning: 'filter_ras_mc_event' defined but not used [-Wunused-function]
  249 | static int filter_ras_mc_event(struct ras_events *ras, char *group, char *event,
      |            ^~~~~~~~~~~~~~~~~~~
INFO: From Compiling external/bash+/builtins/setattr.c:
/data/sonic/sonic-dzf-time-measure/.measure/20260901-233744/bazel-fully-cold-attempt3/output-base/sandbox/linux-sandbox/2620/execroot/_main/external/bash++_repo_rules+bash_src/builtins/setattr.def: In function 'show_local_var_attributes':
/data/sonic/sonic-dzf-time-measure/.measure/20260901-233744/bazel-fully-cold-attempt3/output-base/sandbox/linux-sandbox/2620/execroot/_main/external/bash++_repo_rules+bash_src/builtins/setattr.def:382:10: warning: unused parameter 'v' [-Wunused-parameter]
INFO: From Compiling src/daemon/client.c:
external/lldpd++_repo_rules+lldpd_src/src/daemon/client.c:676:9: warning: missing initializer for field 'handle' of 'struct client_handle' [-Wmissing-field-initializers]
  676 |         { SUBSCRIBE, "Subscribe", client_handle_subscribe }, { 0, NULL } };
      |         ^
external/lldpd++_repo_rules+lldpd_src/src/daemon/client.c:664:14: note: 'handle' declared here
  664 |             *handle)(struct lldpd *, enum hmsg_type *, void *, int, void **, int *);
      |              ^~~~~~
INFO: From Compiling lib/fib_lookup/lookup.c:
<command-line>: warning: "_FORTIFY_SOURCE" redefined
<command-line>: note: this is the location of the previous definition
INFO: From Compiling mce-intel-broadwell-de.c:
external/rasdaemon++_repo_rules+rasdaemon_src/mce-intel-broadwell-de.c: In function 'broadwell_de_decode_model':
external/rasdaemon++_repo_rules+rasdaemon_src/mce-intel-broadwell-de.c:141:19: warning: comparison of integer expressions of different signedness: 'unsigned int' and 'int' [-Wsign-compare]
  141 |         if (rank0 != -1 && rank1 != -1)
      |                   ^~
external/rasdaemon++_repo_rules+rasdaemon_src/mce-intel-broadwell-de.c:141:34: warning: comparison of integer expressions of different signedness: 'unsigned int' and 'int' [-Wsign-compare]
  141 |         if (rank0 != -1 && rank1 != -1)
      |                                  ^~
external/rasdaemon++_repo_rules+rasdaemon_src/mce-intel-broadwell-de.c:144:24: warning: comparison of integer expressions of different signedness: 'unsigned int' and 'int' [-Wsign-compare]
  144 |         else if (rank0 != -1)
      |                        ^~
external/rasdaemon++_repo_rules+rasdaemon_src/mce-intel-broadwell-de.c:77:51: warning: unused parameter 'ras' [-Wunused-parameter]
   77 | void broadwell_de_decode_model(struct ras_events *ras, struct mce_event *e)
      |                                ~~~~~~~~~~~~~~~~~~~^~~
INFO: From Compiling src/daemon/agent.c:
external/lldpd++_repo_rules+lldpd_src/src/daemon/agent.c: In function 'header_ipindexed_table':
external/lldpd++_repo_rules+lldpd_src/src/daemon/agent.c:250:31: warning: comparison of integer expressions of different signedness: 'int' and 'oid' {aka 'long unsigned int'} [-Wsign-compare]
  250 |                 for (i = 0; i < index[1]; i++)
      |                               ^
external/lldpd++_repo_rules+lldpd_src/src/daemon/agent.c: In function 'header_tpripindexed_table':
external/lldpd++_repo_rules+lldpd_src/src/daemon/agent.c:289:47: warning: comparison of integer expressions of different signedness: 'int' and 'oid' {aka 'long unsigned int'} [-Wsign-compare]
  289 |                                 for (i = 0; i < index[4]; i++)
      |                                               ^
external/lldpd++_repo_rules+lldpd_src/src/daemon/agent.c: In function 'agent_h_scalars':
external/lldpd++_repo_rules+lldpd_src/src/daemon/agent.c:644:60: warning: comparison of integer expressions of different signedness: 'time_t' {aka 'long int'} and 'long unsigned int' [-Wsign-compare]
  644 |                         if (hardware->h_lport.p_lastremove > long_ret)
      |                                                            ^
external/lldpd++_repo_rules+lldpd_src/src/daemon/agent.c:650:56: warning: comparison of integer expressions of different signedness: 'time_t' {aka 'long int'} and 'long unsigned int' [-Wsign-compare]
  650 |                                 if (port->p_lastchange > long_ret)
      |                                                        ^
INFO: From Compiling lib/msg.c:
<command-line>: warning: "_FORTIFY_SOURCE" redefined
<command-line>: note: this is the location of the previous definition
INFO: From Compiling src/Linux/evbus.c:
external/sflow++_repo_rules+hsflowd_src/src/Linux/evbus.c: In function 'socketLine':
external/sflow++_repo_rules+hsflowd_src/src/Linux/evbus.c:568:28: warning: comparison of integer expressions of different signedness: 'int' and 'size_t' {aka 'long unsigned int'} [-Wsign-compare]
  568 |     for(int ii = start; ii < iolen; ii++) {
      |                            ^
INFO: From Compiling mce-intel-broadwell-epex.c:
external/rasdaemon++_repo_rules+rasdaemon_src/mce-intel-broadwell-epex.c: In function 'broadwell_epex_decode_model':
external/rasdaemon++_repo_rules+rasdaemon_src/mce-intel-broadwell-epex.c:186:19: warning: comparison of integer expressions of different signedness: 'unsigned int' and 'int' [-Wsign-compare]
  186 |         if (rank0 != -1 && rank1 != -1)
      |                   ^~
external/rasdaemon++_repo_rules+rasdaemon_src/mce-intel-broadwell-epex.c:186:34: warning: comparison of integer expressions of different signedness: 'unsigned int' and 'int' [-Wsign-compare]
  186 |         if (rank0 != -1 && rank1 != -1)
      |                                  ^~
external/rasdaemon++_repo_rules+rasdaemon_src/mce-intel-broadwell-epex.c:189:24: warning: comparison of integer expressions of different signedness: 'unsigned int' and 'int' [-Wsign-compare]
  189 |         else if (rank0 != -1)
      |                        ^~
external/rasdaemon++_repo_rules+rasdaemon_src/mce-intel-broadwell-epex.c:117:53: warning: unused parameter 'ras' [-Wunused-parameter]
  117 | void broadwell_epex_decode_model(struct ras_events *ras, struct mce_event *e)
      |                                  ~~~~~~~~~~~~~~~~~~~^~~
INFO: From Compiling lib/mpls.c:
<command-line>: warning: "_FORTIFY_SOURCE" redefined
<command-line>: note: this is the location of the previous definition
INFO: From Compiling mce-intel.c:
external/rasdaemon++_repo_rules+rasdaemon_src/mce-intel.c: In function 'decode_mca':
external/rasdaemon++_repo_rules+rasdaemon_src/mce-intel.c:230:54: warning: unused parameter 'track' [-Wunused-parameter]
  230 | static void decode_mca(struct mce_event *e, uint64_t track, int *ismemerr)
      |                                             ~~~~~~~~~^~~~~
external/rasdaemon++_repo_rules+rasdaemon_src/mce-intel.c: In function 'set_intel_imc_log':
external/rasdaemon++_repo_rules+rasdaemon_src/mce-intel.c:491:27: warning: comparison of integer expressions of different signedness: 'int' and 'unsigned int' [-Wsign-compare]
  491 |         for (cpu = 0; cpu < ncpus; cpu++) {
      |                           ^
INFO: From Compiling mce-intel-knl.c:
external/rasdaemon++_repo_rules+rasdaemon_src/mce-intel-knl.c: In function 'knl_decode_model':
external/rasdaemon++_repo_rules+rasdaemon_src/mce-intel-knl.c:133:27: warning: comparison of integer expressions of different signedness: 'unsigned int' and 'int' [-Wsign-compare]
  133 |                 if (rank0 != -1 && rank1 != -1)
      |                           ^~
external/rasdaemon++_repo_rules+rasdaemon_src/mce-intel-knl.c:133:42: warning: comparison of integer expressions of different signedness: 'unsigned int' and 'int' [-Wsign-compare]
  133 |                 if (rank0 != -1 && rank1 != -1)
      |                                          ^~
external/rasdaemon++_repo_rules+rasdaemon_src/mce-intel-knl.c:136:32: warning: comparison of integer expressions of different signedness: 'unsigned int' and 'int' [-Wsign-compare]
  136 |                 else if (rank0 != -1)
      |                                ^~
external/rasdaemon++_repo_rules+rasdaemon_src/mce-intel-knl.c:35:42: warning: unused parameter 'ras' [-Wunused-parameter]
   35 | void knl_decode_model(struct ras_events *ras, struct mce_event *e)
      |                       ~~~~~~~~~~~~~~~~~~~^~~
INFO: From Executing genrule @@sonic-fib+//:gen_nexthopgroupfull_cpp:
✅ Generated bazel-out/k8-opt/bin/external/sonic-fib+/nexthopgroupfull.cpp (mode: source)
INFO: From Compiling teamd/teamd_lw_nsna_ping.c:
external/libteam++_repo_rules+libteam_src/teamd/teamd_lw_nsna_ping.c: In function 'lw_nsnap_load_options':
external/libteam++_repo_rules+libteam_src/teamd/teamd_lw_nsna_ping.c:162:53: warning: unused parameter 'tdport' [-Wunused-parameter]
  162 |                                  struct teamd_port *tdport,
      |                                  ~~~~~~~~~~~~~~~~~~~^~~~~~
external/libteam++_repo_rules+libteam_src/teamd/teamd_lw_nsna_ping.c: In function 'lw_nsnap_state_target_host_get':
external/libteam++_repo_rules+libteam_src/teamd/teamd_lw_nsna_ping.c:289:65: warning: unused parameter 'ctx' [-Wunused-parameter]
  289 | static int lw_nsnap_state_target_host_get(struct teamd_context *ctx,
      |                                           ~~~~~~~~~~~~~~~~~~~~~~^~~
INFO: From Compiling teamd/teamd_hash_func.c:
external/libteam++_repo_rules+libteam_src/teamd/teamd_hash_func.c: In function '__find_frag':
external/libteam++_repo_rules+libteam_src/teamd/teamd_hash_func.c:96:23: warning: comparison of integer expressions of different signedness: 'int' and 'size_t' {aka 'long unsigned int'} [-Wsign-compare]
   96 |         for (i = 0; i < frags_count; i++) {
      |                       ^
In file included from external/libteam++_repo_rules+libteam_src/teamd/teamd_hash_func.c:26:
external/libteam++_repo_rules+libteam_src/teamd/teamd_hash_func.c: In function 'teamd_hash_func_init':
external/libteam++_repo_rules+libteam_src/teamd/teamd_config.h:62:31: warning: comparison of integer expressions of different signedness: 'int' and 'size_t' {aka 'long unsigned int'} [-Wsign-compare]
   62 |         for (index = 0; index < teamd_config_arr_size(ctx, ##args); index++)
      |                               ^
external/libteam++_repo_rules+libteam_src/teamd/teamd_hash_func.c:109:9: note: in expansion of macro 'teamd_config_for_each_arr_index'
  109 |         teamd_config_for_each_arr_index(i, ctx, "$.runner.tx_hash") {
      |         ^~~~~~~~~~~~~~~~~~~~~~~~~~~~~~~
external/libteam++_repo_rules+libteam_src/teamd/teamd_hash_func.c: In function 'teamd_hash_func_add_default_frags':
external/libteam++_repo_rules+libteam_src/teamd/teamd_hash_func.c:157:23: warning: comparison of integer expressions of different signedness: 'int' and 'long unsigned int' [-Wsign-compare]
  157 |         for (i = 0; i < ARRAY_SIZE(teamd_hash_default_frags); i++) {
      |                       ^
INFO: From Compiling teamd/teamd_phys_port_check.c:
external/libteam++_repo_rules+libteam_src/teamd/teamd_phys_port_check.c: In function 'teamd_phys_port_check_event_watch_port_added':
external/libteam++_repo_rules+libteam_src/teamd/teamd_phys_port_check.c:103:63: warning: unused parameter 'priv' [-Wunused-parameter]
  103 |                                                         void *priv)
      |                                                         ~~~~~~^~~~
INFO: From Compiling src/modules/rlm_eap/libeap/eapcommon.c:
external/libpam-radius-auth++_repo_rules+freeradius_src/src/modules/rlm_eap/libeap/eapcommon.c:63:19: warning: 'rcsid' defined but not used [-Wunused-const-variable=]
   63 | static const char rcsid[] = "$Id$";
      |                   ^~~~~
INFO: From Compiling src/lib/fixedpoint.c:
external/lldpd++_repo_rules+lldpd_src/src/lib/fixedpoint.c: In function 'fp_fptobuf':
external/lldpd++_repo_rules+lldpd_src/src/lib/fixedpoint.c:152:13: warning: operand of '?:' changes signedness from 'long long int' to 'long long unsigned int' due to unsignedness of other operand [-Wsign-compare]
  152 |             ((fp.integer.value << fp.fraction.bits) + fp.fraction.value) :
      |             ^~~~~~~~~~~~~~~~~~~~~~~~~~~~~~~~~~~~~~~~~~~~~~~~~~~~~~~~~~~~
INFO: From Compiling src/lib/log.c:
external/libpam-radius-auth++_repo_rules+freeradius_src/src/lib/log.c:24:19: warning: 'rcsid' defined but not used [-Wunused-const-variable=]
   24 | static const char rcsid[] = "$Id$";
      |                   ^~~~~
INFO: From Compiling src/sflow/sflow_receiver.c:
external/sflow++_repo_rules+hsflowd_src/src/sflow/sflow_receiver.c: In function 'sfl_receiver_writeFlowSample':
external/sflow++_repo_rules+hsflowd_src/src/sflow/sflow_receiver.c:880:13: warning: comparison of integer expressions of different signedness: 'int' and 'uint32_t' {aka 'unsigned int'} [-Wsign-compare]
  880 |   if(nFound != fs->num_elements) {
      |             ^~
external/sflow++_repo_rules+hsflowd_src/src/sflow/sflow_receiver.c: In function 'sfl_receiver_writeEventSample':
external/sflow++_repo_rules+hsflowd_src/src/sflow/sflow_receiver.c:956:13: warning: comparison of integer expressions of different signedness: 'int' and 'uint32_t' {aka 'unsigned int'} [-Wsign-compare]
  956 |   if(nFound != es->num_elements) {
      |             ^~
INFO: From Action external/sonic-mgmt-common+/build/yang:
Writing sonic-acl.yang
Writing sonic-show-techsupport.yang
Writing sonic-sflow.yang
Writing sonic-interface.yang
Writing sonic-port.yang
Writing sonic-portchannel.yang
Writing sonic-vlan.yang
Writing sonic-mclag.yang
Writing sonic-types.yang
Writing sonic-vrf.yang
Writing common/sonic-mgmt_port.yang
Writing common/sonic-mgmt_vrf.yang
Writing common/sonic-loopback-interface.yang
Writing common/sonic-vnet.yang
Writing common/sonic-vxlan.yang
Writing common/sonic-device_metadata.yang
Writing common/sonic-macsec.yang
Writing common/sonic-mirror-session.yang
Writing common/sonic-policer.yang
Writing common/sonic-static-anycast-gateway.yang
INFO: From Compiling lib/readline/compat.c:
external/bash++_repo_rules+bash_src/lib/readline/compat.c:22:9: warning: "READLINE_LIBRARY" redefined
   22 | #define READLINE_LIBRARY
      |         ^~~~~~~~~~~~~~~~
<command-line>: note: this is the location of the previous definition
INFO: From Compiling lib/fib_lookup/request.c:
<command-line>: warning: "_FORTIFY_SOURCE" redefined
<command-line>: note: this is the location of the previous definition
INFO: From Compiling lib/hash.c:
<command-line>: warning: "_FORTIFY_SOURCE" redefined
<command-line>: note: this is the location of the previous definition
INFO: From Compiling teamd/teamd_bpf_chef.c:
external/libteam++_repo_rules+libteam_src/teamd/teamd_bpf_chef.c: In function 'teamd_bpf_desc_add_frag':
external/libteam++_repo_rules+libteam_src/teamd/teamd_bpf_chef.c:883:48: warning: unused parameter 'fprog' [-Wunused-parameter]
  883 | int teamd_bpf_desc_add_frag(struct sock_fprog *fprog,
      |                             ~~~~~~~~~~~~~~~~~~~^~~~~
external/libteam++_repo_rules+libteam_src/teamd/teamd_bpf_chef.c: In function 'teamd_bpf_desc_compile_finish':
external/libteam++_repo_rules+libteam_src/teamd/teamd_bpf_chef.c:977:54: warning: unused parameter 'fprog' [-Wunused-parameter]
  977 | int teamd_bpf_desc_compile_finish(struct sock_fprog *fprog)
      |                                   ~~~~~~~~~~~~~~~~~~~^~~~~
INFO: From Compiling src/Linux/util.c:
external/sflow++_repo_rules+hsflowd_src/src/Linux/util.c: In function 'UTHeapGC':
external/sflow++_repo_rules+hsflowd_src/src/Linux/util.c:347:32: warning: comparison of integer expressions of different signedness: 'uint32_t' {aka 'unsigned int'} and 'pid_t' {aka 'int'} [-Wsign-compare]
  347 |           if(utBuf->h.realmIdx == utRealm.realmIdx) {
      |                                ^~
external/sflow++_repo_rules+hsflowd_src/src/Linux/util.c: In function 'UTHeapQFree':
external/sflow++_repo_rules+hsflowd_src/src/Linux/util.c:370:26: warning: comparison of integer expressions of different signedness: 'uint32_t' {aka 'unsigned int'} and 'pid_t' {aka 'int'} [-Wsign-compare]
  370 |     if(utBuf->h.realmIdx == utRealm.realmIdx) {
      |                          ^~
external/sflow++_repo_rules+hsflowd_src/src/Linux/util.c: In function 'strArrayGrowthCheck':
external/sflow++_repo_rules+hsflowd_src/src/Linux/util.c:582:21: warning: comparison of integer expressions of different signedness: 'uint32_t' {aka 'unsigned int'} and 'int' [-Wsign-compare]
  582 |     if(ar->capacity <= i) {
      |                     ^~
external/sflow++_repo_rules+hsflowd_src/src/Linux/util.c: In function 'strArrayInsert':
external/sflow++_repo_rules+hsflowd_src/src/Linux/util.c:607:10: warning: comparison of integer expressions of different signedness: 'int' and 'uint32_t' {aka 'unsigned int'} [-Wsign-compare]
  607 |     if(i >= ar->n) ar->n = i+1;
      |          ^~
external/sflow++_repo_rules+hsflowd_src/src/Linux/util.c: In function 'strArrayAt':
external/sflow++_repo_rules+hsflowd_src/src/Linux/util.c:636:15: warning: comparison of integer expressions of different signedness: 'int' and 'uint32_t' {aka 'unsigned int'} [-Wsign-compare]
  636 |      return(i < ar->n) ? ar->strs[i] : NULL;
      |               ^
external/sflow++_repo_rules+hsflowd_src/src/Linux/util.c: In function 'strArrayEqual':
external/sflow++_repo_rules+hsflowd_src/src/Linux/util.c:671:22: warning: comparison of integer expressions of different signedness: 'int' and 'uint32_t' {aka 'unsigned int'} [-Wsign-compare]
  671 |     for(int i = 0; i < ar1->n; i++) {
      |                      ^
external/sflow++_repo_rules+hsflowd_src/src/Linux/util.c: In function 'strArrayIndexOf':
external/sflow++_repo_rules+hsflowd_src/src/Linux/util.c:685:22: warning: comparison of integer expressions of different signedness: 'int' and 'uint32_t' {aka 'unsigned int'} [-Wsign-compare]
  685 |     for(int i = 0; i < ar->n; i++) {
      |                      ^
external/sflow++_repo_rules+hsflowd_src/src/Linux/util.c: In function 'arrayGrowthCheck':
external/sflow++_repo_rules+hsflowd_src/src/Linux/util.c:795:16: warning: comparison of integer expressions of different signedness: 'uint32_t' {aka 'unsigned int'} and 'int' [-Wsign-compare]
  795 |     if(ar->cap <= i) {
      |                ^~
external/sflow++_repo_rules+hsflowd_src/src/Linux/util.c:800:21: warning: comparison of integer expressions of different signedness: 'uint32_t' {aka 'unsigned int'} and 'int' [-Wsign-compare]
  800 |       while(ar->cap <= (i+2)) ar->cap *= 2;
      |                     ^~
external/sflow++_repo_rules+hsflowd_src/src/Linux/util.c: In function 'UTArrayAddAll':
external/sflow++_repo_rules+hsflowd_src/src/Linux/util.c:838:26: warning: comparison of integer expressions of different signedness: 'int' and 'uint32_t' {aka 'unsigned int'} [-Wsign-compare]
  838 |       for(int ii = 0; ii < add->n; ii++)
      |                          ^
external/sflow++_repo_rules+hsflowd_src/src/Linux/util.c: In function 'UTArrayDelAt':
external/sflow++_repo_rules+hsflowd_src/src/Linux/util.c:847:12: warning: comparison of integer expressions of different signedness: 'int' and 'uint32_t' {aka 'unsigned int'} [-Wsign-compare]
  847 |       if(i < ar->n) {
      |            ^
external/sflow++_repo_rules+hsflowd_src/src/Linux/util.c: In function 'UTArrayPut':
external/sflow++_repo_rules+hsflowd_src/src/Linux/util.c:891:12: warning: comparison of integer expressions of different signedness: 'int' and 'uint32_t' {aka 'unsigned int'} [-Wsign-compare]
  891 |       if(i >= ar->n) ar->n = i+1;
      |            ^~
external/sflow++_repo_rules+hsflowd_src/src/Linux/util.c: In function 'UTArrayAt':
external/sflow++_repo_rules+hsflowd_src/src/Linux/util.c:933:16: warning: comparison of integer expressions of different signedness: 'int' and 'uint32_t' {aka 'unsigned int'} [-Wsign-compare]
  933 |     return ((i < ar->n)
      |                ^
external/sflow++_repo_rules+hsflowd_src/src/Linux/util.c: In function 'hashSearch':
external/sflow++_repo_rules+hsflowd_src/src/Linux/util.c:1749:22: warning: comparison of integer expressions of different signedness: 'int32_t' {aka 'int'} and 'uint32_t' {aka 'unsigned int'} [-Wsign-compare]
 1749 |         else if(dbin == probe) break; // all the way around!
      |                      ^~
external/sflow++_repo_rules+hsflowd_src/src/Linux/util.c:1758:35: warning: operand of '?:' changes signedness from 'int32_t' {aka 'int'} to 'uint32_t' {aka 'unsigned int'} due to unsignedness of other operand [-Wsign-compare]
 1758 |     return (dbin == -1) ? probe : dbin;
      |                                   ^~~~
INFO: From Compiling lib/route/act.c:
<command-line>: warning: "_FORTIFY_SOURCE" redefined
<command-line>: note: this is the location of the previous definition
INFO: From Compiling lib/sh/zmapfd.c:
external/bash++_repo_rules+bash_src/lib/sh/zmapfd.c: In function 'zmapfd':
external/bash++_repo_rules+bash_src/lib/sh/zmapfd.c:51:12: warning: unused parameter 'fn' [-Wunused-parameter]
   51 |      char *fn;
      |            ^~
INFO: From Compiling src/lib/atoms/med.c:
external/lldpd++_repo_rules+lldpd_src/src/lib/atoms/med.c: In function '_lldpctl_atom_next_med_caelements_list':
external/lldpd++_repo_rules+lldpd_src/src/lib/atoms/med.c:758:27: warning: comparison of integer expressions of different signedness: 'size_t' {aka 'long unsigned int'} and 'int' [-Wsign-compare]
  758 |         if (cai->data_len < 2 + len) return NULL;
      |                           ^
INFO: From Compiling src/daemon/netlink.c:
external/lldpd++_repo_rules+lldpd_src/src/daemon/netlink.c: In function 'netlink_recv':
external/lldpd++_repo_rules+lldpd_src/src/daemon/netlink.c:616:33: warning: comparison of integer expressions of different signedness: 'size_t' {aka 'long unsigned int'} and 'ssize_t' {aka 'long int'} [-Wsign-compare]
  616 |                 if (iov.iov_len < len || (rtnl_reply.msg_flags & MSG_TRUNC)) {
      |                                 ^
external/lldpd++_repo_rules+lldpd_src/src/daemon/netlink.c: In function 'netlink_initialize':
external/lldpd++_repo_rules+lldpd_src/src/daemon/netlink.c:890:45: warning: 'calloc' sizes specified with 'sizeof' in the earlier argument and not in the later argument [-Wcalloc-transposed-args]
  890 |         if ((cfg->g_netlink = calloc(sizeof(struct lldpd_netlink), 1)) == NULL) {
      |                                             ^~~~~~
external/lldpd++_repo_rules+lldpd_src/src/daemon/netlink.c:890:45: note: earlier argument should specify number of elements, later size of each element
INFO: From Compiling libnss-radius/nss_radius_common.c:
external/libnss-radius+/libnss-radius/nss_radius_common.c: In function 'parse_nss_config':
external/libnss-radius+/libnss-radius/nss_radius_common.c:319:24: warning: ignoring return value of 'strerror_r' declared with attribute 'warn_unused_result' [-Wunused-result]
  319 |         errbuf[0] = 0; strerror_r(errno, errbuf, sizeof(errbuf));
      |                        ^~~~~~~~~~~~~~~~~~~~~~~~~~~~~~~~~~~~~~~~~
INFO: From Compiling libtac/lib/authen_s.c:
external/pam-tacplus++_repo_rules+pam_tacplus_src/libtac/lib/authen_s.c: In function 'tac_authen_send':
external/pam-tacplus++_repo_rules+pam_tacplus_src/libtac/lib/authen_s.c:85:9: warning: 'MD5_Init' is deprecated: Since OpenSSL 3.0 [-Wdeprecated-declarations]
   85 |         MD5_Init(&mdcontext);
      |         ^~~~~~~~
In file included from external/pam-tacplus++_repo_rules+pam_tacplus_src/libtac/lib/authen_s.c:30:
bazel-out/k8-opt/bin/external/rules_distroless++apt+trixie-security_libssl-dev-amd64_3.5.5-1_deb13u2/usr/include/openssl/md5.h:49:27: note: declared here
   49 | OSSL_DEPRECATEDIN_3_0 int MD5_Init(MD5_CTX *c);
      |                           ^~~~~~~~
external/pam-tacplus++_repo_rules+pam_tacplus_src/libtac/lib/authen_s.c:86:17: warning: 'MD5_Update' is deprecated: Since OpenSSL 3.0 [-Wdeprecated-declarations]
   86 |                 MD5_Update(&mdcontext, mdp, mdp_len);
      |                 ^~~~~~~~~~
bazel-out/k8-opt/bin/external/rules_distroless++apt+trixie-security_libssl-dev-amd64_3.5.5-1_deb13u2/usr/include/openssl/md5.h:50:27: note: declared here
   50 | OSSL_DEPRECATEDIN_3_0 int MD5_Update(MD5_CTX *c, const void *data, size_t len);
      |                           ^~~~~~~~~~
external/pam-tacplus++_repo_rules+pam_tacplus_src/libtac/lib/authen_s.c:87:17: warning: 'MD5_Final' is deprecated: Since OpenSSL 3.0 [-Wdeprecated-declarations]
   87 |                 MD5_Final((u_char *) digest, &mdcontext);
      |                 ^~~~~~~~~
bazel-out/k8-opt/bin/external/rules_distroless++apt+trixie-security_libssl-dev-amd64_3.5.5-1_deb13u2/usr/include/openssl/md5.h:51:27: note: declared here
   51 | OSSL_DEPRECATEDIN_3_0 int MD5_Final(unsigned char *md, MD5_CTX *c);
      |                           ^~~~~~~~~
INFO: From Compiling libtac/lib/crypt.c:
external/pam-tacplus++_repo_rules+pam_tacplus_src/libtac/lib/crypt.c: In function '_tac_md5_pad':
external/pam-tacplus++_repo_rules+pam_tacplus_src/libtac/lib/crypt.c:74:9: warning: 'MD5_Init' is deprecated: Since OpenSSL 3.0 [-Wdeprecated-declarations]
   74 |         MD5_Init(&mdcontext);
      |         ^~~~~~~~
In file included from external/pam-tacplus++_repo_rules+pam_tacplus_src/libtac/lib/crypt.c:30:
bazel-out/k8-opt/bin/external/rules_distroless++apt+trixie-security_libssl-dev-amd64_3.5.5-1_deb13u2/usr/include/openssl/md5.h:49:27: note: declared here
   49 | OSSL_DEPRECATEDIN_3_0 int MD5_Init(MD5_CTX *c);
      |                           ^~~~~~~~
external/pam-tacplus++_repo_rules+pam_tacplus_src/libtac/lib/crypt.c:75:9: warning: 'MD5_Update' is deprecated: Since OpenSSL 3.0 [-Wdeprecated-declarations]
   75 |         MD5_Update(&mdcontext, buf, bp);
      |         ^~~~~~~~~~
bazel-out/k8-opt/bin/external/rules_distroless++apt+trixie-security_libssl-dev-amd64_3.5.5-1_deb13u2/usr/include/openssl/md5.h:50:27: note: declared here
   50 | OSSL_DEPRECATEDIN_3_0 int MD5_Update(MD5_CTX *c, const void *data, size_t len);
      |                           ^~~~~~~~~~
external/pam-tacplus++_repo_rules+pam_tacplus_src/libtac/lib/crypt.c:76:9: warning: 'MD5_Final' is deprecated: Since OpenSSL 3.0 [-Wdeprecated-declarations]
   76 |         MD5_Final(pad+pp, &mdcontext);
      |         ^~~~~~~~~
bazel-out/k8-opt/bin/external/rules_distroless++apt+trixie-security_libssl-dev-amd64_3.5.5-1_deb13u2/usr/include/openssl/md5.h:51:27: note: declared here
   51 | OSSL_DEPRECATEDIN_3_0 int MD5_Final(unsigned char *md, MD5_CTX *c);
      |                           ^~~~~~~~~
INFO: From Compiling teamd/teamd_dbus.c:
external/libteam++_repo_rules+libteam_src/teamd/teamd_dbus.c: In function 'callback_timeout':
external/libteam++_repo_rules+libteam_src/teamd/teamd_dbus.c:316:51: warning: unused parameter 'ctx' [-Wunused-parameter]
  316 | static int callback_timeout(struct teamd_context *ctx, int events, void *priv)
      |                             ~~~~~~~~~~~~~~~~~~~~~~^~~
external/libteam++_repo_rules+libteam_src/teamd/teamd_dbus.c:316:60: warning: unused parameter 'events' [-Wunused-parameter]
  316 | static int callback_timeout(struct teamd_context *ctx, int events, void *priv)
      |                                                        ~~~~^~~~~~
external/libteam++_repo_rules+libteam_src/teamd/teamd_dbus.c: In function 'callback_dispatch':
external/libteam++_repo_rules+libteam_src/teamd/teamd_dbus.c:372:61: warning: unused parameter 'events' [-Wunused-parameter]
  372 | static int callback_dispatch(struct teamd_context *ctx, int events, void *priv)
      |                                                         ~~~~^~~~~~
external/libteam++_repo_rules+libteam_src/teamd/teamd_dbus.c: In function 'dispatch_status':
external/libteam++_repo_rules+libteam_src/teamd/teamd_dbus.c:401:45: warning: unused parameter 'conn' [-Wunused-parameter]
  401 | static void dispatch_status(DBusConnection *conn, DBusDispatchStatus status,
      |                             ~~~~~~~~~~~~~~~~^~~~
INFO: From Compiling src/daemon/protocols/edp.c:
In file included from external/lldpd++_repo_rules+lldpd_src/src/daemon/protocols/edp.c:19:
external/lldpd++_repo_rules+lldpd_src/src/daemon/protocols/edp.c: In function 'edp_send':
external/lldpd++_repo_rules+lldpd_src/src/daemon/protocols/../frame.h:44:12: warning: comparison of integer expressions of different signedness: 'int' and 'long unsigned int' [-Wsign-compare]
   44 |   ((length >= (bytes)) &&        \
      |            ^~
external/lldpd++_repo_rules+lldpd_src/src/daemon/protocols/edp.c:64:23: note: in expansion of macro 'POKE_BYTES'
   64 |                 if (!(POKE_BYTES(mcastaddr, sizeof(mcastaddr)) &&
      |                       ^~~~~~~~~~
external/lldpd++_repo_rules+lldpd_src/src/daemon/protocols/../frame.h:37:12: warning: comparison of integer expressions of different signedness: 'int' and 'long unsigned int' [-Wsign-compare]
   37 |   ((length >= sizeof(type)) &&                                                       \
      |            ^~
external/lldpd++_repo_rules+lldpd_src/src/daemon/protocols/../frame.h:41:28: note: in expansion of macro 'POKE'
   41 | #define POKE_UINT16(value) POKE(value, types.f_uint16, htons)
      |                            ^~~~
external/lldpd++_repo_rules+lldpd_src/src/daemon/protocols/edp.c:67:25: note: in expansion of macro 'POKE_UINT16'
   67 |                         POKE_UINT16(0)))
      |                         ^~~~~~~~~~~
external/lldpd++_repo_rules+lldpd_src/src/daemon/protocols/../frame.h:37:12: warning: comparison of integer expressions of different signedness: 'int' and 'long unsigned int' [-Wsign-compare]
   37 |   ((length >= sizeof(type)) &&                                                       \
      |            ^~
external/lldpd++_repo_rules+lldpd_src/src/daemon/protocols/../frame.h:40:27: note: in expansion of macro 'POKE'
   40 | #define POKE_UINT8(value) POKE(value, types.f_uint8, )
      |                           ^~~~
external/lldpd++_repo_rules+lldpd_src/src/daemon/protocols/edp.c:75:25: note: in expansion of macro 'POKE_UINT8'
   75 |                         POKE_UINT8(0xaa) && POKE_UINT8(0xaa) &&
      |                         ^~~~~~~~~~
external/lldpd++_repo_rules+lldpd_src/src/daemon/protocols/../frame.h:37:12: warning: comparison of integer expressions of different signedness: 'int' and 'long unsigned int' [-Wsign-compare]
   37 |   ((length >= sizeof(type)) &&                                                       \
      |            ^~
external/lldpd++_repo_rules+lldpd_src/src/daemon/protocols/../frame.h:40:27: note: in expansion of macro 'POKE'
   40 | #define POKE_UINT8(value) POKE(value, types.f_uint8, )
      |                           ^~~~
external/lldpd++_repo_rules+lldpd_src/src/daemon/protocols/edp.c:75:45: note: in expansion of macro 'POKE_UINT8'
   75 |                         POKE_UINT8(0xaa) && POKE_UINT8(0xaa) &&
      |                                             ^~~~~~~~~~
external/lldpd++_repo_rules+lldpd_src/src/daemon/protocols/../frame.h:37:12: warning: comparison of integer expressions of different signedness: 'int' and 'long unsigned int' [-Wsign-compare]
   37 |   ((length >= sizeof(type)) &&                                                       \
      |            ^~
external/lldpd++_repo_rules+lldpd_src/src/daemon/protocols/../frame.h:40:27: note: in expansion of macro 'POKE'
   40 | #define POKE_UINT8(value) POKE(value, types.f_uint8, )
      |                           ^~~~
external/lldpd++_repo_rules+lldpd_src/src/daemon/protocols/edp.c:77:25: note: in expansion of macro 'POKE_UINT8'
   77 |                         POKE_UINT8(0x03) &&
      |                         ^~~~~~~~~~
external/lldpd++_repo_rules+lldpd_src/src/daemon/protocols/../frame.h:44:12: warning: comparison of integer expressions of different signedness: 'int' and 'long unsigned int' [-Wsign-compare]
   44 |   ((length >= (bytes)) &&        \
      |            ^~
external/lldpd++_repo_rules+lldpd_src/src/daemon/protocols/edp.c:79:25: note: in expansion of macro 'POKE_BYTES'
   79 |                         POKE_BYTES(llcorg, sizeof(llcorg)) && POKE_UINT16(LLC_PID_EDP)))
      |                         ^~~~~~~~~~
external/lldpd++_repo_rules+lldpd_src/src/daemon/protocols/../frame.h:37:12: warning: comparison of integer expressions of different signedness: 'int' and 'long unsigned int' [-Wsign-compare]
   37 |   ((length >= sizeof(type)) &&                                                       \
      |            ^~
external/lldpd++_repo_rules+lldpd_src/src/daemon/protocols/../frame.h:41:28: note: in expansion of macro 'POKE'
   41 | #define POKE_UINT16(value) POKE(value, types.f_uint16, htons)
      |                            ^~~~
external/lldpd++_repo_rules+lldpd_src/src/daemon/protocols/edp.c:79:63: note: in expansion of macro 'POKE_UINT16'
   79 |                         POKE_BYTES(llcorg, sizeof(llcorg)) && POKE_UINT16(LLC_PID_EDP)))
      |                                                               ^~~~~~~~~~~
external/lldpd++_repo_rules+lldpd_src/src/daemon/protocols/../frame.h:37:12: warning: comparison of integer expressions of different signedness: 'int' and 'long unsigned int' [-Wsign-compare]
   37 |   ((length >= sizeof(type)) &&                                                       \
      |            ^~
external/lldpd++_repo_rules+lldpd_src/src/daemon/protocols/../frame.h:40:27: note: in expansion of macro 'POKE'
   40 | #define POKE_UINT8(value) POKE(value, types.f_uint8, )
      |                           ^~~~
external/lldpd++_repo_rules+lldpd_src/src/daemon/protocols/edp.c:91:25: note: in expansion of macro 'POKE_UINT8'
   91 |                         POKE_UINT8(1) && POKE_UINT8(0) &&
      |                         ^~~~~~~~~~
external/lldpd++_repo_rules+lldpd_src/src/daemon/protocols/../frame.h:37:12: warning: comparison of integer expressions of different signedness: 'int' and 'long unsigned int' [-Wsign-compare]
   37 |   ((length >= sizeof(type)) &&                                                       \
      |            ^~
external/lldpd++_repo_rules+lldpd_src/src/daemon/protocols/../frame.h:40:27: note: in expansion of macro 'POKE'
   40 | #define POKE_UINT8(value) POKE(value, types.f_uint8, )
      |                           ^~~~
external/lldpd++_repo_rules+lldpd_src/src/daemon/protocols/edp.c:91:42: note: in expansion of macro 'POKE_UINT8'
   91 |                         POKE_UINT8(1) && POKE_UINT8(0) &&
      |                                          ^~~~~~~~~~
external/lldpd++_repo_rules+lldpd_src/src/daemon/protocols/../frame.h:37:12: warning: comparison of integer expressions of different signedness: 'int' and 'long unsigned int' [-Wsign-compare]
   37 |   ((length >= sizeof(type)) &&                                                       \
      |            ^~
external/lldpd++_repo_rules+lldpd_src/src/daemon/protocols/../frame.h:42:28: note: in expansion of macro 'POKE'
   42 | #define POKE_UINT32(value) POKE(value, types.f_uint32, htonl)
      |                            ^~~~
external/lldpd++_repo_rules+lldpd_src/src/daemon/protocols/edp.c:95:25: note: in expansion of macro 'POKE_UINT32'
   95 |                         POKE_UINT32(0) &&         /* Len + Checksum */
      |                         ^~~~~~~~~~~
external/lldpd++_repo_rules+lldpd_src/src/daemon/protocols/../frame.h:37:12: warning: comparison of integer expressions of different signedness: 'int' and 'long unsigned int' [-Wsign-compare]
   37 |   ((length >= sizeof(type)) &&                                                       \
      |            ^~
external/lldpd++_repo_rules+lldpd_src/src/daemon/protocols/../frame.h:41:28: note: in expansion of macro 'POKE'
   41 | #define POKE_UINT16(value) POKE(value, types.f_uint16, htons)
      |                            ^~~~
external/lldpd++_repo_rules+lldpd_src/src/daemon/protocols/edp.c:96:25: note: in expansion of macro 'POKE_UINT16'
   96 |                         POKE_UINT16(seq) && POKE_UINT16(0) &&
      |                         ^~~~~~~~~~~
external/lldpd++_repo_rules+lldpd_src/src/daemon/protocols/../frame.h:37:12: warning: comparison of integer expressions of different signedness: 'int' and 'long unsigned int' [-Wsign-compare]
   37 |   ((length >= sizeof(type)) &&                                                       \
      |            ^~
external/lldpd++_repo_rules+lldpd_src/src/daemon/protocols/../frame.h:41:28: note: in expansion of macro 'POKE'
   41 | #define POKE_UINT16(value) POKE(value, types.f_uint16, htons)
      |                            ^~~~
external/lldpd++_repo_rules+lldpd_src/src/daemon/protocols/edp.c:96:45: note: in expansion of macro 'POKE_UINT16'
   96 |                         POKE_UINT16(seq) && POKE_UINT16(0) &&
      |                                             ^~~~~~~~~~~
external/lldpd++_repo_rules+lldpd_src/src/daemon/protocols/../frame.h:37:12: warning: comparison of integer expressions of different signedness: 'int' and 'long unsigned int' [-Wsign-compare]
   37 |   ((length >= sizeof(type)) &&                                                       \
      |            ^~
external/lldpd++_repo_rules+lldpd_src/src/daemon/protocols/../frame.h:40:27: note: in expansion of macro 'POKE'
   40 | #define POKE_UINT8(value) POKE(value, types.f_uint8, )
      |                           ^~~~
external/lldpd++_repo_rules+lldpd_src/src/daemon/protocols/../frame.h:99:10: note: in expansion of macro 'POKE_UINT8'
   99 |   ((void)POKE_UINT8(EDP_TLV_MARKER), (void)POKE_UINT8(type), tlv = pos, POKE_UINT16(0))
      |          ^~~~~~~~~~
external/lldpd++_repo_rules+lldpd_src/src/daemon/protocols/edp.c:106:31: note: in expansion of macro 'POKE_START_EDP_TLV'
  106 |                         if (!(POKE_START_EDP_TLV(EDP_TLV_DISPLAY) &&
      |                               ^~~~~~~~~~~~~~~~~~
external/lldpd++_repo_rules+lldpd_src/src/daemon/protocols/../frame.h:37:12: warning: comparison of integer expressions of different signedness: 'int' and 'long unsigned int' [-Wsign-compare]
   37 |   ((length >= sizeof(type)) &&                                                       \
      |            ^~
external/lldpd++_repo_rules+lldpd_src/src/daemon/protocols/../frame.h:40:27: note: in expansion of macro 'POKE'
   40 | #define POKE_UINT8(value) POKE(value, types.f_uint8, )
      |                           ^~~~
external/lldpd++_repo_rules+lldpd_src/src/daemon/protocols/../frame.h:99:44: note: in expansion of macro 'POKE_UINT8'
   99 |   ((void)POKE_UINT8(EDP_TLV_MARKER), (void)POKE_UINT8(type), tlv = pos, POKE_UINT16(0))
      |                                            ^~~~~~~~~~
external/lldpd++_repo_rules+lldpd_src/src/daemon/protocols/edp.c:106:31: note: in expansion of macro 'POKE_START_EDP_TLV'
  106 |                         if (!(POKE_START_EDP_TLV(EDP_TLV_DISPLAY) &&
      |                               ^~~~~~~~~~~~~~~~~~
external/lldpd++_repo_rules+lldpd_src/src/daemon/protocols/../frame.h:37:12: warning: comparison of integer expressions of different signedness: 'int' and 'long unsigned int' [-Wsign-compare]
   37 |   ((length >= sizeof(type)) &&                                                       \
      |            ^~
external/lldpd++_repo_rules+lldpd_src/src/daemon/protocols/../frame.h:41:28: note: in expansion of macro 'POKE'
   41 | #define POKE_UINT16(value) POKE(value, types.f_uint16, htons)
      |                            ^~~~
external/lldpd++_repo_rules+lldpd_src/src/daemon/protocols/../frame.h:99:73: note: in expansion of macro 'POKE_UINT16'
   99 |   ((void)POKE_UINT8(EDP_TLV_MARKER), (void)POKE_UINT8(type), tlv = pos, POKE_UINT16(0))
      |                                                                         ^~~~~~~~~~~
external/lldpd++_repo_rules+lldpd_src/src/daemon/protocols/edp.c:106:31: note: in expansion of macro 'POKE_START_EDP_TLV'
  106 |                         if (!(POKE_START_EDP_TLV(EDP_TLV_DISPLAY) &&
      |                               ^~~~~~~~~~~~~~~~~~
external/lldpd++_repo_rules+lldpd_src/src/daemon/protocols/../frame.h:44:12: warning: comparison of integer expressions of different signedness: 'int' and 'size_t' {aka 'long unsigned int'} [-Wsign-compare]
   44 |   ((length >= (bytes)) &&        \
      |            ^~
external/lldpd++_repo_rules+lldpd_src/src/daemon/protocols/edp.c:107:33: note: in expansion of macro 'POKE_BYTES'
  107 |                                 POKE_BYTES(chassis->c_name, strlen(chassis->c_name)) &&
      |                                 ^~~~~~~~~~
external/lldpd++_repo_rules+lldpd_src/src/daemon/protocols/../frame.h:37:12: warning: comparison of integer expressions of different signedness: 'int' and 'long unsigned int' [-Wsign-compare]
   37 |   ((length >= sizeof(type)) &&                                                       \
      |            ^~
external/lldpd++_repo_rules+lldpd_src/src/daemon/protocols/../frame.h:40:27: note: in expansion of macro 'POKE'
   40 | #define POKE_UINT8(value) POKE(value, types.f_uint8, )
      |                           ^~~~
external/lldpd++_repo_rules+lldpd_src/src/daemon/protocols/edp.c:108:33: note: in expansion of macro 'POKE_UINT8'
  108 |                                 POKE_UINT8(0) && /* Add a NULL character
      |                                 ^~~~~~~~~~
external/lldpd++_repo_rules+lldpd_src/src/daemon/protocols/../frame.h:37:12: warning: comparison of integer expressions of different signedness: 'int' and 'long unsigned int' [-Wsign-compare]
   37 |   ((length >= sizeof(type)) &&                                                       \
      |            ^~
external/lldpd++_repo_rules+lldpd_src/src/daemon/protocols/../frame.h:40:27: note: in expansion of macro 'POKE'
   40 | #define POKE_UINT8(value) POKE(value, types.f_uint8, )
      |                           ^~~~
external/lldpd++_repo_rules+lldpd_src/src/daemon/protocols/../frame.h:99:10: note: in expansion of macro 'POKE_UINT8'
   99 |   ((void)POKE_UINT8(EDP_TLV_MARKER), (void)POKE_UINT8(type), tlv = pos, POKE_UINT16(0))
      |          ^~~~~~~~~~
external/lldpd++_repo_rules+lldpd_src/src/daemon/protocols/edp.c:115:31: note: in expansion of macro 'POKE_START_EDP_TLV'
  115 |                         if (!(POKE_START_EDP_TLV(EDP_TLV_INFO))) goto toobig;
      |                               ^~~~~~~~~~~~~~~~~~
external/lldpd++_repo_rules+lldpd_src/src/daemon/protocols/../frame.h:37:12: warning: comparison of integer expressions of different signedness: 'int' and 'long unsigned int' [-Wsign-compare]
   37 |   ((length >= sizeof(type)) &&                                                       \
      |            ^~
external/lldpd++_repo_rules+lldpd_src/src/daemon/protocols/../frame.h:40:27: note: in expansion of macro 'POKE'
   40 | #define POKE_UINT8(value) POKE(value, types.f_uint8, )
      |                           ^~~~
external/lldpd++_repo_rules+lldpd_src/src/daemon/protocols/../frame.h:99:44: note: in expansion of macro 'POKE_UINT8'
   99 |   ((void)POKE_UINT8(EDP_TLV_MARKER), (void)POKE_UINT8(type), tlv = pos, POKE_UINT16(0))
      |                                            ^~~~~~~~~~
external/lldpd++_repo_rules+lldpd_src/src/daemon/protocols/edp.c:115:31: note: in expansion of macro 'POKE_START_EDP_TLV'
  115 |                         if (!(POKE_START_EDP_TLV(EDP_TLV_INFO))) goto toobig;
      |                               ^~~~~~~~~~~~~~~~~~
external/lldpd++_repo_rules+lldpd_src/src/daemon/protocols/../frame.h:37:12: warning: comparison of integer expressions of different signedness: 'int' and 'long unsigned int' [-Wsign-compare]
   37 |   ((length >= sizeof(type)) &&                                                       \
      |            ^~
external/lldpd++_repo_rules+lldpd_src/src/daemon/protocols/../frame.h:41:28: note: in expansion of macro 'POKE'
   41 | #define POKE_UINT16(value) POKE(value, types.f_uint16, htons)
      |                            ^~~~
external/lldpd++_repo_rules+lldpd_src/src/daemon/protocols/../frame.h:99:73: note: in expansion of macro 'POKE_UINT16'
   99 |   ((void)POKE_UINT8(EDP_TLV_MARKER), (void)POKE_UINT8(type), tlv = pos, POKE_UINT16(0))
      |                                                                         ^~~~~~~~~~~
external/lldpd++_repo_rules+lldpd_src/src/daemon/protocols/edp.c:115:31: note: in expansion of macro 'POKE_START_EDP_TLV'
  115 |                         if (!(POKE_START_EDP_TLV(EDP_TLV_INFO))) goto toobig;
      |                               ^~~~~~~~~~~~~~~~~~
external/lldpd++_repo_rules+lldpd_src/src/daemon/protocols/../frame.h:37:12: warning: comparison of integer expressions of different signedness: 'int' and 'long unsigned int' [-Wsign-compare]
   37 |   ((length >= sizeof(type)) &&                                                       \
      |            ^~
external/lldpd++_repo_rules+lldpd_src/src/daemon/protocols/../frame.h:41:28: note: in expansion of macro 'POKE'
   41 | #define POKE_UINT16(value) POKE(value, types.f_uint16, htons)
      |                            ^~~~
external/lldpd++_repo_rules+lldpd_src/src/daemon/protocols/edp.c:120:47: note: in expansion of macro 'POKE_UINT16'
  120 |                                         if (!(POKE_UINT16(i) &&
      |                                               ^~~~~~~~~~~
external/lldpd++_repo_rules+lldpd_src/src/daemon/protocols/../frame.h:37:12: warning: comparison of integer expressions of different signedness: 'int' and 'long unsigned int' [-Wsign-compare]
   37 |   ((length >= sizeof(type)) &&                                                       \
      |            ^~
external/lldpd++_repo_rules+lldpd_src/src/daemon/protocols/../frame.h:41:28: note: in expansion of macro 'POKE'
   41 | #define POKE_UINT16(value) POKE(value, types.f_uint16, htons)
      |                            ^~~~
external/lldpd++_repo_rules+lldpd_src/src/daemon/protocols/edp.c:121:49: note: in expansion of macro 'POKE_UINT16'
  121 |                                                 POKE_UINT16(atoi(hardware->h_ifname +
      |                                                 ^~~~~~~~~~~
external/lldpd++_repo_rules+lldpd_src/src/daemon/protocols/../frame.h:37:12: warning: comparison of integer expressions of different signedness: 'int' and 'long unsigned int' [-Wsign-compare]
   37 |   ((length >= sizeof(type)) &&                                                       \
      |            ^~
external/lldpd++_repo_rules+lldpd_src/src/daemon/protocols/../frame.h:41:28: note: in expansion of macro 'POKE'
   41 | #define POKE_UINT16(value) POKE(value, types.f_uint16, htons)
      |                            ^~~~
external/lldpd++_repo_rules+lldpd_src/src/daemon/protocols/edp.c:130:39: note: in expansion of macro 'POKE_UINT16'
  130 |                                 if (!(POKE_UINT16(8) &&
      |                                       ^~~~~~~~~~~
external/lldpd++_repo_rules+lldpd_src/src/daemon/protocols/../frame.h:37:12: warning: comparison of integer expressions of different signedness: 'int' and 'long unsigned int' [-Wsign-compare]
   37 |   ((length >= sizeof(type)) &&                                                       \
      |            ^~
external/lldpd++_repo_rules+lldpd_src/src/daemon/protocols/../frame.h:41:28: note: in expansion of macro 'POKE'
   41 | #define POKE_UINT16(value) POKE(value, types.f_uint16, htons)
      |                            ^~~~
external/lldpd++_repo_rules+lldpd_src/src/daemon/protocols/edp.c:131:41: note: in expansion of macro 'POKE_UINT16'
  131 |                                         POKE_UINT16(hardware->h_ifindex)))
      |                                         ^~~~~~~~~~~
external/lldpd++_repo_rules+lldpd_src/src/daemon/protocols/../frame.h:37:12: warning: comparison of integer expressions of different signedness: 'int' and 'long unsigned int' [-Wsign-compare]
   37 |   ((length >= sizeof(type)) &&                                                       \
      |            ^~
external/lldpd++_repo_rules+lldpd_src/src/daemon/protocols/../frame.h:41:28: note: in expansion of macro 'POKE'
   41 | #define POKE_UINT16(value) POKE(value, types.f_uint16, htons)
      |                            ^~~~
external/lldpd++_repo_rules+lldpd_src/src/daemon/protocols/edp.c:134:31: note: in expansion of macro 'POKE_UINT16'
  134 |                         if (!(POKE_UINT16(0) &&                     /* vchassis */
      |                               ^~~~~~~~~~~
external/lldpd++_repo_rules+lldpd_src/src/daemon/protocols/../frame.h:37:12: warning: comparison of integer expressions of different signedness: 'int' and 'long unsigned int' [-Wsign-compare]
   37 |   ((length >= sizeof(type)) &&                                                       \
      |            ^~
external/lldpd++_repo_rules+lldpd_src/src/daemon/protocols/../frame.h:42:28: note: in expansion of macro 'POKE'
   42 | #define POKE_UINT32(value) POKE(value, types.f_uint32, htonl)
      |                            ^~~~
external/lldpd++_repo_rules+lldpd_src/src/daemon/protocols/edp.c:135:33: note: in expansion of macro 'POKE_UINT32'
  135 |                                 POKE_UINT32(0) && POKE_UINT16(0) && /* Reserved */
      |                                 ^~~~~~~~~~~
external/lldpd++_repo_rules+lldpd_src/src/daemon/protocols/../frame.h:37:12: warning: comparison of integer expressions of different signedness: 'int' and 'long unsigned int' [-Wsign-compare]
   37 |   ((length >= sizeof(type)) &&                                                       \
      |            ^~
external/lldpd++_repo_rules+lldpd_src/src/daemon/protocols/../frame.h:41:28: note: in expansion of macro 'POKE'
   41 | #define POKE_UINT16(value) POKE(value, types.f_uint16, htons)
      |                            ^~~~
external/lldpd++_repo_rules+lldpd_src/src/daemon/protocols/edp.c:135:51: note: in expansion of macro 'POKE_UINT16'
  135 |                                 POKE_UINT32(0) && POKE_UINT16(0) && /* Reserved */
      |                                                   ^~~~~~~~~~~
external/lldpd++_repo_rules+lldpd_src/src/daemon/protocols/../frame.h:44:12: warning: comparison of integer expressions of different signedness: 'int' and 'long unsigned int' [-Wsign-compare]
   44 |   ((length >= (bytes)) &&        \
      |            ^~
external/lldpd++_repo_rules+lldpd_src/src/daemon/protocols/edp.c:137:33: note: in expansion of macro 'POKE_BYTES'
  137 |                                 POKE_BYTES(edp_fakeversion, sizeof(edp_fakeversion)) &&
      |                                 ^~~~~~~~~~
external/lldpd++_repo_rules+lldpd_src/src/daemon/protocols/../frame.h:37:12: warning: comparison of integer expressions of different signedness: 'int' and 'long unsigned int' [-Wsign-compare]
   37 |   ((length >= sizeof(type)) &&                                                       \
      |            ^~
external/lldpd++_repo_rules+lldpd_src/src/daemon/protocols/../frame.h:42:28: note: in expansion of macro 'POKE'
   42 | #define POKE_UINT32(value) POKE(value, types.f_uint32, htonl)
      |                            ^~~~
external/lldpd++_repo_rules+lldpd_src/src/daemon/protocols/edp.c:141:33: note: in expansion of macro 'POKE_UINT32'
  141 |                                 POKE_UINT32(0xffffffff) && POKE_UINT32(0) &&
      |                                 ^~~~~~~~~~~
external/lldpd++_repo_rules+lldpd_src/src/daemon/protocols/../frame.h:37:12: warning: comparison of integer expressions of different signedness: 'int' and 'long unsigned int' [-Wsign-compare]
   37 |   ((length >= sizeof(type)) &&                                                       \
      |            ^~
external/lldpd++_repo_rules+lldpd_src/src/daemon/protocols/../frame.h:42:28: note: in expansion of macro 'POKE'
   42 | #define POKE_UINT32(value) POKE(value, types.f_uint32, htonl)
      |                            ^~~~
external/lldpd++_repo_rules+lldpd_src/src/daemon/protocols/edp.c:141:60: note: in expansion of macro 'POKE_UINT32'
  141 |                                 POKE_UINT32(0xffffffff) && POKE_UINT32(0) &&
      |                                                            ^~~~~~~~~~~
external/lldpd++_repo_rules+lldpd_src/src/daemon/protocols/../frame.h:37:12: warning: comparison of integer expressions of different signedness: 'int' and 'long unsigned int' [-Wsign-compare]
   37 |   ((length >= sizeof(type)) &&                                                       \
      |            ^~
external/lldpd++_repo_rules+lldpd_src/src/daemon/protocols/../frame.h:42:28: note: in expansion of macro 'POKE'
   42 | #define POKE_UINT32(value) POKE(value, types.f_uint32, htonl)
      |                            ^~~~
external/lldpd++_repo_rules+lldpd_src/src/daemon/protocols/edp.c:142:33: note: in expansion of macro 'POKE_UINT32'
  142 |                                 POKE_UINT32(0) && POKE_UINT32(0) && POKE_END_EDP_TLV))
      |                                 ^~~~~~~~~~~
external/lldpd++_repo_rules+lldpd_src/src/daemon/protocols/../frame.h:37:12: warning: comparison of integer expressions of different signedness: 'int' and 'long unsigned int' [-Wsign-compare]
   37 |   ((length >= sizeof(type)) &&                                                       \
      |            ^~
external/lldpd++_repo_rules+lldpd_src/src/daemon/protocols/../frame.h:42:28: note: in expansion of macro 'POKE'
   42 | #define POKE_UINT32(value) POKE(value, types.f_uint32, htonl)
      |                            ^~~~
external/lldpd++_repo_rules+lldpd_src/src/daemon/protocols/edp.c:142:51: note: in expansion of macro 'POKE_UINT32'
  142 |                                 POKE_UINT32(0) && POKE_UINT32(0) && POKE_END_EDP_TLV))
      |                                                   ^~~~~~~~~~~
external/lldpd++_repo_rules+lldpd_src/src/daemon/protocols/../frame.h:37:12: warning: comparison of integer expressions of different signedness: 'int' and 'long unsigned int' [-Wsign-compare]
   37 |   ((length >= sizeof(type)) &&                                                       \
      |            ^~
external/lldpd++_repo_rules+lldpd_src/src/daemon/protocols/../frame.h:40:27: note: in expansion of macro 'POKE'
   40 | #define POKE_UINT8(value) POKE(value, types.f_uint8, )
      |                           ^~~~
external/lldpd++_repo_rules+lldpd_src/src/daemon/protocols/../frame.h:99:10: note: in expansion of macro 'POKE_UINT8'
   99 |   ((void)POKE_UINT8(EDP_TLV_MARKER), (void)POKE_UINT8(type), tlv = pos, POKE_UINT16(0))
      |          ^~~~~~~~~~
external/lldpd++_repo_rules+lldpd_src/src/daemon/protocols/edp.c:150:39: note: in expansion of macro 'POKE_START_EDP_TLV'
  150 |                                 if (!(POKE_START_EDP_TLV(EDP_TLV_VLAN) &&
      |                                       ^~~~~~~~~~~~~~~~~~
external/lldpd++_repo_rules+lldpd_src/src/daemon/protocols/../frame.h:37:12: warning: comparison of integer expressions of different signedness: 'int' and 'long unsigned int' [-Wsign-compare]
   37 |   ((length >= sizeof(type)) &&                                                       \
      |            ^~
external/lldpd++_repo_rules+lldpd_src/src/daemon/protocols/../frame.h:40:27: note: in expansion of macro 'POKE'
   40 | #define POKE_UINT8(value) POKE(value, types.f_uint8, )
      |                           ^~~~
external/lldpd++_repo_rules+lldpd_src/src/daemon/protocols/../frame.h:99:44: note: in expansion of macro 'POKE_UINT8'
   99 |   ((void)POKE_UINT8(EDP_TLV_MARKER), (void)POKE_UINT8(type), tlv = pos, POKE_UINT16(0))
      |                                            ^~~~~~~~~~
external/lldpd++_repo_rules+lldpd_src/src/daemon/protocols/edp.c:150:39: note: in expansion of macro 'POKE_START_EDP_TLV'
  150 |                                 if (!(POKE_START_EDP_TLV(EDP_TLV_VLAN) &&
      |                                       ^~~~~~~~~~~~~~~~~~
external/lldpd++_repo_rules+lldpd_src/src/daemon/protocols/../frame.h:37:12: warning: comparison of integer expressions of different signedness: 'int' and 'long unsigned int' [-Wsign-compare]
   37 |   ((length >= sizeof(type)) &&                                                       \
      |            ^~
external/lldpd++_repo_rules+lldpd_src/src/daemon/protocols/../frame.h:41:28: note: in expansion of macro 'POKE'
   41 | #define POKE_UINT16(value) POKE(value, types.f_uint16, htons)
      |                            ^~~~
external/lldpd++_repo_rules+lldpd_src/src/daemon/protocols/../frame.h:99:73: note: in expansion of macro 'POKE_UINT16'
   99 |   ((void)POKE_UINT8(EDP_TLV_MARKER), (void)POKE_UINT8(type), tlv = pos, POKE_UINT16(0))
      |                                                                         ^~~~~~~~~~~
external/lldpd++_repo_rules+lldpd_src/src/daemon/protocols/edp.c:150:39: note: in expansion of macro 'POKE_START_EDP_TLV'
  150 |                                 if (!(POKE_START_EDP_TLV(EDP_TLV_VLAN) &&
      |                                       ^~~~~~~~~~~~~~~~~~
external/lldpd++_repo_rules+lldpd_src/src/daemon/protocols/../frame.h:37:12: warning: comparison of integer expressions of different signedness: 'int' and 'long unsigned int' [-Wsign-compare]
   37 |   ((length >= sizeof(type)) &&                                                       \
      |            ^~
external/lldpd++_repo_rules+lldpd_src/src/daemon/protocols/../frame.h:40:27: note: in expansion of macro 'POKE'
   40 | #define POKE_UINT8(value) POKE(value, types.f_uint8, )
      |                           ^~~~
external/lldpd++_repo_rules+lldpd_src/src/daemon/protocols/edp.c:151:41: note: in expansion of macro 'POKE_UINT8'
  151 |                                         POKE_UINT8(0) && /* Flags: no IP address */
      |                                         ^~~~~~~~~~
external/lldpd++_repo_rules+lldpd_src/src/daemon/protocols/../frame.h:37:12: warning: comparison of integer expressions of different signedness: 'int' and 'long unsigned int' [-Wsign-compare]
   37 |   ((length >= sizeof(type)) &&                                                       \
      |            ^~
external/lldpd++_repo_rules+lldpd_src/src/daemon/protocols/../frame.h:40:27: note: in expansion of macro 'POKE'
   40 | #define POKE_UINT8(value) POKE(value, types.f_uint8, )
      |                           ^~~~
external/lldpd++_repo_rules+lldpd_src/src/daemon/protocols/edp.c:152:41: note: in expansion of macro 'POKE_UINT8'
  152 |                                         POKE_UINT8(0) && /* Reserved */
      |                                         ^~~~~~~~~~
external/lldpd++_repo_rules+lldpd_src/src/daemon/protocols/../frame.h:37:12: warning: comparison of integer expressions of different signedness: 'int' and 'long unsigned int' [-Wsign-compare]
   37 |   ((length >= sizeof(type)) &&                                                       \
      |            ^~
external/lldpd++_repo_rules+lldpd_src/src/daemon/protocols/../frame.h:41:28: note: in expansion of macro 'POKE'
   41 | #define POKE_UINT16(value) POKE(value, types.f_uint16, htons)
      |                            ^~~~
external/lldpd++_repo_rules+lldpd_src/src/daemon/protocols/edp.c:153:41: note: in expansion of macro 'POKE_UINT16'
  153 |                                         POKE_UINT16(vlan->v_vid) &&
      |                                         ^~~~~~~~~~~
external/lldpd++_repo_rules+lldpd_src/src/daemon/protocols/../frame.h:37:12: warning: comparison of integer expressions of different signedness: 'int' and 'long unsigned int' [-Wsign-compare]
   37 |   ((length >= sizeof(type)) &&                                                       \
      |            ^~
external/lldpd++_repo_rules+lldpd_src/src/daemon/protocols/../frame.h:42:28: note: in expansion of macro 'POKE'
   42 | #define POKE_UINT32(value) POKE(value, types.f_uint32, htonl)
      |                            ^~~~
external/lldpd++_repo_rules+lldpd_src/src/daemon/protocols/edp.c:154:41: note: in expansion of macro 'POKE_UINT32'
  154 |                                         POKE_UINT32(0) && /* Reserved */
      |                                         ^~~~~~~~~~~
external/lldpd++_repo_rules+lldpd_src/src/daemon/protocols/../frame.h:37:12: warning: comparison of integer expressions of different signedness: 'int' and 'long unsigned int' [-Wsign-compare]
   37 |   ((length >= sizeof(type)) &&                                                       \
      |            ^~
external/lldpd++_repo_rules+lldpd_src/src/daemon/protocols/../frame.h:42:28: note: in expansion of macro 'POKE'
   42 | #define POKE_UINT32(value) POKE(value, types.f_uint32, htonl)
      |                            ^~~~
external/lldpd++_repo_rules+lldpd_src/src/daemon/protocols/edp.c:155:41: note: in expansion of macro 'POKE_UINT32'
  155 |                                         POKE_UINT32(0) && /* IP address */
      |                                         ^~~~~~~~~~~
external/lldpd++_repo_rules+lldpd_src/src/daemon/protocols/../frame.h:44:12: warning: comparison of integer expressions of different signedness: 'int' and 'size_t' {aka 'long unsigned int'} [-Wsign-compare]
   44 |   ((length >= (bytes)) &&        \
      |            ^~
external/lldpd++_repo_rules+lldpd_src/src/daemon/protocols/edp.c:157:41: note: in expansion of macro 'POKE_BYTES'
  157 |                                         POKE_BYTES(vlan->v_name,
      |                                         ^~~~~~~~~~
external/lldpd++_repo_rules+lldpd_src/src/daemon/protocols/../frame.h:37:12: warning: comparison of integer expressions of different signedness: 'int' and 'long unsigned int' [-Wsign-compare]
   37 |   ((length >= sizeof(type)) &&                                                       \
      |            ^~
external/lldpd++_repo_rules+lldpd_src/src/daemon/protocols/../frame.h:40:27: note: in expansion of macro 'POKE'
   40 | #define POKE_UINT8(value) POKE(value, types.f_uint8, )
      |                           ^~~~
external/lldpd++_repo_rules+lldpd_src/src/daemon/protocols/edp.c:159:41: note: in expansion of macro 'POKE_UINT8'
  159 |                                         POKE_UINT8(0) && POKE_END_EDP_TLV))
      |                                         ^~~~~~~~~~
external/lldpd++_repo_rules+lldpd_src/src/daemon/protocols/../frame.h:37:12: warning: comparison of integer expressions of different signedness: 'int' and 'long unsigned int' [-Wsign-compare]
   37 |   ((length >= sizeof(type)) &&                                                       \
      |            ^~
external/lldpd++_repo_rules+lldpd_src/src/daemon/protocols/../frame.h:40:27: note: in expansion of macro 'POKE'
   40 | #define POKE_UINT8(value) POKE(value, types.f_uint8, )
      |                           ^~~~
external/lldpd++_repo_rules+lldpd_src/src/daemon/protocols/../frame.h:99:10: note: in expansion of macro 'POKE_UINT8'
   99 |   ((void)POKE_UINT8(EDP_TLV_MARKER), (void)POKE_UINT8(type), tlv = pos, POKE_UINT16(0))
      |          ^~~~~~~~~~
external/lldpd++_repo_rules+lldpd_src/src/daemon/protocols/edp.c:173:23: note: in expansion of macro 'POKE_START_EDP_TLV'
  173 |                 if (!(POKE_START_EDP_TLV(EDP_TLV_NULL) && POKE_END_EDP_TLV &&
      |                       ^~~~~~~~~~~~~~~~~~
external/lldpd++_repo_rules+lldpd_src/src/daemon/protocols/../frame.h:37:12: warning: comparison of integer expressions of different signedness: 'int' and 'long unsigned int' [-Wsign-compare]
   37 |   ((length >= sizeof(type)) &&                                                       \
      |            ^~
external/lldpd++_repo_rules+lldpd_src/src/daemon/protocols/../frame.h:40:27: note: in expansion of macro 'POKE'
   40 | #define POKE_UINT8(value) POKE(value, types.f_uint8, )
      |                           ^~~~
external/lldpd++_repo_rules+lldpd_src/src/daemon/protocols/../frame.h:99:44: note: in expansion of macro 'POKE_UINT8'
   99 |   ((void)POKE_UINT8(EDP_TLV_MARKER), (void)POKE_UINT8(type), tlv = pos, POKE_UINT16(0))
      |                                            ^~~~~~~~~~
external/lldpd++_repo_rules+lldpd_src/src/daemon/protocols/edp.c:173:23: note: in expansion of macro 'POKE_START_EDP_TLV'
  173 |                 if (!(POKE_START_EDP_TLV(EDP_TLV_NULL) && POKE_END_EDP_TLV &&
      |                       ^~~~~~~~~~~~~~~~~~
external/lldpd++_repo_rules+lldpd_src/src/daemon/protocols/../frame.h:37:12: warning: comparison of integer expressions of different signedness: 'int' and 'long unsigned int' [-Wsign-compare]
   37 |   ((length >= sizeof(type)) &&                                                       \
      |            ^~
external/lldpd++_repo_rules+lldpd_src/src/daemon/protocols/../frame.h:41:28: note: in expansion of macro 'POKE'
   41 | #define POKE_UINT16(value) POKE(value, types.f_uint16, htons)
      |                            ^~~~
external/lldpd++_repo_rules+lldpd_src/src/daemon/protocols/../frame.h:99:73: note: in expansion of macro 'POKE_UINT16'
   99 |   ((void)POKE_UINT8(EDP_TLV_MARKER), (void)POKE_UINT8(type), tlv = pos, POKE_UINT16(0))
      |                                                                         ^~~~~~~~~~~
external/lldpd++_repo_rules+lldpd_src/src/daemon/protocols/edp.c:173:23: note: in expansion of macro 'POKE_START_EDP_TLV'
  173 |                 if (!(POKE_START_EDP_TLV(EDP_TLV_NULL) && POKE_END_EDP_TLV &&
      |                       ^~~~~~~~~~~~~~~~~~
external/lldpd++_repo_rules+lldpd_src/src/daemon/protocols/../frame.h:37:12: warning: comparison of integer expressions of different signedness: 'int' and 'long unsigned int' [-Wsign-compare]
   37 |   ((length >= sizeof(type)) &&                                                       \
      |            ^~
external/lldpd++_repo_rules+lldpd_src/src/daemon/protocols/../frame.h:41:28: note: in expansion of macro 'POKE'
   41 | #define POKE_UINT16(value) POKE(value, types.f_uint16, htons)
      |                            ^~~~
external/lldpd++_repo_rules+lldpd_src/src/daemon/protocols/edp.c:181:23: note: in expansion of macro 'POKE_UINT16'
  181 |                 if (!(POKE_UINT16(i))) goto toobig;
      |                       ^~~~~~~~~~~
external/lldpd++_repo_rules+lldpd_src/src/daemon/protocols/../frame.h:37:12: warning: comparison of integer expressions of different signedness: 'int' and 'long unsigned int' [-Wsign-compare]
   37 |   ((length >= sizeof(type)) &&                                                       \
      |            ^~
external/lldpd++_repo_rules+lldpd_src/src/daemon/protocols/../frame.h:41:28: note: in expansion of macro 'POKE'
   41 | #define POKE_UINT16(value) POKE(value, types.f_uint16, htons)
      |                            ^~~~
external/lldpd++_repo_rules+lldpd_src/src/daemon/protocols/edp.c:183:23: note: in expansion of macro 'POKE_UINT16'
  183 |                 if (!(POKE_UINT16(v))) goto toobig;
      |                       ^~~~~~~~~~~
external/lldpd++_repo_rules+lldpd_src/src/daemon/protocols/../frame.h:37:12: warning: comparison of integer expressions of different signedness: 'int' and 'long unsigned int' [-Wsign-compare]
   37 |   ((length >= sizeof(type)) &&                                                       \
      |            ^~
external/lldpd++_repo_rules+lldpd_src/src/daemon/protocols/../frame.h:41:28: note: in expansion of macro 'POKE'
   41 | #define POKE_UINT16(value) POKE(value, types.f_uint16, htons)
      |                            ^~~~
external/lldpd++_repo_rules+lldpd_src/src/daemon/protocols/edp.c:185:23: note: in expansion of macro 'POKE_UINT16'
  185 |                 if (!(POKE_UINT16(checksum))) goto toobig;
      |                       ^~~~~~~~~~~
external/lldpd++_repo_rules+lldpd_src/src/daemon/protocols/edp.c: In function 'edp_decode':
external/lldpd++_repo_rules+lldpd_src/src/daemon/protocols/edp.c:256:20: warning: comparison of integer expressions of different signedness: 'int' and 'long unsigned int' [-Wsign-compare]
  256 |         if (length < 2 * ETHER_ADDR_LEN + sizeof(u_int16_t) + 8 /* LLC */ + 10 +
      |                    ^
INFO: From Compiling lib/readline/terminal.c:
external/bash++_repo_rules+bash_src/lib/readline/terminal.c:22:9: warning: "READLINE_LIBRARY" redefined
   22 | #define READLINE_LIBRARY
      |         ^~~~~~~~~~~~~~~~
<command-line>: note: this is the location of the previous definition
external/bash++_repo_rules+bash_src/lib/readline/terminal.c: In function 'get_term_capabilities':
external/bash++_repo_rules+bash_src/lib/readline/terminal.c:463:17: warning: comparison of integer expressions of different signedness: 'int' and 'long unsigned int' [-Wsign-compare]
  463 |   for (i = 0; i < NUM_TC_STRINGS; i++)
      |                 ^
external/bash++_repo_rules+bash_src/lib/readline/terminal.c: In function 'rl_get_termcap':
external/bash++_repo_rules+bash_src/lib/readline/terminal.c:675:17: warning: comparison of integer expressions of different signedness: 'int' and 'long unsigned int' [-Wsign-compare]
  675 |   for (i = 0; i < NUM_TC_STRINGS; i++)
      |                 ^
INFO: From Compiling lib/handlers.c:
<command-line>: warning: "_FORTIFY_SOURCE" redefined
<command-line>: note: this is the location of the previous definition
INFO: From Compiling src/client/display.c:
external/lldpd++_repo_rules+lldpd_src/src/client/display.c: In function 'display_age':
external/lldpd++_repo_rules+lldpd_src/src/client/display.c:690:68: warning: comparison of integer expressions of different signedness: 'int' and 'long unsigned int' [-Wsign-compare]
  690 |                 (age / (60 * 60)) % 24, (age / 60) % 60, age % 60) >= sizeof(sage))
      |                                                                    ^~
INFO: From Compiling array.c:
external/bash++_repo_rules+bash_src/array.c: In function 'array_slice':
external/bash++_repo_rules+bash_src/array.c:153:18: warning: unused parameter 'array' [-Wunused-parameter]
  153 | ARRAY           *array;
      |                  ^~~~~
external/bash++_repo_rules+bash_src/array.c: At top level:
external/bash++_repo_rules+bash_src/array.c:66:14: warning: 'spacesep' defined but not used [-Wunused-variable]
   66 | static char *spacesep = " ";
      |              ^~~~~~~~
external/bash++_repo_rules+bash_src/array.c: In function 'array_from_argv':
external/bash++_repo_rules+bash_src/array.c:870:9: warning: 't' may be used uninitialized [-Wmaybe-uninitialized]
  870 |         array_insert (a, i, t);
      |         ^~~~~~~~~~~~~~~~~~~~~~
external/bash++_repo_rules+bash_src/array.c:865:10: note: 't' was declared here
  865 |   char  *t;
      |          ^
INFO: From Compiling lib/nl.c:
<command-line>: warning: "_FORTIFY_SOURCE" redefined
<command-line>: note: this is the location of the previous definition
INFO: From Compiling src/daemon/priv.c:
external/lldpd++_repo_rules+lldpd_src/src/daemon/priv.c: In function 'priv_setup_chroot':
external/lldpd++_repo_rules+lldpd_src/src/daemon/priv.c:565:69: warning: comparison of integer expressions of different signedness: 'int' and 'long unsigned int' [-Wsign-compare]
  565 |         if (snprintf(path, sizeof(path), "%s" LOCALTIME, chrootdir) >= sizeof(path))
      |                                                                     ^~
INFO: From Compiling lib/cache_mngr.c:
<command-line>: warning: "_FORTIFY_SOURCE" redefined
<command-line>: note: this is the location of the previous definition
INFO: From Compiling lib/cache_mngt.c:
<command-line>: warning: "_FORTIFY_SOURCE" redefined
<command-line>: note: this is the location of the previous definition
INFO: From Compiling teamd/teamd_ifinfo_watch.c:
external/libteam++_repo_rules+libteam_src/teamd/teamd_ifinfo_watch.c: In function 'ifinfo_change_handler_func':
external/libteam++_repo_rules+libteam_src/teamd/teamd_ifinfo_watch.c:32:63: warning: unused parameter 'type_mask' [-Wunused-parameter]
   32 |                                       team_change_type_mask_t type_mask)
      |                                       ~~~~~~~~~~~~~~~~~~~~~~~~^~~~~~~~~
INFO: From Compiling lib/readline/signals.c:
external/bash++_repo_rules+bash_src/lib/readline/signals.c:22:9: warning: "READLINE_LIBRARY" redefined
   22 | #define READLINE_LIBRARY
      |         ^~~~~~~~~~~~~~~~
<command-line>: note: this is the location of the previous definition
external/bash++_repo_rules+bash_src/lib/readline/signals.c: In function 'rl_set_signals':
external/bash++_repo_rules+bash_src/lib/readline/signals.c:414:25: warning: unused variable 'oset' [-Wunused-variable]
  414 |   static sigset_t bset, oset;
      |                         ^~~~
external/bash++_repo_rules+bash_src/lib/readline/signals.c: In function '_rl_handle_signal':
external/bash++_repo_rules+bash_src/lib/readline/signals.c:219:7: warning: this statement may fall through [-Wimplicit-fallthrough=]
  219 |       rl_callback_sigcleanup ();
      |       ^~~~~~~~~~~~~~~~~~~~~~~~~
external/bash++_repo_rules+bash_src/lib/readline/signals.c:225:5: note: here
  225 |     case SIGTSTP:
      |     ^~~~
external/bash++_repo_rules+bash_src/lib/readline/signals.c:236:10: warning: this statement may fall through [-Wimplicit-fallthrough=]
  236 |       if (block_sig == 0)
      |          ^
external/bash++_repo_rules+bash_src/lib/readline/signals.c:245:5: note: here
  245 |     case SIGHUP:
      |     ^~~~
external/bash++_repo_rules+bash_src/lib/readline/signals.c:258:10: warning: this statement may fall through [-Wimplicit-fallthrough=]
  258 |       if (sig == SIGALRM)
      |          ^
external/bash++_repo_rules+bash_src/lib/readline/signals.c:262:5: note: here
  262 |     case SIGQUIT:
      |     ^~~~
external/bash++_repo_rules+bash_src/lib/readline/signals.c: At top level:
external/bash++_repo_rules+bash_src/lib/readline/signals.c:625:29: warning: 'sigint_oset' defined but not used [-Wunused-variable]
  625 | static sigset_t sigint_set, sigint_oset;
      |                             ^~~~~~~~~~~
external/bash++_repo_rules+bash_src/lib/readline/signals.c:625:17: warning: 'sigint_set' defined but not used [-Wunused-variable]
  625 | static sigset_t sigint_set, sigint_oset;
      |                 ^~~~~~~~~~
INFO: From Compiling lib/version.c:
<command-line>: warning: "_FORTIFY_SOURCE" redefined
<command-line>: note: this is the location of the previous definition
INFO: From Compiling lib/addr.c:
<command-line>: warning: "_FORTIFY_SOURCE" redefined
<command-line>: note: this is the location of the previous definition
INFO: From Compiling lib/readline/text.c:
external/bash++_repo_rules+bash_src/lib/readline/text.c:22:9: warning: "READLINE_LIBRARY" redefined
   22 | #define READLINE_LIBRARY
      |         ^~~~~~~~~~~~~~~~
<command-line>: note: this is the location of the previous definition
external/bash++_repo_rules+bash_src/lib/readline/text.c: In function 'rl_insert_text':
external/bash++_repo_rules+bash_src/lib/readline/text.c:95:18: warning: comparison of integer expressions of different signedness: 'size_t' {aka 'long unsigned int'} and 'int' [-Wsign-compare]
   95 |   if (rl_end + l >= rl_line_buffer_len)
      |                  ^~
external/bash++_repo_rules+bash_src/lib/readline/text.c: In function 'rl_beg_of_line':
external/bash++_repo_rules+bash_src/lib/readline/text.c:466:21: warning: unused parameter 'count' [-Wunused-parameter]
  466 | rl_beg_of_line (int count, int key)
      |                 ~~~~^~~~~
external/bash++_repo_rules+bash_src/lib/readline/text.c:466:32: warning: unused parameter 'key' [-Wunused-parameter]
  466 | rl_beg_of_line (int count, int key)
      |                            ~~~~^~~
external/bash++_repo_rules+bash_src/lib/readline/text.c: In function 'rl_end_of_line':
external/bash++_repo_rules+bash_src/lib/readline/text.c:474:21: warning: unused parameter 'count' [-Wunused-parameter]
  474 | rl_end_of_line (int count, int key)
      |                 ~~~~^~~~~
external/bash++_repo_rules+bash_src/lib/readline/text.c:474:32: warning: unused parameter 'key' [-Wunused-parameter]
  474 | rl_end_of_line (int count, int key)
      |                            ~~~~^~~
external/bash++_repo_rules+bash_src/lib/readline/text.c: In function 'rl_refresh_line':
external/bash++_repo_rules+bash_src/lib/readline/text.c:583:22: warning: unused parameter 'ignore1' [-Wunused-parameter]
  583 | rl_refresh_line (int ignore1, int ignore2)
      |                  ~~~~^~~~~~~
external/bash++_repo_rules+bash_src/lib/readline/text.c:583:35: warning: unused parameter 'ignore2' [-Wunused-parameter]
  583 | rl_refresh_line (int ignore1, int ignore2)
      |                               ~~~~^~~~~~~
external/bash++_repo_rules+bash_src/lib/readline/text.c: In function 'rl_clear_display':
external/bash++_repo_rules+bash_src/lib/readline/text.c:611:23: warning: unused parameter 'count' [-Wunused-parameter]
  611 | rl_clear_display (int count, int key)
      |                   ~~~~^~~~~
external/bash++_repo_rules+bash_src/lib/readline/text.c:611:34: warning: unused parameter 'key' [-Wunused-parameter]
  611 | rl_clear_display (int count, int key)
      |                              ~~~~^~~
external/bash++_repo_rules+bash_src/lib/readline/text.c: In function 'rl_previous_screen_line':
external/bash++_repo_rules+bash_src/lib/readline/text.c:621:30: warning: unused parameter 'count' [-Wunused-parameter]
  621 | rl_previous_screen_line (int count, int key)
      |                          ~~~~^~~~~
external/bash++_repo_rules+bash_src/lib/readline/text.c: In function 'rl_next_screen_line':
external/bash++_repo_rules+bash_src/lib/readline/text.c:630:26: warning: unused parameter 'count' [-Wunused-parameter]
  630 | rl_next_screen_line (int count, int key)
      |                      ~~~~^~~~~
external/bash++_repo_rules+bash_src/lib/readline/text.c: In function 'rl_skip_csi_sequence':
external/bash++_repo_rules+bash_src/lib/readline/text.c:639:27: warning: unused parameter 'count' [-Wunused-parameter]
  639 | rl_skip_csi_sequence (int count, int key)
      |                       ~~~~^~~~~
external/bash++_repo_rules+bash_src/lib/readline/text.c:639:38: warning: unused parameter 'key' [-Wunused-parameter]
  639 | rl_skip_csi_sequence (int count, int key)
      |                                  ~~~~^~~
external/bash++_repo_rules+bash_src/lib/readline/text.c: In function 'rl_arrow_keys':
external/bash++_repo_rules+bash_src/lib/readline/text.c:653:31: warning: unused parameter 'key' [-Wunused-parameter]
  653 | rl_arrow_keys (int count, int key)
      |                           ~~~~^~~
external/bash++_repo_rules+bash_src/lib/readline/text.c: In function 'rl_quoted_insert':
external/bash++_repo_rules+bash_src/lib/readline/text.c:1094:34: warning: unused parameter 'key' [-Wunused-parameter]
 1094 | rl_quoted_insert (int count, int key)
      |                              ~~~~^~~
external/bash++_repo_rules+bash_src/lib/readline/text.c: In function 'rl_tab_insert':
external/bash++_repo_rules+bash_src/lib/readline/text.c:1131:31: warning: unused parameter 'key' [-Wunused-parameter]
 1131 | rl_tab_insert (int count, int key)
      |                           ~~~~^~~
external/bash++_repo_rules+bash_src/lib/readline/text.c: In function 'rl_newline':
external/bash++_repo_rules+bash_src/lib/readline/text.c:1140:17: warning: unused parameter 'count' [-Wunused-parameter]
 1140 | rl_newline (int count, int key)
      |             ~~~~^~~~~
external/bash++_repo_rules+bash_src/lib/readline/text.c:1140:28: warning: unused parameter 'key' [-Wunused-parameter]
 1140 | rl_newline (int count, int key)
      |                        ~~~~^~~
external/bash++_repo_rules+bash_src/lib/readline/text.c: In function 'rl_do_lowercase_version':
external/bash++_repo_rules+bash_src/lib/readline/text.c:1180:30: warning: unused parameter 'ignore1' [-Wunused-parameter]
 1180 | rl_do_lowercase_version (int ignore1, int ignore2)
      |                          ~~~~^~~~~~~
external/bash++_repo_rules+bash_src/lib/readline/text.c:1180:43: warning: unused parameter 'ignore2' [-Wunused-parameter]
 1180 | rl_do_lowercase_version (int ignore1, int ignore2)
      |                                       ~~~~^~~~~~~
external/bash++_repo_rules+bash_src/lib/readline/text.c: In function 'rl_delete_horizontal_space':
external/bash++_repo_rules+bash_src/lib/readline/text.c:1341:33: warning: unused parameter 'count' [-Wunused-parameter]
 1341 | rl_delete_horizontal_space (int count, int ignore)
      |                             ~~~~^~~~~
external/bash++_repo_rules+bash_src/lib/readline/text.c:1341:44: warning: unused parameter 'ignore' [-Wunused-parameter]
 1341 | rl_delete_horizontal_space (int count, int ignore)
      |                                        ~~~~^~~~~~
external/bash++_repo_rules+bash_src/lib/readline/text.c: In function 'rl_insert_comment':
external/bash++_repo_rules+bash_src/lib/readline/text.c:1384:24: warning: unused parameter 'count' [-Wunused-parameter]
 1384 | rl_insert_comment (int count, int key)
      |                    ~~~~^~~~~
external/bash++_repo_rules+bash_src/lib/readline/text.c: In function 'rl_upcase_word':
external/bash++_repo_rules+bash_src/lib/readline/text.c:1422:32: warning: unused parameter 'key' [-Wunused-parameter]
 1422 | rl_upcase_word (int count, int key)
      |                            ~~~~^~~
external/bash++_repo_rules+bash_src/lib/readline/text.c: In function 'rl_downcase_word':
external/bash++_repo_rules+bash_src/lib/readline/text.c:1429:34: warning: unused parameter 'key' [-Wunused-parameter]
 1429 | rl_downcase_word (int count, int key)
      |                              ~~~~^~~
external/bash++_repo_rules+bash_src/lib/readline/text.c: In function 'rl_capitalize_word':
external/bash++_repo_rules+bash_src/lib/readline/text.c:1436:36: warning: unused parameter 'key' [-Wunused-parameter]
 1436 | rl_capitalize_word (int count, int key)
      |                                ~~~~^~~
In file included from external/bash++_repo_rules+bash_src/lib/readline/text.c:46:
external/bash++_repo_rules+bash_src/lib/readline/text.c: In function 'rl_change_case':
external/bash++_repo_rules+bash_src/lib/readline/rlmbutil.h:124:66: warning: operand of '?:' changes signedness from 'wchar_t' {aka 'int'} to 'wint_t' {aka 'unsigned int'} due to unsignedness of other operand [-Wsign-compare]
  124 | #define _rl_to_wupper(wc)       (iswlower (wc) ? towupper (wc) : (wc))
      |                                                                  ^~~~
external/bash++_repo_rules+bash_src/lib/readline/text.c:1517:35: note: in expansion of macro '_rl_to_wupper'
 1517 |           nwc = (nop == UpCase) ? _rl_to_wupper (wc) : _rl_to_wlower (wc);
      |                                   ^~~~~~~~~~~~~
external/bash++_repo_rules+bash_src/lib/readline/rlmbutil.h:125:66: warning: operand of '?:' changes signedness from 'wchar_t' {aka 'int'} to 'wint_t' {aka 'unsigned int'} due to unsignedness of other operand [-Wsign-compare]
  125 | #define _rl_to_wlower(wc)       (iswupper (wc) ? towlower (wc) : (wc))
      |                                                                  ^~~~
external/bash++_repo_rules+bash_src/lib/readline/text.c:1517:56: note: in expansion of macro '_rl_to_wlower'
 1517 |           nwc = (nop == UpCase) ? _rl_to_wupper (wc) : _rl_to_wlower (wc);
      |                                                        ^~~~~~~~~~~~~
external/bash++_repo_rules+bash_src/lib/readline/text.c:1539:21: warning: comparison of integer expressions of different signedness: 'size_t' {aka 'long unsigned int'} and 'int' [-Wsign-compare]
 1539 |               if (m == mlen)
      |                     ^~
external/bash++_repo_rules+bash_src/lib/readline/text.c:1541:26: warning: comparison of integer expressions of different signedness: 'size_t' {aka 'long unsigned int'} and 'int' [-Wsign-compare]
 1541 |               else if (m > mlen)
      |                          ^
external/bash++_repo_rules+bash_src/lib/readline/text.c:1550:26: warning: comparison of integer expressions of different signedness: 'size_t' {aka 'long unsigned int'} and 'int' [-Wsign-compare]
 1550 |               else if (m < mlen)
      |                          ^
external/bash++_repo_rules+bash_src/lib/readline/text.c: In function 'rl_transpose_chars':
external/bash++_repo_rules+bash_src/lib/readline/text.c:1646:36: warning: unused parameter 'key' [-Wunused-parameter]
 1646 | rl_transpose_chars (int count, int key)
      |                                ~~~~^~~
external/bash++_repo_rules+bash_src/lib/readline/text.c: In function 'rl_char_search':
external/bash++_repo_rules+bash_src/lib/readline/text.c:1821:32: warning: unused parameter 'key' [-Wunused-parameter]
 1821 | rl_char_search (int count, int key)
      |                            ~~~~^~~
external/bash++_repo_rules+bash_src/lib/readline/text.c: In function 'rl_backward_char_search':
external/bash++_repo_rules+bash_src/lib/readline/text.c:1838:41: warning: unused parameter 'key' [-Wunused-parameter]
 1838 | rl_backward_char_search (int count, int key)
      |                                     ~~~~^~~
external/bash++_repo_rules+bash_src/lib/readline/text.c: In function 'rl_set_mark':
external/bash++_repo_rules+bash_src/lib/readline/text.c:1873:29: warning: unused parameter 'key' [-Wunused-parameter]
 1873 | rl_set_mark (int count, int key)
      |                         ~~~~^~~
external/bash++_repo_rules+bash_src/lib/readline/text.c: In function 'rl_exchange_point_and_mark':
external/bash++_repo_rules+bash_src/lib/readline/text.c:1880:33: warning: unused parameter 'count' [-Wunused-parameter]
 1880 | rl_exchange_point_and_mark (int count, int key)
      |                             ~~~~^~~~~
external/bash++_repo_rules+bash_src/lib/readline/text.c:1880:44: warning: unused parameter 'key' [-Wunused-parameter]
 1880 | rl_exchange_point_and_mark (int count, int key)
      |                                        ~~~~^~~
external/bash++_repo_rules+bash_src/lib/readline/text.c: In function 'rl_insert_text':
external/bash++_repo_rules+bash_src/lib/readline/text.c:101:3: warning: '__builtin_strncpy' output truncated before terminating nul copying as many bytes from a string as its length [-Wstringop-truncation]
  101 |   strncpy (rl_line_buffer + rl_point, string, l);
      |   ^
external/bash++_repo_rules+bash_src/lib/readline/text.c:91:29: note: length computed here
   91 |   l = (string && *string) ? strlen (string) : 0;
      |                             ^~~~~~~~~~~~~~~
[11,935 / 21,686] Compiling lib/dns/zone.c; 92s linux-sandbox ... (192 actions, 191 running)
INFO: From Compiling arrayfunc.c:
external/bash++_repo_rules+bash_src/arrayfunc.c: In function 'assign_array_element_internal':
external/bash++_repo_rules+bash_src/arrayfunc.c:407:9: warning: unused variable 'newval' [-Wunused-variable]
  407 |   char *newval;
      |         ^~~~~~
external/bash++_repo_rules+bash_src/arrayfunc.c: In function 'expand_compound_array_assignment':
external/bash++_repo_rules+bash_src/arrayfunc.c:563:10: warning: unused parameter 'flags' [-Wunused-parameter]
  563 |      int flags;
      |          ^~~~~
external/bash++_repo_rules+bash_src/arrayfunc.c: In function 'quote_compound_array_word':
external/bash++_repo_rules+bash_src/arrayfunc.c:954:10: warning: unused parameter 'type' [-Wunused-parameter]
  954 |      int type;
      |          ^~~~
external/bash++_repo_rules+bash_src/arrayfunc.c: In function 'expand_and_quote_assoc_word':
external/bash++_repo_rules+bash_src/arrayfunc.c:1002:10: warning: unused parameter 'type' [-Wunused-parameter]
 1002 |      int type;
      |          ^~~~
external/bash++_repo_rules+bash_src/arrayfunc.c: In function 'array_expand_index':
external/bash++_repo_rules+bash_src/arrayfunc.c:1340:17: warning: unused parameter 'var' [-Wunused-parameter]
 1340 |      SHELL_VAR *var;
      |                 ^~~
external/bash++_repo_rules+bash_src/arrayfunc.c:1343:10: warning: unused parameter 'flags' [-Wunused-parameter]
 1343 |      int flags;
      |          ^~~~~
external/bash++_repo_rules+bash_src/arrayfunc.c: In function 'array_value_internal':
external/bash++_repo_rules+bash_src/arrayfunc.c:1483:21: warning: variable 'subtype' set but not used [-Wunused-but-set-variable]
 1483 |   int len, isassoc, subtype;
      |                     ^~~~~~~
external/bash++_repo_rules+bash_src/arrayfunc.c: In function 'array_keys':
external/bash++_repo_rules+bash_src/arrayfunc.c:1672:22: warning: unused variable 'temp' [-Wunused-variable]
 1672 |   char *retval, *t, *temp;
      |                      ^~~~
In function 'assign_array_element_internal',
    inlined from 'assign_array_element' at external/bash++_repo_rules+bash_src/arrayfunc.c:380:11:
external/bash++_repo_rules+bash_src/arrayfunc.c:432:36: warning: 'nkey' may be used uninitialized [-Wmaybe-uninitialized]
  432 |           estatep->value = entry ? assoc_reference (assoc_cell (entry), nkey) : 0;
      |                                    ^~~~~~~~~~~~~~~~~~~~~~~~~~~~~~~~~~~~~~~~~~
external/bash++_repo_rules+bash_src/arrayfunc.c: In function 'assign_array_element':
external/bash++_repo_rules+bash_src/arrayfunc.c:405:16: note: 'nkey' was declared here
  405 |   char *akey, *nkey;
      |                ^~~~
external/bash++_repo_rules+bash_src/arrayfunc.c: In function 'array_value_internal':
external/bash++_repo_rules+bash_src/arrayfunc.c:1615:48: warning: 'ind' may be used uninitialized [-Wmaybe-uninitialized]
 1615 |         retval = (ind == 0) ? value_cell (var) : (char *)NULL;
      |                                                ^
external/bash++_repo_rules+bash_src/arrayfunc.c:1484:14: note: 'ind' was declared here
 1484 |   arrayind_t ind;
      |              ^~~
INFO: From Compiling src/Linux/mod_dnssd.c:
external/sflow++_repo_rules+hsflowd_src/src/Linux/mod_dnssd.c: In function 'dnsSD_Request':
external/sflow++_repo_rules+hsflowd_src/src/Linux/mod_dnssd.c:66:15: warning: comparison of integer expressions of different signedness: 'int' and 'long unsigned int' [-Wsign-compare]
   66 |     if(anslen < sizeof(HEADER)) {
      |               ^
external/sflow++_repo_rules+hsflowd_src/src/Linux/mod_dnssd.c:97:30: warning: comparison of integer expressions of different signedness: 'int' and 'uint32_t' {aka 'unsigned int'} [-Wsign-compare]
   97 |     for(int entry = 0; entry < answer_count; entry++) {
      |                              ^
external/sflow++_repo_rules+hsflowd_src/src/Linux/mod_dnssd.c: In function 'myDnsCB':
external/sflow++_repo_rules+hsflowd_src/src/Linux/mod_dnssd.c:282:10: warning: operand of '?:' changes signedness from 'int' to 'size_t' {aka 'long unsigned int'} due to unsignedness of other operand [-Wsign-compare]
  282 |     if(((keyLen ?: strlen("collector")) + valLen + 2) > EV_MAX_EVT_DATALEN) {
      |          ^~~~~~
INFO: From Compiling lib/sh/winsize.c:
external/bash++_repo_rules+bash_src/lib/sh/winsize.c: In function 'get_new_window_size':
external/bash++_repo_rules+bash_src/lib/sh/winsize.c:82:10: warning: unused parameter 'from_sig' [-Wunused-parameter]
   82 |      int from_sig;
      |          ^~~~~~~~
INFO: From Action external/sonic-mgmt-common+/build/cvl/schema:
====> Transforming container /sonic-sflow:sonic-sflow/sonic-sflow:SFLOW/sonic-sflow:global to list
====> Transforming container /sonic-device_metadata:sonic-device_metadata/sonic-device_metadata:DEVICE_METADATA/sonic-device_metadata:localhost to list
====> Transforming container /sonic-device_metadata:sonic-device_metadata/sonic-device_metadata:DEVICE_METADATA/sonic-device_metadata:bmc to list
====> Transforming container /sonic-mgmt_vrf:sonic-mgmt_vrf/sonic-mgmt_vrf:MGMT_VRF_CONFIG/sonic-mgmt_vrf:vrf_global to list
Writing bazel-out/k8-opt/bin/external/sonic-mgmt-common+/build/cvl/schema/sonic-sflow.yin
Writing bazel-out/k8-opt/bin/external/sonic-mgmt-common+/build/cvl/schema/sonic-acl.yin
Writing bazel-out/k8-opt/bin/external/sonic-mgmt-common+/build/cvl/schema/sonic-vrf.yin
Writing bazel-out/k8-opt/bin/external/sonic-mgmt-common+/build/cvl/schema/sonic-port.yin
Writing bazel-out/k8-opt/bin/external/sonic-mgmt-common+/build/cvl/schema/sonic-mgmt_port.yin
Writing bazel-out/k8-opt/bin/external/sonic-mgmt-common+/build/cvl/schema/sonic-policer.yin
Writing bazel-out/k8-opt/bin/external/sonic-mgmt-common+/build/cvl/schema/sonic-static-anycast-gateway.yin
Writing bazel-out/k8-opt/bin/external/sonic-mgmt-common+/build/cvl/schema/sonic-vxlan.yin
Writing bazel-out/k8-opt/bin/external/sonic-mgmt-common+/build/cvl/schema/sonic-extension.yin
Writing bazel-out/k8-opt/bin/external/sonic-mgmt-common+/build/cvl/schema/sonic-device_metadata.yin
Writing bazel-out/k8-opt/bin/external/sonic-mgmt-common+/build/cvl/schema/sonic-mirror-session.yin
Writing bazel-out/k8-opt/bin/external/sonic-mgmt-common+/build/cvl/schema/sonic-loopback-interface.yin
Writing bazel-out/k8-opt/bin/external/sonic-mgmt-common+/build/cvl/schema/sonic-common.yin
Writing bazel-out/k8-opt/bin/external/sonic-mgmt-common+/build/cvl/schema/sonic-mgmt_vrf.yin
Writing bazel-out/k8-opt/bin/external/sonic-mgmt-common+/build/cvl/schema/sonic-vnet.yin
Writing bazel-out/k8-opt/bin/external/sonic-mgmt-common+/build/cvl/schema/sonic-macsec.yin
Writing bazel-out/k8-opt/bin/external/sonic-mgmt-common+/build/cvl/schema/sonic-interface.yin
Writing bazel-out/k8-opt/bin/external/sonic-mgmt-common+/build/cvl/schema/sonic-portchannel.yin
Writing bazel-out/k8-opt/bin/external/sonic-mgmt-common+/build/cvl/schema/sonic-types.yin
Writing bazel-out/k8-opt/bin/external/sonic-mgmt-common+/build/cvl/schema/sonic-vlan.yin
Writing bazel-out/k8-opt/bin/external/sonic-mgmt-common+/build/cvl/schema/sonic-mclag.yin
INFO: From Compiling src/daemon/protocols/sonmp.c:
In file included from external/lldpd++_repo_rules+lldpd_src/src/daemon/protocols/sonmp.c:19:
external/lldpd++_repo_rules+lldpd_src/src/daemon/protocols/sonmp.c: In function 'sonmp_send':
external/lldpd++_repo_rules+lldpd_src/src/daemon/protocols/../frame.h:44:12: warning: comparison of integer expressions of different signedness: 'int' and 'long unsigned int' [-Wsign-compare]
   44 |   ((length >= (bytes)) &&        \
      |            ^~
external/lldpd++_repo_rules+lldpd_src/src/daemon/protocols/sonmp.c:204:17: note: in expansion of macro 'POKE_BYTES'
  204 |                 POKE_BYTES(mcastaddr, sizeof(mcastaddr)) &&
      |                 ^~~~~~~~~~
external/lldpd++_repo_rules+lldpd_src/src/daemon/protocols/../frame.h:37:12: warning: comparison of integer expressions of different signedness: 'int' and 'long unsigned int' [-Wsign-compare]
   37 |   ((length >= sizeof(type)) &&                                                       \
      |            ^~
external/lldpd++_repo_rules+lldpd_src/src/daemon/protocols/../frame.h:41:28: note: in expansion of macro 'POKE'
   41 | #define POKE_UINT16(value) POKE(value, types.f_uint16, htons)
      |                            ^~~~
external/lldpd++_repo_rules+lldpd_src/src/daemon/protocols/sonmp.c:208:17: note: in expansion of macro 'POKE_UINT16'
  208 |                 POKE_UINT16(SONMP_SIZE)))
      |                 ^~~~~~~~~~~
external/lldpd++_repo_rules+lldpd_src/src/daemon/protocols/../frame.h:37:12: warning: comparison of integer expressions of different signedness: 'int' and 'long unsigned int' [-Wsign-compare]
   37 |   ((length >= sizeof(type)) &&                                                       \
      |            ^~
external/lldpd++_repo_rules+lldpd_src/src/daemon/protocols/../frame.h:40:27: note: in expansion of macro 'POKE'
   40 | #define POKE_UINT8(value) POKE(value, types.f_uint8, )
      |                           ^~~~
external/lldpd++_repo_rules+lldpd_src/src/daemon/protocols/sonmp.c:214:17: note: in expansion of macro 'POKE_UINT8'
  214 |                 POKE_UINT8(0xaa) && POKE_UINT8(0xaa) &&
      |                 ^~~~~~~~~~
external/lldpd++_repo_rules+lldpd_src/src/daemon/protocols/../frame.h:37:12: warning: comparison of integer expressions of different signedness: 'int' and 'long unsigned int' [-Wsign-compare]
   37 |   ((length >= sizeof(type)) &&                                                       \
      |            ^~
external/lldpd++_repo_rules+lldpd_src/src/daemon/protocols/../frame.h:40:27: note: in expansion of macro 'POKE'
   40 | #define POKE_UINT8(value) POKE(value, types.f_uint8, )
      |                           ^~~~
external/lldpd++_repo_rules+lldpd_src/src/daemon/protocols/sonmp.c:214:37: note: in expansion of macro 'POKE_UINT8'
  214 |                 POKE_UINT8(0xaa) && POKE_UINT8(0xaa) &&
      |                                     ^~~~~~~~~~
external/lldpd++_repo_rules+lldpd_src/src/daemon/protocols/../frame.h:37:12: warning: comparison of integer expressions of different signedness: 'int' and 'long unsigned int' [-Wsign-compare]
   37 |   ((length >= sizeof(type)) &&                                                       \
      |            ^~
external/lldpd++_repo_rules+lldpd_src/src/daemon/protocols/../frame.h:40:27: note: in expansion of macro 'POKE'
   40 | #define POKE_UINT8(value) POKE(value, types.f_uint8, )
      |                           ^~~~
external/lldpd++_repo_rules+lldpd_src/src/daemon/protocols/sonmp.c:216:17: note: in expansion of macro 'POKE_UINT8'
  216 |                 POKE_UINT8(0x03) &&
      |                 ^~~~~~~~~~
external/lldpd++_repo_rules+lldpd_src/src/daemon/protocols/../frame.h:44:12: warning: comparison of integer expressions of different signedness: 'int' and 'long unsigned int' [-Wsign-compare]
   44 |   ((length >= (bytes)) &&        \
      |            ^~
external/lldpd++_repo_rules+lldpd_src/src/daemon/protocols/sonmp.c:218:17: note: in expansion of macro 'POKE_BYTES'
  218 |                 POKE_BYTES(llcorg, sizeof(llcorg)) &&
      |                 ^~~~~~~~~~
external/lldpd++_repo_rules+lldpd_src/src/daemon/protocols/../frame.h:37:12: warning: comparison of integer expressions of different signedness: 'int' and 'long unsigned int' [-Wsign-compare]
   37 |   ((length >= sizeof(type)) &&                                                       \
      |            ^~
external/lldpd++_repo_rules+lldpd_src/src/daemon/protocols/../frame.h:41:28: note: in expansion of macro 'POKE'
   41 | #define POKE_UINT16(value) POKE(value, types.f_uint16, htons)
      |                            ^~~~
external/lldpd++_repo_rules+lldpd_src/src/daemon/protocols/sonmp.c:221:17: note: in expansion of macro 'POKE_UINT16'
  221 |                 POKE_UINT16(LLC_PID_SONMP_HELLO)))
      |                 ^~~~~~~~~~~
external/lldpd++_repo_rules+lldpd_src/src/daemon/protocols/../frame.h:44:12: warning: comparison of integer expressions of different signedness: 'int' and 'long unsigned int' [-Wsign-compare]
   44 |   ((length >= (bytes)) &&        \
      |            ^~
external/lldpd++_repo_rules+lldpd_src/src/daemon/protocols/sonmp.c:235:17: note: in expansion of macro 'POKE_BYTES'
  235 |                 POKE_BYTES(&address, sizeof(struct in_addr)) &&
      |                 ^~~~~~~~~~
external/lldpd++_repo_rules+lldpd_src/src/daemon/protocols/../frame.h:37:12: warning: comparison of integer expressions of different signedness: 'int' and 'long unsigned int' [-Wsign-compare]
   37 |   ((length >= sizeof(type)) &&                                                       \
      |            ^~
external/lldpd++_repo_rules+lldpd_src/src/daemon/protocols/../frame.h:41:28: note: in expansion of macro 'POKE'
   41 | #define POKE_UINT16(value) POKE(value, types.f_uint16, htons)
      |                            ^~~~
external/lldpd++_repo_rules+lldpd_src/src/daemon/protocols/sonmp.c:238:17: note: in expansion of macro 'POKE_UINT16'
  238 |                 POKE_UINT16(0) && POKE_UINT8(hardware->h_ifindex) &&
      |                 ^~~~~~~~~~~
external/lldpd++_repo_rules+lldpd_src/src/daemon/protocols/../frame.h:37:12: warning: comparison of integer expressions of different signedness: 'int' and 'long unsigned int' [-Wsign-compare]
   37 |   ((length >= sizeof(type)) &&                                                       \
      |            ^~
external/lldpd++_repo_rules+lldpd_src/src/daemon/protocols/../frame.h:40:27: note: in expansion of macro 'POKE'
   40 | #define POKE_UINT8(value) POKE(value, types.f_uint8, )
      |                           ^~~~
external/lldpd++_repo_rules+lldpd_src/src/daemon/protocols/sonmp.c:238:35: note: in expansion of macro 'POKE_UINT8'
  238 |                 POKE_UINT16(0) && POKE_UINT8(hardware->h_ifindex) &&
      |                                   ^~~~~~~~~~
external/lldpd++_repo_rules+lldpd_src/src/daemon/protocols/../frame.h:37:12: warning: comparison of integer expressions of different signedness: 'int' and 'long unsigned int' [-Wsign-compare]
   37 |   ((length >= sizeof(type)) &&                                                       \
      |            ^~
external/lldpd++_repo_rules+lldpd_src/src/daemon/protocols/../frame.h:40:27: note: in expansion of macro 'POKE'
   40 | #define POKE_UINT8(value) POKE(value, types.f_uint8, )
      |                           ^~~~
external/lldpd++_repo_rules+lldpd_src/src/daemon/protocols/sonmp.c:239:17: note: in expansion of macro 'POKE_UINT8'
  239 |                 POKE_UINT8(1) &&  /* Chassis: Other */
      |                 ^~~~~~~~~~
external/lldpd++_repo_rules+lldpd_src/src/daemon/protocols/../frame.h:37:12: warning: comparison of integer expressions of different signedness: 'int' and 'long unsigned int' [-Wsign-compare]
   37 |   ((length >= sizeof(type)) &&                                                       \
      |            ^~
external/lldpd++_repo_rules+lldpd_src/src/daemon/protocols/../frame.h:40:27: note: in expansion of macro 'POKE'
   40 | #define POKE_UINT8(value) POKE(value, types.f_uint8, )
      |                           ^~~~
external/lldpd++_repo_rules+lldpd_src/src/daemon/protocols/sonmp.c:240:17: note: in expansion of macro 'POKE_UINT8'
  240 |                 POKE_UINT8(12) && /* Back: Ethernet, Fast Ethernet and Gigabit */
      |                 ^~~~~~~~~~
external/lldpd++_repo_rules+lldpd_src/src/daemon/protocols/../frame.h:37:12: warning: comparison of integer expressions of different signedness: 'int' and 'long unsigned int' [-Wsign-compare]
   37 |   ((length >= sizeof(type)) &&                                                       \
      |            ^~
external/lldpd++_repo_rules+lldpd_src/src/daemon/protocols/../frame.h:40:27: note: in expansion of macro 'POKE'
   40 | #define POKE_UINT8(value) POKE(value, types.f_uint8, )
      |                           ^~~~
external/lldpd++_repo_rules+lldpd_src/src/daemon/protocols/sonmp.c:241:17: note: in expansion of macro 'POKE_UINT8'
  241 |                 POKE_UINT8(SONMP_TOPOLOGY_NEW) && /* Should work. We have no state */
      |                 ^~~~~~~~~~
external/lldpd++_repo_rules+lldpd_src/src/daemon/protocols/../frame.h:37:12: warning: comparison of integer expressions of different signedness: 'int' and 'long unsigned int' [-Wsign-compare]
   37 |   ((length >= sizeof(type)) &&                                                       \
      |            ^~
external/lldpd++_repo_rules+lldpd_src/src/daemon/protocols/../frame.h:40:27: note: in expansion of macro 'POKE'
   40 | #define POKE_UINT8(value) POKE(value, types.f_uint8, )
      |                           ^~~~
external/lldpd++_repo_rules+lldpd_src/src/daemon/protocols/sonmp.c:242:17: note: in expansion of macro 'POKE_UINT8'
  242 |                 POKE_UINT8(1) &&                  /* Links: Dunno what it is */
      |                 ^~~~~~~~~~
external/lldpd++_repo_rules+lldpd_src/src/daemon/protocols/../frame.h:37:12: warning: comparison of integer expressions of different signedness: 'int' and 'long unsigned int' [-Wsign-compare]
   37 |   ((length >= sizeof(type)) &&                                                       \
      |            ^~
external/lldpd++_repo_rules+lldpd_src/src/daemon/protocols/../frame.h:41:28: note: in expansion of macro 'POKE'
   41 | #define POKE_UINT16(value) POKE(value, types.f_uint16, htons)
      |                            ^~~~
external/lldpd++_repo_rules+lldpd_src/src/daemon/protocols/sonmp.c:255:15: note: in expansion of macro 'POKE_UINT16'
  255 |         (void)POKE_UINT16(LLC_PID_SONMP_FLATNET);
      |               ^~~~~~~~~~~
external/lldpd++_repo_rules+lldpd_src/src/daemon/protocols/../frame.h:37:12: warning: comparison of integer expressions of different signedness: 'int' and 'long unsigned int' [-Wsign-compare]
   37 |   ((length >= sizeof(type)) &&                                                       \
      |            ^~
external/lldpd++_repo_rules+lldpd_src/src/daemon/protocols/../frame.h:40:27: note: in expansion of macro 'POKE'
   40 | #define POKE_UINT8(value) POKE(value, types.f_uint8, )
      |                           ^~~~
external/lldpd++_repo_rules+lldpd_src/src/daemon/protocols/sonmp.c:258:15: note: in expansion of macro 'POKE_UINT8'
  258 |         (void)POKE_UINT8(1);
      |               ^~~~~~~~~~
external/lldpd++_repo_rules+lldpd_src/src/daemon/protocols/sonmp.c: In function 'sonmp_decode':
external/lldpd++_repo_rules+lldpd_src/src/daemon/protocols/sonmp.c:308:20: warning: comparison of integer expressions of different signedness: 'int' and 'long unsigned int' [-Wsign-compare]
  308 |         if (length < SONMP_SIZE + 2 * ETHER_ADDR_LEN + sizeof(u_int16_t)) {
      |                    ^
INFO: From Compiling src/daemon/protocols/lldp.c:
In file included from external/lldpd++_repo_rules+lldpd_src/src/daemon/protocols/lldp.c:19:
external/lldpd++_repo_rules+lldpd_src/src/daemon/protocols/lldp.c: In function '_lldp_send':
external/lldpd++_repo_rules+lldpd_src/src/daemon/protocols/../frame.h:37:12: warning: comparison of integer expressions of different signedness: 'int' and 'long unsigned int' [-Wsign-compare]
   37 |   ((length >= sizeof(type)) &&                                                       \
      |            ^~
external/lldpd++_repo_rules+lldpd_src/src/daemon/protocols/../frame.h:41:28: note: in expansion of macro 'POKE'
   41 | #define POKE_UINT16(value) POKE(value, types.f_uint16, htons)
      |                            ^~~~
external/lldpd++_repo_rules+lldpd_src/src/daemon/protocols/lldp.c:118:25: note: in expansion of macro 'POKE_UINT16'
  118 |                         POKE_UINT16(ETHERTYPE_VLAN) &&
      |                         ^~~~~~~~~~~
external/lldpd++_repo_rules+lldpd_src/src/daemon/protocols/../frame.h:37:12: warning: comparison of integer expressions of different signedness: 'int' and 'long unsigned int' [-Wsign-compare]
   37 |   ((length >= sizeof(type)) &&                                                       \
      |            ^~
external/lldpd++_repo_rules+lldpd_src/src/daemon/protocols/../frame.h:41:28: note: in expansion of macro 'POKE'
   41 | #define POKE_UINT16(value) POKE(value, types.f_uint16, htons)
      |                            ^~~~
external/lldpd++_repo_rules+lldpd_src/src/daemon/protocols/lldp.c:121:25: note: in expansion of macro 'POKE_UINT16'
  121 |                         POKE_UINT16(port->p_vlan_tx_tag)))
      |                         ^~~~~~~~~~~
external/lldpd++_repo_rules+lldpd_src/src/daemon/protocols/../frame.h:37:12: warning: comparison of integer expressions of different signedness: 'int' and 'long unsigned int' [-Wsign-compare]
   37 |   ((length >= sizeof(type)) &&                                                       \
      |            ^~
external/lldpd++_repo_rules+lldpd_src/src/daemon/protocols/../frame.h:41:28: note: in expansion of macro 'POKE'
   41 | #define POKE_UINT16(value) POKE(value, types.f_uint16, htons)
      |                            ^~~~
external/lldpd++_repo_rules+lldpd_src/src/daemon/protocols/lldp.c:127:17: note: in expansion of macro 'POKE_UINT16'
  127 |                 POKE_UINT16(ETH_P_LLDP)))
      |                 ^~~~~~~~~~~
external/lldpd++_repo_rules+lldpd_src/src/daemon/protocols/../frame.h:37:12: warning: comparison of integer expressions of different signedness: 'int' and 'long unsigned int' [-Wsign-compare]
   37 |   ((length >= sizeof(type)) &&                                                       \
      |            ^~
external/lldpd++_repo_rules+lldpd_src/src/daemon/protocols/../frame.h:41:28: note: in expansion of macro 'POKE'
   41 | #define POKE_UINT16(value) POKE(value, types.f_uint16, htons)
      |                            ^~~~
external/lldpd++_repo_rules+lldpd_src/src/daemon/protocols/../frame.h:85:47: note: in expansion of macro 'POKE_UINT16'
   85 | #define POKE_START_LLDP_TLV(type) (tlv = pos, POKE_UINT16(type << 9))
      |                                               ^~~~~~~~~~~
external/lldpd++_repo_rules+lldpd_src/src/daemon/protocols/lldp.c:131:15: note: in expansion of macro 'POKE_START_LLDP_TLV'
  131 |         if (!(POKE_START_LLDP_TLV(LLDP_TLV_CHASSIS_ID) && POKE_UINT8(c_id_subtype) &&
      |               ^~~~~~~~~~~~~~~~~~~
external/lldpd++_repo_rules+lldpd_src/src/daemon/protocols/../frame.h:37:12: warning: comparison of integer expressions of different signedness: 'int' and 'long unsigned int' [-Wsign-compare]
   37 |   ((length >= sizeof(type)) &&                                                       \
      |            ^~
external/lldpd++_repo_rules+lldpd_src/src/daemon/protocols/../frame.h:40:27: note: in expansion of macro 'POKE'
   40 | #define POKE_UINT8(value) POKE(value, types.f_uint8, )
      |                           ^~~~
external/lldpd++_repo_rules+lldpd_src/src/daemon/protocols/lldp.c:131:59: note: in expansion of macro 'POKE_UINT8'
  131 |         if (!(POKE_START_LLDP_TLV(LLDP_TLV_CHASSIS_ID) && POKE_UINT8(c_id_subtype) &&
      |                                                           ^~~~~~~~~~
external/lldpd++_repo_rules+lldpd_src/src/daemon/protocols/../frame.h:37:12: warning: comparison of integer expressions of different signedness: 'int' and 'long unsigned int' [-Wsign-compare]
   37 |   ((length >= sizeof(type)) &&                                                       \
      |            ^~
external/lldpd++_repo_rules+lldpd_src/src/daemon/protocols/../frame.h:41:28: note: in expansion of macro 'POKE'
   41 | #define POKE_UINT16(value) POKE(value, types.f_uint16, htons)
      |                            ^~~~
external/lldpd++_repo_rules+lldpd_src/src/daemon/protocols/../frame.h:85:47: note: in expansion of macro 'POKE_UINT16'
   85 | #define POKE_START_LLDP_TLV(type) (tlv = pos, POKE_UINT16(type << 9))
      |                                               ^~~~~~~~~~~
external/lldpd++_repo_rules+lldpd_src/src/daemon/protocols/lldp.c:136:15: note: in expansion of macro 'POKE_START_LLDP_TLV'
  136 |         if (!(POKE_START_LLDP_TLV(LLDP_TLV_PORT_ID) && POKE_UINT8(p_id_subtype) &&
      |               ^~~~~~~~~~~~~~~~~~~
external/lldpd++_repo_rules+lldpd_src/src/daemon/protocols/../frame.h:37:12: warning: comparison of integer expressions of different signedness: 'int' and 'long unsigned int' [-Wsign-compare]
   37 |   ((length >= sizeof(type)) &&                                                       \
      |            ^~
external/lldpd++_repo_rules+lldpd_src/src/daemon/protocols/../frame.h:40:27: note: in expansion of macro 'POKE'
   40 | #define POKE_UINT8(value) POKE(value, types.f_uint8, )
      |                           ^~~~
external/lldpd++_repo_rules+lldpd_src/src/daemon/protocols/lldp.c:136:56: note: in expansion of macro 'POKE_UINT8'
  136 |         if (!(POKE_START_LLDP_TLV(LLDP_TLV_PORT_ID) && POKE_UINT8(p_id_subtype) &&
      |                                                        ^~~~~~~~~~
external/lldpd++_repo_rules+lldpd_src/src/daemon/protocols/../frame.h:37:12: warning: comparison of integer expressions of different signedness: 'int' and 'long unsigned int' [-Wsign-compare]
   37 |   ((length >= sizeof(type)) &&                                                       \
      |            ^~
external/lldpd++_repo_rules+lldpd_src/src/daemon/protocols/../frame.h:41:28: note: in expansion of macro 'POKE'
   41 | #define POKE_UINT16(value) POKE(value, types.f_uint16, htons)
      |                            ^~~~
external/lldpd++_repo_rules+lldpd_src/src/daemon/protocols/../frame.h:85:47: note: in expansion of macro 'POKE_UINT16'
   85 | #define POKE_START_LLDP_TLV(type) (tlv = pos, POKE_UINT16(type << 9))
      |                                               ^~~~~~~~~~~
external/lldpd++_repo_rules+lldpd_src/src/daemon/protocols/lldp.c:141:15: note: in expansion of macro 'POKE_START_LLDP_TLV'
  141 |         if (!(POKE_START_LLDP_TLV(LLDP_TLV_TTL) &&
      |               ^~~~~~~~~~~~~~~~~~~
external/lldpd++_repo_rules+lldpd_src/src/daemon/protocols/../frame.h:37:12: warning: comparison of integer expressions of different signedness: 'int' and 'long unsigned int' [-Wsign-compare]
   37 |   ((length >= sizeof(type)) &&                                                       \
      |            ^~
external/lldpd++_repo_rules+lldpd_src/src/daemon/protocols/../frame.h:41:28: note: in expansion of macro 'POKE'
   41 | #define POKE_UINT16(value) POKE(value, types.f_uint16, htons)
      |                            ^~~~
external/lldpd++_repo_rules+lldpd_src/src/daemon/protocols/lldp.c:142:17: note: in expansion of macro 'POKE_UINT16'
  142 |                 POKE_UINT16(shutdown ? 0 : (global ? global->g_config.c_ttl : 180)) &&
      |                 ^~~~~~~~~~~
external/lldpd++_repo_rules+lldpd_src/src/daemon/protocols/../frame.h:37:12: warning: comparison of integer expressions of different signedness: 'int' and 'long unsigned int' [-Wsign-compare]
   37 |   ((length >= sizeof(type)) &&                                                       \
      |            ^~
external/lldpd++_repo_rules+lldpd_src/src/daemon/protocols/../frame.h:41:28: note: in expansion of macro 'POKE'
   41 | #define POKE_UINT16(value) POKE(value, types.f_uint16, htons)
      |                            ^~~~
external/lldpd++_repo_rules+lldpd_src/src/daemon/protocols/../frame.h:85:47: note: in expansion of macro 'POKE_UINT16'
   85 | #define POKE_START_LLDP_TLV(type) (tlv = pos, POKE_UINT16(type << 9))
      |                                               ^~~~~~~~~~~
external/lldpd++_repo_rules+lldpd_src/src/daemon/protocols/lldp.c:150:23: note: in expansion of macro 'POKE_START_LLDP_TLV'
  150 |                 if (!(POKE_START_LLDP_TLV(LLDP_TLV_SYSTEM_NAME) &&
      |                       ^~~~~~~~~~~~~~~~~~~
external/lldpd++_repo_rules+lldpd_src/src/daemon/protocols/../frame.h:44:12: warning: comparison of integer expressions of different signedness: 'int' and 'size_t' {aka 'long unsigned int'} [-Wsign-compare]
   44 |   ((length >= (bytes)) &&        \
      |            ^~
external/lldpd++_repo_rules+lldpd_src/src/daemon/protocols/lldp.c:151:25: note: in expansion of macro 'POKE_BYTES'
  151 |                         POKE_BYTES(chassis->c_name, strlen(chassis->c_name)) &&
      |                         ^~~~~~~~~~
external/lldpd++_repo_rules+lldpd_src/src/daemon/protocols/../frame.h:37:12: warning: comparison of integer expressions of different signedness: 'int' and 'long unsigned int' [-Wsign-compare]
   37 |   ((length >= sizeof(type)) &&                                                       \
      |            ^~
external/lldpd++_repo_rules+lldpd_src/src/daemon/protocols/../frame.h:41:28: note: in expansion of macro 'POKE'
   41 | #define POKE_UINT16(value) POKE(value, types.f_uint16, htons)
      |                            ^~~~
external/lldpd++_repo_rules+lldpd_src/src/daemon/protocols/../frame.h:85:47: note: in expansion of macro 'POKE_UINT16'
   85 | #define POKE_START_LLDP_TLV(type) (tlv = pos, POKE_UINT16(type << 9))
      |                                               ^~~~~~~~~~~
external/lldpd++_repo_rules+lldpd_src/src/daemon/protocols/lldp.c:158:23: note: in expansion of macro 'POKE_START_LLDP_TLV'
  158 |                 if (!(POKE_START_LLDP_TLV(LLDP_TLV_SYSTEM_DESCR) &&
      |                       ^~~~~~~~~~~~~~~~~~~
external/lldpd++_repo_rules+lldpd_src/src/daemon/protocols/../frame.h:44:12: warning: comparison of integer expressions of different signedness: 'int' and 'size_t' {aka 'long unsigned int'} [-Wsign-compare]
   44 |   ((length >= (bytes)) &&        \
      |            ^~
external/lldpd++_repo_rules+lldpd_src/src/daemon/protocols/lldp.c:159:25: note: in expansion of macro 'POKE_BYTES'
  159 |                         POKE_BYTES(chassis->c_descr, strlen(chassis->c_descr)) &&
      |                         ^~~~~~~~~~
external/lldpd++_repo_rules+lldpd_src/src/daemon/protocols/../frame.h:37:12: warning: comparison of integer expressions of different signedness: 'int' and 'long unsigned int' [-Wsign-compare]
   37 |   ((length >= sizeof(type)) &&                                                       \
      |            ^~
external/lldpd++_repo_rules+lldpd_src/src/daemon/protocols/../frame.h:41:28: note: in expansion of macro 'POKE'
   41 | #define POKE_UINT16(value) POKE(value, types.f_uint16, htons)
      |                            ^~~~
external/lldpd++_repo_rules+lldpd_src/src/daemon/protocols/../frame.h:85:47: note: in expansion of macro 'POKE_UINT16'
   85 | #define POKE_START_LLDP_TLV(type) (tlv = pos, POKE_UINT16(type << 9))
      |                                               ^~~~~~~~~~~
external/lldpd++_repo_rules+lldpd_src/src/daemon/protocols/lldp.c:166:23: note: in expansion of macro 'POKE_START_LLDP_TLV'
  166 |                 if (!(POKE_START_LLDP_TLV(LLDP_TLV_SYSTEM_CAP) &&
      |                       ^~~~~~~~~~~~~~~~~~~
external/lldpd++_repo_rules+lldpd_src/src/daemon/protocols/../frame.h:37:12: warning: comparison of integer expressions of different signedness: 'int' and 'long unsigned int' [-Wsign-compare]
   37 |   ((length >= sizeof(type)) &&                                                       \
      |            ^~
external/lldpd++_repo_rules+lldpd_src/src/daemon/protocols/../frame.h:41:28: note: in expansion of macro 'POKE'
   41 | #define POKE_UINT16(value) POKE(value, types.f_uint16, htons)
      |                            ^~~~
external/lldpd++_repo_rules+lldpd_src/src/daemon/protocols/lldp.c:167:25: note: in expansion of macro 'POKE_UINT16'
  167 |                         POKE_UINT16(chassis->c_cap_available) &&
      |                         ^~~~~~~~~~~
external/lldpd++_repo_rules+lldpd_src/src/daemon/protocols/../frame.h:37:12: warning: comparison of integer expressions of different signedness: 'int' and 'long unsigned int' [-Wsign-compare]
   37 |   ((length >= sizeof(type)) &&                                                       \
      |            ^~
external/lldpd++_repo_rules+lldpd_src/src/daemon/protocols/../frame.h:41:28: note: in expansion of macro 'POKE'
   41 | #define POKE_UINT16(value) POKE(value, types.f_uint16, htons)
      |                            ^~~~
external/lldpd++_repo_rules+lldpd_src/src/daemon/protocols/lldp.c:168:25: note: in expansion of macro 'POKE_UINT16'
  168 |                         POKE_UINT16(chassis->c_cap_enabled) && POKE_END_LLDP_TLV))
      |                         ^~~~~~~~~~~
external/lldpd++_repo_rules+lldpd_src/src/daemon/protocols/../frame.h:37:12: warning: comparison of integer expressions of different signedness: 'int' and 'long unsigned int' [-Wsign-compare]
   37 |   ((length >= sizeof(type)) &&                                                       \
      |            ^~
external/lldpd++_repo_rules+lldpd_src/src/daemon/protocols/../frame.h:41:28: note: in expansion of macro 'POKE'
   41 | #define POKE_UINT16(value) POKE(value, types.f_uint16, htons)
      |                            ^~~~
external/lldpd++_repo_rules+lldpd_src/src/daemon/protocols/../frame.h:85:47: note: in expansion of macro 'POKE_UINT16'
   85 | #define POKE_START_LLDP_TLV(type) (tlv = pos, POKE_UINT16(type << 9))
      |                                               ^~~~~~~~~~~
external/lldpd++_repo_rules+lldpd_src/src/daemon/protocols/lldp.c:176:23: note: in expansion of macro 'POKE_START_LLDP_TLV'
  176 |                 if (!(POKE_START_LLDP_TLV(LLDP_TLV_MGMT_ADDR) &&
      |                       ^~~~~~~~~~~~~~~~~~~
external/lldpd++_repo_rules+lldpd_src/src/daemon/protocols/../frame.h:37:12: warning: comparison of integer expressions of different signedness: 'int' and 'long unsigned int' [-Wsign-compare]
   37 |   ((length >= sizeof(type)) &&                                                       \
      |            ^~
external/lldpd++_repo_rules+lldpd_src/src/daemon/protocols/../frame.h:40:27: note: in expansion of macro 'POKE'
   40 | #define POKE_UINT8(value) POKE(value, types.f_uint8, )
      |                           ^~~~
external/lldpd++_repo_rules+lldpd_src/src/daemon/protocols/lldp.c:178:25: note: in expansion of macro 'POKE_UINT8'
  178 |                         POKE_UINT8(mgmt->m_addrsize + 1) && POKE_UINT8(proto) &&
      |                         ^~~~~~~~~~
external/lldpd++_repo_rules+lldpd_src/src/daemon/protocols/../frame.h:37:12: warning: comparison of integer expressions of different signedness: 'int' and 'long unsigned int' [-Wsign-compare]
   37 |   ((length >= sizeof(type)) &&                                                       \
      |            ^~
external/lldpd++_repo_rules+lldpd_src/src/daemon/protocols/../frame.h:40:27: note: in expansion of macro 'POKE'
   40 | #define POKE_UINT8(value) POKE(value, types.f_uint8, )
      |                           ^~~~
external/lldpd++_repo_rules+lldpd_src/src/daemon/protocols/lldp.c:178:61: note: in expansion of macro 'POKE_UINT8'
  178 |                         POKE_UINT8(mgmt->m_addrsize + 1) && POKE_UINT8(proto) &&
      |                                                             ^~~~~~~~~~
external/lldpd++_repo_rules+lldpd_src/src/daemon/protocols/../frame.h:44:12: warning: comparison of integer expressions of different signedness: 'int' and 'size_t' {aka 'long unsigned int'} [-Wsign-compare]
   44 |   ((length >= (bytes)) &&        \
      |            ^~
external/lldpd++_repo_rules+lldpd_src/src/daemon/protocols/lldp.c:179:25: note: in expansion of macro 'POKE_BYTES'
  179 |                         POKE_BYTES(&mgmt->m_addr, mgmt->m_addrsize)))
      |                         ^~~~~~~~~~
external/lldpd++_repo_rules+lldpd_src/src/daemon/protocols/../frame.h:37:12: warning: comparison of integer expressions of different signedness: 'int' and 'long unsigned int' [-Wsign-compare]
   37 |   ((length >= sizeof(type)) &&                                                       \
      |            ^~
external/lldpd++_repo_rules+lldpd_src/src/daemon/protocols/../frame.h:40:27: note: in expansion of macro 'POKE'
   40 | #define POKE_UINT8(value) POKE(value, types.f_uint8, )
      |                           ^~~~
external/lldpd++_repo_rules+lldpd_src/src/daemon/protocols/lldp.c:186:33: note: in expansion of macro 'POKE_UINT8'
  186 |                                 POKE_UINT8(LLDP_MGMT_IFACE_UNKNOWN) && POKE_UINT32(0)))
      |                                 ^~~~~~~~~~
external/lldpd++_repo_rules+lldpd_src/src/daemon/protocols/../frame.h:37:12: warning: comparison of integer expressions of different signedness: 'int' and 'long unsigned int' [-Wsign-compare]
   37 |   ((length >= sizeof(type)) &&                                                       \
      |            ^~
external/lldpd++_repo_rules+lldpd_src/src/daemon/protocols/../frame.h:42:28: note: in expansion of macro 'POKE'
   42 | #define POKE_UINT32(value) POKE(value, types.f_uint32, htonl)
      |                            ^~~~
external/lldpd++_repo_rules+lldpd_src/src/daemon/protocols/lldp.c:186:72: note: in expansion of macro 'POKE_UINT32'
  186 |                                 POKE_UINT8(LLDP_MGMT_IFACE_UNKNOWN) && POKE_UINT32(0)))
      |                                                                        ^~~~~~~~~~~
external/lldpd++_repo_rules+lldpd_src/src/daemon/protocols/../frame.h:37:12: warning: comparison of integer expressions of different signedness: 'int' and 'long unsigned int' [-Wsign-compare]
   37 |   ((length >= sizeof(type)) &&                                                       \
      |            ^~
external/lldpd++_repo_rules+lldpd_src/src/daemon/protocols/../frame.h:40:27: note: in expansion of macro 'POKE'
   40 | #define POKE_UINT8(value) POKE(value, types.f_uint8, )
      |                           ^~~~
external/lldpd++_repo_rules+lldpd_src/src/daemon/protocols/lldp.c:191:33: note: in expansion of macro 'POKE_UINT8'
  191 |                                 POKE_UINT8(LLDP_MGMT_IFACE_IFINDEX) &&
      |                                 ^~~~~~~~~~
external/lldpd++_repo_rules+lldpd_src/src/daemon/protocols/../frame.h:37:12: warning: comparison of integer expressions of different signedness: 'int' and 'long unsigned int' [-Wsign-compare]
   37 |   ((length >= sizeof(type)) &&                                                       \
      |            ^~
external/lldpd++_repo_rules+lldpd_src/src/daemon/protocols/../frame.h:42:28: note: in expansion of macro 'POKE'
   42 | #define POKE_UINT32(value) POKE(value, types.f_uint32, htonl)
      |                            ^~~~
external/lldpd++_repo_rules+lldpd_src/src/daemon/protocols/lldp.c:192:33: note: in expansion of macro 'POKE_UINT32'
  192 |                                 POKE_UINT32(mgmt->m_iface)))
      |                                 ^~~~~~~~~~~
external/lldpd++_repo_rules+lldpd_src/src/daemon/protocols/../frame.h:37:12: warning: comparison of integer expressions of different signedness: 'int' and 'long unsigned int' [-Wsign-compare]
   37 |   ((length >= sizeof(type)) &&                                                       \
      |            ^~
external/lldpd++_repo_rules+lldpd_src/src/daemon/protocols/../frame.h:40:27: note: in expansion of macro 'POKE'
   40 | #define POKE_UINT8(value) POKE(value, types.f_uint8, )
      |                           ^~~~
external/lldpd++_repo_rules+lldpd_src/src/daemon/protocols/lldp.c:197:25: note: in expansion of macro 'POKE_UINT8'
  197 |                         POKE_UINT8(0) && POKE_END_LLDP_TLV))
      |                         ^~~~~~~~~~
external/lldpd++_repo_rules+lldpd_src/src/daemon/protocols/../frame.h:37:12: warning: comparison of integer expressions of different signedness: 'int' and 'long unsigned int' [-Wsign-compare]
   37 |   ((length >= sizeof(type)) &&                                                       \
      |            ^~
external/lldpd++_repo_rules+lldpd_src/src/daemon/protocols/../frame.h:41:28: note: in expansion of macro 'POKE'
   41 | #define POKE_UINT16(value) POKE(value, types.f_uint16, htons)
      |                            ^~~~
external/lldpd++_repo_rules+lldpd_src/src/daemon/protocols/../frame.h:85:47: note: in expansion of macro 'POKE_UINT16'
   85 | #define POKE_START_LLDP_TLV(type) (tlv = pos, POKE_UINT16(type << 9))
      |                                               ^~~~~~~~~~~
external/lldpd++_repo_rules+lldpd_src/src/daemon/protocols/lldp.c:203:23: note: in expansion of macro 'POKE_START_LLDP_TLV'
  203 |                 if (!(POKE_START_LLDP_TLV(LLDP_TLV_PORT_DESCR) &&
      |                       ^~~~~~~~~~~~~~~~~~~
external/lldpd++_repo_rules+lldpd_src/src/daemon/protocols/../frame.h:44:12: warning: comparison of integer expressions of different signedness: 'int' and 'size_t' {aka 'long unsigned int'} [-Wsign-compare]
   44 |   ((length >= (bytes)) &&        \
      |            ^~
external/lldpd++_repo_rules+lldpd_src/src/daemon/protocols/lldp.c:204:25: note: in expansion of macro 'POKE_BYTES'
  204 |                         POKE_BYTES(port->p_descr, strlen(port->p_descr)) &&
      |                         ^~~~~~~~~~
external/lldpd++_repo_rules+lldpd_src/src/daemon/protocols/../frame.h:37:12: warning: comparison of integer expressions of different signedness: 'int' and 'long unsigned int' [-Wsign-compare]
   37 |   ((length >= sizeof(type)) &&                                                       \
      |            ^~
external/lldpd++_repo_rules+lldpd_src/src/daemon/protocols/../frame.h:41:28: note: in expansion of macro 'POKE'
   41 | #define POKE_UINT16(value) POKE(value, types.f_uint16, htons)
      |                            ^~~~
external/lldpd++_repo_rules+lldpd_src/src/daemon/protocols/../frame.h:85:47: note: in expansion of macro 'POKE_UINT16'
   85 | #define POKE_START_LLDP_TLV(type) (tlv = pos, POKE_UINT16(type << 9))
      |                                               ^~~~~~~~~~~
external/lldpd++_repo_rules+lldpd_src/src/daemon/protocols/lldp.c:212:23: note: in expansion of macro 'POKE_START_LLDP_TLV'
  212 |                 if (!(POKE_START_LLDP_TLV(LLDP_TLV_ORG) &&
      |                       ^~~~~~~~~~~~~~~~~~~
external/lldpd++_repo_rules+lldpd_src/src/daemon/protocols/../frame.h:44:12: warning: comparison of integer expressions of different signedness: 'int' and 'long unsigned int' [-Wsign-compare]
   44 |   ((length >= (bytes)) &&        \
      |            ^~
external/lldpd++_repo_rules+lldpd_src/src/daemon/protocols/lldp.c:213:25: note: in expansion of macro 'POKE_BYTES'
  213 |                         POKE_BYTES(dot1, sizeof(dot1)) &&
      |                         ^~~~~~~~~~
external/lldpd++_repo_rules+lldpd_src/src/daemon/protocols/../frame.h:37:12: warning: comparison of integer expressions of different signedness: 'int' and 'long unsigned int' [-Wsign-compare]
   37 |   ((length >= sizeof(type)) &&                                                       \
      |            ^~
external/lldpd++_repo_rules+lldpd_src/src/daemon/protocols/../frame.h:40:27: note: in expansion of macro 'POKE'
   40 | #define POKE_UINT8(value) POKE(value, types.f_uint8, )
      |                           ^~~~
external/lldpd++_repo_rules+lldpd_src/src/daemon/protocols/lldp.c:214:25: note: in expansion of macro 'POKE_UINT8'
  214 |                         POKE_UINT8(LLDP_TLV_DOT1_PVID) && POKE_UINT16(port->p_pvid) &&
      |                         ^~~~~~~~~~
external/lldpd++_repo_rules+lldpd_src/src/daemon/protocols/../frame.h:37:12: warning: comparison of integer expressions of different signedness: 'int' and 'long unsigned int' [-Wsign-compare]
   37 |   ((length >= sizeof(type)) &&                                                       \
      |            ^~
external/lldpd++_repo_rules+lldpd_src/src/daemon/protocols/../frame.h:41:28: note: in expansion of macro 'POKE'
   41 | #define POKE_UINT16(value) POKE(value, types.f_uint16, htons)
      |                            ^~~~
external/lldpd++_repo_rules+lldpd_src/src/daemon/protocols/lldp.c:214:59: note: in expansion of macro 'POKE_UINT16'
  214 |                         POKE_UINT8(LLDP_TLV_DOT1_PVID) && POKE_UINT16(port->p_pvid) &&
      |                                                           ^~~~~~~~~~~
external/lldpd++_repo_rules+lldpd_src/src/daemon/protocols/../frame.h:37:12: warning: comparison of integer expressions of different signedness: 'int' and 'long unsigned int' [-Wsign-compare]
   37 |   ((length >= sizeof(type)) &&                                                       \
      |            ^~
external/lldpd++_repo_rules+lldpd_src/src/daemon/protocols/../frame.h:41:28: note: in expansion of macro 'POKE'
   41 | #define POKE_UINT16(value) POKE(value, types.f_uint16, htons)
      |                            ^~~~
external/lldpd++_repo_rules+lldpd_src/src/daemon/protocols/../frame.h:85:47: note: in expansion of macro 'POKE_UINT16'
   85 | #define POKE_START_LLDP_TLV(type) (tlv = pos, POKE_UINT16(type << 9))
      |                                               ^~~~~~~~~~~
external/lldpd++_repo_rules+lldpd_src/src/daemon/protocols/lldp.c:221:23: note: in expansion of macro 'POKE_START_LLDP_TLV'
  221 |                 if (!(POKE_START_LLDP_TLV(LLDP_TLV_ORG) &&
      |                       ^~~~~~~~~~~~~~~~~~~
external/lldpd++_repo_rules+lldpd_src/src/daemon/protocols/../frame.h:44:12: warning: comparison of integer expressions of different signedness: 'int' and 'long unsigned int' [-Wsign-compare]
   44 |   ((length >= (bytes)) &&        \
      |            ^~
external/lldpd++_repo_rules+lldpd_src/src/daemon/protocols/lldp.c:222:25: note: in expansion of macro 'POKE_BYTES'
  222 |                         POKE_BYTES(dot1, sizeof(dot1)) &&
      |                         ^~~~~~~~~~
external/lldpd++_repo_rules+lldpd_src/src/daemon/protocols/../frame.h:37:12: warning: comparison of integer expressions of different signedness: 'int' and 'long unsigned int' [-Wsign-compare]
   37 |   ((length >= sizeof(type)) &&                                                       \
      |            ^~
external/lldpd++_repo_rules+lldpd_src/src/daemon/protocols/../frame.h:40:27: note: in expansion of macro 'POKE'
   40 | #define POKE_UINT8(value) POKE(value, types.f_uint8, )
      |                           ^~~~
external/lldpd++_repo_rules+lldpd_src/src/daemon/protocols/lldp.c:223:25: note: in expansion of macro 'POKE_UINT8'
  223 |                         POKE_UINT8(LLDP_TLV_DOT1_PPVID) &&
      |                         ^~~~~~~~~~
external/lldpd++_repo_rules+lldpd_src/src/daemon/protocols/../frame.h:37:12: warning: comparison of integer expressions of different signedness: 'int' and 'long unsigned int' [-Wsign-compare]
   37 |   ((length >= sizeof(type)) &&                                                       \
      |            ^~
external/lldpd++_repo_rules+lldpd_src/src/daemon/protocols/../frame.h:40:27: note: in expansion of macro 'POKE'
   40 | #define POKE_UINT8(value) POKE(value, types.f_uint8, )
      |                           ^~~~
external/lldpd++_repo_rules+lldpd_src/src/daemon/protocols/lldp.c:224:25: note: in expansion of macro 'POKE_UINT8'
  224 |                         POKE_UINT8(ppvid->p_cap_status) &&
      |                         ^~~~~~~~~~
external/lldpd++_repo_rules+lldpd_src/src/daemon/protocols/../frame.h:37:12: warning: comparison of integer expressions of different signedness: 'int' and 'long unsigned int' [-Wsign-compare]
   37 |   ((length >= sizeof(type)) &&                                                       \
      |            ^~
external/lldpd++_repo_rules+lldpd_src/src/daemon/protocols/../frame.h:41:28: note: in expansion of macro 'POKE'
   41 | #define POKE_UINT16(value) POKE(value, types.f_uint16, htons)
      |                            ^~~~
external/lldpd++_repo_rules+lldpd_src/src/daemon/protocols/lldp.c:225:25: note: in expansion of macro 'POKE_UINT16'
  225 |                         POKE_UINT16(ppvid->p_ppvid) && POKE_END_LLDP_TLV)) {
      |                         ^~~~~~~~~~~
external/lldpd++_repo_rules+lldpd_src/src/daemon/protocols/../frame.h:37:12: warning: comparison of integer expressions of different signedness: 'int' and 'long unsigned int' [-Wsign-compare]
   37 |   ((length >= sizeof(type)) &&                                                       \
      |            ^~
external/lldpd++_repo_rules+lldpd_src/src/daemon/protocols/../frame.h:41:28: note: in expansion of macro 'POKE'
   41 | #define POKE_UINT16(value) POKE(value, types.f_uint16, htons)
      |                            ^~~~
external/lldpd++_repo_rules+lldpd_src/src/daemon/protocols/../frame.h:85:47: note: in expansion of macro 'POKE_UINT16'
   85 | #define POKE_START_LLDP_TLV(type) (tlv = pos, POKE_UINT16(type << 9))
      |                                               ^~~~~~~~~~~
external/lldpd++_repo_rules+lldpd_src/src/daemon/protocols/lldp.c:233:31: note: in expansion of macro 'POKE_START_LLDP_TLV'
  233 |                         if (!(POKE_START_LLDP_TLV(LLDP_TLV_ORG) &&
      |                               ^~~~~~~~~~~~~~~~~~~
external/lldpd++_repo_rules+lldpd_src/src/daemon/protocols/../frame.h:44:12: warning: comparison of integer expressions of different signedness: 'int' and 'long unsigned int' [-Wsign-compare]
   44 |   ((length >= (bytes)) &&        \
      |            ^~
external/lldpd++_repo_rules+lldpd_src/src/daemon/protocols/lldp.c:234:33: note: in expansion of macro 'POKE_BYTES'
  234 |                                 POKE_BYTES(dot1, sizeof(dot1)) &&
      |                                 ^~~~~~~~~~
external/lldpd++_repo_rules+lldpd_src/src/daemon/protocols/../frame.h:37:12: warning: comparison of integer expressions of different signedness: 'int' and 'long unsigned int' [-Wsign-compare]
   37 |   ((length >= sizeof(type)) &&                                                       \
      |            ^~
external/lldpd++_repo_rules+lldpd_src/src/daemon/protocols/../frame.h:40:27: note: in expansion of macro 'POKE'
   40 | #define POKE_UINT8(value) POKE(value, types.f_uint8, )
      |                           ^~~~
external/lldpd++_repo_rules+lldpd_src/src/daemon/protocols/lldp.c:235:33: note: in expansion of macro 'POKE_UINT8'
  235 |                                 POKE_UINT8(LLDP_TLV_DOT1_VLANNAME) &&
      |                                 ^~~~~~~~~~
external/lldpd++_repo_rules+lldpd_src/src/daemon/protocols/../frame.h:37:12: warning: comparison of integer expressions of different signedness: 'int' and 'long unsigned int' [-Wsign-compare]
   37 |   ((length >= sizeof(type)) &&                                                       \
      |            ^~
external/lldpd++_repo_rules+lldpd_src/src/daemon/protocols/../frame.h:41:28: note: in expansion of macro 'POKE'
   41 | #define POKE_UINT16(value) POKE(value, types.f_uint16, htons)
      |                            ^~~~
external/lldpd++_repo_rules+lldpd_src/src/daemon/protocols/lldp.c:236:33: note: in expansion of macro 'POKE_UINT16'
  236 |                                 POKE_UINT16(vlan->v_vid) &&
      |                                 ^~~~~~~~~~~
external/lldpd++_repo_rules+lldpd_src/src/daemon/protocols/../frame.h:37:12: warning: comparison of integer expressions of different signedness: 'int' and 'long unsigned int' [-Wsign-compare]
   37 |   ((length >= sizeof(type)) &&                                                       \
      |            ^~
external/lldpd++_repo_rules+lldpd_src/src/daemon/protocols/../frame.h:40:27: note: in expansion of macro 'POKE'
   40 | #define POKE_UINT8(value) POKE(value, types.f_uint8, )
      |                           ^~~~
external/lldpd++_repo_rules+lldpd_src/src/daemon/protocols/lldp.c:237:33: note: in expansion of macro 'POKE_UINT8'
  237 |                                 POKE_UINT8(strlen(vlan->v_name)) &&
      |                                 ^~~~~~~~~~
external/lldpd++_repo_rules+lldpd_src/src/daemon/protocols/../frame.h:44:12: warning: comparison of integer expressions of different signedness: 'int' and 'size_t' {aka 'long unsigned int'} [-Wsign-compare]
   44 |   ((length >= (bytes)) &&        \
      |            ^~
external/lldpd++_repo_rules+lldpd_src/src/daemon/protocols/lldp.c:238:33: note: in expansion of macro 'POKE_BYTES'
  238 |                                 POKE_BYTES(vlan->v_name, strlen(vlan->v_name)) &&
      |                                 ^~~~~~~~~~
external/lldpd++_repo_rules+lldpd_src/src/daemon/protocols/../frame.h:37:12: warning: comparison of integer expressions of different signedness: 'int' and 'long unsigned int' [-Wsign-compare]
   37 |   ((length >= sizeof(type)) &&                                                       \
      |            ^~
external/lldpd++_repo_rules+lldpd_src/src/daemon/protocols/../frame.h:41:28: note: in expansion of macro 'POKE'
   41 | #define POKE_UINT16(value) POKE(value, types.f_uint16, htons)
      |                            ^~~~
external/lldpd++_repo_rules+lldpd_src/src/daemon/protocols/../frame.h:85:47: note: in expansion of macro 'POKE_UINT16'
   85 | #define POKE_START_LLDP_TLV(type) (tlv = pos, POKE_UINT16(type << 9))
      |                                               ^~~~~~~~~~~
external/lldpd++_repo_rules+lldpd_src/src/daemon/protocols/lldp.c:245:23: note: in expansion of macro 'POKE_START_LLDP_TLV'
  245 |                 if (!(POKE_START_LLDP_TLV(LLDP_TLV_ORG) &&
      |                       ^~~~~~~~~~~~~~~~~~~
external/lldpd++_repo_rules+lldpd_src/src/daemon/protocols/../frame.h:44:12: warning: comparison of integer expressions of different signedness: 'int' and 'long unsigned int' [-Wsign-compare]
   44 |   ((length >= (bytes)) &&        \
      |            ^~
external/lldpd++_repo_rules+lldpd_src/src/daemon/protocols/lldp.c:246:25: note: in expansion of macro 'POKE_BYTES'
  246 |                         POKE_BYTES(dot1, sizeof(dot1)) &&
      |                         ^~~~~~~~~~
external/lldpd++_repo_rules+lldpd_src/src/daemon/protocols/../frame.h:37:12: warning: comparison of integer expressions of different signedness: 'int' and 'long unsigned int' [-Wsign-compare]
   37 |   ((length >= sizeof(type)) &&                                                       \
      |            ^~
external/lldpd++_repo_rules+lldpd_src/src/daemon/protocols/../frame.h:40:27: note: in expansion of macro 'POKE'
   40 | #define POKE_UINT8(value) POKE(value, types.f_uint8, )
      |                           ^~~~
external/lldpd++_repo_rules+lldpd_src/src/daemon/protocols/lldp.c:247:25: note: in expansion of macro 'POKE_UINT8'
  247 |                         POKE_UINT8(LLDP_TLV_DOT1_PI) && POKE_UINT8(pi->p_pi_len) &&
      |                         ^~~~~~~~~~
external/lldpd++_repo_rules+lldpd_src/src/daemon/protocols/../frame.h:37:12: warning: comparison of integer expressions of different signedness: 'int' and 'long unsigned int' [-Wsign-compare]
   37 |   ((length >= sizeof(type)) &&                                                       \
      |            ^~
external/lldpd++_repo_rules+lldpd_src/src/daemon/protocols/../frame.h:40:27: note: in expansion of macro 'POKE'
   40 | #define POKE_UINT8(value) POKE(value, types.f_uint8, )
      |                           ^~~~
external/lldpd++_repo_rules+lldpd_src/src/daemon/protocols/lldp.c:247:57: note: in expansion of macro 'POKE_UINT8'
  247 |                         POKE_UINT8(LLDP_TLV_DOT1_PI) && POKE_UINT8(pi->p_pi_len) &&
      |                                                         ^~~~~~~~~~
external/lldpd++_repo_rules+lldpd_src/src/daemon/protocols/../frame.h:37:12: warning: comparison of integer expressions of different signedness: 'int' and 'long unsigned int' [-Wsign-compare]
   37 |   ((length >= sizeof(type)) &&                                                       \
      |            ^~
external/lldpd++_repo_rules+lldpd_src/src/daemon/protocols/../frame.h:41:28: note: in expansion of macro 'POKE'
   41 | #define POKE_UINT16(value) POKE(value, types.f_uint16, htons)
      |                            ^~~~
external/lldpd++_repo_rules+lldpd_src/src/daemon/protocols/../frame.h:85:47: note: in expansion of macro 'POKE_UINT16'
   85 | #define POKE_START_LLDP_TLV(type) (tlv = pos, POKE_UINT16(type << 9))
      |                                               ^~~~~~~~~~~
external/lldpd++_repo_rules+lldpd_src/src/daemon/protocols/lldp.c:255:15: note: in expansion of macro 'POKE_START_LLDP_TLV'
  255 |         if (!(POKE_START_LLDP_TLV(LLDP_TLV_ORG) && POKE_BYTES(dot3, sizeof(dot3)) &&
      |               ^~~~~~~~~~~~~~~~~~~
external/lldpd++_repo_rules+lldpd_src/src/daemon/protocols/../frame.h:44:12: warning: comparison of integer expressions of different signedness: 'int' and 'long unsigned int' [-Wsign-compare]
   44 |   ((length >= (bytes)) &&        \
      |            ^~
external/lldpd++_repo_rules+lldpd_src/src/daemon/protocols/lldp.c:255:52: note: in expansion of macro 'POKE_BYTES'
  255 |         if (!(POKE_START_LLDP_TLV(LLDP_TLV_ORG) && POKE_BYTES(dot3, sizeof(dot3)) &&
      |                                                    ^~~~~~~~~~
external/lldpd++_repo_rules+lldpd_src/src/daemon/protocols/../frame.h:37:12: warning: comparison of integer expressions of different signedness: 'int' and 'long unsigned int' [-Wsign-compare]
   37 |   ((length >= sizeof(type)) &&                                                       \
      |            ^~
external/lldpd++_repo_rules+lldpd_src/src/daemon/protocols/../frame.h:40:27: note: in expansion of macro 'POKE'
   40 | #define POKE_UINT8(value) POKE(value, types.f_uint8, )
      |                           ^~~~
external/lldpd++_repo_rules+lldpd_src/src/daemon/protocols/lldp.c:256:17: note: in expansion of macro 'POKE_UINT8'
  256 |                 POKE_UINT8(LLDP_TLV_DOT3_LA) &&
      |                 ^~~~~~~~~~
external/lldpd++_repo_rules+lldpd_src/src/daemon/protocols/../frame.h:37:12: warning: comparison of integer expressions of different signedness: 'int' and 'long unsigned int' [-Wsign-compare]
   37 |   ((length >= sizeof(type)) &&                                                       \
      |            ^~
external/lldpd++_repo_rules+lldpd_src/src/daemon/protocols/../frame.h:40:27: note: in expansion of macro 'POKE'
   40 | #define POKE_UINT8(value) POKE(value, types.f_uint8, )
      |                           ^~~~
external/lldpd++_repo_rules+lldpd_src/src/daemon/protocols/lldp.c:258:17: note: in expansion of macro 'POKE_UINT8'
  258 |                 POKE_UINT8((port->p_aggregid) ? 3 : 1) &&
      |                 ^~~~~~~~~~
external/lldpd++_repo_rules+lldpd_src/src/daemon/protocols/../frame.h:37:12: warning: comparison of integer expressions of different signedness: 'int' and 'long unsigned int' [-Wsign-compare]
   37 |   ((length >= sizeof(type)) &&                                                       \
      |            ^~
external/lldpd++_repo_rules+lldpd_src/src/daemon/protocols/../frame.h:42:28: note: in expansion of macro 'POKE'
   42 | #define POKE_UINT32(value) POKE(value, types.f_uint32, htonl)
      |                            ^~~~
external/lldpd++_repo_rules+lldpd_src/src/daemon/protocols/lldp.c:259:17: note: in expansion of macro 'POKE_UINT32'
  259 |                 POKE_UINT32(port->p_aggregid) && POKE_END_LLDP_TLV))
      |                 ^~~~~~~~~~~
external/lldpd++_repo_rules+lldpd_src/src/daemon/protocols/../frame.h:37:12: warning: comparison of integer expressions of different signedness: 'int' and 'long unsigned int' [-Wsign-compare]
   37 |   ((length >= sizeof(type)) &&                                                       \
      |            ^~
external/lldpd++_repo_rules+lldpd_src/src/daemon/protocols/../frame.h:41:28: note: in expansion of macro 'POKE'
   41 | #define POKE_UINT16(value) POKE(value, types.f_uint16, htons)
      |                            ^~~~
external/lldpd++_repo_rules+lldpd_src/src/daemon/protocols/../frame.h:85:47: note: in expansion of macro 'POKE_UINT16'
   85 | #define POKE_START_LLDP_TLV(type) (tlv = pos, POKE_UINT16(type << 9))
      |                                               ^~~~~~~~~~~
external/lldpd++_repo_rules+lldpd_src/src/daemon/protocols/lldp.c:263:15: note: in expansion of macro 'POKE_START_LLDP_TLV'
  263 |         if (!(POKE_START_LLDP_TLV(LLDP_TLV_ORG) && POKE_BYTES(dot3, sizeof(dot3)) &&
      |               ^~~~~~~~~~~~~~~~~~~
external/lldpd++_repo_rules+lldpd_src/src/daemon/protocols/../frame.h:44:12: warning: comparison of integer expressions of different signedness: 'int' and 'long unsigned int' [-Wsign-compare]
   44 |   ((length >= (bytes)) &&        \
      |            ^~
external/lldpd++_repo_rules+lldpd_src/src/daemon/protocols/lldp.c:263:52: note: in expansion of macro 'POKE_BYTES'
  263 |         if (!(POKE_START_LLDP_TLV(LLDP_TLV_ORG) && POKE_BYTES(dot3, sizeof(dot3)) &&
      |                                                    ^~~~~~~~~~
external/lldpd++_repo_rules+lldpd_src/src/daemon/protocols/../frame.h:37:12: warning: comparison of integer expressions of different signedness: 'int' and 'long unsigned int' [-Wsign-compare]
   37 |   ((length >= sizeof(type)) &&                                                       \
      |            ^~
external/lldpd++_repo_rules+lldpd_src/src/daemon/protocols/../frame.h:40:27: note: in expansion of macro 'POKE'
   40 | #define POKE_UINT8(value) POKE(value, types.f_uint8, )
      |                           ^~~~
external/lldpd++_repo_rules+lldpd_src/src/daemon/protocols/lldp.c:264:17: note: in expansion of macro 'POKE_UINT8'
  264 |                 POKE_UINT8(LLDP_TLV_DOT3_MAC) &&
      |                 ^~~~~~~~~~
external/lldpd++_repo_rules+lldpd_src/src/daemon/protocols/../frame.h:37:12: warning: comparison of integer expressions of different signedness: 'int' and 'long unsigned int' [-Wsign-compare]
   37 |   ((length >= sizeof(type)) &&                                                       \
      |            ^~
external/lldpd++_repo_rules+lldpd_src/src/daemon/protocols/../frame.h:40:27: note: in expansion of macro 'POKE'
   40 | #define POKE_UINT8(value) POKE(value, types.f_uint8, )
      |                           ^~~~
external/lldpd++_repo_rules+lldpd_src/src/daemon/protocols/lldp.c:265:17: note: in expansion of macro 'POKE_UINT8'
  265 |                 POKE_UINT8(port->p_macphy.autoneg_support |
      |                 ^~~~~~~~~~
external/lldpd++_repo_rules+lldpd_src/src/daemon/protocols/../frame.h:37:12: warning: comparison of integer expressions of different signedness: 'int' and 'long unsigned int' [-Wsign-compare]
   37 |   ((length >= sizeof(type)) &&                                                       \
      |            ^~
external/lldpd++_repo_rules+lldpd_src/src/daemon/protocols/../frame.h:41:28: note: in expansion of macro 'POKE'
   41 | #define POKE_UINT16(value) POKE(value, types.f_uint16, htons)
      |                            ^~~~
external/lldpd++_repo_rules+lldpd_src/src/daemon/protocols/lldp.c:267:17: note: in expansion of macro 'POKE_UINT16'
  267 |                 POKE_UINT16(port->p_macphy.autoneg_advertised) &&
      |                 ^~~~~~~~~~~
external/lldpd++_repo_rules+lldpd_src/src/daemon/protocols/../frame.h:37:12: warning: comparison of integer expressions of different signedness: 'int' and 'long unsigned int' [-Wsign-compare]
   37 |   ((length >= sizeof(type)) &&                                                       \
      |            ^~
external/lldpd++_repo_rules+lldpd_src/src/daemon/protocols/../frame.h:41:28: note: in expansion of macro 'POKE'
   41 | #define POKE_UINT16(value) POKE(value, types.f_uint16, htons)
      |                            ^~~~
external/lldpd++_repo_rules+lldpd_src/src/daemon/protocols/lldp.c:268:17: note: in expansion of macro 'POKE_UINT16'
  268 |                 POKE_UINT16(port->p_macphy.mau_type) && POKE_END_LLDP_TLV))
      |                 ^~~~~~~~~~~
external/lldpd++_repo_rules+lldpd_src/src/daemon/protocols/../frame.h:37:12: warning: comparison of integer expressions of different signedness: 'int' and 'long unsigned int' [-Wsign-compare]
   37 |   ((length >= sizeof(type)) &&                                                       \
      |            ^~
external/lldpd++_repo_rules+lldpd_src/src/daemon/protocols/../frame.h:41:28: note: in expansion of macro 'POKE'
   41 | #define POKE_UINT16(value) POKE(value, types.f_uint16, htons)
      |                            ^~~~
external/lldpd++_repo_rules+lldpd_src/src/daemon/protocols/../frame.h:85:47: note: in expansion of macro 'POKE_UINT16'
   85 | #define POKE_START_LLDP_TLV(type) (tlv = pos, POKE_UINT16(type << 9))
      |                                               ^~~~~~~~~~~
external/lldpd++_repo_rules+lldpd_src/src/daemon/protocols/lldp.c:273:23: note: in expansion of macro 'POKE_START_LLDP_TLV'
  273 |                 if (!(POKE_START_LLDP_TLV(LLDP_TLV_ORG) &&
      |                       ^~~~~~~~~~~~~~~~~~~
external/lldpd++_repo_rules+lldpd_src/src/daemon/protocols/../frame.h:44:12: warning: comparison of integer expressions of different signedness: 'int' and 'long unsigned int' [-Wsign-compare]
   44 |   ((length >= (bytes)) &&        \
      |            ^~
external/lldpd++_repo_rules+lldpd_src/src/daemon/protocols/lldp.c:274:25: note: in expansion of macro 'POKE_BYTES'
  274 |                         POKE_BYTES(dot3, sizeof(dot3)) &&
      |                         ^~~~~~~~~~
external/lldpd++_repo_rules+lldpd_src/src/daemon/protocols/../frame.h:37:12: warning: comparison of integer expressions of different signedness: 'int' and 'long unsigned int' [-Wsign-compare]
   37 |   ((length >= sizeof(type)) &&                                                       \
      |            ^~
external/lldpd++_repo_rules+lldpd_src/src/daemon/protocols/../frame.h:40:27: note: in expansion of macro 'POKE'
   40 | #define POKE_UINT8(value) POKE(value, types.f_uint8, )
      |                           ^~~~
external/lldpd++_repo_rules+lldpd_src/src/daemon/protocols/lldp.c:275:25: note: in expansion of macro 'POKE_UINT8'
  275 |                         POKE_UINT8(LLDP_TLV_DOT3_MFS) && POKE_UINT16(port->p_mfs) &&
      |                         ^~~~~~~~~~
external/lldpd++_repo_rules+lldpd_src/src/daemon/protocols/../frame.h:37:12: warning: comparison of integer expressions of different signedness: 'int' and 'long unsigned int' [-Wsign-compare]
   37 |   ((length >= sizeof(type)) &&                                                       \
      |            ^~
external/lldpd++_repo_rules+lldpd_src/src/daemon/protocols/../frame.h:41:28: note: in expansion of macro 'POKE'
   41 | #define POKE_UINT16(value) POKE(value, types.f_uint16, htons)
      |                            ^~~~
external/lldpd++_repo_rules+lldpd_src/src/daemon/protocols/lldp.c:275:58: note: in expansion of macro 'POKE_UINT16'
  275 |                         POKE_UINT8(LLDP_TLV_DOT3_MFS) && POKE_UINT16(port->p_mfs) &&
      |                                                          ^~~~~~~~~~~
external/lldpd++_repo_rules+lldpd_src/src/daemon/protocols/../frame.h:37:12: warning: comparison of integer expressions of different signedness: 'int' and 'long unsigned int' [-Wsign-compare]
   37 |   ((length >= sizeof(type)) &&                                                       \
      |            ^~
external/lldpd++_repo_rules+lldpd_src/src/daemon/protocols/../frame.h:41:28: note: in expansion of macro 'POKE'
   41 | #define POKE_UINT16(value) POKE(value, types.f_uint16, htons)
      |                            ^~~~
external/lldpd++_repo_rules+lldpd_src/src/daemon/protocols/lldp.c:282:43: note: in expansion of macro 'POKE_UINT16'
  282 |                               (tlv = pos, POKE_UINT16((LLDP_TLV_ORG << 9) | (0x1d))) :
      |                                           ^~~~~~~~~~~
external/lldpd++_repo_rules+lldpd_src/src/daemon/protocols/../frame.h:37:12: warning: comparison of integer expressions of different signedness: 'int' and 'long unsigned int' [-Wsign-compare]
   37 |   ((length >= sizeof(type)) &&                                                       \
      |            ^~
external/lldpd++_repo_rules+lldpd_src/src/daemon/protocols/../frame.h:41:28: note: in expansion of macro 'POKE'
   41 | #define POKE_UINT16(value) POKE(value, types.f_uint16, htons)
      |                            ^~~~
external/lldpd++_repo_rules+lldpd_src/src/daemon/protocols/../frame.h:85:47: note: in expansion of macro 'POKE_UINT16'
   85 | #define POKE_START_LLDP_TLV(type) (tlv = pos, POKE_UINT16(type << 9))
      |                                               ^~~~~~~~~~~
external/lldpd++_repo_rules+lldpd_src/src/daemon/protocols/lldp.c:283:31: note: in expansion of macro 'POKE_START_LLDP_TLV'
  283 |                               POKE_START_LLDP_TLV(LLDP_TLV_ORG)) &&
      |                               ^~~~~~~~~~~~~~~~~~~
external/lldpd++_repo_rules+lldpd_src/src/daemon/protocols/../frame.h:44:12: warning: comparison of integer expressions of different signedness: 'int' and 'long unsigned int' [-Wsign-compare]
   44 |   ((length >= (bytes)) &&        \
      |            ^~
external/lldpd++_repo_rules+lldpd_src/src/daemon/protocols/lldp.c:284:25: note: in expansion of macro 'POKE_BYTES'
  284 |                         POKE_BYTES(dot3, sizeof(dot3)) &&
      |                         ^~~~~~~~~~
external/lldpd++_repo_rules+lldpd_src/src/daemon/protocols/../frame.h:37:12: warning: comparison of integer expressions of different signedness: 'int' and 'long unsigned int' [-Wsign-compare]
   37 |   ((length >= sizeof(type)) &&                                                       \
      |            ^~
external/lldpd++_repo_rules+lldpd_src/src/daemon/protocols/../frame.h:40:27: note: in expansion of macro 'POKE'
   40 | #define POKE_UINT8(value) POKE(value, types.f_uint8, )
      |                           ^~~~
external/lldpd++_repo_rules+lldpd_src/src/daemon/protocols/lldp.c:285:25: note: in expansion of macro 'POKE_UINT8'
  285 |                         POKE_UINT8(LLDP_TLV_DOT3_POWER) &&
      |                         ^~~~~~~~~~
external/lldpd++_repo_rules+lldpd_src/src/daemon/protocols/../frame.h:37:12: warning: comparison of integer expressions of different signedness: 'int' and 'long unsigned int' [-Wsign-compare]
   37 |   ((length >= sizeof(type)) &&                                                       \
      |            ^~
external/lldpd++_repo_rules+lldpd_src/src/daemon/protocols/../frame.h:40:27: note: in expansion of macro 'POKE'
   40 | #define POKE_UINT8(value) POKE(value, types.f_uint8, )
      |                           ^~~~
external/lldpd++_repo_rules+lldpd_src/src/daemon/protocols/lldp.c:286:25: note: in expansion of macro 'POKE_UINT8'
  286 |                         POKE_UINT8(((((2 - port->p_power.devicetype) % (1 << 1)) << 0) |
      |                         ^~~~~~~~~~
external/lldpd++_repo_rules+lldpd_src/src/daemon/protocols/../frame.h:37:12: warning: comparison of integer expressions of different signedness: 'int' and 'long unsigned int' [-Wsign-compare]
   37 |   ((length >= sizeof(type)) &&                                                       \
      |            ^~
external/lldpd++_repo_rules+lldpd_src/src/daemon/protocols/../frame.h:40:27: note: in expansion of macro 'POKE'
   40 | #define POKE_UINT8(value) POKE(value, types.f_uint8, )
      |                           ^~~~
external/lldpd++_repo_rules+lldpd_src/src/daemon/protocols/lldp.c:290:25: note: in expansion of macro 'POKE_UINT8'
  290 |                         POKE_UINT8(port->p_power.pairs) &&
      |                         ^~~~~~~~~~
external/lldpd++_repo_rules+lldpd_src/src/daemon/protocols/../frame.h:37:12: warning: comparison of integer expressions of different signedness: 'int' and 'long unsigned int' [-Wsign-compare]
   37 |   ((length >= sizeof(type)) &&                                                       \
      |            ^~
external/lldpd++_repo_rules+lldpd_src/src/daemon/protocols/../frame.h:40:27: note: in expansion of macro 'POKE'
   40 | #define POKE_UINT8(value) POKE(value, types.f_uint8, )
      |                           ^~~~
external/lldpd++_repo_rules+lldpd_src/src/daemon/protocols/lldp.c:291:25: note: in expansion of macro 'POKE_UINT8'
  291 |                         POKE_UINT8(port->p_power.class)))
      |                         ^~~~~~~~~~
external/lldpd++_repo_rules+lldpd_src/src/daemon/protocols/../frame.h:37:12: warning: comparison of integer expressions of different signedness: 'int' and 'long unsigned int' [-Wsign-compare]
   37 |   ((length >= sizeof(type)) &&                                                       \
      |            ^~
external/lldpd++_repo_rules+lldpd_src/src/daemon/protocols/../frame.h:40:27: note: in expansion of macro 'POKE'
   40 | #define POKE_UINT8(value) POKE(value, types.f_uint8, )
      |                           ^~~~
external/lldpd++_repo_rules+lldpd_src/src/daemon/protocols/lldp.c:295:31: note: in expansion of macro 'POKE_UINT8'
  295 |                         if (!(POKE_UINT8(((((port->p_power.powertype ==
      |                               ^~~~~~~~~~
external/lldpd++_repo_rules+lldpd_src/src/daemon/protocols/../frame.h:37:12: warning: comparison of integer expressions of different signedness: 'int' and 'long unsigned int' [-Wsign-compare]
   37 |   ((length >= sizeof(type)) &&                                                       \
      |            ^~
external/lldpd++_repo_rules+lldpd_src/src/daemon/protocols/../frame.h:41:28: note: in expansion of macro 'POKE'
   41 | #define POKE_UINT16(value) POKE(value, types.f_uint16, htons)
      |                            ^~~~
external/lldpd++_repo_rules+lldpd_src/src/daemon/protocols/lldp.c:307:33: note: in expansion of macro 'POKE_UINT16'
  307 |                                 POKE_UINT16(port->p_power.requested) &&
      |                                 ^~~~~~~~~~~
external/lldpd++_repo_rules+lldpd_src/src/daemon/protocols/../frame.h:37:12: warning: comparison of integer expressions of different signedness: 'int' and 'long unsigned int' [-Wsign-compare]
   37 |   ((length >= sizeof(type)) &&                                                       \
      |            ^~
external/lldpd++_repo_rules+lldpd_src/src/daemon/protocols/../frame.h:41:28: note: in expansion of macro 'POKE'
   41 | #define POKE_UINT16(value) POKE(value, types.f_uint16, htons)
      |                            ^~~~
external/lldpd++_repo_rules+lldpd_src/src/daemon/protocols/lldp.c:308:33: note: in expansion of macro 'POKE_UINT16'
  308 |                                 POKE_UINT16(port->p_power.allocated)))
      |                                 ^~~~~~~~~~~
external/lldpd++_repo_rules+lldpd_src/src/daemon/protocols/../frame.h:37:12: warning: comparison of integer expressions of different signedness: 'int' and 'long unsigned int' [-Wsign-compare]
   37 |   ((length >= sizeof(type)) &&                                                       \
      |            ^~
external/lldpd++_repo_rules+lldpd_src/src/daemon/protocols/../frame.h:41:28: note: in expansion of macro 'POKE'
   41 | #define POKE_UINT16(value) POKE(value, types.f_uint16, htons)
      |                            ^~~~
external/lldpd++_repo_rules+lldpd_src/src/daemon/protocols/lldp.c:312:31: note: in expansion of macro 'POKE_UINT16'
  312 |                         if (!(POKE_UINT16(port->p_power.requested_a) &&
      |                               ^~~~~~~~~~~
external/lldpd++_repo_rules+lldpd_src/src/daemon/protocols/../frame.h:37:12: warning: comparison of integer expressions of different signedness: 'int' and 'long unsigned int' [-Wsign-compare]
   37 |   ((length >= sizeof(type)) &&                                                       \
      |            ^~
external/lldpd++_repo_rules+lldpd_src/src/daemon/protocols/../frame.h:41:28: note: in expansion of macro 'POKE'
   41 | #define POKE_UINT16(value) POKE(value, types.f_uint16, htons)
      |                            ^~~~
external/lldpd++_repo_rules+lldpd_src/src/daemon/protocols/lldp.c:313:33: note: in expansion of macro 'POKE_UINT16'
  313 |                                 POKE_UINT16(port->p_power.requested_b) &&
      |                                 ^~~~~~~~~~~
external/lldpd++_repo_rules+lldpd_src/src/daemon/protocols/../frame.h:37:12: warning: comparison of integer expressions of different signedness: 'int' and 'long unsigned int' [-Wsign-compare]
   37 |   ((length >= sizeof(type)) &&                                                       \
      |            ^~
external/lldpd++_repo_rules+lldpd_src/src/daemon/protocols/../frame.h:41:28: note: in expansion of macro 'POKE'
   41 | #define POKE_UINT16(value) POKE(value, types.f_uint16, htons)
      |                            ^~~~
external/lldpd++_repo_rules+lldpd_src/src/daemon/protocols/lldp.c:314:33: note: in expansion of macro 'POKE_UINT16'
  314 |                                 POKE_UINT16(port->p_power.allocated_a) &&
      |                                 ^~~~~~~~~~~
external/lldpd++_repo_rules+lldpd_src/src/daemon/protocols/../frame.h:37:12: warning: comparison of integer expressions of different signedness: 'int' and 'long unsigned int' [-Wsign-compare]
   37 |   ((length >= sizeof(type)) &&                                                       \
      |            ^~
external/lldpd++_repo_rules+lldpd_src/src/daemon/protocols/../frame.h:41:28: note: in expansion of macro 'POKE'
   41 | #define POKE_UINT16(value) POKE(value, types.f_uint16, htons)
      |                            ^~~~
external/lldpd++_repo_rules+lldpd_src/src/daemon/protocols/lldp.c:315:33: note: in expansion of macro 'POKE_UINT16'
  315 |                                 POKE_UINT16(port->p_power.allocated_b) &&
      |                                 ^~~~~~~~~~~
external/lldpd++_repo_rules+lldpd_src/src/daemon/protocols/../frame.h:37:12: warning: comparison of integer expressions of different signedness: 'int' and 'long unsigned int' [-Wsign-compare]
   37 |   ((length >= sizeof(type)) &&                                                       \
      |            ^~
external/lldpd++_repo_rules+lldpd_src/src/daemon/protocols/../frame.h:41:28: note: in expansion of macro 'POKE'
   41 | #define POKE_UINT16(value) POKE(value, types.f_uint16, htons)
      |                            ^~~~
external/lldpd++_repo_rules+lldpd_src/src/daemon/protocols/lldp.c:316:33: note: in expansion of macro 'POKE_UINT16'
  316 |                                 POKE_UINT16(((port->p_power.pse_status << 14) |
      |                                 ^~~~~~~~~~~
external/lldpd++_repo_rules+lldpd_src/src/daemon/protocols/../frame.h:37:12: warning: comparison of integer expressions of different signedness: 'int' and 'long unsigned int' [-Wsign-compare]
   37 |   ((length >= sizeof(type)) &&                                                       \
      |            ^~
external/lldpd++_repo_rules+lldpd_src/src/daemon/protocols/../frame.h:40:27: note: in expansion of macro 'POKE'
   40 | #define POKE_UINT8(value) POKE(value, types.f_uint8, )
      |                           ^~~~
external/lldpd++_repo_rules+lldpd_src/src/daemon/protocols/lldp.c:322:33: note: in expansion of macro 'POKE_UINT8'
  322 |                                 POKE_UINT8(
      |                                 ^~~~~~~~~~
external/lldpd++_repo_rules+lldpd_src/src/daemon/protocols/../frame.h:37:12: warning: comparison of integer expressions of different signedness: 'int' and 'long unsigned int' [-Wsign-compare]
   37 |   ((length >= sizeof(type)) &&                                                       \
      |            ^~
external/lldpd++_repo_rules+lldpd_src/src/daemon/protocols/../frame.h:41:28: note: in expansion of macro 'POKE'
   41 | #define POKE_UINT16(value) POKE(value, types.f_uint16, htons)
      |                            ^~~~
external/lldpd++_repo_rules+lldpd_src/src/daemon/protocols/lldp.c:327:33: note: in expansion of macro 'POKE_UINT16'
  327 |                                 POKE_UINT16(port->p_power.pse_max) &&
      |                                 ^~~~~~~~~~~
external/lldpd++_repo_rules+lldpd_src/src/daemon/protocols/../frame.h:37:12: warning: comparison of integer expressions of different signedness: 'int' and 'long unsigned int' [-Wsign-compare]
   37 |   ((length >= sizeof(type)) &&                                                       \
      |            ^~
external/lldpd++_repo_rules+lldpd_src/src/daemon/protocols/../frame.h:40:27: note: in expansion of macro 'POKE'
   40 | #define POKE_UINT8(value) POKE(value, types.f_uint8, )
      |                           ^~~~
external/lldpd++_repo_rules+lldpd_src/src/daemon/protocols/lldp.c:329:33: note: in expansion of macro 'POKE_UINT8'
  329 |                                 POKE_UINT8(0) && POKE_UINT16(0) && POKE_UINT8(0)))
      |                                 ^~~~~~~~~~
external/lldpd++_repo_rules+lldpd_src/src/daemon/protocols/../frame.h:37:12: warning: comparison of integer expressions of different signedness: 'int' and 'long unsigned int' [-Wsign-compare]
   37 |   ((length >= sizeof(type)) &&                                                       \
      |            ^~
external/lldpd++_repo_rules+lldpd_src/src/daemon/protocols/../frame.h:41:28: note: in expansion of macro 'POKE'
   41 | #define POKE_UINT16(value) POKE(value, types.f_uint16, htons)
      |                            ^~~~
external/lldpd++_repo_rules+lldpd_src/src/daemon/protocols/lldp.c:329:50: note: in expansion of macro 'POKE_UINT16'
  329 |                                 POKE_UINT8(0) && POKE_UINT16(0) && POKE_UINT8(0)))
      |                                                  ^~~~~~~~~~~
external/lldpd++_repo_rules+lldpd_src/src/daemon/protocols/../frame.h:37:12: warning: comparison of integer expressions of different signedness: 'int' and 'long unsigned int' [-Wsign-compare]
   37 |   ((length >= sizeof(type)) &&                                                       \
      |            ^~
external/lldpd++_repo_rules+lldpd_src/src/daemon/protocols/../frame.h:40:27: note: in expansion of macro 'POKE'
   40 | #define POKE_UINT8(value) POKE(value, types.f_uint8, )
      |                           ^~~~
external/lldpd++_repo_rules+lldpd_src/src/daemon/protocols/lldp.c:329:68: note: in expansion of macro 'POKE_UINT8'
  329 |                                 POKE_UINT8(0) && POKE_UINT16(0) && POKE_UINT8(0)))
      |                                                                    ^~~~~~~~~~
external/lldpd++_repo_rules+lldpd_src/src/daemon/protocols/../frame.h:37:12: warning: comparison of integer expressions of different signedness: 'int' and 'long unsigned int' [-Wsign-compare]
   37 |   ((length >= sizeof(type)) &&                                                       \
      |            ^~
external/lldpd++_repo_rules+lldpd_src/src/daemon/protocols/../frame.h:41:28: note: in expansion of macro 'POKE'
   41 | #define POKE_UINT16(value) POKE(value, types.f_uint16, htons)
      |                            ^~~~
external/lldpd++_repo_rules+lldpd_src/src/daemon/protocols/../frame.h:85:47: note: in expansion of macro 'POKE_UINT16'
   85 | #define POKE_START_LLDP_TLV(type) (tlv = pos, POKE_UINT16(type << 9))
      |                                               ^~~~~~~~~~~
external/lldpd++_repo_rules+lldpd_src/src/daemon/protocols/lldp.c:340:31: note: in expansion of macro 'POKE_START_LLDP_TLV'
  340 |                         if (!(POKE_START_LLDP_TLV(LLDP_TLV_ORG) &&
      |                               ^~~~~~~~~~~~~~~~~~~
external/lldpd++_repo_rules+lldpd_src/src/daemon/protocols/../frame.h:44:12: warning: comparison of integer expressions of different signedness: 'int' and 'long unsigned int' [-Wsign-compare]
   44 |   ((length >= (bytes)) &&        \
      |            ^~
external/lldpd++_repo_rules+lldpd_src/src/daemon/protocols/lldp.c:341:33: note: in expansion of macro 'POKE_BYTES'
  341 |                                 POKE_BYTES(med, sizeof(med)) &&
      |                                 ^~~~~~~~~~
external/lldpd++_repo_rules+lldpd_src/src/daemon/protocols/../frame.h:37:12: warning: comparison of integer expressions of different signedness: 'int' and 'long unsigned int' [-Wsign-compare]
   37 |   ((length >= sizeof(type)) &&                                                       \
      |            ^~
external/lldpd++_repo_rules+lldpd_src/src/daemon/protocols/../frame.h:40:27: note: in expansion of macro 'POKE'
   40 | #define POKE_UINT8(value) POKE(value, types.f_uint8, )
      |                           ^~~~
external/lldpd++_repo_rules+lldpd_src/src/daemon/protocols/lldp.c:342:33: note: in expansion of macro 'POKE_UINT8'
  342 |                                 POKE_UINT8(LLDP_TLV_MED_CAP) &&
      |                                 ^~~~~~~~~~
external/lldpd++_repo_rules+lldpd_src/src/daemon/protocols/../frame.h:37:12: warning: comparison of integer expressions of different signedness: 'int' and 'long unsigned int' [-Wsign-compare]
   37 |   ((length >= sizeof(type)) &&                                                       \
      |            ^~
external/lldpd++_repo_rules+lldpd_src/src/daemon/protocols/../frame.h:41:28: note: in expansion of macro 'POKE'
   41 | #define POKE_UINT16(value) POKE(value, types.f_uint16, htons)
      |                            ^~~~
external/lldpd++_repo_rules+lldpd_src/src/daemon/protocols/lldp.c:343:33: note: in expansion of macro 'POKE_UINT16'
  343 |                                 POKE_UINT16(chassis->c_med_cap_available) &&
      |                                 ^~~~~~~~~~~
external/lldpd++_repo_rules+lldpd_src/src/daemon/protocols/../frame.h:37:12: warning: comparison of integer expressions of different signedness: 'int' and 'long unsigned int' [-Wsign-compare]
   37 |   ((length >= sizeof(type)) &&                                                       \
      |            ^~
external/lldpd++_repo_rules+lldpd_src/src/daemon/protocols/../frame.h:40:27: note: in expansion of macro 'POKE'
   40 | #define POKE_UINT8(value) POKE(value, types.f_uint8, )
      |                           ^~~~
external/lldpd++_repo_rules+lldpd_src/src/daemon/protocols/lldp.c:344:33: note: in expansion of macro 'POKE_UINT8'
  344 |                                 POKE_UINT8(chassis->c_med_type) && POKE_END_LLDP_TLV))
      |                                 ^~~~~~~~~~
external/lldpd++_repo_rules+lldpd_src/src/daemon/protocols/../frame.h:37:12: warning: comparison of integer expressions of different signedness: 'int' and 'long unsigned int' [-Wsign-compare]
   37 |   ((length >= sizeof(type)) &&                                                       \
      |            ^~
external/lldpd++_repo_rules+lldpd_src/src/daemon/protocols/../frame.h:41:28: note: in expansion of macro 'POKE'
   41 | #define POKE_UINT16(value) POKE(value, types.f_uint16, htons)
      |                            ^~~~
external/lldpd++_repo_rules+lldpd_src/src/daemon/protocols/../frame.h:85:47: note: in expansion of macro 'POKE_UINT16'
   85 | #define POKE_START_LLDP_TLV(type) (tlv = pos, POKE_UINT16(type << 9))
      |                                               ^~~~~~~~~~~
external/lldpd++_repo_rules+lldpd_src/src/daemon/protocols/lldp.c:351:13: note: in expansion of macro 'POKE_START_LLDP_TLV'
  351 |       if (!(POKE_START_LLDP_TLV(LLDP_TLV_ORG) && POKE_BYTES(med, sizeof(med)) && \
      |             ^~~~~~~~~~~~~~~~~~~
external/lldpd++_repo_rules+lldpd_src/src/daemon/protocols/lldp.c:359:25: note: in expansion of macro 'LLDP_INVENTORY'
  359 |                         LLDP_INVENTORY(chassis->c_med_hw, LLDP_TLV_MED_IV_HW);
      |                         ^~~~~~~~~~~~~~
external/lldpd++_repo_rules+lldpd_src/src/daemon/protocols/../frame.h:44:12: warning: comparison of integer expressions of different signedness: 'int' and 'long unsigned int' [-Wsign-compare]
   44 |   ((length >= (bytes)) &&        \
      |            ^~
external/lldpd++_repo_rules+lldpd_src/src/daemon/protocols/lldp.c:351:50: note: in expansion of macro 'POKE_BYTES'
  351 |       if (!(POKE_START_LLDP_TLV(LLDP_TLV_ORG) && POKE_BYTES(med, sizeof(med)) && \
      |                                                  ^~~~~~~~~~
external/lldpd++_repo_rules+lldpd_src/src/daemon/protocols/lldp.c:359:25: note: in expansion of macro 'LLDP_INVENTORY'
  359 |                         LLDP_INVENTORY(chassis->c_med_hw, LLDP_TLV_MED_IV_HW);
      |                         ^~~~~~~~~~~~~~
external/lldpd++_repo_rules+lldpd_src/src/daemon/protocols/../frame.h:37:12: warning: comparison of integer expressions of different signedness: 'int' and 'long unsigned int' [-Wsign-compare]
   37 |   ((length >= sizeof(type)) &&                                                       \
      |            ^~
external/lldpd++_repo_rules+lldpd_src/src/daemon/protocols/../frame.h:40:27: note: in expansion of macro 'POKE'
   40 | #define POKE_UINT8(value) POKE(value, types.f_uint8, )
      |                           ^~~~
external/lldpd++_repo_rules+lldpd_src/src/daemon/protocols/lldp.c:352:15: note: in expansion of macro 'POKE_UINT8'
  352 |               POKE_UINT8(subtype) &&                                             \
      |               ^~~~~~~~~~
external/lldpd++_repo_rules+lldpd_src/src/daemon/protocols/lldp.c:359:25: note: in expansion of macro 'LLDP_INVENTORY'
  359 |                         LLDP_INVENTORY(chassis->c_med_hw, LLDP_TLV_MED_IV_HW);
      |                         ^~~~~~~~~~~~~~
external/lldpd++_repo_rules+lldpd_src/src/daemon/protocols/../frame.h:44:12: warning: comparison of integer expressions of different signedness: 'int' and 'size_t' {aka 'long unsigned int'} [-Wsign-compare]
   44 |   ((length >= (bytes)) &&        \
      |            ^~
external/lldpd++_repo_rules+lldpd_src/src/daemon/protocols/lldp.c:353:15: note: in expansion of macro 'POKE_BYTES'
  353 |               POKE_BYTES(value, (strlen(value) > 32) ? 32 : strlen(value)) &&    \
      |               ^~~~~~~~~~
external/lldpd++_repo_rules+lldpd_src/src/daemon/protocols/lldp.c:359:25: note: in expansion of macro 'LLDP_INVENTORY'
  359 |                         LLDP_INVENTORY(chassis->c_med_hw, LLDP_TLV_MED_IV_HW);
      |                         ^~~~~~~~~~~~~~
external/lldpd++_repo_rules+lldpd_src/src/daemon/protocols/../frame.h:37:12: warning: comparison of integer expressions of different signedness: 'int' and 'long unsigned int' [-Wsign-compare]
   37 |   ((length >= sizeof(type)) &&                                                       \
      |            ^~
external/lldpd++_repo_rules+lldpd_src/src/daemon/protocols/../frame.h:41:28: note: in expansion of macro 'POKE'
   41 | #define POKE_UINT16(value) POKE(value, types.f_uint16, htons)
      |                            ^~~~
external/lldpd++_repo_rules+lldpd_src/src/daemon/protocols/../frame.h:85:47: note: in expansion of macro 'POKE_UINT16'
   85 | #define POKE_START_LLDP_TLV(type) (tlv = pos, POKE_UINT16(type << 9))
      |                                               ^~~~~~~~~~~
external/lldpd++_repo_rules+lldpd_src/src/daemon/protocols/lldp.c:351:13: note: in expansion of macro 'POKE_START_LLDP_TLV'
  351 |       if (!(POKE_START_LLDP_TLV(LLDP_TLV_ORG) && POKE_BYTES(med, sizeof(med)) && \
      |             ^~~~~~~~~~~~~~~~~~~
external/lldpd++_repo_rules+lldpd_src/src/daemon/protocols/lldp.c:360:25: note: in expansion of macro 'LLDP_INVENTORY'
  360 |                         LLDP_INVENTORY(chassis->c_med_fw, LLDP_TLV_MED_IV_FW);
      |                         ^~~~~~~~~~~~~~
external/lldpd++_repo_rules+lldpd_src/src/daemon/protocols/../frame.h:44:12: warning: comparison of integer expressions of different signedness: 'int' and 'long unsigned int' [-Wsign-compare]
   44 |   ((length >= (bytes)) &&        \
      |            ^~
external/lldpd++_repo_rules+lldpd_src/src/daemon/protocols/lldp.c:351:50: note: in expansion of macro 'POKE_BYTES'
  351 |       if (!(POKE_START_LLDP_TLV(LLDP_TLV_ORG) && POKE_BYTES(med, sizeof(med)) && \
      |                                                  ^~~~~~~~~~
external/lldpd++_repo_rules+lldpd_src/src/daemon/protocols/lldp.c:360:25: note: in expansion of macro 'LLDP_INVENTORY'
  360 |                         LLDP_INVENTORY(chassis->c_med_fw, LLDP_TLV_MED_IV_FW);
      |                         ^~~~~~~~~~~~~~
external/lldpd++_repo_rules+lldpd_src/src/daemon/protocols/../frame.h:37:12: warning: comparison of integer expressions of different signedness: 'int' and 'long unsigned int' [-Wsign-compare]
   37 |   ((length >= sizeof(type)) &&                                                       \
      |            ^~
external/lldpd++_repo_rules+lldpd_src/src/daemon/protocols/../frame.h:40:27: note: in expansion of macro 'POKE'
   40 | #define POKE_UINT8(value) POKE(value, types.f_uint8, )
      |                           ^~~~
external/lldpd++_repo_rules+lldpd_src/src/daemon/protocols/lldp.c:352:15: note: in expansion of macro 'POKE_UINT8'
  352 |               POKE_UINT8(subtype) &&                                             \
      |               ^~~~~~~~~~
external/lldpd++_repo_rules+lldpd_src/src/daemon/protocols/lldp.c:360:25: note: in expansion of macro 'LLDP_INVENTORY'
  360 |                         LLDP_INVENTORY(chassis->c_med_fw, LLDP_TLV_MED_IV_FW);
      |                         ^~~~~~~~~~~~~~
external/lldpd++_repo_rules+lldpd_src/src/daemon/protocols/../frame.h:44:12: warning: comparison of integer expressions of different signedness: 'int' and 'size_t' {aka 'long unsigned int'} [-Wsign-compare]
   44 |   ((length >= (bytes)) &&        \
      |            ^~
external/lldpd++_repo_rules+lldpd_src/src/daemon/protocols/lldp.c:353:15: note: in expansion of macro 'POKE_BYTES'
  353 |               POKE_BYTES(value, (strlen(value) > 32) ? 32 : strlen(value)) &&    \
      |               ^~~~~~~~~~
external/lldpd++_repo_rules+lldpd_src/src/daemon/protocols/lldp.c:360:25: note: in expansion of macro 'LLDP_INVENTORY'
  360 |                         LLDP_INVENTORY(chassis->c_med_fw, LLDP_TLV_MED_IV_FW);
      |                         ^~~~~~~~~~~~~~
external/lldpd++_repo_rules+lldpd_src/src/daemon/protocols/../frame.h:37:12: warning: comparison of integer expressions of different signedness: 'int' and 'long unsigned int' [-Wsign-compare]
   37 |   ((length >= sizeof(type)) &&                                                       \
      |            ^~
external/lldpd++_repo_rules+lldpd_src/src/daemon/protocols/../frame.h:41:28: note: in expansion of macro 'POKE'
   41 | #define POKE_UINT16(value) POKE(value, types.f_uint16, htons)
      |                            ^~~~
external/lldpd++_repo_rules+lldpd_src/src/daemon/protocols/../frame.h:85:47: note: in expansion of macro 'POKE_UINT16'
   85 | #define POKE_START_LLDP_TLV(type) (tlv = pos, POKE_UINT16(type << 9))
      |                                               ^~~~~~~~~~~
external/lldpd++_repo_rules+lldpd_src/src/daemon/protocols/lldp.c:351:13: note: in expansion of macro 'POKE_START_LLDP_TLV'
  351 |       if (!(POKE_START_LLDP_TLV(LLDP_TLV_ORG) && POKE_BYTES(med, sizeof(med)) && \
      |             ^~~~~~~~~~~~~~~~~~~
external/lldpd++_repo_rules+lldpd_src/src/daemon/protocols/lldp.c:361:25: note: in expansion of macro 'LLDP_INVENTORY'
  361 |                         LLDP_INVENTORY(chassis->c_med_sw, LLDP_TLV_MED_IV_SW);
      |                         ^~~~~~~~~~~~~~
external/lldpd++_repo_rules+lldpd_src/src/daemon/protocols/../frame.h:44:12: warning: comparison of integer expressions of different signedness: 'int' and 'long unsigned int' [-Wsign-compare]
   44 |   ((length >= (bytes)) &&        \
      |            ^~
external/lldpd++_repo_rules+lldpd_src/src/daemon/protocols/lldp.c:351:50: note: in expansion of macro 'POKE_BYTES'
  351 |       if (!(POKE_START_LLDP_TLV(LLDP_TLV_ORG) && POKE_BYTES(med, sizeof(med)) && \
      |                                                  ^~~~~~~~~~
external/lldpd++_repo_rules+lldpd_src/src/daemon/protocols/lldp.c:361:25: note: in expansion of macro 'LLDP_INVENTORY'
  361 |                         LLDP_INVENTORY(chassis->c_med_sw, LLDP_TLV_MED_IV_SW);
      |                         ^~~~~~~~~~~~~~
external/lldpd++_repo_rules+lldpd_src/src/daemon/protocols/../frame.h:37:12: warning: comparison of integer expressions of different signedness: 'int' and 'long unsigned int' [-Wsign-compare]
   37 |   ((length >= sizeof(type)) &&                                                       \
      |            ^~
external/lldpd++_repo_rules+lldpd_src/src/daemon/protocols/../frame.h:40:27: note: in expansion of macro 'POKE'
   40 | #define POKE_UINT8(value) POKE(value, types.f_uint8, )
      |                           ^~~~
external/lldpd++_repo_rules+lldpd_src/src/daemon/protocols/lldp.c:352:15: note: in expansion of macro 'POKE_UINT8'
  352 |               POKE_UINT8(subtype) &&                                             \
      |               ^~~~~~~~~~
external/lldpd++_repo_rules+lldpd_src/src/daemon/protocols/lldp.c:361:25: note: in expansion of macro 'LLDP_INVENTORY'
  361 |                         LLDP_INVENTORY(chassis->c_med_sw, LLDP_TLV_MED_IV_SW);
      |                         ^~~~~~~~~~~~~~
external/lldpd++_repo_rules+lldpd_src/src/daemon/protocols/../frame.h:44:12: warning: comparison of integer expressions of different signedness: 'int' and 'size_t' {aka 'long unsigned int'} [-Wsign-compare]
   44 |   ((length >= (bytes)) &&        \
      |            ^~
external/lldpd++_repo_rules+lldpd_src/src/daemon/protocols/lldp.c:353:15: note: in expansion of macro 'POKE_BYTES'
  353 |               POKE_BYTES(value, (strlen(value) > 32) ? 32 : strlen(value)) &&    \
      |               ^~~~~~~~~~
external/lldpd++_repo_rules+lldpd_src/src/daemon/protocols/lldp.c:361:25: note: in expansion of macro 'LLDP_INVENTORY'
  361 |                         LLDP_INVENTORY(chassis->c_med_sw, LLDP_TLV_MED_IV_SW);
      |                         ^~~~~~~~~~~~~~
external/lldpd++_repo_rules+lldpd_src/src/daemon/protocols/../frame.h:37:12: warning: comparison of integer expressions of different signedness: 'int' and 'long unsigned int' [-Wsign-compare]
   37 |   ((length >= sizeof(type)) &&                                                       \
      |            ^~
external/lldpd++_repo_rules+lldpd_src/src/daemon/protocols/../frame.h:41:28: note: in expansion of macro 'POKE'
   41 | #define POKE_UINT16(value) POKE(value, types.f_uint16, htons)
      |                            ^~~~
external/lldpd++_repo_rules+lldpd_src/src/daemon/protocols/../frame.h:85:47: note: in expansion of macro 'POKE_UINT16'
   85 | #define POKE_START_LLDP_TLV(type) (tlv = pos, POKE_UINT16(type << 9))
      |                                               ^~~~~~~~~~~
external/lldpd++_repo_rules+lldpd_src/src/daemon/protocols/lldp.c:351:13: note: in expansion of macro 'POKE_START_LLDP_TLV'
  351 |       if (!(POKE_START_LLDP_TLV(LLDP_TLV_ORG) && POKE_BYTES(med, sizeof(med)) && \
      |             ^~~~~~~~~~~~~~~~~~~
external/lldpd++_repo_rules+lldpd_src/src/daemon/protocols/lldp.c:362:25: note: in expansion of macro 'LLDP_INVENTORY'
  362 |                         LLDP_INVENTORY(chassis->c_med_sn, LLDP_TLV_MED_IV_SN);
      |                         ^~~~~~~~~~~~~~
external/lldpd++_repo_rules+lldpd_src/src/daemon/protocols/../frame.h:44:12: warning: comparison of integer expressions of different signedness: 'int' and 'long unsigned int' [-Wsign-compare]
   44 |   ((length >= (bytes)) &&        \
      |            ^~
external/lldpd++_repo_rules+lldpd_src/src/daemon/protocols/lldp.c:351:50: note: in expansion of macro 'POKE_BYTES'
  351 |       if (!(POKE_START_LLDP_TLV(LLDP_TLV_ORG) && POKE_BYTES(med, sizeof(med)) && \
      |                                                  ^~~~~~~~~~
external/lldpd++_repo_rules+lldpd_src/src/daemon/protocols/lldp.c:362:25: note: in expansion of macro 'LLDP_INVENTORY'
  362 |                         LLDP_INVENTORY(chassis->c_med_sn, LLDP_TLV_MED_IV_SN);
      |                         ^~~~~~~~~~~~~~
external/lldpd++_repo_rules+lldpd_src/src/daemon/protocols/../frame.h:37:12: warning: comparison of integer expressions of different signedness: 'int' and 'long unsigned int' [-Wsign-compare]
   37 |   ((length >= sizeof(type)) &&                                                       \
      |            ^~
external/lldpd++_repo_rules+lldpd_src/src/daemon/protocols/../frame.h:40:27: note: in expansion of macro 'POKE'
   40 | #define POKE_UINT8(value) POKE(value, types.f_uint8, )
      |                           ^~~~
external/lldpd++_repo_rules+lldpd_src/src/daemon/protocols/lldp.c:352:15: note: in expansion of macro 'POKE_UINT8'
  352 |               POKE_UINT8(subtype) &&                                             \
      |               ^~~~~~~~~~
external/lldpd++_repo_rules+lldpd_src/src/daemon/protocols/lldp.c:362:25: note: in expansion of macro 'LLDP_INVENTORY'
  362 |                         LLDP_INVENTORY(chassis->c_med_sn, LLDP_TLV_MED_IV_SN);
      |                         ^~~~~~~~~~~~~~
external/lldpd++_repo_rules+lldpd_src/src/daemon/protocols/../frame.h:44:12: warning: comparison of integer expressions of different signedness: 'int' and 'size_t' {aka 'long unsigned int'} [-Wsign-compare]
   44 |   ((length >= (bytes)) &&        \
      |            ^~
external/lldpd++_repo_rules+lldpd_src/src/daemon/protocols/lldp.c:353:15: note: in expansion of macro 'POKE_BYTES'
  353 |               POKE_BYTES(value, (strlen(value) > 32) ? 32 : strlen(value)) &&    \
      |               ^~~~~~~~~~
external/lldpd++_repo_rules+lldpd_src/src/daemon/protocols/lldp.c:362:25: note: in expansion of macro 'LLDP_INVENTORY'
  362 |                         LLDP_INVENTORY(chassis->c_med_sn, LLDP_TLV_MED_IV_SN);
      |                         ^~~~~~~~~~~~~~
external/lldpd++_repo_rules+lldpd_src/src/daemon/protocols/../frame.h:37:12: warning: comparison of integer expressions of different signedness: 'int' and 'long unsigned int' [-Wsign-compare]
   37 |   ((length >= sizeof(type)) &&                                                       \
      |            ^~
external/lldpd++_repo_rules+lldpd_src/src/daemon/protocols/../frame.h:41:28: note: in expansion of macro 'POKE'
   41 | #define POKE_UINT16(value) POKE(value, types.f_uint16, htons)
      |                            ^~~~
external/lldpd++_repo_rules+lldpd_src/src/daemon/protocols/../frame.h:85:47: note: in expansion of macro 'POKE_UINT16'
   85 | #define POKE_START_LLDP_TLV(type) (tlv = pos, POKE_UINT16(type << 9))
      |                                               ^~~~~~~~~~~
external/lldpd++_repo_rules+lldpd_src/src/daemon/protocols/lldp.c:351:13: note: in expansion of macro 'POKE_START_LLDP_TLV'
  351 |       if (!(POKE_START_LLDP_TLV(LLDP_TLV_ORG) && POKE_BYTES(med, sizeof(med)) && \
      |             ^~~~~~~~~~~~~~~~~~~
external/lldpd++_repo_rules+lldpd_src/src/daemon/protocols/lldp.c:363:25: note: in expansion of macro 'LLDP_INVENTORY'
  363 |                         LLDP_INVENTORY(chassis->c_med_manuf, LLDP_TLV_MED_IV_MANUF);
      |                         ^~~~~~~~~~~~~~
external/lldpd++_repo_rules+lldpd_src/src/daemon/protocols/../frame.h:44:12: warning: comparison of integer expressions of different signedness: 'int' and 'long unsigned int' [-Wsign-compare]
   44 |   ((length >= (bytes)) &&        \
      |            ^~
external/lldpd++_repo_rules+lldpd_src/src/daemon/protocols/lldp.c:351:50: note: in expansion of macro 'POKE_BYTES'
  351 |       if (!(POKE_START_LLDP_TLV(LLDP_TLV_ORG) && POKE_BYTES(med, sizeof(med)) && \
      |                                                  ^~~~~~~~~~
external/lldpd++_repo_rules+lldpd_src/src/daemon/protocols/lldp.c:363:25: note: in expansion of macro 'LLDP_INVENTORY'
  363 |                         LLDP_INVENTORY(chassis->c_med_manuf, LLDP_TLV_MED_IV_MANUF);
      |                         ^~~~~~~~~~~~~~
external/lldpd++_repo_rules+lldpd_src/src/daemon/protocols/../frame.h:37:12: warning: comparison of integer expressions of different signedness: 'int' and 'long unsigned int' [-Wsign-compare]
   37 |   ((length >= sizeof(type)) &&                                                       \
      |            ^~
external/lldpd++_repo_rules+lldpd_src/src/daemon/protocols/../frame.h:40:27: note: in expansion of macro 'POKE'
   40 | #define POKE_UINT8(value) POKE(value, types.f_uint8, )
      |                           ^~~~
external/lldpd++_repo_rules+lldpd_src/src/daemon/protocols/lldp.c:352:15: note: in expansion of macro 'POKE_UINT8'
  352 |               POKE_UINT8(subtype) &&                                             \
      |               ^~~~~~~~~~
external/lldpd++_repo_rules+lldpd_src/src/daemon/protocols/lldp.c:363:25: note: in expansion of macro 'LLDP_INVENTORY'
  363 |                         LLDP_INVENTORY(chassis->c_med_manuf, LLDP_TLV_MED_IV_MANUF);
      |                         ^~~~~~~~~~~~~~
external/lldpd++_repo_rules+lldpd_src/src/daemon/protocols/../frame.h:44:12: warning: comparison of integer expressions of different signedness: 'int' and 'size_t' {aka 'long unsigned int'} [-Wsign-compare]
   44 |   ((length >= (bytes)) &&        \
      |            ^~
external/lldpd++_repo_rules+lldpd_src/src/daemon/protocols/lldp.c:353:15: note: in expansion of macro 'POKE_BYTES'
  353 |               POKE_BYTES(value, (strlen(value) > 32) ? 32 : strlen(value)) &&    \
      |               ^~~~~~~~~~
external/lldpd++_repo_rules+lldpd_src/src/daemon/protocols/lldp.c:363:25: note: in expansion of macro 'LLDP_INVENTORY'
  363 |                         LLDP_INVENTORY(chassis->c_med_manuf, LLDP_TLV_MED_IV_MANUF);
      |                         ^~~~~~~~~~~~~~
external/lldpd++_repo_rules+lldpd_src/src/daemon/protocols/../frame.h:37:12: warning: comparison of integer expressions of different signedness: 'int' and 'long unsigned int' [-Wsign-compare]
   37 |   ((length >= sizeof(type)) &&                                                       \
      |            ^~
external/lldpd++_repo_rules+lldpd_src/src/daemon/protocols/../frame.h:41:28: note: in expansion of macro 'POKE'
   41 | #define POKE_UINT16(value) POKE(value, types.f_uint16, htons)
      |                            ^~~~
external/lldpd++_repo_rules+lldpd_src/src/daemon/protocols/../frame.h:85:47: note: in expansion of macro 'POKE_UINT16'
   85 | #define POKE_START_LLDP_TLV(type) (tlv = pos, POKE_UINT16(type << 9))
      |                                               ^~~~~~~~~~~
external/lldpd++_repo_rules+lldpd_src/src/daemon/protocols/lldp.c:351:13: note: in expansion of macro 'POKE_START_LLDP_TLV'
  351 |       if (!(POKE_START_LLDP_TLV(LLDP_TLV_ORG) && POKE_BYTES(med, sizeof(med)) && \
      |             ^~~~~~~~~~~~~~~~~~~
external/lldpd++_repo_rules+lldpd_src/src/daemon/protocols/lldp.c:364:25: note: in expansion of macro 'LLDP_INVENTORY'
  364 |                         LLDP_INVENTORY(chassis->c_med_model, LLDP_TLV_MED_IV_MODEL);
      |                         ^~~~~~~~~~~~~~
external/lldpd++_repo_rules+lldpd_src/src/daemon/protocols/../frame.h:44:12: warning: comparison of integer expressions of different signedness: 'int' and 'long unsigned int' [-Wsign-compare]
   44 |   ((length >= (bytes)) &&        \
      |            ^~
external/lldpd++_repo_rules+lldpd_src/src/daemon/protocols/lldp.c:351:50: note: in expansion of macro 'POKE_BYTES'
  351 |       if (!(POKE_START_LLDP_TLV(LLDP_TLV_ORG) && POKE_BYTES(med, sizeof(med)) && \
      |                                                  ^~~~~~~~~~
external/lldpd++_repo_rules+lldpd_src/src/daemon/protocols/lldp.c:364:25: note: in expansion of macro 'LLDP_INVENTORY'
  364 |                         LLDP_INVENTORY(chassis->c_med_model, LLDP_TLV_MED_IV_MODEL);
      |                         ^~~~~~~~~~~~~~
external/lldpd++_repo_rules+lldpd_src/src/daemon/protocols/../frame.h:37:12: warning: comparison of integer expressions of different signedness: 'int' and 'long unsigned int' [-Wsign-compare]
   37 |   ((length >= sizeof(type)) &&                                                       \
      |            ^~
external/lldpd++_repo_rules+lldpd_src/src/daemon/protocols/../frame.h:40:27: note: in expansion of macro 'POKE'
   40 | #define POKE_UINT8(value) POKE(value, types.f_uint8, )
      |                           ^~~~
external/lldpd++_repo_rules+lldpd_src/src/daemon/protocols/lldp.c:352:15: note: in expansion of macro 'POKE_UINT8'
  352 |               POKE_UINT8(subtype) &&                                             \
      |               ^~~~~~~~~~
external/lldpd++_repo_rules+lldpd_src/src/daemon/protocols/lldp.c:364:25: note: in expansion of macro 'LLDP_INVENTORY'
  364 |                         LLDP_INVENTORY(chassis->c_med_model, LLDP_TLV_MED_IV_MODEL);
      |                         ^~~~~~~~~~~~~~
external/lldpd++_repo_rules+lldpd_src/src/daemon/protocols/../frame.h:44:12: warning: comparison of integer expressions of different signedness: 'int' and 'size_t' {aka 'long unsigned int'} [-Wsign-compare]
   44 |   ((length >= (bytes)) &&        \
      |            ^~
external/lldpd++_repo_rules+lldpd_src/src/daemon/protocols/lldp.c:353:15: note: in expansion of macro 'POKE_BYTES'
  353 |               POKE_BYTES(value, (strlen(value) > 32) ? 32 : strlen(value)) &&    \
      |               ^~~~~~~~~~
external/lldpd++_repo_rules+lldpd_src/src/daemon/protocols/lldp.c:364:25: note: in expansion of macro 'LLDP_INVENTORY'
  364 |                         LLDP_INVENTORY(chassis->c_med_model, LLDP_TLV_MED_IV_MODEL);
      |                         ^~~~~~~~~~~~~~
external/lldpd++_repo_rules+lldpd_src/src/daemon/protocols/../frame.h:37:12: warning: comparison of integer expressions of different signedness: 'int' and 'long unsigned int' [-Wsign-compare]
   37 |   ((length >= sizeof(type)) &&                                                       \
      |            ^~
external/lldpd++_repo_rules+lldpd_src/src/daemon/protocols/../frame.h:41:28: note: in expansion of macro 'POKE'
   41 | #define POKE_UINT16(value) POKE(value, types.f_uint16, htons)
      |                            ^~~~
external/lldpd++_repo_rules+lldpd_src/src/daemon/protocols/../frame.h:85:47: note: in expansion of macro 'POKE_UINT16'
   85 | #define POKE_START_LLDP_TLV(type) (tlv = pos, POKE_UINT16(type << 9))
      |                                               ^~~~~~~~~~~
external/lldpd++_repo_rules+lldpd_src/src/daemon/protocols/lldp.c:351:13: note: in expansion of macro 'POKE_START_LLDP_TLV'
  351 |       if (!(POKE_START_LLDP_TLV(LLDP_TLV_ORG) && POKE_BYTES(med, sizeof(med)) && \
      |             ^~~~~~~~~~~~~~~~~~~
external/lldpd++_repo_rules+lldpd_src/src/daemon/protocols/lldp.c:365:25: note: in expansion of macro 'LLDP_INVENTORY'
  365 |                         LLDP_INVENTORY(chassis->c_med_asset, LLDP_TLV_MED_IV_ASSET);
      |                         ^~~~~~~~~~~~~~
external/lldpd++_repo_rules+lldpd_src/src/daemon/protocols/../frame.h:44:12: warning: comparison of integer expressions of different signedness: 'int' and 'long unsigned int' [-Wsign-compare]
   44 |   ((length >= (bytes)) &&        \
      |            ^~
external/lldpd++_repo_rules+lldpd_src/src/daemon/protocols/lldp.c:351:50: note: in expansion of macro 'POKE_BYTES'
  351 |       if (!(POKE_START_LLDP_TLV(LLDP_TLV_ORG) && POKE_BYTES(med, sizeof(med)) && \
      |                                                  ^~~~~~~~~~
external/lldpd++_repo_rules+lldpd_src/src/daemon/protocols/lldp.c:365:25: note: in expansion of macro 'LLDP_INVENTORY'
  365 |                         LLDP_INVENTORY(chassis->c_med_asset, LLDP_TLV_MED_IV_ASSET);
      |                         ^~~~~~~~~~~~~~
external/lldpd++_repo_rules+lldpd_src/src/daemon/protocols/../frame.h:37:12: warning: comparison of integer expressions of different signedness: 'int' and 'long unsigned int' [-Wsign-compare]
   37 |   ((length >= sizeof(type)) &&                                                       \
      |            ^~
external/lldpd++_repo_rules+lldpd_src/src/daemon/protocols/../frame.h:40:27: note: in expansion of macro 'POKE'
   40 | #define POKE_UINT8(value) POKE(value, types.f_uint8, )
      |                           ^~~~
external/lldpd++_repo_rules+lldpd_src/src/daemon/protocols/lldp.c:352:15: note: in expansion of macro 'POKE_UINT8'
  352 |               POKE_UINT8(subtype) &&                                             \
      |               ^~~~~~~~~~
external/lldpd++_repo_rules+lldpd_src/src/daemon/protocols/lldp.c:365:25: note: in expansion of macro 'LLDP_INVENTORY'
  365 |                         LLDP_INVENTORY(chassis->c_med_asset, LLDP_TLV_MED_IV_ASSET);
      |                         ^~~~~~~~~~~~~~
external/lldpd++_repo_rules+lldpd_src/src/daemon/protocols/../frame.h:44:12: warning: comparison of integer expressions of different signedness: 'int' and 'size_t' {aka 'long unsigned int'} [-Wsign-compare]
   44 |   ((length >= (bytes)) &&        \
      |            ^~
external/lldpd++_repo_rules+lldpd_src/src/daemon/protocols/lldp.c:353:15: note: in expansion of macro 'POKE_BYTES'
  353 |               POKE_BYTES(value, (strlen(value) > 32) ? 32 : strlen(value)) &&    \
      |               ^~~~~~~~~~
external/lldpd++_repo_rules+lldpd_src/src/daemon/protocols/lldp.c:365:25: note: in expansion of macro 'LLDP_INVENTORY'
  365 |                         LLDP_INVENTORY(chassis->c_med_asset, LLDP_TLV_MED_IV_ASSET);
      |                         ^~~~~~~~~~~~~~
external/lldpd++_repo_rules+lldpd_src/src/daemon/protocols/../frame.h:37:12: warning: comparison of integer expressions of different signedness: 'int' and 'long unsigned int' [-Wsign-compare]
   37 |   ((length >= sizeof(type)) &&                                                       \
      |            ^~
external/lldpd++_repo_rules+lldpd_src/src/daemon/protocols/../frame.h:41:28: note: in expansion of macro 'POKE'
   41 | #define POKE_UINT16(value) POKE(value, types.f_uint16, htons)
      |                            ^~~~
external/lldpd++_repo_rules+lldpd_src/src/daemon/protocols/../frame.h:85:47: note: in expansion of macro 'POKE_UINT16'
   85 | #define POKE_START_LLDP_TLV(type) (tlv = pos, POKE_UINT16(type << 9))
      |                                               ^~~~~~~~~~~
external/lldpd++_repo_rules+lldpd_src/src/daemon/protocols/lldp.c:371:39: note: in expansion of macro 'POKE_START_LLDP_TLV'
  371 |                                 if (!(POKE_START_LLDP_TLV(LLDP_TLV_ORG) &&
      |                                       ^~~~~~~~~~~~~~~~~~~
external/lldpd++_repo_rules+lldpd_src/src/daemon/protocols/../frame.h:44:12: warning: comparison of integer expressions of different signedness: 'int' and 'long unsigned int' [-Wsign-compare]
   44 |   ((length >= (bytes)) &&        \
      |            ^~
external/lldpd++_repo_rules+lldpd_src/src/daemon/protocols/lldp.c:372:41: note: in expansion of macro 'POKE_BYTES'
  372 |                                         POKE_BYTES(med, sizeof(med)) &&
      |                                         ^~~~~~~~~~
external/lldpd++_repo_rules+lldpd_src/src/daemon/protocols/../frame.h:37:12: warning: comparison of integer expressions of different signedness: 'int' and 'long unsigned int' [-Wsign-compare]
   37 |   ((length >= sizeof(type)) &&                                                       \
      |            ^~
external/lldpd++_repo_rules+lldpd_src/src/daemon/protocols/../frame.h:40:27: note: in expansion of macro 'POKE'
   40 | #define POKE_UINT8(value) POKE(value, types.f_uint8, )
      |                           ^~~~
external/lldpd++_repo_rules+lldpd_src/src/daemon/protocols/lldp.c:373:41: note: in expansion of macro 'POKE_UINT8'
  373 |                                         POKE_UINT8(LLDP_TLV_MED_LOCATION) &&
      |                                         ^~~~~~~~~~
external/lldpd++_repo_rules+lldpd_src/src/daemon/protocols/../frame.h:37:12: warning: comparison of integer expressions of different signedness: 'int' and 'long unsigned int' [-Wsign-compare]
   37 |   ((length >= sizeof(type)) &&                                                       \
      |            ^~
external/lldpd++_repo_rules+lldpd_src/src/daemon/protocols/../frame.h:40:27: note: in expansion of macro 'POKE'
   40 | #define POKE_UINT8(value) POKE(value, types.f_uint8, )
      |                           ^~~~
external/lldpd++_repo_rules+lldpd_src/src/daemon/protocols/lldp.c:374:41: note: in expansion of macro 'POKE_UINT8'
  374 |                                         POKE_UINT8(port->p_med_location[i].format) &&
      |                                         ^~~~~~~~~~
external/lldpd++_repo_rules+lldpd_src/src/daemon/protocols/../frame.h:37:12: warning: comparison of integer expressions of different signedness: 'int' and 'long unsigned int' [-Wsign-compare]
   37 |   ((length >= sizeof(type)) &&                                                       \
      |            ^~
external/lldpd++_repo_rules+lldpd_src/src/daemon/protocols/../frame.h:41:28: note: in expansion of macro 'POKE'
   41 | #define POKE_UINT16(value) POKE(value, types.f_uint16, htons)
      |                            ^~~~
external/lldpd++_repo_rules+lldpd_src/src/daemon/protocols/../frame.h:85:47: note: in expansion of macro 'POKE_UINT16'
   85 | #define POKE_START_LLDP_TLV(type) (tlv = pos, POKE_UINT16(type << 9))
      |                                               ^~~~~~~~~~~
external/lldpd++_repo_rules+lldpd_src/src/daemon/protocols/lldp.c:385:39: note: in expansion of macro 'POKE_START_LLDP_TLV'
  385 |                                 if (!(POKE_START_LLDP_TLV(LLDP_TLV_ORG) &&
      |                                       ^~~~~~~~~~~~~~~~~~~
external/lldpd++_repo_rules+lldpd_src/src/daemon/protocols/../frame.h:44:12: warning: comparison of integer expressions of different signedness: 'int' and 'long unsigned int' [-Wsign-compare]
   44 |   ((length >= (bytes)) &&        \
      |            ^~
external/lldpd++_repo_rules+lldpd_src/src/daemon/protocols/lldp.c:386:41: note: in expansion of macro 'POKE_BYTES'
  386 |                                         POKE_BYTES(med, sizeof(med)) &&
      |                                         ^~~~~~~~~~
external/lldpd++_repo_rules+lldpd_src/src/daemon/protocols/../frame.h:37:12: warning: comparison of integer expressions of different signedness: 'int' and 'long unsigned int' [-Wsign-compare]
   37 |   ((length >= sizeof(type)) &&                                                       \
      |            ^~
external/lldpd++_repo_rules+lldpd_src/src/daemon/protocols/../frame.h:40:27: note: in expansion of macro 'POKE'
   40 | #define POKE_UINT8(value) POKE(value, types.f_uint8, )
      |                           ^~~~
external/lldpd++_repo_rules+lldpd_src/src/daemon/protocols/lldp.c:387:41: note: in expansion of macro 'POKE_UINT8'
  387 |                                         POKE_UINT8(LLDP_TLV_MED_POLICY) &&
      |                                         ^~~~~~~~~~
external/lldpd++_repo_rules+lldpd_src/src/daemon/protocols/../frame.h:37:12: warning: comparison of integer expressions of different signedness: 'int' and 'long unsigned int' [-Wsign-compare]
   37 |   ((length >= sizeof(type)) &&                                                       \
      |            ^~
external/lldpd++_repo_rules+lldpd_src/src/daemon/protocols/../frame.h:42:28: note: in expansion of macro 'POKE'
   42 | #define POKE_UINT32(value) POKE(value, types.f_uint32, htonl)
      |                            ^~~~
external/lldpd++_repo_rules+lldpd_src/src/daemon/protocols/lldp.c:388:41: note: in expansion of macro 'POKE_UINT32'
  388 |                                         POKE_UINT32((
      |                                         ^~~~~~~~~~~
external/lldpd++_repo_rules+lldpd_src/src/daemon/protocols/../frame.h:37:12: warning: comparison of integer expressions of different signedness: 'int' and 'long unsigned int' [-Wsign-compare]
   37 |   ((length >= sizeof(type)) &&                                                       \
      |            ^~
external/lldpd++_repo_rules+lldpd_src/src/daemon/protocols/../frame.h:41:28: note: in expansion of macro 'POKE'
   41 | #define POKE_UINT16(value) POKE(value, types.f_uint16, htons)
      |                            ^~~~
external/lldpd++_repo_rules+lldpd_src/src/daemon/protocols/../frame.h:85:47: note: in expansion of macro 'POKE_UINT16'
   85 | #define POKE_START_LLDP_TLV(type) (tlv = pos, POKE_UINT16(type << 9))
      |                                               ^~~~~~~~~~~
external/lldpd++_repo_rules+lldpd_src/src/daemon/protocols/lldp.c:412:31: note: in expansion of macro 'POKE_START_LLDP_TLV'
  412 |                         if (!(POKE_START_LLDP_TLV(LLDP_TLV_ORG) &&
      |                               ^~~~~~~~~~~~~~~~~~~
external/lldpd++_repo_rules+lldpd_src/src/daemon/protocols/../frame.h:44:12: warning: comparison of integer expressions of different signedness: 'int' and 'long unsigned int' [-Wsign-compare]
   44 |   ((length >= (bytes)) &&        \
      |            ^~
external/lldpd++_repo_rules+lldpd_src/src/daemon/protocols/lldp.c:413:33: note: in expansion of macro 'POKE_BYTES'
  413 |                                 POKE_BYTES(med, sizeof(med)) &&
      |                                 ^~~~~~~~~~
external/lldpd++_repo_rules+lldpd_src/src/daemon/protocols/../frame.h:37:12: warning: comparison of integer expressions of different signedness: 'int' and 'long unsigned int' [-Wsign-compare]
   37 |   ((length >= sizeof(type)) &&                                                       \
      |            ^~
external/lldpd++_repo_rules+lldpd_src/src/daemon/protocols/../frame.h:40:27: note: in expansion of macro 'POKE'
   40 | #define POKE_UINT8(value) POKE(value, types.f_uint8, )
      |                           ^~~~
external/lldpd++_repo_rules+lldpd_src/src/daemon/protocols/lldp.c:414:33: note: in expansion of macro 'POKE_UINT8'
  414 |                                 POKE_UINT8(LLDP_TLV_MED_MDI)))
      |                                 ^~~~~~~~~~
external/lldpd++_repo_rules+lldpd_src/src/daemon/protocols/../frame.h:37:12: warning: comparison of integer expressions of different signedness: 'int' and 'long unsigned int' [-Wsign-compare]
   37 |   ((length >= sizeof(type)) &&                                                       \
      |            ^~
external/lldpd++_repo_rules+lldpd_src/src/daemon/protocols/../frame.h:40:27: note: in expansion of macro 'POKE'
   40 | #define POKE_UINT8(value) POKE(value, types.f_uint8, )
      |                           ^~~~
external/lldpd++_repo_rules+lldpd_src/src/daemon/protocols/lldp.c:452:31: note: in expansion of macro 'POKE_UINT8'
  452 |                         if (!(POKE_UINT8((((devicetype % (1 << 2)) << 6) |
      |                               ^~~~~~~~~~
external/lldpd++_repo_rules+lldpd_src/src/daemon/protocols/../frame.h:37:12: warning: comparison of integer expressions of different signedness: 'int' and 'long unsigned int' [-Wsign-compare]
   37 |   ((length >= sizeof(type)) &&                                                       \
      |            ^~
external/lldpd++_repo_rules+lldpd_src/src/daemon/protocols/../frame.h:41:28: note: in expansion of macro 'POKE'
   41 | #define POKE_UINT16(value) POKE(value, types.f_uint16, htons)
      |                            ^~~~
external/lldpd++_repo_rules+lldpd_src/src/daemon/protocols/lldp.c:455:33: note: in expansion of macro 'POKE_UINT16'
  455 |                                 POKE_UINT16(port->p_med_power.val) &&
      |                                 ^~~~~~~~~~~
external/lldpd++_repo_rules+lldpd_src/src/daemon/protocols/../frame.h:37:12: warning: comparison of integer expressions of different signedness: 'int' and 'long unsigned int' [-Wsign-compare]
   37 |   ((length >= sizeof(type)) &&                                                       \
      |            ^~
external/lldpd++_repo_rules+lldpd_src/src/daemon/protocols/../frame.h:41:28: note: in expansion of macro 'POKE'
   41 | #define POKE_UINT16(value) POKE(value, types.f_uint16, htons)
      |                            ^~~~
external/lldpd++_repo_rules+lldpd_src/src/daemon/protocols/../frame.h:85:47: note: in expansion of macro 'POKE_UINT16'
   85 | #define POKE_START_LLDP_TLV(type) (tlv = pos, POKE_UINT16(type << 9))
      |                                               ^~~~~~~~~~~
external/lldpd++_repo_rules+lldpd_src/src/daemon/protocols/lldp.c:464:23: note: in expansion of macro 'POKE_START_LLDP_TLV'
  464 |                 if (!(POKE_START_LLDP_TLV(LLDP_TLV_ORG) &&
      |                       ^~~~~~~~~~~~~~~~~~~
external/lldpd++_repo_rules+lldpd_src/src/daemon/protocols/../frame.h:44:12: warning: comparison of integer expressions of different signedness: 'int' and 'long unsigned int' [-Wsign-compare]
   44 |   ((length >= (bytes)) &&        \
      |            ^~
external/lldpd++_repo_rules+lldpd_src/src/daemon/protocols/lldp.c:465:25: note: in expansion of macro 'POKE_BYTES'
  465 |                         POKE_BYTES(custom->oui, sizeof(custom->oui)) &&
      |                         ^~~~~~~~~~
external/lldpd++_repo_rules+lldpd_src/src/daemon/protocols/../frame.h:37:12: warning: comparison of integer expressions of different signedness: 'int' and 'long unsigned int' [-Wsign-compare]
   37 |   ((length >= sizeof(type)) &&                                                       \
      |            ^~
external/lldpd++_repo_rules+lldpd_src/src/daemon/protocols/../frame.h:40:27: note: in expansion of macro 'POKE'
   40 | #define POKE_UINT8(value) POKE(value, types.f_uint8, )
      |                           ^~~~
external/lldpd++_repo_rules+lldpd_src/src/daemon/protocols/lldp.c:466:25: note: in expansion of macro 'POKE_UINT8'
  466 |                         POKE_UINT8(custom->subtype) &&
      |                         ^~~~~~~~~~
external/lldpd++_repo_rules+lldpd_src/src/daemon/protocols/../frame.h:37:12: warning: comparison of integer expressions of different signedness: 'int' and 'long unsigned int' [-Wsign-compare]
   37 |   ((length >= sizeof(type)) &&                                                       \
      |            ^~
external/lldpd++_repo_rules+lldpd_src/src/daemon/protocols/../frame.h:41:28: note: in expansion of macro 'POKE'
   41 | #define POKE_UINT16(value) POKE(value, types.f_uint16, htons)
      |                            ^~~~
external/lldpd++_repo_rules+lldpd_src/src/daemon/protocols/../frame.h:85:47: note: in expansion of macro 'POKE_UINT16'
   85 | #define POKE_START_LLDP_TLV(type) (tlv = pos, POKE_UINT16(type << 9))
      |                                               ^~~~~~~~~~~
external/lldpd++_repo_rules+lldpd_src/src/daemon/protocols/lldp.c:475:15: note: in expansion of macro 'POKE_START_LLDP_TLV'
  475 |         if (!(POKE_START_LLDP_TLV(LLDP_TLV_END) && POKE_END_LLDP_TLV)) goto toobig;
      |               ^~~~~~~~~~~~~~~~~~~
external/lldpd++_repo_rules+lldpd_src/src/daemon/protocols/lldp.c: In function 'lldp_decode':
external/lldpd++_repo_rules+lldpd_src/src/daemon/protocols/lldp.c:649:20: warning: comparison of integer expressions of different signedness: 'int' and 'long unsigned int' [-Wsign-compare]
  649 |         if (length < 2 * ETHER_ADDR_LEN + sizeof(u_int16_t)) {
      |                    ^
INFO: From Compiling external/bash+/builtins/suspend.c:
/data/sonic/sonic-dzf-time-measure/.measure/20260901-233744/bazel-fully-cold-attempt3/output-base/sandbox/linux-sandbox/2620/execroot/_main/external/bash++_repo_rules+bash_src/builtins/suspend.def: In function 'suspend_continue':
/data/sonic/sonic-dzf-time-measure/.measure/20260901-233744/bazel-fully-cold-attempt3/output-base/sandbox/linux-sandbox/2620/execroot/_main/external/bash++_repo_rules+bash_src/builtins/suspend.def:69:10: warning: unused parameter 'sig' [-Wunused-parameter]
INFO: From Compiling lib/readline/savestring.c:
external/bash++_repo_rules+bash_src/lib/readline/savestring.c:22:9: warning: "READLINE_LIBRARY" redefined
   22 | #define READLINE_LIBRARY
      |         ^~~~~~~~~~~~~~~~
<command-line>: note: this is the location of the previous definition
INFO: From Compiling grub-core/lib/libgcrypt-grub/cipher/rijndael.c:
external/sonic-build-infra++_repo_rules4+grub_src/grub-core/lib/libgcrypt-grub/cipher/rijndael.c: In function 'do_setkey':
external/sonic-build-infra++_repo_rules4+grub_src/grub-core/lib/libgcrypt-grub/cipher/rijndael.c:229:9: warning: suggest braces around empty body in an 'if' statement [-Wempty-body]
  229 |         ;
      |         ^
INFO: From Compiling external/bash+/builtins/printf.c:
/data/sonic/sonic-dzf-time-measure/.measure/20260901-233744/bazel-fully-cold-attempt3/output-base/sandbox/linux-sandbox/2620/execroot/_main/external/bash++_repo_rules+bash_src/builtins/printf.def: In function 'printf_builtin':
/data/sonic/sonic-dzf-time-measure/.measure/20260901-233744/bazel-fully-cold-attempt3/output-base/sandbox/linux-sandbox/2620/execroot/_main/external/bash++_repo_rules+bash_src/builtins/printf.def:614:21: warning: comparison of integer expressions of different signedness: 'int' and 'size_t' {aka 'long unsigned int'} [-Wsign-compare]
/data/sonic/sonic-dzf-time-measure/.measure/20260901-233744/bazel-fully-cold-attempt3/output-base/sandbox/linux-sandbox/2620/execroot/_main/external/bash++_repo_rules+bash_src/builtins/printf.def:628:13: warning: comparison of integer expressions of different signedness: 'size_t' {aka 'long unsigned int'} and 'int' [-Wsign-compare]
/data/sonic/sonic-dzf-time-measure/.measure/20260901-233744/bazel-fully-cold-attempt3/output-base/sandbox/linux-sandbox/2620/execroot/_main/external/bash++_repo_rules+bash_src/builtins/printf.def: In function 'tescape':
/data/sonic/sonic-dzf-time-measure/.measure/20260901-233744/bazel-fully-cold-attempt3/output-base/sandbox/linux-sandbox/2620/execroot/_main/external/bash++_repo_rules+bash_src/builtins/printf.def:990:5: warning: this statement may fall through [-Wimplicit-fallthrough=]
/data/sonic/sonic-dzf-time-measure/.measure/20260901-233744/bazel-fully-cold-attempt3/output-base/sandbox/linux-sandbox/2620/execroot/_main/external/bash++_repo_rules+bash_src/builtins/printf.def:996:7: note: here
INFO: From Compiling external/libnl3++_repo_rules+libnl3_src/pktloc_syntax.c:
<command-line>: warning: "_FORTIFY_SOURCE" redefined
<command-line>: note: this is the location of the previous definition
INFO: From Compiling lib/sh/wcsnwidth.c:
external/bash++_repo_rules+bash_src/lib/sh/wcsnwidth.c: In function 'wcsnwidth':
external/bash++_repo_rules+bash_src/lib/sh/wcsnwidth.c:48:18: warning: comparison of integer expressions of different signedness: 'int' and 'size_t' {aka 'long unsigned int'} [-Wsign-compare]
   48 |       else if (l == max - len)
      |                  ^~
external/bash++_repo_rules+bash_src/lib/sh/wcsnwidth.c:50:18: warning: comparison of integer expressions of different signedness: 'int' and 'size_t' {aka 'long unsigned int'} [-Wsign-compare]
   50 |       else if (l > max - len)
      |                  ^
INFO: From Compiling src/daemon/privsep_io.c:
external/lldpd++_repo_rules+lldpd_src/src/daemon/privsep_io.c: In function 'may_read':
external/lldpd++_repo_rules+lldpd_src/src/daemon/privsep_io.c:43:18: warning: comparison of integer expressions of different signedness: 'size_t' {aka 'long unsigned int'} and 'ssize_t' {aka 'long int'} [-Wsign-compare]
   43 |         while (n > pos) {
      |                  ^
external/lldpd++_repo_rules+lldpd_src/src/daemon/privsep_io.c: In function 'must_read':
external/lldpd++_repo_rules+lldpd_src/src/daemon/privsep_io.c:66:18: warning: comparison of integer expressions of different signedness: 'size_t' {aka 'long unsigned int'} and 'ssize_t' {aka 'long int'} [-Wsign-compare]
   66 |         while (n > pos) {
      |                  ^
external/lldpd++_repo_rules+lldpd_src/src/daemon/privsep_io.c: In function 'must_write':
external/lldpd++_repo_rules+lldpd_src/src/daemon/privsep_io.c:88:18: warning: comparison of integer expressions of different signedness: 'size_t' {aka 'long unsigned int'} and 'ssize_t' {aka 'long int'} [-Wsign-compare]
   88 |         while (n > pos) {
      |                  ^
INFO: From Compiling src/Linux/readPackets.c:
external/sflow++_repo_rules+hsflowd_src/src/Linux/readPackets.c: In function 'decodePacketHeader':
external/sflow++_repo_rules+hsflowd_src/src/Linux/readPackets.c:680:24: warning: comparison of integer expressions of different signedness: 'long int' and 'long unsigned int' [-Wsign-compare]
  680 |       if((end - start) < sizeof(struct iphdr))
      |                        ^
external/sflow++_repo_rules+hsflowd_src/src/Linux/readPackets.c:719:22: warning: comparison of integer expressions of different signedness: 'long int' and 'long unsigned int' [-Wsign-compare]
  719 |       if((end - ptr) < sizeof(struct iphdr))
      |                      ^
INFO: From Compiling external/bash+/builtins/history.c:
/data/sonic/sonic-dzf-time-measure/.measure/20260901-233744/bazel-fully-cold-attempt3/output-base/sandbox/linux-sandbox/2620/execroot/_main/external/bash++_repo_rules+bash_src/builtins/history.def: In function 'history_builtin':
/data/sonic/sonic-dzf-time-measure/.measure/20260901-233744/bazel-fully-cold-attempt3/output-base/sandbox/linux-sandbox/2620/execroot/_main/external/bash++_repo_rules+bash_src/builtins/history.def:185:59: warning: 'delete_arg' may be used uninitialized [-Wmaybe-uninitialized]
/data/sonic/sonic-dzf-time-measure/.measure/20260901-233744/bazel-fully-cold-attempt3/output-base/sandbox/linux-sandbox/2620/execroot/_main/external/bash++_repo_rules+bash_src/builtins/history.def:112:20: note: 'delete_arg' was declared here
INFO: From Compiling lib/sh/eaccess.c:
external/bash++_repo_rules+bash_src/lib/sh/eaccess.c:176:1: warning: 'sh_euidaccess' defined but not used [-Wunused-function]
  176 | sh_euidaccess (path, mode)
      | ^~~~~~~~~~~~~
INFO: From Compiling external/bash+/builtins/help.c:
/data/sonic/sonic-dzf-time-measure/.measure/20260901-233744/bazel-fully-cold-attempt3/output-base/sandbox/linux-sandbox/2620/execroot/_main/external/bash++_repo_rules+bash_src/builtins/help.def: In function 'show_desc':
/data/sonic/sonic-dzf-time-measure/.measure/20260901-233744/bazel-fully-cold-attempt3/output-base/sandbox/linux-sandbox/2620/execroot/_main/external/bash++_repo_rules+bash_src/builtins/help.def:260:19: warning: variable 'r' set but not used [-Wunused-but-set-variable]
/data/sonic/sonic-dzf-time-measure/.measure/20260901-233744/bazel-fully-cold-attempt3/output-base/sandbox/linux-sandbox/2620/execroot/_main/external/bash++_repo_rules+bash_src/builtins/help.def: In function 'dispcolumn':
/data/sonic/sonic-dzf-time-measure/.measure/20260901-233744/bazel-fully-cold-attempt3/output-base/sandbox/linux-sandbox/2620/execroot/_main/external/bash++_repo_rules+bash_src/builtins/help.def:372:13: warning: unused parameter 'bufsize' [-Wunused-parameter]
/data/sonic/sonic-dzf-time-measure/.measure/20260901-233744/bazel-fully-cold-attempt3/output-base/sandbox/linux-sandbox/2620/execroot/_main/external/bash++_repo_rules+bash_src/builtins/help.def: In function 'wdispcolumn':
/data/sonic/sonic-dzf-time-measure/.measure/20260901-233744/bazel-fully-cold-attempt3/output-base/sandbox/linux-sandbox/2620/execroot/_main/external/bash++_repo_rules+bash_src/builtins/help.def:428:12: warning: comparison of integer expressions of different signedness: 'size_t' {aka 'long unsigned int'} and 'int' [-Wsign-compare]
/data/sonic/sonic-dzf-time-measure/.measure/20260901-233744/bazel-fully-cold-attempt3/output-base/sandbox/linux-sandbox/2620/execroot/_main/external/bash++_repo_rules+bash_src/builtins/help.def:435:12: warning: comparison of integer expressions of different signedness: 'size_t' {aka 'long unsigned int'} and 'int' [-Wsign-compare]
/data/sonic/sonic-dzf-time-measure/.measure/20260901-233744/bazel-fully-cold-attempt3/output-base/sandbox/linux-sandbox/2620/execroot/_main/external/bash++_repo_rules+bash_src/builtins/help.def:443:17: warning: comparison of integer expressions of different signedness: 'int' and 'size_t' {aka 'long unsigned int'} [-Wsign-compare]
/data/sonic/sonic-dzf-time-measure/.measure/20260901-233744/bazel-fully-cold-attempt3/output-base/sandbox/linux-sandbox/2620/execroot/_main/external/bash++_repo_rules+bash_src/builtins/help.def:475:12: warning: comparison of integer expressions of different signedness: 'size_t' {aka 'long unsigned int'} and 'int' [-Wsign-compare]
/data/sonic/sonic-dzf-time-measure/.measure/20260901-233744/bazel-fully-cold-attempt3/output-base/sandbox/linux-sandbox/2620/execroot/_main/external/bash++_repo_rules+bash_src/builtins/help.def:484:12: warning: comparison of integer expressions of different signedness: 'size_t' {aka 'long unsigned int'} and 'int' [-Wsign-compare]
/data/sonic/sonic-dzf-time-measure/.measure/20260901-233744/bazel-fully-cold-attempt3/output-base/sandbox/linux-sandbox/2620/execroot/_main/external/bash++_repo_rules+bash_src/builtins/help.def:490:17: warning: comparison of integer expressions of different signedness: 'int' and 'size_t' {aka 'long unsigned int'} [-Wsign-compare]
/data/sonic/sonic-dzf-time-measure/.measure/20260901-233744/bazel-fully-cold-attempt3/output-base/sandbox/linux-sandbox/2620/execroot/_main/external/bash++_repo_rules+bash_src/builtins/help.def: In function 'show_builtin_command_help':
/data/sonic/sonic-dzf-time-measure/.measure/20260901-233744/bazel-fully-cold-attempt3/output-base/sandbox/linux-sandbox/2620/execroot/_main/external/bash++_repo_rules+bash_src/builtins/help.def:534:13: warning: comparison of integer expressions of different signedness: 'int' and 'long unsigned int' [-Wsign-compare]
/data/sonic/sonic-dzf-time-measure/.measure/20260901-233744/bazel-fully-cold-attempt3/output-base/sandbox/linux-sandbox/2620/execroot/_main/external/bash++_repo_rules+bash_src/builtins/help.def:520:9: warning: unused variable 't' [-Wunused-variable]
/data/sonic/sonic-dzf-time-measure/.measure/20260901-233744/bazel-fully-cold-attempt3/output-base/sandbox/linux-sandbox/2620/execroot/_main/external/bash++_repo_rules+bash_src/builtins/help.def:518:10: warning: unused variable 'j' [-Wunused-variable]
INFO: From Compiling lib/socket.c:
<command-line>: warning: "_FORTIFY_SOURCE" redefined
<command-line>: note: this is the location of the previous definition
INFO: From Executing genrule @@sonic-fib+//:gen_nexthopgroupfull_json_h:
✅ Generated bazel-out/k8-opt/bin/external/sonic-fib+/nexthopgroupfull_json.h (mode: json_bindings)
INFO: From Compiling src/daemon/lldpd.c:
external/lldpd++_repo_rules+lldpd_src/src/daemon/lldpd.c: In function 'lldpd_decode':
external/lldpd++_repo_rules+lldpd_src/src/daemon/lldpd.c:556:15: warning: comparison of integer expressions of different signedness: 'int' and 'long unsigned int' [-Wsign-compare]
  556 |         if (s < sizeof(struct ether_header) + 4) {
      |               ^
external/lldpd++_repo_rules+lldpd_src/src/daemon/lldpd.c: In function 'lldpd_get_lsb_release':
external/lldpd++_repo_rules+lldpd_src/src/daemon/lldpd.c:800:32: warning: comparison of integer expressions of different signedness: 'int' and 'long unsigned int' [-Wsign-compare]
  800 |                 } while (count < sizeof(release) && (status > 0));
      |                                ^
external/lldpd++_repo_rules+lldpd_src/src/daemon/lldpd.c:808:27: warning: comparison of integer expressions of different signedness: 'int' and 'long unsigned int' [-Wsign-compare]
  808 |                 if (count >= sizeof(release)) {
      |                           ^~
external/lldpd++_repo_rules+lldpd_src/src/daemon/lldpd.c: In function 'lldpd_hide_ports':
external/lldpd++_repo_rules+lldpd_src/src/daemon/lldpd.c:896:51: warning: comparison of integer expressions of different signedness: 'int' and 'unsigned int' [-Wsign-compare]
  896 |                 if (protocols[i] && (protocols[i] < min)) min = protocols[i];
      |                                                   ^
external/lldpd++_repo_rules+lldpd_src/src/daemon/lldpd.c:899:35: warning: comparison of integer expressions of different signedness: 'int' and 'unsigned int' [-Wsign-compare]
  899 |                 if ((protocols[i] == min) && !found) {
      |                                   ^~
INFO: From Compiling lib/readline/readline.c:
external/bash++_repo_rules+bash_src/lib/readline/readline.c:23:9: warning: "READLINE_LIBRARY" redefined
   23 | #define READLINE_LIBRARY
      |         ^~~~~~~~~~~~~~~~
<command-line>: note: this is the location of the previous definition
external/bash++_repo_rules+bash_src/lib/readline/readline.c: In function 'readline_internal_char':
external/bash++_repo_rules+bash_src/lib/readline/readline.c:568:20: warning: variable 'r' set but not used [-Wunused-but-set-variable]
  568 |   int c, code, lk, r;
      |                    ^
external/bash++_repo_rules+bash_src/lib/readline/readline.c:567:21: warning: unused variable 'eof_found' [-Wunused-variable]
  567 |   static int lastc, eof_found;
      |                     ^~~~~~~~~
external/bash++_repo_rules+bash_src/lib/readline/readline.c: At top level:
external/bash++_repo_rules+bash_src/lib/readline/readline.c:1343:1: warning: 'reset_default_bindings' defined but not used [-Wunused-function]
 1343 | reset_default_bindings (void)
      | ^~~~~~~~~~~~~~~~~~~~~~
In file included from external/bash++_repo_rules+bash_src/lib/readline/readline.c:76:
external/bash++_repo_rules+bash_src/lib/readline/parse-colors.h:44:14: warning: 'color_buf' defined but not used [-Wunused-variable]
   44 | static char *color_buf;
      |              ^~~~~~~~~
INFO: From Compiling lib/sh/utf8.c:
external/bash++_repo_rules+bash_src/lib/sh/utf8.c: In function 'utf8_mbsnlen':
external/bash++_repo_rules+bash_src/lib/sh/utf8.c:66:13: warning: unused parameter 'srclen' [-Wunused-parameter]
   66 |      size_t srclen;
      |             ^~~~~~
INFO: From Compiling lib/readline/complete.c:
external/bash++_repo_rules+bash_src/lib/readline/complete.c:22:9: warning: "READLINE_LIBRARY" redefined
   22 | #define READLINE_LIBRARY
      |         ^~~~~~~~~~~~~~~~
<command-line>: note: this is the location of the previous definition
external/bash++_repo_rules+bash_src/lib/readline/complete.c: In function 'rl_possible_completions':
external/bash++_repo_rules+bash_src/lib/readline/complete.c:456:30: warning: unused parameter 'ignore' [-Wunused-parameter]
  456 | rl_possible_completions (int ignore, int invoking_key)
      |                          ~~~~^~~~~~
external/bash++_repo_rules+bash_src/lib/readline/complete.c: In function 'rl_insert_completions':
external/bash++_repo_rules+bash_src/lib/readline/complete.c:463:28: warning: unused parameter 'ignore' [-Wunused-parameter]
  463 | rl_insert_completions (int ignore, int invoking_key)
      |                        ~~~~^~~~~~
external/bash++_repo_rules+bash_src/lib/readline/complete.c: In function 'rl_quote_filename':
external/bash++_repo_rules+bash_src/lib/readline/complete.c:1051:33: warning: unused parameter 'rtype' [-Wunused-parameter]
 1051 | rl_quote_filename (char *s, int rtype, char *qcp)
      |                             ~~~~^~~~~
external/bash++_repo_rules+bash_src/lib/readline/complete.c: In function 'compute_lcd_of_matches':
external/bash++_repo_rules+bash_src/lib/readline/complete.c:1323:7: warning: unused variable 'v' [-Wunused-variable]
 1323 |   int v;
      |       ^
external/bash++_repo_rules+bash_src/lib/readline/complete.c: In function 'rl_filename_completion_function':
external/bash++_repo_rules+bash_src/lib/readline/complete.c:2603:42: warning: operand of '?:' changes signedness from 'int' to 'size_t' {aka 'long unsigned int'} due to unsignedness of other operand [-Wsign-compare]
 2603 |           convlen = (convfn == dentry) ? dentlen : strlen (convfn);
      |                                          ^~~~~~~
external/bash++_repo_rules+bash_src/lib/readline/complete.c: In function 'rl_menu_complete':
external/bash++_repo_rules+bash_src/lib/readline/complete.c:2844:25: warning: unused variable 'cstate' [-Wunused-variable]
 2844 |   static int delimiter, cstate;
      |                         ^~~~~~
external/bash++_repo_rules+bash_src/lib/readline/complete.c:2831:34: warning: unused parameter 'ignore' [-Wunused-parameter]
 2831 | rl_menu_complete (int count, int ignore)
      |                              ~~~~^~~~~~
external/bash++_repo_rules+bash_src/lib/readline/complete.c: In function 'print_filename':
external/bash++_repo_rules+bash_src/lib/readline/complete.c:1043:22: warning: 'printed_len' may be used uninitialized [-Wmaybe-uninitialized]
 1043 |           printed_len++;
      |           ~~~~~~~~~~~^~
external/bash++_repo_rules+bash_src/lib/readline/complete.c:936:7: note: 'printed_len' was declared here
  936 |   int printed_len, extension_char, slen, tlen;
      |       ^~~~~~~~~~~
external/bash++_repo_rules+bash_src/lib/readline/complete.c: In function 'rl_complete_internal':
external/bash++_repo_rules+bash_src/lib/readline/complete.c:2104:14: warning: 'tlen' may be used uninitialized [-Wmaybe-uninitialized]
 2104 |           if (mlen >= tlen)
      |              ^
external/bash++_repo_rules+bash_src/lib/readline/complete.c:2007:7: note: 'tlen' was declared here
 2007 |   int tlen, mlen, saved_last_completion_failed;
      |       ^~~~
INFO: From Compiling teamd/teamd_lw_arp_ping.c:
external/libteam++_repo_rules+libteam_src/teamd/teamd_lw_arp_ping.c: In function 'lw_ap_load_options':
external/libteam++_repo_rules+libteam_src/teamd/teamd_lw_arp_ping.c:162:50: warning: unused parameter 'tdport' [-Wunused-parameter]
  162 |                               struct teamd_port *tdport,
      |                               ~~~~~~~~~~~~~~~~~~~^~~~~~
external/libteam++_repo_rules+libteam_src/teamd/teamd_lw_arp_ping.c: In function 'lw_ap_state_source_host_get':
external/libteam++_repo_rules+libteam_src/teamd/teamd_lw_arp_ping.c:374:62: warning: unused parameter 'ctx' [-Wunused-parameter]
  374 | static int lw_ap_state_source_host_get(struct teamd_context *ctx,
      |                                        ~~~~~~~~~~~~~~~~~~~~~~^~~
external/libteam++_repo_rules+libteam_src/teamd/teamd_lw_arp_ping.c: In function 'lw_ap_state_target_host_get':
external/libteam++_repo_rules+libteam_src/teamd/teamd_lw_arp_ping.c:386:62: warning: unused parameter 'ctx' [-Wunused-parameter]
  386 | static int lw_ap_state_target_host_get(struct teamd_context *ctx,
      |                                        ~~~~~~~~~~~~~~~~~~~~~~^~~
external/libteam++_repo_rules+libteam_src/teamd/teamd_lw_arp_ping.c: In function 'lw_ap_state_validate_active_get':
external/libteam++_repo_rules+libteam_src/teamd/teamd_lw_arp_ping.c:398:66: warning: unused parameter 'ctx' [-Wunused-parameter]
  398 | static int lw_ap_state_validate_active_get(struct teamd_context *ctx,
      |                                            ~~~~~~~~~~~~~~~~~~~~~~^~~
external/libteam++_repo_rules+libteam_src/teamd/teamd_lw_arp_ping.c: In function 'lw_ap_state_validate_inactive_get':
external/libteam++_repo_rules+libteam_src/teamd/teamd_lw_arp_ping.c:410:68: warning: unused parameter 'ctx' [-Wunused-parameter]
  410 | static int lw_ap_state_validate_inactive_get(struct teamd_context *ctx,
      |                                              ~~~~~~~~~~~~~~~~~~~~~~^~~
external/libteam++_repo_rules+libteam_src/teamd/teamd_lw_arp_ping.c: In function 'lw_ap_state_send_always_get':
external/libteam++_repo_rules+libteam_src/teamd/teamd_lw_arp_ping.c:422:62: warning: unused parameter 'ctx' [-Wunused-parameter]
  422 | static int lw_ap_state_send_always_get(struct teamd_context *ctx,
      |                                        ~~~~~~~~~~~~~~~~~~~~~~^~~
INFO: From Compiling lib/readline/rltty.c:
external/bash++_repo_rules+bash_src/lib/readline/rltty.c:23:9: warning: "READLINE_LIBRARY" redefined
   23 | #define READLINE_LIBRARY
      |         ^~~~~~~~~~~~~~~~
<command-line>: note: this is the location of the previous definition
external/bash++_repo_rules+bash_src/lib/readline/rltty.c: In function 'rl_restart_output':
external/bash++_repo_rules+bash_src/lib/readline/rltty.c:740:24: warning: unused parameter 'count' [-Wunused-parameter]
  740 | rl_restart_output (int count, int key)
      |                    ~~~~^~~~~
external/bash++_repo_rules+bash_src/lib/readline/rltty.c:740:35: warning: unused parameter 'key' [-Wunused-parameter]
  740 | rl_restart_output (int count, int key)
      |                               ~~~~^~~
external/bash++_repo_rules+bash_src/lib/readline/rltty.c: In function 'rl_stop_output':
external/bash++_repo_rules+bash_src/lib/readline/rltty.c:777:21: warning: unused parameter 'count' [-Wunused-parameter]
  777 | rl_stop_output (int count, int key)
      |                 ~~~~^~~~~
external/bash++_repo_rules+bash_src/lib/readline/rltty.c:777:32: warning: unused parameter 'key' [-Wunused-parameter]
  777 | rl_stop_output (int count, int key)
      |                            ~~~~^~~
INFO: From Compiling lib/readline/vi_mode.c:
external/bash++_repo_rules+bash_src/lib/readline/vi_mode.c:23:9: warning: "READLINE_LIBRARY" redefined
   23 | #define READLINE_LIBRARY
      |         ^~~~~~~~~~~~~~~~
<command-line>: note: this is the location of the previous definition
external/bash++_repo_rules+bash_src/lib/readline/vi_mode.c: In function 'rl_vi_redo':
external/bash++_repo_rules+bash_src/lib/readline/vi_mode.c:246:28: warning: unused parameter 'c' [-Wunused-parameter]
  246 | rl_vi_redo (int count, int c)
      |                        ~~~~^
external/bash++_repo_rules+bash_src/lib/readline/vi_mode.c: In function 'rl_vi_complete':
external/bash++_repo_rules+bash_src/lib/readline/vi_mode.c:385:21: warning: unused parameter 'ignore' [-Wunused-parameter]
  385 | rl_vi_complete (int ignore, int key)
      |                 ~~~~^~~~~~
external/bash++_repo_rules+bash_src/lib/readline/vi_mode.c: In function 'rl_vi_tilde_expand':
external/bash++_repo_rules+bash_src/lib/readline/vi_mode.c:411:25: warning: unused parameter 'ignore' [-Wunused-parameter]
  411 | rl_vi_tilde_expand (int ignore, int key)
      |                     ~~~~^~~~~~
external/bash++_repo_rules+bash_src/lib/readline/vi_mode.c: In function 'rl_vi_fWord':
external/bash++_repo_rules+bash_src/lib/readline/vi_mode.c:541:29: warning: unused parameter 'ignore' [-Wunused-parameter]
  541 | rl_vi_fWord (int count, int ignore)
      |                         ~~~~^~~~~~
external/bash++_repo_rules+bash_src/lib/readline/vi_mode.c: In function 'rl_vi_bWord':
external/bash++_repo_rules+bash_src/lib/readline/vi_mode.c:557:29: warning: unused parameter 'ignore' [-Wunused-parameter]
  557 | rl_vi_bWord (int count, int ignore)
      |                         ~~~~^~~~~~
external/bash++_repo_rules+bash_src/lib/readline/vi_mode.c: In function 'rl_vi_eWord':
external/bash++_repo_rules+bash_src/lib/readline/vi_mode.c:586:29: warning: unused parameter 'ignore' [-Wunused-parameter]
  586 | rl_vi_eWord (int count, int ignore)
      |                         ~~~~^~~~~~
external/bash++_repo_rules+bash_src/lib/readline/vi_mode.c: In function 'rl_vi_fword':
external/bash++_repo_rules+bash_src/lib/readline/vi_mode.c:622:7: warning: variable 'opoint' set but not used [-Wunused-but-set-variable]
  622 |   int opoint;
      |       ^~~~~~
external/bash++_repo_rules+bash_src/lib/readline/vi_mode.c:620:29: warning: unused parameter 'ignore' [-Wunused-parameter]
  620 | rl_vi_fword (int count, int ignore)
      |                         ~~~~^~~~~~
external/bash++_repo_rules+bash_src/lib/readline/vi_mode.c: In function 'rl_vi_bword':
external/bash++_repo_rules+bash_src/lib/readline/vi_mode.c:649:29: warning: unused parameter 'ignore' [-Wunused-parameter]
  649 | rl_vi_bword (int count, int ignore)
      |                         ~~~~^~~~~~
external/bash++_repo_rules+bash_src/lib/readline/vi_mode.c: In function 'rl_vi_eword':
external/bash++_repo_rules+bash_src/lib/readline/vi_mode.c:703:29: warning: unused parameter 'ignore' [-Wunused-parameter]
  703 | rl_vi_eword (int count, int ignore)
      |                         ~~~~^~~~~~
external/bash++_repo_rules+bash_src/lib/readline/vi_mode.c: In function 'rl_vi_insert_beg':
external/bash++_repo_rules+bash_src/lib/readline/vi_mode.c:738:23: warning: unused parameter 'count' [-Wunused-parameter]
  738 | rl_vi_insert_beg (int count, int key)
      |                   ~~~~^~~~~
external/bash++_repo_rules+bash_src/lib/readline/vi_mode.c: In function '_rl_vi_append_forward':
external/bash++_repo_rules+bash_src/lib/readline/vi_mode.c:746:28: warning: unused parameter 'key' [-Wunused-parameter]
  746 | _rl_vi_append_forward (int key)
      |                        ~~~~^~~
external/bash++_repo_rules+bash_src/lib/readline/vi_mode.c: In function 'rl_vi_append_mode':
external/bash++_repo_rules+bash_src/lib/readline/vi_mode.c:752:24: warning: unused parameter 'count' [-Wunused-parameter]
  752 | rl_vi_append_mode (int count, int key)
      |                    ~~~~^~~~~
external/bash++_repo_rules+bash_src/lib/readline/vi_mode.c: In function 'rl_vi_append_eol':
external/bash++_repo_rules+bash_src/lib/readline/vi_mode.c:760:23: warning: unused parameter 'count' [-Wunused-parameter]
  760 | rl_vi_append_eol (int count, int key)
      |                   ~~~~^~~~~
external/bash++_repo_rules+bash_src/lib/readline/vi_mode.c: In function 'rl_vi_eof_maybe':
external/bash++_repo_rules+bash_src/lib/readline/vi_mode.c:769:22: warning: unused parameter 'count' [-Wunused-parameter]
  769 | rl_vi_eof_maybe (int count, int c)
      |                  ~~~~^~~~~
external/bash++_repo_rules+bash_src/lib/readline/vi_mode.c:769:33: warning: unused parameter 'c' [-Wunused-parameter]
  769 | rl_vi_eof_maybe (int count, int c)
      |                             ~~~~^
external/bash++_repo_rules+bash_src/lib/readline/vi_mode.c: In function 'rl_vi_insertion_mode':
external/bash++_repo_rules+bash_src/lib/readline/vi_mode.c:779:27: warning: unused parameter 'count' [-Wunused-parameter]
  779 | rl_vi_insertion_mode (int count, int key)
      |                       ~~~~^~~~~
external/bash++_repo_rules+bash_src/lib/readline/vi_mode.c: In function 'rl_vi_insert_mode':
external/bash++_repo_rules+bash_src/lib/readline/vi_mode.c:789:24: warning: unused parameter 'count' [-Wunused-parameter]
  789 | rl_vi_insert_mode (int count, int key)
      |                    ~~~~^~~~~
external/bash++_repo_rules+bash_src/lib/readline/vi_mode.c: In function 'rl_vi_movement_mode':
external/bash++_repo_rules+bash_src/lib/readline/vi_mode.c:896:26: warning: unused parameter 'count' [-Wunused-parameter]
  896 | rl_vi_movement_mode (int count, int key)
      |                      ~~~~^~~~~
external/bash++_repo_rules+bash_src/lib/readline/vi_mode.c: In function 'rl_vi_change_case':
external/bash++_repo_rules+bash_src/lib/readline/vi_mode.c:981:35: warning: unused parameter 'ignore' [-Wunused-parameter]
  981 | rl_vi_change_case (int count, int ignore)
      |                               ~~~~^~~~~~
external/bash++_repo_rules+bash_src/lib/readline/vi_mode.c: In function 'rl_vi_domove_getchar':
external/bash++_repo_rules+bash_src/lib/readline/vi_mode.c:1319:41: warning: unused parameter 'm' [-Wunused-parameter]
 1319 | rl_vi_domove_getchar (_rl_vimotion_cxt *m)
      |                       ~~~~~~~~~~~~~~~~~~^
external/bash++_repo_rules+bash_src/lib/readline/vi_mode.c: In function 'rl_vi_domove':
external/bash++_repo_rules+bash_src/lib/readline/vi_mode.c:1343:7: warning: unused variable 'r' [-Wunused-variable]
 1343 |   int r;
      |       ^
external/bash++_repo_rules+bash_src/lib/readline/vi_mode.c:1341:19: warning: unused parameter 'x' [-Wunused-parameter]
 1341 | rl_vi_domove (int x, int *ignore)
      |               ~~~~^
external/bash++_repo_rules+bash_src/lib/readline/vi_mode.c: In function 'rl_vi_delete_to':
external/bash++_repo_rules+bash_src/lib/readline/vi_mode.c:1372:22: warning: unused parameter 'count' [-Wunused-parameter]
 1372 | rl_vi_delete_to (int count, int key)
      |                  ~~~~^~~~~
external/bash++_repo_rules+bash_src/lib/readline/vi_mode.c: In function 'rl_vi_change_to':
external/bash++_repo_rules+bash_src/lib/readline/vi_mode.c:1471:22: warning: unused parameter 'count' [-Wunused-parameter]
 1471 | rl_vi_change_to (int count, int key)
      |                  ~~~~^~~~~
external/bash++_repo_rules+bash_src/lib/readline/vi_mode.c: In function 'rl_vi_yank_to':
external/bash++_repo_rules+bash_src/lib/readline/vi_mode.c:1550:20: warning: unused parameter 'count' [-Wunused-parameter]
 1550 | rl_vi_yank_to (int count, int key)
      |                ~~~~^~~~~
external/bash++_repo_rules+bash_src/lib/readline/vi_mode.c: In function 'rl_vi_unix_word_rubout':
external/bash++_repo_rules+bash_src/lib/readline/vi_mode.c:1700:40: warning: unused parameter 'key' [-Wunused-parameter]
 1700 | rl_vi_unix_word_rubout (int count, int key)
      |                                    ~~~~^~~
external/bash++_repo_rules+bash_src/lib/readline/vi_mode.c: In function 'rl_vi_back_to_indent':
external/bash++_repo_rules+bash_src/lib/readline/vi_mode.c:1750:27: warning: unused parameter 'count' [-Wunused-parameter]
 1750 | rl_vi_back_to_indent (int count, int key)
      |                       ~~~~^~~~~
external/bash++_repo_rules+bash_src/lib/readline/vi_mode.c: In function 'rl_vi_first_print':
external/bash++_repo_rules+bash_src/lib/readline/vi_mode.c:1759:24: warning: unused parameter 'count' [-Wunused-parameter]
 1759 | rl_vi_first_print (int count, int key)
      |                    ~~~~^~~~~
external/bash++_repo_rules+bash_src/lib/readline/vi_mode.c: In function 'rl_vi_match':
external/bash++_repo_rules+bash_src/lib/readline/vi_mode.c:1895:18: warning: unused parameter 'ignore' [-Wunused-parameter]
 1895 | rl_vi_match (int ignore, int key)
      |              ~~~~^~~~~~
external/bash++_repo_rules+bash_src/lib/readline/vi_mode.c: In function 'rl_vi_change_char':
external/bash++_repo_rules+bash_src/lib/readline/vi_mode.c:2062:35: warning: unused parameter 'key' [-Wunused-parameter]
 2062 | rl_vi_change_char (int count, int key)
      |                               ~~~~^~~
external/bash++_repo_rules+bash_src/lib/readline/vi_mode.c: In function 'rl_vi_overstrike_bracketed_paste':
external/bash++_repo_rules+bash_src/lib/readline/vi_mode.c:2195:39: warning: unused parameter 'count' [-Wunused-parameter]
 2195 | rl_vi_overstrike_bracketed_paste (int count, int key)
      |                                   ~~~~^~~~~
external/bash++_repo_rules+bash_src/lib/readline/vi_mode.c: In function 'rl_vi_replace':
external/bash++_repo_rules+bash_src/lib/readline/vi_mode.c:2222:20: warning: unused parameter 'count' [-Wunused-parameter]
 2222 | rl_vi_replace (int count, int key)
      |                ~~~~^~~~~
external/bash++_repo_rules+bash_src/lib/readline/vi_mode.c: In function '_rl_vi_callback_set_mark':
external/bash++_repo_rules+bash_src/lib/readline/vi_mode.c:2334:53: warning: unused parameter 'data' [-Wunused-parameter]
 2334 | _rl_vi_callback_set_mark (_rl_callback_generic_arg *data)
      |                           ~~~~~~~~~~~~~~~~~~~~~~~~~~^~~~
external/bash++_repo_rules+bash_src/lib/readline/vi_mode.c: In function 'rl_vi_set_mark':
external/bash++_repo_rules+bash_src/lib/readline/vi_mode.c:2344:21: warning: unused parameter 'count' [-Wunused-parameter]
 2344 | rl_vi_set_mark (int count, int key)
      |                 ~~~~^~~~~
external/bash++_repo_rules+bash_src/lib/readline/vi_mode.c:2344:32: warning: unused parameter 'key' [-Wunused-parameter]
 2344 | rl_vi_set_mark (int count, int key)
      |                            ~~~~^~~
external/bash++_repo_rules+bash_src/lib/readline/vi_mode.c: In function '_rl_vi_callback_goto_mark':
external/bash++_repo_rules+bash_src/lib/readline/vi_mode.c:2392:54: warning: unused parameter 'data' [-Wunused-parameter]
 2392 | _rl_vi_callback_goto_mark (_rl_callback_generic_arg *data)
      |                            ~~~~~~~~~~~~~~~~~~~~~~~~~~^~~~
external/bash++_repo_rules+bash_src/lib/readline/vi_mode.c: In function 'rl_vi_goto_mark':
external/bash++_repo_rules+bash_src/lib/readline/vi_mode.c:2402:22: warning: unused parameter 'count' [-Wunused-parameter]
 2402 | rl_vi_goto_mark (int count, int key)
      |                  ~~~~^~~~~
external/bash++_repo_rules+bash_src/lib/readline/vi_mode.c:2402:33: warning: unused parameter 'key' [-Wunused-parameter]
 2402 | rl_vi_goto_mark (int count, int key)
      |                             ~~~~^~~
external/bash++_repo_rules+bash_src/lib/readline/vi_mode.c: At top level:
external/bash++_repo_rules+bash_src/lib/readline/vi_mode.c:104:12: warning: 'vi_continued_command' defined but not used [-Wunused-variable]
  104 | static int vi_continued_command;
      |            ^~~~~~~~~~~~~~~~~~~~
external/bash++_repo_rules+bash_src/lib/readline/vi_mode.c: In function 'rl_vi_change_char':
external/bash++_repo_rules+bash_src/lib/readline/vi_mode.c:2069:7: warning: '__builtin_strncpy' output may be truncated copying 16 bytes from a string of length 16 [-Wstringop-truncation]
 2069 |       strncpy (mb, _rl_vi_last_replacement, MB_LEN_MAX);
      |       ^
INFO: From Compiling lib/readline/parse-colors.c:
external/bash++_repo_rules+bash_src/lib/readline/parse-colors.c:27:9: warning: "READLINE_LIBRARY" redefined
   27 | #define READLINE_LIBRARY
      |         ^~~~~~~~~~~~~~~~
<command-line>: note: this is the location of the previous definition
INFO: From Compiling libteam/ports.c:
In file included from external/libteam++_repo_rules+libteam_src/libteam/ports.c:46:
external/libteam++_repo_rules+libteam_src/libteam/team_private.h: In function 'team_log_null':
external/libteam++_repo_rules+libteam_src/libteam/team_private.h:74:35: warning: unused parameter 'th' [-Wunused-parameter]
   74 | team_log_null(struct team_handle *th, const char *format, ...) {}
      |               ~~~~~~~~~~~~~~~~~~~~^~
external/libteam++_repo_rules+libteam_src/libteam/team_private.h:74:51: warning: unused parameter 'format' [-Wunused-parameter]
   74 | team_log_null(struct team_handle *th, const char *format, ...) {}
      |                                       ~~~~~~~~~~~~^~~~~~
external/libteam++_repo_rules+libteam_src/libteam/ports.c: In function 'port_destroy':
external/libteam++_repo_rules+libteam_src/libteam/ports.c:83:46: warning: unused parameter 'th' [-Wunused-parameter]
   83 | static void port_destroy(struct team_handle *th,
      |                          ~~~~~~~~~~~~~~~~~~~~^~
INFO: From Compiling teamd/teamd_per_port.c:
external/libteam++_repo_rules+libteam_src/teamd/teamd_per_port.c: In function 'port_obj_alloc':
external/libteam++_repo_rules+libteam_src/teamd/teamd_per_port.c:144:62: warning: unused parameter 'ctx' [-Wunused-parameter]
  144 | static struct port_obj *port_obj_alloc(struct teamd_context *ctx,
      |                                        ~~~~~~~~~~~~~~~~~~~~~~^~~
external/libteam++_repo_rules+libteam_src/teamd/teamd_per_port.c: In function 'port_priv_change_handler_func':
external/libteam++_repo_rules+libteam_src/teamd/teamd_per_port.c:250:66: warning: unused parameter 'type_mask' [-Wunused-parameter]
  250 |                                          team_change_type_mask_t type_mask)
      |                                          ~~~~~~~~~~~~~~~~~~~~~~~~^~~~~~~~~
INFO: From Compiling lib/readline/xfree.c:
external/bash++_repo_rules+bash_src/lib/readline/xfree.c:22:9: warning: "READLINE_LIBRARY" redefined
   22 | #define READLINE_LIBRARY
      |         ^~~~~~~~~~~~~~~~
<command-line>: note: this is the location of the previous definition
INFO: From Compiling bashhist.c:
external/bash++_repo_rules+bash_src/bashhist.c: In function 'setup_history_ignore':
external/bash++_repo_rules+bash_src/bashhist.c:1005:12: warning: unused parameter 'varname' [-Wunused-parameter]
 1005 |      char *varname;
      |            ^~~~~~~
INFO: From Compiling lib/readline/nls.c:
external/bash++_repo_rules+bash_src/lib/readline/nls.c:22:9: warning: "READLINE_LIBRARY" redefined
   22 | #define READLINE_LIBRARY
      |         ^~~~~~~~~~~~~~~~
<command-line>: note: this is the location of the previous definition
external/bash++_repo_rules+bash_src/lib/readline/nls.c: In function 'utf8locale':
external/bash++_repo_rules+bash_src/lib/readline/nls.c:110:10: warning: unused variable 'len' [-Wunused-variable]
  110 |   size_t len;
      |          ^~~
external/bash++_repo_rules+bash_src/lib/readline/nls.c:107:19: warning: unused parameter 'lspec' [-Wunused-parameter]
  107 | utf8locale (char *lspec)
      |             ~~~~~~^~~~~
external/bash++_repo_rules+bash_src/lib/readline/nls.c: At top level:
external/bash++_repo_rules+bash_src/lib/readline/nls.c:286:1: warning: 'find_codeset' defined but not used [-Wunused-function]
  286 | find_codeset (char *name, size_t *lenp)
      | ^~~~~~~~~~~~
INFO: From Compiling lib/readline/parens.c:
external/bash++_repo_rules+bash_src/lib/readline/parens.c:22:9: warning: "READLINE_LIBRARY" redefined
   22 | #define READLINE_LIBRARY
      |         ^~~~~~~~~~~~~~~~
<command-line>: note: this is the location of the previous definition
external/bash++_repo_rules+bash_src/lib/readline/parens.c: In function 'rl_insert_close':
external/bash++_repo_rules+bash_src/lib/readline/parens.c:118:36: warning: variable 'ready' set but not used [-Wunused-but-set-variable]
  118 |       int orig_point, match_point, ready;
      |                                    ^~~~~
INFO: From Compiling lib/sh/ufuncs.c:
external/bash++_repo_rules+bash_src/lib/sh/ufuncs.c: In function 'fsleep':
external/bash++_repo_rules+bash_src/lib/sh/ufuncs.c:92:26: warning: unused variable 'prevmask' [-Wunused-variable]
   92 |   sigset_t blocked_sigs, prevmask;
      |                          ^~~~~~~~
INFO: From Compiling libmonit/src/exceptions/assert.c:
external/monit++_repo_rules+monit_src/libmonit/src/exceptions/assert.c: In function 'assert':
external/monit++_repo_rules+monit_src/libmonit/src/exceptions/assert.c:28:19: warning: unused parameter 'e' [-Wunused-parameter]
   28 | void (assert)(int e) {
      |               ~~~~^
INFO: From Compiling lib/sh/zcatfd.c:
external/bash++_repo_rules+bash_src/lib/sh/zcatfd.c: In function 'zcatfd':
external/bash++_repo_rules+bash_src/lib/sh/zcatfd.c:49:12: warning: unused parameter 'fn' [-Wunused-parameter]
   49 |      char *fn;
      |            ^~
INFO: From Compiling lib/genl/ctrl.c:
<command-line>: warning: "_FORTIFY_SOURCE" redefined
<command-line>: note: this is the location of the previous definition
INFO: From Compiling lib/readline/mbutil.c:
external/bash++_repo_rules+bash_src/lib/readline/mbutil.c:22:9: warning: "READLINE_LIBRARY" redefined
   22 | #define READLINE_LIBRARY
      |         ^~~~~~~~~~~~~~~~
<command-line>: note: this is the location of the previous definition
external/bash++_repo_rules+bash_src/lib/readline/mbutil.c: In function '_rl_find_prev_utf8char':
external/bash++_repo_rules+bash_src/lib/readline/mbutil.c:247:9: warning: unused variable 's' [-Wunused-variable]
  247 |   char *s;
      |         ^
external/bash++_repo_rules+bash_src/lib/readline/mbutil.c: In function '_rl_get_char_len':
external/bash++_repo_rules+bash_src/lib/readline/mbutil.c:371:42: warning: comparison of integer expressions of different signedness: 'size_t' {aka 'long unsigned int'} and 'int' [-Wsign-compare]
  371 |       tmp = mbrlen((const char *)src, (l < mb_cur_max) ? l : mb_cur_max, ps);
      |                                          ^
external/bash++_repo_rules+bash_src/lib/readline/mbutil.c:371:62: warning: operand of '?:' changes signedness from 'int' to 'size_t' {aka 'long unsigned int'} due to unsignedness of other operand [-Wsign-compare]
  371 |       tmp = mbrlen((const char *)src, (l < mb_cur_max) ? l : mb_cur_max, ps);
      |                                                              ^~~~~~~~~~
external/bash++_repo_rules+bash_src/lib/readline/mbutil.c: At top level:
external/bash++_repo_rules+bash_src/lib/readline/mbutil.c:87:1: warning: '_rl_utf8_mblen' defined but not used [-Wunused-function]
   87 | _rl_utf8_mblen (const char *s, size_t n)
      | ^~~~~~~~~~~~~~
INFO: From Compiling lib/genl/family.c:
<command-line>: warning: "_FORTIFY_SOURCE" redefined
<command-line>: note: this is the location of the previous definition
INFO: From Compiling lib/sh/tmpfile.c:
external/bash++_repo_rules+bash_src/lib/sh/tmpfile.c: In function 'sh_mktmpname':
external/bash++_repo_rules+bash_src/lib/sh/tmpfile.c:142:14: warning: unused variable 'seeded' [-Wunused-variable]
  142 |   static int seeded = 0;
      |              ^~~~~~
external/bash++_repo_rules+bash_src/lib/sh/tmpfile.c:141:10: warning: variable 'tdlen' set but not used [-Wunused-but-set-variable]
  141 |   int r, tdlen;
      |          ^~~~~
external/bash++_repo_rules+bash_src/lib/sh/tmpfile.c:141:7: warning: unused variable 'r' [-Wunused-variable]
  141 |   int r, tdlen;
      |       ^
external/bash++_repo_rules+bash_src/lib/sh/tmpfile.c:140:15: warning: unused variable 'sb' [-Wunused-variable]
  140 |   struct stat sb;
      |               ^~
external/bash++_repo_rules+bash_src/lib/sh/tmpfile.c: In function 'sh_mktmpfd':
external/bash++_repo_rules+bash_src/lib/sh/tmpfile.c:196:11: warning: variable 'tdlen' set but not used [-Wunused-but-set-variable]
  196 |   int fd, tdlen;
      |           ^~~~~
external/bash++_repo_rules+bash_src/lib/sh/tmpfile.c: In function 'sh_mktmpdir':
external/bash++_repo_rules+bash_src/lib/sh/tmpfile.c:271:11: warning: variable 'tdlen' set but not used [-Wunused-but-set-variable]
  271 |   int fd, tdlen;
      |           ^~~~~
external/bash++_repo_rules+bash_src/lib/sh/tmpfile.c:271:7: warning: unused variable 'fd' [-Wunused-variable]
  271 |   int fd, tdlen;
      |       ^~
external/bash++_repo_rules+bash_src/lib/sh/tmpfile.c: At top level:
external/bash++_repo_rules+bash_src/lib/sh/tmpfile.c:118:1: warning: 'sh_seedrand' defined but not used [-Wunused-function]
  118 | sh_seedrand ()
      | ^~~~~~~~~~~
external/bash++_repo_rules+bash_src/lib/sh/tmpfile.c:63:22: warning: 'filenum' defined but not used [-Wunused-variable]
   63 | static unsigned long filenum = 1L;
      |                      ^~~~~~~
external/bash++_repo_rules+bash_src/lib/sh/tmpfile.c:61:12: warning: 'ntmpfiles' defined but not used [-Wunused-variable]
   61 | static int ntmpfiles;
      |            ^~~~~~~~~
INFO: From Compiling lib/readline/keymaps.c:
external/bash++_repo_rules+bash_src/lib/readline/keymaps.c:22:9: warning: "READLINE_LIBRARY" redefined
   22 | #define READLINE_LIBRARY
      |         ^~~~~~~~~~~~~~~~
<command-line>: note: this is the location of the previous definition
INFO: From Compiling src/marshal.c:
external/lldpd++_repo_rules+lldpd_src/src/marshal.c: In function 'marshal_serialize_':
external/lldpd++_repo_rules+lldpd_src/src/marshal.c:163:28: warning: comparison of integer expressions of different signedness: 'size_t' {aka 'long unsigned int'} and 'int' [-Wsign-compare]
  163 |                 if (sublen == -1) {
      |                            ^~
external/lldpd++_repo_rules+lldpd_src/src/marshal.c: In function 'marshal_unserialize_':
external/lldpd++_repo_rules+lldpd_src/src/marshal.c:270:60: warning: comparison of integer expressions of different signedness: 'size_t' {aka 'long unsigned int'} and 'int' [-Wsign-compare]
  270 |         if (len < sizeof(struct marshal_serialized) || len < total_len) {
      |                                                            ^
external/lldpd++_repo_rules+lldpd_src/src/marshal.c:303:26: warning: comparison of integer expressions of different signedness: 'int' and 'long unsigned int' [-Wsign-compare]
  303 |                 if (size > len - sizeof(struct marshal_serialized)) {
      |                          ^
INFO: From Compiling lib/readline/display.c:
external/bash++_repo_rules+bash_src/lib/readline/display.c:22:9: warning: "READLINE_LIBRARY" redefined
   22 | #define READLINE_LIBRARY
      |         ^~~~~~~~~~~~~~~~
<command-line>: note: this is the location of the previous definition
external/bash++_repo_rules+bash_src/lib/readline/display.c: In function 'rl_redisplay':
external/bash++_repo_rules+bash_src/lib/readline/display.c:1160:30: warning: comparison of integer expressions of different signedness: 'int' and 'size_t' {aka 'long unsigned int'} [-Wsign-compare]
 1160 |               for (i = in; i < in+wc_bytes; i++)
      |                              ^
external/bash++_repo_rules+bash_src/lib/readline/display.c:1388:66: warning: operand of '?:' changes signedness from 'int' to 'size_t' {aka 'long unsigned int'} due to unsignedness of other operand [-Wsign-compare]
 1388 |                     ((linenum == _rl_vis_botlin) ? strlen (tt) : _rl_screenwidth);
      |                                                                  ^~~~~~~~~~~~~~~
external/bash++_repo_rules+bash_src/lib/readline/display.c:767:38: warning: variable 'prompt_lines_estimate' set but not used [-Wunused-but-set-variable]
  767 |   int newlines, lpos, temp, n0, num, prompt_lines_estimate;
      |                                      ^~~~~~~~~~~~~~~~~~~~~
external/bash++_repo_rules+bash_src/lib/readline/display.c:767:33: warning: variable 'num' set but not used [-Wunused-but-set-variable]
  767 |   int newlines, lpos, temp, n0, num, prompt_lines_estimate;
      |                                 ^~~
external/bash++_repo_rules+bash_src/lib/readline/display.c:767:29: warning: unused variable 'n0' [-Wunused-variable]
  767 |   int newlines, lpos, temp, n0, num, prompt_lines_estimate;
      |                             ^~
external/bash++_repo_rules+bash_src/lib/readline/display.c: In function 'update_line':
external/bash++_repo_rules+bash_src/lib/readline/display.c:1787:21: warning: unused variable 'optr' [-Wunused-variable]
 1787 |               char *optr;
      |                     ^~~~
external/bash++_repo_rules+bash_src/lib/readline/display.c:1786:19: warning: unused variable 'count' [-Wunused-variable]
 1786 |               int count, i, j;
      |                   ^~~~~
external/bash++_repo_rules+bash_src/lib/readline/display.c:1655:39: warning: unused variable 'twidth' [-Wunused-variable]
 1655 |   int temp, lendiff, wsatend, od, nd, twidth, o_cpos;
      |                                       ^~~~~~
external/bash++_repo_rules+bash_src/lib/readline/display.c: In function 'rl_forced_update_display':
external/bash++_repo_rules+bash_src/lib/readline/display.c:2683:18: warning: unused variable 'temp' [-Wunused-variable]
 2683 |   register char *temp;
      |                  ^~~~
In file included from external/bash++_repo_rules+bash_src/lib/readline/keymaps.h:31,
                 from external/bash++_repo_rules+bash_src/lib/readline/readline.h:32,
                 from external/bash++_repo_rules+bash_src/lib/readline/display.c:56:
external/bash++_repo_rules+bash_src/lib/readline/display.c: In function 'rl_character_len':
external/bash++_repo_rules+bash_src/lib/readline/chardefs.h:58:61: warning: comparison is always true due to limited range of data type [-Wtype-limits]
   58 | #define META_CHAR(c) ((c) > meta_character_threshold && (c) <= largest_char)
      |                                                             ^~
external/bash++_repo_rules+bash_src/lib/readline/display.c:2934:7: note: in expansion of macro 'META_CHAR'
 2934 |   if (META_CHAR (uc))
      |       ^~~~~~~~~
external/bash++_repo_rules+bash_src/lib/readline/display.c: At top level:
external/bash++_repo_rules+bash_src/lib/readline/display.c:3236:1: warning: 'insert_some_chars' defined but not used [-Wunused-function]
 3236 | insert_some_chars (char *string, int count, int col)
      | ^~~~~~~~~~~~~~~~~
external/bash++_repo_rules+bash_src/lib/readline/display.c: In function 'rl_redisplay':
external/bash++_repo_rules+bash_src/lib/readline/display.c:1147:42: warning: 'wc_width' may be used uninitialized [-Wmaybe-uninitialized]
 1147 |               if (_rl_screenwidth < lpos + wc_width)
      |                                     ~~~~~^~~~~~~~~~
external/bash++_repo_rules+bash_src/lib/readline/display.c:775:7: note: 'wc_width' was declared here
  775 |   int wc_width;
      |       ^~~~~~~~
INFO: From Compiling external/bash+/builtins/enable.c:
/data/sonic/sonic-dzf-time-measure/.measure/20260901-233744/bazel-fully-cold-attempt3/output-base/sandbox/linux-sandbox/2620/execroot/_main/external/bash++_repo_rules+bash_src/builtins/enable.def: In function 'enable_builtin':
/data/sonic/sonic-dzf-time-measure/.measure/20260901-233744/bazel-fully-cold-attempt3/output-base/sandbox/linux-sandbox/2620/execroot/_main/external/bash++_repo_rules+bash_src/builtins/enable.def:192:16: warning: 'filename' may be used uninitialized [-Wmaybe-uninitialized]
/data/sonic/sonic-dzf-time-measure/.measure/20260901-233744/bazel-fully-cold-attempt3/output-base/sandbox/linux-sandbox/2620/execroot/_main/external/bash++_repo_rules+bash_src/builtins/enable.def:116:9: note: 'filename' was declared here
INFO: From Compiling audisp-tacplus.c:
external/audisp-tacplus++_repo_rules+audisp_tacplus_src/audisp-tacplus.c:44:9: warning: "_GNU_SOURCE" redefined
   44 | #define _GNU_SOURCE
      |         ^~~~~~~~~~~
<command-line>: note: this is the location of the previous definition
external/audisp-tacplus++_repo_rules+audisp_tacplus_src/audisp-tacplus.c: In function 'lookup_logname':
external/audisp-tacplus++_repo_rules+audisp_tacplus_src/audisp-tacplus.c:171:5: warning: '__builtin_strncpy' specified bound depends on the length of the source argument [-Wstringop-truncation]
  171 |     strncpy(username, pws->pw_name, new_buffer_size-1);
      |     ^
external/audisp-tacplus++_repo_rules+audisp_tacplus_src/audisp-tacplus.c:163:27: note: length computed here
  163 |     int new_buffer_size = strlen(pws->pw_name) + 1;
      |                           ^~~~~~~~~~~~~~~~~~~~
INFO: From Compiling lib/attr.c:
<command-line>: warning: "_FORTIFY_SOURCE" redefined
<command-line>: note: this is the location of the previous definition
INFO: From Compiling lib/readline/isearch.c:
external/bash++_repo_rules+bash_src/lib/readline/isearch.c:28:9: warning: "READLINE_LIBRARY" redefined
   28 | #define READLINE_LIBRARY
      |         ^~~~~~~~~~~~~~~~
<command-line>: note: this is the location of the previous definition
external/bash++_repo_rules+bash_src/lib/readline/isearch.c: In function '_rl_scxt_dispose':
external/bash++_repo_rules+bash_src/lib/readline/isearch.c:119:44: warning: unused parameter 'flags' [-Wunused-parameter]
  119 | _rl_scxt_dispose (_rl_search_cxt *cxt, int flags)
      |                                        ~~~~^~~~~
external/bash++_repo_rules+bash_src/lib/readline/isearch.c: In function 'rl_display_search':
external/bash++_repo_rules+bash_src/lib/readline/isearch.c:150:56: warning: unused parameter 'where' [-Wunused-parameter]
  150 | rl_display_search (char *search_string, int flags, int where)
      |                                                    ~~~~^~~~~
external/bash++_repo_rules+bash_src/lib/readline/isearch.c: In function '_rl_isearch_dispatch':
external/bash++_repo_rules+bash_src/lib/readline/isearch.c:690:51: warning: comparison of integer expressions of different signedness: 'size_t' {aka 'long unsigned int'} and 'int' [-Wsign-compare]
  690 |       if (cxt->search_string_index + pastelen + 1 >= cxt->search_string_size)
      |                                                   ^~
external/bash++_repo_rules+bash_src/lib/readline/isearch.c:343:37: warning: unused variable 'incr' [-Wunused-variable]
  343 |   int n, wstart, wlen, limit, cval, incr;
      |                                     ^~~~
external/bash++_repo_rules+bash_src/lib/readline/isearch.c: In function 'rl_search_history':
external/bash++_repo_rules+bash_src/lib/readline/isearch.c:848:7: warning: variable 'c' set but not used [-Wunused-but-set-variable]
  848 |   int c, r;
      |       ^
external/bash++_repo_rules+bash_src/lib/readline/isearch.c:845:39: warning: unused parameter 'invoking_key' [-Wunused-parameter]
  845 | rl_search_history (int direction, int invoking_key)
      |                                   ~~~~^~~~~~~~~~~~
external/bash++_repo_rules+bash_src/lib/readline/isearch.c: In function '_rl_isearch_callback':
external/bash++_repo_rules+bash_src/lib/readline/isearch.c:885:7: warning: variable 'c' set but not used [-Wunused-but-set-variable]
  885 |   int c, r;
      |       ^
INFO: From Compiling lib/readline/funmap.c:
external/bash++_repo_rules+bash_src/lib/readline/funmap.c:22:9: warning: "READLINE_LIBRARY" redefined
   22 | #define READLINE_LIBRARY
      |         ^~~~~~~~~~~~~~~~
<command-line>: note: this is the location of the previous definition
INFO: From Compiling lib/sh/fnxform.c:
external/bash++_repo_rules+bash_src/lib/sh/fnxform.c: In function 'fnx_tofs':
external/bash++_repo_rules+bash_src/lib/sh/fnxform.c:100:13: warning: unused parameter 'len' [-Wunused-parameter]
  100 |      size_t len;
      |             ^~~
external/bash++_repo_rules+bash_src/lib/sh/fnxform.c: In function 'fnx_fromfs':
external/bash++_repo_rules+bash_src/lib/sh/fnxform.c:144:13: warning: unused parameter 'len' [-Wunused-parameter]
  144 |      size_t len;
      |             ^~~
external/bash++_repo_rules+bash_src/lib/sh/fnxform.c: At top level:
external/bash++_repo_rules+bash_src/lib/sh/fnxform.c:89:1: warning: 'init_fromfs' defined but not used [-Wunused-function]
   89 | init_fromfs ()
      | ^~~~~~~~~~~
external/bash++_repo_rules+bash_src/lib/sh/fnxform.c:80:1: warning: 'init_tofs' defined but not used [-Wunused-function]
   80 | init_tofs ()
      | ^~~~~~~~~
external/bash++_repo_rules+bash_src/lib/sh/fnxform.c:50:15: warning: 'outlen' defined but not used [-Wunused-variable]
   50 | static size_t outlen = 0;
      |               ^~~~~~
external/bash++_repo_rules+bash_src/lib/sh/fnxform.c:49:14: warning: 'outbuf' defined but not used [-Wunused-variable]
   49 | static char *outbuf = 0;
      |              ^~~~~~
INFO: From Compiling lib/readline/kill.c:
external/bash++_repo_rules+bash_src/lib/readline/kill.c:22:9: warning: "READLINE_LIBRARY" redefined
   22 | #define READLINE_LIBRARY
      |         ^~~~~~~~~~~~~~~~
<command-line>: note: this is the location of the previous definition
external/bash++_repo_rules+bash_src/lib/readline/kill.c: In function 'rl_set_retained_kills':
external/bash++_repo_rules+bash_src/lib/readline/kill.c:81:28: warning: unused parameter 'num' [-Wunused-parameter]
   81 | rl_set_retained_kills (int num)
      |                        ~~~~^~~
external/bash++_repo_rules+bash_src/lib/readline/kill.c: In function 'rl_kill_full_line':
external/bash++_repo_rules+bash_src/lib/readline/kill.c:290:24: warning: unused parameter 'count' [-Wunused-parameter]
  290 | rl_kill_full_line (int count, int key)
      |                    ~~~~^~~~~
external/bash++_repo_rules+bash_src/lib/readline/kill.c:290:35: warning: unused parameter 'key' [-Wunused-parameter]
  290 | rl_kill_full_line (int count, int key)
      |                               ~~~~^~~
external/bash++_repo_rules+bash_src/lib/readline/kill.c: In function 'rl_unix_word_rubout':
external/bash++_repo_rules+bash_src/lib/readline/kill.c:307:37: warning: unused parameter 'key' [-Wunused-parameter]
  307 | rl_unix_word_rubout (int count, int key)
      |                                 ~~~~^~~
external/bash++_repo_rules+bash_src/lib/readline/kill.c: In function 'rl_unix_filename_rubout':
external/bash++_repo_rules+bash_src/lib/readline/kill.c:339:41: warning: unused parameter 'key' [-Wunused-parameter]
  339 | rl_unix_filename_rubout (int count, int key)
      |                                     ~~~~^~~
external/bash++_repo_rules+bash_src/lib/readline/kill.c: In function 'rl_unix_line_discard':
external/bash++_repo_rules+bash_src/lib/readline/kill.c:406:27: warning: unused parameter 'count' [-Wunused-parameter]
  406 | rl_unix_line_discard (int count, int key)
      |                       ~~~~^~~~~
external/bash++_repo_rules+bash_src/lib/readline/kill.c:406:38: warning: unused parameter 'key' [-Wunused-parameter]
  406 | rl_unix_line_discard (int count, int key)
      |                                  ~~~~^~~
external/bash++_repo_rules+bash_src/lib/readline/kill.c: In function 'rl_copy_region_to_kill':
external/bash++_repo_rules+bash_src/lib/readline/kill.c:442:29: warning: unused parameter 'count' [-Wunused-parameter]
  442 | rl_copy_region_to_kill (int count, int key)
      |                         ~~~~^~~~~
external/bash++_repo_rules+bash_src/lib/readline/kill.c:442:40: warning: unused parameter 'key' [-Wunused-parameter]
  442 | rl_copy_region_to_kill (int count, int key)
      |                                    ~~~~^~~
external/bash++_repo_rules+bash_src/lib/readline/kill.c: In function 'rl_kill_region':
external/bash++_repo_rules+bash_src/lib/readline/kill.c:449:21: warning: unused parameter 'count' [-Wunused-parameter]
  449 | rl_kill_region (int count, int key)
      |                 ~~~~^~~~~
external/bash++_repo_rules+bash_src/lib/readline/kill.c:449:32: warning: unused parameter 'key' [-Wunused-parameter]
  449 | rl_kill_region (int count, int key)
      |                            ~~~~^~~
external/bash++_repo_rules+bash_src/lib/readline/kill.c: In function 'rl_yank':
external/bash++_repo_rules+bash_src/lib/readline/kill.c:510:14: warning: unused parameter 'count' [-Wunused-parameter]
  510 | rl_yank (int count, int key)
      |          ~~~~^~~~~
external/bash++_repo_rules+bash_src/lib/readline/kill.c:510:25: warning: unused parameter 'key' [-Wunused-parameter]
  510 | rl_yank (int count, int key)
      |                     ~~~~^~~
external/bash++_repo_rules+bash_src/lib/readline/kill.c: In function 'rl_yank_pop':
external/bash++_repo_rules+bash_src/lib/readline/kill.c:528:18: warning: unused parameter 'count' [-Wunused-parameter]
  528 | rl_yank_pop (int count, int key)
      |              ~~~~^~~~~
external/bash++_repo_rules+bash_src/lib/readline/kill.c:528:29: warning: unused parameter 'key' [-Wunused-parameter]
  528 | rl_yank_pop (int count, int key)
      |                         ~~~~^~~
external/bash++_repo_rules+bash_src/lib/readline/kill.c: In function 'rl_vi_yank_pop':
external/bash++_repo_rules+bash_src/lib/readline/kill.c:562:13: warning: unused variable 'origpoint' [-Wunused-variable]
  562 |   int l, n, origpoint;
      |             ^~~~~~~~~
external/bash++_repo_rules+bash_src/lib/readline/kill.c:560:21: warning: unused parameter 'count' [-Wunused-parameter]
  560 | rl_vi_yank_pop (int count, int key)
      |                 ~~~~^~~~~
external/bash++_repo_rules+bash_src/lib/readline/kill.c:560:32: warning: unused parameter 'key' [-Wunused-parameter]
  560 | rl_vi_yank_pop (int count, int key)
      |                            ~~~~^~~
external/bash++_repo_rules+bash_src/lib/readline/kill.c: In function 'rl_bracketed_paste_begin':
external/bash++_repo_rules+bash_src/lib/readline/kill.c:765:33: warning: comparison of integer expressions of different signedness: 'int' and 'size_t' {aka 'long unsigned int'} [-Wsign-compare]
  765 |   retval = rl_insert_text (buf) == len ? 0 : 1;
      |                                 ^~
external/bash++_repo_rules+bash_src/lib/readline/kill.c:760:15: warning: unused variable 'cap' [-Wunused-variable]
  760 |   size_t len, cap;
      |               ^~~
external/bash++_repo_rules+bash_src/lib/readline/kill.c:759:15: warning: unused variable 'c' [-Wunused-variable]
  759 |   int retval, c;
      |               ^
external/bash++_repo_rules+bash_src/lib/readline/kill.c:757:31: warning: unused parameter 'count' [-Wunused-parameter]
  757 | rl_bracketed_paste_begin (int count, int key)
      |                           ~~~~^~~~~
external/bash++_repo_rules+bash_src/lib/readline/kill.c:757:42: warning: unused parameter 'key' [-Wunused-parameter]
  757 | rl_bracketed_paste_begin (int count, int key)
      |                                      ~~~~^~~
external/bash++_repo_rules+bash_src/lib/readline/kill.c: In function '_rl_read_bracketed_paste_prefix':
external/bash++_repo_rules+bash_src/lib/readline/kill.c:777:17: warning: unused variable 'j' [-Wunused-variable]
  777 |   int key, ind, j;
      |                 ^
external/bash++_repo_rules+bash_src/lib/readline/kill.c: In function '_rl_bracketed_read_mbstring':
external/bash++_repo_rules+bash_src/lib/readline/kill.c:849:10: warning: unused variable 'r' [-Wunused-variable]
  849 |   int c, r;
      |          ^
external/bash++_repo_rules+bash_src/lib/readline/kill.c: In function '_rl_read_bracketed_paste_prefix':
external/bash++_repo_rules+bash_src/lib/readline/kill.c:800:29: warning: 'key' may be used uninitialized [-Wmaybe-uninitialized]
  800 |       return (key < 0 ? key : 0);
      |              ~~~~~~~~~~~~~~~^~~~
external/bash++_repo_rules+bash_src/lib/readline/kill.c:777:7: note: 'key' was declared here
  777 |   int key, ind, j;
      |       ^~~
INFO: From Compiling external/libnl3++_repo_rules+libnl3_src/pktloc_grammar.c:
<command-line>: warning: "_FORTIFY_SOURCE" redefined
<command-line>: note: this is the location of the previous definition
INFO: From Compiling external/bash+/builtins/declare.c:
/data/sonic/sonic-dzf-time-measure/.measure/20260901-233744/bazel-fully-cold-attempt3/output-base/sandbox/linux-sandbox/2620/execroot/_main/external/bash++_repo_rules+bash_src/builtins/declare.def: In function 'declare_internal':
/data/sonic/sonic-dzf-time-measure/.measure/20260901-233744/bazel-fully-cold-attempt3/output-base/sandbox/linux-sandbox/2620/execroot/_main/external/bash++_repo_rules+bash_src/builtins/declare.def:401:11: warning: variable 'var_exists' set but not used [-Wunused-but-set-variable]
/data/sonic/sonic-dzf-time-measure/.measure/20260901-233744/bazel-fully-cold-attempt3/output-base/sandbox/linux-sandbox/2620/execroot/_main/external/bash++_repo_rules+bash_src/builtins/declare.def:387:7: warning: 'optchar' may be used uninitialized [-Wmaybe-uninitialized]
/data/sonic/sonic-dzf-time-measure/.measure/20260901-233744/bazel-fully-cold-attempt3/output-base/sandbox/linux-sandbox/2620/execroot/_main/external/bash++_repo_rules+bash_src/builtins/declare.def:376:13: note: 'optchar' was declared here
INFO: From Compiling external/bash+/builtins/read.c:
/data/sonic/sonic-dzf-time-measure/.measure/20260901-233744/bazel-fully-cold-attempt3/output-base/sandbox/linux-sandbox/2620/execroot/_main/external/bash++_repo_rules+bash_src/builtins/read.def: In function 'sigalrm':
/data/sonic/sonic-dzf-time-measure/.measure/20260901-233744/bazel-fully-cold-attempt3/output-base/sandbox/linux-sandbox/2620/execroot/_main/external/bash++_repo_rules+bash_src/builtins/read.def:157:10: warning: unused parameter 's' [-Wunused-parameter]
/data/sonic/sonic-dzf-time-measure/.measure/20260901-233744/bazel-fully-cold-attempt3/output-base/sandbox/linux-sandbox/2620/execroot/_main/external/bash++_repo_rules+bash_src/builtins/read.def: In function 'read_builtin':
/data/sonic/sonic-dzf-time-measure/.measure/20260901-233744/bazel-fully-cold-attempt3/output-base/sandbox/linux-sandbox/2620/execroot/_main/external/bash++_repo_rules+bash_src/builtins/read.def:561:24: warning: cast between incompatible function types from 'void (*)(struct ttsave *)' to 'int (*)()' [-Wcast-function-type]
/data/sonic/sonic-dzf-time-measure/.measure/20260901-233744/bazel-fully-cold-attempt3/output-base/sandbox/linux-sandbox/2620/execroot/_main/external/bash++_repo_rules+bash_src/builtins/read.def:579:27: warning: cast between incompatible function types from 'void (*)(struct ttsave *)' to 'int (*)()' [-Wcast-function-type]
/data/sonic/sonic-dzf-time-measure/.measure/20260901-233744/bazel-fully-cold-attempt3/output-base/sandbox/linux-sandbox/2620/execroot/_main/external/bash++_repo_rules+bash_src/builtins/read.def: In function 'reset_attempted_completion_function':
/data/sonic/sonic-dzf-time-measure/.measure/20260901-233744/bazel-fully-cold-attempt3/output-base/sandbox/linux-sandbox/2620/execroot/_main/external/bash++_repo_rules+bash_src/builtins/read.def:1146:12: warning: unused parameter 'cp' [-Wunused-parameter]
/data/sonic/sonic-dzf-time-measure/.measure/20260901-233744/bazel-fully-cold-attempt3/output-base/sandbox/linux-sandbox/2620/execroot/_main/external/bash++_repo_rules+bash_src/builtins/read.def: In function 'reset_eol_delim':
/data/sonic/sonic-dzf-time-measure/.measure/20260901-233744/bazel-fully-cold-attempt3/output-base/sandbox/linux-sandbox/2620/execroot/_main/external/bash++_repo_rules+bash_src/builtins/read.def:1261:12: warning: unused parameter 'cp' [-Wunused-parameter]
/data/sonic/sonic-dzf-time-measure/.measure/20260901-233744/bazel-fully-cold-attempt3/output-base/sandbox/linux-sandbox/2620/execroot/_main/external/bash++_repo_rules+bash_src/builtins/read.def: In function 'read_builtin':
/data/sonic/sonic-dzf-time-measure/.measure/20260901-233744/bazel-fully-cold-attempt3/output-base/sandbox/linux-sandbox/2620/execroot/_main/external/bash++_repo_rules+bash_src/builtins/read.def:323:10: warning: this statement may fall through [-Wimplicit-fallthrough=]
/data/sonic/sonic-dzf-time-measure/.measure/20260901-233744/bazel-fully-cold-attempt3/output-base/sandbox/linux-sandbox/2620/execroot/_main/external/bash++_repo_rules+bash_src/builtins/read.def:324:2: note: here
/data/sonic/sonic-dzf-time-measure/.measure/20260901-233744/bazel-fully-cold-attempt3/output-base/sandbox/linux-sandbox/2620/execroot/_main/external/bash++_repo_rules+bash_src/builtins/read.def: At top level:
/data/sonic/sonic-dzf-time-measure/.measure/20260901-233744/bazel-fully-cold-attempt3/output-base/sandbox/linux-sandbox/2620/execroot/_main/external/bash++_repo_rules+bash_src/builtins/read.def:144:20: warning: 'old_alrm' defined but not used [-Wunused-variable]
/data/sonic/sonic-dzf-time-measure/.measure/20260901-233744/bazel-fully-cold-attempt3/output-base/sandbox/linux-sandbox/2620/execroot/_main/external/bash++_repo_rules+bash_src/builtins/read.def: In function 'read_builtin':
/data/sonic/sonic-dzf-time-measure/.measure/20260901-233744/bazel-fully-cold-attempt3/output-base/sandbox/linux-sandbox/2620/execroot/_main/external/bash++_repo_rules+bash_src/builtins/read.def:207:13: warning: variable 'nr' might be clobbered by 'longjmp' or 'vfork' [-Wclobbered]
/data/sonic/sonic-dzf-time-measure/.measure/20260901-233744/bazel-fully-cold-attempt3/output-base/sandbox/linux-sandbox/2620/execroot/_main/external/bash++_repo_rules+bash_src/builtins/read.def:207:17: warning: variable 'pass_next' might be clobbered by 'longjmp' or 'vfork' [-Wclobbered]
/data/sonic/sonic-dzf-time-measure/.measure/20260901-233744/bazel-fully-cold-attempt3/output-base/sandbox/linux-sandbox/2620/execroot/_main/external/bash++_repo_rules+bash_src/builtins/read.def:207:28: warning: variable 'saw_escape' might be clobbered by 'longjmp' or 'vfork' [-Wclobbered]
/data/sonic/sonic-dzf-time-measure/.measure/20260901-233744/bazel-fully-cold-attempt3/output-base/sandbox/linux-sandbox/2620/execroot/_main/external/bash++_repo_rules+bash_src/builtins/read.def:209:21: warning: variable 'input_is_pipe' might be clobbered by 'longjmp' or 'vfork' [-Wclobbered]
/data/sonic/sonic-dzf-time-measure/.measure/20260901-233744/bazel-fully-cold-attempt3/output-base/sandbox/linux-sandbox/2620/execroot/_main/external/bash++_repo_rules+bash_src/builtins/read.def:209:36: warning: variable 'unbuffered_read' might be clobbered by 'longjmp' or 'vfork' [-Wclobbered]
/data/sonic/sonic-dzf-time-measure/.measure/20260901-233744/bazel-fully-cold-attempt3/output-base/sandbox/linux-sandbox/2620/execroot/_main/external/bash++_repo_rules+bash_src/builtins/read.def:210:7: warning: variable 'raw' might be clobbered by 'longjmp' or 'vfork' [-Wclobbered]
/data/sonic/sonic-dzf-time-measure/.measure/20260901-233744/bazel-fully-cold-attempt3/output-base/sandbox/linux-sandbox/2620/execroot/_main/external/bash++_repo_rules+bash_src/builtins/read.def:210:12: warning: variable 'edit' might be clobbered by 'longjmp' or 'vfork' [-Wclobbered]
/data/sonic/sonic-dzf-time-measure/.measure/20260901-233744/bazel-fully-cold-attempt3/output-base/sandbox/linux-sandbox/2620/execroot/_main/external/bash++_repo_rules+bash_src/builtins/read.def:210:18: warning: variable 'nchars' might be clobbered by 'longjmp' or 'vfork' [-Wclobbered]
/data/sonic/sonic-dzf-time-measure/.measure/20260901-233744/bazel-fully-cold-attempt3/output-base/sandbox/linux-sandbox/2620/execroot/_main/external/bash++_repo_rules+bash_src/builtins/read.def:210:26: warning: variable 'silent' might be clobbered by 'longjmp' or 'vfork' [-Wclobbered]
/data/sonic/sonic-dzf-time-measure/.measure/20260901-233744/bazel-fully-cold-attempt3/output-base/sandbox/linux-sandbox/2620/execroot/_main/external/bash++_repo_rules+bash_src/builtins/read.def:210:48: warning: variable 'ignore_delim' might be clobbered by 'longjmp' or 'vfork' [-Wclobbered]
/data/sonic/sonic-dzf-time-measure/.measure/20260901-233744/bazel-fully-cold-attempt3/output-base/sandbox/linux-sandbox/2620/execroot/_main/external/bash++_repo_rules+bash_src/builtins/read.def:210:62: warning: variable 'fd' might be clobbered by 'longjmp' or 'vfork' [-Wclobbered]
/data/sonic/sonic-dzf-time-measure/.measure/20260901-233744/bazel-fully-cold-attempt3/output-base/sandbox/linux-sandbox/2620/execroot/_main/external/bash++_repo_rules+bash_src/builtins/read.def:211:7: warning: variable 'lastsig' might be clobbered by 'longjmp' or 'vfork' [-Wclobbered]
/data/sonic/sonic-dzf-time-measure/.measure/20260901-233744/bazel-fully-cold-attempt3/output-base/sandbox/linux-sandbox/2620/execroot/_main/external/bash++_repo_rules+bash_src/builtins/read.def:213:16: warning: variable 'tmsec' might be clobbered by 'longjmp' or 'vfork' [-Wclobbered]
/data/sonic/sonic-dzf-time-measure/.measure/20260901-233744/bazel-fully-cold-attempt3/output-base/sandbox/linux-sandbox/2620/execroot/_main/external/bash++_repo_rules+bash_src/builtins/read.def:213:23: warning: variable 'tmusec' might be clobbered by 'longjmp' or 'vfork' [-Wclobbered]
/data/sonic/sonic-dzf-time-measure/.measure/20260901-233744/bazel-fully-cold-attempt3/output-base/sandbox/linux-sandbox/2620/execroot/_main/external/bash++_repo_rules+bash_src/builtins/read.def:217:56: warning: variable 'prompt' might be clobbered by 'longjmp' or 'vfork' [-Wclobbered]
/data/sonic/sonic-dzf-time-measure/.measure/20260901-233744/bazel-fully-cold-attempt3/output-base/sandbox/linux-sandbox/2620/execroot/_main/external/bash++_repo_rules+bash_src/builtins/read.def:217:65: warning: variable 'arrayname' might be clobbered by 'longjmp' or 'vfork' [-Wclobbered]
/data/sonic/sonic-dzf-time-measure/.measure/20260901-233744/bazel-fully-cold-attempt3/output-base/sandbox/linux-sandbox/2620/execroot/_main/external/bash++_repo_rules+bash_src/builtins/read.def:229:9: warning: variable 'rlbuf' might be clobbered by 'longjmp' or 'vfork' [-Wclobbered]
/data/sonic/sonic-dzf-time-measure/.measure/20260901-233744/bazel-fully-cold-attempt3/output-base/sandbox/linux-sandbox/2620/execroot/_main/external/bash++_repo_rules+bash_src/builtins/read.def:229:17: warning: variable 'itext' might be clobbered by 'longjmp' or 'vfork' [-Wclobbered]
/data/sonic/sonic-dzf-time-measure/.measure/20260901-233744/bazel-fully-cold-attempt3/output-base/sandbox/linux-sandbox/2620/execroot/_main/external/bash++_repo_rules+bash_src/builtins/read.def:204:17: warning: argument 'list' might be clobbered by 'longjmp' or 'vfork' [-Wclobbered]
INFO: From Compiling bashline.c:
external/bash++_repo_rules+bash_src/bashline.c: In function 'display_shell_version':
external/bash++_repo_rules+bash_src/bashline.c:730:10: warning: unused parameter 'count' [-Wunused-parameter]
  730 |      int count, c;
      |          ^~~~~
external/bash++_repo_rules+bash_src/bashline.c:730:17: warning: unused parameter 'c' [-Wunused-parameter]
  730 |      int count, c;
      |                 ^
external/bash++_repo_rules+bash_src/bashline.c: In function 'posix_edit_macros':
external/bash++_repo_rules+bash_src/bashline.c:1040:10: warning: unused parameter 'count' [-Wunused-parameter]
 1040 |      int count, key;
      |          ^~~~~
external/bash++_repo_rules+bash_src/bashline.c:1040:17: warning: unused parameter 'key' [-Wunused-parameter]
 1040 |      int count, key;
      |                 ^~~
external/bash++_repo_rules+bash_src/bashline.c: In function 'bash_spell_correct_shellword':
external/bash++_repo_rules+bash_src/bashline.c:1346:7: warning: variable 'opoint' set but not used [-Wunused-but-set-variable]
 1346 |   int opoint, wbeg, wend;
      |       ^~~~~~
external/bash++_repo_rules+bash_src/bashline.c: In function 'prog_complete_return':
external/bash++_repo_rules+bash_src/bashline.c:1524:18: warning: unused parameter 'text' [-Wunused-parameter]
 1524 |      const char *text;
      |                  ^~~~
external/bash++_repo_rules+bash_src/bashline.c: In function 'invalid_completion':
external/bash++_repo_rules+bash_src/bashline.c:1543:18: warning: unused parameter 'text' [-Wunused-parameter]
 1543 |      const char *text;
      |                  ^~~~
external/bash++_repo_rules+bash_src/bashline.c: In function 'alias_expand_line':
external/bash++_repo_rules+bash_src/bashline.c:2777:10: warning: unused parameter 'count' [-Wunused-parameter]
 2777 |      int count, ignore;
      |          ^~~~~
external/bash++_repo_rules+bash_src/bashline.c:2777:17: warning: unused parameter 'ignore' [-Wunused-parameter]
 2777 |      int count, ignore;
      |                 ^~~~~~
external/bash++_repo_rules+bash_src/bashline.c: In function 'history_expand_line':
external/bash++_repo_rules+bash_src/bashline.c:2800:10: warning: unused parameter 'count' [-Wunused-parameter]
 2800 |      int count, ignore;
      |          ^~~~~
external/bash++_repo_rules+bash_src/bashline.c:2800:17: warning: unused parameter 'ignore' [-Wunused-parameter]
 2800 |      int count, ignore;
      |                 ^~~~~~
external/bash++_repo_rules+bash_src/bashline.c: In function 'history_and_alias_expand_line':
external/bash++_repo_rules+bash_src/bashline.c:2847:20: warning: unused variable 't' [-Wunused-variable]
 2847 |   char *new_line, *t;
      |                    ^
external/bash++_repo_rules+bash_src/bashline.c:2845:10: warning: unused parameter 'count' [-Wunused-parameter]
 2845 |      int count, ignore;
      |          ^~~~~
external/bash++_repo_rules+bash_src/bashline.c:2845:17: warning: unused parameter 'ignore' [-Wunused-parameter]
 2845 |      int count, ignore;
      |                 ^~~~~~
external/bash++_repo_rules+bash_src/bashline.c: In function 'shell_expand_line':
external/bash++_repo_rules+bash_src/bashline.c:2883:10: warning: unused parameter 'count' [-Wunused-parameter]
 2883 |      int count, ignore;
      |          ^~~~~
external/bash++_repo_rules+bash_src/bashline.c:2883:17: warning: unused parameter 'ignore' [-Wunused-parameter]
 2883 |      int count, ignore;
      |                 ^~~~~~
external/bash++_repo_rules+bash_src/bashline.c: In function 'return_zero':
external/bash++_repo_rules+bash_src/bashline.c:3167:18: warning: unused parameter 'name' [-Wunused-parameter]
 3167 |      const char *name;
      |                  ^~~~
external/bash++_repo_rules+bash_src/bashline.c: In function 'bash_directory_completion_hook':
external/bash++_repo_rules+bash_src/bashline.c:3540:18: warning: unused variable 'l1' [-Wunused-variable]
 3540 |           size_t l1, l2;
      |                  ^~
external/bash++_repo_rules+bash_src/bashline.c: In function 'dynamic_complete_history':
external/bash++_repo_rules+bash_src/bashline.c:3673:10: warning: unused parameter 'count' [-Wunused-parameter]
 3673 |      int count, key;
      |          ^~~~~
external/bash++_repo_rules+bash_src/bashline.c:3673:17: warning: unused parameter 'key' [-Wunused-parameter]
 3673 |      int count, key;
      |                 ^~~
external/bash++_repo_rules+bash_src/bashline.c: In function 'bash_complete_username':
external/bash++_repo_rules+bash_src/bashline.c:3743:10: warning: unused parameter 'ignore' [-Wunused-parameter]
 3743 |      int ignore, ignore2;
      |          ^~~~~~
external/bash++_repo_rules+bash_src/bashline.c:3743:18: warning: unused parameter 'ignore2' [-Wunused-parameter]
 3743 |      int ignore, ignore2;
      |                  ^~~~~~~
external/bash++_repo_rules+bash_src/bashline.c: In function 'bash_possible_username_completions':
external/bash++_repo_rules+bash_src/bashline.c:3750:10: warning: unused parameter 'ignore' [-Wunused-parameter]
 3750 |      int ignore, ignore2;
      |          ^~~~~~
external/bash++_repo_rules+bash_src/bashline.c:3750:18: warning: unused parameter 'ignore2' [-Wunused-parameter]
 3750 |      int ignore, ignore2;
      |                  ^~~~~~~
external/bash++_repo_rules+bash_src/bashline.c: In function 'bash_complete_filename':
external/bash++_repo_rules+bash_src/bashline.c:3764:10: warning: unused parameter 'ignore' [-Wunused-parameter]
 3764 |      int ignore, ignore2;
      |          ^~~~~~
external/bash++_repo_rules+bash_src/bashline.c:3764:18: warning: unused parameter 'ignore2' [-Wunused-parameter]
 3764 |      int ignore, ignore2;
      |                  ^~~~~~~
external/bash++_repo_rules+bash_src/bashline.c: In function 'bash_possible_filename_completions':
external/bash++_repo_rules+bash_src/bashline.c:3771:10: warning: unused parameter 'ignore' [-Wunused-parameter]
 3771 |      int ignore, ignore2;
      |          ^~~~~~
external/bash++_repo_rules+bash_src/bashline.c:3771:18: warning: unused parameter 'ignore2' [-Wunused-parameter]
 3771 |      int ignore, ignore2;
      |                  ^~~~~~~
external/bash++_repo_rules+bash_src/bashline.c: In function 'bash_complete_hostname':
external/bash++_repo_rules+bash_src/bashline.c:3813:10: warning: unused parameter 'ignore' [-Wunused-parameter]
 3813 |      int ignore, ignore2;
      |          ^~~~~~
external/bash++_repo_rules+bash_src/bashline.c:3813:18: warning: unused parameter 'ignore2' [-Wunused-parameter]
 3813 |      int ignore, ignore2;
      |                  ^~~~~~~
external/bash++_repo_rules+bash_src/bashline.c: In function 'bash_possible_hostname_completions':
external/bash++_repo_rules+bash_src/bashline.c:3820:10: warning: unused parameter 'ignore' [-Wunused-parameter]
 3820 |      int ignore, ignore2;
      |          ^~~~~~
external/bash++_repo_rules+bash_src/bashline.c:3820:18: warning: unused parameter 'ignore2' [-Wunused-parameter]
 3820 |      int ignore, ignore2;
      |                  ^~~~~~~
external/bash++_repo_rules+bash_src/bashline.c: In function 'bash_complete_variable':
external/bash++_repo_rules+bash_src/bashline.c:3827:10: warning: unused parameter 'ignore' [-Wunused-parameter]
 3827 |      int ignore, ignore2;
      |          ^~~~~~
external/bash++_repo_rules+bash_src/bashline.c:3827:18: warning: unused parameter 'ignore2' [-Wunused-parameter]
 3827 |      int ignore, ignore2;
      |                  ^~~~~~~
external/bash++_repo_rules+bash_src/bashline.c: In function 'bash_possible_variable_completions':
external/bash++_repo_rules+bash_src/bashline.c:3834:10: warning: unused parameter 'ignore' [-Wunused-parameter]
 3834 |      int ignore, ignore2;
      |          ^~~~~~
external/bash++_repo_rules+bash_src/bashline.c:3834:18: warning: unused parameter 'ignore2' [-Wunused-parameter]
 3834 |      int ignore, ignore2;
      |                  ^~~~~~~
external/bash++_repo_rules+bash_src/bashline.c: In function 'bash_complete_command':
external/bash++_repo_rules+bash_src/bashline.c:3841:10: warning: unused parameter 'ignore' [-Wunused-parameter]
 3841 |      int ignore, ignore2;
      |          ^~~~~~
external/bash++_repo_rules+bash_src/bashline.c:3841:18: warning: unused parameter 'ignore2' [-Wunused-parameter]
 3841 |      int ignore, ignore2;
      |                  ^~~~~~~
external/bash++_repo_rules+bash_src/bashline.c: In function 'bash_possible_command_completions':
external/bash++_repo_rules+bash_src/bashline.c:3848:10: warning: unused parameter 'ignore' [-Wunused-parameter]
 3848 |      int ignore, ignore2;
      |          ^~~~~~
external/bash++_repo_rules+bash_src/bashline.c:3848:18: warning: unused parameter 'ignore2' [-Wunused-parameter]
 3848 |      int ignore, ignore2;
      |                  ^~~~~~~
external/bash++_repo_rules+bash_src/bashline.c: In function 'bash_glob_complete_word':
external/bash++_repo_rules+bash_src/bashline.c:3953:10: warning: unused parameter 'count' [-Wunused-parameter]
 3953 |      int count, key;
      |          ^~~~~
external/bash++_repo_rules+bash_src/bashline.c:3953:17: warning: unused parameter 'key' [-Wunused-parameter]
 3953 |      int count, key;
      |                 ^~~
external/bash++_repo_rules+bash_src/bashline.c: In function 'bash_glob_expand_word':
external/bash++_repo_rules+bash_src/bashline.c:3971:10: warning: unused parameter 'count' [-Wunused-parameter]
 3971 |      int count, key;
      |          ^~~~~
external/bash++_repo_rules+bash_src/bashline.c:3971:17: warning: unused parameter 'key' [-Wunused-parameter]
 3971 |      int count, key;
      |                 ^~~
external/bash++_repo_rules+bash_src/bashline.c: In function 'bash_glob_list_expansions':
external/bash++_repo_rules+bash_src/bashline.c:3978:10: warning: unused parameter 'count' [-Wunused-parameter]
 3978 |      int count, key;
      |          ^~~~~
external/bash++_repo_rules+bash_src/bashline.c:3978:17: warning: unused parameter 'key' [-Wunused-parameter]
 3978 |      int count, key;
      |                 ^~~
external/bash++_repo_rules+bash_src/bashline.c: In function 'bash_execute_unix_command':
external/bash++_repo_rules+bash_src/bashline.c:4447:27: warning: unused variable 'old_ch' [-Wunused-variable]
 4447 |   char *cmd, *value, *ce, old_ch;
      |                           ^~~~~~
external/bash++_repo_rules+bash_src/bashline.c:4441:10: warning: unused parameter 'key' [-Wunused-parameter]
 4441 |      int key;
      |          ^~~
external/bash++_repo_rules+bash_src/bashline.c: At top level:
external/bash++_repo_rules+bash_src/bashline.c:214:12: warning: 'set_saved_history' declared 'static' but never defined [-Wunused-function]
  214 | static int set_saved_history PARAMS((void));
      |            ^~~~~~~~~~~~~~~~~
external/bash++_repo_rules+bash_src/bashline.c:4584:1: warning: 'get_cmd_xmap_from_edit_mode' defined but not used [-Wunused-function]
 4584 | get_cmd_xmap_from_edit_mode ()
      | ^~~~~~~~~~~~~~~~~~~~~~~~~~~
external/bash++_repo_rules+bash_src/bashline.c:4386:1: warning: 'putx' defined but not used [-Wunused-function]
 4386 | putx(c)
      | ^~~~
external/bash++_repo_rules+bash_src/bashline.c: In function '_ignore_completion_names':
external/bash++_repo_rules+bash_src/bashline.c:3027:17: warning: 'oldnames' may be used uninitialized [-Wmaybe-uninitialized]
 3027 |         oldnames[oidx++] = names[idx];
      |                 ^
external/bash++_repo_rules+bash_src/bashline.c:2990:10: note: 'oldnames' was declared here
 2990 |   char **oldnames;
      |          ^~~~~~~~
external/bash++_repo_rules+bash_src/bashline.c: In function 'attempt_shell_completion':
external/bash++_repo_rules+bash_src/bashline.c:1719:28: warning: 'e1' may be used uninitialized [-Wmaybe-uninitialized]
 1719 |       else if (e == 0 && e == s && text[0] == '\0' && have_progcomps)   /* beginning of empty line */
      |                          ~~^~~~
external/bash++_repo_rules+bash_src/bashline.c:1669:21: note: 'e1' was declared here
 1669 |       int s, e, s1, e1, os, foundcs;
      |                     ^~
INFO: From Compiling lib/sh/getenv.c:
external/bash++_repo_rules+bash_src/lib/sh/getenv.c: In function 'getenv':
external/bash++_repo_rules+bash_src/lib/sh/getenv.c:55:6: warning: 'nonnull' argument 'name' compared to NULL [-Wnonnull-compare]
   55 |   if (name == 0 || *name == '\0')
      |      ^
external/bash++_repo_rules+bash_src/lib/sh/getenv.c: In function 'putenv':
external/bash++_repo_rules+bash_src/lib/sh/getenv.c:112:6: warning: 'nonnull' argument 'str' compared to NULL [-Wnonnull-compare]
  112 |   if (str == 0 || *str == '\0')
      |      ^
external/bash++_repo_rules+bash_src/lib/sh/getenv.c: In function 'unsetenv':
external/bash++_repo_rules+bash_src/lib/sh/getenv.c:214:6: warning: 'nonnull' argument 'name' compared to NULL [-Wnonnull-compare]
  214 |   if (name == 0 || *name == '\0' || strchr (name, '=') != 0)
      |      ^
INFO: From Compiling lib/sh/timers.c:
external/bash++_repo_rules+bash_src/lib/sh/timers.c: In function 'shtimer_select':
external/bash++_repo_rules+bash_src/lib/sh/timers.c:185:26: warning: unused variable 'prevmask' [-Wunused-variable]
  185 |   sigset_t blocked_sigs, prevmask;
      |                          ^~~~~~~~
external/bash++_repo_rules+bash_src/lib/sh/timers.c: In function 'shtimer_alrm':
external/bash++_repo_rules+bash_src/lib/sh/timers.c:259:25: warning: unused parameter 't' [-Wunused-parameter]
  259 | shtimer_alrm (sh_timer *t)
      |               ~~~~~~~~~~^
INFO: From Compiling external/bash+/builtins/colon.c:
/data/sonic/sonic-dzf-time-measure/.measure/20260901-233744/bazel-fully-cold-attempt3/output-base/sandbox/linux-sandbox/2620/execroot/_main/external/bash++_repo_rules+bash_src/builtins/colon.def: In function 'colon_builtin':
/data/sonic/sonic-dzf-time-measure/.measure/20260901-233744/bazel-fully-cold-attempt3/output-base/sandbox/linux-sandbox/2620/execroot/_main/external/bash++_repo_rules+bash_src/builtins/colon.def:65:17: warning: unused parameter 'ignore' [-Wunused-parameter]
/data/sonic/sonic-dzf-time-measure/.measure/20260901-233744/bazel-fully-cold-attempt3/output-base/sandbox/linux-sandbox/2620/execroot/_main/external/bash++_repo_rules+bash_src/builtins/colon.def: In function 'false_builtin':
/data/sonic/sonic-dzf-time-measure/.measure/20260901-233744/bazel-fully-cold-attempt3/output-base/sandbox/linux-sandbox/2620/execroot/_main/external/bash++_repo_rules+bash_src/builtins/colon.def:73:17: warning: unused parameter 'ignore' [-Wunused-parameter]
INFO: From Compiling lib/sh/strvis.c:
external/bash++_repo_rules+bash_src/lib/sh/strvis.c: In function 'sh_charvis':
external/bash++_repo_rules+bash_src/lib/sh/strvis.c:44:44: warning: comparison is always true due to limited range of data type [-Wtype-limits]
   44 | #define META_CHAR(c)    ((c) > 0x7f && (c) <= UCHAR_MAX)
      |                                            ^~
external/bash++_repo_rules+bash_src/lib/sh/strvis.c:101:12: note: in expansion of macro 'META_CHAR'
  101 |   else if (META_CHAR (c))
      |            ^~~~~~~~~
external/bash++_repo_rules+bash_src/lib/sh/strvis.c: In function 'sh_strvis':
external/bash++_repo_rules+bash_src/lib/sh/strvis.c:126:17: warning: unused variable 'c' [-Wunused-variable]
  126 |   unsigned char c;
      |                 ^
INFO: From Compiling external/bash+/builtins/cd.c:
/data/sonic/sonic-dzf-time-measure/.measure/20260901-233744/bazel-fully-cold-attempt3/output-base/sandbox/linux-sandbox/2620/execroot/_main/external/bash++_repo_rules+bash_src/builtins/cd.def: In function 'cdxattr':
/data/sonic/sonic-dzf-time-measure/.measure/20260901-233744/bazel-fully-cold-attempt3/output-base/sandbox/linux-sandbox/2620/execroot/_main/external/bash++_repo_rules+bash_src/builtins/cd.def:199:12: warning: unused parameter 'dir' [-Wunused-parameter]
/data/sonic/sonic-dzf-time-measure/.measure/20260901-233744/bazel-fully-cold-attempt3/output-base/sandbox/linux-sandbox/2620/execroot/_main/external/bash++_repo_rules+bash_src/builtins/cd.def:200:13: warning: unused parameter 'ndirp' [-Wunused-parameter]
/data/sonic/sonic-dzf-time-measure/.measure/20260901-233744/bazel-fully-cold-attempt3/output-base/sandbox/linux-sandbox/2620/execroot/_main/external/bash++_repo_rules+bash_src/builtins/cd.def: In function 'change_to_directory':
/data/sonic/sonic-dzf-time-measure/.measure/20260901-233744/bazel-fully-cold-attempt3/output-base/sandbox/linux-sandbox/2620/execroot/_main/external/bash++_repo_rules+bash_src/builtins/cd.def:555:20: warning: unused variable 'ndir' [-Wunused-variable]
/data/sonic/sonic-dzf-time-measure/.measure/20260901-233744/bazel-fully-cold-attempt3/output-base/sandbox/linux-sandbox/2620/execroot/_main/external/bash++_repo_rules+bash_src/builtins/cd.def:553:19: warning: unused parameter 'xattr' [-Wunused-parameter]
/data/sonic/sonic-dzf-time-measure/.measure/20260901-233744/bazel-fully-cold-attempt3/output-base/sandbox/linux-sandbox/2620/execroot/_main/external/bash++_repo_rules+bash_src/builtins/cd.def: At top level:
/data/sonic/sonic-dzf-time-measure/.measure/20260901-233744/bazel-fully-cold-attempt3/output-base/sandbox/linux-sandbox/2620/execroot/_main/external/bash++_repo_rules+bash_src/builtins/cd.def:198:1: warning: 'cdxattr' defined but not used [-Wunused-function]
INFO: From Compiling lib/readline/histsearch.c:
external/bash++_repo_rules+bash_src/lib/readline/histsearch.c:22:9: warning: "READLINE_LIBRARY" redefined
   22 | #define READLINE_LIBRARY
      |         ^~~~~~~~~~~~~~~~
<command-line>: note: this is the location of the previous definition
INFO: From Compiling lib/sh/strtrans.c:
external/bash++_repo_rules+bash_src/lib/sh/strtrans.c: In function 'ansicstr':
external/bash++_repo_rules+bash_src/lib/sh/strtrans.c:59:7: warning: unused variable 'b' [-Wunused-variable]
   59 |   int b, mb_cur_max;
      |       ^
external/bash++_repo_rules+bash_src/lib/sh/strtrans.c: In function 'ansic_quote':
external/bash++_repo_rules+bash_src/lib/sh/strtrans.c:281:68: warning: comparison of unsigned expression in '< 0' is always false [-Wtype-limits]
  281 |           if ((b == 0 && ((clen = mbrtowc (&wc, s, MB_CUR_MAX, 0)) < 0 || MB_INVALIDCH (clen) || iswprint (wc) == 0)) ||
      |                                                                    ^
external/bash++_repo_rules+bash_src/lib/sh/strtrans.c:232:10: warning: unused parameter 'flags' [-Wunused-parameter]
  232 |      int flags, *rlen;
      |          ^~~~~
external/bash++_repo_rules+bash_src/lib/sh/strtrans.c: In function 'ansicstr':
external/bash++_repo_rules+bash_src/lib/sh/strtrans.c:117:18: warning: this statement may fall through [-Wimplicit-fallthrough=]
  117 |               if (flags & 1)
      |                  ^
external/bash++_repo_rules+bash_src/lib/sh/strtrans.c:124:13: note: here
  124 |             case '0':
      |             ^~~~
INFO: From Compiling lib/readline/misc.c:
external/bash++_repo_rules+bash_src/lib/readline/misc.c:22:9: warning: "READLINE_LIBRARY" redefined
   22 | #define READLINE_LIBRARY
      |         ^~~~~~~~~~~~~~~~
<command-line>: note: this is the location of the previous definition
external/bash++_repo_rules+bash_src/lib/readline/misc.c: In function 'rl_digit_argument':
external/bash++_repo_rules+bash_src/lib/readline/misc.c:226:24: warning: unused parameter 'ignore' [-Wunused-parameter]
  226 | rl_digit_argument (int ignore, int key)
      |                    ~~~~^~~~~~
external/bash++_repo_rules+bash_src/lib/readline/misc.c: In function 'rl_universal_argument':
external/bash++_repo_rules+bash_src/lib/readline/misc.c:246:28: warning: unused parameter 'count' [-Wunused-parameter]
  246 | rl_universal_argument (int count, int key)
      |                        ~~~~^~~~~
external/bash++_repo_rules+bash_src/lib/readline/misc.c:246:39: warning: unused parameter 'key' [-Wunused-parameter]
  246 | rl_universal_argument (int count, int key)
      |                                   ~~~~^~~
external/bash++_repo_rules+bash_src/lib/readline/misc.c: In function '_rl_free_saved_history_line':
external/bash++_repo_rules+bash_src/lib/readline/misc.c:388:14: warning: unused variable 'orig' [-Wunused-variable]
  388 |   UNDO_LIST *orig;
      |              ^~~~
external/bash++_repo_rules+bash_src/lib/readline/misc.c: In function 'rl_replace_from_history':
external/bash++_repo_rules+bash_src/lib/readline/misc.c:427:49: warning: unused parameter 'flags' [-Wunused-parameter]
  427 | rl_replace_from_history (HIST_ENTRY *entry, int flags)
      |                                             ~~~~^~~~~
external/bash++_repo_rules+bash_src/lib/readline/misc.c: In function 'rl_beginning_of_history':
external/bash++_repo_rules+bash_src/lib/readline/misc.c:547:30: warning: unused parameter 'count' [-Wunused-parameter]
  547 | rl_beginning_of_history (int count, int key)
      |                          ~~~~^~~~~
external/bash++_repo_rules+bash_src/lib/readline/misc.c: In function 'rl_end_of_history':
external/bash++_repo_rules+bash_src/lib/readline/misc.c:554:24: warning: unused parameter 'count' [-Wunused-parameter]
  554 | rl_end_of_history (int count, int key)
      |                    ~~~~^~~~~
external/bash++_repo_rules+bash_src/lib/readline/misc.c:554:35: warning: unused parameter 'key' [-Wunused-parameter]
  554 | rl_end_of_history (int count, int key)
      |                               ~~~~^~~
external/bash++_repo_rules+bash_src/lib/readline/misc.c: In function 'rl_vi_editing_mode':
external/bash++_repo_rules+bash_src/lib/readline/misc.c:738:25: warning: unused parameter 'count' [-Wunused-parameter]
  738 | rl_vi_editing_mode (int count, int key)
      |                     ~~~~^~~~~
external/bash++_repo_rules+bash_src/lib/readline/misc.c: In function 'rl_emacs_editing_mode':
external/bash++_repo_rules+bash_src/lib/readline/misc.c:750:28: warning: unused parameter 'count' [-Wunused-parameter]
  750 | rl_emacs_editing_mode (int count, int key)
      |                        ~~~~^~~~~
external/bash++_repo_rules+bash_src/lib/readline/misc.c:750:39: warning: unused parameter 'key' [-Wunused-parameter]
  750 | rl_emacs_editing_mode (int count, int key)
      |                                   ~~~~^~~
external/bash++_repo_rules+bash_src/lib/readline/misc.c: In function '_rl_set_insert_mode':
external/bash++_repo_rules+bash_src/lib/readline/misc.c:764:34: warning: unused parameter 'force' [-Wunused-parameter]
  764 | _rl_set_insert_mode (int im, int force)
      |                              ~~~~^~~~~
external/bash++_repo_rules+bash_src/lib/readline/misc.c: In function 'rl_overwrite_mode':
external/bash++_repo_rules+bash_src/lib/readline/misc.c:776:35: warning: unused parameter 'key' [-Wunused-parameter]
  776 | rl_overwrite_mode (int count, int key)
      |                               ~~~~^~~
INFO: From Compiling braces.c:
external/bash++_repo_rules+bash_src/braces.c: In function 'expand_amble':
external/bash++_repo_rules+bash_src/braces.c:288:10: warning: unused parameter 'flags' [-Wunused-parameter]
  288 |      int flags;
      |          ^~~~~
external/bash++_repo_rules+bash_src/braces.c: In function 'mkseq':
external/bash++_repo_rules+bash_src/braces.c:428:15: warning: variable 'len' set but not used [-Wunused-but-set-variable]
  428 |           int len, arg;
      |               ^~~
In function 'mkseq',
    inlined from 'expand_seqterm' at external/bash++_repo_rules+bash_src/braces.c:576:12,
    inlined from 'brace_expand' at external/bash++_repo_rules+bash_src/braces.c:234:14:
external/bash++_repo_rules+bash_src/braces.c:371:13: warning: 'tr' may be used uninitialized [-Wmaybe-uninitialized]
  371 |   if (start > end && incr > 0)
      |       ~~~~~~^~~~~
external/bash++_repo_rules+bash_src/braces.c: In function 'brace_expand':
external/bash++_repo_rules+bash_src/braces.c:479:16: note: 'tr' was declared here
  479 |   intmax_t tl, tr;
      |                ^~
INFO: From Compiling lib/route/rtnl.c:
<command-line>: warning: "_FORTIFY_SOURCE" redefined
<command-line>: note: this is the location of the previous definition
INFO: From Compiling lib/readline/histfile.c:
external/bash++_repo_rules+bash_src/lib/readline/histfile.c:26:9: warning: "READLINE_LIBRARY" redefined
   26 | #define READLINE_LIBRARY
      |         ^~~~~~~~~~~~~~~~
<command-line>: note: this is the location of the previous definition
external/bash++_repo_rules+bash_src/lib/readline/histfile.c: In function 'history_backupfile':
external/bash++_repo_rules+bash_src/lib/readline/histfile.c:193:15: warning: unused variable 'fs' [-Wunused-variable]
  193 |   struct stat fs;
      |               ^~
external/bash++_repo_rules+bash_src/lib/readline/histfile.c: In function 'history_tempfile':
external/bash++_repo_rules+bash_src/lib/readline/histfile.c:221:15: warning: unused variable 'fs' [-Wunused-variable]
  221 |   struct stat fs;
      |               ^~
external/bash++_repo_rules+bash_src/lib/readline/histfile.c: In function 'read_history_range':
external/bash++_repo_rules+bash_src/lib/readline/histfile.c:305:17: warning: comparison of integer expressions of different signedness: 'size_t' {aka 'long unsigned int'} and '__off_t' {aka 'long int'} [-Wsign-compare]
  305 |   if (file_size != finfo.st_size || file_size + 1 < file_size)
      |                 ^~
external/bash++_repo_rules+bash_src/lib/readline/histfile.c: In function 'history_truncate_file':
external/bash++_repo_rules+bash_src/lib/readline/histfile.c:560:17: warning: comparison of integer expressions of different signedness: 'size_t' {aka 'long unsigned int'} and '__off_t' {aka 'long int'} [-Wsign-compare]
  560 |   if (file_size != finfo.st_size || file_size + 1 < file_size)
      |                 ^~
external/bash++_repo_rules+bash_src/lib/readline/histfile.c:521:49: warning: variable 'r' set but not used [-Wunused-but-set-variable]
  521 |   int file, chars_read, rv, orig_lines, exists, r;
      |                                                 ^
external/bash++_repo_rules+bash_src/lib/readline/histfile.c: In function 'history_do_write':
external/bash++_repo_rules+bash_src/lib/readline/histfile.c:683:22: warning: unused variable 'nfinfo' [-Wunused-variable]
  683 |   struct stat finfo, nfinfo;
      |                      ^~~~~~
external/bash++_repo_rules+bash_src/lib/readline/histfile.c: At top level:
external/bash++_repo_rules+bash_src/lib/readline/histfile.c:473:1: warning: 'histfile_backup' defined but not used [-Wunused-function]
  473 | histfile_backup (const char *filename, const char *back)
      | ^~~~~~~~~~~~~~~
external/bash++_repo_rules+bash_src/lib/readline/histfile.c:187:1: warning: 'history_backupfile' defined but not used [-Wunused-function]
  187 | history_backupfile (const char *filename)
      | ^~~~~~~~~~~~~~~~~~
external/bash++_repo_rules+bash_src/lib/readline/histfile.c: In function 'history_truncate_file':
external/bash++_repo_rules+bash_src/lib/readline/histfile.c:646:46: warning: 'orig_lines' may be used uninitialized [-Wmaybe-uninitialized]
  646 |   history_lines_written_to_file = orig_lines - lines;
      |                                   ~~~~~~~~~~~^~~~~~~
external/bash++_repo_rules+bash_src/lib/readline/histfile.c:521:29: note: 'orig_lines' was declared here
  521 |   int file, chars_read, rv, orig_lines, exists, r;
      |                             ^~~~~~~~~~
INFO: From Compiling libteam/options.c:
In file included from external/libteam++_repo_rules+libteam_src/libteam/options.c:48:
external/libteam++_repo_rules+libteam_src/libteam/team_private.h: In function 'team_log_null':
external/libteam++_repo_rules+libteam_src/libteam/team_private.h:74:35: warning: unused parameter 'th' [-Wunused-parameter]
   74 | team_log_null(struct team_handle *th, const char *format, ...) {}
      |               ~~~~~~~~~~~~~~~~~~~~^~
external/libteam++_repo_rules+libteam_src/libteam/team_private.h:74:51: warning: unused parameter 'format' [-Wunused-parameter]
   74 | team_log_null(struct team_handle *th, const char *format, ...) {}
      |                                       ~~~~~~~~~~~~^~~~~~
external/libteam++_repo_rules+libteam_src/libteam/options.c: In function 'do_update_option':
external/libteam++_repo_rules+libteam_src/libteam/options.c:184:49: warning: comparison of integer expressions of different signedness: 'enum team_option_type' and 'int' [-Wsign-compare]
  184 |         if (option->initialized && option->type != opt_type)
      |                                                 ^~
external/libteam++_repo_rules+libteam_src/libteam/options.c: In function 'set_option_value':
external/libteam++_repo_rules+libteam_src/libteam/options.c:707:49: warning: comparison of integer expressions of different signedness: 'enum team_option_type' and 'int' [-Wsign-compare]
  707 |         if (option->initialized && option->type != opt_type)
      |                                                 ^~
INFO: From Compiling lib/route/route_utils.c:
<command-line>: warning: "_FORTIFY_SOURCE" redefined
<command-line>: note: this is the location of the previous definition
INFO: From Compiling src/Linux/readInterfaces.c:
external/sflow++_repo_rules+hsflowd_src/src/Linux/readInterfaces.c: In function 'ethtool_get_GSTATS':
external/sflow++_repo_rules+hsflowd_src/src/Linux/readInterfaces.c:562:26: warning: comparison of integer expressions of different signedness: 'int' and 'uint32_t' {aka 'unsigned int'} [-Wsign-compare]
  562 |         for(int ii=0; ii < adaptorNIO->et_nctrs; ii++) {
      |                          ^
INFO: From Compiling src/lib/filters.c:
external/libpam-radius-auth++_repo_rules+freeradius_src/src/lib/filters.c: In function 'ascend_parse_filter':
external/libpam-radius-auth++_repo_rules+freeradius_src/src/lib/filters.c:1066:29: warning: pointer targets in passing argument 1 of 'str2argv' differ in signedness [-Wpointer-sign]
 1066 |         argc = str2argv(pair->strvalue, argv, 32);
      |                         ~~~~^~~~~~~~~~
      |                             |
      |                             uint8_t * {aka unsigned char *}
external/libpam-radius-auth++_repo_rules+freeradius_src/src/lib/filters.c:353:27: note: expected 'char *' but argument is of type 'uint8_t *' {aka 'unsigned char *'}
  353 | static int str2argv(char *str, char **argv, int max_argc)
      |                     ~~~~~~^~~
external/libpam-radius-auth++_repo_rules+freeradius_src/src/lib/filters.c: At top level:
external/libpam-radius-auth++_repo_rules+freeradius_src/src/lib/filters.c:23:19: warning: 'rcsid' defined but not used [-Wunused-const-variable=]
   23 | static const char rcsid[] = "$Id$";
      |                   ^~~~~
[12,456 / 21,686] Executing genrule //src/sonic-device-data:device_tar; 114s linux-sandbox ... (192 actions, 191 running)
INFO: From Compiling external/bash+/builtins/set.c:
/data/sonic/sonic-dzf-time-measure/.measure/20260901-233744/bazel-fully-cold-attempt3/output-base/sandbox/linux-sandbox/2620/execroot/_main/external/bash++_repo_rules+bash_src/builtins/set.def: In function 'set_ignoreeof':
/data/sonic/sonic-dzf-time-measure/.measure/20260901-233744/bazel-fully-cold-attempt3/output-base/sandbox/linux-sandbox/2620/execroot/_main/external/bash++_repo_rules+bash_src/builtins/set.def:393:12: warning: unused parameter 'option_name' [-Wunused-parameter]
/data/sonic/sonic-dzf-time-measure/.measure/20260901-233744/bazel-fully-cold-attempt3/output-base/sandbox/linux-sandbox/2620/execroot/_main/external/bash++_repo_rules+bash_src/builtins/set.def: In function 'set_posix_mode':
/data/sonic/sonic-dzf-time-measure/.measure/20260901-233744/bazel-fully-cold-attempt3/output-base/sandbox/linux-sandbox/2620/execroot/_main/external/bash++_repo_rules+bash_src/builtins/set.def:408:12: warning: unused parameter 'option_name' [-Wunused-parameter]
/data/sonic/sonic-dzf-time-measure/.measure/20260901-233744/bazel-fully-cold-attempt3/output-base/sandbox/linux-sandbox/2620/execroot/_main/external/bash++_repo_rules+bash_src/builtins/set.def: In function 'bash_set_history':
/data/sonic/sonic-dzf-time-measure/.measure/20260901-233744/bazel-fully-cold-attempt3/output-base/sandbox/linux-sandbox/2620/execroot/_main/external/bash++_repo_rules+bash_src/builtins/set.def:467:12: warning: unused parameter 'option_name' [-Wunused-parameter]
/data/sonic/sonic-dzf-time-measure/.measure/20260901-233744/bazel-fully-cold-attempt3/output-base/sandbox/linux-sandbox/2620/execroot/_main/external/bash++_repo_rules+bash_src/builtins/set.def: In function 'unset_builtin':
/data/sonic/sonic-dzf-time-measure/.measure/20260901-233744/bazel-fully-cold-attempt3/output-base/sandbox/linux-sandbox/2620/execroot/_main/external/bash++_repo_rules+bash_src/builtins/set.def:1013:10: warning: 'tem' may be used uninitialized [-Wmaybe-uninitialized]
/data/sonic/sonic-dzf-time-measure/.measure/20260901-233744/bazel-fully-cold-attempt3/output-base/sandbox/linux-sandbox/2620/execroot/_main/external/bash++_repo_rules+bash_src/builtins/set.def:882:11: note: 'tem' was declared here
INFO: From Compiling libteam/ifinfo.c:
In file included from external/libteam++_repo_rules+libteam_src/libteam/ifinfo.c:45:
external/libteam++_repo_rules+libteam_src/libteam/team_private.h: In function 'team_log_null':
external/libteam++_repo_rules+libteam_src/libteam/team_private.h:74:35: warning: unused parameter 'th' [-Wunused-parameter]
   74 | team_log_null(struct team_handle *th, const char *format, ...) {}
      |               ~~~~~~~~~~~~~~~~~~~~^~
external/libteam++_repo_rules+libteam_src/libteam/team_private.h:74:51: warning: unused parameter 'format' [-Wunused-parameter]
   74 | team_log_null(struct team_handle *th, const char *format, ...) {}
      |                                       ~~~~~~~~~~~~^~~~~~
INFO: From Compiling lib/readline/input.c:
external/bash++_repo_rules+bash_src/lib/readline/input.c:22:9: warning: "READLINE_LIBRARY" redefined
   22 | #define READLINE_LIBRARY
      |         ^~~~~~~~~~~~~~~~
<command-line>: note: this is the location of the previous definition
external/bash++_repo_rules+bash_src/lib/readline/input.c: In function 'rl_getc':
external/bash++_repo_rules+bash_src/lib/readline/input.c:882:1: warning: label 'handle_error' defined but not used [-Wunused-label]
  882 | handle_error:
      | ^~~~~~~~~~~~
external/bash++_repo_rules+bash_src/lib/readline/input.c:811:12: warning: unused variable 'empty_set' [-Wunused-variable]
  811 |   sigset_t empty_set;
      |            ^~~~~~~~~
INFO: From Compiling src/Linux/readHidCounters.c:
external/sflow++_repo_rules+hsflowd_src/src/Linux/readHidCounters.c: In function 'readHidCounters':
external/sflow++_repo_rules+hsflowd_src/src/Linux/readHidCounters.c:25:8: warning: the comparison will always evaluate as 'true' for the address of 'nodename' will never be NULL [-Waddress]
   25 |     if(uu.nodename) {
      |        ^~
In file included from external/sflow++_repo_rules+hsflowd_src/src/Linux/readHidCounters.c:9:
bazel-out/k8-opt/bin/external/rules_distroless++apt+sysroot-trixie/directory/usr/include/x86_64-linux-gnu/sys/utsname.h:54:10: note: 'nodename' declared here
   54 |     char nodename[_UTSNAME_NODENAME_LENGTH];
      |          ^~~~~~~~
external/sflow++_repo_rules+hsflowd_src/src/Linux/readHidCounters.c:79:8: warning: the comparison will always evaluate as 'true' for the address of 'release' will never be NULL [-Waddress]
   79 |     if(uu.release) {
      |        ^~
bazel-out/k8-opt/bin/external/rules_distroless++apt+sysroot-trixie/directory/usr/include/x86_64-linux-gnu/sys/utsname.h:57:10: note: 'release' declared here
   57 |     char release[_UTSNAME_RELEASE_LENGTH];
      |          ^~~~~~~
INFO: From Compiling lib/genl/mngt.c:
<command-line>: warning: "_FORTIFY_SOURCE" redefined
<command-line>: note: this is the location of the previous definition
INFO: From Compiling grub-core/lib/gnulib/regex.c:
In file included from external/sonic-build-infra++_repo_rules4+grub_src/grub-core/lib/gnulib/regex.c:70:
external/sonic-build-infra++_repo_rules4+grub_src/grub-core/lib/gnulib/regex_internal.c: In function 'create_ci_newstate':
external/sonic-build-infra++_repo_rules4+grub_src/grub-core/lib/gnulib/regex_internal.c:1634:48: warning: 'calloc' sizes specified with 'sizeof' in the earlier argument and not in the later argument [-Wcalloc-transposed-args]
 1634 |   newstate = (re_dfastate_t *) calloc (sizeof (re_dfastate_t), 1);
      |                                                ^~~~~~~~~~~~~
external/sonic-build-infra++_repo_rules4+grub_src/grub-core/lib/gnulib/regex_internal.c:1634:48: note: earlier argument should specify number of elements, later size of each element
external/sonic-build-infra++_repo_rules4+grub_src/grub-core/lib/gnulib/regex_internal.c: In function 'create_cd_newstate':
external/sonic-build-infra++_repo_rules4+grub_src/grub-core/lib/gnulib/regex_internal.c:1684:48: warning: 'calloc' sizes specified with 'sizeof' in the earlier argument and not in the later argument [-Wcalloc-transposed-args]
 1684 |   newstate = (re_dfastate_t *) calloc (sizeof (re_dfastate_t), 1);
      |                                                ^~~~~~~~~~~~~
external/sonic-build-infra++_repo_rules4+grub_src/grub-core/lib/gnulib/regex_internal.c:1684:48: note: earlier argument should specify number of elements, later size of each element
In file included from external/sonic-build-infra++_repo_rules4+grub_src/grub-core/lib/gnulib/regex.c:71:
external/sonic-build-infra++_repo_rules4+grub_src/grub-core/lib/gnulib/regcomp.c: In function 'init_dfa':
external/sonic-build-infra++_repo_rules4+grub_src/grub-core/lib/gnulib/regcomp.c:866:38: warning: 'calloc' sizes specified with 'sizeof' in the earlier argument and not in the later argument [-Wcalloc-transposed-args]
  866 |   dfa->state_table = calloc (sizeof (struct re_state_table_entry), table_size);
      |                                      ^~~~~~
external/sonic-build-infra++_repo_rules4+grub_src/grub-core/lib/gnulib/regcomp.c:866:38: note: earlier argument should specify number of elements, later size of each element
external/sonic-build-infra++_repo_rules4+grub_src/grub-core/lib/gnulib/regcomp.c:898:60: warning: 'calloc' sizes specified with 'sizeof' in the earlier argument and not in the later argument [-Wcalloc-transposed-args]
  898 |           dfa->sb_char = (re_bitset_ptr_t) calloc (sizeof (bitset_t), 1);
      |                                                            ^~~~~~~~
external/sonic-build-infra++_repo_rules4+grub_src/grub-core/lib/gnulib/regcomp.c:898:60: note: earlier argument should specify number of elements, later size of each element
external/sonic-build-infra++_repo_rules4+grub_src/grub-core/lib/gnulib/regcomp.c: In function 'parse_bracket_exp':
external/sonic-build-infra++_repo_rules4+grub_src/grub-core/lib/gnulib/regcomp.c:3128:46: warning: 'calloc' sizes specified with 'sizeof' in the earlier argument and not in the later argument [-Wcalloc-transposed-args]
 3128 |   sbcset = (re_bitset_ptr_t) calloc (sizeof (bitset_t), 1);
      |                                              ^~~~~~~~
external/sonic-build-infra++_repo_rules4+grub_src/grub-core/lib/gnulib/regcomp.c:3128:46: note: earlier argument should specify number of elements, later size of each element
external/sonic-build-infra++_repo_rules4+grub_src/grub-core/lib/gnulib/regcomp.c:3130:45: warning: 'calloc' sizes specified with 'sizeof' in the earlier argument and not in the later argument [-Wcalloc-transposed-args]
 3130 |   mbcset = (re_charset_t *) calloc (sizeof (re_charset_t), 1);
      |                                             ^~~~~~~~~~~~
external/sonic-build-infra++_repo_rules4+grub_src/grub-core/lib/gnulib/regcomp.c:3130:45: note: earlier argument should specify number of elements, later size of each element
external/sonic-build-infra++_repo_rules4+grub_src/grub-core/lib/gnulib/regcomp.c: In function 'build_charclass_op':
external/sonic-build-infra++_repo_rules4+grub_src/grub-core/lib/gnulib/regcomp.c:3668:46: warning: 'calloc' sizes specified with 'sizeof' in the earlier argument and not in the later argument [-Wcalloc-transposed-args]
 3668 |   sbcset = (re_bitset_ptr_t) calloc (sizeof (bitset_t), 1);
      |                                              ^~~~~~~~
external/sonic-build-infra++_repo_rules4+grub_src/grub-core/lib/gnulib/regcomp.c:3668:46: note: earlier argument should specify number of elements, later size of each element
external/sonic-build-infra++_repo_rules4+grub_src/grub-core/lib/gnulib/regcomp.c:3675:45: warning: 'calloc' sizes specified with 'sizeof' in the earlier argument and not in the later argument [-Wcalloc-transposed-args]
 3675 |   mbcset = (re_charset_t *) calloc (sizeof (re_charset_t), 1);
      |                                             ^~~~~~~~~~~~
external/sonic-build-infra++_repo_rules4+grub_src/grub-core/lib/gnulib/regcomp.c:3675:45: note: earlier argument should specify number of elements, later size of each element
In file included from external/sonic-build-infra++_repo_rules4+grub_src/grub-core/lib/gnulib/regex.c:72:
external/sonic-build-infra++_repo_rules4+grub_src/grub-core/lib/gnulib/regexec.c: In function 'get_subexp':
external/sonic-build-infra++_repo_rules4+grub_src/grub-core/lib/gnulib/regexec.c:2774:47: warning: 'calloc' sizes specified with 'sizeof' in the earlier argument and not in the later argument [-Wcalloc-transposed-args]
 2774 |               sub_top->path = calloc (sizeof (state_array_t),
      |                                               ^~~~~~~~~~~~~
external/sonic-build-infra++_repo_rules4+grub_src/grub-core/lib/gnulib/regexec.c:2774:47: note: earlier argument should specify number of elements, later size of each element
external/sonic-build-infra++_repo_rules4+grub_src/grub-core/lib/gnulib/regexec.c: In function 'build_trtable':
external/sonic-build-infra++_repo_rules4+grub_src/grub-core/lib/gnulib/regexec.c:3343:29: warning: 'calloc' sizes specified with 'sizeof' in the earlier argument and not in the later argument [-Wcalloc-transposed-args]
 3343 |             calloc (sizeof (re_dfastate_t *), SBC_MAX);
      |                             ^~~~~~~~~~~~~
external/sonic-build-infra++_repo_rules4+grub_src/grub-core/lib/gnulib/regexec.c:3343:29: note: earlier argument should specify number of elements, later size of each element
external/sonic-build-infra++_repo_rules4+grub_src/grub-core/lib/gnulib/regexec.c:3439:44: warning: 'calloc' sizes specified with 'sizeof' in the earlier argument and not in the later argument [-Wcalloc-transposed-args]
 3439 |         (re_dfastate_t **) calloc (sizeof (re_dfastate_t *), SBC_MAX);
      |                                            ^~~~~~~~~~~~~
external/sonic-build-infra++_repo_rules4+grub_src/grub-core/lib/gnulib/regexec.c:3439:44: note: earlier argument should specify number of elements, later size of each element
external/sonic-build-infra++_repo_rules4+grub_src/grub-core/lib/gnulib/regexec.c:3470:44: warning: 'calloc' sizes specified with 'sizeof' in the earlier argument and not in the later argument [-Wcalloc-transposed-args]
 3470 |         (re_dfastate_t **) calloc (sizeof (re_dfastate_t *), 2 * SBC_MAX);
      |                                            ^~~~~~~~~~~~~
external/sonic-build-infra++_repo_rules4+grub_src/grub-core/lib/gnulib/regexec.c:3470:44: note: earlier argument should specify number of elements, later size of each element
INFO: From Compiling external/libnl3++_repo_rules+libnl3_src/ematch_grammar.c:
<command-line>: warning: "_FORTIFY_SOURCE" redefined
<command-line>: note: this is the location of the previous definition
INFO: From Compiling lib/route/route_obj.c:
<command-line>: warning: "_FORTIFY_SOURCE" redefined
<command-line>: note: this is the location of the previous definition
INFO: From Compiling lib/netfilter/queue_msg_obj.c:
<command-line>: warning: "_FORTIFY_SOURCE" redefined
<command-line>: note: this is the location of the previous definition
INFO: From Compiling lib/genl/genl.c:
<command-line>: warning: "_FORTIFY_SOURCE" redefined
<command-line>: note: this is the location of the previous definition
INFO: From Compiling builtins/evalfile.c:
external/bash++_repo_rules+bash_src/builtins/evalfile.c: In function '_evalfile':
external/bash++_repo_rules+bash_src/builtins/evalfile.c:151:17: warning: comparison of integer expressions of different signedness: 'size_t' {aka 'long unsigned int'} and '__off_t' {aka 'long int'} [-Wsign-compare]
  151 |   if (file_size != finfo.st_size || file_size + 1 < file_size)
      |                 ^~
INFO: From Compiling lib/netfilter/queue_msg.c:
<command-line>: warning: "_FORTIFY_SOURCE" redefined
<command-line>: note: this is the location of the previous definition
INFO: From Executing genrule @@dash-sai++_repo_rules+dash_src//:p4_compile:
bmv2/dash_acl.p4(111): [--Wwarn=shadow] warning: 'deny' shadows 'deny'
    action deny() {meta.dropped = true;}
           ^^^^
bmv2/dash_metadata.p4(266)
action deny(inout metadata_t meta) {
       ^^^^
bmv2/stages/inbound_routing.p4(29): [--Wwarn=shadow] warning: 'hdr' shadows 'hdr'
    action tunnel_decap(inout headers_t hdr,
                                        ^^^
bmv2/stages/inbound_routing.p4(6)
control inbound_routing_stage(inout headers_t hdr,
                                              ^^^
bmv2/stages/inbound_routing.p4(30): [--Wwarn=shadow] warning: 'meta' shadows 'meta'
                        inout metadata_t meta,
                                         ^^^^
bmv2/stages/inbound_routing.p4(7)
                              inout metadata_t meta)
                                               ^^^^
bmv2/stages/inbound_routing.p4(36): [--Wwarn=shadow] warning: 'hdr' shadows 'hdr'
    action tunnel_decap_pa_validate(inout headers_t hdr,
                                                    ^^^
bmv2/stages/inbound_routing.p4(6)
control inbound_routing_stage(inout headers_t hdr,
                                              ^^^
bmv2/stages/inbound_routing.p4(37): [--Wwarn=shadow] warning: 'meta' shadows 'meta'
                                    inout metadata_t meta,
                                                     ^^^^
bmv2/stages/inbound_routing.p4(7)
                              inout metadata_t meta)
                                               ^^^^
bmv2/dash_counters.p4(50): [--Wwarn=unused] warning: flow_created: unused instance
@SaiCounter[no_suffix="true", attr_type="stats", action_names="set_eni_attrs"] counter(64, CounterType.packets) flow_created;
                                                                                                                ^^^^^^^^^^^^
bmv2/dash_counters.p4(51): [--Wwarn=unused] warning: flow_create_failed: unused instance
@SaiCounter[no_suffix="true", attr_type="stats", action_names="set_eni_attrs"] counter(64, CounterType.packets) flow_create_failed;
                                                                                                                ^^^^^^^^^^^^^^^^^^
bmv2/dash_counters.p4(52): [--Wwarn=unused] warning: flow_updated: unused instance
@SaiCounter[no_suffix="true", attr_type="stats", action_names="set_eni_attrs"] counter(64, CounterType.packets) flow_updated;
                                                                                                                ^^^^^^^^^^^^
bmv2/dash_counters.p4(53): [--Wwarn=unused] warning: flow_update_failed: unused instance
@SaiCounter[no_suffix="true", attr_type="stats", action_names="set_eni_attrs"] counter(64, CounterType.packets) flow_update_failed;
                                                                                                                ^^^^^^^^^^^^^^^^^^
bmv2/dash_counters.p4(54): [--Wwarn=unused] warning: flow_updated_by_resimulation: unused instance
@SaiCounter[no_suffix="true", attr_type="stats", action_names="set_eni_attrs"] counter(64, CounterType.packets) flow_updated_by_resimulation;
                                                                                                                ^^^^^^^^^^^^^^^^^^^^^^^^^^^^
bmv2/dash_counters.p4(55): [--Wwarn=unused] warning: flow_update_by_resimulation_failed: unused instance
@SaiCounter[no_suffix="true", attr_type="stats", action_names="set_eni_attrs"] counter(64, CounterType.packets) flow_update_by_resimulation_failed;
                                                                                                                ^^^^^^^^^^^^^^^^^^^^^^^^^^^^^^^^^^
bmv2/dash_counters.p4(56): [--Wwarn=unused] warning: flow_deleted: unused instance
@SaiCounter[no_suffix="true", attr_type="stats", action_names="set_eni_attrs"] counter(64, CounterType.packets) flow_deleted;
                                                                                                                ^^^^^^^^^^^^
bmv2/dash_counters.p4(57): [--Wwarn=unused] warning: flow_delete_failed: unused instance
@SaiCounter[no_suffix="true", attr_type="stats", action_names="set_eni_attrs"] counter(64, CounterType.packets) flow_delete_failed;
                                                                                                                ^^^^^^^^^^^^^^^^^^
bmv2/dash_counters.p4(58): [--Wwarn=unused] warning: flow_aged: unused instance
@SaiCounter[no_suffix="true", attr_type="stats", action_names="set_eni_attrs"] counter(64, CounterType.packets) flow_aged;
                                                                                                                ^^^^^^^^^
bmv2/dash_counters.p4(63): [--Wwarn=unused] warning: inline_sync_packet_rx: unused instance
@SaiCounter[attr_type="stats", action_names="set_eni_attrs"] counter(64, CounterType.packets_and_bytes) inline_sync_packet_rx;
                                                                                                        ^^^^^^^^^^^^^^^^^^^^^
bmv2/dash_counters.p4(64): [--Wwarn=unused] warning: inline_sync_packet_tx: unused instance
@SaiCounter[attr_type="stats", action_names="set_eni_attrs"] counter(64, CounterType.packets_and_bytes) inline_sync_packet_tx;
                                                                                                        ^^^^^^^^^^^^^^^^^^^^^
bmv2/dash_counters.p4(65): [--Wwarn=unused] warning: timed_sync_packet_rx: unused instance
@SaiCounter[attr_type="stats", action_names="set_eni_attrs"] counter(64, CounterType.packets_and_bytes) timed_sync_packet_rx;
                                                                                                        ^^^^^^^^^^^^^^^^^^^^
bmv2/dash_counters.p4(66): [--Wwarn=unused] warning: timed_sync_packet_tx: unused instance
@SaiCounter[attr_type="stats", action_names="set_eni_attrs"] counter(64, CounterType.packets_and_bytes) timed_sync_packet_tx;
                                                                                                        ^^^^^^^^^^^^^^^^^^^^
bmv2/dash_counters.p4(93): [--Wwarn=unused] warning: inline_flow_create_req_sent: unused instance
@SaiCounter[no_suffix="true", attr_type="stats", action_names="set_eni_attrs"] counter(64, CounterType.packets) inline_flow_create_req_sent; @SaiCounter[no_suffix="true", attr_type="stats", action_names="set_eni_attrs"] counter(64, CounterType.packets) inline_flow_create_req_recv; @SaiCounter[no_suffix="true", attr_type="stats", action_names="set_eni_attrs"] counter(64, CounterType.packets) inline_flow_create_req_failed; @SaiCounter[no_suffix="true", attr_type="stats", action_names="set_eni_attrs"] counter(64, CounterType.packets) inline_flow_create_req_ignored; @SaiCounter[no_suffix="true", attr_type="stats", action_names="set_eni_attrs"] counter(64, CounterType.packets) inline_flow_create_ack_recv; @SaiCounter[no_suffix="true", attr_type="stats", action_names="set_eni_attrs"] counter(64, CounterType.packets) inline_flow_create_ack_failed; @SaiCounter[no_suffix="true", attr_type="stats", action_names="set_eni_attrs"] counter(64, CounterType.packets) inline_flow_create_ack_ignored; @SaiCounter[no_suffix="true", attr_type="stats", action_names="set_eni_attrs"] counter(64, CounterType.packets) timed_flow_create_req_sent; @SaiCounter[no_suffix="true", attr_type="stats", action_names="set_eni_attrs"] counter(64, CounterType.packets) timed_flow_create_req_recv; @SaiCounter[no_suffix="true", attr_type="stats", action_names="set_eni_attrs"] counter(64, CounterType.packets) timed_flow_create_req_failed; @SaiCounter[no_suffix="true", attr_type="stats", action_names="set_eni_attrs"] counter(64, CounterType.packets) timed_flow_create_req_ignored; @SaiCounter[no_suffix="true", attr_type="stats", action_names="set_eni_attrs"] counter(64, CounterType.packets) timed_flow_create_ack_recv; @SaiCounter[no_suffix="true", attr_type="stats", action_names="set_eni_attrs"] counter(64, CounterType.packets) timed_flow_create_ack_failed; @SaiCounter[no_suffix="true", attr_type="stats", action_names="set_eni_attrs"] counter(64, CounterType.packets) timed_flow_create_ack_ignored;
                                                                                                                ^^^^^^^^^^^^^^^^^^^^^^^^^^^
bmv2/dash_counters.p4(93): [--Wwarn=unused] warning: inline_flow_create_req_recv: unused instance
@SaiCounter[no_suffix="true", attr_type="stats", action_names="set_eni_attrs"] counter(64, CounterType.packets) inline_flow_create_req_sent; @SaiCounter[no_suffix="true", attr_type="stats", action_names="set_eni_attrs"] counter(64, CounterType.packets) inline_flow_create_req_recv; @SaiCounter[no_suffix="true", attr_type="stats", action_names="set_eni_attrs"] counter(64, CounterType.packets) inline_flow_create_req_failed; @SaiCounter[no_suffix="true", attr_type="stats", action_names="set_eni_attrs"] counter(64, CounterType.packets) inline_flow_create_req_ignored; @SaiCounter[no_suffix="true", attr_type="stats", action_names="set_eni_attrs"] counter(64, CounterType.packets) inline_flow_create_ack_recv; @SaiCounter[no_suffix="true", attr_type="stats", action_names="set_eni_attrs"] counter(64, CounterType.packets) inline_flow_create_ack_failed; @SaiCounter[no_suffix="true", attr_type="stats", action_names="set_eni_attrs"] counter(64, CounterType.packets) inline_flow_create_ack_ignored; @SaiCounter[no_suffix="true", attr_type="stats", action_names="set_eni_attrs"] counter(64, CounterType.packets) timed_flow_create_req_sent; @SaiCounter[no_suffix="true", attr_type="stats", action_names="set_eni_attrs"] counter(64, CounterType.packets) timed_flow_create_req_recv; @SaiCounter[no_suffix="true", attr_type="stats", action_names="set_eni_attrs"] counter(64, CounterType.packets) timed_flow_create_req_failed; @SaiCounter[no_suffix="true", attr_type="stats", action_names="set_eni_attrs"] counter(64, CounterType.packets) timed_flow_create_req_ignored; @SaiCounter[no_suffix="true", attr_type="stats", action_names="set_eni_attrs"] counter(64, CounterType.packets) timed_flow_create_ack_recv; @SaiCounter[no_suffix="true", attr_type="stats", action_names="set_eni_attrs"] counter(64, CounterType.packets) timed_flow_create_ack_failed; @SaiCounter[no_suffix="true", attr_type="stats", action_names="set_eni_attrs"] counter(64, CounterType.packets) timed_flow_create_ack_ignored;
                                                                                                                                                                                                                                                             ^^^^^^^^^^^^^^^^^^^^^^^^^^^
bmv2/dash_counters.p4(93): [--Wwarn=unused] warning: inline_flow_create_req_failed: unused instance
@SaiCounter[no_suffix="true", attr_type="stats", action_names="set_eni_attrs"] counter(64, CounterType.packets) inline_flow_create_req_sent; @SaiCounter[no_suffix="true", attr_type="stats", action_names="set_eni_attrs"] counter(64, CounterType.packets) inline_flow_create_req_recv; @SaiCounter[no_suffix="true", attr_type="stats", action_names="set_eni_attrs"] counter(64, CounterType.packets) inline_flow_create_req_failed; @SaiCounter[no_suffix="true", attr_type="stats", action_names="set_eni_attrs"] counter(64, CounterType.packets) inline_flow_create_req_ignored; @SaiCounter[no_suffix="true", attr_type="stats", action_names="set_eni_attrs"] counter(64, CounterType.packets) inline_flow_create_ack_recv; @SaiCounter[no_suffix="true", attr_type="stats", action_names="set_eni_attrs"] counter(64, CounterType.packets) inline_flow_create_ack_failed; @SaiCounter[no_suffix="true", attr_type="stats", action_names="set_eni_attrs"] counter(64, CounterType.packets) inline_flow_create_ack_ignored; @SaiCounter[no_suffix="true", attr_type="stats", action_names="set_eni_attrs"] counter(64, CounterType.packets) timed_flow_create_req_sent; @SaiCounter[no_suffix="true", attr_type="stats", action_names="set_eni_attrs"] counter(64, CounterType.packets) timed_flow_create_req_recv; @SaiCounter[no_suffix="true", attr_type="stats", action_names="set_eni_attrs"] counter(64, CounterType.packets) timed_flow_create_req_failed; @SaiCounter[no_suffix="true", attr_type="stats", action_names="set_eni_attrs"] counter(64, CounterType.packets) timed_flow_create_req_ignored; @SaiCounter[no_suffix="true", attr_type="stats", action_names="set_eni_attrs"] counter(64, CounterType.packets) timed_flow_create_ack_recv; @SaiCounter[no_suffix="true", attr_type="stats", action_names="set_eni_attrs"] counter(64, CounterType.packets) timed_flow_create_ack_failed; @SaiCounter[no_suffix="true", attr_type="stats", action_names="set_eni_attrs"] counter(64, CounterType.packets) timed_flow_create_ack_ignored;
                                                                                                                                                                                                                                                                                                                                                                                                          ^^^^^^^^^^^^^^^^^^^^^^^^^^^^^
bmv2/dash_counters.p4(93): [--Wwarn=unused] warning: inline_flow_create_req_ignored: unused instance
@SaiCounter[no_suffix="true", attr_type="stats", action_names="set_eni_attrs"] counter(64, CounterType.packets) inline_flow_create_req_sent; @SaiCounter[no_suffix="true", attr_type="stats", action_names="set_eni_attrs"] counter(64, CounterType.packets) inline_flow_create_req_recv; @SaiCounter[no_suffix="true", attr_type="stats", action_names="set_eni_attrs"] counter(64, CounterType.packets) inline_flow_create_req_failed; @SaiCounter[no_suffix="true", attr_type="stats", action_names="set_eni_attrs"] counter(64, CounterType.packets) inline_flow_create_req_ignored; @SaiCounter[no_suffix="true", attr_type="stats", action_names="set_eni_attrs"] counter(64, CounterType.packets) inline_flow_create_ack_recv; @SaiCounter[no_suffix="true", attr_type="stats", action_names="set_eni_attrs"] counter(64, CounterType.packets) inline_flow_create_ack_failed; @SaiCounter[no_suffix="true", attr_type="stats", action_names="set_eni_attrs"] counter(64, CounterType.packets) inline_flow_create_ack_ignored; @SaiCounter[no_suffix="true", attr_type="stats", action_names="set_eni_attrs"] counter(64, CounterType.packets) timed_flow_create_req_sent; @SaiCounter[no_suffix="true", attr_type="stats", action_names="set_eni_attrs"] counter(64, CounterType.packets) timed_flow_create_req_recv; @SaiCounter[no_suffix="true", attr_type="stats", action_names="set_eni_attrs"] counter(64, CounterType.packets) timed_flow_create_req_failed; @SaiCounter[no_suffix="true", attr_type="stats", action_names="set_eni_attrs"] counter(64, CounterType.packets) timed_flow_create_req_ignored; @SaiCounter[no_suffix="true", attr_type="stats", action_names="set_eni_attrs"] counter(64, CounterType.packets) timed_flow_create_ack_recv; @SaiCounter[no_suffix="true", attr_type="stats", action_names="set_eni_attrs"] counter(64, CounterType.packets) timed_flow_create_ack_failed; @SaiCounter[no_suffix="true", attr_type="stats", action_names="set_eni_attrs"] counter(64, CounterType.packets) timed_flow_create_ack_ignored;
                                                                                                                                                                                                                                                                                                                                                                                                                                                                                                                                                         ^^^^^^^^^^^^^^^^^^^^^^^^^^^^^^
bmv2/dash_counters.p4(93): [--Wwarn=unused] warning: inline_flow_create_ack_recv: unused instance
@SaiCounter[no_suffix="true", attr_type="stats", action_names="set_eni_attrs"] counter(64, CounterType.packets) inline_flow_create_req_sent; @SaiCounter[no_suffix="true", attr_type="stats", action_names="set_eni_attrs"] counter(64, CounterType.packets) inline_flow_create_req_recv; @SaiCounter[no_suffix="true", attr_type="stats", action_names="set_eni_attrs"] counter(64, CounterType.packets) inline_flow_create_req_failed; @SaiCounter[no_suffix="true", attr_type="stats", action_names="set_eni_attrs"] counter(64, CounterType.packets) inline_flow_create_req_ignored; @SaiCounter[no_suffix="true", attr_type="stats", action_names="set_eni_attrs"] counter(64, CounterType.packets) inline_flow_create_ack_recv; @SaiCounter[no_suffix="true", attr_type="stats", action_names="set_eni_attrs"] counter(64, CounterType.packets) inline_flow_create_ack_failed; @SaiCounter[no_suffix="true", attr_type="stats", action_names="set_eni_attrs"] counter(64, CounterType.packets) inline_flow_create_ack_ignored; @SaiCounter[no_suffix="true", attr_type="stats", action_names="set_eni_attrs"] counter(64, CounterType.packets) timed_flow_create_req_sent; @SaiCounter[no_suffix="true", attr_type="stats", action_names="set_eni_attrs"] counter(64, CounterType.packets) timed_flow_create_req_recv; @SaiCounter[no_suffix="true", attr_type="stats", action_names="set_eni_attrs"] counter(64, CounterType.packets) timed_flow_create_req_failed; @SaiCounter[no_suffix="true", attr_type="stats", action_names="set_eni_attrs"] counter(64, CounterType.packets) timed_flow_create_req_ignored; @SaiCounter[no_suffix="true", attr_type="stats", action_names="set_eni_attrs"] counter(64, CounterType.packets) timed_flow_create_ack_recv; @SaiCounter[no_suffix="true", attr_type="stats", action_names="set_eni_attrs"] counter(64, CounterType.packets) timed_flow_create_ack_failed; @SaiCounter[no_suffix="true", attr_type="stats", action_names="set_eni_attrs"] counter(64, CounterType.packets) timed_flow_create_ack_ignored;
                                                                                                                                                                                                                                                                                                                                                                                                                                                                                                                                                                                                                                                                                                         ^^^^^^^^^^^^^^^^^^^^^^^^^^^
bmv2/dash_counters.p4(93): [--Wwarn=unused] warning: inline_flow_create_ack_failed: unused instance
@SaiCounter[no_suffix="true", attr_type="stats", action_names="set_eni_attrs"] counter(64, CounterType.packets) inline_flow_create_req_sent; @SaiCounter[no_suffix="true", attr_type="stats", action_names="set_eni_attrs"] counter(64, CounterType.packets) inline_flow_create_req_recv; @SaiCounter[no_suffix="true", attr_type="stats", action_names="set_eni_attrs"] counter(64, CounterType.packets) inline_flow_create_req_failed; @SaiCounter[no_suffix="true", attr_type="stats", action_names="set_eni_attrs"] counter(64, CounterType.packets) inline_flow_create_req_ignored; @SaiCounter[no_suffix="true", attr_type="stats", action_names="set_eni_attrs"] counter(64, CounterType.packets) inline_flow_create_ack_recv; @SaiCounter[no_suffix="true", attr_type="stats", action_names="set_eni_attrs"] counter(64, CounterType.packets) inline_flow_create_ack_failed; @SaiCounter[no_suffix="true", attr_type="stats", action_names="set_eni_attrs"] counter(64, CounterType.packets) inline_flow_create_ack_ignored; @SaiCounter[no_suffix="true", attr_type="stats", action_names="set_eni_attrs"] counter(64, CounterType.packets) timed_flow_create_req_sent; @SaiCounter[no_suffix="true", attr_type="stats", action_names="set_eni_attrs"] counter(64, CounterType.packets) timed_flow_create_req_recv; @SaiCounter[no_suffix="true", attr_type="stats", action_names="set_eni_attrs"] counter(64, CounterType.packets) timed_flow_create_req_failed; @SaiCounter[no_suffix="true", attr_type="stats", action_names="set_eni_attrs"] counter(64, CounterType.packets) timed_flow_create_req_ignored; @SaiCounter[no_suffix="true", attr_type="stats", action_names="set_eni_attrs"] counter(64, CounterType.packets) timed_flow_create_ack_recv; @SaiCounter[no_suffix="true", attr_type="stats", action_names="set_eni_attrs"] counter(64, CounterType.packets) timed_flow_create_ack_failed; @SaiCounter[no_suffix="true", attr_type="stats", action_names="set_eni_attrs"] counter(64, CounterType.packets) timed_flow_create_ack_ignored;
                                                                                                                                                                                                                                                                                                                                                                                                                                                                                                                                                                                                                                                                                                                                                                                                                                                      ^^^^^^^^^^^^^^^^^^^^^^^^^^^^^
bmv2/dash_counters.p4(93): [--Wwarn=unused] warning: inline_flow_create_ack_ignored: unused instance
@SaiCounter[no_suffix="true", attr_type="stats", action_names="set_eni_attrs"] counter(64, CounterType.packets) inline_flow_create_req_sent; @SaiCounter[no_suffix="true", attr_type="stats", action_names="set_eni_attrs"] counter(64, CounterType.packets) inline_flow_create_req_recv; @SaiCounter[no_suffix="true", attr_type="stats", action_names="set_eni_attrs"] counter(64, CounterType.packets) inline_flow_create_req_failed; @SaiCounter[no_suffix="true", attr_type="stats", action_names="set_eni_attrs"] counter(64, CounterType.packets) inline_flow_create_req_ignored; @SaiCounter[no_suffix="true", attr_type="stats", action_names="set_eni_attrs"] counter(64, CounterType.packets) inline_flow_create_ack_recv; @SaiCounter[no_suffix="true", attr_type="stats", action_names="set_eni_attrs"] counter(64, CounterType.packets) inline_flow_create_ack_failed; @SaiCounter[no_suffix="true", attr_type="stats", action_names="set_eni_attrs"] counter(64, CounterType.packets) inline_flow_create_ack_ignored; @SaiCounter[no_suffix="true", attr_type="stats", action_names="set_eni_attrs"] counter(64, CounterType.packets) timed_flow_create_req_sent; @SaiCounter[no_suffix="true", attr_type="stats", action_names="set_eni_attrs"] counter(64, CounterType.packets) timed_flow_create_req_recv; @SaiCounter[no_suffix="true", attr_type="stats", action_names="set_eni_attrs"] counter(64, CounterType.packets) timed_flow_create_req_failed; @SaiCounter[no_suffix="true", attr_type="stats", action_names="set_eni_attrs"] counter(64, CounterType.packets) timed_flow_create_req_ignored; @SaiCounter[no_suffix="true", attr_type="stats", action_names="set_eni_attrs"] counter(64, CounterType.packets) timed_flow_create_ack_recv; @SaiCounter[no_suffix="true", attr_type="stats", action_names="set_eni_attrs"] counter(64, CounterType.packets) timed_flow_create_ack_failed; @SaiCounter[no_suffix="true", attr_type="stats", action_names="set_eni_attrs"] counter(64, CounterType.packets) timed_flow_create_ack_ignored;
                                                                                                                                                                                                                                                                                                                                                                                                                                                                                                                                                                                                                                                                                                                                                                                                                                                                                                                                                                                                     ^^^^^^^^^^^^^^^^^^^^^^^^^^^^^^
bmv2/dash_counters.p4(93): [--Wwarn=unused] warning: timed_flow_create_req_sent: unused instance
@SaiCounter[no_suffix="true", attr_type="stats", action_names="set_eni_attrs"] counter(64, CounterType.packets) inline_flow_create_req_sent; @SaiCounter[no_suffix="true", attr_type="stats", action_names="set_eni_attrs"] counter(64, CounterType.packets) inline_flow_create_req_recv; @SaiCounter[no_suffix="true", attr_type="stats", action_names="set_eni_attrs"] counter(64, CounterType.packets) inline_flow_create_req_failed; @SaiCounter[no_suffix="true", attr_type="stats", action_names="set_eni_attrs"] counter(64, CounterType.packets) inline_flow_create_req_ignored; @SaiCounter[no_suffix="true", attr_type="stats", action_names="set_eni_attrs"] counter(64, CounterType.packets) inline_flow_create_ack_recv; @SaiCounter[no_suffix="true", attr_type="stats", action_names="set_eni_attrs"] counter(64, CounterType.packets) inline_flow_create_ack_failed; @SaiCounter[no_suffix="true", attr_type="stats", action_names="set_eni_attrs"] counter(64, CounterType.packets) inline_flow_create_ack_ignored; @SaiCounter[no_suffix="true", attr_type="stats", action_names="set_eni_attrs"] counter(64, CounterType.packets) timed_flow_create_req_sent; @SaiCounter[no_suffix="true", attr_type="stats", action_names="set_eni_attrs"] counter(64, CounterType.packets) timed_flow_create_req_recv; @SaiCounter[no_suffix="true", attr_type="stats", action_names="set_eni_attrs"] counter(64, CounterType.packets) timed_flow_create_req_failed; @SaiCounter[no_suffix="true", attr_type="stats", action_names="set_eni_attrs"] counter(64, CounterType.packets) timed_flow_create_req_ignored; @SaiCounter[no_suffix="true", attr_type="stats", action_names="set_eni_attrs"] counter(64, CounterType.packets) timed_flow_create_ack_recv; @SaiCounter[no_suffix="true", attr_type="stats", action_names="set_eni_attrs"] counter(64, CounterType.packets) timed_flow_create_ack_failed; @SaiCounter[no_suffix="true", attr_type="stats", action_names="set_eni_attrs"] counter(64, CounterType.packets) timed_flow_create_ack_ignored;
                                                                                                                                                                                                                                                                                                                                                                                                                                                                                                                                                                                                                                                                                                                                                                                                                                                                                                                                                                                                                                                                                                                                                     ^^^^^^^^^^^^^^^^^^^^^^^^^^
bmv2/dash_counters.p4(93): [--Wwarn=unused] warning: timed_flow_create_req_recv: unused instance
@SaiCounter[no_suffix="true", attr_type="stats", action_names="set_eni_attrs"] counter(64, CounterType.packets) inline_flow_create_req_sent; @SaiCounter[no_suffix="true", attr_type="stats", action_names="set_eni_attrs"] counter(64, CounterType.packets) inline_flow_create_req_recv; @SaiCounter[no_suffix="true", attr_type="stats", action_names="set_eni_attrs"] counter(64, CounterType.packets) inline_flow_create_req_failed; @SaiCounter[no_suffix="true", attr_type="stats", action_names="set_eni_attrs"] counter(64, CounterType.packets) inline_flow_create_req_ignored; @SaiCounter[no_suffix="true", attr_type="stats", action_names="set_eni_attrs"] counter(64, CounterType.packets) inline_flow_create_ack_recv; @SaiCounter[no_suffix="true", attr_type="stats", action_names="set_eni_attrs"] counter(64, CounterType.packets) inline_flow_create_ack_failed; @SaiCounter[no_suffix="true", attr_type="stats", action_names="set_eni_attrs"] counter(64, CounterType.packets) inline_flow_create_ack_ignored; @SaiCounter[no_suffix="true", attr_type="stats", action_names="set_eni_attrs"] counter(64, CounterType.packets) timed_flow_create_req_sent; @SaiCounter[no_suffix="true", attr_type="stats", action_names="set_eni_attrs"] counter(64, CounterType.packets) timed_flow_create_req_recv; @SaiCounter[no_suffix="true", attr_type="stats", action_names="set_eni_attrs"] counter(64, CounterType.packets) timed_flow_create_req_failed; @SaiCounter[no_suffix="true", attr_type="stats", action_names="set_eni_attrs"] counter(64, CounterType.packets) timed_flow_create_req_ignored; @SaiCounter[no_suffix="true", attr_type="stats", action_names="set_eni_attrs"] counter(64, CounterType.packets) timed_flow_create_ack_recv; @SaiCounter[no_suffix="true", attr_type="stats", action_names="set_eni_attrs"] counter(64, CounterType.packets) timed_flow_create_ack_failed; @SaiCounter[no_suffix="true", attr_type="stats", action_names="set_eni_attrs"] counter(64, CounterType.packets) timed_flow_create_ack_ignored;
                                                                                                                                                                                                                                                                                                                                                                                                                                                                                                                                                                                                                                                                                                                                                                                                                                                                                                                                                                                                                                                                                                                                                                                                                                                                                                 ^^^^^^^^^^^^^^^^^^^^^^^^^^
bmv2/dash_counters.p4(93): [--Wwarn=unused] warning: timed_flow_create_req_failed: unused instance
@SaiCounter[no_suffix="true", attr_type="stats", action_names="set_eni_attrs"] counter(64, CounterType.packets) inline_flow_create_req_sent; @SaiCounter[no_suffix="true", attr_type="stats", action_names="set_eni_attrs"] counter(64, CounterType.packets) inline_flow_create_req_recv; @SaiCounter[no_suffix="true", attr_type="stats", action_names="set_eni_attrs"] counter(64, CounterType.packets) inline_flow_create_req_failed; @SaiCounter[no_suffix="true", attr_type="stats", action_names="set_eni_attrs"] counter(64, CounterType.packets) inline_flow_create_req_ignored; @SaiCounter[no_suffix="true", attr_type="stats", action_names="set_eni_attrs"] counter(64, CounterType.packets) inline_flow_create_ack_recv; @SaiCounter[no_suffix="true", attr_type="stats", action_names="set_eni_attrs"] counter(64, CounterType.packets) inline_flow_create_ack_failed; @SaiCounter[no_suffix="true", attr_type="stats", action_names="set_eni_attrs"] counter(64, CounterType.packets) inline_flow_create_ack_ignored; @SaiCounter[no_suffix="true", attr_type="stats", action_names="set_eni_attrs"] counter(64, CounterType.packets) timed_flow_create_req_sent; @SaiCounter[no_suffix="true", attr_type="stats", action_names="set_eni_attrs"] counter(64, CounterType.packets) timed_flow_create_req_recv; @SaiCounter[no_suffix="true", attr_type="stats", action_names="set_eni_attrs"] counter(64, CounterType.packets) timed_flow_create_req_failed; @SaiCounter[no_suffix="true", attr_type="stats", action_names="set_eni_attrs"] counter(64, CounterType.packets) timed_flow_create_req_ignored; @SaiCounter[no_suffix="true", attr_type="stats", action_names="set_eni_attrs"] counter(64, CounterType.packets) timed_flow_create_ack_recv; @SaiCounter[no_suffix="true", attr_type="stats", action_names="set_eni_attrs"] counter(64, CounterType.packets) timed_flow_create_ack_failed; @SaiCounter[no_suffix="true", attr_type="stats", action_names="set_eni_attrs"] counter(64, CounterType.packets) timed_flow_create_ack_ignored;
                                                                                                                                                                                                                                                                                                                                                                                                                                                                                                                                                                                                                                                                                                                                                                                                                                                                                                                                                                                                                                                                                                                                                                                                                                                                                                                                                                                                                                             ^^^^^^^^^^^^^^^^^^^^^^^^^^^^
bmv2/dash_counters.p4(93): [--Wwarn=unused] warning: timed_flow_create_req_ignored: unused instance
@SaiCounter[no_suffix="true", attr_type="stats", action_names="set_eni_attrs"] counter(64, CounterType.packets) inline_flow_create_req_sent; @SaiCounter[no_suffix="true", attr_type="stats", action_names="set_eni_attrs"] counter(64, CounterType.packets) inline_flow_create_req_recv; @SaiCounter[no_suffix="true", attr_type="stats", action_names="set_eni_attrs"] counter(64, CounterType.packets) inline_flow_create_req_failed; @SaiCounter[no_suffix="true", attr_type="stats", action_names="set_eni_attrs"] counter(64, CounterType.packets) inline_flow_create_req_ignored; @SaiCounter[no_suffix="true", attr_type="stats", action_names="set_eni_attrs"] counter(64, CounterType.packets) inline_flow_create_ack_recv; @SaiCounter[no_suffix="true", attr_type="stats", action_names="set_eni_attrs"] counter(64, CounterType.packets) inline_flow_create_ack_failed; @SaiCounter[no_suffix="true", attr_type="stats", action_names="set_eni_attrs"] counter(64, CounterType.packets) inline_flow_create_ack_ignored; @SaiCounter[no_suffix="true", attr_type="stats", action_names="set_eni_attrs"] counter(64, CounterType.packets) timed_flow_create_req_sent; @SaiCounter[no_suffix="true", attr_type="stats", action_names="set_eni_attrs"] counter(64, CounterType.packets) timed_flow_create_req_recv; @SaiCounter[no_suffix="true", attr_type="stats", action_names="set_eni_attrs"] counter(64, CounterType.packets) timed_flow_create_req_failed; @SaiCounter[no_suffix="true", attr_type="stats", action_names="set_eni_attrs"] counter(64, CounterType.packets) timed_flow_create_req_ignored; @SaiCounter[no_suffix="true", attr_type="stats", action_names="set_eni_attrs"] counter(64, CounterType.packets) timed_flow_create_ack_recv; @SaiCounter[no_suffix="true", attr_type="stats", action_names="set_eni_attrs"] counter(64, CounterType.packets) timed_flow_create_ack_failed; @SaiCounter[no_suffix="true", attr_type="stats", action_names="set_eni_attrs"] counter(64, CounterType.packets) timed_flow_create_ack_ignored;
                                                                                                                                                                                                                                                                                                                                                                                                                                                                                                                                                                                                                                                                                                                                                                                                                                                                                                                                                                                                                                                                                                                                                                                                                                                                                                                                                                                                                                                                                                                                                                                           ^^^^^^^^^^^^^^^^^^^^^^^^^^^^^
bmv2/dash_counters.p4(93): [--Wwarn=unused] warning: timed_flow_create_ack_recv: unused instance
@SaiCounter[no_suffix="true", attr_type="stats", action_names="set_eni_attrs"] counter(64, CounterType.packets) inline_flow_create_req_sent; @SaiCounter[no_suffix="true", attr_type="stats", action_names="set_eni_attrs"] counter(64, CounterType.packets) inline_flow_create_req_recv; @SaiCounter[no_suffix="true", attr_type="stats", action_names="set_eni_attrs"] counter(64, CounterType.packets) inline_flow_create_req_failed; @SaiCounter[no_suffix="true", attr_type="stats", action_names="set_eni_attrs"] counter(64, CounterType.packets) inline_flow_create_req_ignored; @SaiCounter[no_suffix="true", attr_type="stats", action_names="set_eni_attrs"] counter(64, CounterType.packets) inline_flow_create_ack_recv; @SaiCounter[no_suffix="true", attr_type="stats", action_names="set_eni_attrs"] counter(64, CounterType.packets) inline_flow_create_ack_failed; @SaiCounter[no_suffix="true", attr_type="stats", action_names="set_eni_attrs"] counter(64, CounterType.packets) inline_flow_create_ack_ignored; @SaiCounter[no_suffix="true", attr_type="stats", action_names="set_eni_attrs"] counter(64, CounterType.packets) timed_flow_create_req_sent; @SaiCounter[no_suffix="true", attr_type="stats", action_names="set_eni_attrs"] counter(64, CounterType.packets) timed_flow_create_req_recv; @SaiCounter[no_suffix="true", attr_type="stats", action_names="set_eni_attrs"] counter(64, CounterType.packets) timed_flow_create_req_failed; @SaiCounter[no_suffix="true", attr_type="stats", action_names="set_eni_attrs"] counter(64, CounterType.packets) timed_flow_create_req_ignored; @SaiCounter[no_suffix="true", attr_type="stats", action_names="set_eni_attrs"] counter(64, CounterType.packets) timed_flow_create_ack_recv; @SaiCounter[no_suffix="true", attr_type="stats", action_names="set_eni_attrs"] counter(64, CounterType.packets) timed_flow_create_ack_failed; @SaiCounter[no_suffix="true", attr_type="stats", action_names="set_eni_attrs"] counter(64, CounterType.packets) timed_flow_create_ack_ignored;
                                                                                                                                                                                                                                                                                                                                                                                                                                                                                                                                                                                                                                                                                                                                                                                                                                                                                                                                                                                                                                                                                                                                                                                                                                                                                                                                                                                                                                                                                                                                                                                                                                                                                                                                          ^^^^^^^^^^^^^^^^^^^^^^^^^^
bmv2/dash_counters.p4(93): [--Wwarn=unused] warning: timed_flow_create_ack_failed: unused instance
@SaiCounter[no_suffix="true", attr_type="stats", action_names="set_eni_attrs"] counter(64, CounterType.packets) inline_flow_create_req_sent; @SaiCounter[no_suffix="true", attr_type="stats", action_names="set_eni_attrs"] counter(64, CounterType.packets) inline_flow_create_req_recv; @SaiCounter[no_suffix="true", attr_type="stats", action_names="set_eni_attrs"] counter(64, CounterType.packets) inline_flow_create_req_failed; @SaiCounter[no_suffix="true", attr_type="stats", action_names="set_eni_attrs"] counter(64, CounterType.packets) inline_flow_create_req_ignored; @SaiCounter[no_suffix="true", attr_type="stats", action_names="set_eni_attrs"] counter(64, CounterType.packets) inline_flow_create_ack_recv; @SaiCounter[no_suffix="true", attr_type="stats", action_names="set_eni_attrs"] counter(64, CounterType.packets) inline_flow_create_ack_failed; @SaiCounter[no_suffix="true", attr_type="stats", action_names="set_eni_attrs"] counter(64, CounterType.packets) inline_flow_create_ack_ignored; @SaiCounter[no_suffix="true", attr_type="stats", action_names="set_eni_attrs"] counter(64, CounterType.packets) timed_flow_create_req_sent; @SaiCounter[no_suffix="true", attr_type="stats", action_names="set_eni_attrs"] counter(64, CounterType.packets) timed_flow_create_req_recv; @SaiCounter[no_suffix="true", attr_type="stats", action_names="set_eni_attrs"] counter(64, CounterType.packets) timed_flow_create_req_failed; @SaiCounter[no_suffix="true", attr_type="stats", action_names="set_eni_attrs"] counter(64, CounterType.packets) timed_flow_create_req_ignored; @SaiCounter[no_suffix="true", attr_type="stats", action_names="set_eni_attrs"] counter(64, CounterType.packets) timed_flow_create_ack_recv; @SaiCounter[no_suffix="true", attr_type="stats", action_names="set_eni_attrs"] counter(64, CounterType.packets) timed_flow_create_ack_failed; @SaiCounter[no_suffix="true", attr_type="stats", action_names="set_eni_attrs"] counter(64, CounterType.packets) timed_flow_create_ack_ignored;
                                                                                                                                                                                                                                                                                                                                                                                                                                                                                                                                                                                                                                                                                                                                                                                                                                                                                                                                                                                                                                                                                                                                                                                                                                                                                                                                                                                                                                                                                                                                                                                                                                                                                                                                                                                                                                                                                      ^^^^^^^^^^^^^^^^^^^^^^^^^^^^
bmv2/dash_counters.p4(93): [--Wwarn=unused] warning: timed_flow_create_ack_ignored: unused instance
@SaiCounter[no_suffix="true", attr_type="stats", action_names="set_eni_attrs"] counter(64, CounterType.packets) inline_flow_create_req_sent; @SaiCounter[no_suffix="true", attr_type="stats", action_names="set_eni_attrs"] counter(64, CounterType.packets) inline_flow_create_req_recv; @SaiCounter[no_suffix="true", attr_type="stats", action_names="set_eni_attrs"] counter(64, CounterType.packets) inline_flow_create_req_failed; @SaiCounter[no_suffix="true", attr_type="stats", action_names="set_eni_attrs"] counter(64, CounterType.packets) inline_flow_create_req_ignored; @SaiCounter[no_suffix="true", attr_type="stats", action_names="set_eni_attrs"] counter(64, CounterType.packets) inline_flow_create_ack_recv; @SaiCounter[no_suffix="true", attr_type="stats", action_names="set_eni_attrs"] counter(64, CounterType.packets) inline_flow_create_ack_failed; @SaiCounter[no_suffix="true", attr_type="stats", action_names="set_eni_attrs"] counter(64, CounterType.packets) inline_flow_create_ack_ignored; @SaiCounter[no_suffix="true", attr_type="stats", action_names="set_eni_attrs"] counter(64, CounterType.packets) timed_flow_create_req_sent; @SaiCounter[no_suffix="true", attr_type="stats", action_names="set_eni_attrs"] counter(64, CounterType.packets) timed_flow_create_req_recv; @SaiCounter[no_suffix="true", attr_type="stats", action_names="set_eni_attrs"] counter(64, CounterType.packets) timed_flow_create_req_failed; @SaiCounter[no_suffix="true", attr_type="stats", action_names="set_eni_attrs"] counter(64, CounterType.packets) timed_flow_create_req_ignored; @SaiCounter[no_suffix="true", attr_type="stats", action_names="set_eni_attrs"] counter(64, CounterType.packets) timed_flow_create_ack_recv; @SaiCounter[no_suffix="true", attr_type="stats", action_names="set_eni_attrs"] counter(64, CounterType.packets) timed_flow_create_ack_failed; @SaiCounter[no_suffix="true", attr_type="stats", action_names="set_eni_attrs"] counter(64, CounterType.packets) timed_flow_create_ack_ignored;
                                                                                                                                                                                                                                                                                                                                                                                                                                                                                                                                                                                                                                                                                                                                                                                                                                                                                                                                                                                                                                                                                                                                                                                                                                                                                                                                                                                                                                                                                                                                                                                                                                                                                                                                                                                                                                                                                                                                                                                                                                    ^^^^^^^^^^^^^^^^^^^^^^^^^^^^^
bmv2/dash_counters.p4(94): [--Wwarn=unused] warning: inline_flow_update_req_sent: unused instance
@SaiCounter[no_suffix="true", attr_type="stats", action_names="set_eni_attrs"] counter(64, CounterType.packets) inline_flow_update_req_sent; @SaiCounter[no_suffix="true", attr_type="stats", action_names="set_eni_attrs"] counter(64, CounterType.packets) inline_flow_update_req_recv; @SaiCounter[no_suffix="true", attr_type="stats", action_names="set_eni_attrs"] counter(64, CounterType.packets) inline_flow_update_req_failed; @SaiCounter[no_suffix="true", attr_type="stats", action_names="set_eni_attrs"] counter(64, CounterType.packets) inline_flow_update_req_ignored; @SaiCounter[no_suffix="true", attr_type="stats", action_names="set_eni_attrs"] counter(64, CounterType.packets) inline_flow_update_ack_recv; @SaiCounter[no_suffix="true", attr_type="stats", action_names="set_eni_attrs"] counter(64, CounterType.packets) inline_flow_update_ack_failed; @SaiCounter[no_suffix="true", attr_type="stats", action_names="set_eni_attrs"] counter(64, CounterType.packets) inline_flow_update_ack_ignored; @SaiCounter[no_suffix="true", attr_type="stats", action_names="set_eni_attrs"] counter(64, CounterType.packets) timed_flow_update_req_sent; @SaiCounter[no_suffix="true", attr_type="stats", action_names="set_eni_attrs"] counter(64, CounterType.packets) timed_flow_update_req_recv; @SaiCounter[no_suffix="true", attr_type="stats", action_names="set_eni_attrs"] counter(64, CounterType.packets) timed_flow_update_req_failed; @SaiCounter[no_suffix="true", attr_type="stats", action_names="set_eni_attrs"] counter(64, CounterType.packets) timed_flow_update_req_ignored; @SaiCounter[no_suffix="true", attr_type="stats", action_names="set_eni_attrs"] counter(64, CounterType.packets) timed_flow_update_ack_recv; @SaiCounter[no_suffix="true", attr_type="stats", action_names="set_eni_attrs"] counter(64, CounterType.packets) timed_flow_update_ack_failed; @SaiCounter[no_suffix="true", attr_type="stats", action_names="set_eni_attrs"] counter(64, CounterType.packets) timed_flow_update_ack_ignored;
                                                                                                                ^^^^^^^^^^^^^^^^^^^^^^^^^^^
bmv2/dash_counters.p4(94): [--Wwarn=unused] warning: inline_flow_update_req_recv: unused instance
@SaiCounter[no_suffix="true", attr_type="stats", action_names="set_eni_attrs"] counter(64, CounterType.packets) inline_flow_update_req_sent; @SaiCounter[no_suffix="true", attr_type="stats", action_names="set_eni_attrs"] counter(64, CounterType.packets) inline_flow_update_req_recv; @SaiCounter[no_suffix="true", attr_type="stats", action_names="set_eni_attrs"] counter(64, CounterType.packets) inline_flow_update_req_failed; @SaiCounter[no_suffix="true", attr_type="stats", action_names="set_eni_attrs"] counter(64, CounterType.packets) inline_flow_update_req_ignored; @SaiCounter[no_suffix="true", attr_type="stats", action_names="set_eni_attrs"] counter(64, CounterType.packets) inline_flow_update_ack_recv; @SaiCounter[no_suffix="true", attr_type="stats", action_names="set_eni_attrs"] counter(64, CounterType.packets) inline_flow_update_ack_failed; @SaiCounter[no_suffix="true", attr_type="stats", action_names="set_eni_attrs"] counter(64, CounterType.packets) inline_flow_update_ack_ignored; @SaiCounter[no_suffix="true", attr_type="stats", action_names="set_eni_attrs"] counter(64, CounterType.packets) timed_flow_update_req_sent; @SaiCounter[no_suffix="true", attr_type="stats", action_names="set_eni_attrs"] counter(64, CounterType.packets) timed_flow_update_req_recv; @SaiCounter[no_suffix="true", attr_type="stats", action_names="set_eni_attrs"] counter(64, CounterType.packets) timed_flow_update_req_failed; @SaiCounter[no_suffix="true", attr_type="stats", action_names="set_eni_attrs"] counter(64, CounterType.packets) timed_flow_update_req_ignored; @SaiCounter[no_suffix="true", attr_type="stats", action_names="set_eni_attrs"] counter(64, CounterType.packets) timed_flow_update_ack_recv; @SaiCounter[no_suffix="true", attr_type="stats", action_names="set_eni_attrs"] counter(64, CounterType.packets) timed_flow_update_ack_failed; @SaiCounter[no_suffix="true", attr_type="stats", action_names="set_eni_attrs"] counter(64, CounterType.packets) timed_flow_update_ack_ignored;
                                                                                                                                                                                                                                                             ^^^^^^^^^^^^^^^^^^^^^^^^^^^
bmv2/dash_counters.p4(94): [--Wwarn=unused] warning: inline_flow_update_req_failed: unused instance
@SaiCounter[no_suffix="true", attr_type="stats", action_names="set_eni_attrs"] counter(64, CounterType.packets) inline_flow_update_req_sent; @SaiCounter[no_suffix="true", attr_type="stats", action_names="set_eni_attrs"] counter(64, CounterType.packets) inline_flow_update_req_recv; @SaiCounter[no_suffix="true", attr_type="stats", action_names="set_eni_attrs"] counter(64, CounterType.packets) inline_flow_update_req_failed; @SaiCounter[no_suffix="true", attr_type="stats", action_names="set_eni_attrs"] counter(64, CounterType.packets) inline_flow_update_req_ignored; @SaiCounter[no_suffix="true", attr_type="stats", action_names="set_eni_attrs"] counter(64, CounterType.packets) inline_flow_update_ack_recv; @SaiCounter[no_suffix="true", attr_type="stats", action_names="set_eni_attrs"] counter(64, CounterType.packets) inline_flow_update_ack_failed; @SaiCounter[no_suffix="true", attr_type="stats", action_names="set_eni_attrs"] counter(64, CounterType.packets) inline_flow_update_ack_ignored; @SaiCounter[no_suffix="true", attr_type="stats", action_names="set_eni_attrs"] counter(64, CounterType.packets) timed_flow_update_req_sent; @SaiCounter[no_suffix="true", attr_type="stats", action_names="set_eni_attrs"] counter(64, CounterType.packets) timed_flow_update_req_recv; @SaiCounter[no_suffix="true", attr_type="stats", action_names="set_eni_attrs"] counter(64, CounterType.packets) timed_flow_update_req_failed; @SaiCounter[no_suffix="true", attr_type="stats", action_names="set_eni_attrs"] counter(64, CounterType.packets) timed_flow_update_req_ignored; @SaiCounter[no_suffix="true", attr_type="stats", action_names="set_eni_attrs"] counter(64, CounterType.packets) timed_flow_update_ack_recv; @SaiCounter[no_suffix="true", attr_type="stats", action_names="set_eni_attrs"] counter(64, CounterType.packets) timed_flow_update_ack_failed; @SaiCounter[no_suffix="true", attr_type="stats", action_names="set_eni_attrs"] counter(64, CounterType.packets) timed_flow_update_ack_ignored;
                                                                                                                                                                                                                                                                                                                                                                                                          ^^^^^^^^^^^^^^^^^^^^^^^^^^^^^
bmv2/dash_counters.p4(94): [--Wwarn=unused] warning: inline_flow_update_req_ignored: unused instance
@SaiCounter[no_suffix="true", attr_type="stats", action_names="set_eni_attrs"] counter(64, CounterType.packets) inline_flow_update_req_sent; @SaiCounter[no_suffix="true", attr_type="stats", action_names="set_eni_attrs"] counter(64, CounterType.packets) inline_flow_update_req_recv; @SaiCounter[no_suffix="true", attr_type="stats", action_names="set_eni_attrs"] counter(64, CounterType.packets) inline_flow_update_req_failed; @SaiCounter[no_suffix="true", attr_type="stats", action_names="set_eni_attrs"] counter(64, CounterType.packets) inline_flow_update_req_ignored; @SaiCounter[no_suffix="true", attr_type="stats", action_names="set_eni_attrs"] counter(64, CounterType.packets) inline_flow_update_ack_recv; @SaiCounter[no_suffix="true", attr_type="stats", action_names="set_eni_attrs"] counter(64, CounterType.packets) inline_flow_update_ack_failed; @SaiCounter[no_suffix="true", attr_type="stats", action_names="set_eni_attrs"] counter(64, CounterType.packets) inline_flow_update_ack_ignored; @SaiCounter[no_suffix="true", attr_type="stats", action_names="set_eni_attrs"] counter(64, CounterType.packets) timed_flow_update_req_sent; @SaiCounter[no_suffix="true", attr_type="stats", action_names="set_eni_attrs"] counter(64, CounterType.packets) timed_flow_update_req_recv; @SaiCounter[no_suffix="true", attr_type="stats", action_names="set_eni_attrs"] counter(64, CounterType.packets) timed_flow_update_req_failed; @SaiCounter[no_suffix="true", attr_type="stats", action_names="set_eni_attrs"] counter(64, CounterType.packets) timed_flow_update_req_ignored; @SaiCounter[no_suffix="true", attr_type="stats", action_names="set_eni_attrs"] counter(64, CounterType.packets) timed_flow_update_ack_recv; @SaiCounter[no_suffix="true", attr_type="stats", action_names="set_eni_attrs"] counter(64, CounterType.packets) timed_flow_update_ack_failed; @SaiCounter[no_suffix="true", attr_type="stats", action_names="set_eni_attrs"] counter(64, CounterType.packets) timed_flow_update_ack_ignored;
                                                                                                                                                                                                                                                                                                                                                                                                                                                                                                                                                         ^^^^^^^^^^^^^^^^^^^^^^^^^^^^^^
bmv2/dash_counters.p4(94): [--Wwarn=unused] warning: inline_flow_update_ack_recv: unused instance
@SaiCounter[no_suffix="true", attr_type="stats", action_names="set_eni_attrs"] counter(64, CounterType.packets) inline_flow_update_req_sent; @SaiCounter[no_suffix="true", attr_type="stats", action_names="set_eni_attrs"] counter(64, CounterType.packets) inline_flow_update_req_recv; @SaiCounter[no_suffix="true", attr_type="stats", action_names="set_eni_attrs"] counter(64, CounterType.packets) inline_flow_update_req_failed; @SaiCounter[no_suffix="true", attr_type="stats", action_names="set_eni_attrs"] counter(64, CounterType.packets) inline_flow_update_req_ignored; @SaiCounter[no_suffix="true", attr_type="stats", action_names="set_eni_attrs"] counter(64, CounterType.packets) inline_flow_update_ack_recv; @SaiCounter[no_suffix="true", attr_type="stats", action_names="set_eni_attrs"] counter(64, CounterType.packets) inline_flow_update_ack_failed; @SaiCounter[no_suffix="true", attr_type="stats", action_names="set_eni_attrs"] counter(64, CounterType.packets) inline_flow_update_ack_ignored; @SaiCounter[no_suffix="true", attr_type="stats", action_names="set_eni_attrs"] counter(64, CounterType.packets) timed_flow_update_req_sent; @SaiCounter[no_suffix="true", attr_type="stats", action_names="set_eni_attrs"] counter(64, CounterType.packets) timed_flow_update_req_recv; @SaiCounter[no_suffix="true", attr_type="stats", action_names="set_eni_attrs"] counter(64, CounterType.packets) timed_flow_update_req_failed; @SaiCounter[no_suffix="true", attr_type="stats", action_names="set_eni_attrs"] counter(64, CounterType.packets) timed_flow_update_req_ignored; @SaiCounter[no_suffix="true", attr_type="stats", action_names="set_eni_attrs"] counter(64, CounterType.packets) timed_flow_update_ack_recv; @SaiCounter[no_suffix="true", attr_type="stats", action_names="set_eni_attrs"] counter(64, CounterType.packets) timed_flow_update_ack_failed; @SaiCounter[no_suffix="true", attr_type="stats", action_names="set_eni_attrs"] counter(64, CounterType.packets) timed_flow_update_ack_ignored;
                                                                                                                                                                                                                                                                                                                                                                                                                                                                                                                                                                                                                                                                                                         ^^^^^^^^^^^^^^^^^^^^^^^^^^^
bmv2/dash_counters.p4(94): [--Wwarn=unused] warning: inline_flow_update_ack_failed: unused instance
@SaiCounter[no_suffix="true", attr_type="stats", action_names="set_eni_attrs"] counter(64, CounterType.packets) inline_flow_update_req_sent; @SaiCounter[no_suffix="true", attr_type="stats", action_names="set_eni_attrs"] counter(64, CounterType.packets) inline_flow_update_req_recv; @SaiCounter[no_suffix="true", attr_type="stats", action_names="set_eni_attrs"] counter(64, CounterType.packets) inline_flow_update_req_failed; @SaiCounter[no_suffix="true", attr_type="stats", action_names="set_eni_attrs"] counter(64, CounterType.packets) inline_flow_update_req_ignored; @SaiCounter[no_suffix="true", attr_type="stats", action_names="set_eni_attrs"] counter(64, CounterType.packets) inline_flow_update_ack_recv; @SaiCounter[no_suffix="true", attr_type="stats", action_names="set_eni_attrs"] counter(64, CounterType.packets) inline_flow_update_ack_failed; @SaiCounter[no_suffix="true", attr_type="stats", action_names="set_eni_attrs"] counter(64, CounterType.packets) inline_flow_update_ack_ignored; @SaiCounter[no_suffix="true", attr_type="stats", action_names="set_eni_attrs"] counter(64, CounterType.packets) timed_flow_update_req_sent; @SaiCounter[no_suffix="true", attr_type="stats", action_names="set_eni_attrs"] counter(64, CounterType.packets) timed_flow_update_req_recv; @SaiCounter[no_suffix="true", attr_type="stats", action_names="set_eni_attrs"] counter(64, CounterType.packets) timed_flow_update_req_failed; @SaiCounter[no_suffix="true", attr_type="stats", action_names="set_eni_attrs"] counter(64, CounterType.packets) timed_flow_update_req_ignored; @SaiCounter[no_suffix="true", attr_type="stats", action_names="set_eni_attrs"] counter(64, CounterType.packets) timed_flow_update_ack_recv; @SaiCounter[no_suffix="true", attr_type="stats", action_names="set_eni_attrs"] counter(64, CounterType.packets) timed_flow_update_ack_failed; @SaiCounter[no_suffix="true", attr_type="stats", action_names="set_eni_attrs"] counter(64, CounterType.packets) timed_flow_update_ack_ignored;
                                                                                                                                                                                                                                                                                                                                                                                                                                                                                                                                                                                                                                                                                                                                                                                                                                                      ^^^^^^^^^^^^^^^^^^^^^^^^^^^^^
bmv2/dash_counters.p4(94): [--Wwarn=unused] warning: inline_flow_update_ack_ignored: unused instance
@SaiCounter[no_suffix="true", attr_type="stats", action_names="set_eni_attrs"] counter(64, CounterType.packets) inline_flow_update_req_sent; @SaiCounter[no_suffix="true", attr_type="stats", action_names="set_eni_attrs"] counter(64, CounterType.packets) inline_flow_update_req_recv; @SaiCounter[no_suffix="true", attr_type="stats", action_names="set_eni_attrs"] counter(64, CounterType.packets) inline_flow_update_req_failed; @SaiCounter[no_suffix="true", attr_type="stats", action_names="set_eni_attrs"] counter(64, CounterType.packets) inline_flow_update_req_ignored; @SaiCounter[no_suffix="true", attr_type="stats", action_names="set_eni_attrs"] counter(64, CounterType.packets) inline_flow_update_ack_recv; @SaiCounter[no_suffix="true", attr_type="stats", action_names="set_eni_attrs"] counter(64, CounterType.packets) inline_flow_update_ack_failed; @SaiCounter[no_suffix="true", attr_type="stats", action_names="set_eni_attrs"] counter(64, CounterType.packets) inline_flow_update_ack_ignored; @SaiCounter[no_suffix="true", attr_type="stats", action_names="set_eni_attrs"] counter(64, CounterType.packets) timed_flow_update_req_sent; @SaiCounter[no_suffix="true", attr_type="stats", action_names="set_eni_attrs"] counter(64, CounterType.packets) timed_flow_update_req_recv; @SaiCounter[no_suffix="true", attr_type="stats", action_names="set_eni_attrs"] counter(64, CounterType.packets) timed_flow_update_req_failed; @SaiCounter[no_suffix="true", attr_type="stats", action_names="set_eni_attrs"] counter(64, CounterType.packets) timed_flow_update_req_ignored; @SaiCounter[no_suffix="true", attr_type="stats", action_names="set_eni_attrs"] counter(64, CounterType.packets) timed_flow_update_ack_recv; @SaiCounter[no_suffix="true", attr_type="stats", action_names="set_eni_attrs"] counter(64, CounterType.packets) timed_flow_update_ack_failed; @SaiCounter[no_suffix="true", attr_type="stats", action_names="set_eni_attrs"] counter(64, CounterType.packets) timed_flow_update_ack_ignored;
                                                                                                                                                                                                                                                                                                                                                                                                                                                                                                                                                                                                                                                                                                                                                                                                                                                                                                                                                                                                     ^^^^^^^^^^^^^^^^^^^^^^^^^^^^^^
bmv2/dash_counters.p4(94): [--Wwarn=unused] warning: timed_flow_update_req_sent: unused instance
@SaiCounter[no_suffix="true", attr_type="stats", action_names="set_eni_attrs"] counter(64, CounterType.packets) inline_flow_update_req_sent; @SaiCounter[no_suffix="true", attr_type="stats", action_names="set_eni_attrs"] counter(64, CounterType.packets) inline_flow_update_req_recv; @SaiCounter[no_suffix="true", attr_type="stats", action_names="set_eni_attrs"] counter(64, CounterType.packets) inline_flow_update_req_failed; @SaiCounter[no_suffix="true", attr_type="stats", action_names="set_eni_attrs"] counter(64, CounterType.packets) inline_flow_update_req_ignored; @SaiCounter[no_suffix="true", attr_type="stats", action_names="set_eni_attrs"] counter(64, CounterType.packets) inline_flow_update_ack_recv; @SaiCounter[no_suffix="true", attr_type="stats", action_names="set_eni_attrs"] counter(64, CounterType.packets) inline_flow_update_ack_failed; @SaiCounter[no_suffix="true", attr_type="stats", action_names="set_eni_attrs"] counter(64, CounterType.packets) inline_flow_update_ack_ignored; @SaiCounter[no_suffix="true", attr_type="stats", action_names="set_eni_attrs"] counter(64, CounterType.packets) timed_flow_update_req_sent; @SaiCounter[no_suffix="true", attr_type="stats", action_names="set_eni_attrs"] counter(64, CounterType.packets) timed_flow_update_req_recv; @SaiCounter[no_suffix="true", attr_type="stats", action_names="set_eni_attrs"] counter(64, CounterType.packets) timed_flow_update_req_failed; @SaiCounter[no_suffix="true", attr_type="stats", action_names="set_eni_attrs"] counter(64, CounterType.packets) timed_flow_update_req_ignored; @SaiCounter[no_suffix="true", attr_type="stats", action_names="set_eni_attrs"] counter(64, CounterType.packets) timed_flow_update_ack_recv; @SaiCounter[no_suffix="true", attr_type="stats", action_names="set_eni_attrs"] counter(64, CounterType.packets) timed_flow_update_ack_failed; @SaiCounter[no_suffix="true", attr_type="stats", action_names="set_eni_attrs"] counter(64, CounterType.packets) timed_flow_update_ack_ignored;
                                                                                                                                                                                                                                                                                                                                                                                                                                                                                                                                                                                                                                                                                                                                                                                                                                                                                                                                                                                                                                                                                                                                                     ^^^^^^^^^^^^^^^^^^^^^^^^^^
bmv2/dash_counters.p4(94): [--Wwarn=unused] warning: timed_flow_update_req_recv: unused instance
@SaiCounter[no_suffix="true", attr_type="stats", action_names="set_eni_attrs"] counter(64, CounterType.packets) inline_flow_update_req_sent; @SaiCounter[no_suffix="true", attr_type="stats", action_names="set_eni_attrs"] counter(64, CounterType.packets) inline_flow_update_req_recv; @SaiCounter[no_suffix="true", attr_type="stats", action_names="set_eni_attrs"] counter(64, CounterType.packets) inline_flow_update_req_failed; @SaiCounter[no_suffix="true", attr_type="stats", action_names="set_eni_attrs"] counter(64, CounterType.packets) inline_flow_update_req_ignored; @SaiCounter[no_suffix="true", attr_type="stats", action_names="set_eni_attrs"] counter(64, CounterType.packets) inline_flow_update_ack_recv; @SaiCounter[no_suffix="true", attr_type="stats", action_names="set_eni_attrs"] counter(64, CounterType.packets) inline_flow_update_ack_failed; @SaiCounter[no_suffix="true", attr_type="stats", action_names="set_eni_attrs"] counter(64, CounterType.packets) inline_flow_update_ack_ignored; @SaiCounter[no_suffix="true", attr_type="stats", action_names="set_eni_attrs"] counter(64, CounterType.packets) timed_flow_update_req_sent; @SaiCounter[no_suffix="true", attr_type="stats", action_names="set_eni_attrs"] counter(64, CounterType.packets) timed_flow_update_req_recv; @SaiCounter[no_suffix="true", attr_type="stats", action_names="set_eni_attrs"] counter(64, CounterType.packets) timed_flow_update_req_failed; @SaiCounter[no_suffix="true", attr_type="stats", action_names="set_eni_attrs"] counter(64, CounterType.packets) timed_flow_update_req_ignored; @SaiCounter[no_suffix="true", attr_type="stats", action_names="set_eni_attrs"] counter(64, CounterType.packets) timed_flow_update_ack_recv; @SaiCounter[no_suffix="true", attr_type="stats", action_names="set_eni_attrs"] counter(64, CounterType.packets) timed_flow_update_ack_failed; @SaiCounter[no_suffix="true", attr_type="stats", action_names="set_eni_attrs"] counter(64, CounterType.packets) timed_flow_update_ack_ignored;
                                                                                                                                                                                                                                                                                                                                                                                                                                                                                                                                                                                                                                                                                                                                                                                                                                                                                                                                                                                                                                                                                                                                                                                                                                                                                                 ^^^^^^^^^^^^^^^^^^^^^^^^^^
bmv2/dash_counters.p4(94): [--Wwarn=unused] warning: timed_flow_update_req_failed: unused instance
@SaiCounter[no_suffix="true", attr_type="stats", action_names="set_eni_attrs"] counter(64, CounterType.packets) inline_flow_update_req_sent; @SaiCounter[no_suffix="true", attr_type="stats", action_names="set_eni_attrs"] counter(64, CounterType.packets) inline_flow_update_req_recv; @SaiCounter[no_suffix="true", attr_type="stats", action_names="set_eni_attrs"] counter(64, CounterType.packets) inline_flow_update_req_failed; @SaiCounter[no_suffix="true", attr_type="stats", action_names="set_eni_attrs"] counter(64, CounterType.packets) inline_flow_update_req_ignored; @SaiCounter[no_suffix="true", attr_type="stats", action_names="set_eni_attrs"] counter(64, CounterType.packets) inline_flow_update_ack_recv; @SaiCounter[no_suffix="true", attr_type="stats", action_names="set_eni_attrs"] counter(64, CounterType.packets) inline_flow_update_ack_failed; @SaiCounter[no_suffix="true", attr_type="stats", action_names="set_eni_attrs"] counter(64, CounterType.packets) inline_flow_update_ack_ignored; @SaiCounter[no_suffix="true", attr_type="stats", action_names="set_eni_attrs"] counter(64, CounterType.packets) timed_flow_update_req_sent; @SaiCounter[no_suffix="true", attr_type="stats", action_names="set_eni_attrs"] counter(64, CounterType.packets) timed_flow_update_req_recv; @SaiCounter[no_suffix="true", attr_type="stats", action_names="set_eni_attrs"] counter(64, CounterType.packets) timed_flow_update_req_failed; @SaiCounter[no_suffix="true", attr_type="stats", action_names="set_eni_attrs"] counter(64, CounterType.packets) timed_flow_update_req_ignored; @SaiCounter[no_suffix="true", attr_type="stats", action_names="set_eni_attrs"] counter(64, CounterType.packets) timed_flow_update_ack_recv; @SaiCounter[no_suffix="true", attr_type="stats", action_names="set_eni_attrs"] counter(64, CounterType.packets) timed_flow_update_ack_failed; @SaiCounter[no_suffix="true", attr_type="stats", action_names="set_eni_attrs"] counter(64, CounterType.packets) timed_flow_update_ack_ignored;
                                                                                                                                                                                                                                                                                                                                                                                                                                                                                                                                                                                                                                                                                                                                                                                                                                                                                                                                                                                                                                                                                                                                                                                                                                                                                                                                                                                                                                             ^^^^^^^^^^^^^^^^^^^^^^^^^^^^
bmv2/dash_counters.p4(94): [--Wwarn=unused] warning: timed_flow_update_req_ignored: unused instance
@SaiCounter[no_suffix="true", attr_type="stats", action_names="set_eni_attrs"] counter(64, CounterType.packets) inline_flow_update_req_sent; @SaiCounter[no_suffix="true", attr_type="stats", action_names="set_eni_attrs"] counter(64, CounterType.packets) inline_flow_update_req_recv; @SaiCounter[no_suffix="true", attr_type="stats", action_names="set_eni_attrs"] counter(64, CounterType.packets) inline_flow_update_req_failed; @SaiCounter[no_suffix="true", attr_type="stats", action_names="set_eni_attrs"] counter(64, CounterType.packets) inline_flow_update_req_ignored; @SaiCounter[no_suffix="true", attr_type="stats", action_names="set_eni_attrs"] counter(64, CounterType.packets) inline_flow_update_ack_recv; @SaiCounter[no_suffix="true", attr_type="stats", action_names="set_eni_attrs"] counter(64, CounterType.packets) inline_flow_update_ack_failed; @SaiCounter[no_suffix="true", attr_type="stats", action_names="set_eni_attrs"] counter(64, CounterType.packets) inline_flow_update_ack_ignored; @SaiCounter[no_suffix="true", attr_type="stats", action_names="set_eni_attrs"] counter(64, CounterType.packets) timed_flow_update_req_sent; @SaiCounter[no_suffix="true", attr_type="stats", action_names="set_eni_attrs"] counter(64, CounterType.packets) timed_flow_update_req_recv; @SaiCounter[no_suffix="true", attr_type="stats", action_names="set_eni_attrs"] counter(64, CounterType.packets) timed_flow_update_req_failed; @SaiCounter[no_suffix="true", attr_type="stats", action_names="set_eni_attrs"] counter(64, CounterType.packets) timed_flow_update_req_ignored; @SaiCounter[no_suffix="true", attr_type="stats", action_names="set_eni_attrs"] counter(64, CounterType.packets) timed_flow_update_ack_recv; @SaiCounter[no_suffix="true", attr_type="stats", action_names="set_eni_attrs"] counter(64, CounterType.packets) timed_flow_update_ack_failed; @SaiCounter[no_suffix="true", attr_type="stats", action_names="set_eni_attrs"] counter(64, CounterType.packets) timed_flow_update_ack_ignored;
                                                                                                                                                                                                                                                                                                                                                                                                                                                                                                                                                                                                                                                                                                                                                                                                                                                                                                                                                                                                                                                                                                                                                                                                                                                                                                                                                                                                                                                                                                                                                                                           ^^^^^^^^^^^^^^^^^^^^^^^^^^^^^
bmv2/dash_counters.p4(94): [--Wwarn=unused] warning: timed_flow_update_ack_recv: unused instance
@SaiCounter[no_suffix="true", attr_type="stats", action_names="set_eni_attrs"] counter(64, CounterType.packets) inline_flow_update_req_sent; @SaiCounter[no_suffix="true", attr_type="stats", action_names="set_eni_attrs"] counter(64, CounterType.packets) inline_flow_update_req_recv; @SaiCounter[no_suffix="true", attr_type="stats", action_names="set_eni_attrs"] counter(64, CounterType.packets) inline_flow_update_req_failed; @SaiCounter[no_suffix="true", attr_type="stats", action_names="set_eni_attrs"] counter(64, CounterType.packets) inline_flow_update_req_ignored; @SaiCounter[no_suffix="true", attr_type="stats", action_names="set_eni_attrs"] counter(64, CounterType.packets) inline_flow_update_ack_recv; @SaiCounter[no_suffix="true", attr_type="stats", action_names="set_eni_attrs"] counter(64, CounterType.packets) inline_flow_update_ack_failed; @SaiCounter[no_suffix="true", attr_type="stats", action_names="set_eni_attrs"] counter(64, CounterType.packets) inline_flow_update_ack_ignored; @SaiCounter[no_suffix="true", attr_type="stats", action_names="set_eni_attrs"] counter(64, CounterType.packets) timed_flow_update_req_sent; @SaiCounter[no_suffix="true", attr_type="stats", action_names="set_eni_attrs"] counter(64, CounterType.packets) timed_flow_update_req_recv; @SaiCounter[no_suffix="true", attr_type="stats", action_names="set_eni_attrs"] counter(64, CounterType.packets) timed_flow_update_req_failed; @SaiCounter[no_suffix="true", attr_type="stats", action_names="set_eni_attrs"] counter(64, CounterType.packets) timed_flow_update_req_ignored; @SaiCounter[no_suffix="true", attr_type="stats", action_names="set_eni_attrs"] counter(64, CounterType.packets) timed_flow_update_ack_recv; @SaiCounter[no_suffix="true", attr_type="stats", action_names="set_eni_attrs"] counter(64, CounterType.packets) timed_flow_update_ack_failed; @SaiCounter[no_suffix="true", attr_type="stats", action_names="set_eni_attrs"] counter(64, CounterType.packets) timed_flow_update_ack_ignored;
                                                                                                                                                                                                                                                                                                                                                                                                                                                                                                                                                                                                                                                                                                                                                                                                                                                                                                                                                                                                                                                                                                                                                                                                                                                                                                                                                                                                                                                                                                                                                                                                                                                                                                                                          ^^^^^^^^^^^^^^^^^^^^^^^^^^
bmv2/dash_counters.p4(94): [--Wwarn=unused] warning: timed_flow_update_ack_failed: unused instance
@SaiCounter[no_suffix="true", attr_type="stats", action_names="set_eni_attrs"] counter(64, CounterType.packets) inline_flow_update_req_sent; @SaiCounter[no_suffix="true", attr_type="stats", action_names="set_eni_attrs"] counter(64, CounterType.packets) inline_flow_update_req_recv; @SaiCounter[no_suffix="true", attr_type="stats", action_names="set_eni_attrs"] counter(64, CounterType.packets) inline_flow_update_req_failed; @SaiCounter[no_suffix="true", attr_type="stats", action_names="set_eni_attrs"] counter(64, CounterType.packets) inline_flow_update_req_ignored; @SaiCounter[no_suffix="true", attr_type="stats", action_names="set_eni_attrs"] counter(64, CounterType.packets) inline_flow_update_ack_recv; @SaiCounter[no_suffix="true", attr_type="stats", action_names="set_eni_attrs"] counter(64, CounterType.packets) inline_flow_update_ack_failed; @SaiCounter[no_suffix="true", attr_type="stats", action_names="set_eni_attrs"] counter(64, CounterType.packets) inline_flow_update_ack_ignored; @SaiCounter[no_suffix="true", attr_type="stats", action_names="set_eni_attrs"] counter(64, CounterType.packets) timed_flow_update_req_sent; @SaiCounter[no_suffix="true", attr_type="stats", action_names="set_eni_attrs"] counter(64, CounterType.packets) timed_flow_update_req_recv; @SaiCounter[no_suffix="true", attr_type="stats", action_names="set_eni_attrs"] counter(64, CounterType.packets) timed_flow_update_req_failed; @SaiCounter[no_suffix="true", attr_type="stats", action_names="set_eni_attrs"] counter(64, CounterType.packets) timed_flow_update_req_ignored; @SaiCounter[no_suffix="true", attr_type="stats", action_names="set_eni_attrs"] counter(64, CounterType.packets) timed_flow_update_ack_recv; @SaiCounter[no_suffix="true", attr_type="stats", action_names="set_eni_attrs"] counter(64, CounterType.packets) timed_flow_update_ack_failed; @SaiCounter[no_suffix="true", attr_type="stats", action_names="set_eni_attrs"] counter(64, CounterType.packets) timed_flow_update_ack_ignored;
                                                                                                                                                                                                                                                                                                                                                                                                                                                                                                                                                                                                                                                                                                                                                                                                                                                                                                                                                                                                                                                                                                                                                                                                                                                                                                                                                                                                                                                                                                                                                                                                                                                                                                                                                                                                                                                                                      ^^^^^^^^^^^^^^^^^^^^^^^^^^^^
bmv2/dash_counters.p4(94): [--Wwarn=unused] warning: timed_flow_update_ack_ignored: unused instance
@SaiCounter[no_suffix="true", attr_type="stats", action_names="set_eni_attrs"] counter(64, CounterType.packets) inline_flow_update_req_sent; @SaiCounter[no_suffix="true", attr_type="stats", action_names="set_eni_attrs"] counter(64, CounterType.packets) inline_flow_update_req_recv; @SaiCounter[no_suffix="true", attr_type="stats", action_names="set_eni_attrs"] counter(64, CounterType.packets) inline_flow_update_req_failed; @SaiCounter[no_suffix="true", attr_type="stats", action_names="set_eni_attrs"] counter(64, CounterType.packets) inline_flow_update_req_ignored; @SaiCounter[no_suffix="true", attr_type="stats", action_names="set_eni_attrs"] counter(64, CounterType.packets) inline_flow_update_ack_recv; @SaiCounter[no_suffix="true", attr_type="stats", action_names="set_eni_attrs"] counter(64, CounterType.packets) inline_flow_update_ack_failed; @SaiCounter[no_suffix="true", attr_type="stats", action_names="set_eni_attrs"] counter(64, CounterType.packets) inline_flow_update_ack_ignored; @SaiCounter[no_suffix="true", attr_type="stats", action_names="set_eni_attrs"] counter(64, CounterType.packets) timed_flow_update_req_sent; @SaiCounter[no_suffix="true", attr_type="stats", action_names="set_eni_attrs"] counter(64, CounterType.packets) timed_flow_update_req_recv; @SaiCounter[no_suffix="true", attr_type="stats", action_names="set_eni_attrs"] counter(64, CounterType.packets) timed_flow_update_req_failed; @SaiCounter[no_suffix="true", attr_type="stats", action_names="set_eni_attrs"] counter(64, CounterType.packets) timed_flow_update_req_ignored; @SaiCounter[no_suffix="true", attr_type="stats", action_names="set_eni_attrs"] counter(64, CounterType.packets) timed_flow_update_ack_recv; @SaiCounter[no_suffix="true", attr_type="stats", action_names="set_eni_attrs"] counter(64, CounterType.packets) timed_flow_update_ack_failed; @SaiCounter[no_suffix="true", attr_type="stats", action_names="set_eni_attrs"] counter(64, CounterType.packets) timed_flow_update_ack_ignored;
                                                                                                                                                                                                                                                                                                                                                                                                                                                                                                                                                                                                                                                                                                                                                                                                                                                                                                                                                                                                                                                                                                                                                                                                                                                                                                                                                                                                                                                                                                                                                                                                                                                                                                                                                                                                                                                                                                                                                                                                                                    ^^^^^^^^^^^^^^^^^^^^^^^^^^^^^
bmv2/dash_counters.p4(95): [--Wwarn=unused] warning: inline_flow_delete_req_sent: unused instance
@SaiCounter[no_suffix="true", attr_type="stats", action_names="set_eni_attrs"] counter(64, CounterType.packets) inline_flow_delete_req_sent; @SaiCounter[no_suffix="true", attr_type="stats", action_names="set_eni_attrs"] counter(64, CounterType.packets) inline_flow_delete_req_recv; @SaiCounter[no_suffix="true", attr_type="stats", action_names="set_eni_attrs"] counter(64, CounterType.packets) inline_flow_delete_req_failed; @SaiCounter[no_suffix="true", attr_type="stats", action_names="set_eni_attrs"] counter(64, CounterType.packets) inline_flow_delete_req_ignored; @SaiCounter[no_suffix="true", attr_type="stats", action_names="set_eni_attrs"] counter(64, CounterType.packets) inline_flow_delete_ack_recv; @SaiCounter[no_suffix="true", attr_type="stats", action_names="set_eni_attrs"] counter(64, CounterType.packets) inline_flow_delete_ack_failed; @SaiCounter[no_suffix="true", attr_type="stats", action_names="set_eni_attrs"] counter(64, CounterType.packets) inline_flow_delete_ack_ignored; @SaiCounter[no_suffix="true", attr_type="stats", action_names="set_eni_attrs"] counter(64, CounterType.packets) timed_flow_delete_req_sent; @SaiCounter[no_suffix="true", attr_type="stats", action_names="set_eni_attrs"] counter(64, CounterType.packets) timed_flow_delete_req_recv; @SaiCounter[no_suffix="true", attr_type="stats", action_names="set_eni_attrs"] counter(64, CounterType.packets) timed_flow_delete_req_failed; @SaiCounter[no_suffix="true", attr_type="stats", action_names="set_eni_attrs"] counter(64, CounterType.packets) timed_flow_delete_req_ignored; @SaiCounter[no_suffix="true", attr_type="stats", action_names="set_eni_attrs"] counter(64, CounterType.packets) timed_flow_delete_ack_recv; @SaiCounter[no_suffix="true", attr_type="stats", action_names="set_eni_attrs"] counter(64, CounterType.packets) timed_flow_delete_ack_failed; @SaiCounter[no_suffix="true", attr_type="stats", action_names="set_eni_attrs"] counter(64, CounterType.packets) timed_flow_delete_ack_ignored;
                                                                                                                ^^^^^^^^^^^^^^^^^^^^^^^^^^^
bmv2/dash_counters.p4(95): [--Wwarn=unused] warning: inline_flow_delete_req_recv: unused instance
@SaiCounter[no_suffix="true", attr_type="stats", action_names="set_eni_attrs"] counter(64, CounterType.packets) inline_flow_delete_req_sent; @SaiCounter[no_suffix="true", attr_type="stats", action_names="set_eni_attrs"] counter(64, CounterType.packets) inline_flow_delete_req_recv; @SaiCounter[no_suffix="true", attr_type="stats", action_names="set_eni_attrs"] counter(64, CounterType.packets) inline_flow_delete_req_failed; @SaiCounter[no_suffix="true", attr_type="stats", action_names="set_eni_attrs"] counter(64, CounterType.packets) inline_flow_delete_req_ignored; @SaiCounter[no_suffix="true", attr_type="stats", action_names="set_eni_attrs"] counter(64, CounterType.packets) inline_flow_delete_ack_recv; @SaiCounter[no_suffix="true", attr_type="stats", action_names="set_eni_attrs"] counter(64, CounterType.packets) inline_flow_delete_ack_failed; @SaiCounter[no_suffix="true", attr_type="stats", action_names="set_eni_attrs"] counter(64, CounterType.packets) inline_flow_delete_ack_ignored; @SaiCounter[no_suffix="true", attr_type="stats", action_names="set_eni_attrs"] counter(64, CounterType.packets) timed_flow_delete_req_sent; @SaiCounter[no_suffix="true", attr_type="stats", action_names="set_eni_attrs"] counter(64, CounterType.packets) timed_flow_delete_req_recv; @SaiCounter[no_suffix="true", attr_type="stats", action_names="set_eni_attrs"] counter(64, CounterType.packets) timed_flow_delete_req_failed; @SaiCounter[no_suffix="true", attr_type="stats", action_names="set_eni_attrs"] counter(64, CounterType.packets) timed_flow_delete_req_ignored; @SaiCounter[no_suffix="true", attr_type="stats", action_names="set_eni_attrs"] counter(64, CounterType.packets) timed_flow_delete_ack_recv; @SaiCounter[no_suffix="true", attr_type="stats", action_names="set_eni_attrs"] counter(64, CounterType.packets) timed_flow_delete_ack_failed; @SaiCounter[no_suffix="true", attr_type="stats", action_names="set_eni_attrs"] counter(64, CounterType.packets) timed_flow_delete_ack_ignored;
                                                                                                                                                                                                                                                             ^^^^^^^^^^^^^^^^^^^^^^^^^^^
bmv2/dash_counters.p4(95): [--Wwarn=unused] warning: inline_flow_delete_req_failed: unused instance
@SaiCounter[no_suffix="true", attr_type="stats", action_names="set_eni_attrs"] counter(64, CounterType.packets) inline_flow_delete_req_sent; @SaiCounter[no_suffix="true", attr_type="stats", action_names="set_eni_attrs"] counter(64, CounterType.packets) inline_flow_delete_req_recv; @SaiCounter[no_suffix="true", attr_type="stats", action_names="set_eni_attrs"] counter(64, CounterType.packets) inline_flow_delete_req_failed; @SaiCounter[no_suffix="true", attr_type="stats", action_names="set_eni_attrs"] counter(64, CounterType.packets) inline_flow_delete_req_ignored; @SaiCounter[no_suffix="true", attr_type="stats", action_names="set_eni_attrs"] counter(64, CounterType.packets) inline_flow_delete_ack_recv; @SaiCounter[no_suffix="true", attr_type="stats", action_names="set_eni_attrs"] counter(64, CounterType.packets) inline_flow_delete_ack_failed; @SaiCounter[no_suffix="true", attr_type="stats", action_names="set_eni_attrs"] counter(64, CounterType.packets) inline_flow_delete_ack_ignored; @SaiCounter[no_suffix="true", attr_type="stats", action_names="set_eni_attrs"] counter(64, CounterType.packets) timed_flow_delete_req_sent; @SaiCounter[no_suffix="true", attr_type="stats", action_names="set_eni_attrs"] counter(64, CounterType.packets) timed_flow_delete_req_recv; @SaiCounter[no_suffix="true", attr_type="stats", action_names="set_eni_attrs"] counter(64, CounterType.packets) timed_flow_delete_req_failed; @SaiCounter[no_suffix="true", attr_type="stats", action_names="set_eni_attrs"] counter(64, CounterType.packets) timed_flow_delete_req_ignored; @SaiCounter[no_suffix="true", attr_type="stats", action_names="set_eni_attrs"] counter(64, CounterType.packets) timed_flow_delete_ack_recv; @SaiCounter[no_suffix="true", attr_type="stats", action_names="set_eni_attrs"] counter(64, CounterType.packets) timed_flow_delete_ack_failed; @SaiCounter[no_suffix="true", attr_type="stats", action_names="set_eni_attrs"] counter(64, CounterType.packets) timed_flow_delete_ack_ignored;
                                                                                                                                                                                                                                                                                                                                                                                                          ^^^^^^^^^^^^^^^^^^^^^^^^^^^^^
bmv2/dash_counters.p4(95): [--Wwarn=unused] warning: inline_flow_delete_req_ignored: unused instance
@SaiCounter[no_suffix="true", attr_type="stats", action_names="set_eni_attrs"] counter(64, CounterType.packets) inline_flow_delete_req_sent; @SaiCounter[no_suffix="true", attr_type="stats", action_names="set_eni_attrs"] counter(64, CounterType.packets) inline_flow_delete_req_recv; @SaiCounter[no_suffix="true", attr_type="stats", action_names="set_eni_attrs"] counter(64, CounterType.packets) inline_flow_delete_req_failed; @SaiCounter[no_suffix="true", attr_type="stats", action_names="set_eni_attrs"] counter(64, CounterType.packets) inline_flow_delete_req_ignored; @SaiCounter[no_suffix="true", attr_type="stats", action_names="set_eni_attrs"] counter(64, CounterType.packets) inline_flow_delete_ack_recv; @SaiCounter[no_suffix="true", attr_type="stats", action_names="set_eni_attrs"] counter(64, CounterType.packets) inline_flow_delete_ack_failed; @SaiCounter[no_suffix="true", attr_type="stats", action_names="set_eni_attrs"] counter(64, CounterType.packets) inline_flow_delete_ack_ignored; @SaiCounter[no_suffix="true", attr_type="stats", action_names="set_eni_attrs"] counter(64, CounterType.packets) timed_flow_delete_req_sent; @SaiCounter[no_suffix="true", attr_type="stats", action_names="set_eni_attrs"] counter(64, CounterType.packets) timed_flow_delete_req_recv; @SaiCounter[no_suffix="true", attr_type="stats", action_names="set_eni_attrs"] counter(64, CounterType.packets) timed_flow_delete_req_failed; @SaiCounter[no_suffix="true", attr_type="stats", action_names="set_eni_attrs"] counter(64, CounterType.packets) timed_flow_delete_req_ignored; @SaiCounter[no_suffix="true", attr_type="stats", action_names="set_eni_attrs"] counter(64, CounterType.packets) timed_flow_delete_ack_recv; @SaiCounter[no_suffix="true", attr_type="stats", action_names="set_eni_attrs"] counter(64, CounterType.packets) timed_flow_delete_ack_failed; @SaiCounter[no_suffix="true", attr_type="stats", action_names="set_eni_attrs"] counter(64, CounterType.packets) timed_flow_delete_ack_ignored;
                                                                                                                                                                                                                                                                                                                                                                                                                                                                                                                                                         ^^^^^^^^^^^^^^^^^^^^^^^^^^^^^^
bmv2/dash_counters.p4(95): [--Wwarn=unused] warning: inline_flow_delete_ack_recv: unused instance
@SaiCounter[no_suffix="true", attr_type="stats", action_names="set_eni_attrs"] counter(64, CounterType.packets) inline_flow_delete_req_sent; @SaiCounter[no_suffix="true", attr_type="stats", action_names="set_eni_attrs"] counter(64, CounterType.packets) inline_flow_delete_req_recv; @SaiCounter[no_suffix="true", attr_type="stats", action_names="set_eni_attrs"] counter(64, CounterType.packets) inline_flow_delete_req_failed; @SaiCounter[no_suffix="true", attr_type="stats", action_names="set_eni_attrs"] counter(64, CounterType.packets) inline_flow_delete_req_ignored; @SaiCounter[no_suffix="true", attr_type="stats", action_names="set_eni_attrs"] counter(64, CounterType.packets) inline_flow_delete_ack_recv; @SaiCounter[no_suffix="true", attr_type="stats", action_names="set_eni_attrs"] counter(64, CounterType.packets) inline_flow_delete_ack_failed; @SaiCounter[no_suffix="true", attr_type="stats", action_names="set_eni_attrs"] counter(64, CounterType.packets) inline_flow_delete_ack_ignored; @SaiCounter[no_suffix="true", attr_type="stats", action_names="set_eni_attrs"] counter(64, CounterType.packets) timed_flow_delete_req_sent; @SaiCounter[no_suffix="true", attr_type="stats", action_names="set_eni_attrs"] counter(64, CounterType.packets) timed_flow_delete_req_recv; @SaiCounter[no_suffix="true", attr_type="stats", action_names="set_eni_attrs"] counter(64, CounterType.packets) timed_flow_delete_req_failed; @SaiCounter[no_suffix="true", attr_type="stats", action_names="set_eni_attrs"] counter(64, CounterType.packets) timed_flow_delete_req_ignored; @SaiCounter[no_suffix="true", attr_type="stats", action_names="set_eni_attrs"] counter(64, CounterType.packets) timed_flow_delete_ack_recv; @SaiCounter[no_suffix="true", attr_type="stats", action_names="set_eni_attrs"] counter(64, CounterType.packets) timed_flow_delete_ack_failed; @SaiCounter[no_suffix="true", attr_type="stats", action_names="set_eni_attrs"] counter(64, CounterType.packets) timed_flow_delete_ack_ignored;
                                                                                                                                                                                                                                                                                                                                                                                                                                                                                                                                                                                                                                                                                                         ^^^^^^^^^^^^^^^^^^^^^^^^^^^
bmv2/dash_counters.p4(95): [--Wwarn=unused] warning: inline_flow_delete_ack_failed: unused instance
@SaiCounter[no_suffix="true", attr_type="stats", action_names="set_eni_attrs"] counter(64, CounterType.packets) inline_flow_delete_req_sent; @SaiCounter[no_suffix="true", attr_type="stats", action_names="set_eni_attrs"] counter(64, CounterType.packets) inline_flow_delete_req_recv; @SaiCounter[no_suffix="true", attr_type="stats", action_names="set_eni_attrs"] counter(64, CounterType.packets) inline_flow_delete_req_failed; @SaiCounter[no_suffix="true", attr_type="stats", action_names="set_eni_attrs"] counter(64, CounterType.packets) inline_flow_delete_req_ignored; @SaiCounter[no_suffix="true", attr_type="stats", action_names="set_eni_attrs"] counter(64, CounterType.packets) inline_flow_delete_ack_recv; @SaiCounter[no_suffix="true", attr_type="stats", action_names="set_eni_attrs"] counter(64, CounterType.packets) inline_flow_delete_ack_failed; @SaiCounter[no_suffix="true", attr_type="stats", action_names="set_eni_attrs"] counter(64, CounterType.packets) inline_flow_delete_ack_ignored; @SaiCounter[no_suffix="true", attr_type="stats", action_names="set_eni_attrs"] counter(64, CounterType.packets) timed_flow_delete_req_sent; @SaiCounter[no_suffix="true", attr_type="stats", action_names="set_eni_attrs"] counter(64, CounterType.packets) timed_flow_delete_req_recv; @SaiCounter[no_suffix="true", attr_type="stats", action_names="set_eni_attrs"] counter(64, CounterType.packets) timed_flow_delete_req_failed; @SaiCounter[no_suffix="true", attr_type="stats", action_names="set_eni_attrs"] counter(64, CounterType.packets) timed_flow_delete_req_ignored; @SaiCounter[no_suffix="true", attr_type="stats", action_names="set_eni_attrs"] counter(64, CounterType.packets) timed_flow_delete_ack_recv; @SaiCounter[no_suffix="true", attr_type="stats", action_names="set_eni_attrs"] counter(64, CounterType.packets) timed_flow_delete_ack_failed; @SaiCounter[no_suffix="true", attr_type="stats", action_names="set_eni_attrs"] counter(64, CounterType.packets) timed_flow_delete_ack_ignored;
                                                                                                                                                                                                                                                                                                                                                                                                                                                                                                                                                                                                                                                                                                                                                                                                                                                      ^^^^^^^^^^^^^^^^^^^^^^^^^^^^^
bmv2/dash_counters.p4(95): [--Wwarn=unused] warning: inline_flow_delete_ack_ignored: unused instance
@SaiCounter[no_suffix="true", attr_type="stats", action_names="set_eni_attrs"] counter(64, CounterType.packets) inline_flow_delete_req_sent; @SaiCounter[no_suffix="true", attr_type="stats", action_names="set_eni_attrs"] counter(64, CounterType.packets) inline_flow_delete_req_recv; @SaiCounter[no_suffix="true", attr_type="stats", action_names="set_eni_attrs"] counter(64, CounterType.packets) inline_flow_delete_req_failed; @SaiCounter[no_suffix="true", attr_type="stats", action_names="set_eni_attrs"] counter(64, CounterType.packets) inline_flow_delete_req_ignored; @SaiCounter[no_suffix="true", attr_type="stats", action_names="set_eni_attrs"] counter(64, CounterType.packets) inline_flow_delete_ack_recv; @SaiCounter[no_suffix="true", attr_type="stats", action_names="set_eni_attrs"] counter(64, CounterType.packets) inline_flow_delete_ack_failed; @SaiCounter[no_suffix="true", attr_type="stats", action_names="set_eni_attrs"] counter(64, CounterType.packets) inline_flow_delete_ack_ignored; @SaiCounter[no_suffix="true", attr_type="stats", action_names="set_eni_attrs"] counter(64, CounterType.packets) timed_flow_delete_req_sent; @SaiCounter[no_suffix="true", attr_type="stats", action_names="set_eni_attrs"] counter(64, CounterType.packets) timed_flow_delete_req_recv; @SaiCounter[no_suffix="true", attr_type="stats", action_names="set_eni_attrs"] counter(64, CounterType.packets) timed_flow_delete_req_failed; @SaiCounter[no_suffix="true", attr_type="stats", action_names="set_eni_attrs"] counter(64, CounterType.packets) timed_flow_delete_req_ignored; @SaiCounter[no_suffix="true", attr_type="stats", action_names="set_eni_attrs"] counter(64, CounterType.packets) timed_flow_delete_ack_recv; @SaiCounter[no_suffix="true", attr_type="stats", action_names="set_eni_attrs"] counter(64, CounterType.packets) timed_flow_delete_ack_failed; @SaiCounter[no_suffix="true", attr_type="stats", action_names="set_eni_attrs"] counter(64, CounterType.packets) timed_flow_delete_ack_ignored;
                                                                                                                                                                                                                                                                                                                                                                                                                                                                                                                                                                                                                                                                                                                                                                                                                                                                                                                                                                                                     ^^^^^^^^^^^^^^^^^^^^^^^^^^^^^^
bmv2/dash_counters.p4(95): [--Wwarn=unused] warning: timed_flow_delete_req_sent: unused instance
@SaiCounter[no_suffix="true", attr_type="stats", action_names="set_eni_attrs"] counter(64, CounterType.packets) inline_flow_delete_req_sent; @SaiCounter[no_suffix="true", attr_type="stats", action_names="set_eni_attrs"] counter(64, CounterType.packets) inline_flow_delete_req_recv; @SaiCounter[no_suffix="true", attr_type="stats", action_names="set_eni_attrs"] counter(64, CounterType.packets) inline_flow_delete_req_failed; @SaiCounter[no_suffix="true", attr_type="stats", action_names="set_eni_attrs"] counter(64, CounterType.packets) inline_flow_delete_req_ignored; @SaiCounter[no_suffix="true", attr_type="stats", action_names="set_eni_attrs"] counter(64, CounterType.packets) inline_flow_delete_ack_recv; @SaiCounter[no_suffix="true", attr_type="stats", action_names="set_eni_attrs"] counter(64, CounterType.packets) inline_flow_delete_ack_failed; @SaiCounter[no_suffix="true", attr_type="stats", action_names="set_eni_attrs"] counter(64, CounterType.packets) inline_flow_delete_ack_ignored; @SaiCounter[no_suffix="true", attr_type="stats", action_names="set_eni_attrs"] counter(64, CounterType.packets) timed_flow_delete_req_sent; @SaiCounter[no_suffix="true", attr_type="stats", action_names="set_eni_attrs"] counter(64, CounterType.packets) timed_flow_delete_req_recv; @SaiCounter[no_suffix="true", attr_type="stats", action_names="set_eni_attrs"] counter(64, CounterType.packets) timed_flow_delete_req_failed; @SaiCounter[no_suffix="true", attr_type="stats", action_names="set_eni_attrs"] counter(64, CounterType.packets) timed_flow_delete_req_ignored; @SaiCounter[no_suffix="true", attr_type="stats", action_names="set_eni_attrs"] counter(64, CounterType.packets) timed_flow_delete_ack_recv; @SaiCounter[no_suffix="true", attr_type="stats", action_names="set_eni_attrs"] counter(64, CounterType.packets) timed_flow_delete_ack_failed; @SaiCounter[no_suffix="true", attr_type="stats", action_names="set_eni_attrs"] counter(64, CounterType.packets) timed_flow_delete_ack_ignored;
                                                                                                                                                                                                                                                                                                                                                                                                                                                                                                                                                                                                                                                                                                                                                                                                                                                                                                                                                                                                                                                                                                                                                     ^^^^^^^^^^^^^^^^^^^^^^^^^^
bmv2/dash_counters.p4(95): [--Wwarn=unused] warning: timed_flow_delete_req_recv: unused instance
@SaiCounter[no_suffix="true", attr_type="stats", action_names="set_eni_attrs"] counter(64, CounterType.packets) inline_flow_delete_req_sent; @SaiCounter[no_suffix="true", attr_type="stats", action_names="set_eni_attrs"] counter(64, CounterType.packets) inline_flow_delete_req_recv; @SaiCounter[no_suffix="true", attr_type="stats", action_names="set_eni_attrs"] counter(64, CounterType.packets) inline_flow_delete_req_failed; @SaiCounter[no_suffix="true", attr_type="stats", action_names="set_eni_attrs"] counter(64, CounterType.packets) inline_flow_delete_req_ignored; @SaiCounter[no_suffix="true", attr_type="stats", action_names="set_eni_attrs"] counter(64, CounterType.packets) inline_flow_delete_ack_recv; @SaiCounter[no_suffix="true", attr_type="stats", action_names="set_eni_attrs"] counter(64, CounterType.packets) inline_flow_delete_ack_failed; @SaiCounter[no_suffix="true", attr_type="stats", action_names="set_eni_attrs"] counter(64, CounterType.packets) inline_flow_delete_ack_ignored; @SaiCounter[no_suffix="true", attr_type="stats", action_names="set_eni_attrs"] counter(64, CounterType.packets) timed_flow_delete_req_sent; @SaiCounter[no_suffix="true", attr_type="stats", action_names="set_eni_attrs"] counter(64, CounterType.packets) timed_flow_delete_req_recv; @SaiCounter[no_suffix="true", attr_type="stats", action_names="set_eni_attrs"] counter(64, CounterType.packets) timed_flow_delete_req_failed; @SaiCounter[no_suffix="true", attr_type="stats", action_names="set_eni_attrs"] counter(64, CounterType.packets) timed_flow_delete_req_ignored; @SaiCounter[no_suffix="true", attr_type="stats", action_names="set_eni_attrs"] counter(64, CounterType.packets) timed_flow_delete_ack_recv; @SaiCounter[no_suffix="true", attr_type="stats", action_names="set_eni_attrs"] counter(64, CounterType.packets) timed_flow_delete_ack_failed; @SaiCounter[no_suffix="true", attr_type="stats", action_names="set_eni_attrs"] counter(64, CounterType.packets) timed_flow_delete_ack_ignored;
                                                                                                                                                                                                                                                                                                                                                                                                                                                                                                                                                                                                                                                                                                                                                                                                                                                                                                                                                                                                                                                                                                                                                                                                                                                                                                 ^^^^^^^^^^^^^^^^^^^^^^^^^^
bmv2/dash_counters.p4(95): [--Wwarn=unused] warning: timed_flow_delete_req_failed: unused instance
@SaiCounter[no_suffix="true", attr_type="stats", action_names="set_eni_attrs"] counter(64, CounterType.packets) inline_flow_delete_req_sent; @SaiCounter[no_suffix="true", attr_type="stats", action_names="set_eni_attrs"] counter(64, CounterType.packets) inline_flow_delete_req_recv; @SaiCounter[no_suffix="true", attr_type="stats", action_names="set_eni_attrs"] counter(64, CounterType.packets) inline_flow_delete_req_failed; @SaiCounter[no_suffix="true", attr_type="stats", action_names="set_eni_attrs"] counter(64, CounterType.packets) inline_flow_delete_req_ignored; @SaiCounter[no_suffix="true", attr_type="stats", action_names="set_eni_attrs"] counter(64, CounterType.packets) inline_flow_delete_ack_recv; @SaiCounter[no_suffix="true", attr_type="stats", action_names="set_eni_attrs"] counter(64, CounterType.packets) inline_flow_delete_ack_failed; @SaiCounter[no_suffix="true", attr_type="stats", action_names="set_eni_attrs"] counter(64, CounterType.packets) inline_flow_delete_ack_ignored; @SaiCounter[no_suffix="true", attr_type="stats", action_names="set_eni_attrs"] counter(64, CounterType.packets) timed_flow_delete_req_sent; @SaiCounter[no_suffix="true", attr_type="stats", action_names="set_eni_attrs"] counter(64, CounterType.packets) timed_flow_delete_req_recv; @SaiCounter[no_suffix="true", attr_type="stats", action_names="set_eni_attrs"] counter(64, CounterType.packets) timed_flow_delete_req_failed; @SaiCounter[no_suffix="true", attr_type="stats", action_names="set_eni_attrs"] counter(64, CounterType.packets) timed_flow_delete_req_ignored; @SaiCounter[no_suffix="true", attr_type="stats", action_names="set_eni_attrs"] counter(64, CounterType.packets) timed_flow_delete_ack_recv; @SaiCounter[no_suffix="true", attr_type="stats", action_names="set_eni_attrs"] counter(64, CounterType.packets) timed_flow_delete_ack_failed; @SaiCounter[no_suffix="true", attr_type="stats", action_names="set_eni_attrs"] counter(64, CounterType.packets) timed_flow_delete_ack_ignored;
                                                                                                                                                                                                                                                                                                                                                                                                                                                                                                                                                                                                                                                                                                                                                                                                                                                                                                                                                                                                                                                                                                                                                                                                                                                                                                                                                                                                                                             ^^^^^^^^^^^^^^^^^^^^^^^^^^^^
bmv2/dash_counters.p4(95): [--Wwarn=unused] warning: timed_flow_delete_req_ignored: unused instance
@SaiCounter[no_suffix="true", attr_type="stats", action_names="set_eni_attrs"] counter(64, CounterType.packets) inline_flow_delete_req_sent; @SaiCounter[no_suffix="true", attr_type="stats", action_names="set_eni_attrs"] counter(64, CounterType.packets) inline_flow_delete_req_recv; @SaiCounter[no_suffix="true", attr_type="stats", action_names="set_eni_attrs"] counter(64, CounterType.packets) inline_flow_delete_req_failed; @SaiCounter[no_suffix="true", attr_type="stats", action_names="set_eni_attrs"] counter(64, CounterType.packets) inline_flow_delete_req_ignored; @SaiCounter[no_suffix="true", attr_type="stats", action_names="set_eni_attrs"] counter(64, CounterType.packets) inline_flow_delete_ack_recv; @SaiCounter[no_suffix="true", attr_type="stats", action_names="set_eni_attrs"] counter(64, CounterType.packets) inline_flow_delete_ack_failed; @SaiCounter[no_suffix="true", attr_type="stats", action_names="set_eni_attrs"] counter(64, CounterType.packets) inline_flow_delete_ack_ignored; @SaiCounter[no_suffix="true", attr_type="stats", action_names="set_eni_attrs"] counter(64, CounterType.packets) timed_flow_delete_req_sent; @SaiCounter[no_suffix="true", attr_type="stats", action_names="set_eni_attrs"] counter(64, CounterType.packets) timed_flow_delete_req_recv; @SaiCounter[no_suffix="true", attr_type="stats", action_names="set_eni_attrs"] counter(64, CounterType.packets) timed_flow_delete_req_failed; @SaiCounter[no_suffix="true", attr_type="stats", action_names="set_eni_attrs"] counter(64, CounterType.packets) timed_flow_delete_req_ignored; @SaiCounter[no_suffix="true", attr_type="stats", action_names="set_eni_attrs"] counter(64, CounterType.packets) timed_flow_delete_ack_recv; @SaiCounter[no_suffix="true", attr_type="stats", action_names="set_eni_attrs"] counter(64, CounterType.packets) timed_flow_delete_ack_failed; @SaiCounter[no_suffix="true", attr_type="stats", action_names="set_eni_attrs"] counter(64, CounterType.packets) timed_flow_delete_ack_ignored;
                                                                                                                                                                                                                                                                                                                                                                                                                                                                                                                                                                                                                                                                                                                                                                                                                                                                                                                                                                                                                                                                                                                                                                                                                                                                                                                                                                                                                                                                                                                                                                                           ^^^^^^^^^^^^^^^^^^^^^^^^^^^^^
bmv2/dash_counters.p4(95): [--Wwarn=unused] warning: timed_flow_delete_ack_recv: unused instance
@SaiCounter[no_suffix="true", attr_type="stats", action_names="set_eni_attrs"] counter(64, CounterType.packets) inline_flow_delete_req_sent; @SaiCounter[no_suffix="true", attr_type="stats", action_names="set_eni_attrs"] counter(64, CounterType.packets) inline_flow_delete_req_recv; @SaiCounter[no_suffix="true", attr_type="stats", action_names="set_eni_attrs"] counter(64, CounterType.packets) inline_flow_delete_req_failed; @SaiCounter[no_suffix="true", attr_type="stats", action_names="set_eni_attrs"] counter(64, CounterType.packets) inline_flow_delete_req_ignored; @SaiCounter[no_suffix="true", attr_type="stats", action_names="set_eni_attrs"] counter(64, CounterType.packets) inline_flow_delete_ack_recv; @SaiCounter[no_suffix="true", attr_type="stats", action_names="set_eni_attrs"] counter(64, CounterType.packets) inline_flow_delete_ack_failed; @SaiCounter[no_suffix="true", attr_type="stats", action_names="set_eni_attrs"] counter(64, CounterType.packets) inline_flow_delete_ack_ignored; @SaiCounter[no_suffix="true", attr_type="stats", action_names="set_eni_attrs"] counter(64, CounterType.packets) timed_flow_delete_req_sent; @SaiCounter[no_suffix="true", attr_type="stats", action_names="set_eni_attrs"] counter(64, CounterType.packets) timed_flow_delete_req_recv; @SaiCounter[no_suffix="true", attr_type="stats", action_names="set_eni_attrs"] counter(64, CounterType.packets) timed_flow_delete_req_failed; @SaiCounter[no_suffix="true", attr_type="stats", action_names="set_eni_attrs"] counter(64, CounterType.packets) timed_flow_delete_req_ignored; @SaiCounter[no_suffix="true", attr_type="stats", action_names="set_eni_attrs"] counter(64, CounterType.packets) timed_flow_delete_ack_recv; @SaiCounter[no_suffix="true", attr_type="stats", action_names="set_eni_attrs"] counter(64, CounterType.packets) timed_flow_delete_ack_failed; @SaiCounter[no_suffix="true", attr_type="stats", action_names="set_eni_attrs"] counter(64, CounterType.packets) timed_flow_delete_ack_ignored;
                                                                                                                                                                                                                                                                                                                                                                                                                                                                                                                                                                                                                                                                                                                                                                                                                                                                                                                                                                                                                                                                                                                                                                                                                                                                                                                                                                                                                                                                                                                                                                                                                                                                                                                                          ^^^^^^^^^^^^^^^^^^^^^^^^^^
bmv2/dash_counters.p4(95): [--Wwarn=unused] warning: timed_flow_delete_ack_failed: unused instance
@SaiCounter[no_suffix="true", attr_type="stats", action_names="set_eni_attrs"] counter(64, CounterType.packets) inline_flow_delete_req_sent; @SaiCounter[no_suffix="true", attr_type="stats", action_names="set_eni_attrs"] counter(64, CounterType.packets) inline_flow_delete_req_recv; @SaiCounter[no_suffix="true", attr_type="stats", action_names="set_eni_attrs"] counter(64, CounterType.packets) inline_flow_delete_req_failed; @SaiCounter[no_suffix="true", attr_type="stats", action_names="set_eni_attrs"] counter(64, CounterType.packets) inline_flow_delete_req_ignored; @SaiCounter[no_suffix="true", attr_type="stats", action_names="set_eni_attrs"] counter(64, CounterType.packets) inline_flow_delete_ack_recv; @SaiCounter[no_suffix="true", attr_type="stats", action_names="set_eni_attrs"] counter(64, CounterType.packets) inline_flow_delete_ack_failed; @SaiCounter[no_suffix="true", attr_type="stats", action_names="set_eni_attrs"] counter(64, CounterType.packets) inline_flow_delete_ack_ignored; @SaiCounter[no_suffix="true", attr_type="stats", action_names="set_eni_attrs"] counter(64, CounterType.packets) timed_flow_delete_req_sent; @SaiCounter[no_suffix="true", attr_type="stats", action_names="set_eni_attrs"] counter(64, CounterType.packets) timed_flow_delete_req_recv; @SaiCounter[no_suffix="true", attr_type="stats", action_names="set_eni_attrs"] counter(64, CounterType.packets) timed_flow_delete_req_failed; @SaiCounter[no_suffix="true", attr_type="stats", action_names="set_eni_attrs"] counter(64, CounterType.packets) timed_flow_delete_req_ignored; @SaiCounter[no_suffix="true", attr_type="stats", action_names="set_eni_attrs"] counter(64, CounterType.packets) timed_flow_delete_ack_recv; @SaiCounter[no_suffix="true", attr_type="stats", action_names="set_eni_attrs"] counter(64, CounterType.packets) timed_flow_delete_ack_failed; @SaiCounter[no_suffix="true", attr_type="stats", action_names="set_eni_attrs"] counter(64, CounterType.packets) timed_flow_delete_ack_ignored;
                                                                                                                                                                                                                                                                                                                                                                                                                                                                                                                                                                                                                                                                                                                                                                                                                                                                                                                                                                                                                                                                                                                                                                                                                                                                                                                                                                                                                                                                                                                                                                                                                                                                                                                                                                                                                                                                                      ^^^^^^^^^^^^^^^^^^^^^^^^^^^^
bmv2/dash_counters.p4(95): [--Wwarn=unused] warning: timed_flow_delete_ack_ignored: unused instance
@SaiCounter[no_suffix="true", attr_type="stats", action_names="set_eni_attrs"] counter(64, CounterType.packets) inline_flow_delete_req_sent; @SaiCounter[no_suffix="true", attr_type="stats", action_names="set_eni_attrs"] counter(64, CounterType.packets) inline_flow_delete_req_recv; @SaiCounter[no_suffix="true", attr_type="stats", action_names="set_eni_attrs"] counter(64, CounterType.packets) inline_flow_delete_req_failed; @SaiCounter[no_suffix="true", attr_type="stats", action_names="set_eni_attrs"] counter(64, CounterType.packets) inline_flow_delete_req_ignored; @SaiCounter[no_suffix="true", attr_type="stats", action_names="set_eni_attrs"] counter(64, CounterType.packets) inline_flow_delete_ack_recv; @SaiCounter[no_suffix="true", attr_type="stats", action_names="set_eni_attrs"] counter(64, CounterType.packets) inline_flow_delete_ack_failed; @SaiCounter[no_suffix="true", attr_type="stats", action_names="set_eni_attrs"] counter(64, CounterType.packets) inline_flow_delete_ack_ignored; @SaiCounter[no_suffix="true", attr_type="stats", action_names="set_eni_attrs"] counter(64, CounterType.packets) timed_flow_delete_req_sent; @SaiCounter[no_suffix="true", attr_type="stats", action_names="set_eni_attrs"] counter(64, CounterType.packets) timed_flow_delete_req_recv; @SaiCounter[no_suffix="true", attr_type="stats", action_names="set_eni_attrs"] counter(64, CounterType.packets) timed_flow_delete_req_failed; @SaiCounter[no_suffix="true", attr_type="stats", action_names="set_eni_attrs"] counter(64, CounterType.packets) timed_flow_delete_req_ignored; @SaiCounter[no_suffix="true", attr_type="stats", action_names="set_eni_attrs"] counter(64, CounterType.packets) timed_flow_delete_ack_recv; @SaiCounter[no_suffix="true", attr_type="stats", action_names="set_eni_attrs"] counter(64, CounterType.packets) timed_flow_delete_ack_failed; @SaiCounter[no_suffix="true", attr_type="stats", action_names="set_eni_attrs"] counter(64, CounterType.packets) timed_flow_delete_ack_ignored;
                                                                                                                                                                                                                                                                                                                                                                                                                                                                                                                                                                                                                                                                                                                                                                                                                                                                                                                                                                                                                                                                                                                                                                                                                                                                                                                                                                                                                                                                                                                                                                                                                                                                                                                                                                                                                                                                                                                                                                                                                                    ^^^^^^^^^^^^^^^^^^^^^^^^^^^^^
bmv2/stages/../routing_actions/routing_action_encap_underlay.p4(5): [--Wwarn=unused] warning: 'hdr' is unused
    in headers_t hdr,
                 ^^^
bmv2/stages/../routing_actions/routing_action_encap_underlay.p4(26): [--Wwarn=unused] warning: 'hdr' is unused
    in headers_t hdr,
                 ^^^
bmv2/stages/../routing_actions/routing_action_set_mac.p4(13): [--Wwarn=unused] warning: 'hdr' is unused
    in headers_t hdr,
                 ^^^
bmv2/stages/../routing_actions/routing_action_nat46.p4(5): [--Wwarn=unused] warning: 'hdr' is unused
    in headers_t hdr,
                 ^^^
bmv2/stages/../routing_actions/routing_action_nat_port.p4(14): [--Wwarn=unused] warning: 'hdr' is unused
    in headers_t hdr,
                 ^^^
bmv2/stages/../dash_routing_types.p4(26): [--Wwarn=unused] warning: 'hdr' is unused
    inout headers_t hdr,
                    ^^^
bmv2/stages/../dash_routing_types.p4(32): [--Wwarn=unused] warning: 'routing_actions_disabled_in_flow_resimulation' is unused
    dash_routing_actions_t routing_actions_disabled_in_flow_resimulation)
                           ^^^^^^^^^^^^^^^^^^^^^^^^^^^^^^^^^^^^^^^^^^^^^
bmv2/stages/../dash_routing_types.p4(45): [--Wwarn=unused] warning: 'hdr' is unused
    inout headers_t hdr,
                    ^^^
bmv2/stages/../dash_routing_types.p4(54): [--Wwarn=unused] warning: 'routing_actions_disabled_in_flow_resimulation' is unused
    dash_routing_actions_t routing_actions_disabled_in_flow_resimulation)
                           ^^^^^^^^^^^^^^^^^^^^^^^^^^^^^^^^^^^^^^^^^^^^^
bmv2/stages/../dash_routing_types.p4(69): [--Wwarn=unused] warning: 'hdr' is unused
    inout headers_t hdr,
                    ^^^
bmv2/stages/../dash_routing_types.p4(74): [--Wwarn=unused] warning: 'routing_actions_disabled_in_flow_resimulation' is unused
    dash_routing_actions_t routing_actions_disabled_in_flow_resimulation)
                           ^^^^^^^^^^^^^^^^^^^^^^^^^^^^^^^^^^^^^^^^^^^^^
bmv2/stages/../dash_routing_types.p4(87): [--Wwarn=unused] warning: 'overlay_dip_is_v6' is unused
    bit<1> overlay_dip_is_v6,
           ^^^^^^^^^^^^^^^^^
bmv2/stages/../dash_routing_types.p4(89): [--Wwarn=unused] warning: 'overlay_dip_mask_is_v6' is unused
    bit<1> overlay_dip_mask_is_v6,
           ^^^^^^^^^^^^^^^^^^^^^^
bmv2/stages/../dash_routing_types.p4(91): [--Wwarn=unused] warning: 'overlay_sip_is_v6' is unused
    bit<1> overlay_sip_is_v6,
           ^^^^^^^^^^^^^^^^^
bmv2/stages/../dash_routing_types.p4(93): [--Wwarn=unused] warning: 'overlay_sip_mask_is_v6' is unused
    bit<1> overlay_sip_mask_is_v6,
           ^^^^^^^^^^^^^^^^^^^^^^
bmv2/stages/../dash_routing_types.p4(95): [--Wwarn=unused] warning: 'underlay_dip_is_v6' is unused
    bit<1> underlay_dip_is_v6,
           ^^^^^^^^^^^^^^^^^^
bmv2/stages/../dash_routing_types.p4(97): [--Wwarn=unused] warning: 'underlay_sip_is_v6' is unused
    bit<1> underlay_sip_is_v6,
           ^^^^^^^^^^^^^^^^^^
bmv2/stages/../dash_routing_types.p4(105): [--Wwarn=unused] warning: 'routing_actions_disabled_in_flow_resimulation' is unused
    dash_routing_actions_t routing_actions_disabled_in_flow_resimulation)
                           ^^^^^^^^^^^^^^^^^^^^^^^^^^^^^^^^^^^^^^^^^^^^^
bmv2/stages/../dash_routing_types.p4(150): [--Wwarn=unused] warning: 'flow_resimulation_requested' is unused
    bit<1> flow_resimulation_requested,
           ^^^^^^^^^^^^^^^^^^^^^^^^^^^
bmv2/stages/../dash_routing_types.p4(151): [--Wwarn=unused] warning: 'routing_actions_disabled_in_flow_resimulation' is unused
    dash_routing_actions_t routing_actions_disabled_in_flow_resimulation)
                           ^^^^^^^^^^^^^^^^^^^^^^^^^^^^^^^^^^^^^^^^^^^^^
bmv2/stages/../dash_routing_types.p4(183): [--Wwarn=unused] warning: 'flow_resimulation_requested' is unused
    bit<1> flow_resimulation_requested,
           ^^^^^^^^^^^^^^^^^^^^^^^^^^^
bmv2/stages/../dash_routing_types.p4(184): [--Wwarn=unused] warning: 'routing_actions_disabled_in_flow_resimulation' is unused
    dash_routing_actions_t routing_actions_disabled_in_flow_resimulation,
                           ^^^^^^^^^^^^^^^^^^^^^^^^^^^^^^^^^^^^^^^^^^^^^
bmv2/stages/inbound_routing.p4(29): [--Wwarn=unused] warning: 'hdr' is unused
    action tunnel_decap(inout headers_t hdr,
                                        ^^^
bmv2/stages/inbound_routing.p4(36): [--Wwarn=unused] warning: 'hdr' is unused
    action tunnel_decap_pa_validate(inout headers_t hdr,
                                                    ^^^
bmv2/stages/conntrack_lookup.p4(232): [--Wwarn=unused] warning: 'reverse_flow_eni_mac' is unused
        EthernetAddress reverse_flow_eni_mac,
                        ^^^^^^^^^^^^^^^^^^^^
bmv2/stages/conntrack_lookup.p4(233): [--Wwarn=unused] warning: 'reverse_flow_vnet_id' is unused
        bit<16> reverse_flow_vnet_id,
                ^^^^^^^^^^^^^^^^^^^^
bmv2/stages/conntrack_lookup.p4(234): [--Wwarn=unused] warning: 'reverse_flow_ip_proto' is unused
        bit<8> reverse_flow_ip_proto,
               ^^^^^^^^^^^^^^^^^^^^^
bmv2/stages/conntrack_lookup.p4(235): [--Wwarn=unused] warning: 'reverse_flow_src_ip' is unused
        IPv4ORv6Address reverse_flow_src_ip,
                        ^^^^^^^^^^^^^^^^^^^
bmv2/stages/conntrack_lookup.p4(236): [--Wwarn=unused] warning: 'reverse_flow_dst_ip' is unused
        IPv4ORv6Address reverse_flow_dst_ip,
                        ^^^^^^^^^^^^^^^^^^^
bmv2/stages/conntrack_lookup.p4(237): [--Wwarn=unused] warning: 'reverse_flow_src_port' is unused
        bit<16> reverse_flow_src_port,
                ^^^^^^^^^^^^^^^^^^^^^
bmv2/stages/conntrack_lookup.p4(238): [--Wwarn=unused] warning: 'reverse_flow_dst_port' is unused
        bit<16> reverse_flow_dst_port,
                ^^^^^^^^^^^^^^^^^^^^^
bmv2/stages/conntrack_lookup.p4(239): [--Wwarn=unused] warning: 'reverse_flow_dst_ip_is_v6' is unused
        bit<1> reverse_flow_dst_ip_is_v6,
               ^^^^^^^^^^^^^^^^^^^^^^^^^
bmv2/stages/conntrack_lookup.p4(265): [--Wwarn=unused] warning: 'vendor_metadata' is unused
        @SaiVal[type="sai_u8_list_t"] bit<16> vendor_metadata,
                                              ^^^^^^^^^^^^^^^
bmv2/stages/conntrack_lookup.p4(266): [--Wwarn=unused] warning: 'flow_data_pb' is unused
        @SaiVal[type="sai_u8_list_t"] bit<16> flow_data_pb)
                                              ^^^^^^^^^^^^
bmv2/stages/conntrack_lookup.p4(337): [--Wwarn=unused] warning: 'dash_flow_entry_bulk_get_session_filter_key' is unused
        @SaiVal[type="sai_dash_flow_entry_bulk_get_session_filter_key_t"] dash_flow_entry_bulk_get_session_filter_key_t dash_flow_entry_bulk_get_session_filter_key,
                                                                                                                        ^^^^^^^^^^^^^^^^^^^^^^^^^^^^^^^^^^^^^^^^^^^
bmv2/stages/conntrack_lookup.p4(338): [--Wwarn=unused] warning: 'dash_flow_entry_bulk_get_session_op_key' is unused
        @SaiVal[type="sai_dash_flow_entry_bulk_get_session_op_key_t"] dash_flow_entry_bulk_get_session_op_key_t dash_flow_entry_bulk_get_session_op_key,
                                                                                                                ^^^^^^^^^^^^^^^^^^^^^^^^^^^^^^^^^^^^^^^
bmv2/stages/conntrack_lookup.p4(339): [--Wwarn=unused] warning: 'int_value' is unused
        bit<64> int_value,
                ^^^^^^^^^
bmv2/stages/conntrack_lookup.p4(340): [--Wwarn=unused] warning: 'ip_value' is unused
        IPv4ORv6Address ip_value,
                        ^^^^^^^^
bmv2/stages/conntrack_lookup.p4(341): [--Wwarn=unused] warning: 'mac_value' is unused
        bit<48> mac_value)
                ^^^^^^^^^
bmv2/stages/conntrack_lookup.p4(351): [--Wwarn=unused] warning: 'dash_flow_entry_bulk_get_session_mode' is unused
        @SaiVal[type="sai_dash_flow_entry_bulk_get_session_mode_t"] dash_flow_entry_bulk_get_session_mode_t dash_flow_entry_bulk_get_session_mode,
                                                                                                            ^^^^^^^^^^^^^^^^^^^^^^^^^^^^^^^^^^^^^
bmv2/stages/conntrack_lookup.p4(352): [--Wwarn=unused] warning: 'bulk_get_entry_limitation' is unused
        bit<32> bulk_get_entry_limitation,
                ^^^^^^^^^^^^^^^^^^^^^^^^^
bmv2/stages/conntrack_lookup.p4(355): [--Wwarn=unused] warning: 'bulk_get_session_server_ip' is unused
        IPv4ORv6Address bulk_get_session_server_ip,
                        ^^^^^^^^^^^^^^^^^^^^^^^^^^
bmv2/stages/conntrack_lookup.p4(356): [--Wwarn=unused] warning: 'bulk_get_session_server_port' is unused
        bit<16> bulk_get_session_server_port,
                ^^^^^^^^^^^^^^^^^^^^^^^^^^^^
bmv2/stages/conntrack_lookup.p4(359): [--Wwarn=unused] warning: 'first_flow_entry_bulk_get_session_filter_id' is unused
        @SaiVal[type="sai_object_id_t"] bit<16> first_flow_entry_bulk_get_session_filter_id,
                                                ^^^^^^^^^^^^^^^^^^^^^^^^^^^^^^^^^^^^^^^^^^^
bmv2/stages/conntrack_lookup.p4(360): [--Wwarn=unused] warning: 'second_flow_entry_bulk_get_session_filter_id' is unused
        @SaiVal[type="sai_object_id_t"] bit<16> second_flow_entry_bulk_get_session_filter_id,
                                                ^^^^^^^^^^^^^^^^^^^^^^^^^^^^^^^^^^^^^^^^^^^^
bmv2/stages/conntrack_lookup.p4(361): [--Wwarn=unused] warning: 'third_flow_entry_bulk_get_session_filter_id' is unused
        @SaiVal[type="sai_object_id_t"] bit<16> third_flow_entry_bulk_get_session_filter_id,
                                                ^^^^^^^^^^^^^^^^^^^^^^^^^^^^^^^^^^^^^^^^^^^
bmv2/stages/conntrack_lookup.p4(362): [--Wwarn=unused] warning: 'fourth_flow_entry_bulk_get_session_filter_id' is unused
        @SaiVal[type="sai_object_id_t"] bit<16> fourth_flow_entry_bulk_get_session_filter_id,
                                                ^^^^^^^^^^^^^^^^^^^^^^^^^^^^^^^^^^^^^^^^^^^^
bmv2/stages/conntrack_lookup.p4(363): [--Wwarn=unused] warning: 'fifth_flow_entry_bulk_get_session_filter_id' is unused
        @SaiVal[type="sai_object_id_t"] bit<16> fifth_flow_entry_bulk_get_session_filter_id)
                                                ^^^^^^^^^^^^^^^^^^^^^^^^^^^^^^^^^^^^^^^^^^^
bmv2/stages/ha.p4(13): [--Wwarn=unused] warning: 'flow_version' is unused
        @SaiVal[isreadonly="true"] bit<32> flow_version,
                                           ^^^^^^^^^^^^
bmv2/stages/ha.p4(14): [--Wwarn=unused] warning: 'flow_reconcile_requested' is unused
        bit<1> flow_reconcile_requested,
               ^^^^^^^^^^^^^^^^^^^^^^^^
bmv2/stages/ha.p4(15): [--Wwarn=unused] warning: 'flow_reconcile_needed' is unused
        @SaiVal[isreadonly="true"] bit<1> flow_reconcile_needed,
                                          ^^^^^^^^^^^^^^^^^^^^^
bmv2/stages/ha.p4(16): [--Wwarn=unused] warning: 'vip_v4' is unused
        @SaiVal[type="sai_ip_address_t"] IPv4Address vip_v4,
                                                     ^^^^^^
bmv2/stages/ha.p4(17): [--Wwarn=unused] warning: 'vip_v6' is unused
        IPv6Address vip_v6,
                    ^^^^^^
bmv2/stages/ha.p4(18): [--Wwarn=unused] warning: 'admin_state' is unused
        bit<1> admin_state,
               ^^^^^^^^^^^
bmv2/stages/ha.p4(19): [--Wwarn=unused] warning: 'activate_role' is unused
        bit<1> activate_role,
               ^^^^^^^^^^^^^
bmv2/stages/ha.p4(20): [--Wwarn=unused] warning: 'dash_ha_state' is unused
        @SaiVal[isreadonly="true", type="sai_dash_ha_state_t"] dash_ha_state_t dash_ha_state
                                                                               ^^^^^^^^^^^^^
bmv2/stages/ha.p4(41): [--Wwarn=unused] warning: dp_probe_req_rx: unused instance
    @SaiCounter[name="dp_probe_req_rx", attr_type="stats", action_names="set_ha_set_attr"] counter(1, CounterType.packets_and_bytes) dp_probe_req_rx;
                                                                                                                                     ^^^^^^^^^^^^^^^
bmv2/stages/ha.p4(42): [--Wwarn=unused] warning: dp_probe_req_tx: unused instance
    @SaiCounter[name="dp_probe_req_tx", attr_type="stats", action_names="set_ha_set_attr"] counter(1, CounterType.packets_and_bytes) dp_probe_req_tx;
                                                                                                                                     ^^^^^^^^^^^^^^^
bmv2/stages/ha.p4(43): [--Wwarn=unused] warning: dp_probe_ack_rx: unused instance
    @SaiCounter[name="dp_probe_ack_rx", attr_type="stats", action_names="set_ha_set_attr"] counter(1, CounterType.packets_and_bytes) dp_probe_ack_rx;
                                                                                                                                     ^^^^^^^^^^^^^^^
bmv2/stages/ha.p4(44): [--Wwarn=unused] warning: dp_probe_ack_tx: unused instance
    @SaiCounter[name="dp_probe_ack_tx", attr_type="stats", action_names="set_ha_set_attr"] counter(1, CounterType.packets_and_bytes) dp_probe_ack_tx;
                                                                                                                                     ^^^^^^^^^^^^^^^
bmv2/stages/ha.p4(45): [--Wwarn=unused] warning: dp_probe_failed: unused instance
    @SaiCounter[no_suffix="true", name="dp_probe_failed", attr_type="stats", action_names="set_ha_set_attr"] counter(1, CounterType.packets) dp_probe_failed;
                                                                                                                                             ^^^^^^^^^^^^^^^
bmv2/stages/ha.p4(48): [--Wwarn=unused] warning: cp_data_channel_connect_attempted: unused instance
    @SaiCounter[no_suffix="true", name="cp_data_channel_connect_attempted", attr_type="stats", action_names="set_ha_set_attr"] counter(1, CounterType.packets) cp_data_channel_connect_attempted;
                                                                                                                                                               ^^^^^^^^^^^^^^^^^^^^^^^^^^^^^^^^^
bmv2/stages/ha.p4(49): [--Wwarn=unused] warning: cp_data_channel_connect_received: unused instance
    @SaiCounter[no_suffix="true", name="cp_data_channel_connect_received", attr_type="stats", action_names="set_ha_set_attr"] counter(1, CounterType.packets) cp_data_channel_connect_received;
                                                                                                                                                              ^^^^^^^^^^^^^^^^^^^^^^^^^^^^^^^^
bmv2/stages/ha.p4(50): [--Wwarn=unused] warning: cp_data_channel_connect_succeeded: unused instance
    @SaiCounter[no_suffix="true", name="cp_data_channel_connect_succeeded", attr_type="stats", action_names="set_ha_set_attr"] counter(1, CounterType.packets) cp_data_channel_connect_succeeded;
                                                                                                                                                               ^^^^^^^^^^^^^^^^^^^^^^^^^^^^^^^^^
bmv2/stages/ha.p4(51): [--Wwarn=unused] warning: cp_data_channel_connect_failed: unused instance
    @SaiCounter[no_suffix="true", name="cp_data_channel_connect_failed", attr_type="stats", action_names="set_ha_set_attr"] counter(1, CounterType.packets) cp_data_channel_connect_failed;
                                                                                                                                                            ^^^^^^^^^^^^^^^^^^^^^^^^^^^^^^
bmv2/stages/ha.p4(52): [--Wwarn=unused] warning: cp_data_channel_connect_rejected: unused instance
    @SaiCounter[no_suffix="true", name="cp_data_channel_connect_rejected", attr_type="stats", action_names="set_ha_set_attr"] counter(1, CounterType.packets) cp_data_channel_connect_rejected;
                                                                                                                                                              ^^^^^^^^^^^^^^^^^^^^^^^^^^^^^^^^
bmv2/stages/ha.p4(53): [--Wwarn=unused] warning: cp_data_channel_timeout_count: unused instance
    @SaiCounter[no_suffix="true", name="cp_data_channel_timeout_count", attr_type="stats", action_names="set_ha_set_attr"] counter(1, CounterType.packets) cp_data_channel_timeout_count;
                                                                                                                                                           ^^^^^^^^^^^^^^^^^^^^^^^^^^^^^
bmv2/stages/ha.p4(56): [--Wwarn=unused] warning: bulk_sync_message_received: unused instance
    @SaiCounter[no_suffix="true", name="bulk_sync_message_received", attr_type="stats", action_names="set_ha_set_attr"] counter(1, CounterType.packets) bulk_sync_message_received;
                                                                                                                                                        ^^^^^^^^^^^^^^^^^^^^^^^^^^
bmv2/stages/ha.p4(57): [--Wwarn=unused] warning: bulk_sync_message_sent: unused instance
    @SaiCounter[no_suffix="true", name="bulk_sync_message_sent", attr_type="stats", action_names="set_ha_set_attr"] counter(1, CounterType.packets) bulk_sync_message_sent;
                                                                                                                                                    ^^^^^^^^^^^^^^^^^^^^^^
bmv2/stages/ha.p4(58): [--Wwarn=unused] warning: bulk_sync_message_send_failed: unused instance
    @SaiCounter[no_suffix="true", name="bulk_sync_message_send_failed", attr_type="stats", action_names="set_ha_set_attr"] counter(1, CounterType.packets) bulk_sync_message_send_failed;
                                                                                                                                                           ^^^^^^^^^^^^^^^^^^^^^^^^^^^^^
bmv2/stages/ha.p4(59): [--Wwarn=unused] warning: bulk_sync_flow_received: unused instance
    @SaiCounter[no_suffix="true", name="bulk_sync_flow_received", attr_type="stats", action_names="set_ha_set_attr"] counter(1, CounterType.packets) bulk_sync_flow_received;
                                                                                                                                                     ^^^^^^^^^^^^^^^^^^^^^^^
bmv2/stages/ha.p4(60): [--Wwarn=unused] warning: bulk_sync_flow_sent: unused instance
    @SaiCounter[no_suffix="true", name="bulk_sync_flow_sent", attr_type="stats", action_names="set_ha_set_attr"] counter(1, CounterType.packets) bulk_sync_flow_sent;
                                                                                                                                                 ^^^^^^^^^^^^^^^^^^^
bmv2/stages/ha.p4(63): [--Wwarn=unused] warning: 'local_ip_is_v6' is unused
        bit<1> local_ip_is_v6,
               ^^^^^^^^^^^^^^
bmv2/stages/ha.p4(64): [--Wwarn=unused] warning: 'local_ip' is unused
        @SaiVal[type="sai_ip_address_t"] IPv4ORv6Address local_ip,
                                                         ^^^^^^^^
bmv2/stages/ha.p4(67): [--Wwarn=unused] warning: 'cp_data_channel_port' is unused
        bit<16> cp_data_channel_port,
                ^^^^^^^^^^^^^^^^^^^^
bmv2/stages/ha.p4(71): [--Wwarn=unused] warning: 'dp_channel_probe_interval_ms' is unused
        bit<32> dp_channel_probe_interval_ms,
                ^^^^^^^^^^^^^^^^^^^^^^^^^^^^
bmv2/stages/ha.p4(72): [--Wwarn=unused] warning: 'dp_channel_probe_fail_threshold' is unused
        bit<32> dp_channel_probe_fail_threshold,
                ^^^^^^^^^^^^^^^^^^^^^^^^^^^^^^^
bmv2/stages/ha.p4(73): [--Wwarn=unused] warning: 'dp_channel_is_alive' is unused
        @SaiVal[isreadonly="true"] bit<1> dp_channel_is_alive,
                                          ^^^^^^^^^^^^^^^^^^^
bmv2/stages/ha.p4(74): [--Wwarn=unused] warning: 'dpu_driven_ha_switchover_wait_time_ms' is unused
        bit<32> dpu_driven_ha_switchover_wait_time_ms
                ^^^^^^^^^^^^^^^^^^^^^^^^^^^^^^^^^^^^^
bmv2/dash_pipeline.p4(61): [--Wwarn=unused] warning: 'full_flow_resimulation_requested' is unused
                         bit<1> full_flow_resimulation_requested,
                                ^^^^^^^^^^^^^^^^^^^^^^^^^^^^^^^^
bmv2/dash_pipeline.p4(62): [--Wwarn=unused] warning: 'max_resimulated_flow_per_second' is unused
                         bit<64> max_resimulated_flow_per_second,
                                 ^^^^^^^^^^^^^^^^^^^^^^^^^^^^^^^
bmv2/dash_pipeline.p4(66): [--Wwarn=unused] warning: 'is_ha_flow_owner' is unused
                         bit<1> is_ha_flow_owner,
                                ^^^^^^^^^^^^^^^^
bmv2/stages/tunnel_stage.p4(32): [--Wwarn=invalid_header] warning: accessing a field of an invalid header tunnel_data
        tunnel_data.dash_encapsulation = dash_encapsulation;
        ^^^^^^^^^^^
bmv2/stages/tunnel_stage.p4(33): [--Wwarn=invalid_header] warning: accessing a field of an invalid header tunnel_data
        tunnel_data.vni = tunnel_key;
        ^^^^^^^^^^^
bmv2/stages/tunnel_stage.p4(34): [--Wwarn=invalid_header] warning: accessing a field of an invalid header tunnel_data
        tunnel_data.underlay_sip = sip == 0 ? hdr.u0_ipv4.src_addr : sip;
        ^^^^^^^^^^^
bmv2/stages/tunnel_stage.p4(35): [--Wwarn=invalid_header] warning: accessing a field of an invalid header tunnel_data
        tunnel_data.underlay_dip = dip;
        ^^^^^^^^^^^
bmv2/stages/tunnel_stage.p4(95): [--Wwarn=invalid_header] warning: accessing a field of an invalid header tunnel_data
        tunnel_data.underlay_dip = dip;
        ^^^^^^^^^^^
bmv2/stages/tunnel_stage.p4(139): [--Wwarn=invalid_header] warning: accessing a field of an invalid header tunnel_data
                                 encap = tunnel_data.dash_encapsulation,
                                         ^^^^^^^^^^^
bmv2/stages/tunnel_stage.p4(139): [--Wwarn=uninitialized_use] warning: tunnel_data.dash_encapsulation may not be completely initialized
                                 encap = tunnel_data.dash_encapsulation,
                                         ^^^^^^^^^^^^^^^^^^^^^^^^^^^^^^
bmv2/stages/tunnel_stage.p4(140): [--Wwarn=invalid_header] warning: accessing a field of an invalid header tunnel_data
                                 vni = tunnel_data.vni,
                                       ^^^^^^^^^^^
bmv2/stages/tunnel_stage.p4(140): [--Wwarn=uninitialized_use] warning: tunnel_data.vni may be uninitialized
                                 vni = tunnel_data.vni,
                                       ^^^^^^^^^^^^^^^
bmv2/stages/tunnel_stage.p4(141): [--Wwarn=invalid_header] warning: accessing a field of an invalid header tunnel_data
                                 underlay_sip = tunnel_data.underlay_sip,
                                                ^^^^^^^^^^^
bmv2/stages/tunnel_stage.p4(141): [--Wwarn=uninitialized_use] warning: tunnel_data.underlay_sip may be uninitialized
                                 underlay_sip = tunnel_data.underlay_sip,
                                                ^^^^^^^^^^^^^^^^^^^^^^^^
bmv2/stages/tunnel_stage.p4(142): [--Wwarn=invalid_header] warning: accessing a field of an invalid header tunnel_data
                                 underlay_dip = tunnel_data.underlay_dip);
                                                ^^^^^^^^^^^
bmv2/stages/tunnel_stage.p4(142): [--Wwarn=uninitialized_use] warning: tunnel_data.underlay_dip may be uninitialized
                                 underlay_dip = tunnel_data.underlay_dip);
                                                ^^^^^^^^^^^^^^^^^^^^^^^^
bmv2/stages/tunnel_stage.p4(148): [--Wwarn=invalid_header] warning: accessing a field of an invalid header tunnel_data
                                 encap = tunnel_data.dash_encapsulation,
                                         ^^^^^^^^^^^
bmv2/stages/tunnel_stage.p4(148): [--Wwarn=uninitialized_use] warning: tunnel_data.dash_encapsulation may not be completely initialized
                                 encap = tunnel_data.dash_encapsulation,
                                         ^^^^^^^^^^^^^^^^^^^^^^^^^^^^^^
bmv2/stages/tunnel_stage.p4(149): [--Wwarn=invalid_header] warning: accessing a field of an invalid header tunnel_data
                                 vni = tunnel_data.vni,
                                       ^^^^^^^^^^^
bmv2/stages/tunnel_stage.p4(149): [--Wwarn=uninitialized_use] warning: tunnel_data.vni may be uninitialized
                                 vni = tunnel_data.vni,
                                       ^^^^^^^^^^^^^^^
bmv2/stages/tunnel_stage.p4(150): [--Wwarn=invalid_header] warning: accessing a field of an invalid header tunnel_data
                                 underlay_sip = tunnel_data.underlay_sip,
                                                ^^^^^^^^^^^
bmv2/stages/tunnel_stage.p4(150): [--Wwarn=uninitialized_use] warning: tunnel_data.underlay_sip may be uninitialized
                                 underlay_sip = tunnel_data.underlay_sip,
                                                ^^^^^^^^^^^^^^^^^^^^^^^^
bmv2/stages/tunnel_stage.p4(151): [--Wwarn=invalid_header] warning: accessing a field of an invalid header tunnel_data
                                 underlay_dip = tunnel_data.underlay_dip);
                                                ^^^^^^^^^^^
bmv2/stages/tunnel_stage.p4(151): [--Wwarn=uninitialized_use] warning: tunnel_data.underlay_dip may be uninitialized
                                 underlay_dip = tunnel_data.underlay_dip);
                                                ^^^^^^^^^^^^^^^^^^^^^^^^
bmv2/stages/conntrack_lookup.p4(6): [--Wwarn=uninitialized_out_param] warning: out parameter 'meta' may be uninitialized when 'conntrack_set_meta_from_dash_header' terminates
action conntrack_set_meta_from_dash_header(in headers_t hdr, out metadata_t meta)
                                                                            ^^^^
bmv2/stages/conntrack_lookup.p4(6)
action conntrack_set_meta_from_dash_header(in headers_t hdr, out metadata_t meta)
       ^^^^^^^^^^^^^^^^^^^^^^^^^^^^^^^^^^^
bmv2/stages/../dash_routing_types.p4(128): [--Wwarn=invalid_header] warning: accessing a field of a potentially invalid header hdr.u0_ethernet
                         hdr.u0_ethernet.dst_addr);
                         ^^^^^^^^^^^^^^^
bmv2/stages/../dash_routing_types.p4(134): [--Wwarn=invalid_header] warning: accessing a field of a potentially invalid header hdr.u0_ipv4
                         underlay_sip = underlay_sip == 0 ? hdr.u0_ipv4.src_addr : (IPv4Address)underlay_sip,
                                                            ^^^^^^^^^^^
bmv2/stages/../dash_routing_types.p4(135): [--Wwarn=invalid_header] warning: accessing a field of a potentially invalid header hdr.u0_ipv4
                         underlay_dip = underlay_dip == 0 ? hdr.u0_ipv4.dst_addr : (IPv4Address)underlay_dip);
                                                            ^^^^^^^^^^^
bmv2/stages/../dash_routing_types.p4(192): [--Wwarn=invalid_header] warning: accessing a field of a potentially invalid header hdr.u0_ethernet
                         hdr.u0_ethernet.dst_addr);
                         ^^^^^^^^^^^^^^^
bmv2/stages/tunnel_stage.p4(34): [--Wwarn=invalid_header] warning: accessing a field of a potentially invalid header hdr.u0_ipv4
        tunnel_data.underlay_sip = sip == 0 ? hdr.u0_ipv4.src_addr : sip;
                                              ^^^^^^^^^^^
bmv2/dash_tunnel.p4(202): [--Wwarn=invalid_header] warning: accessing a field of a potentially invalid header hdr.u0_ipv4
action push_vxlan_tunnel_u1 (inout headers_t hdr, in EthernetAddress underlay_dmac, in EthernetAddress underlay_smac, in IPv4Address underlay_dip, in IPv4Address underlay_sip, in bit<24> tunnel_key) { hdr.u1_ethernet.setValid(); hdr.u1_ethernet.dst_addr = underlay_dmac; hdr.u1_ethernet.src_addr = underlay_smac; hdr.u1_ethernet.ether_type = 0x0800; hdr.u1_ipv4.setValid(); hdr.u1_ipv4.total_len = hdr. u0_ipv4.total_len*(bit<16>)(bit<1>)hdr. u0_ipv4.isValid() + hdr. u0_ipv6.payload_length*(bit<16>)(bit<1>)hdr. u0_ipv6.isValid() + IPV6_HDR_SIZE*(bit<16>)(bit<1>)hdr. u0_ipv6.isValid() + ETHER_HDR_SIZE + IPV4_HDR_SIZE + UDP_HDR_SIZE + VXLAN_HDR_SIZE; hdr.u1_ipv4.version = 4; hdr.u1_ipv4.ihl = 5; hdr.u1_ipv4.diffserv = 0; hdr.u1_ipv4.identification = 1; hdr.u1_ipv4.flags = 0; hdr.u1_ipv4.frag_offset = 0; hdr.u1_ipv4.ttl = 64; hdr.u1_ipv4.protocol = 17; hdr.u1_ipv4.dst_addr = underlay_dip; hdr.u1_ipv4.src_addr = underlay_sip; hdr.u1_ipv4.hdr_checksum = 0; hdr.u1_udp.setValid(); hdr.u1_udp.src_port = 0; hdr.u1_udp.dst_port = 4789; hdr.u1_udp.length = hdr. u0_ipv4.total_len*(bit<16>)(bit<1>)hdr. u0_ipv4.isValid() + hdr. u0_ipv6.payload_length*(bit<16>)(bit<1>)hdr. u0_ipv6.isValid() + IPV6_HDR_SIZE*(bit<16>)(bit<1>)hdr. u0_ipv6.isValid() + UDP_HDR_SIZE + VXLAN_HDR_SIZE + ETHER_HDR_SIZE; hdr.u1_udp.checksum = 0; hdr.u1_vxlan.setValid(); hdr.u1_vxlan.reserved = 0; hdr.u1_vxlan.reserved_2 = 0; hdr.u1_vxlan.flags = 0x8; hdr.u1_vxlan.vni = tunnel_key; }
                                                                                                                                                                                                                                                                                                                                                                                                              ^^^^^^^^^^^^
bmv2/dash_tunnel.p4(202): [--Wwarn=invalid_header] warning: accessing a field of a potentially invalid header hdr.u0_ipv6
action push_vxlan_tunnel_u1 (inout headers_t hdr, in EthernetAddress underlay_dmac, in EthernetAddress underlay_smac, in IPv4Address underlay_dip, in IPv4Address underlay_sip, in bit<24> tunnel_key) { hdr.u1_ethernet.setValid(); hdr.u1_ethernet.dst_addr = underlay_dmac; hdr.u1_ethernet.src_addr = underlay_smac; hdr.u1_ethernet.ether_type = 0x0800; hdr.u1_ipv4.setValid(); hdr.u1_ipv4.total_len = hdr. u0_ipv4.total_len*(bit<16>)(bit<1>)hdr. u0_ipv4.isValid() + hdr. u0_ipv6.payload_length*(bit<16>)(bit<1>)hdr. u0_ipv6.isValid() + IPV6_HDR_SIZE*(bit<16>)(bit<1>)hdr. u0_ipv6.isValid() + ETHER_HDR_SIZE + IPV4_HDR_SIZE + UDP_HDR_SIZE + VXLAN_HDR_SIZE; hdr.u1_ipv4.version = 4; hdr.u1_ipv4.ihl = 5; hdr.u1_ipv4.diffserv = 0; hdr.u1_ipv4.identification = 1; hdr.u1_ipv4.flags = 0; hdr.u1_ipv4.frag_offset = 0; hdr.u1_ipv4.ttl = 64; hdr.u1_ipv4.protocol = 17; hdr.u1_ipv4.dst_addr = underlay_dip; hdr.u1_ipv4.src_addr = underlay_sip; hdr.u1_ipv4.hdr_checksum = 0; hdr.u1_udp.setValid(); hdr.u1_udp.src_port = 0; hdr.u1_udp.dst_port = 4789; hdr.u1_udp.length = hdr. u0_ipv4.total_len*(bit<16>)(bit<1>)hdr. u0_ipv4.isValid() + hdr. u0_ipv6.payload_length*(bit<16>)(bit<1>)hdr. u0_ipv6.isValid() + IPV6_HDR_SIZE*(bit<16>)(bit<1>)hdr. u0_ipv6.isValid() + UDP_HDR_SIZE + VXLAN_HDR_SIZE + ETHER_HDR_SIZE; hdr.u1_udp.checksum = 0; hdr.u1_vxlan.setValid(); hdr.u1_vxlan.reserved = 0; hdr.u1_vxlan.reserved_2 = 0; hdr.u1_vxlan.flags = 0x8; hdr.u1_vxlan.vni = tunnel_key; }
                                                                                                                                                                                                                                                                                                                                                                                                                                                                               ^^^^^^^^^^^^
bmv2/stages/conntrack_lookup.p4(6): [--Wwarn=uninitialized_use] warning: meta may not be completely initialized
action conntrack_set_meta_from_dash_header(in headers_t hdr, out metadata_t meta)
                                                                            ^^^^
bmv2/stages/../routing_actions/routing_action_nat46.p4(36): [--Wwarn=invalid_header] warning: accessing a field of a potentially invalid header hdr.u0_ipv4
        hdr.u0_ipv6.payload_length = hdr.u0_ipv4.total_len - IPV4_HDR_SIZE;
                                     ^^^^^^^^^^^
bmv2/stages/../routing_actions/routing_action_nat46.p4(37): [--Wwarn=invalid_header] warning: accessing a field of a potentially invalid header hdr.u0_ipv4
        hdr.u0_ipv6.next_header = hdr.u0_ipv4.protocol;
                                  ^^^^^^^^^^^
bmv2/stages/../routing_actions/routing_action_nat46.p4(38): [--Wwarn=invalid_header] warning: accessing a field of a potentially invalid header hdr.u0_ipv4
        hdr.u0_ipv6.hop_limit = hdr.u0_ipv4.ttl;
                                ^^^^^^^^^^^
bmv2/stages/../routing_actions/routing_action_nat46.p4(42): [--Wwarn=invalid_header] warning: accessing a field of a potentially invalid header hdr.u0_ipv4
        hdr.u0_ipv6.dst_addr = ((IPv6Address)hdr.u0_ipv4.dst_addr & ~meta.overlay_data.dip_mask) | (meta.overlay_data.dip & meta.overlay_data.dip_mask);
                                             ^^^^^^^^^^^
bmv2/stages/../routing_actions/routing_action_nat46.p4(43): [--Wwarn=invalid_header] warning: accessing a field of a potentially invalid header hdr.u0_ipv4
        hdr.u0_ipv6.src_addr = ((IPv6Address)hdr.u0_ipv4.src_addr & ~meta.overlay_data.sip_mask) | (meta.overlay_data.sip & meta.overlay_data.sip_mask);
                                             ^^^^^^^^^^^
bmv2/stages/../routing_actions/routing_action_nat46.p4(47): [--Wwarn=invalid_header] warning: accessing a field of a potentially invalid header hdr.u0_ethernet
        hdr.u0_ethernet.ether_type = 0x86dd;
        ^^^^^^^^^^^^^^^
bmv2/stages/../routing_actions/routing_action_nat64.p4(32): [--Wwarn=invalid_header] warning: accessing a field of a potentially invalid header hdr.u0_ipv6
        hdr.u0_ipv4.total_len = hdr.u0_ipv6.payload_length + IPV4_HDR_SIZE;
                                ^^^^^^^^^^^
bmv2/stages/../routing_actions/routing_action_nat64.p4(36): [--Wwarn=invalid_header] warning: accessing a field of a potentially invalid header hdr.u0_ipv6
        hdr.u0_ipv4.protocol = hdr.u0_ipv6.next_header;
                               ^^^^^^^^^^^
bmv2/stages/../routing_actions/routing_action_nat64.p4(37): [--Wwarn=invalid_header] warning: accessing a field of a potentially invalid header hdr.u0_ipv6
        hdr.u0_ipv4.ttl = hdr.u0_ipv6.hop_limit;
                          ^^^^^^^^^^^
bmv2/stages/../routing_actions/routing_action_nat64.p4(43): [--Wwarn=invalid_header] warning: accessing a field of a potentially invalid header hdr.u0_ethernet
        hdr.u0_ethernet.ether_type = 0x0800;
        ^^^^^^^^^^^^^^^
bmv2/dash_tunnel.p4(204): [--Wwarn=invalid_header] warning: accessing a field of a potentially invalid header hdr.u0_ipv4
action push_nvgre_tunnel_u1 (inout headers_t hdr, in EthernetAddress underlay_dmac, in EthernetAddress underlay_smac, in IPv4Address underlay_dip, in IPv4Address underlay_sip, in bit<24> tunnel_key) { hdr.u1_ethernet.setValid(); hdr.u1_ethernet.dst_addr = underlay_dmac; hdr.u1_ethernet.src_addr = underlay_smac; hdr.u1_ethernet.ether_type = 0x0800; hdr.u1_ipv4.setValid(); hdr.u1_ipv4.total_len = hdr. u0_ipv4.total_len*(bit<16>)(bit<1>)hdr. u0_ipv4.isValid() + hdr. u0_ipv6.payload_length*(bit<16>)(bit<1>)hdr. u0_ipv6.isValid() + IPV6_HDR_SIZE*(bit<16>)(bit<1>)hdr. u0_ipv6.isValid() + ETHER_HDR_SIZE + IPV4_HDR_SIZE + NVGRE_HDR_SIZE; hdr.u1_ipv4.total_len = (ETHER_HDR_SIZE + IPV4_HDR_SIZE + NVGRE_HDR_SIZE + hdr.u1_ipv4.total_len); hdr.u1_ipv4.version = 4; hdr.u1_ipv4.ihl = 5; hdr.u1_ipv4.diffserv = 0; hdr.u1_ipv4.identification = 1; hdr.u1_ipv4.flags = 0; hdr.u1_ipv4.frag_offset = 0; hdr.u1_ipv4.ttl = 64; hdr.u1_ipv4.protocol = 0x2f; hdr.u1_ipv4.dst_addr = underlay_dip; hdr.u1_ipv4.src_addr = underlay_sip; hdr.u1_ipv4.hdr_checksum = 0; hdr.u1_nvgre.setValid(); hdr.u1_nvgre.flags = 4; hdr.u1_nvgre.reserved = 0; hdr.u1_nvgre.version = 0; hdr.u1_nvgre.protocol_type = 0x6558; hdr.u1_nvgre.vsid = tunnel_key; hdr.u1_nvgre.flow_id = 0; }
                                                                                                                                                                                                                                                                                                                                                                                                              ^^^^^^^^^^^^
bmv2/dash_tunnel.p4(204): [--Wwarn=invalid_header] warning: accessing a field of a potentially invalid header hdr.u0_ipv6
action push_nvgre_tunnel_u1 (inout headers_t hdr, in EthernetAddress underlay_dmac, in EthernetAddress underlay_smac, in IPv4Address underlay_dip, in IPv4Address underlay_sip, in bit<24> tunnel_key) { hdr.u1_ethernet.setValid(); hdr.u1_ethernet.dst_addr = underlay_dmac; hdr.u1_ethernet.src_addr = underlay_smac; hdr.u1_ethernet.ether_type = 0x0800; hdr.u1_ipv4.setValid(); hdr.u1_ipv4.total_len = hdr. u0_ipv4.total_len*(bit<16>)(bit<1>)hdr. u0_ipv4.isValid() + hdr. u0_ipv6.payload_length*(bit<16>)(bit<1>)hdr. u0_ipv6.isValid() + IPV6_HDR_SIZE*(bit<16>)(bit<1>)hdr. u0_ipv6.isValid() + ETHER_HDR_SIZE + IPV4_HDR_SIZE + NVGRE_HDR_SIZE; hdr.u1_ipv4.total_len = (ETHER_HDR_SIZE + IPV4_HDR_SIZE + NVGRE_HDR_SIZE + hdr.u1_ipv4.total_len); hdr.u1_ipv4.version = 4; hdr.u1_ipv4.ihl = 5; hdr.u1_ipv4.diffserv = 0; hdr.u1_ipv4.identification = 1; hdr.u1_ipv4.flags = 0; hdr.u1_ipv4.frag_offset = 0; hdr.u1_ipv4.ttl = 64; hdr.u1_ipv4.protocol = 0x2f; hdr.u1_ipv4.dst_addr = underlay_dip; hdr.u1_ipv4.src_addr = underlay_sip; hdr.u1_ipv4.hdr_checksum = 0; hdr.u1_nvgre.setValid(); hdr.u1_nvgre.flags = 4; hdr.u1_nvgre.reserved = 0; hdr.u1_nvgre.version = 0; hdr.u1_nvgre.protocol_type = 0x6558; hdr.u1_nvgre.vsid = tunnel_key; hdr.u1_nvgre.flow_id = 0; }
                                                                                                                                                                                                                                                                                                                                                                                                                                                                               ^^^^^^^^^^^^
bmv2/dash_pipeline.p4(311): [--Wwarn=invalid_header] warning: accessing a field of a potentially invalid header hdr.u0_ipv4
            meta.dst_ip_addr = (bit<128>)hdr.u0_ipv4.dst_addr;
                                         ^^^^^^^^^^^
bmv2/underlay.p4(53): [--Wwarn=invalid_header] warning: accessing a field of a potentially invalid header hdr.packet_meta
        if (hdr.packet_meta.packet_source == dash_packet_source_t.DPAPP) {
            ^^^^^^^^^^^^^^^
bmv2/dash_pipeline.p4(326): [--Wwarn=invalid_header] warning: accessing a field of a potentially invalid header hdr.u0_ipv4
            hdr.u0_ipv4.diffserv = (bit<8>)meta.eni_data.dscp;
            ^^^^^^^^^^^
bmv2/stages/../dash_routing_types.p4(32): [--Wwarn=unused] warning: Unused action parameter routing_actions_disabled_in_flow_resimulation
    dash_routing_actions_t routing_actions_disabled_in_flow_resimulation)
                           ^^^^^^^^^^^^^^^^^^^^^^^^^^^^^^^^^^^^^^^^^^^^^
bmv2/stages/../dash_routing_types.p4(54): [--Wwarn=unused] warning: Unused action parameter routing_actions_disabled_in_flow_resimulation
    dash_routing_actions_t routing_actions_disabled_in_flow_resimulation)
                           ^^^^^^^^^^^^^^^^^^^^^^^^^^^^^^^^^^^^^^^^^^^^^
bmv2/stages/../dash_routing_types.p4(74): [--Wwarn=unused] warning: Unused action parameter routing_actions_disabled_in_flow_resimulation
    dash_routing_actions_t routing_actions_disabled_in_flow_resimulation)
                           ^^^^^^^^^^^^^^^^^^^^^^^^^^^^^^^^^^^^^^^^^^^^^
bmv2/stages/../dash_routing_types.p4(87): [--Wwarn=unused] warning: Unused action parameter overlay_dip_is_v6
    bit<1> overlay_dip_is_v6,
           ^^^^^^^^^^^^^^^^^
bmv2/stages/../dash_routing_types.p4(89): [--Wwarn=unused] warning: Unused action parameter overlay_dip_mask_is_v6
    bit<1> overlay_dip_mask_is_v6,
           ^^^^^^^^^^^^^^^^^^^^^^
bmv2/stages/../dash_routing_types.p4(91): [--Wwarn=unused] warning: Unused action parameter overlay_sip_is_v6
    bit<1> overlay_sip_is_v6,
           ^^^^^^^^^^^^^^^^^
bmv2/stages/../dash_routing_types.p4(93): [--Wwarn=unused] warning: Unused action parameter overlay_sip_mask_is_v6
    bit<1> overlay_sip_mask_is_v6,
           ^^^^^^^^^^^^^^^^^^^^^^
bmv2/stages/../dash_routing_types.p4(95): [--Wwarn=unused] warning: Unused action parameter underlay_dip_is_v6
    bit<1> underlay_dip_is_v6,
           ^^^^^^^^^^^^^^^^^^
bmv2/stages/../dash_routing_types.p4(97): [--Wwarn=unused] warning: Unused action parameter underlay_sip_is_v6
    bit<1> underlay_sip_is_v6,
           ^^^^^^^^^^^^^^^^^^
bmv2/stages/../dash_routing_types.p4(105): [--Wwarn=unused] warning: Unused action parameter routing_actions_disabled_in_flow_resimulation
    dash_routing_actions_t routing_actions_disabled_in_flow_resimulation)
                           ^^^^^^^^^^^^^^^^^^^^^^^^^^^^^^^^^^^^^^^^^^^^^
bmv2/stages/../dash_routing_types.p4(150): [--Wwarn=unused] warning: Unused action parameter flow_resimulation_requested
    bit<1> flow_resimulation_requested,
           ^^^^^^^^^^^^^^^^^^^^^^^^^^^
bmv2/stages/../dash_routing_types.p4(151): [--Wwarn=unused] warning: Unused action parameter routing_actions_disabled_in_flow_resimulation
    dash_routing_actions_t routing_actions_disabled_in_flow_resimulation)
                           ^^^^^^^^^^^^^^^^^^^^^^^^^^^^^^^^^^^^^^^^^^^^^
bmv2/stages/../dash_routing_types.p4(183): [--Wwarn=unused] warning: Unused action parameter flow_resimulation_requested
    bit<1> flow_resimulation_requested,
           ^^^^^^^^^^^^^^^^^^^^^^^^^^^
bmv2/stages/../dash_routing_types.p4(184): [--Wwarn=unused] warning: Unused action parameter routing_actions_disabled_in_flow_resimulation
    dash_routing_actions_t routing_actions_disabled_in_flow_resimulation,
                           ^^^^^^^^^^^^^^^^^^^^^^^^^^^^^^^^^^^^^^^^^^^^^
bmv2/dash_pipeline.p4(61): [--Wwarn=unused] warning: Unused action parameter full_flow_resimulation_requested
                         bit<1> full_flow_resimulation_requested,
                                ^^^^^^^^^^^^^^^^^^^^^^^^^^^^^^^^
bmv2/dash_pipeline.p4(62): [--Wwarn=unused] warning: Unused action parameter max_resimulated_flow_per_second
                         bit<64> max_resimulated_flow_per_second,
                                 ^^^^^^^^^^^^^^^^^^^^^^^^^^^^^^^
bmv2/dash_pipeline.p4(66): [--Wwarn=unused] warning: Unused action parameter is_ha_flow_owner
                         bit<1> is_ha_flow_owner,
                                ^^^^^^^^^^^^^^^^
bmv2/stages/conntrack_lookup.p4(232): [--Wwarn=unused] warning: Unused action parameter reverse_flow_eni_mac
        EthernetAddress reverse_flow_eni_mac,
                        ^^^^^^^^^^^^^^^^^^^^
bmv2/stages/conntrack_lookup.p4(233): [--Wwarn=unused] warning: Unused action parameter reverse_flow_vnet_id
        bit<16> reverse_flow_vnet_id,
                ^^^^^^^^^^^^^^^^^^^^
bmv2/stages/conntrack_lookup.p4(234): [--Wwarn=unused] warning: Unused action parameter reverse_flow_ip_proto
        bit<8> reverse_flow_ip_proto,
               ^^^^^^^^^^^^^^^^^^^^^
bmv2/stages/conntrack_lookup.p4(235): [--Wwarn=unused] warning: Unused action parameter reverse_flow_src_ip
        IPv4ORv6Address reverse_flow_src_ip,
                        ^^^^^^^^^^^^^^^^^^^
bmv2/stages/conntrack_lookup.p4(236): [--Wwarn=unused] warning: Unused action parameter reverse_flow_dst_ip
        IPv4ORv6Address reverse_flow_dst_ip,
                        ^^^^^^^^^^^^^^^^^^^
bmv2/stages/conntrack_lookup.p4(237): [--Wwarn=unused] warning: Unused action parameter reverse_flow_src_port
        bit<16> reverse_flow_src_port,
                ^^^^^^^^^^^^^^^^^^^^^
bmv2/stages/conntrack_lookup.p4(238): [--Wwarn=unused] warning: Unused action parameter reverse_flow_dst_port
        bit<16> reverse_flow_dst_port,
                ^^^^^^^^^^^^^^^^^^^^^
bmv2/stages/conntrack_lookup.p4(239): [--Wwarn=unused] warning: Unused action parameter reverse_flow_dst_ip_is_v6
        bit<1> reverse_flow_dst_ip_is_v6,
               ^^^^^^^^^^^^^^^^^^^^^^^^^
bmv2/stages/conntrack_lookup.p4(265): [--Wwarn=unused] warning: Unused action parameter vendor_metadata
        @SaiVal[type="sai_u8_list_t"] bit<16> vendor_metadata,
                                              ^^^^^^^^^^^^^^^
bmv2/stages/conntrack_lookup.p4(266): [--Wwarn=unused] warning: Unused action parameter flow_data_pb
        @SaiVal[type="sai_u8_list_t"] bit<16> flow_data_pb)
                                              ^^^^^^^^^^^^
bmv2/stages/conntrack_lookup.p4(337): [--Wwarn=unused] warning: Unused action parameter dash_flow_entry_bulk_get_session_filter_key
        @SaiVal[type="sai_dash_flow_entry_bulk_get_session_filter_key_t"] dash_flow_entry_bulk_get_session_filter_key_t dash_flow_entry_bulk_get_session_filter_key,
                                                                                                                        ^^^^^^^^^^^^^^^^^^^^^^^^^^^^^^^^^^^^^^^^^^^
bmv2/stages/conntrack_lookup.p4(338): [--Wwarn=unused] warning: Unused action parameter dash_flow_entry_bulk_get_session_op_key
        @SaiVal[type="sai_dash_flow_entry_bulk_get_session_op_key_t"] dash_flow_entry_bulk_get_session_op_key_t dash_flow_entry_bulk_get_session_op_key,
                                                                                                                ^^^^^^^^^^^^^^^^^^^^^^^^^^^^^^^^^^^^^^^
bmv2/stages/conntrack_lookup.p4(339): [--Wwarn=unused] warning: Unused action parameter int_value
        bit<64> int_value,
                ^^^^^^^^^
bmv2/stages/conntrack_lookup.p4(340): [--Wwarn=unused] warning: Unused action parameter ip_value
        IPv4ORv6Address ip_value,
                        ^^^^^^^^
bmv2/stages/conntrack_lookup.p4(341): [--Wwarn=unused] warning: Unused action parameter mac_value
        bit<48> mac_value)
                ^^^^^^^^^
bmv2/stages/conntrack_lookup.p4(351): [--Wwarn=unused] warning: Unused action parameter dash_flow_entry_bulk_get_session_mode
        @SaiVal[type="sai_dash_flow_entry_bulk_get_session_mode_t"] dash_flow_entry_bulk_get_session_mode_t dash_flow_entry_bulk_get_session_mode,
                                                                                                            ^^^^^^^^^^^^^^^^^^^^^^^^^^^^^^^^^^^^^
bmv2/stages/conntrack_lookup.p4(352): [--Wwarn=unused] warning: Unused action parameter bulk_get_entry_limitation
        bit<32> bulk_get_entry_limitation,
                ^^^^^^^^^^^^^^^^^^^^^^^^^
bmv2/stages/conntrack_lookup.p4(355): [--Wwarn=unused] warning: Unused action parameter bulk_get_session_server_ip
        IPv4ORv6Address bulk_get_session_server_ip,
                        ^^^^^^^^^^^^^^^^^^^^^^^^^^
bmv2/stages/conntrack_lookup.p4(356): [--Wwarn=unused] warning: Unused action parameter bulk_get_session_server_port
        bit<16> bulk_get_session_server_port,
                ^^^^^^^^^^^^^^^^^^^^^^^^^^^^
bmv2/stages/conntrack_lookup.p4(359): [--Wwarn=unused] warning: Unused action parameter first_flow_entry_bulk_get_session_filter_id
        @SaiVal[type="sai_object_id_t"] bit<16> first_flow_entry_bulk_get_session_filter_id,
                                                ^^^^^^^^^^^^^^^^^^^^^^^^^^^^^^^^^^^^^^^^^^^
bmv2/stages/conntrack_lookup.p4(360): [--Wwarn=unused] warning: Unused action parameter second_flow_entry_bulk_get_session_filter_id
        @SaiVal[type="sai_object_id_t"] bit<16> second_flow_entry_bulk_get_session_filter_id,
                                                ^^^^^^^^^^^^^^^^^^^^^^^^^^^^^^^^^^^^^^^^^^^^
bmv2/stages/conntrack_lookup.p4(361): [--Wwarn=unused] warning: Unused action parameter third_flow_entry_bulk_get_session_filter_id
        @SaiVal[type="sai_object_id_t"] bit<16> third_flow_entry_bulk_get_session_filter_id,
                                                ^^^^^^^^^^^^^^^^^^^^^^^^^^^^^^^^^^^^^^^^^^^
bmv2/stages/conntrack_lookup.p4(362): [--Wwarn=unused] warning: Unused action parameter fourth_flow_entry_bulk_get_session_filter_id
        @SaiVal[type="sai_object_id_t"] bit<16> fourth_flow_entry_bulk_get_session_filter_id,
                                                ^^^^^^^^^^^^^^^^^^^^^^^^^^^^^^^^^^^^^^^^^^^^
bmv2/stages/conntrack_lookup.p4(363): [--Wwarn=unused] warning: Unused action parameter fifth_flow_entry_bulk_get_session_filter_id
        @SaiVal[type="sai_object_id_t"] bit<16> fifth_flow_entry_bulk_get_session_filter_id)
                                                ^^^^^^^^^^^^^^^^^^^^^^^^^^^^^^^^^^^^^^^^^^^
bmv2/stages/ha.p4(13): [--Wwarn=unused] warning: Unused action parameter flow_version
        @SaiVal[isreadonly="true"] bit<32> flow_version,
                                           ^^^^^^^^^^^^
bmv2/stages/ha.p4(14): [--Wwarn=unused] warning: Unused action parameter flow_reconcile_requested
        bit<1> flow_reconcile_requested,
               ^^^^^^^^^^^^^^^^^^^^^^^^
bmv2/stages/ha.p4(15): [--Wwarn=unused] warning: Unused action parameter flow_reconcile_needed
        @SaiVal[isreadonly="true"] bit<1> flow_reconcile_needed,
                                          ^^^^^^^^^^^^^^^^^^^^^
bmv2/stages/ha.p4(16): [--Wwarn=unused] warning: Unused action parameter vip_v4
        @SaiVal[type="sai_ip_address_t"] IPv4Address vip_v4,
                                                     ^^^^^^
bmv2/stages/ha.p4(17): [--Wwarn=unused] warning: Unused action parameter vip_v6
        IPv6Address vip_v6,
                    ^^^^^^
bmv2/stages/ha.p4(18): [--Wwarn=unused] warning: Unused action parameter admin_state
        bit<1> admin_state,
               ^^^^^^^^^^^
bmv2/stages/ha.p4(19): [--Wwarn=unused] warning: Unused action parameter activate_role
        bit<1> activate_role,
               ^^^^^^^^^^^^^
bmv2/stages/ha.p4(20): [--Wwarn=unused] warning: Unused action parameter dash_ha_state
        @SaiVal[isreadonly="true", type="sai_dash_ha_state_t"] dash_ha_state_t dash_ha_state
                                                                               ^^^^^^^^^^^^^
bmv2/stages/ha.p4(63): [--Wwarn=unused] warning: Unused action parameter local_ip_is_v6
        bit<1> local_ip_is_v6,
               ^^^^^^^^^^^^^^
bmv2/stages/ha.p4(64): [--Wwarn=unused] warning: Unused action parameter local_ip
        @SaiVal[type="sai_ip_address_t"] IPv4ORv6Address local_ip,
                                                         ^^^^^^^^
bmv2/stages/ha.p4(67): [--Wwarn=unused] warning: Unused action parameter cp_data_channel_port
        bit<16> cp_data_channel_port,
                ^^^^^^^^^^^^^^^^^^^^
bmv2/stages/ha.p4(71): [--Wwarn=unused] warning: Unused action parameter dp_channel_probe_interval_ms
        bit<32> dp_channel_probe_interval_ms,
                ^^^^^^^^^^^^^^^^^^^^^^^^^^^^
bmv2/stages/ha.p4(72): [--Wwarn=unused] warning: Unused action parameter dp_channel_probe_fail_threshold
        bit<32> dp_channel_probe_fail_threshold,
                ^^^^^^^^^^^^^^^^^^^^^^^^^^^^^^^
bmv2/stages/ha.p4(73): [--Wwarn=unused] warning: Unused action parameter dp_channel_is_alive
        @SaiVal[isreadonly="true"] bit<1> dp_channel_is_alive,
                                          ^^^^^^^^^^^^^^^^^^^
bmv2/stages/ha.p4(74): [--Wwarn=unused] warning: Unused action parameter dpu_driven_ha_switchover_wait_time_ms
        bit<32> dpu_driven_ha_switchover_wait_time_ms
                ^^^^^^^^^^^^^^^^^^^^^^^^^^^^^^^^^^^^^
INFO: From Compiling lib/netfilter/queue.c:
<command-line>: warning: "_FORTIFY_SOURCE" redefined
<command-line>: note: this is the location of the previous definition
ERROR: /data/sonic/sonic-dzf-time-measure/src/sonic-device-data/BUILD.bazel:36:8: Executing genrule //src/sonic-device-data:device_tar failed: (Exit 1): bash failed: error executing Genrule command (from target //src/sonic-device-data:device_tar) /bin/bash -c ... (remaining 1 argument skipped)

Use --sandbox_debug to see verbose messages from the sandbox and retain the sandbox build root for debugging
Traceback (most recent call last):
  File "/data/sonic/sonic-dzf-time-measure/.measure/20260901-233744/bazel-fully-cold-attempt3/output-base/sandbox/linux-sandbox/2515/execroot/_main/bazel-out/k8-opt-exec-ST-fcc4b2d15b43/bin/src/sonic-device-data/pack_device_data.runfiles/_main/src/sonic-device-data/pack_device_data.py", line 131, in <module>
    sys.exit(main(sys.argv))
             ~~~~^^^^^^^^^^
  File "/data/sonic/sonic-dzf-time-measure/.measure/20260901-233744/bazel-fully-cold-attempt3/output-base/sandbox/linux-sandbox/2515/execroot/_main/bazel-out/k8-opt-exec-ST-fcc4b2d15b43/bin/src/sonic-device-data/pack_device_data.runfiles/_main/src/sonic-device-data/pack_device_data.py", line 109, in main
    write_platform_asic(device_src)
    ~~~~~~~~~~~~~~~~~~~^^^^^^^^^^^^
  File "/data/sonic/sonic-dzf-time-measure/.measure/20260901-233744/bazel-fully-cold-attempt3/output-base/sandbox/linux-sandbox/2515/execroot/_main/bazel-out/k8-opt-exec-ST-fcc4b2d15b43/bin/src/sonic-device-data/pack_device_data.runfiles/_main/src/sonic-device-data/pack_device_data.py", line 58, in write_platform_asic
    with open(os.path.join(target, "platform_asic"), "w") as f:
         ~~~~^^^^^^^^^^^^^^^^^^^^^^^^^^^^^^^^^^^^^^^^^^^^
OSError: [Errno 30] Read-only file system: '/data/sonic/sonic-dzf-time-measure/.measure/20260901-233744/bazel-fully-cold-attempt3/output-base/sandbox/linux-sandbox/2515/execroot/_main/_device_data_stage/device_src/virtual/x86_64-kvm_x86_64-r0/platform_asic'
Target //platform/vs:sonic-vs-bin failed to build
Use --verbose_failures to see the command lines of failed build steps.
INFO: Elapsed time: 485.715s, Critical Path: 145.96s
INFO: 12769 processes: 8131 internal, 4634 linux-sandbox, 4 local.
ERROR: Build did NOT complete successfully
FAILED: 
INFO: Build Event Protocol files produced successfully.
