+++ --- Making target/sonic-vs.bin --- +++
./scripts/run_with_retry make BLDENV=trixie -f Makefile.work target/sonic-vs.bin
make[1]: Entering directory '/data/sonic/sonic-dzf-time-measure'
sudo: timed out
"SECURE_UPGRADE_PROD_SIGNING_TOOL": ""
/data/sonic/sonic-dzf-time-measure/src/sonic-build-hooks /data/sonic/sonic-dzf-time-measure
make[2]: Entering directory '/data/sonic/sonic-dzf-time-measure/src/sonic-build-hooks'
dpkg-deb: warning: root directory tmp/sonic-build-hooks has unusual owner or group 17388989:983
dpkg-deb: hint: you might need to pass --root-owner-group, see <https://wiki.debian.org/Teams/Dpkg/RootlessBuilds> for further details
dpkg-deb: warning: ignoring 1 warning about the control file(s)
dpkg-deb: building package 'sonic-build-hooks' in 'buildinfo/sonic-build-hooks_1.0_all.deb'.
make[2]: Leaving directory '/data/sonic/sonic-dzf-time-measure/src/sonic-build-hooks'
/data/sonic/sonic-dzf-time-measure
Checking sonic-slave-base image: sonic-slave-trixie:ca17477b760
Checking sonic-slave-user image: sonic-slave-trixie-qiuying.xzc:0e69d80ab15
SONiC Build System

Build Configuration
"CONFIGURED_PLATFORM"             : "vs"
"CONFIGURED_ARCH"                 : "amd64"
"SONIC_CONFIG_PRINT_DEPENDENCIES" : ""
"SONIC_BUILD_JOBS"                : "8"
"SONIC_CONFIG_MAKE_JOBS"          : "192"
"USE_NATIVE_DOCKERD_FOR_BUILD"    : ""
"USE_DOCKER_CACHE"               : ""
"SONIC_CONFIG_USE_CCACHE"         : "n"
"USERNAME"                        : "admin"
"PASSWORD"                        : "YourPaSsWoRd"
"CHANGE_DEFAULT_PASSWORD"         : "n"
"SECURE_UPGRADE_MODE"             : "no_sign"
"SECURE_UPGRADE_DEV_SIGNING_KEY"  : ""
"SECURE_UPGRADE_SIGNING_CERT"     : ""
"SECURE_UPGRADE_KERNEL_CAFILE"    : ""
"SECURE_UPGRADE_PROD_SIGNING_TOOL": ""
"SECURE_UPGRADE_PROD_TOOL_ARGS"   : ""
"ONIE_IMAGE_PART_SIZE"            : ""
"SHUTDOWN_BGP_ON_START"           : ""
"ENABLE_PFCWD_ON_START"           : ""
"SONIC_BUFFER_MODEL"              : ""
"INSTALL_DEBUG_TOOLS"             : ""
"ROUTING_STACK"                   : "frr"
"FRR_USER_UID"                    : "300"
"FRR_USER_GID"                    : "300"
"ENABLE_FRR_TCMALLOC"             : "y"
"ENABLE_SYNCD_RPC"                : ""
"SAITHRIFT_V2"                    : ""
"ENABLE_ORGANIZATION_EXTENSIONS"  : "y"
"HTTP_PROXY"                      : ""
"HTTPS_PROXY"                     : ""
"NO_PROXY"                        : ""
"ENABLE_ZTP"                      : ""
"INCLUDE_PDE"                     : ""
"SONIC_DEBUGGING_ON"              : ""
"SONIC_PROFILING_ON"              : ""
"KERNEL_PROCURE_METHOD"           : "build"
"BUILD_TIMESTAMP"                 : "20260903.015534"
"BUILD_LOG_TIMESTAMP"             : "none"
"SONIC_IMAGE_VERSION"             : "master.0-dirty-20260903.015534"
"BLDENV"                          : "trixie"
"VS_PREPARE_MEM"                  : "yes"
"INCLUDE_MGMT_FRAMEWORK"          : "y"
"INCLUDE_ICCPD"                   : "n"
"INCLUDE_STP"                     : ""
"INCLUDE_SYSTEM_TELEMETRY"        : "n"
"INCLUDE_SYSTEM_GNMI"             : "y"
"INCLUDE_SYSTEM_BMP"              : "y"
"INCLUDE_SYSTEM_OTEL"             : "y"
"INCLUDE_SYSTEM_EVENTD"           : "y"
"ENABLE_HOST_SERVICE_ON_START"    : "y"
"INCLUDE_RESTAPI"                 : "n"
"INCLUDE_SFLOW"                   : "y"
"INCLUDE_NAT"                     : "y"
"INCLUDE_DHCP_RELAY"              : "y"
"INCLUDE_DHCP_SERVER"             : "n"
"INCLUDE_P4RT"                    : "n"
"INCLUDE_VS_DASH_SAI"             : "y"
"INCLUDE_KUBERNETES"              : "n"
"INCLUDE_KUBERNETES_MASTER"       : "n"
"INCLUDE_MACSEC"                  : "y"
"INCLUDE_MUX"                     : "y"
"INCLUDE_TEAMD"                   : "y"
"INCLUDE_DASH_HA"                 : "y"
"INCLUDE_ROUTER_ADVERTISER"       : "y"
"INCLUDE_SNMP"                    : "y"
"INCLUDE_LLDP"                    : "y"
"INCLUDE_BOOTCHART                : "y"
"ENABLE_BOOTCHART                 : "n"
"INCLUDE_FIPS"                    : "y"
"ENABLE_TRANSLIB_WRITE"           : ""
"ENABLE_NATIVE_WRITE"             : "y"
"ENABLE_DIALOUT"                  : ""
"ENABLE_AUTO_TECH_SUPPORT"        : "y"
"PDDF_SUPPORT"                    : "y"
"MULTIARCH_QEMU_ENVIRON"          : "n"
"SONIC_VERSION_CONTROL_COMPONENTS": "py2,py3,web,git,docker"
"ENABLE_ASAN"                     : "n"
"DEFAULT_CONTAINER_REGISTRY"      : "publicmirror.azurecr.io/"
"BUILD_MULTIASIC_KVM"             : "n"
"CROSS_BUILD_ENVIRON"             : "n"
"INCLUDE_EXTERNAL_PATCHES"        : "n"
"PTF_ENV_PY_VER"                  : "py3"
"ENABLE_MULTIDB"                  : ""
"ENABLE_SBOM"                     : "n"
"SBOM_FORMAT"                     : "both"
"SBOM_SCAN_TOOL"                  : "syft"
"SBOM_INCLUDE_LICENSES"           : "y"
"SBOM_STRICT"                     : "y"

"SONIC_DPKG_CACHE_METHOD"         : "none"

[ 01 ] [ target/debs/trixie/systemd-sonic-generator_1.0.0_amd64.deb ]
[A[K[ 01 ] [ target/debs/trixie/systemd-sonic-generator_1.0.0_amd64.deb ]
[ 02 ] [ target/debs/trixie/sonic-platform-vs_1.0_amd64.deb ]
[A[K[A[K[ 01 ] [ target/debs/trixie/systemd-sonic-generator_1.0.0_amd64.deb ]
[ 02 ] [ target/debs/trixie/sonic-platform-vs_1.0_amd64.deb ]
[ 03 ] [ target/debs/trixie/initramfs-tools_0.142_all.deb ]
[A[K[A[K[A[K[ 01 ] [ target/debs/trixie/systemd-sonic-generator_1.0.0_amd64.deb ]
[ 02 ] [ target/debs/trixie/sonic-platform-vs_1.0_amd64.deb ]
[ 03 ] [ target/debs/trixie/initramfs-tools_0.142_all.deb ]
[ 04 ] [ target/debs/trixie/linux-headers-6.12.41+deb13-common-sonic_6.12.41-1_all.deb ]
[A[K[A[K[A[K[A[K[ 01 ] [ target/debs/trixie/systemd-sonic-generator_1.0.0_amd64.deb ]
[ 02 ] [ target/debs/trixie/sonic-platform-vs_1.0_amd64.deb ]
[ 03 ] [ target/debs/trixie/initramfs-tools_0.142_all.deb ]
[ 04 ] [ target/debs/trixie/linux-headers-6.12.41+deb13-common-sonic_6.12.41-1_all.deb ]
[ 05 ] [ target/debs/trixie/sonic-device-data_1.0-1_all.deb ]
[A[K[A[K[A[K[A[K[A[K[ 01 ] [ target/debs/trixie/systemd-sonic-generator_1.0.0_amd64.deb ]
[ 02 ] [ target/debs/trixie/sonic-platform-vs_1.0_amd64.deb ]
[ 03 ] [ target/debs/trixie/initramfs-tools_0.142_all.deb ]
[ 04 ] [ target/debs/trixie/linux-headers-6.12.41+deb13-common-sonic_6.12.41-1_all.deb ]
[ 05 ] [ target/debs/trixie/sonic-device-data_1.0-1_all.deb ]
[ 06 ] [ target/debs/trixie/ifupdown2_3.0.0-1_all.deb ]
[A[K[A[K[A[K[A[K[A[K[A[K[ 01 ] [ target/debs/trixie/systemd-sonic-generator_1.0.0_amd64.deb ]
[ 02 ] [ target/debs/trixie/sonic-platform-vs_1.0_amd64.deb ]
[ 03 ] [ target/debs/trixie/initramfs-tools_0.142_all.deb ]
[ 04 ] [ target/debs/trixie/linux-headers-6.12.41+deb13-common-sonic_6.12.41-1_all.deb ]
[ 05 ] [ target/debs/trixie/sonic-device-data_1.0-1_all.deb ]
[ 06 ] [ target/debs/trixie/ifupdown2_3.0.0-1_all.deb ]
[ 07 ] [ target/debs/trixie/makedumpfile_1.7.7-1_amd64.deb ]
[A[K[A[K[A[K[A[K[A[K[A[K[A[K[ 01 ] [ target/debs/trixie/systemd-sonic-generator_1.0.0_amd64.deb ]
[ 02 ] [ target/debs/trixie/sonic-platform-vs_1.0_amd64.deb ]
[ 03 ] [ target/debs/trixie/initramfs-tools_0.142_all.deb ]
[ 04 ] [ target/debs/trixie/linux-headers-6.12.41+deb13-common-sonic_6.12.41-1_all.deb ]
[ 05 ] [ target/debs/trixie/sonic-device-data_1.0-1_all.deb ]
[ 06 ] [ target/debs/trixie/ifupdown2_3.0.0-1_all.deb ]
[ 07 ] [ target/debs/trixie/makedumpfile_1.7.7-1_amd64.deb ]
[ 08 ] [ target/debs/trixie/kdump-tools_1.10.7_amd64.deb ]
[A[K[A[K[A[K[A[K[A[K[A[K[A[K[A[K[ 01 ] [ target/debs/trixie/systemd-sonic-generator_1.0.0_amd64.deb ]
[ 02 ] [ target/debs/trixie/initramfs-tools_0.142_all.deb ]
[ 03 ] [ target/debs/trixie/linux-headers-6.12.41+deb13-common-sonic_6.12.41-1_all.deb ]
[ 04 ] [ target/debs/trixie/sonic-device-data_1.0-1_all.deb ]
[ 05 ] [ target/debs/trixie/ifupdown2_3.0.0-1_all.deb ]
[ 06 ] [ target/debs/trixie/makedumpfile_1.7.7-1_amd64.deb ]
[ 07 ] [ target/debs/trixie/kdump-tools_1.10.7_amd64.deb ]
[A[K[A[K[A[K[A[K[A[K[A[K[A[K[ 01 ] [ target/debs/trixie/systemd-sonic-generator_1.0.0_amd64.deb ]
[ 02 ] [ target/debs/trixie/initramfs-tools_0.142_all.deb ]
[ 03 ] [ target/debs/trixie/linux-headers-6.12.41+deb13-common-sonic_6.12.41-1_all.deb ]
[ 04 ] [ target/debs/trixie/sonic-device-data_1.0-1_all.deb ]
[ 05 ] [ target/debs/trixie/ifupdown2_3.0.0-1_all.deb ]
[ 06 ] [ target/debs/trixie/makedumpfile_1.7.7-1_amd64.deb ]
[ 07 ] [ target/debs/trixie/kdump-tools_1.10.7_amd64.deb ]
[ 08 ] [ target/debs/trixie/libpam-radius-auth_1.4.1-1_amd64.deb ]
[A[K[A[K[A[K[A[K[A[K[A[K[A[K[A[K[ 01 ] [ target/debs/trixie/systemd-sonic-generator_1.0.0_amd64.deb ]
[ 02 ] [ target/debs/trixie/linux-headers-6.12.41+deb13-common-sonic_6.12.41-1_all.deb ]
[ 03 ] [ target/debs/trixie/sonic-device-data_1.0-1_all.deb ]
[ 04 ] [ target/debs/trixie/ifupdown2_3.0.0-1_all.deb ]
[ 05 ] [ target/debs/trixie/makedumpfile_1.7.7-1_amd64.deb ]
[ 06 ] [ target/debs/trixie/kdump-tools_1.10.7_amd64.deb ]
[ 07 ] [ target/debs/trixie/libpam-radius-auth_1.4.1-1_amd64.deb ]
[A[K[A[K[A[K[A[K[A[K[A[K[A[K[ 01 ] [ target/debs/trixie/systemd-sonic-generator_1.0.0_amd64.deb ]
[ 02 ] [ target/debs/trixie/linux-headers-6.12.41+deb13-common-sonic_6.12.41-1_all.deb ]
[ 03 ] [ target/debs/trixie/sonic-device-data_1.0-1_all.deb ]
[ 04 ] [ target/debs/trixie/ifupdown2_3.0.0-1_all.deb ]
[ 05 ] [ target/debs/trixie/makedumpfile_1.7.7-1_amd64.deb ]
[ 06 ] [ target/debs/trixie/kdump-tools_1.10.7_amd64.deb ]
[ 07 ] [ target/debs/trixie/libpam-radius-auth_1.4.1-1_amd64.deb ]
[ 08 ] [ target/debs/trixie/libnss-radius_1.0.1-1_amd64.deb ]
[A[K[A[K[A[K[A[K[A[K[A[K[A[K[A[K[ 01 ] [ target/debs/trixie/systemd-sonic-generator_1.0.0_amd64.deb ]
[ 02 ] [ target/debs/trixie/linux-headers-6.12.41+deb13-common-sonic_6.12.41-1_all.deb ]
[ 03 ] [ target/debs/trixie/sonic-device-data_1.0-1_all.deb ]
[ 04 ] [ target/debs/trixie/ifupdown2_3.0.0-1_all.deb ]
[ 05 ] [ target/debs/trixie/makedumpfile_1.7.7-1_amd64.deb ]
[ 06 ] [ target/debs/trixie/kdump-tools_1.10.7_amd64.deb ]
[ 07 ] [ target/debs/trixie/libpam-radius-auth_1.4.1-1_amd64.deb ]
[A[K[A[K[A[K[A[K[A[K[A[K[A[K[ 01 ] [ target/debs/trixie/systemd-sonic-generator_1.0.0_amd64.deb ]
[ 02 ] [ target/debs/trixie/linux-headers-6.12.41+deb13-common-sonic_6.12.41-1_all.deb ]
[ 03 ] [ target/debs/trixie/sonic-device-data_1.0-1_all.deb ]
[ 04 ] [ target/debs/trixie/ifupdown2_3.0.0-1_all.deb ]
[ 05 ] [ target/debs/trixie/makedumpfile_1.7.7-1_amd64.deb ]
[ 06 ] [ target/debs/trixie/kdump-tools_1.10.7_amd64.deb ]
[ 07 ] [ target/debs/trixie/libpam-radius-auth_1.4.1-1_amd64.deb ]
[ 08 ] [ target/debs/trixie/libtac2_1.4.1-1_amd64.deb ]
[A[K[A[K[A[K[A[K[A[K[A[K[A[K[A[K[ 01 ] [ target/debs/trixie/systemd-sonic-generator_1.0.0_amd64.deb ]
[ 02 ] [ target/debs/trixie/linux-headers-6.12.41+deb13-common-sonic_6.12.41-1_all.deb ]
[ 03 ] [ target/debs/trixie/sonic-device-data_1.0-1_all.deb ]
[ 04 ] [ target/debs/trixie/ifupdown2_3.0.0-1_all.deb ]
[ 05 ] [ target/debs/trixie/kdump-tools_1.10.7_amd64.deb ]
[ 06 ] [ target/debs/trixie/libpam-radius-auth_1.4.1-1_amd64.deb ]
[ 07 ] [ target/debs/trixie/libtac2_1.4.1-1_amd64.deb ]
[A[K[A[K[A[K[A[K[A[K[A[K[A[K[ 01 ] [ target/debs/trixie/systemd-sonic-generator_1.0.0_amd64.deb ]
[ 02 ] [ target/debs/trixie/linux-headers-6.12.41+deb13-common-sonic_6.12.41-1_all.deb ]
[ 03 ] [ target/debs/trixie/sonic-device-data_1.0-1_all.deb ]
[ 04 ] [ target/debs/trixie/ifupdown2_3.0.0-1_all.deb ]
[ 05 ] [ target/debs/trixie/kdump-tools_1.10.7_amd64.deb ]
[ 06 ] [ target/debs/trixie/libpam-radius-auth_1.4.1-1_amd64.deb ]
[ 07 ] [ target/debs/trixie/libtac2_1.4.1-1_amd64.deb ]
[ 08 ] [ target/debs/trixie/monit_5.34.3-1_amd64.deb ]
[A[K[A[K[A[K[A[K[A[K[A[K[A[K[A[K[ 01 ] [ target/debs/trixie/systemd-sonic-generator_1.0.0_amd64.deb ]
[ 02 ] [ target/debs/trixie/linux-headers-6.12.41+deb13-common-sonic_6.12.41-1_all.deb ]
[ 03 ] [ target/debs/trixie/sonic-device-data_1.0-1_all.deb ]
[ 04 ] [ target/debs/trixie/kdump-tools_1.10.7_amd64.deb ]
[ 05 ] [ target/debs/trixie/libpam-radius-auth_1.4.1-1_amd64.deb ]
[ 06 ] [ target/debs/trixie/libtac2_1.4.1-1_amd64.deb ]
[ 07 ] [ target/debs/trixie/monit_5.34.3-1_amd64.deb ]
[A[K[A[K[A[K[A[K[A[K[A[K[A[K[ 01 ] [ target/debs/trixie/systemd-sonic-generator_1.0.0_amd64.deb ]
[ 02 ] [ target/debs/trixie/linux-headers-6.12.41+deb13-common-sonic_6.12.41-1_all.deb ]
[ 03 ] [ target/debs/trixie/sonic-device-data_1.0-1_all.deb ]
[ 04 ] [ target/debs/trixie/kdump-tools_1.10.7_amd64.deb ]
[ 05 ] [ target/debs/trixie/libpam-radius-auth_1.4.1-1_amd64.deb ]
[ 06 ] [ target/debs/trixie/libtac2_1.4.1-1_amd64.deb ]
[ 07 ] [ target/debs/trixie/monit_5.34.3-1_amd64.deb ]
[ 08 ] [ target/debs/trixie/libnl-3-200_3.7.0-0.2+b1sonic1_amd64.deb ]
[A[K[A[K[A[K[A[K[A[K[A[K[A[K[A[K[ 01 ] [ target/debs/trixie/linux-headers-6.12.41+deb13-common-sonic_6.12.41-1_all.deb ]
[ 02 ] [ target/debs/trixie/sonic-device-data_1.0-1_all.deb ]
[ 03 ] [ target/debs/trixie/kdump-tools_1.10.7_amd64.deb ]
[ 04 ] [ target/debs/trixie/libpam-radius-auth_1.4.1-1_amd64.deb ]
[ 05 ] [ target/debs/trixie/libtac2_1.4.1-1_amd64.deb ]
[ 06 ] [ target/debs/trixie/monit_5.34.3-1_amd64.deb ]
[ 07 ] [ target/debs/trixie/libnl-3-200_3.7.0-0.2+b1sonic1_amd64.deb ]
[A[K[A[K[A[K[A[K[A[K[A[K[A[K[ 01 ] [ target/debs/trixie/linux-headers-6.12.41+deb13-common-sonic_6.12.41-1_all.deb ]
[ 02 ] [ target/debs/trixie/sonic-device-data_1.0-1_all.deb ]
[ 03 ] [ target/debs/trixie/kdump-tools_1.10.7_amd64.deb ]
[ 04 ] [ target/debs/trixie/libpam-radius-auth_1.4.1-1_amd64.deb ]
[ 05 ] [ target/debs/trixie/libtac2_1.4.1-1_amd64.deb ]
[ 06 ] [ target/debs/trixie/monit_5.34.3-1_amd64.deb ]
[ 07 ] [ target/debs/trixie/libnl-3-200_3.7.0-0.2+b1sonic1_amd64.deb ]
[ 08 ] [ target/debs/trixie/libyang3_3.12.2-1_amd64.deb ]
[A[K[A[K[A[K[A[K[A[K[A[K[A[K[A[K[ 01 ] [ target/debs/trixie/linux-headers-6.12.41+deb13-common-sonic_6.12.41-1_all.deb ]
[ 02 ] [ target/debs/trixie/sonic-device-data_1.0-1_all.deb ]
[ 03 ] [ target/debs/trixie/libpam-radius-auth_1.4.1-1_amd64.deb ]
[ 04 ] [ target/debs/trixie/libtac2_1.4.1-1_amd64.deb ]
[ 05 ] [ target/debs/trixie/monit_5.34.3-1_amd64.deb ]
[ 06 ] [ target/debs/trixie/libnl-3-200_3.7.0-0.2+b1sonic1_amd64.deb ]
[ 07 ] [ target/debs/trixie/libyang3_3.12.2-1_amd64.deb ]
[A[K[A[K[A[K[A[K[A[K[A[K[A[K[ 01 ] [ target/debs/trixie/linux-headers-6.12.41+deb13-common-sonic_6.12.41-1_all.deb ]
[ 02 ] [ target/debs/trixie/sonic-device-data_1.0-1_all.deb ]
[ 03 ] [ target/debs/trixie/libpam-radius-auth_1.4.1-1_amd64.deb ]
[ 04 ] [ target/debs/trixie/libtac2_1.4.1-1_amd64.deb ]
[ 05 ] [ target/debs/trixie/monit_5.34.3-1_amd64.deb ]
[ 06 ] [ target/debs/trixie/libnl-3-200_3.7.0-0.2+b1sonic1_amd64.deb ]
[ 07 ] [ target/debs/trixie/libyang3_3.12.2-1_amd64.deb ]
[ 08 ] [ target/debs/trixie/sonic-nettools_0.0.1-0_amd64.deb ]
[A[K[A[K[A[K[A[K[A[K[A[K[A[K[A[K[ 01 ] [ target/debs/trixie/linux-headers-6.12.41+deb13-common-sonic_6.12.41-1_all.deb ]
[ 02 ] [ target/debs/trixie/sonic-device-data_1.0-1_all.deb ]
[ 03 ] [ target/debs/trixie/libpam-radius-auth_1.4.1-1_amd64.deb ]
[ 04 ] [ target/debs/trixie/monit_5.34.3-1_amd64.deb ]
[ 05 ] [ target/debs/trixie/libnl-3-200_3.7.0-0.2+b1sonic1_amd64.deb ]
[ 06 ] [ target/debs/trixie/libyang3_3.12.2-1_amd64.deb ]
[ 07 ] [ target/debs/trixie/sonic-nettools_0.0.1-0_amd64.deb ]
[A[K[A[K[A[K[A[K[A[K[A[K[A[K[ 01 ] [ target/debs/trixie/linux-headers-6.12.41+deb13-common-sonic_6.12.41-1_all.deb ]
[ 02 ] [ target/debs/trixie/sonic-device-data_1.0-1_all.deb ]
[ 03 ] [ target/debs/trixie/libpam-radius-auth_1.4.1-1_amd64.deb ]
[ 04 ] [ target/debs/trixie/monit_5.34.3-1_amd64.deb ]
[ 05 ] [ target/debs/trixie/libnl-3-200_3.7.0-0.2+b1sonic1_amd64.deb ]
[ 06 ] [ target/debs/trixie/libyang3_3.12.2-1_amd64.deb ]
[ 07 ] [ target/debs/trixie/sonic-nettools_0.0.1-0_amd64.deb ]
[ 08 ] [ target/python-wheels/trixie/redis_dump_load-1.1-py3-none-any.whl ]
[A[K[A[K[A[K[A[K[A[K[A[K[A[K[A[K[ 01 ] [ target/debs/trixie/linux-headers-6.12.41+deb13-common-sonic_6.12.41-1_all.deb ]
[ 02 ] [ target/debs/trixie/sonic-device-data_1.0-1_all.deb ]
[ 03 ] [ target/debs/trixie/libpam-radius-auth_1.4.1-1_amd64.deb ]
[ 04 ] [ target/debs/trixie/monit_5.34.3-1_amd64.deb ]
[ 05 ] [ target/debs/trixie/libnl-3-200_3.7.0-0.2+b1sonic1_amd64.deb ]
[ 06 ] [ target/debs/trixie/libyang3_3.12.2-1_amd64.deb ]
[ 07 ] [ target/debs/trixie/sonic-nettools_0.0.1-0_amd64.deb ]
[A[K[A[K[A[K[A[K[A[K[A[K[A[K[ 01 ] [ target/debs/trixie/linux-headers-6.12.41+deb13-common-sonic_6.12.41-1_all.deb ]
[ 02 ] [ target/debs/trixie/sonic-device-data_1.0-1_all.deb ]
[ 03 ] [ target/debs/trixie/libpam-radius-auth_1.4.1-1_amd64.deb ]
[ 04 ] [ target/debs/trixie/monit_5.34.3-1_amd64.deb ]
[ 05 ] [ target/debs/trixie/libnl-3-200_3.7.0-0.2+b1sonic1_amd64.deb ]
[ 06 ] [ target/debs/trixie/libyang3_3.12.2-1_amd64.deb ]
[ 07 ] [ target/debs/trixie/sonic-nettools_0.0.1-0_amd64.deb ]
[ 08 ] [ target/debs/trixie/sonic-host-services-data_1.0-1_all.deb ]
[A[K[A[K[A[K[A[K[A[K[A[K[A[K[A[K[ 01 ] [ target/debs/trixie/linux-headers-6.12.41+deb13-common-sonic_6.12.41-1_all.deb ]
[ 02 ] [ target/debs/trixie/sonic-device-data_1.0-1_all.deb ]
[ 03 ] [ target/debs/trixie/libpam-radius-auth_1.4.1-1_amd64.deb ]
[ 04 ] [ target/debs/trixie/monit_5.34.3-1_amd64.deb ]
[ 05 ] [ target/debs/trixie/libnl-3-200_3.7.0-0.2+b1sonic1_amd64.deb ]
[ 06 ] [ target/debs/trixie/libyang3_3.12.2-1_amd64.deb ]
[ 07 ] [ target/debs/trixie/sonic-nettools_0.0.1-0_amd64.deb ]
[A[K[A[K[A[K[A[K[A[K[A[K[A[K[ 01 ] [ target/debs/trixie/linux-headers-6.12.41+deb13-common-sonic_6.12.41-1_all.deb ]
[ 02 ] [ target/debs/trixie/sonic-device-data_1.0-1_all.deb ]
[ 03 ] [ target/debs/trixie/libpam-radius-auth_1.4.1-1_amd64.deb ]
[ 04 ] [ target/debs/trixie/monit_5.34.3-1_amd64.deb ]
[ 05 ] [ target/debs/trixie/libnl-3-200_3.7.0-0.2+b1sonic1_amd64.deb ]
[ 06 ] [ target/debs/trixie/libyang3_3.12.2-1_amd64.deb ]
[ 07 ] [ target/debs/trixie/sonic-nettools_0.0.1-0_amd64.deb ]
[ 08 ] [ target/debs/trixie/socat_1.7.4.1-3_amd64.deb ]
[A[K[A[K[A[K[A[K[A[K[A[K[A[K[A[K[ 01 ] [ target/debs/trixie/linux-headers-6.12.41+deb13-common-sonic_6.12.41-1_all.deb ]
[ 02 ] [ target/debs/trixie/sonic-device-data_1.0-1_all.deb ]
[ 03 ] [ target/debs/trixie/libpam-radius-auth_1.4.1-1_amd64.deb ]
[ 04 ] [ target/debs/trixie/libnl-3-200_3.7.0-0.2+b1sonic1_amd64.deb ]
[ 05 ] [ target/debs/trixie/libyang3_3.12.2-1_amd64.deb ]
[ 06 ] [ target/debs/trixie/sonic-nettools_0.0.1-0_amd64.deb ]
[ 07 ] [ target/debs/trixie/socat_1.7.4.1-3_amd64.deb ]
[A[K[A[K[A[K[A[K[A[K[A[K[A[K[ 01 ] [ target/debs/trixie/linux-headers-6.12.41+deb13-common-sonic_6.12.41-1_all.deb ]
[ 02 ] [ target/debs/trixie/sonic-device-data_1.0-1_all.deb ]
[ 03 ] [ target/debs/trixie/libpam-radius-auth_1.4.1-1_amd64.deb ]
[ 04 ] [ target/debs/trixie/libyang3_3.12.2-1_amd64.deb ]
[ 05 ] [ target/debs/trixie/sonic-nettools_0.0.1-0_amd64.deb ]
[ 06 ] [ target/debs/trixie/socat_1.7.4.1-3_amd64.deb ]
[A[K[A[K[A[K[A[K[A[K[A[K[ 01 ] [ target/debs/trixie/linux-headers-6.12.41+deb13-common-sonic_6.12.41-1_all.deb ]
[ 02 ] [ target/debs/trixie/sonic-device-data_1.0-1_all.deb ]
[ 03 ] [ target/debs/trixie/libpam-radius-auth_1.4.1-1_amd64.deb ]
[ 04 ] [ target/debs/trixie/libyang3_3.12.2-1_amd64.deb ]
[ 05 ] [ target/debs/trixie/sonic-nettools_0.0.1-0_amd64.deb ]
[ 06 ] [ target/debs/trixie/socat_1.7.4.1-3_amd64.deb ]
[ 07 ] [ target/debs/trixie/bash_5.2.37-2_amd64.deb ]
[A[K[A[K[A[K[A[K[A[K[A[K[A[K[ 01 ] [ target/debs/trixie/linux-headers-6.12.41+deb13-common-sonic_6.12.41-1_all.deb ]
[ 02 ] [ target/debs/trixie/sonic-device-data_1.0-1_all.deb ]
[ 03 ] [ target/debs/trixie/libpam-radius-auth_1.4.1-1_amd64.deb ]
[ 04 ] [ target/debs/trixie/libyang3_3.12.2-1_amd64.deb ]
[ 05 ] [ target/debs/trixie/sonic-nettools_0.0.1-0_amd64.deb ]
[ 06 ] [ target/debs/trixie/socat_1.7.4.1-3_amd64.deb ]
[ 07 ] [ target/debs/trixie/bash_5.2.37-2_amd64.deb ]
[ 08 ] [ target/debs/trixie/libtac2_1.4.1-1_amd64.deb-install ]
[A[K[A[K[A[K[A[K[A[K[A[K[A[K[A[K[ 01 ] [ target/debs/trixie/linux-headers-6.12.41+deb13-common-sonic_6.12.41-1_all.deb ]
[ 02 ] [ target/debs/trixie/sonic-device-data_1.0-1_all.deb ]
[ 03 ] [ target/debs/trixie/libpam-radius-auth_1.4.1-1_amd64.deb ]
[ 04 ] [ target/debs/trixie/libyang3_3.12.2-1_amd64.deb ]
[ 05 ] [ target/debs/trixie/sonic-nettools_0.0.1-0_amd64.deb ]
[ 06 ] [ target/debs/trixie/socat_1.7.4.1-3_amd64.deb ]
[ 07 ] [ target/debs/trixie/bash_5.2.37-2_amd64.deb ]
[A[K[A[K[A[K[A[K[A[K[A[K[A[K[ 01 ] [ target/debs/trixie/linux-headers-6.12.41+deb13-common-sonic_6.12.41-1_all.deb ]
[ 02 ] [ target/debs/trixie/sonic-device-data_1.0-1_all.deb ]
[ 03 ] [ target/debs/trixie/libpam-radius-auth_1.4.1-1_amd64.deb ]
[ 04 ] [ target/debs/trixie/libyang3_3.12.2-1_amd64.deb ]
[ 05 ] [ target/debs/trixie/sonic-nettools_0.0.1-0_amd64.deb ]
[ 06 ] [ target/debs/trixie/socat_1.7.4.1-3_amd64.deb ]
[ 07 ] [ target/debs/trixie/bash_5.2.37-2_amd64.deb ]
[ 08 ] [ target/debs/trixie/libnl-3-200_3.7.0-0.2+b1sonic1_amd64.deb-install ]
[A[K[A[K[A[K[A[K[A[K[A[K[A[K[A[K[ 01 ] [ target/debs/trixie/linux-headers-6.12.41+deb13-common-sonic_6.12.41-1_all.deb ]
[ 02 ] [ target/debs/trixie/sonic-device-data_1.0-1_all.deb ]
[ 03 ] [ target/debs/trixie/libpam-radius-auth_1.4.1-1_amd64.deb ]
[ 04 ] [ target/debs/trixie/libyang3_3.12.2-1_amd64.deb ]
[ 05 ] [ target/debs/trixie/sonic-nettools_0.0.1-0_amd64.deb ]
[ 06 ] [ target/debs/trixie/socat_1.7.4.1-3_amd64.deb ]
[ 07 ] [ target/debs/trixie/bash_5.2.37-2_amd64.deb ]
[A[K[A[K[A[K[A[K[A[K[A[K[A[K[ 01 ] [ target/debs/trixie/linux-headers-6.12.41+deb13-common-sonic_6.12.41-1_all.deb ]
[ 02 ] [ target/debs/trixie/sonic-device-data_1.0-1_all.deb ]
[ 03 ] [ target/debs/trixie/libpam-radius-auth_1.4.1-1_amd64.deb ]
[ 04 ] [ target/debs/trixie/libyang3_3.12.2-1_amd64.deb ]
[ 05 ] [ target/debs/trixie/sonic-nettools_0.0.1-0_amd64.deb ]
[ 06 ] [ target/debs/trixie/socat_1.7.4.1-3_amd64.deb ]
[ 07 ] [ target/debs/trixie/bash_5.2.37-2_amd64.deb ]
[ 08 ] [ target/debs/trixie/sedutil_1.15-5ad84d8_amd64.deb ]
[A[K[A[K[A[K[A[K[A[K[A[K[A[K[A[K[ 01 ] [ target/debs/trixie/linux-headers-6.12.41+deb13-common-sonic_6.12.41-1_all.deb ]
[ 02 ] [ target/debs/trixie/sonic-device-data_1.0-1_all.deb ]
[ 03 ] [ target/debs/trixie/libpam-radius-auth_1.4.1-1_amd64.deb ]
[ 04 ] [ target/debs/trixie/libyang3_3.12.2-1_amd64.deb ]
[ 05 ] [ target/debs/trixie/sonic-nettools_0.0.1-0_amd64.deb ]
[ 06 ] [ target/debs/trixie/socat_1.7.4.1-3_amd64.deb ]
[ 07 ] [ target/debs/trixie/bash_5.2.37-2_amd64.deb ]
[A[K[A[K[A[K[A[K[A[K[A[K[A[K[ 01 ] [ target/debs/trixie/linux-headers-6.12.41+deb13-common-sonic_6.12.41-1_all.deb ]
[ 02 ] [ target/debs/trixie/sonic-device-data_1.0-1_all.deb ]
[ 03 ] [ target/debs/trixie/libpam-radius-auth_1.4.1-1_amd64.deb ]
[ 04 ] [ target/debs/trixie/libyang3_3.12.2-1_amd64.deb ]
[ 05 ] [ target/debs/trixie/sonic-nettools_0.0.1-0_amd64.deb ]
[ 06 ] [ target/debs/trixie/socat_1.7.4.1-3_amd64.deb ]
[ 07 ] [ target/debs/trixie/bash_5.2.37-2_amd64.deb ]
[ 08 ] [ target/debs/trixie/grub2-common_2.06-13+deb13u1_amd64.deb ]
[A[K[A[K[A[K[A[K[A[K[A[K[A[K[A[K[ 01 ] [ target/debs/trixie/linux-headers-6.12.41+deb13-common-sonic_6.12.41-1_all.deb ]
[ 02 ] [ target/debs/trixie/sonic-device-data_1.0-1_all.deb ]
[ 03 ] [ target/debs/trixie/libpam-radius-auth_1.4.1-1_amd64.deb ]
[ 04 ] [ target/debs/trixie/libyang3_3.12.2-1_amd64.deb ]
[ 05 ] [ target/debs/trixie/sonic-nettools_0.0.1-0_amd64.deb ]
[ 06 ] [ target/debs/trixie/bash_5.2.37-2_amd64.deb ]
[ 07 ] [ target/debs/trixie/grub2-common_2.06-13+deb13u1_amd64.deb ]
[A[K[A[K[A[K[A[K[A[K[A[K[A[K[ 01 ] [ target/debs/trixie/linux-headers-6.12.41+deb13-common-sonic_6.12.41-1_all.deb ]
[ 02 ] [ target/debs/trixie/sonic-device-data_1.0-1_all.deb ]
[ 03 ] [ target/debs/trixie/libpam-radius-auth_1.4.1-1_amd64.deb ]
[ 04 ] [ target/debs/trixie/libyang3_3.12.2-1_amd64.deb ]
[ 05 ] [ target/debs/trixie/sonic-nettools_0.0.1-0_amd64.deb ]
[ 06 ] [ target/debs/trixie/bash_5.2.37-2_amd64.deb ]
[ 07 ] [ target/debs/trixie/grub2-common_2.06-13+deb13u1_amd64.deb ]
[ 08 ] [ target/files/trixie/swss_vars.j2 ]
[A[K[A[K[A[K[A[K[A[K[A[K[A[K[A[K[ 01 ] [ target/debs/trixie/linux-headers-6.12.41+deb13-common-sonic_6.12.41-1_all.deb ]
[ 02 ] [ target/debs/trixie/sonic-device-data_1.0-1_all.deb ]
[ 03 ] [ target/debs/trixie/libpam-radius-auth_1.4.1-1_amd64.deb ]
[ 04 ] [ target/debs/trixie/libyang3_3.12.2-1_amd64.deb ]
[ 05 ] [ target/debs/trixie/sonic-nettools_0.0.1-0_amd64.deb ]
[ 06 ] [ target/debs/trixie/bash_5.2.37-2_amd64.deb ]
[ 07 ] [ target/debs/trixie/grub2-common_2.06-13+deb13u1_amd64.deb ]
[A[K[A[K[A[K[A[K[A[K[A[K[A[K[ 01 ] [ target/debs/trixie/linux-headers-6.12.41+deb13-common-sonic_6.12.41-1_all.deb ]
[ 02 ] [ target/debs/trixie/sonic-device-data_1.0-1_all.deb ]
[ 03 ] [ target/debs/trixie/libpam-radius-auth_1.4.1-1_amd64.deb ]
[ 04 ] [ target/debs/trixie/libyang3_3.12.2-1_amd64.deb ]
[ 05 ] [ target/debs/trixie/sonic-nettools_0.0.1-0_amd64.deb ]
[ 06 ] [ target/debs/trixie/bash_5.2.37-2_amd64.deb ]
[ 07 ] [ target/debs/trixie/grub2-common_2.06-13+deb13u1_amd64.deb ]
[ 08 ] [ target/files/trixie/rsyslog_plugin.conf.j2 ]
[A[K[A[K[A[K[A[K[A[K[A[K[A[K[A[K[ 01 ] [ target/debs/trixie/linux-headers-6.12.41+deb13-common-sonic_6.12.41-1_all.deb ]
[ 02 ] [ target/debs/trixie/sonic-device-data_1.0-1_all.deb ]
[ 03 ] [ target/debs/trixie/libpam-radius-auth_1.4.1-1_amd64.deb ]
[ 04 ] [ target/debs/trixie/libyang3_3.12.2-1_amd64.deb ]
[ 05 ] [ target/debs/trixie/sonic-nettools_0.0.1-0_amd64.deb ]
[ 06 ] [ target/debs/trixie/bash_5.2.37-2_amd64.deb ]
[ 07 ] [ target/debs/trixie/grub2-common_2.06-13+deb13u1_amd64.deb ]
[A[K[A[K[A[K[A[K[A[K[A[K[A[K[ 01 ] [ target/debs/trixie/linux-headers-6.12.41+deb13-common-sonic_6.12.41-1_all.deb ]
[ 02 ] [ target/debs/trixie/sonic-device-data_1.0-1_all.deb ]
[ 03 ] [ target/debs/trixie/libpam-radius-auth_1.4.1-1_amd64.deb ]
[ 04 ] [ target/debs/trixie/libyang3_3.12.2-1_amd64.deb ]
[ 05 ] [ target/debs/trixie/sonic-nettools_0.0.1-0_amd64.deb ]
[ 06 ] [ target/debs/trixie/bash_5.2.37-2_amd64.deb ]
[ 07 ] [ target/debs/trixie/grub2-common_2.06-13+deb13u1_amd64.deb ]
[ 08 ] [ target/files/trixie/container ]
[A[K[A[K[A[K[A[K[A[K[A[K[A[K[A[K[ 01 ] [ target/debs/trixie/linux-headers-6.12.41+deb13-common-sonic_6.12.41-1_all.deb ]
[ 02 ] [ target/debs/trixie/sonic-device-data_1.0-1_all.deb ]
[ 03 ] [ target/debs/trixie/libpam-radius-auth_1.4.1-1_amd64.deb ]
[ 04 ] [ target/debs/trixie/libyang3_3.12.2-1_amd64.deb ]
[ 05 ] [ target/debs/trixie/sonic-nettools_0.0.1-0_amd64.deb ]
[ 06 ] [ target/debs/trixie/bash_5.2.37-2_amd64.deb ]
[ 07 ] [ target/debs/trixie/grub2-common_2.06-13+deb13u1_amd64.deb ]
[A[K[A[K[A[K[A[K[A[K[A[K[A[K[ 01 ] [ target/debs/trixie/linux-headers-6.12.41+deb13-common-sonic_6.12.41-1_all.deb ]
[ 02 ] [ target/debs/trixie/sonic-device-data_1.0-1_all.deb ]
[ 03 ] [ target/debs/trixie/libpam-radius-auth_1.4.1-1_amd64.deb ]
[ 04 ] [ target/debs/trixie/libyang3_3.12.2-1_amd64.deb ]
[ 05 ] [ target/debs/trixie/sonic-nettools_0.0.1-0_amd64.deb ]
[ 06 ] [ target/debs/trixie/bash_5.2.37-2_amd64.deb ]
[ 07 ] [ target/debs/trixie/grub2-common_2.06-13+deb13u1_amd64.deb ]
[ 08 ] [ target/files/trixie/readiness_probe.sh ]
[A[K[A[K[A[K[A[K[A[K[A[K[A[K[A[K[ 01 ] [ target/debs/trixie/linux-headers-6.12.41+deb13-common-sonic_6.12.41-1_all.deb ]
[ 02 ] [ target/debs/trixie/sonic-device-data_1.0-1_all.deb ]
[ 03 ] [ target/debs/trixie/libpam-radius-auth_1.4.1-1_amd64.deb ]
[ 04 ] [ target/debs/trixie/libyang3_3.12.2-1_amd64.deb ]
[ 05 ] [ target/debs/trixie/sonic-nettools_0.0.1-0_amd64.deb ]
[ 06 ] [ target/debs/trixie/bash_5.2.37-2_amd64.deb ]
[ 07 ] [ target/debs/trixie/grub2-common_2.06-13+deb13u1_amd64.deb ]
[A[K[A[K[A[K[A[K[A[K[A[K[A[K[ 01 ] [ target/debs/trixie/linux-headers-6.12.41+deb13-common-sonic_6.12.41-1_all.deb ]
[ 02 ] [ target/debs/trixie/sonic-device-data_1.0-1_all.deb ]
[ 03 ] [ target/debs/trixie/libpam-radius-auth_1.4.1-1_amd64.deb ]
[ 04 ] [ target/debs/trixie/libyang3_3.12.2-1_amd64.deb ]
[ 05 ] [ target/debs/trixie/sonic-nettools_0.0.1-0_amd64.deb ]
[ 06 ] [ target/debs/trixie/bash_5.2.37-2_amd64.deb ]
[ 07 ] [ target/debs/trixie/grub2-common_2.06-13+deb13u1_amd64.deb ]
[ 08 ] [ target/files/trixie/container_startup.py ]
[A[K[A[K[A[K[A[K[A[K[A[K[A[K[A[K[ 01 ] [ target/debs/trixie/linux-headers-6.12.41+deb13-common-sonic_6.12.41-1_all.deb ]
[ 02 ] [ target/debs/trixie/sonic-device-data_1.0-1_all.deb ]
[ 03 ] [ target/debs/trixie/libpam-radius-auth_1.4.1-1_amd64.deb ]
[ 04 ] [ target/debs/trixie/libyang3_3.12.2-1_amd64.deb ]
[ 05 ] [ target/debs/trixie/sonic-nettools_0.0.1-0_amd64.deb ]
[ 06 ] [ target/debs/trixie/bash_5.2.37-2_amd64.deb ]
[ 07 ] [ target/debs/trixie/grub2-common_2.06-13+deb13u1_amd64.deb ]
[A[K[A[K[A[K[A[K[A[K[A[K[A[K[ 01 ] [ target/debs/trixie/linux-headers-6.12.41+deb13-common-sonic_6.12.41-1_all.deb ]
[ 02 ] [ target/debs/trixie/sonic-device-data_1.0-1_all.deb ]
[ 03 ] [ target/debs/trixie/libpam-radius-auth_1.4.1-1_amd64.deb ]
[ 04 ] [ target/debs/trixie/libyang3_3.12.2-1_amd64.deb ]
[ 05 ] [ target/debs/trixie/sonic-nettools_0.0.1-0_amd64.deb ]
[ 06 ] [ target/debs/trixie/bash_5.2.37-2_amd64.deb ]
[ 07 ] [ target/debs/trixie/grub2-common_2.06-13+deb13u1_amd64.deb ]
[ 08 ] [ target/python-wheels/trixie/redis_dump_load-1.1-py3-none-any.whl-install ]
[A[K[A[K[A[K[A[K[A[K[A[K[A[K[A[K[ 01 ] [ target/debs/trixie/linux-headers-6.12.41+deb13-common-sonic_6.12.41-1_all.deb ]
[ 02 ] [ target/debs/trixie/sonic-device-data_1.0-1_all.deb ]
[ 03 ] [ target/debs/trixie/libpam-radius-auth_1.4.1-1_amd64.deb ]
[ 04 ] [ target/debs/trixie/libyang3_3.12.2-1_amd64.deb ]
[ 05 ] [ target/debs/trixie/sonic-nettools_0.0.1-0_amd64.deb ]
[ 06 ] [ target/debs/trixie/bash_5.2.37-2_amd64.deb ]
[ 07 ] [ target/debs/trixie/grub2-common_2.06-13+deb13u1_amd64.deb ]
[A[K[A[K[A[K[A[K[A[K[A[K[A[K[ 01 ] [ target/debs/trixie/linux-headers-6.12.41+deb13-common-sonic_6.12.41-1_all.deb ]
[ 02 ] [ target/debs/trixie/sonic-device-data_1.0-1_all.deb ]
[ 03 ] [ target/debs/trixie/libpam-radius-auth_1.4.1-1_amd64.deb ]
[ 04 ] [ target/debs/trixie/libyang3_3.12.2-1_amd64.deb ]
[ 05 ] [ target/debs/trixie/sonic-nettools_0.0.1-0_amd64.deb ]
[ 06 ] [ target/debs/trixie/bash_5.2.37-2_amd64.deb ]
[ 07 ] [ target/debs/trixie/grub2-common_2.06-13+deb13u1_amd64.deb ]
[ 08 ] [ target/debs/trixie/iproute2_6.15.0-1+sonic.0_amd64.deb ]
[A[K[A[K[A[K[A[K[A[K[A[K[A[K[A[K[ 01 ] [ target/debs/trixie/linux-headers-6.12.41+deb13-common-sonic_6.12.41-1_all.deb ]
[ 02 ] [ target/debs/trixie/sonic-device-data_1.0-1_all.deb ]
[ 03 ] [ target/debs/trixie/libpam-radius-auth_1.4.1-1_amd64.deb ]
[ 04 ] [ target/debs/trixie/libyang3_3.12.2-1_amd64.deb ]
[ 05 ] [ target/debs/trixie/bash_5.2.37-2_amd64.deb ]
[ 06 ] [ target/debs/trixie/grub2-common_2.06-13+deb13u1_amd64.deb ]
[ 07 ] [ target/debs/trixie/iproute2_6.15.0-1+sonic.0_amd64.deb ]
[A[K[A[K[A[K[A[K[A[K[A[K[A[K[ 01 ] [ target/debs/trixie/linux-headers-6.12.41+deb13-common-sonic_6.12.41-1_all.deb ]
[ 02 ] [ target/debs/trixie/sonic-device-data_1.0-1_all.deb ]
[ 03 ] [ target/debs/trixie/libpam-radius-auth_1.4.1-1_amd64.deb ]
[ 04 ] [ target/debs/trixie/libyang3_3.12.2-1_amd64.deb ]
[ 05 ] [ target/debs/trixie/bash_5.2.37-2_amd64.deb ]
[ 06 ] [ target/debs/trixie/grub2-common_2.06-13+deb13u1_amd64.deb ]
[ 07 ] [ target/debs/trixie/iproute2_6.15.0-1+sonic.0_amd64.deb ]
[ 08 ] [ target/debs/trixie/symcrypt-openssl_1.9.4_amd64.deb ]
[A[K[A[K[A[K[A[K[A[K[A[K[A[K[A[K[ 01 ] [ target/debs/trixie/linux-headers-6.12.41+deb13-common-sonic_6.12.41-1_all.deb ]
[ 02 ] [ target/debs/trixie/sonic-device-data_1.0-1_all.deb ]
[ 03 ] [ target/debs/trixie/libpam-radius-auth_1.4.1-1_amd64.deb ]
[ 04 ] [ target/debs/trixie/libyang3_3.12.2-1_amd64.deb ]
[ 05 ] [ target/debs/trixie/bash_5.2.37-2_amd64.deb ]
[ 06 ] [ target/debs/trixie/grub2-common_2.06-13+deb13u1_amd64.deb ]
[ 07 ] [ target/debs/trixie/symcrypt-openssl_1.9.4_amd64.deb ]
[A[K[A[K[A[K[A[K[A[K[A[K[A[K[ 01 ] [ target/debs/trixie/linux-headers-6.12.41+deb13-common-sonic_6.12.41-1_all.deb ]
[ 02 ] [ target/debs/trixie/sonic-device-data_1.0-1_all.deb ]
[ 03 ] [ target/debs/trixie/libpam-radius-auth_1.4.1-1_amd64.deb ]
[ 04 ] [ target/debs/trixie/libyang3_3.12.2-1_amd64.deb ]
[ 05 ] [ target/debs/trixie/bash_5.2.37-2_amd64.deb ]
[ 06 ] [ target/debs/trixie/grub2-common_2.06-13+deb13u1_amd64.deb ]
[ 07 ] [ target/debs/trixie/symcrypt-openssl_1.9.4_amd64.deb ]
[ 08 ] [ target/debs/trixie/p4lang-pi_0.1.1-1_amd64.deb ]
[A[K[A[K[A[K[A[K[A[K[A[K[A[K[A[K[ 01 ] [ target/debs/trixie/linux-headers-6.12.41+deb13-common-sonic_6.12.41-1_all.deb ]
[ 02 ] [ target/debs/trixie/sonic-device-data_1.0-1_all.deb ]
[ 03 ] [ target/debs/trixie/libpam-radius-auth_1.4.1-1_amd64.deb ]
[ 04 ] [ target/debs/trixie/bash_5.2.37-2_amd64.deb ]
[ 05 ] [ target/debs/trixie/grub2-common_2.06-13+deb13u1_amd64.deb ]
[ 06 ] [ target/debs/trixie/symcrypt-openssl_1.9.4_amd64.deb ]
[ 07 ] [ target/debs/trixie/p4lang-pi_0.1.1-1_amd64.deb ]
[A[K[A[K[A[K[A[K[A[K[A[K[A[K[ 01 ] [ target/debs/trixie/linux-headers-6.12.41+deb13-common-sonic_6.12.41-1_all.deb ]
[ 02 ] [ target/debs/trixie/sonic-device-data_1.0-1_all.deb ]
[ 03 ] [ target/debs/trixie/libpam-radius-auth_1.4.1-1_amd64.deb ]
[ 04 ] [ target/debs/trixie/bash_5.2.37-2_amd64.deb ]
[ 05 ] [ target/debs/trixie/grub2-common_2.06-13+deb13u1_amd64.deb ]
[ 06 ] [ target/debs/trixie/p4lang-pi_0.1.1-1_amd64.deb ]
[A[K[A[K[A[K[A[K[A[K[A[K[ 01 ] [ target/debs/trixie/linux-headers-6.12.41+deb13-common-sonic_6.12.41-1_all.deb ]
[ 02 ] [ target/debs/trixie/sonic-device-data_1.0-1_all.deb ]
[ 03 ] [ target/debs/trixie/libpam-radius-auth_1.4.1-1_amd64.deb ]
[ 04 ] [ target/debs/trixie/bash_5.2.37-2_amd64.deb ]
[ 05 ] [ target/debs/trixie/grub2-common_2.06-13+deb13u1_amd64.deb ]
[ 06 ] [ target/debs/trixie/p4lang-pi_0.1.1-1_amd64.deb ]
[ 07 ] [ target/debs/trixie/libnexthopgroup_1.0.0_amd64.deb ]
[A[K[A[K[A[K[A[K[A[K[A[K[A[K[ 01 ] [ target/debs/trixie/linux-headers-6.12.41+deb13-common-sonic_6.12.41-1_all.deb ]
[ 02 ] [ target/debs/trixie/sonic-device-data_1.0-1_all.deb ]
[ 03 ] [ target/debs/trixie/libpam-radius-auth_1.4.1-1_amd64.deb ]
[ 04 ] [ target/debs/trixie/bash_5.2.37-2_amd64.deb ]
[ 05 ] [ target/debs/trixie/grub2-common_2.06-13+deb13u1_amd64.deb ]
[ 06 ] [ target/debs/trixie/p4lang-pi_0.1.1-1_amd64.deb ]
[ 07 ] [ target/debs/trixie/libnexthopgroup_1.0.0_amd64.deb ]
[ 08 ] [ target/debs/trixie/libyang3_3.12.2-1_amd64.deb-install ]
[A[K[A[K[A[K[A[K[A[K[A[K[A[K[A[K[ 01 ] [ target/debs/trixie/linux-headers-6.12.41+deb13-common-sonic_6.12.41-1_all.deb ]
[ 02 ] [ target/debs/trixie/sonic-device-data_1.0-1_all.deb ]
[ 03 ] [ target/debs/trixie/libpam-radius-auth_1.4.1-1_amd64.deb ]
[ 04 ] [ target/debs/trixie/bash_5.2.37-2_amd64.deb ]
[ 05 ] [ target/debs/trixie/grub2-common_2.06-13+deb13u1_amd64.deb ]
[ 06 ] [ target/debs/trixie/p4lang-pi_0.1.1-1_amd64.deb ]
[ 07 ] [ target/debs/trixie/libnexthopgroup_1.0.0_amd64.deb ]
[A[K[A[K[A[K[A[K[A[K[A[K[A[K[ 01 ] [ target/debs/trixie/linux-headers-6.12.41+deb13-common-sonic_6.12.41-1_all.deb ]
[ 02 ] [ target/debs/trixie/sonic-device-data_1.0-1_all.deb ]
[ 03 ] [ target/debs/trixie/libpam-radius-auth_1.4.1-1_amd64.deb ]
[ 04 ] [ target/debs/trixie/bash_5.2.37-2_amd64.deb ]
[ 05 ] [ target/debs/trixie/grub2-common_2.06-13+deb13u1_amd64.deb ]
[ 06 ] [ target/debs/trixie/p4lang-pi_0.1.1-1_amd64.deb ]
[ 07 ] [ target/debs/trixie/libnexthopgroup_1.0.0_amd64.deb ]
[ 08 ] [ target/debs/trixie/libdashapi_1.0.0_amd64.deb ]
[A[K[A[K[A[K[A[K[A[K[A[K[A[K[A[K[ 01 ] [ target/debs/trixie/linux-headers-6.12.41+deb13-common-sonic_6.12.41-1_all.deb ]
[ 02 ] [ target/debs/trixie/sonic-device-data_1.0-1_all.deb ]
[ 03 ] [ target/debs/trixie/libpam-radius-auth_1.4.1-1_amd64.deb ]
[ 04 ] [ target/debs/trixie/grub2-common_2.06-13+deb13u1_amd64.deb ]
[ 05 ] [ target/debs/trixie/p4lang-pi_0.1.1-1_amd64.deb ]
[ 06 ] [ target/debs/trixie/libnexthopgroup_1.0.0_amd64.deb ]
[ 07 ] [ target/debs/trixie/libdashapi_1.0.0_amd64.deb ]
[A[K[A[K[A[K[A[K[A[K[A[K[A[K[ 01 ] [ target/debs/trixie/linux-headers-6.12.41+deb13-common-sonic_6.12.41-1_all.deb ]
[ 02 ] [ target/debs/trixie/sonic-device-data_1.0-1_all.deb ]
[ 03 ] [ target/debs/trixie/libpam-radius-auth_1.4.1-1_amd64.deb ]
[ 04 ] [ target/debs/trixie/grub2-common_2.06-13+deb13u1_amd64.deb ]
[ 05 ] [ target/debs/trixie/p4lang-pi_0.1.1-1_amd64.deb ]
[ 06 ] [ target/debs/trixie/libnexthopgroup_1.0.0_amd64.deb ]
[ 07 ] [ target/debs/trixie/libdashapi_1.0.0_amd64.deb ]
[ 08 ] [ target/files/trixie/90-sonic.conf ]
[A[K[A[K[A[K[A[K[A[K[A[K[A[K[A[K[ 01 ] [ target/debs/trixie/linux-headers-6.12.41+deb13-common-sonic_6.12.41-1_all.deb ]
[ 02 ] [ target/debs/trixie/sonic-device-data_1.0-1_all.deb ]
[ 03 ] [ target/debs/trixie/libpam-radius-auth_1.4.1-1_amd64.deb ]
[ 04 ] [ target/debs/trixie/grub2-common_2.06-13+deb13u1_amd64.deb ]
[ 05 ] [ target/debs/trixie/p4lang-pi_0.1.1-1_amd64.deb ]
[ 06 ] [ target/debs/trixie/libnexthopgroup_1.0.0_amd64.deb ]
[ 07 ] [ target/debs/trixie/libdashapi_1.0.0_amd64.deb ]
[A[K[A[K[A[K[A[K[A[K[A[K[A[K[ 01 ] [ target/debs/trixie/linux-headers-6.12.41+deb13-common-sonic_6.12.41-1_all.deb ]
[ 02 ] [ target/debs/trixie/sonic-device-data_1.0-1_all.deb ]
[ 03 ] [ target/debs/trixie/libpam-radius-auth_1.4.1-1_amd64.deb ]
[ 04 ] [ target/debs/trixie/grub2-common_2.06-13+deb13u1_amd64.deb ]
[ 05 ] [ target/debs/trixie/p4lang-pi_0.1.1-1_amd64.deb ]
[ 06 ] [ target/debs/trixie/libnexthopgroup_1.0.0_amd64.deb ]
[ 07 ] [ target/debs/trixie/libdashapi_1.0.0_amd64.deb ]
[ 08 ] [ target/files/trixie/update_chassisdb_config ]
[A[K[A[K[A[K[A[K[A[K[A[K[A[K[A[K[ 01 ] [ target/debs/trixie/linux-headers-6.12.41+deb13-common-sonic_6.12.41-1_all.deb ]
[ 02 ] [ target/debs/trixie/sonic-device-data_1.0-1_all.deb ]
[ 03 ] [ target/debs/trixie/libpam-radius-auth_1.4.1-1_amd64.deb ]
[ 04 ] [ target/debs/trixie/grub2-common_2.06-13+deb13u1_amd64.deb ]
[ 05 ] [ target/debs/trixie/p4lang-pi_0.1.1-1_amd64.deb ]
[ 06 ] [ target/debs/trixie/libnexthopgroup_1.0.0_amd64.deb ]
[ 07 ] [ target/debs/trixie/libdashapi_1.0.0_amd64.deb ]
[A[K[A[K[A[K[A[K[A[K[A[K[A[K[ 01 ] [ target/debs/trixie/linux-headers-6.12.41+deb13-common-sonic_6.12.41-1_all.deb ]
[ 02 ] [ target/debs/trixie/sonic-device-data_1.0-1_all.deb ]
[ 03 ] [ target/debs/trixie/libpam-radius-auth_1.4.1-1_amd64.deb ]
[ 04 ] [ target/debs/trixie/grub2-common_2.06-13+deb13u1_amd64.deb ]
[ 05 ] [ target/debs/trixie/p4lang-pi_0.1.1-1_amd64.deb ]
[ 06 ] [ target/debs/trixie/libnexthopgroup_1.0.0_amd64.deb ]
[ 07 ] [ target/debs/trixie/libdashapi_1.0.0_amd64.deb ]
[ 08 ] [ target/files/trixie/container_checker ]
[A[K[A[K[A[K[A[K[A[K[A[K[A[K[A[K[ 01 ] [ target/debs/trixie/linux-headers-6.12.41+deb13-common-sonic_6.12.41-1_all.deb ]
[ 02 ] [ target/debs/trixie/sonic-device-data_1.0-1_all.deb ]
[ 03 ] [ target/debs/trixie/libpam-radius-auth_1.4.1-1_amd64.deb ]
[ 04 ] [ target/debs/trixie/grub2-common_2.06-13+deb13u1_amd64.deb ]
[ 05 ] [ target/debs/trixie/p4lang-pi_0.1.1-1_amd64.deb ]
[ 06 ] [ target/debs/trixie/libnexthopgroup_1.0.0_amd64.deb ]
[ 07 ] [ target/debs/trixie/libdashapi_1.0.0_amd64.deb ]
[A[K[A[K[A[K[A[K[A[K[A[K[A[K[ 01 ] [ target/debs/trixie/linux-headers-6.12.41+deb13-common-sonic_6.12.41-1_all.deb ]
[ 02 ] [ target/debs/trixie/sonic-device-data_1.0-1_all.deb ]
[ 03 ] [ target/debs/trixie/libpam-radius-auth_1.4.1-1_amd64.deb ]
[ 04 ] [ target/debs/trixie/grub2-common_2.06-13+deb13u1_amd64.deb ]
[ 05 ] [ target/debs/trixie/p4lang-pi_0.1.1-1_amd64.deb ]
[ 06 ] [ target/debs/trixie/libnexthopgroup_1.0.0_amd64.deb ]
[ 07 ] [ target/debs/trixie/libdashapi_1.0.0_amd64.deb ]
[ 08 ] [ target/files/trixie/gnmi.sh ]
[A[K[A[K[A[K[A[K[A[K[A[K[A[K[A[K[ 01 ] [ target/debs/trixie/linux-headers-6.12.41+deb13-common-sonic_6.12.41-1_all.deb ]
[ 02 ] [ target/debs/trixie/sonic-device-data_1.0-1_all.deb ]
[ 03 ] [ target/debs/trixie/libpam-radius-auth_1.4.1-1_amd64.deb ]
[ 04 ] [ target/debs/trixie/grub2-common_2.06-13+deb13u1_amd64.deb ]
[ 05 ] [ target/debs/trixie/p4lang-pi_0.1.1-1_amd64.deb ]
[ 06 ] [ target/debs/trixie/libnexthopgroup_1.0.0_amd64.deb ]
[ 07 ] [ target/debs/trixie/libdashapi_1.0.0_amd64.deb ]
[A[K[A[K[A[K[A[K[A[K[A[K[A[K[ 01 ] [ target/debs/trixie/linux-headers-6.12.41+deb13-common-sonic_6.12.41-1_all.deb ]
[ 02 ] [ target/debs/trixie/sonic-device-data_1.0-1_all.deb ]
[ 03 ] [ target/debs/trixie/libpam-radius-auth_1.4.1-1_amd64.deb ]
[ 04 ] [ target/debs/trixie/grub2-common_2.06-13+deb13u1_amd64.deb ]
[ 05 ] [ target/debs/trixie/p4lang-pi_0.1.1-1_amd64.deb ]
[ 06 ] [ target/debs/trixie/libnexthopgroup_1.0.0_amd64.deb ]
[ 07 ] [ target/debs/trixie/libdashapi_1.0.0_amd64.deb ]
[ 08 ] [ target/files/trixie/k8s_pod_control.sh ]
[A[K[A[K[A[K[A[K[A[K[A[K[A[K[A[K[ 01 ] [ target/debs/trixie/linux-headers-6.12.41+deb13-common-sonic_6.12.41-1_all.deb ]
[ 02 ] [ target/debs/trixie/sonic-device-data_1.0-1_all.deb ]
[ 03 ] [ target/debs/trixie/libpam-radius-auth_1.4.1-1_amd64.deb ]
[ 04 ] [ target/debs/trixie/grub2-common_2.06-13+deb13u1_amd64.deb ]
[ 05 ] [ target/debs/trixie/p4lang-pi_0.1.1-1_amd64.deb ]
[ 06 ] [ target/debs/trixie/libnexthopgroup_1.0.0_amd64.deb ]
[ 07 ] [ target/debs/trixie/libdashapi_1.0.0_amd64.deb ]
[A[K[A[K[A[K[A[K[A[K[A[K[A[K[ 01 ] [ target/debs/trixie/linux-headers-6.12.41+deb13-common-sonic_6.12.41-1_all.deb ]
[ 02 ] [ target/debs/trixie/sonic-device-data_1.0-1_all.deb ]
[ 03 ] [ target/debs/trixie/libpam-radius-auth_1.4.1-1_amd64.deb ]
[ 04 ] [ target/debs/trixie/grub2-common_2.06-13+deb13u1_amd64.deb ]
[ 05 ] [ target/debs/trixie/p4lang-pi_0.1.1-1_amd64.deb ]
[ 06 ] [ target/debs/trixie/libdashapi_1.0.0_amd64.deb ]
[A[K[A[K[A[K[A[K[A[K[A[K[ 01 ] [ target/debs/trixie/linux-headers-6.12.41+deb13-common-sonic_6.12.41-1_all.deb ]
[ 02 ] [ target/debs/trixie/libpam-radius-auth_1.4.1-1_amd64.deb ]
[ 03 ] [ target/debs/trixie/grub2-common_2.06-13+deb13u1_amd64.deb ]
[ 04 ] [ target/debs/trixie/p4lang-pi_0.1.1-1_amd64.deb ]
[ 05 ] [ target/debs/trixie/libdashapi_1.0.0_amd64.deb ]
[A[K[A[K[A[K[A[K[A[K[ 01 ] [ target/debs/trixie/linux-headers-6.12.41+deb13-common-sonic_6.12.41-1_all.deb ]
[ 02 ] [ target/debs/trixie/libpam-radius-auth_1.4.1-1_amd64.deb ]
[ 03 ] [ target/debs/trixie/grub2-common_2.06-13+deb13u1_amd64.deb ]
[ 04 ] [ target/debs/trixie/p4lang-pi_0.1.1-1_amd64.deb ]
[ 05 ] [ target/debs/trixie/libdashapi_1.0.0_amd64.deb ]
[ 06 ] [ target/debs/trixie/lldpd_1.0.16-1+deb12u1_amd64.deb ]
[A[K[A[K[A[K[A[K[A[K[A[K[ 01 ] [ target/debs/trixie/linux-headers-6.12.41+deb13-common-sonic_6.12.41-1_all.deb ]
[ 02 ] [ target/debs/trixie/libpam-radius-auth_1.4.1-1_amd64.deb ]
[ 03 ] [ target/debs/trixie/grub2-common_2.06-13+deb13u1_amd64.deb ]
[ 04 ] [ target/debs/trixie/p4lang-pi_0.1.1-1_amd64.deb ]
[ 05 ] [ target/debs/trixie/libdashapi_1.0.0_amd64.deb ]
[ 06 ] [ target/debs/trixie/lldpd_1.0.16-1+deb12u1_amd64.deb ]
[ 07 ] [ target/files/trixie/arp_update ]
[A[K[A[K[A[K[A[K[A[K[A[K[A[K[ 01 ] [ target/debs/trixie/linux-headers-6.12.41+deb13-common-sonic_6.12.41-1_all.deb ]
[ 02 ] [ target/debs/trixie/libpam-radius-auth_1.4.1-1_amd64.deb ]
[ 03 ] [ target/debs/trixie/grub2-common_2.06-13+deb13u1_amd64.deb ]
[ 04 ] [ target/debs/trixie/p4lang-pi_0.1.1-1_amd64.deb ]
[ 05 ] [ target/debs/trixie/libdashapi_1.0.0_amd64.deb ]
[ 06 ] [ target/debs/trixie/lldpd_1.0.16-1+deb12u1_amd64.deb ]
[A[K[A[K[A[K[A[K[A[K[A[K[ 01 ] [ target/debs/trixie/linux-headers-6.12.41+deb13-common-sonic_6.12.41-1_all.deb ]
[ 02 ] [ target/debs/trixie/libpam-radius-auth_1.4.1-1_amd64.deb ]
[ 03 ] [ target/debs/trixie/grub2-common_2.06-13+deb13u1_amd64.deb ]
[ 04 ] [ target/debs/trixie/p4lang-pi_0.1.1-1_amd64.deb ]
[ 05 ] [ target/debs/trixie/libdashapi_1.0.0_amd64.deb ]
[ 06 ] [ target/debs/trixie/lldpd_1.0.16-1+deb12u1_amd64.deb ]
[ 07 ] [ target/files/trixie/arp_update_vars.j2 ]
[A[K[A[K[A[K[A[K[A[K[A[K[A[K[ 01 ] [ target/debs/trixie/linux-headers-6.12.41+deb13-common-sonic_6.12.41-1_all.deb ]
[ 02 ] [ target/debs/trixie/libpam-radius-auth_1.4.1-1_amd64.deb ]
[ 03 ] [ target/debs/trixie/grub2-common_2.06-13+deb13u1_amd64.deb ]
[ 04 ] [ target/debs/trixie/p4lang-pi_0.1.1-1_amd64.deb ]
[ 05 ] [ target/debs/trixie/libdashapi_1.0.0_amd64.deb ]
[ 06 ] [ target/debs/trixie/lldpd_1.0.16-1+deb12u1_amd64.deb ]
[A[K[A[K[A[K[A[K[A[K[A[K[ 01 ] [ target/debs/trixie/linux-headers-6.12.41+deb13-common-sonic_6.12.41-1_all.deb ]
[ 02 ] [ target/debs/trixie/libpam-radius-auth_1.4.1-1_amd64.deb ]
[ 03 ] [ target/debs/trixie/grub2-common_2.06-13+deb13u1_amd64.deb ]
[ 04 ] [ target/debs/trixie/p4lang-pi_0.1.1-1_amd64.deb ]
[ 05 ] [ target/debs/trixie/libdashapi_1.0.0_amd64.deb ]
[ 06 ] [ target/debs/trixie/lldpd_1.0.16-1+deb12u1_amd64.deb ]
[ 07 ] [ target/python-wheels/trixie/scapy-2.6.1.dev0-py3-none-any.whl ]
[A[K[A[K[A[K[A[K[A[K[A[K[A[K[ 01 ] [ target/debs/trixie/linux-headers-6.12.41+deb13-common-sonic_6.12.41-1_all.deb ]
[ 02 ] [ target/debs/trixie/libpam-radius-auth_1.4.1-1_amd64.deb ]
[ 03 ] [ target/debs/trixie/grub2-common_2.06-13+deb13u1_amd64.deb ]
[ 04 ] [ target/debs/trixie/p4lang-pi_0.1.1-1_amd64.deb ]
[ 05 ] [ target/debs/trixie/libdashapi_1.0.0_amd64.deb ]
[ 06 ] [ target/debs/trixie/lldpd_1.0.16-1+deb12u1_amd64.deb ]
[ 07 ] [ target/python-wheels/trixie/scapy-2.6.1.dev0-py3-none-any.whl ]
[ 08 ] [ target/debs/trixie/lm-sensors_3.6.0-7.1_amd64.deb ]
[A[K[A[K[A[K[A[K[A[K[A[K[A[K[A[K[ 01 ] [ target/debs/trixie/linux-headers-6.12.41+deb13-common-sonic_6.12.41-1_all.deb ]
[ 02 ] [ target/debs/trixie/libpam-radius-auth_1.4.1-1_amd64.deb ]
[ 03 ] [ target/debs/trixie/grub2-common_2.06-13+deb13u1_amd64.deb ]
[ 04 ] [ target/debs/trixie/p4lang-pi_0.1.1-1_amd64.deb ]
[ 05 ] [ target/debs/trixie/libdashapi_1.0.0_amd64.deb ]
[ 06 ] [ target/debs/trixie/lldpd_1.0.16-1+deb12u1_amd64.deb ]
[ 07 ] [ target/debs/trixie/lm-sensors_3.6.0-7.1_amd64.deb ]
[A[K[A[K[A[K[A[K[A[K[A[K[A[K[ 01 ] [ target/debs/trixie/linux-headers-6.12.41+deb13-common-sonic_6.12.41-1_all.deb ]
[ 02 ] [ target/debs/trixie/libpam-radius-auth_1.4.1-1_amd64.deb ]
[ 03 ] [ target/debs/trixie/grub2-common_2.06-13+deb13u1_amd64.deb ]
[ 04 ] [ target/debs/trixie/p4lang-pi_0.1.1-1_amd64.deb ]
[ 05 ] [ target/debs/trixie/libdashapi_1.0.0_amd64.deb ]
[ 06 ] [ target/debs/trixie/lldpd_1.0.16-1+deb12u1_amd64.deb ]
[ 07 ] [ target/debs/trixie/lm-sensors_3.6.0-7.1_amd64.deb ]
[ 08 ] [ target/python-wheels/trixie/sonic_platform_pddf_common-1.0-py3-none-any.whl ]
[A[K[A[K[A[K[A[K[A[K[A[K[A[K[A[K[ 01 ] [ target/debs/trixie/linux-headers-6.12.41+deb13-common-sonic_6.12.41-1_all.deb ]
[ 02 ] [ target/debs/trixie/libpam-radius-auth_1.4.1-1_amd64.deb ]
[ 03 ] [ target/debs/trixie/grub2-common_2.06-13+deb13u1_amd64.deb ]
[ 04 ] [ target/debs/trixie/p4lang-pi_0.1.1-1_amd64.deb ]
[ 05 ] [ target/debs/trixie/libdashapi_1.0.0_amd64.deb ]
[ 06 ] [ target/debs/trixie/lldpd_1.0.16-1+deb12u1_amd64.deb ]
[ 07 ] [ target/python-wheels/trixie/sonic_platform_pddf_common-1.0-py3-none-any.whl ]
[A[K[A[K[A[K[A[K[A[K[A[K[A[K[ 01 ] [ target/debs/trixie/linux-headers-6.12.41+deb13-common-sonic_6.12.41-1_all.deb ]
[ 02 ] [ target/debs/trixie/libpam-radius-auth_1.4.1-1_amd64.deb ]
[ 03 ] [ target/debs/trixie/grub2-common_2.06-13+deb13u1_amd64.deb ]
[ 04 ] [ target/debs/trixie/p4lang-pi_0.1.1-1_amd64.deb ]
[ 05 ] [ target/debs/trixie/libdashapi_1.0.0_amd64.deb ]
[ 06 ] [ target/debs/trixie/lldpd_1.0.16-1+deb12u1_amd64.deb ]
[ 07 ] [ target/python-wheels/trixie/sonic_platform_pddf_common-1.0-py3-none-any.whl ]
[ 08 ] [ target/files/trixie/restapi.sh ]
[A[K[A[K[A[K[A[K[A[K[A[K[A[K[A[K[ 01 ] [ target/debs/trixie/linux-headers-6.12.41+deb13-common-sonic_6.12.41-1_all.deb ]
[ 02 ] [ target/debs/trixie/libpam-radius-auth_1.4.1-1_amd64.deb ]
[ 03 ] [ target/debs/trixie/grub2-common_2.06-13+deb13u1_amd64.deb ]
[ 04 ] [ target/debs/trixie/p4lang-pi_0.1.1-1_amd64.deb ]
[ 05 ] [ target/debs/trixie/libdashapi_1.0.0_amd64.deb ]
[ 06 ] [ target/debs/trixie/lldpd_1.0.16-1+deb12u1_amd64.deb ]
[ 07 ] [ target/python-wheels/trixie/sonic_platform_pddf_common-1.0-py3-none-any.whl ]
[A[K[A[K[A[K[A[K[A[K[A[K[A[K[ 01 ] [ target/debs/trixie/linux-headers-6.12.41+deb13-common-sonic_6.12.41-1_all.deb ]
[ 02 ] [ target/debs/trixie/libpam-radius-auth_1.4.1-1_amd64.deb ]
[ 03 ] [ target/debs/trixie/grub2-common_2.06-13+deb13u1_amd64.deb ]
[ 04 ] [ target/debs/trixie/p4lang-pi_0.1.1-1_amd64.deb ]
[ 05 ] [ target/debs/trixie/libdashapi_1.0.0_amd64.deb ]
[ 06 ] [ target/debs/trixie/lldpd_1.0.16-1+deb12u1_amd64.deb ]
[ 07 ] [ target/python-wheels/trixie/sonic_platform_pddf_common-1.0-py3-none-any.whl ]
[ 08 ] [ target/debs/trixie/hsflowd_2.0.51-26_amd64.deb ]
[A[K[A[K[A[K[A[K[A[K[A[K[A[K[A[K[ 01 ] [ target/debs/trixie/linux-headers-6.12.41+deb13-common-sonic_6.12.41-1_all.deb ]
[ 02 ] [ target/debs/trixie/libpam-radius-auth_1.4.1-1_amd64.deb ]
[ 03 ] [ target/debs/trixie/grub2-common_2.06-13+deb13u1_amd64.deb ]
[ 04 ] [ target/debs/trixie/p4lang-pi_0.1.1-1_amd64.deb ]
[ 05 ] [ target/debs/trixie/libdashapi_1.0.0_amd64.deb ]
[ 06 ] [ target/debs/trixie/lldpd_1.0.16-1+deb12u1_amd64.deb ]
[ 07 ] [ target/debs/trixie/hsflowd_2.0.51-26_amd64.deb ]
[A[K[A[K[A[K[A[K[A[K[A[K[A[K[ 01 ] [ target/debs/trixie/linux-headers-6.12.41+deb13-common-sonic_6.12.41-1_all.deb ]
[ 02 ] [ target/debs/trixie/libpam-radius-auth_1.4.1-1_amd64.deb ]
[ 03 ] [ target/debs/trixie/grub2-common_2.06-13+deb13u1_amd64.deb ]
[ 04 ] [ target/debs/trixie/p4lang-pi_0.1.1-1_amd64.deb ]
[ 05 ] [ target/debs/trixie/libdashapi_1.0.0_amd64.deb ]
[ 06 ] [ target/debs/trixie/lldpd_1.0.16-1+deb12u1_amd64.deb ]
[ 07 ] [ target/debs/trixie/hsflowd_2.0.51-26_amd64.deb ]
[ 08 ] [ target/debs/trixie/sflowtool_5.04_amd64.deb ]
[A[K[A[K[A[K[A[K[A[K[A[K[A[K[A[K[ 01 ] [ target/debs/trixie/linux-headers-6.12.41+deb13-common-sonic_6.12.41-1_all.deb ]
[ 02 ] [ target/debs/trixie/libpam-radius-auth_1.4.1-1_amd64.deb ]
[ 03 ] [ target/debs/trixie/grub2-common_2.06-13+deb13u1_amd64.deb ]
[ 04 ] [ target/debs/trixie/p4lang-pi_0.1.1-1_amd64.deb ]
[ 05 ] [ target/debs/trixie/libdashapi_1.0.0_amd64.deb ]
[ 06 ] [ target/debs/trixie/lldpd_1.0.16-1+deb12u1_amd64.deb ]
[ 07 ] [ target/debs/trixie/hsflowd_2.0.51-26_amd64.deb ]
[A[K[A[K[A[K[A[K[A[K[A[K[A[K[ 01 ] [ target/debs/trixie/linux-headers-6.12.41+deb13-common-sonic_6.12.41-1_all.deb ]
[ 02 ] [ target/debs/trixie/libpam-radius-auth_1.4.1-1_amd64.deb ]
[ 03 ] [ target/debs/trixie/grub2-common_2.06-13+deb13u1_amd64.deb ]
[ 04 ] [ target/debs/trixie/p4lang-pi_0.1.1-1_amd64.deb ]
[ 05 ] [ target/debs/trixie/libdashapi_1.0.0_amd64.deb ]
[ 06 ] [ target/debs/trixie/hsflowd_2.0.51-26_amd64.deb ]
[A[K[A[K[A[K[A[K[A[K[A[K[ 01 ] [ target/debs/trixie/linux-headers-6.12.41+deb13-common-sonic_6.12.41-1_all.deb ]
[ 02 ] [ target/debs/trixie/libpam-radius-auth_1.4.1-1_amd64.deb ]
[ 03 ] [ target/debs/trixie/grub2-common_2.06-13+deb13u1_amd64.deb ]
[ 04 ] [ target/debs/trixie/p4lang-pi_0.1.1-1_amd64.deb ]
[ 05 ] [ target/debs/trixie/hsflowd_2.0.51-26_amd64.deb ]
[A[K[A[K[A[K[A[K[A[K[ 01 ] [ target/debs/trixie/linux-headers-6.12.41+deb13-common-sonic_6.12.41-1_all.deb ]
[ 02 ] [ target/debs/trixie/libpam-radius-auth_1.4.1-1_amd64.deb ]
[ 03 ] [ target/debs/trixie/grub2-common_2.06-13+deb13u1_amd64.deb ]
[ 04 ] [ target/debs/trixie/p4lang-pi_0.1.1-1_amd64.deb ]
[ 05 ] [ target/debs/trixie/hsflowd_2.0.51-26_amd64.deb ]
[ 06 ] [ target/debs/trixie/psample_1.1-1_amd64.deb ]
[A[K[A[K[A[K[A[K[A[K[A[K[ 01 ] [ target/debs/trixie/linux-headers-6.12.41+deb13-common-sonic_6.12.41-1_all.deb ]
[ 02 ] [ target/debs/trixie/libpam-radius-auth_1.4.1-1_amd64.deb ]
[ 03 ] [ target/debs/trixie/grub2-common_2.06-13+deb13u1_amd64.deb ]
[ 04 ] [ target/debs/trixie/p4lang-pi_0.1.1-1_amd64.deb ]
[ 05 ] [ target/debs/trixie/hsflowd_2.0.51-26_amd64.deb ]
[ 06 ] [ target/debs/trixie/psample_1.1-1_amd64.deb ]
[ 07 ] [ target/docker-dash-engine.gz ]
[A[K[A[K[A[K[A[K[A[K[A[K[A[K[ 01 ] [ target/debs/trixie/linux-headers-6.12.41+deb13-common-sonic_6.12.41-1_all.deb ]
[ 02 ] [ target/debs/trixie/libpam-radius-auth_1.4.1-1_amd64.deb ]
[ 03 ] [ target/debs/trixie/grub2-common_2.06-13+deb13u1_amd64.deb ]
[ 04 ] [ target/debs/trixie/p4lang-pi_0.1.1-1_amd64.deb ]
[ 05 ] [ target/debs/trixie/hsflowd_2.0.51-26_amd64.deb ]
[ 06 ] [ target/debs/trixie/psample_1.1-1_amd64.deb ]
[ 07 ] [ target/docker-dash-engine.gz ]
[ 08 ] [ target/debs/trixie/isc-dhcp-relay_4.4.3-P1-2_amd64.deb ]
[A[K[A[K[A[K[A[K[A[K[A[K[A[K[A[K[ 01 ] [ target/debs/trixie/linux-headers-6.12.41+deb13-common-sonic_6.12.41-1_all.deb ]
[ 02 ] [ target/debs/trixie/libpam-radius-auth_1.4.1-1_amd64.deb ]
[ 03 ] [ target/debs/trixie/grub2-common_2.06-13+deb13u1_amd64.deb ]
[ 04 ] [ target/debs/trixie/p4lang-pi_0.1.1-1_amd64.deb ]
[ 05 ] [ target/debs/trixie/hsflowd_2.0.51-26_amd64.deb ]
[ 06 ] [ target/docker-dash-engine.gz ]
[ 07 ] [ target/debs/trixie/isc-dhcp-relay_4.4.3-P1-2_amd64.deb ]
[A[K[A[K[A[K[A[K[A[K[A[K[A[K[ 01 ] [ target/debs/trixie/linux-headers-6.12.41+deb13-common-sonic_6.12.41-1_all.deb ]
[ 02 ] [ target/debs/trixie/libpam-radius-auth_1.4.1-1_amd64.deb ]
[ 03 ] [ target/debs/trixie/grub2-common_2.06-13+deb13u1_amd64.deb ]
[ 04 ] [ target/debs/trixie/p4lang-pi_0.1.1-1_amd64.deb ]
[ 05 ] [ target/debs/trixie/hsflowd_2.0.51-26_amd64.deb ]
[ 06 ] [ target/docker-dash-engine.gz ]
[ 07 ] [ target/debs/trixie/isc-dhcp-relay_4.4.3-P1-2_amd64.deb ]
[ 08 ] [ target/debs/trixie/rasdaemon_0.6.8-1_amd64.deb ]
[A[K[A[K[A[K[A[K[A[K[A[K[A[K[A[K[ 01 ] [ target/debs/trixie/linux-headers-6.12.41+deb13-common-sonic_6.12.41-1_all.deb ]
[ 02 ] [ target/debs/trixie/libpam-radius-auth_1.4.1-1_amd64.deb ]
[ 03 ] [ target/debs/trixie/grub2-common_2.06-13+deb13u1_amd64.deb ]
[ 04 ] [ target/debs/trixie/p4lang-pi_0.1.1-1_amd64.deb ]
[ 05 ] [ target/debs/trixie/hsflowd_2.0.51-26_amd64.deb ]
[ 06 ] [ target/docker-dash-engine.gz ]
[ 07 ] [ target/debs/trixie/isc-dhcp-relay_4.4.3-P1-2_amd64.deb ]
[A[K[A[K[A[K[A[K[A[K[A[K[A[K[ 01 ] [ target/debs/trixie/linux-headers-6.12.41+deb13-common-sonic_6.12.41-1_all.deb ]
[ 02 ] [ target/debs/trixie/libpam-radius-auth_1.4.1-1_amd64.deb ]
[ 03 ] [ target/debs/trixie/grub2-common_2.06-13+deb13u1_amd64.deb ]
[ 04 ] [ target/debs/trixie/p4lang-pi_0.1.1-1_amd64.deb ]
[ 05 ] [ target/debs/trixie/hsflowd_2.0.51-26_amd64.deb ]
[ 06 ] [ target/docker-dash-engine.gz ]
[ 07 ] [ target/debs/trixie/isc-dhcp-relay_4.4.3-P1-2_amd64.deb ]
[ 08 ] [ target/files/trixie/remote_ctr.config.json ]
[A[K[A[K[A[K[A[K[A[K[A[K[A[K[A[K[ 01 ] [ target/debs/trixie/linux-headers-6.12.41+deb13-common-sonic_6.12.41-1_all.deb ]
[ 02 ] [ target/debs/trixie/libpam-radius-auth_1.4.1-1_amd64.deb ]
[ 03 ] [ target/debs/trixie/grub2-common_2.06-13+deb13u1_amd64.deb ]
[ 04 ] [ target/debs/trixie/p4lang-pi_0.1.1-1_amd64.deb ]
[ 05 ] [ target/debs/trixie/hsflowd_2.0.51-26_amd64.deb ]
[ 06 ] [ target/docker-dash-engine.gz ]
[ 07 ] [ target/debs/trixie/isc-dhcp-relay_4.4.3-P1-2_amd64.deb ]
[A[K[A[K[A[K[A[K[A[K[A[K[A[K[ 01 ] [ target/debs/trixie/linux-headers-6.12.41+deb13-common-sonic_6.12.41-1_all.deb ]
[ 02 ] [ target/debs/trixie/libpam-radius-auth_1.4.1-1_amd64.deb ]
[ 03 ] [ target/debs/trixie/grub2-common_2.06-13+deb13u1_amd64.deb ]
[ 04 ] [ target/debs/trixie/p4lang-pi_0.1.1-1_amd64.deb ]
[ 05 ] [ target/debs/trixie/hsflowd_2.0.51-26_amd64.deb ]
[ 06 ] [ target/docker-dash-engine.gz ]
[ 07 ] [ target/debs/trixie/isc-dhcp-relay_4.4.3-P1-2_amd64.deb ]
[ 08 ] [ target/files/trixie/ctrmgrd.service ]
[A[K[A[K[A[K[A[K[A[K[A[K[A[K[A[K[ 01 ] [ target/debs/trixie/linux-headers-6.12.41+deb13-common-sonic_6.12.41-1_all.deb ]
[ 02 ] [ target/debs/trixie/libpam-radius-auth_1.4.1-1_amd64.deb ]
[ 03 ] [ target/debs/trixie/grub2-common_2.06-13+deb13u1_amd64.deb ]
[ 04 ] [ target/debs/trixie/p4lang-pi_0.1.1-1_amd64.deb ]
[ 05 ] [ target/debs/trixie/hsflowd_2.0.51-26_amd64.deb ]
[ 06 ] [ target/docker-dash-engine.gz ]
[ 07 ] [ target/debs/trixie/isc-dhcp-relay_4.4.3-P1-2_amd64.deb ]
[A[K[A[K[A[K[A[K[A[K[A[K[A[K[ 01 ] [ target/debs/trixie/linux-headers-6.12.41+deb13-common-sonic_6.12.41-1_all.deb ]
[ 02 ] [ target/debs/trixie/libpam-radius-auth_1.4.1-1_amd64.deb ]
[ 03 ] [ target/debs/trixie/grub2-common_2.06-13+deb13u1_amd64.deb ]
[ 04 ] [ target/debs/trixie/p4lang-pi_0.1.1-1_amd64.deb ]
[ 05 ] [ target/debs/trixie/hsflowd_2.0.51-26_amd64.deb ]
[ 06 ] [ target/docker-dash-engine.gz ]
[ 07 ] [ target/debs/trixie/isc-dhcp-relay_4.4.3-P1-2_amd64.deb ]
[ 08 ] [ target/debs/trixie/libpam-tacplus_1.4.1-1_amd64.deb ]
[A[K[A[K[A[K[A[K[A[K[A[K[A[K[A[K[ 01 ] [ target/debs/trixie/linux-headers-6.12.41+deb13-common-sonic_6.12.41-1_all.deb ]
[ 02 ] [ target/debs/trixie/libpam-radius-auth_1.4.1-1_amd64.deb ]
[ 03 ] [ target/debs/trixie/grub2-common_2.06-13+deb13u1_amd64.deb ]
[ 04 ] [ target/debs/trixie/p4lang-pi_0.1.1-1_amd64.deb ]
[ 05 ] [ target/debs/trixie/hsflowd_2.0.51-26_amd64.deb ]
[ 06 ] [ target/docker-dash-engine.gz ]
[ 07 ] [ target/debs/trixie/isc-dhcp-relay_4.4.3-P1-2_amd64.deb ]
[A[K[A[K[A[K[A[K[A[K[A[K[A[K[ 01 ] [ target/debs/trixie/linux-headers-6.12.41+deb13-common-sonic_6.12.41-1_all.deb ]
[ 02 ] [ target/debs/trixie/libpam-radius-auth_1.4.1-1_amd64.deb ]
[ 03 ] [ target/debs/trixie/grub2-common_2.06-13+deb13u1_amd64.deb ]
[ 04 ] [ target/debs/trixie/p4lang-pi_0.1.1-1_amd64.deb ]
[ 05 ] [ target/debs/trixie/hsflowd_2.0.51-26_amd64.deb ]
[ 06 ] [ target/docker-dash-engine.gz ]
[ 07 ] [ target/debs/trixie/isc-dhcp-relay_4.4.3-P1-2_amd64.deb ]
[ 08 ] [ target/debs/trixie/libtac-dev_1.4.1-1_amd64.deb ]
[A[K[A[K[A[K[A[K[A[K[A[K[A[K[A[K[ 01 ] [ target/debs/trixie/linux-headers-6.12.41+deb13-common-sonic_6.12.41-1_all.deb ]
[ 02 ] [ target/debs/trixie/libpam-radius-auth_1.4.1-1_amd64.deb ]
[ 03 ] [ target/debs/trixie/grub2-common_2.06-13+deb13u1_amd64.deb ]
[ 04 ] [ target/debs/trixie/p4lang-pi_0.1.1-1_amd64.deb ]
[ 05 ] [ target/debs/trixie/hsflowd_2.0.51-26_amd64.deb ]
[ 06 ] [ target/docker-dash-engine.gz ]
[ 07 ] [ target/debs/trixie/isc-dhcp-relay_4.4.3-P1-2_amd64.deb ]
[A[K[A[K[A[K[A[K[A[K[A[K[A[K[ 01 ] [ target/debs/trixie/linux-headers-6.12.41+deb13-common-sonic_6.12.41-1_all.deb ]
[ 02 ] [ target/debs/trixie/libpam-radius-auth_1.4.1-1_amd64.deb ]
[ 03 ] [ target/debs/trixie/grub2-common_2.06-13+deb13u1_amd64.deb ]
[ 04 ] [ target/debs/trixie/p4lang-pi_0.1.1-1_amd64.deb ]
[ 05 ] [ target/debs/trixie/hsflowd_2.0.51-26_amd64.deb ]
[ 06 ] [ target/docker-dash-engine.gz ]
[ 07 ] [ target/debs/trixie/isc-dhcp-relay_4.4.3-P1-2_amd64.deb ]
[ 08 ] [ target/debs/trixie/libnl-3-dev_3.7.0-0.2+b1sonic1_amd64.deb ]
[A[K[A[K[A[K[A[K[A[K[A[K[A[K[A[K[ 01 ] [ target/debs/trixie/linux-headers-6.12.41+deb13-common-sonic_6.12.41-1_all.deb ]
[ 02 ] [ target/debs/trixie/libpam-radius-auth_1.4.1-1_amd64.deb ]
[ 03 ] [ target/debs/trixie/grub2-common_2.06-13+deb13u1_amd64.deb ]
[ 04 ] [ target/debs/trixie/p4lang-pi_0.1.1-1_amd64.deb ]
[ 05 ] [ target/debs/trixie/hsflowd_2.0.51-26_amd64.deb ]
[ 06 ] [ target/docker-dash-engine.gz ]
[ 07 ] [ target/debs/trixie/isc-dhcp-relay_4.4.3-P1-2_amd64.deb ]
[A[K[A[K[A[K[A[K[A[K[A[K[A[K[ 01 ] [ target/debs/trixie/linux-headers-6.12.41+deb13-common-sonic_6.12.41-1_all.deb ]
[ 02 ] [ target/debs/trixie/libpam-radius-auth_1.4.1-1_amd64.deb ]
[ 03 ] [ target/debs/trixie/grub2-common_2.06-13+deb13u1_amd64.deb ]
[ 04 ] [ target/debs/trixie/p4lang-pi_0.1.1-1_amd64.deb ]
[ 05 ] [ target/debs/trixie/hsflowd_2.0.51-26_amd64.deb ]
[ 06 ] [ target/docker-dash-engine.gz ]
[ 07 ] [ target/debs/trixie/isc-dhcp-relay_4.4.3-P1-2_amd64.deb ]
[ 08 ] [ target/debs/trixie/libnl-route-3-200_3.7.0-0.2+b1sonic1_amd64.deb ]
[A[K[A[K[A[K[A[K[A[K[A[K[A[K[A[K[ 01 ] [ target/debs/trixie/linux-headers-6.12.41+deb13-common-sonic_6.12.41-1_all.deb ]
[ 02 ] [ target/debs/trixie/libpam-radius-auth_1.4.1-1_amd64.deb ]
[ 03 ] [ target/debs/trixie/grub2-common_2.06-13+deb13u1_amd64.deb ]
[ 04 ] [ target/debs/trixie/p4lang-pi_0.1.1-1_amd64.deb ]
[ 05 ] [ target/debs/trixie/hsflowd_2.0.51-26_amd64.deb ]
[ 06 ] [ target/docker-dash-engine.gz ]
[ 07 ] [ target/debs/trixie/isc-dhcp-relay_4.4.3-P1-2_amd64.deb ]
[A[K[A[K[A[K[A[K[A[K[A[K[A[K[ 01 ] [ target/debs/trixie/linux-headers-6.12.41+deb13-common-sonic_6.12.41-1_all.deb ]
[ 02 ] [ target/debs/trixie/libpam-radius-auth_1.4.1-1_amd64.deb ]
[ 03 ] [ target/debs/trixie/grub2-common_2.06-13+deb13u1_amd64.deb ]
[ 04 ] [ target/debs/trixie/p4lang-pi_0.1.1-1_amd64.deb ]
[ 05 ] [ target/debs/trixie/hsflowd_2.0.51-26_amd64.deb ]
[ 06 ] [ target/docker-dash-engine.gz ]
[ 07 ] [ target/debs/trixie/isc-dhcp-relay_4.4.3-P1-2_amd64.deb ]
[ 08 ] [ target/debs/trixie/libnl-3-dev_3.7.0-0.2+b1sonic1_amd64.deb-install ]
[A[K[A[K[A[K[A[K[A[K[A[K[A[K[A[K[ 01 ] [ target/debs/trixie/linux-headers-6.12.41+deb13-common-sonic_6.12.41-1_all.deb ]
[ 02 ] [ target/debs/trixie/libpam-radius-auth_1.4.1-1_amd64.deb ]
[ 03 ] [ target/debs/trixie/grub2-common_2.06-13+deb13u1_amd64.deb ]
[ 04 ] [ target/debs/trixie/p4lang-pi_0.1.1-1_amd64.deb ]
[ 05 ] [ target/debs/trixie/hsflowd_2.0.51-26_amd64.deb ]
[ 06 ] [ target/docker-dash-engine.gz ]
[ 07 ] [ target/debs/trixie/isc-dhcp-relay_4.4.3-P1-2_amd64.deb ]
[A[K[A[K[A[K[A[K[A[K[A[K[A[K[ 01 ] [ target/debs/trixie/linux-headers-6.12.41+deb13-common-sonic_6.12.41-1_all.deb ]
[ 02 ] [ target/debs/trixie/libpam-radius-auth_1.4.1-1_amd64.deb ]
[ 03 ] [ target/debs/trixie/grub2-common_2.06-13+deb13u1_amd64.deb ]
[ 04 ] [ target/debs/trixie/p4lang-pi_0.1.1-1_amd64.deb ]
[ 05 ] [ target/debs/trixie/hsflowd_2.0.51-26_amd64.deb ]
[ 06 ] [ target/docker-dash-engine.gz ]
[ 07 ] [ target/debs/trixie/isc-dhcp-relay_4.4.3-P1-2_amd64.deb ]
[ 08 ] [ target/debs/trixie/libnl-route-3-200_3.7.0-0.2+b1sonic1_amd64.deb-install ]
[A[K[A[K[A[K[A[K[A[K[A[K[A[K[A[K[ 01 ] [ target/debs/trixie/linux-headers-6.12.41+deb13-common-sonic_6.12.41-1_all.deb ]
[ 02 ] [ target/debs/trixie/libpam-radius-auth_1.4.1-1_amd64.deb ]
[ 03 ] [ target/debs/trixie/grub2-common_2.06-13+deb13u1_amd64.deb ]
[ 04 ] [ target/debs/trixie/p4lang-pi_0.1.1-1_amd64.deb ]
[ 05 ] [ target/debs/trixie/hsflowd_2.0.51-26_amd64.deb ]
[ 06 ] [ target/docker-dash-engine.gz ]
[ 07 ] [ target/debs/trixie/isc-dhcp-relay_4.4.3-P1-2_amd64.deb ]
[A[K[A[K[A[K[A[K[A[K[A[K[A[K[ 01 ] [ target/debs/trixie/linux-headers-6.12.41+deb13-common-sonic_6.12.41-1_all.deb ]
[ 02 ] [ target/debs/trixie/libpam-radius-auth_1.4.1-1_amd64.deb ]
[ 03 ] [ target/debs/trixie/grub2-common_2.06-13+deb13u1_amd64.deb ]
[ 04 ] [ target/debs/trixie/p4lang-pi_0.1.1-1_amd64.deb ]
[ 05 ] [ target/debs/trixie/hsflowd_2.0.51-26_amd64.deb ]
[ 06 ] [ target/docker-dash-engine.gz ]
[ 07 ] [ target/debs/trixie/isc-dhcp-relay_4.4.3-P1-2_amd64.deb ]
[ 08 ] [ target/debs/trixie/libyang-dev_3.12.2-1_amd64.deb ]
[A[K[A[K[A[K[A[K[A[K[A[K[A[K[A[K[ 01 ] [ target/debs/trixie/linux-headers-6.12.41+deb13-common-sonic_6.12.41-1_all.deb ]
[ 02 ] [ target/debs/trixie/libpam-radius-auth_1.4.1-1_amd64.deb ]
[ 03 ] [ target/debs/trixie/grub2-common_2.06-13+deb13u1_amd64.deb ]
[ 04 ] [ target/debs/trixie/p4lang-pi_0.1.1-1_amd64.deb ]
[ 05 ] [ target/debs/trixie/hsflowd_2.0.51-26_amd64.deb ]
[ 06 ] [ target/docker-dash-engine.gz ]
[ 07 ] [ target/debs/trixie/isc-dhcp-relay_4.4.3-P1-2_amd64.deb ]
[A[K[A[K[A[K[A[K[A[K[A[K[A[K[ 01 ] [ target/debs/trixie/linux-headers-6.12.41+deb13-common-sonic_6.12.41-1_all.deb ]
[ 02 ] [ target/debs/trixie/libpam-radius-auth_1.4.1-1_amd64.deb ]
[ 03 ] [ target/debs/trixie/grub2-common_2.06-13+deb13u1_amd64.deb ]
[ 04 ] [ target/debs/trixie/p4lang-pi_0.1.1-1_amd64.deb ]
[ 05 ] [ target/debs/trixie/hsflowd_2.0.51-26_amd64.deb ]
[ 06 ] [ target/docker-dash-engine.gz ]
[ 07 ] [ target/debs/trixie/isc-dhcp-relay_4.4.3-P1-2_amd64.deb ]
[ 08 ] [ target/debs/trixie/libnl-genl-3-200_3.7.0-0.2+b1sonic1_amd64.deb ]
[A[K[A[K[A[K[A[K[A[K[A[K[A[K[A[K[ 01 ] [ target/debs/trixie/linux-headers-6.12.41+deb13-common-sonic_6.12.41-1_all.deb ]
[ 02 ] [ target/debs/trixie/libpam-radius-auth_1.4.1-1_amd64.deb ]
[ 03 ] [ target/debs/trixie/grub2-common_2.06-13+deb13u1_amd64.deb ]
[ 04 ] [ target/debs/trixie/p4lang-pi_0.1.1-1_amd64.deb ]
[ 05 ] [ target/debs/trixie/hsflowd_2.0.51-26_amd64.deb ]
[ 06 ] [ target/docker-dash-engine.gz ]
[ 07 ] [ target/debs/trixie/isc-dhcp-relay_4.4.3-P1-2_amd64.deb ]
[A[K[A[K[A[K[A[K[A[K[A[K[A[K[ 01 ] [ target/debs/trixie/linux-headers-6.12.41+deb13-common-sonic_6.12.41-1_all.deb ]
[ 02 ] [ target/debs/trixie/libpam-radius-auth_1.4.1-1_amd64.deb ]
[ 03 ] [ target/debs/trixie/grub2-common_2.06-13+deb13u1_amd64.deb ]
[ 04 ] [ target/debs/trixie/p4lang-pi_0.1.1-1_amd64.deb ]
[ 05 ] [ target/debs/trixie/hsflowd_2.0.51-26_amd64.deb ]
[ 06 ] [ target/docker-dash-engine.gz ]
[ 07 ] [ target/debs/trixie/isc-dhcp-relay_4.4.3-P1-2_amd64.deb ]
[ 08 ] [ target/debs/trixie/libyang-dev_3.12.2-1_amd64.deb-install ]
[A[K[A[K[A[K[A[K[A[K[A[K[A[K[A[K[ 01 ] [ target/debs/trixie/linux-headers-6.12.41+deb13-common-sonic_6.12.41-1_all.deb ]
[ 02 ] [ target/debs/trixie/libpam-radius-auth_1.4.1-1_amd64.deb ]
[ 03 ] [ target/debs/trixie/grub2-common_2.06-13+deb13u1_amd64.deb ]
[ 04 ] [ target/debs/trixie/p4lang-pi_0.1.1-1_amd64.deb ]
[ 05 ] [ target/debs/trixie/hsflowd_2.0.51-26_amd64.deb ]
[ 06 ] [ target/docker-dash-engine.gz ]
[ 07 ] [ target/debs/trixie/isc-dhcp-relay_4.4.3-P1-2_amd64.deb ]
[A[K[A[K[A[K[A[K[A[K[A[K[A[K[ 01 ] [ target/debs/trixie/linux-headers-6.12.41+deb13-common-sonic_6.12.41-1_all.deb ]
[ 02 ] [ target/debs/trixie/libpam-radius-auth_1.4.1-1_amd64.deb ]
[ 03 ] [ target/debs/trixie/grub2-common_2.06-13+deb13u1_amd64.deb ]
[ 04 ] [ target/debs/trixie/p4lang-pi_0.1.1-1_amd64.deb ]
[ 05 ] [ target/debs/trixie/hsflowd_2.0.51-26_amd64.deb ]
[ 06 ] [ target/docker-dash-engine.gz ]
[ 07 ] [ target/debs/trixie/isc-dhcp-relay_4.4.3-P1-2_amd64.deb ]
[ 08 ] [ target/debs/trixie/libnl-genl-3-200_3.7.0-0.2+b1sonic1_amd64.deb-install ]
[A[K[A[K[A[K[A[K[A[K[A[K[A[K[A[K[ 01 ] [ target/debs/trixie/linux-headers-6.12.41+deb13-common-sonic_6.12.41-1_all.deb ]
[ 02 ] [ target/debs/trixie/libpam-radius-auth_1.4.1-1_amd64.deb ]
[ 03 ] [ target/debs/trixie/grub2-common_2.06-13+deb13u1_amd64.deb ]
[ 04 ] [ target/debs/trixie/p4lang-pi_0.1.1-1_amd64.deb ]
[ 05 ] [ target/debs/trixie/hsflowd_2.0.51-26_amd64.deb ]
[ 06 ] [ target/docker-dash-engine.gz ]
[ 07 ] [ target/debs/trixie/isc-dhcp-relay_4.4.3-P1-2_amd64.deb ]
[A[K[A[K[A[K[A[K[A[K[A[K[A[K[ 01 ] [ target/debs/trixie/linux-headers-6.12.41+deb13-common-sonic_6.12.41-1_all.deb ]
[ 02 ] [ target/debs/trixie/libpam-radius-auth_1.4.1-1_amd64.deb ]
[ 03 ] [ target/debs/trixie/grub2-common_2.06-13+deb13u1_amd64.deb ]
[ 04 ] [ target/debs/trixie/p4lang-pi_0.1.1-1_amd64.deb ]
[ 05 ] [ target/debs/trixie/hsflowd_2.0.51-26_amd64.deb ]
[ 06 ] [ target/docker-dash-engine.gz ]
[ 07 ] [ target/debs/trixie/isc-dhcp-relay_4.4.3-P1-2_amd64.deb ]
[ 08 ] [ target/python-wheels/trixie/swsssdk-2.0.1-py3-none-any.whl ]
[A[K[A[K[A[K[A[K[A[K[A[K[A[K[A[K[ 01 ] [ target/debs/trixie/linux-headers-6.12.41+deb13-common-sonic_6.12.41-1_all.deb ]
[ 02 ] [ target/debs/trixie/libpam-radius-auth_1.4.1-1_amd64.deb ]
[ 03 ] [ target/debs/trixie/grub2-common_2.06-13+deb13u1_amd64.deb ]
[ 04 ] [ target/debs/trixie/p4lang-pi_0.1.1-1_amd64.deb ]
[ 05 ] [ target/debs/trixie/hsflowd_2.0.51-26_amd64.deb ]
[ 06 ] [ target/docker-dash-engine.gz ]
[ 07 ] [ target/debs/trixie/isc-dhcp-relay_4.4.3-P1-2_amd64.deb ]
[A[K[A[K[A[K[A[K[A[K[A[K[A[K[ 01 ] [ target/debs/trixie/linux-headers-6.12.41+deb13-common-sonic_6.12.41-1_all.deb ]
[ 02 ] [ target/debs/trixie/libpam-radius-auth_1.4.1-1_amd64.deb ]
[ 03 ] [ target/debs/trixie/grub2-common_2.06-13+deb13u1_amd64.deb ]
[ 04 ] [ target/debs/trixie/p4lang-pi_0.1.1-1_amd64.deb ]
[ 05 ] [ target/debs/trixie/hsflowd_2.0.51-26_amd64.deb ]
[ 06 ] [ target/docker-dash-engine.gz ]
[ 07 ] [ target/debs/trixie/isc-dhcp-relay_4.4.3-P1-2_amd64.deb ]
[ 08 ] [ target/debs/trixie/libtac-dev_1.4.1-1_amd64.deb-install ]
[A[K[A[K[A[K[A[K[A[K[A[K[A[K[A[K[ 01 ] [ target/debs/trixie/linux-headers-6.12.41+deb13-common-sonic_6.12.41-1_all.deb ]
[ 02 ] [ target/debs/trixie/libpam-radius-auth_1.4.1-1_amd64.deb ]
[ 03 ] [ target/debs/trixie/grub2-common_2.06-13+deb13u1_amd64.deb ]
[ 04 ] [ target/debs/trixie/p4lang-pi_0.1.1-1_amd64.deb ]
[ 05 ] [ target/debs/trixie/hsflowd_2.0.51-26_amd64.deb ]
[ 06 ] [ target/docker-dash-engine.gz ]
[ 07 ] [ target/debs/trixie/isc-dhcp-relay_4.4.3-P1-2_amd64.deb ]
[A[K[A[K[A[K[A[K[A[K[A[K[A[K[ 01 ] [ target/debs/trixie/linux-headers-6.12.41+deb13-common-sonic_6.12.41-1_all.deb ]
[ 02 ] [ target/debs/trixie/libpam-radius-auth_1.4.1-1_amd64.deb ]
[ 03 ] [ target/debs/trixie/grub2-common_2.06-13+deb13u1_amd64.deb ]
[ 04 ] [ target/debs/trixie/p4lang-pi_0.1.1-1_amd64.deb ]
[ 05 ] [ target/debs/trixie/hsflowd_2.0.51-26_amd64.deb ]
[ 06 ] [ target/docker-dash-engine.gz ]
[ 07 ] [ target/debs/trixie/isc-dhcp-relay_4.4.3-P1-2_amd64.deb ]
[ 08 ] [ target/python-wheels/trixie/swsssdk-2.0.1-py3-none-any.whl-install ]
[A[K[A[K[A[K[A[K[A[K[A[K[A[K[A[K[ 01 ] [ target/debs/trixie/libpam-radius-auth_1.4.1-1_amd64.deb ]
[ 02 ] [ target/debs/trixie/grub2-common_2.06-13+deb13u1_amd64.deb ]
[ 03 ] [ target/debs/trixie/p4lang-pi_0.1.1-1_amd64.deb ]
[ 04 ] [ target/debs/trixie/hsflowd_2.0.51-26_amd64.deb ]
[ 05 ] [ target/docker-dash-engine.gz ]
[ 06 ] [ target/debs/trixie/isc-dhcp-relay_4.4.3-P1-2_amd64.deb ]
[ 07 ] [ target/python-wheels/trixie/swsssdk-2.0.1-py3-none-any.whl-install ]
[A[K[A[K[A[K[A[K[A[K[A[K[A[K[ 01 ] [ target/debs/trixie/libpam-radius-auth_1.4.1-1_amd64.deb ]
[ 02 ] [ target/debs/trixie/grub2-common_2.06-13+deb13u1_amd64.deb ]
[ 03 ] [ target/debs/trixie/p4lang-pi_0.1.1-1_amd64.deb ]
[ 04 ] [ target/debs/trixie/hsflowd_2.0.51-26_amd64.deb ]
[ 05 ] [ target/docker-dash-engine.gz ]
[ 06 ] [ target/debs/trixie/isc-dhcp-relay_4.4.3-P1-2_amd64.deb ]
[A[K[A[K[A[K[A[K[A[K[A[K[ 01 ] [ target/debs/trixie/libpam-radius-auth_1.4.1-1_amd64.deb ]
[ 02 ] [ target/debs/trixie/grub2-common_2.06-13+deb13u1_amd64.deb ]
[ 03 ] [ target/debs/trixie/p4lang-pi_0.1.1-1_amd64.deb ]
[ 04 ] [ target/debs/trixie/hsflowd_2.0.51-26_amd64.deb ]
[ 05 ] [ target/docker-dash-engine.gz ]
[ 06 ] [ target/debs/trixie/isc-dhcp-relay_4.4.3-P1-2_amd64.deb ]
[ 07 ] [ target/debs/trixie/libssl3t64_3.5.4-1+fips_amd64.deb ]
[A[K[A[K[A[K[A[K[A[K[A[K[A[K[ 01 ] [ target/debs/trixie/libpam-radius-auth_1.4.1-1_amd64.deb ]
[ 02 ] [ target/debs/trixie/grub2-common_2.06-13+deb13u1_amd64.deb ]
[ 03 ] [ target/debs/trixie/p4lang-pi_0.1.1-1_amd64.deb ]
[ 04 ] [ target/debs/trixie/hsflowd_2.0.51-26_amd64.deb ]
[ 05 ] [ target/docker-dash-engine.gz ]
[ 06 ] [ target/debs/trixie/isc-dhcp-relay_4.4.3-P1-2_amd64.deb ]
[ 07 ] [ target/debs/trixie/libssl3t64_3.5.4-1+fips_amd64.deb ]
[ 08 ] [ target/debs/trixie/libssl-dev_3.5.4-1+fips_amd64.deb ]
[A[K[A[K[A[K[A[K[A[K[A[K[A[K[A[K[ 01 ] [ target/debs/trixie/libpam-radius-auth_1.4.1-1_amd64.deb ]
[ 02 ] [ target/debs/trixie/grub2-common_2.06-13+deb13u1_amd64.deb ]
[ 03 ] [ target/debs/trixie/p4lang-pi_0.1.1-1_amd64.deb ]
[ 04 ] [ target/debs/trixie/hsflowd_2.0.51-26_amd64.deb ]
[ 05 ] [ target/docker-dash-engine.gz ]
[ 06 ] [ target/debs/trixie/isc-dhcp-relay_4.4.3-P1-2_amd64.deb ]
[ 07 ] [ target/debs/trixie/libssl3t64_3.5.4-1+fips_amd64.deb ]
[A[K[A[K[A[K[A[K[A[K[A[K[A[K[ 01 ] [ target/debs/trixie/libpam-radius-auth_1.4.1-1_amd64.deb ]
[ 02 ] [ target/debs/trixie/grub2-common_2.06-13+deb13u1_amd64.deb ]
[ 03 ] [ target/debs/trixie/p4lang-pi_0.1.1-1_amd64.deb ]
[ 04 ] [ target/debs/trixie/hsflowd_2.0.51-26_amd64.deb ]
[ 05 ] [ target/docker-dash-engine.gz ]
[ 06 ] [ target/debs/trixie/isc-dhcp-relay_4.4.3-P1-2_amd64.deb ]
[ 07 ] [ target/debs/trixie/libssl3t64_3.5.4-1+fips_amd64.deb ]
[ 08 ] [ target/debs/trixie/openssl_3.5.4-1+fips_amd64.deb ]
[A[K[A[K[A[K[A[K[A[K[A[K[A[K[A[K[ 01 ] [ target/debs/trixie/libpam-radius-auth_1.4.1-1_amd64.deb ]
[ 02 ] [ target/debs/trixie/grub2-common_2.06-13+deb13u1_amd64.deb ]
[ 03 ] [ target/debs/trixie/p4lang-pi_0.1.1-1_amd64.deb ]
[ 04 ] [ target/debs/trixie/hsflowd_2.0.51-26_amd64.deb ]
[ 05 ] [ target/docker-dash-engine.gz ]
[ 06 ] [ target/debs/trixie/isc-dhcp-relay_4.4.3-P1-2_amd64.deb ]
[ 07 ] [ target/debs/trixie/libssl3t64_3.5.4-1+fips_amd64.deb ]
[A[K[A[K[A[K[A[K[A[K[A[K[A[K[ 01 ] [ target/debs/trixie/libpam-radius-auth_1.4.1-1_amd64.deb ]
[ 02 ] [ target/debs/trixie/grub2-common_2.06-13+deb13u1_amd64.deb ]
[ 03 ] [ target/debs/trixie/p4lang-pi_0.1.1-1_amd64.deb ]
[ 04 ] [ target/debs/trixie/hsflowd_2.0.51-26_amd64.deb ]
[ 05 ] [ target/docker-dash-engine.gz ]
[ 06 ] [ target/debs/trixie/isc-dhcp-relay_4.4.3-P1-2_amd64.deb ]
[ 07 ] [ target/debs/trixie/libssl3t64_3.5.4-1+fips_amd64.deb ]
[ 08 ] [ target/debs/trixie/libk5crypto3_1.21.3-5+fips_amd64.deb ]
[A[K[A[K[A[K[A[K[A[K[A[K[A[K[A[K[ 01 ] [ target/debs/trixie/libpam-radius-auth_1.4.1-1_amd64.deb ]
[ 02 ] [ target/debs/trixie/grub2-common_2.06-13+deb13u1_amd64.deb ]
[ 03 ] [ target/debs/trixie/p4lang-pi_0.1.1-1_amd64.deb ]
[ 04 ] [ target/debs/trixie/hsflowd_2.0.51-26_amd64.deb ]
[ 05 ] [ target/docker-dash-engine.gz ]
[ 06 ] [ target/debs/trixie/isc-dhcp-relay_4.4.3-P1-2_amd64.deb ]
[ 07 ] [ target/debs/trixie/libssl3t64_3.5.4-1+fips_amd64.deb ]
[A[K[A[K[A[K[A[K[A[K[A[K[A[K[ 01 ] [ target/debs/trixie/libpam-radius-auth_1.4.1-1_amd64.deb ]
[ 02 ] [ target/debs/trixie/grub2-common_2.06-13+deb13u1_amd64.deb ]
[ 03 ] [ target/debs/trixie/p4lang-pi_0.1.1-1_amd64.deb ]
[ 04 ] [ target/debs/trixie/hsflowd_2.0.51-26_amd64.deb ]
[ 05 ] [ target/docker-dash-engine.gz ]
[ 06 ] [ target/debs/trixie/isc-dhcp-relay_4.4.3-P1-2_amd64.deb ]
[ 07 ] [ target/debs/trixie/libssl3t64_3.5.4-1+fips_amd64.deb ]
[ 08 ] [ target/debs/trixie/libkrb5support0_1.21.3-5+fips_amd64.deb ]
[A[K[A[K[A[K[A[K[A[K[A[K[A[K[A[K[ 01 ] [ target/debs/trixie/libpam-radius-auth_1.4.1-1_amd64.deb ]
[ 02 ] [ target/debs/trixie/grub2-common_2.06-13+deb13u1_amd64.deb ]
[ 03 ] [ target/debs/trixie/p4lang-pi_0.1.1-1_amd64.deb ]
[ 04 ] [ target/debs/trixie/hsflowd_2.0.51-26_amd64.deb ]
[ 05 ] [ target/docker-dash-engine.gz ]
[ 06 ] [ target/debs/trixie/isc-dhcp-relay_4.4.3-P1-2_amd64.deb ]
[ 07 ] [ target/debs/trixie/libssl3t64_3.5.4-1+fips_amd64.deb ]
[A[K[A[K[A[K[A[K[A[K[A[K[A[K[ 01 ] [ target/debs/trixie/libpam-radius-auth_1.4.1-1_amd64.deb ]
[ 02 ] [ target/debs/trixie/grub2-common_2.06-13+deb13u1_amd64.deb ]
[ 03 ] [ target/debs/trixie/p4lang-pi_0.1.1-1_amd64.deb ]
[ 04 ] [ target/debs/trixie/hsflowd_2.0.51-26_amd64.deb ]
[ 05 ] [ target/docker-dash-engine.gz ]
[ 06 ] [ target/debs/trixie/isc-dhcp-relay_4.4.3-P1-2_amd64.deb ]
[ 07 ] [ target/debs/trixie/libssl3t64_3.5.4-1+fips_amd64.deb ]
[ 08 ] [ target/debs/trixie/libkrb5-3_1.21.3-5+fips_amd64.deb ]
[A[K[A[K[A[K[A[K[A[K[A[K[A[K[A[K[ 01 ] [ target/debs/trixie/libpam-radius-auth_1.4.1-1_amd64.deb ]
[ 02 ] [ target/debs/trixie/grub2-common_2.06-13+deb13u1_amd64.deb ]
[ 03 ] [ target/debs/trixie/p4lang-pi_0.1.1-1_amd64.deb ]
[ 04 ] [ target/debs/trixie/hsflowd_2.0.51-26_amd64.deb ]
[ 05 ] [ target/docker-dash-engine.gz ]
[ 06 ] [ target/debs/trixie/isc-dhcp-relay_4.4.3-P1-2_amd64.deb ]
[ 07 ] [ target/debs/trixie/libssl3t64_3.5.4-1+fips_amd64.deb ]
[A[K[A[K[A[K[A[K[A[K[A[K[A[K[ 01 ] [ target/debs/trixie/libpam-radius-auth_1.4.1-1_amd64.deb ]
[ 02 ] [ target/debs/trixie/grub2-common_2.06-13+deb13u1_amd64.deb ]
[ 03 ] [ target/debs/trixie/p4lang-pi_0.1.1-1_amd64.deb ]
[ 04 ] [ target/debs/trixie/hsflowd_2.0.51-26_amd64.deb ]
[ 05 ] [ target/docker-dash-engine.gz ]
[ 06 ] [ target/debs/trixie/isc-dhcp-relay_4.4.3-P1-2_amd64.deb ]
[ 07 ] [ target/debs/trixie/libssl3t64_3.5.4-1+fips_amd64.deb ]
[ 08 ] [ target/debs/trixie/libgssapi-krb5-2_1.21.3-5+fips_amd64.deb ]
[A[K[A[K[A[K[A[K[A[K[A[K[A[K[A[K[ 01 ] [ target/debs/trixie/libpam-radius-auth_1.4.1-1_amd64.deb ]
[ 02 ] [ target/debs/trixie/grub2-common_2.06-13+deb13u1_amd64.deb ]
[ 03 ] [ target/debs/trixie/p4lang-pi_0.1.1-1_amd64.deb ]
[ 04 ] [ target/debs/trixie/hsflowd_2.0.51-26_amd64.deb ]
[ 05 ] [ target/docker-dash-engine.gz ]
[ 06 ] [ target/debs/trixie/isc-dhcp-relay_4.4.3-P1-2_amd64.deb ]
[ 07 ] [ target/debs/trixie/libssl3t64_3.5.4-1+fips_amd64.deb ]
[A[K[A[K[A[K[A[K[A[K[A[K[A[K[ 01 ] [ target/debs/trixie/libpam-radius-auth_1.4.1-1_amd64.deb ]
[ 02 ] [ target/debs/trixie/grub2-common_2.06-13+deb13u1_amd64.deb ]
[ 03 ] [ target/debs/trixie/p4lang-pi_0.1.1-1_amd64.deb ]
[ 04 ] [ target/debs/trixie/hsflowd_2.0.51-26_amd64.deb ]
[ 05 ] [ target/docker-dash-engine.gz ]
[ 06 ] [ target/debs/trixie/isc-dhcp-relay_4.4.3-P1-2_amd64.deb ]
[ 07 ] [ target/debs/trixie/libssl3t64_3.5.4-1+fips_amd64.deb ]
[ 08 ] [ target/debs/trixie/libnexthopgroup-dev_1.0.0_amd64.deb ]
[A[K[A[K[A[K[A[K[A[K[A[K[A[K[A[K[ 01 ] [ target/debs/trixie/libpam-radius-auth_1.4.1-1_amd64.deb ]
[ 02 ] [ target/debs/trixie/grub2-common_2.06-13+deb13u1_amd64.deb ]
[ 03 ] [ target/debs/trixie/p4lang-pi_0.1.1-1_amd64.deb ]
[ 04 ] [ target/debs/trixie/hsflowd_2.0.51-26_amd64.deb ]
[ 05 ] [ target/docker-dash-engine.gz ]
[ 06 ] [ target/debs/trixie/isc-dhcp-relay_4.4.3-P1-2_amd64.deb ]
[ 07 ] [ target/debs/trixie/libssl3t64_3.5.4-1+fips_amd64.deb ]
[A[K[A[K[A[K[A[K[A[K[A[K[A[K[ 01 ] [ target/debs/trixie/libpam-radius-auth_1.4.1-1_amd64.deb ]
[ 02 ] [ target/debs/trixie/grub2-common_2.06-13+deb13u1_amd64.deb ]
[ 03 ] [ target/debs/trixie/p4lang-pi_0.1.1-1_amd64.deb ]
[ 04 ] [ target/debs/trixie/hsflowd_2.0.51-26_amd64.deb ]
[ 05 ] [ target/docker-dash-engine.gz ]
[ 06 ] [ target/debs/trixie/isc-dhcp-relay_4.4.3-P1-2_amd64.deb ]
[ 07 ] [ target/debs/trixie/libssl3t64_3.5.4-1+fips_amd64.deb ]
[ 08 ] [ target/debs/trixie/libnexthopgroup_1.0.0_amd64.deb-install ]
[A[K[A[K[A[K[A[K[A[K[A[K[A[K[A[K[ 01 ] [ target/debs/trixie/libpam-radius-auth_1.4.1-1_amd64.deb ]
[ 02 ] [ target/debs/trixie/grub2-common_2.06-13+deb13u1_amd64.deb ]
[ 03 ] [ target/debs/trixie/p4lang-pi_0.1.1-1_amd64.deb ]
[ 04 ] [ target/debs/trixie/hsflowd_2.0.51-26_amd64.deb ]
[ 05 ] [ target/docker-dash-engine.gz ]
[ 06 ] [ target/debs/trixie/isc-dhcp-relay_4.4.3-P1-2_amd64.deb ]
[ 07 ] [ target/debs/trixie/libssl3t64_3.5.4-1+fips_amd64.deb ]
[A[K[A[K[A[K[A[K[A[K[A[K[A[K[ 01 ] [ target/debs/trixie/libpam-radius-auth_1.4.1-1_amd64.deb ]
[ 02 ] [ target/debs/trixie/grub2-common_2.06-13+deb13u1_amd64.deb ]
[ 03 ] [ target/debs/trixie/p4lang-pi_0.1.1-1_amd64.deb ]
[ 04 ] [ target/debs/trixie/hsflowd_2.0.51-26_amd64.deb ]
[ 05 ] [ target/docker-dash-engine.gz ]
[ 06 ] [ target/debs/trixie/isc-dhcp-relay_4.4.3-P1-2_amd64.deb ]
[ 07 ] [ target/debs/trixie/libssl3t64_3.5.4-1+fips_amd64.deb ]
[ 08 ] [ target/debs/trixie/libdashapi_1.0.0_amd64.deb-install ]
[A[K[A[K[A[K[A[K[A[K[A[K[A[K[A[K[ 01 ] [ target/debs/trixie/libpam-radius-auth_1.4.1-1_amd64.deb ]
[ 02 ] [ target/debs/trixie/grub2-common_2.06-13+deb13u1_amd64.deb ]
[ 03 ] [ target/debs/trixie/p4lang-pi_0.1.1-1_amd64.deb ]
[ 04 ] [ target/debs/trixie/hsflowd_2.0.51-26_amd64.deb ]
[ 05 ] [ target/docker-dash-engine.gz ]
[ 06 ] [ target/debs/trixie/isc-dhcp-relay_4.4.3-P1-2_amd64.deb ]
[ 07 ] [ target/debs/trixie/libssl3t64_3.5.4-1+fips_amd64.deb ]
[A[K[A[K[A[K[A[K[A[K[A[K[A[K[ 01 ] [ target/debs/trixie/libpam-radius-auth_1.4.1-1_amd64.deb ]
[ 02 ] [ target/debs/trixie/grub2-common_2.06-13+deb13u1_amd64.deb ]
[ 03 ] [ target/debs/trixie/p4lang-pi_0.1.1-1_amd64.deb ]
[ 04 ] [ target/debs/trixie/hsflowd_2.0.51-26_amd64.deb ]
[ 05 ] [ target/docker-dash-engine.gz ]
[ 06 ] [ target/debs/trixie/isc-dhcp-relay_4.4.3-P1-2_amd64.deb ]
[ 07 ] [ target/debs/trixie/libssl3t64_3.5.4-1+fips_amd64.deb ]
[ 08 ] [ target/debs/trixie/libnexthopgroup-dev_1.0.0_amd64.deb-install ]
[A[K[A[K[A[K[A[K[A[K[A[K[A[K[A[K[ 01 ] [ target/debs/trixie/libpam-radius-auth_1.4.1-1_amd64.deb ]
[ 02 ] [ target/debs/trixie/grub2-common_2.06-13+deb13u1_amd64.deb ]
[ 03 ] [ target/debs/trixie/p4lang-pi_0.1.1-1_amd64.deb ]
[ 04 ] [ target/debs/trixie/hsflowd_2.0.51-26_amd64.deb ]
[ 05 ] [ target/docker-dash-engine.gz ]
[ 06 ] [ target/debs/trixie/isc-dhcp-relay_4.4.3-P1-2_amd64.deb ]
[ 07 ] [ target/debs/trixie/libssl3t64_3.5.4-1+fips_amd64.deb ]
[A[K[A[K[A[K[A[K[A[K[A[K[A[K[ 01 ] [ target/debs/trixie/libpam-radius-auth_1.4.1-1_amd64.deb ]
[ 02 ] [ target/debs/trixie/grub2-common_2.06-13+deb13u1_amd64.deb ]
[ 03 ] [ target/debs/trixie/p4lang-pi_0.1.1-1_amd64.deb ]
[ 04 ] [ target/debs/trixie/hsflowd_2.0.51-26_amd64.deb ]
[ 05 ] [ target/docker-dash-engine.gz ]
[ 06 ] [ target/debs/trixie/isc-dhcp-relay_4.4.3-P1-2_amd64.deb ]
[ 07 ] [ target/debs/trixie/libssl3t64_3.5.4-1+fips_amd64.deb ]
[ 08 ] [ target/debs/trixie/libsensors5_3.6.0-7.1_amd64.deb ]
[A[K[A[K[A[K[A[K[A[K[A[K[A[K[A[K[ 01 ] [ target/debs/trixie/libpam-radius-auth_1.4.1-1_amd64.deb ]
[ 02 ] [ target/debs/trixie/grub2-common_2.06-13+deb13u1_amd64.deb ]
[ 03 ] [ target/debs/trixie/p4lang-pi_0.1.1-1_amd64.deb ]
[ 04 ] [ target/debs/trixie/hsflowd_2.0.51-26_amd64.deb ]
[ 05 ] [ target/docker-dash-engine.gz ]
[ 06 ] [ target/debs/trixie/isc-dhcp-relay_4.4.3-P1-2_amd64.deb ]
[ 07 ] [ target/debs/trixie/libssl3t64_3.5.4-1+fips_amd64.deb ]
[A[K[A[K[A[K[A[K[A[K[A[K[A[K[ 01 ] [ target/debs/trixie/libpam-radius-auth_1.4.1-1_amd64.deb ]
[ 02 ] [ target/debs/trixie/grub2-common_2.06-13+deb13u1_amd64.deb ]
[ 03 ] [ target/debs/trixie/p4lang-pi_0.1.1-1_amd64.deb ]
[ 04 ] [ target/debs/trixie/hsflowd_2.0.51-26_amd64.deb ]
[ 05 ] [ target/docker-dash-engine.gz ]
[ 06 ] [ target/debs/trixie/isc-dhcp-relay_4.4.3-P1-2_amd64.deb ]
[ 07 ] [ target/debs/trixie/libssl3t64_3.5.4-1+fips_amd64.deb ]
[ 08 ] [ target/debs/trixie/fancontrol_3.6.0-7.1_all.deb ]
[A[K[A[K[A[K[A[K[A[K[A[K[A[K[A[K[ 01 ] [ target/debs/trixie/libpam-radius-auth_1.4.1-1_amd64.deb ]
[ 02 ] [ target/debs/trixie/grub2-common_2.06-13+deb13u1_amd64.deb ]
[ 03 ] [ target/debs/trixie/p4lang-pi_0.1.1-1_amd64.deb ]
[ 04 ] [ target/debs/trixie/hsflowd_2.0.51-26_amd64.deb ]
[ 05 ] [ target/docker-dash-engine.gz ]
[ 06 ] [ target/debs/trixie/isc-dhcp-relay_4.4.3-P1-2_amd64.deb ]
[ 07 ] [ target/debs/trixie/libssl3t64_3.5.4-1+fips_amd64.deb ]
[A[K[A[K[A[K[A[K[A[K[A[K[A[K[ 01 ] [ target/debs/trixie/libpam-radius-auth_1.4.1-1_amd64.deb ]
[ 02 ] [ target/debs/trixie/grub2-common_2.06-13+deb13u1_amd64.deb ]
[ 03 ] [ target/debs/trixie/p4lang-pi_0.1.1-1_amd64.deb ]
[ 04 ] [ target/debs/trixie/hsflowd_2.0.51-26_amd64.deb ]
[ 05 ] [ target/docker-dash-engine.gz ]
[ 06 ] [ target/debs/trixie/isc-dhcp-relay_4.4.3-P1-2_amd64.deb ]
[ 07 ] [ target/debs/trixie/libssl3t64_3.5.4-1+fips_amd64.deb ]
[ 08 ] [ target/debs/trixie/sensord_3.6.0-7.1_amd64.deb ]
[A[K[A[K[A[K[A[K[A[K[A[K[A[K[A[K[ 01 ] [ target/debs/trixie/libpam-radius-auth_1.4.1-1_amd64.deb ]
[ 02 ] [ target/debs/trixie/grub2-common_2.06-13+deb13u1_amd64.deb ]
[ 03 ] [ target/debs/trixie/p4lang-pi_0.1.1-1_amd64.deb ]
[ 04 ] [ target/debs/trixie/hsflowd_2.0.51-26_amd64.deb ]
[ 05 ] [ target/docker-dash-engine.gz ]
[ 06 ] [ target/debs/trixie/isc-dhcp-relay_4.4.3-P1-2_amd64.deb ]
[ 07 ] [ target/debs/trixie/libssl3t64_3.5.4-1+fips_amd64.deb ]
[A[K[A[K[A[K[A[K[A[K[A[K[A[K[ 01 ] [ target/debs/trixie/libpam-radius-auth_1.4.1-1_amd64.deb ]
[ 02 ] [ target/debs/trixie/grub2-common_2.06-13+deb13u1_amd64.deb ]
[ 03 ] [ target/debs/trixie/p4lang-pi_0.1.1-1_amd64.deb ]
[ 04 ] [ target/debs/trixie/hsflowd_2.0.51-26_amd64.deb ]
[ 05 ] [ target/docker-dash-engine.gz ]
[ 06 ] [ target/debs/trixie/isc-dhcp-relay_4.4.3-P1-2_amd64.deb ]
[ 07 ] [ target/debs/trixie/libssl3t64_3.5.4-1+fips_amd64.deb ]
[ 08 ] [ target/debs/trixie/linux-headers-6.12.41+deb13-common-sonic_6.12.41-1_all.deb-install ]
[A[K[A[K[A[K[A[K[A[K[A[K[A[K[A[K[ 01 ] [ target/debs/trixie/libpam-radius-auth_1.4.1-1_amd64.deb ]
[ 02 ] [ target/debs/trixie/grub2-common_2.06-13+deb13u1_amd64.deb ]
[ 03 ] [ target/debs/trixie/p4lang-pi_0.1.1-1_amd64.deb ]
[ 04 ] [ target/debs/trixie/hsflowd_2.0.51-26_amd64.deb ]
[ 05 ] [ target/docker-dash-engine.gz ]
[ 06 ] [ target/debs/trixie/isc-dhcp-relay_4.4.3-P1-2_amd64.deb ]
[ 07 ] [ target/debs/trixie/libssl3t64_3.5.4-1+fips_amd64.deb ]
[A[K[A[K[A[K[A[K[A[K[A[K[A[K[ 01 ] [ target/debs/trixie/libpam-radius-auth_1.4.1-1_amd64.deb ]
[ 02 ] [ target/debs/trixie/grub2-common_2.06-13+deb13u1_amd64.deb ]
[ 03 ] [ target/debs/trixie/p4lang-pi_0.1.1-1_amd64.deb ]
[ 04 ] [ target/debs/trixie/hsflowd_2.0.51-26_amd64.deb ]
[ 05 ] [ target/docker-dash-engine.gz ]
[ 06 ] [ target/debs/trixie/isc-dhcp-relay_4.4.3-P1-2_amd64.deb ]
[ 07 ] [ target/debs/trixie/libssl3t64_3.5.4-1+fips_amd64.deb ]
[ 08 ] [ target/debs/trixie/linux-image-6.12.41+deb13-sonic-amd64-unsigned_6.12.41-1_amd64.deb ]
[A[K[A[K[A[K[A[K[A[K[A[K[A[K[A[K[ 01 ] [ target/debs/trixie/libpam-radius-auth_1.4.1-1_amd64.deb ]
[ 02 ] [ target/debs/trixie/grub2-common_2.06-13+deb13u1_amd64.deb ]
[ 03 ] [ target/debs/trixie/p4lang-pi_0.1.1-1_amd64.deb ]
[ 04 ] [ target/debs/trixie/hsflowd_2.0.51-26_amd64.deb ]
[ 05 ] [ target/docker-dash-engine.gz ]
[ 06 ] [ target/debs/trixie/isc-dhcp-relay_4.4.3-P1-2_amd64.deb ]
[ 07 ] [ target/debs/trixie/libssl3t64_3.5.4-1+fips_amd64.deb ]
[A[K[A[K[A[K[A[K[A[K[A[K[A[K[ 01 ] [ target/debs/trixie/libpam-radius-auth_1.4.1-1_amd64.deb ]
[ 02 ] [ target/debs/trixie/grub2-common_2.06-13+deb13u1_amd64.deb ]
[ 03 ] [ target/debs/trixie/p4lang-pi_0.1.1-1_amd64.deb ]
[ 04 ] [ target/debs/trixie/hsflowd_2.0.51-26_amd64.deb ]
[ 05 ] [ target/docker-dash-engine.gz ]
[ 06 ] [ target/debs/trixie/isc-dhcp-relay_4.4.3-P1-2_amd64.deb ]
[ 07 ] [ target/debs/trixie/libssl3t64_3.5.4-1+fips_amd64.deb ]
[ 08 ] [ target/debs/trixie/linux-kbuild-6.12.41+deb13_6.12.41-1_amd64.deb ]
[A[K[A[K[A[K[A[K[A[K[A[K[A[K[A[K[ 01 ] [ target/debs/trixie/libpam-radius-auth_1.4.1-1_amd64.deb ]
[ 02 ] [ target/debs/trixie/grub2-common_2.06-13+deb13u1_amd64.deb ]
[ 03 ] [ target/debs/trixie/p4lang-pi_0.1.1-1_amd64.deb ]
[ 04 ] [ target/debs/trixie/hsflowd_2.0.51-26_amd64.deb ]
[ 05 ] [ target/docker-dash-engine.gz ]
[ 06 ] [ target/debs/trixie/isc-dhcp-relay_4.4.3-P1-2_amd64.deb ]
[ 07 ] [ target/debs/trixie/libssl3t64_3.5.4-1+fips_amd64.deb ]
[A[K[A[K[A[K[A[K[A[K[A[K[A[K[ 01 ] [ target/debs/trixie/libpam-radius-auth_1.4.1-1_amd64.deb ]
[ 02 ] [ target/debs/trixie/grub2-common_2.06-13+deb13u1_amd64.deb ]
[ 03 ] [ target/debs/trixie/p4lang-pi_0.1.1-1_amd64.deb ]
[ 04 ] [ target/debs/trixie/hsflowd_2.0.51-26_amd64.deb ]
[ 05 ] [ target/docker-dash-engine.gz ]
[ 06 ] [ target/debs/trixie/isc-dhcp-relay_4.4.3-P1-2_amd64.deb ]
[ 07 ] [ target/debs/trixie/libssl3t64_3.5.4-1+fips_amd64.deb ]
[ 08 ] [ target/debs/trixie/libnss-tacplus_1.0.4-1_amd64.deb ]
[A[K[A[K[A[K[A[K[A[K[A[K[A[K[A[K[ 01 ] [ target/debs/trixie/libpam-radius-auth_1.4.1-1_amd64.deb ]
[ 02 ] [ target/debs/trixie/grub2-common_2.06-13+deb13u1_amd64.deb ]
[ 03 ] [ target/debs/trixie/p4lang-pi_0.1.1-1_amd64.deb ]
[ 04 ] [ target/debs/trixie/hsflowd_2.0.51-26_amd64.deb ]
[ 05 ] [ target/docker-dash-engine.gz ]
[ 06 ] [ target/debs/trixie/isc-dhcp-relay_4.4.3-P1-2_amd64.deb ]
[ 07 ] [ target/debs/trixie/libnss-tacplus_1.0.4-1_amd64.deb ]
[A[K[A[K[A[K[A[K[A[K[A[K[A[K[ 01 ] [ target/debs/trixie/libpam-radius-auth_1.4.1-1_amd64.deb ]
[ 02 ] [ target/debs/trixie/grub2-common_2.06-13+deb13u1_amd64.deb ]
[ 03 ] [ target/debs/trixie/p4lang-pi_0.1.1-1_amd64.deb ]
[ 04 ] [ target/debs/trixie/hsflowd_2.0.51-26_amd64.deb ]
[ 05 ] [ target/docker-dash-engine.gz ]
[ 06 ] [ target/debs/trixie/isc-dhcp-relay_4.4.3-P1-2_amd64.deb ]
[ 07 ] [ target/debs/trixie/libnss-tacplus_1.0.4-1_amd64.deb ]
[ 08 ] [ target/debs/trixie/libnl-route-3-dev_3.7.0-0.2+b1sonic1_amd64.deb ]
[A[K[A[K[A[K[A[K[A[K[A[K[A[K[A[K[ 01 ] [ target/debs/trixie/libpam-radius-auth_1.4.1-1_amd64.deb ]
[ 02 ] [ target/debs/trixie/grub2-common_2.06-13+deb13u1_amd64.deb ]
[ 03 ] [ target/debs/trixie/p4lang-pi_0.1.1-1_amd64.deb ]
[ 04 ] [ target/debs/trixie/hsflowd_2.0.51-26_amd64.deb ]
[ 05 ] [ target/docker-dash-engine.gz ]
[ 06 ] [ target/debs/trixie/isc-dhcp-relay_4.4.3-P1-2_amd64.deb ]
[ 07 ] [ target/debs/trixie/libnss-tacplus_1.0.4-1_amd64.deb ]
[A[K[A[K[A[K[A[K[A[K[A[K[A[K[ 01 ] [ target/debs/trixie/libpam-radius-auth_1.4.1-1_amd64.deb ]
[ 02 ] [ target/debs/trixie/grub2-common_2.06-13+deb13u1_amd64.deb ]
[ 03 ] [ target/debs/trixie/p4lang-pi_0.1.1-1_amd64.deb ]
[ 04 ] [ target/debs/trixie/hsflowd_2.0.51-26_amd64.deb ]
[ 05 ] [ target/docker-dash-engine.gz ]
[ 06 ] [ target/debs/trixie/isc-dhcp-relay_4.4.3-P1-2_amd64.deb ]
[ 07 ] [ target/debs/trixie/libnss-tacplus_1.0.4-1_amd64.deb ]
[ 08 ] [ target/debs/trixie/python3-libyang_3.1.0-1_amd64.deb ]
[A[K[A[K[A[K[A[K[A[K[A[K[A[K[A[K[ 01 ] [ target/debs/trixie/libpam-radius-auth_1.4.1-1_amd64.deb ]
[ 02 ] [ target/debs/trixie/grub2-common_2.06-13+deb13u1_amd64.deb ]
[ 03 ] [ target/debs/trixie/hsflowd_2.0.51-26_amd64.deb ]
[ 04 ] [ target/docker-dash-engine.gz ]
[ 05 ] [ target/debs/trixie/isc-dhcp-relay_4.4.3-P1-2_amd64.deb ]
[ 06 ] [ target/debs/trixie/libnss-tacplus_1.0.4-1_amd64.deb ]
[ 07 ] [ target/debs/trixie/python3-libyang_3.1.0-1_amd64.deb ]
[A[K[A[K[A[K[A[K[A[K[A[K[A[K[ 01 ] [ target/debs/trixie/libpam-radius-auth_1.4.1-1_amd64.deb ]
[ 02 ] [ target/debs/trixie/grub2-common_2.06-13+deb13u1_amd64.deb ]
[ 03 ] [ target/debs/trixie/hsflowd_2.0.51-26_amd64.deb ]
[ 04 ] [ target/docker-dash-engine.gz ]
[ 05 ] [ target/debs/trixie/isc-dhcp-relay_4.4.3-P1-2_amd64.deb ]
[ 06 ] [ target/debs/trixie/libnss-tacplus_1.0.4-1_amd64.deb ]
[ 07 ] [ target/debs/trixie/python3-libyang_3.1.0-1_amd64.deb ]
[ 08 ] [ target/debs/trixie/libnl-genl-3-dev_3.7.0-0.2+b1sonic1_amd64.deb ]
[A[K[A[K[A[K[A[K[A[K[A[K[A[K[A[K[ 01 ] [ target/debs/trixie/libpam-radius-auth_1.4.1-1_amd64.deb ]
[ 02 ] [ target/debs/trixie/grub2-common_2.06-13+deb13u1_amd64.deb ]
[ 03 ] [ target/debs/trixie/hsflowd_2.0.51-26_amd64.deb ]
[ 04 ] [ target/docker-dash-engine.gz ]
[ 05 ] [ target/debs/trixie/isc-dhcp-relay_4.4.3-P1-2_amd64.deb ]
[ 06 ] [ target/debs/trixie/libnss-tacplus_1.0.4-1_amd64.deb ]
[ 07 ] [ target/debs/trixie/python3-libyang_3.1.0-1_amd64.deb ]
[A[K[A[K[A[K[A[K[A[K[A[K[A[K[ 01 ] [ target/debs/trixie/libpam-radius-auth_1.4.1-1_amd64.deb ]
[ 02 ] [ target/debs/trixie/grub2-common_2.06-13+deb13u1_amd64.deb ]
[ 03 ] [ target/debs/trixie/hsflowd_2.0.51-26_amd64.deb ]
[ 04 ] [ target/docker-dash-engine.gz ]
[ 05 ] [ target/debs/trixie/isc-dhcp-relay_4.4.3-P1-2_amd64.deb ]
[ 06 ] [ target/debs/trixie/libnss-tacplus_1.0.4-1_amd64.deb ]
[ 07 ] [ target/debs/trixie/python3-libyang_3.1.0-1_amd64.deb ]
[ 08 ] [ target/debs/trixie/libnl-nf-3-200_3.7.0-0.2+b1sonic1_amd64.deb ]
[A[K[A[K[A[K[A[K[A[K[A[K[A[K[A[K[ 01 ] [ target/debs/trixie/libpam-radius-auth_1.4.1-1_amd64.deb ]
[ 02 ] [ target/debs/trixie/grub2-common_2.06-13+deb13u1_amd64.deb ]
[ 03 ] [ target/debs/trixie/hsflowd_2.0.51-26_amd64.deb ]
[ 04 ] [ target/docker-dash-engine.gz ]
[ 05 ] [ target/debs/trixie/isc-dhcp-relay_4.4.3-P1-2_amd64.deb ]
[ 06 ] [ target/debs/trixie/libnss-tacplus_1.0.4-1_amd64.deb ]
[ 07 ] [ target/debs/trixie/python3-libyang_3.1.0-1_amd64.deb ]
[A[K[A[K[A[K[A[K[A[K[A[K[A[K[ 01 ] [ target/debs/trixie/libpam-radius-auth_1.4.1-1_amd64.deb ]
[ 02 ] [ target/debs/trixie/grub2-common_2.06-13+deb13u1_amd64.deb ]
[ 03 ] [ target/debs/trixie/hsflowd_2.0.51-26_amd64.deb ]
[ 04 ] [ target/docker-dash-engine.gz ]
[ 05 ] [ target/debs/trixie/isc-dhcp-relay_4.4.3-P1-2_amd64.deb ]
[ 06 ] [ target/debs/trixie/libnss-tacplus_1.0.4-1_amd64.deb ]
[ 07 ] [ target/debs/trixie/python3-libyang_3.1.0-1_amd64.deb ]
[ 08 ] [ target/debs/trixie/libnl-genl-3-dev_3.7.0-0.2+b1sonic1_amd64.deb-install ]
[A[K[A[K[A[K[A[K[A[K[A[K[A[K[A[K[ 01 ] [ target/debs/trixie/libpam-radius-auth_1.4.1-1_amd64.deb ]
[ 02 ] [ target/debs/trixie/grub2-common_2.06-13+deb13u1_amd64.deb ]
[ 03 ] [ target/debs/trixie/hsflowd_2.0.51-26_amd64.deb ]
[ 04 ] [ target/docker-dash-engine.gz ]
[ 05 ] [ target/debs/trixie/isc-dhcp-relay_4.4.3-P1-2_amd64.deb ]
[ 06 ] [ target/debs/trixie/libnss-tacplus_1.0.4-1_amd64.deb ]
[ 07 ] [ target/debs/trixie/python3-libyang_3.1.0-1_amd64.deb ]
[A[K[A[K[A[K[A[K[A[K[A[K[A[K[ 01 ] [ target/debs/trixie/libpam-radius-auth_1.4.1-1_amd64.deb ]
[ 02 ] [ target/debs/trixie/grub2-common_2.06-13+deb13u1_amd64.deb ]
[ 03 ] [ target/debs/trixie/hsflowd_2.0.51-26_amd64.deb ]
[ 04 ] [ target/docker-dash-engine.gz ]
[ 05 ] [ target/debs/trixie/isc-dhcp-relay_4.4.3-P1-2_amd64.deb ]
[ 06 ] [ target/debs/trixie/libnss-tacplus_1.0.4-1_amd64.deb ]
[ 07 ] [ target/debs/trixie/python3-libyang_3.1.0-1_amd64.deb ]
[ 08 ] [ target/debs/trixie/libnl-route-3-dev_3.7.0-0.2+b1sonic1_amd64.deb-install ]
[A[K[A[K[A[K[A[K[A[K[A[K[A[K[A[K[ 01 ] [ target/debs/trixie/libpam-radius-auth_1.4.1-1_amd64.deb ]
[ 02 ] [ target/debs/trixie/grub2-common_2.06-13+deb13u1_amd64.deb ]
[ 03 ] [ target/debs/trixie/hsflowd_2.0.51-26_amd64.deb ]
[ 04 ] [ target/docker-dash-engine.gz ]
[ 05 ] [ target/debs/trixie/isc-dhcp-relay_4.4.3-P1-2_amd64.deb ]
[ 06 ] [ target/debs/trixie/libnss-tacplus_1.0.4-1_amd64.deb ]
[ 07 ] [ target/debs/trixie/python3-libyang_3.1.0-1_amd64.deb ]
[A[K[A[K[A[K[A[K[A[K[A[K[A[K[ 01 ] [ target/debs/trixie/libpam-radius-auth_1.4.1-1_amd64.deb ]
[ 02 ] [ target/debs/trixie/grub2-common_2.06-13+deb13u1_amd64.deb ]
[ 03 ] [ target/debs/trixie/hsflowd_2.0.51-26_amd64.deb ]
[ 04 ] [ target/docker-dash-engine.gz ]
[ 05 ] [ target/debs/trixie/isc-dhcp-relay_4.4.3-P1-2_amd64.deb ]
[ 06 ] [ target/debs/trixie/libnss-tacplus_1.0.4-1_amd64.deb ]
[ 07 ] [ target/debs/trixie/python3-libyang_3.1.0-1_amd64.deb ]
[ 08 ] [ target/debs/trixie/bash-tacplus_1.0.0_amd64.deb ]
[A[K[A[K[A[K[A[K[A[K[A[K[A[K[A[K[ 01 ] [ target/debs/trixie/libpam-radius-auth_1.4.1-1_amd64.deb ]
[ 02 ] [ target/debs/trixie/grub2-common_2.06-13+deb13u1_amd64.deb ]
[ 03 ] [ target/debs/trixie/hsflowd_2.0.51-26_amd64.deb ]
[ 04 ] [ target/docker-dash-engine.gz ]
[ 05 ] [ target/debs/trixie/isc-dhcp-relay_4.4.3-P1-2_amd64.deb ]
[ 06 ] [ target/debs/trixie/libnss-tacplus_1.0.4-1_amd64.deb ]
[ 07 ] [ target/debs/trixie/bash-tacplus_1.0.0_amd64.deb ]
[A[K[A[K[A[K[A[K[A[K[A[K[A[K[ 01 ] [ target/debs/trixie/libpam-radius-auth_1.4.1-1_amd64.deb ]
[ 02 ] [ target/debs/trixie/grub2-common_2.06-13+deb13u1_amd64.deb ]
[ 03 ] [ target/debs/trixie/hsflowd_2.0.51-26_amd64.deb ]
[ 04 ] [ target/docker-dash-engine.gz ]
[ 05 ] [ target/debs/trixie/isc-dhcp-relay_4.4.3-P1-2_amd64.deb ]
[ 06 ] [ target/debs/trixie/libnss-tacplus_1.0.4-1_amd64.deb ]
[ 07 ] [ target/debs/trixie/bash-tacplus_1.0.0_amd64.deb ]
[ 08 ] [ target/debs/trixie/audisp-tacplus_1.0.2_amd64.deb ]
[A[K[A[K[A[K[A[K[A[K[A[K[A[K[A[K[ 01 ] [ target/debs/trixie/libpam-radius-auth_1.4.1-1_amd64.deb ]
[ 02 ] [ target/debs/trixie/grub2-common_2.06-13+deb13u1_amd64.deb ]
[ 03 ] [ target/debs/trixie/hsflowd_2.0.51-26_amd64.deb ]
[ 04 ] [ target/docker-dash-engine.gz ]
[ 05 ] [ target/debs/trixie/isc-dhcp-relay_4.4.3-P1-2_amd64.deb ]
[ 06 ] [ target/debs/trixie/bash-tacplus_1.0.0_amd64.deb ]
[ 07 ] [ target/debs/trixie/audisp-tacplus_1.0.2_amd64.deb ]
[A[K[A[K[A[K[A[K[A[K[A[K[A[K[ 01 ] [ target/debs/trixie/libpam-radius-auth_1.4.1-1_amd64.deb ]
[ 02 ] [ target/debs/trixie/grub2-common_2.06-13+deb13u1_amd64.deb ]
[ 03 ] [ target/debs/trixie/hsflowd_2.0.51-26_amd64.deb ]
[ 04 ] [ target/docker-dash-engine.gz ]
[ 05 ] [ target/debs/trixie/isc-dhcp-relay_4.4.3-P1-2_amd64.deb ]
[ 06 ] [ target/debs/trixie/bash-tacplus_1.0.0_amd64.deb ]
[ 07 ] [ target/debs/trixie/audisp-tacplus_1.0.2_amd64.deb ]
[ 08 ] [ target/debs/trixie/libnl-nf-3-200_3.7.0-0.2+b1sonic1_amd64.deb-install ]
[A[K[A[K[A[K[A[K[A[K[A[K[A[K[A[K[ 01 ] [ target/debs/trixie/libpam-radius-auth_1.4.1-1_amd64.deb ]
[ 02 ] [ target/debs/trixie/grub2-common_2.06-13+deb13u1_amd64.deb ]
[ 03 ] [ target/debs/trixie/hsflowd_2.0.51-26_amd64.deb ]
[ 04 ] [ target/docker-dash-engine.gz ]
[ 05 ] [ target/debs/trixie/isc-dhcp-relay_4.4.3-P1-2_amd64.deb ]
[ 06 ] [ target/debs/trixie/bash-tacplus_1.0.0_amd64.deb ]
[ 07 ] [ target/debs/trixie/audisp-tacplus_1.0.2_amd64.deb ]
[A[K[A[K[A[K[A[K[A[K[A[K[A[K[ 01 ] [ target/debs/trixie/libpam-radius-auth_1.4.1-1_amd64.deb ]
[ 02 ] [ target/debs/trixie/grub2-common_2.06-13+deb13u1_amd64.deb ]
[ 03 ] [ target/debs/trixie/hsflowd_2.0.51-26_amd64.deb ]
[ 04 ] [ target/docker-dash-engine.gz ]
[ 05 ] [ target/debs/trixie/isc-dhcp-relay_4.4.3-P1-2_amd64.deb ]
[ 06 ] [ target/debs/trixie/bash-tacplus_1.0.0_amd64.deb ]
[ 07 ] [ target/debs/trixie/audisp-tacplus_1.0.2_amd64.deb ]
[ 08 ] [ target/debs/trixie/python3-libyang_3.1.0-1_amd64.deb-install ]
[A[K[A[K[A[K[A[K[A[K[A[K[A[K[A[K[ 01 ] [ target/debs/trixie/libpam-radius-auth_1.4.1-1_amd64.deb ]
[ 02 ] [ target/debs/trixie/grub2-common_2.06-13+deb13u1_amd64.deb ]
[ 03 ] [ target/debs/trixie/hsflowd_2.0.51-26_amd64.deb ]
[ 04 ] [ target/docker-dash-engine.gz ]
[ 05 ] [ target/debs/trixie/isc-dhcp-relay_4.4.3-P1-2_amd64.deb ]
[ 06 ] [ target/debs/trixie/bash-tacplus_1.0.0_amd64.deb ]
[ 07 ] [ target/debs/trixie/audisp-tacplus_1.0.2_amd64.deb ]
[A[K[A[K[A[K[A[K[A[K[A[K[A[K[ 01 ] [ target/debs/trixie/libpam-radius-auth_1.4.1-1_amd64.deb ]
[ 02 ] [ target/debs/trixie/grub2-common_2.06-13+deb13u1_amd64.deb ]
[ 03 ] [ target/debs/trixie/hsflowd_2.0.51-26_amd64.deb ]
[ 04 ] [ target/docker-dash-engine.gz ]
[ 05 ] [ target/debs/trixie/isc-dhcp-relay_4.4.3-P1-2_amd64.deb ]
[ 06 ] [ target/debs/trixie/bash-tacplus_1.0.0_amd64.deb ]
[ 07 ] [ target/debs/trixie/audisp-tacplus_1.0.2_amd64.deb ]
[ 08 ] [ target/docker-base-trixie.gz ]
[A[K[A[K[A[K[A[K[A[K[A[K[A[K[A[K[ 01 ] [ target/debs/trixie/libpam-radius-auth_1.4.1-1_amd64.deb ]
[ 02 ] [ target/debs/trixie/grub2-common_2.06-13+deb13u1_amd64.deb ]
[ 03 ] [ target/debs/trixie/hsflowd_2.0.51-26_amd64.deb ]
[ 04 ] [ target/docker-dash-engine.gz ]
[ 05 ] [ target/debs/trixie/isc-dhcp-relay_4.4.3-P1-2_amd64.deb ]
[ 06 ] [ target/debs/trixie/audisp-tacplus_1.0.2_amd64.deb ]
[ 07 ] [ target/docker-base-trixie.gz ]
[A[K[A[K[A[K[A[K[A[K[A[K[A[K[ 01 ] [ target/debs/trixie/libpam-radius-auth_1.4.1-1_amd64.deb ]
[ 02 ] [ target/debs/trixie/grub2-common_2.06-13+deb13u1_amd64.deb ]
[ 03 ] [ target/debs/trixie/hsflowd_2.0.51-26_amd64.deb ]
[ 04 ] [ target/docker-dash-engine.gz ]
[ 05 ] [ target/debs/trixie/isc-dhcp-relay_4.4.3-P1-2_amd64.deb ]
[ 06 ] [ target/debs/trixie/audisp-tacplus_1.0.2_amd64.deb ]
[ 07 ] [ target/docker-base-trixie.gz ]
[ 08 ] [ target/debs/trixie/p4lang-pi_0.1.1-1_amd64.deb-install ]
[A[K[A[K[A[K[A[K[A[K[A[K[A[K[A[K[ 01 ] [ target/debs/trixie/libpam-radius-auth_1.4.1-1_amd64.deb ]
[ 02 ] [ target/debs/trixie/grub2-common_2.06-13+deb13u1_amd64.deb ]
[ 03 ] [ target/debs/trixie/hsflowd_2.0.51-26_amd64.deb ]
[ 04 ] [ target/docker-dash-engine.gz ]
[ 05 ] [ target/debs/trixie/isc-dhcp-relay_4.4.3-P1-2_amd64.deb ]
[ 06 ] [ target/debs/trixie/audisp-tacplus_1.0.2_amd64.deb ]
[ 07 ] [ target/docker-base-trixie.gz ]
[A[K[A[K[A[K[A[K[A[K[A[K[A[K[ 01 ] [ target/debs/trixie/libpam-radius-auth_1.4.1-1_amd64.deb ]
[ 02 ] [ target/debs/trixie/grub2-common_2.06-13+deb13u1_amd64.deb ]
[ 03 ] [ target/debs/trixie/hsflowd_2.0.51-26_amd64.deb ]
[ 04 ] [ target/docker-dash-engine.gz ]
[ 05 ] [ target/debs/trixie/isc-dhcp-relay_4.4.3-P1-2_amd64.deb ]
[ 06 ] [ target/debs/trixie/audisp-tacplus_1.0.2_amd64.deb ]
[ 07 ] [ target/docker-base-trixie.gz ]
[ 08 ] [ target/debs/trixie/frr_10.5.4-sonic-0_amd64.deb ]
[A[K[A[K[A[K[A[K[A[K[A[K[A[K[A[K[ 01 ] [ target/debs/trixie/libpam-radius-auth_1.4.1-1_amd64.deb ]
[ 02 ] [ target/debs/trixie/grub2-common_2.06-13+deb13u1_amd64.deb ]
[ 03 ] [ target/debs/trixie/hsflowd_2.0.51-26_amd64.deb ]
[ 04 ] [ target/docker-dash-engine.gz ]
[ 05 ] [ target/debs/trixie/isc-dhcp-relay_4.4.3-P1-2_amd64.deb ]
[ 06 ] [ target/docker-base-trixie.gz ]
[ 07 ] [ target/debs/trixie/frr_10.5.4-sonic-0_amd64.deb ]
[A[K[A[K[A[K[A[K[A[K[A[K[A[K[ 01 ] [ target/debs/trixie/libpam-radius-auth_1.4.1-1_amd64.deb ]
[ 02 ] [ target/debs/trixie/grub2-common_2.06-13+deb13u1_amd64.deb ]
[ 03 ] [ target/debs/trixie/hsflowd_2.0.51-26_amd64.deb ]
[ 04 ] [ target/docker-dash-engine.gz ]
[ 05 ] [ target/debs/trixie/isc-dhcp-relay_4.4.3-P1-2_amd64.deb ]
[ 06 ] [ target/docker-base-trixie.gz ]
[ 07 ] [ target/debs/trixie/frr_10.5.4-sonic-0_amd64.deb ]
[ 08 ] [ target/debs/trixie/linux-kbuild-6.12.41+deb13_6.12.41-1_amd64.deb-install ]
[A[K[A[K[A[K[A[K[A[K[A[K[A[K[A[K[ 01 ] [ target/debs/trixie/libpam-radius-auth_1.4.1-1_amd64.deb ]
[ 02 ] [ target/debs/trixie/grub2-common_2.06-13+deb13u1_amd64.deb ]
[ 03 ] [ target/debs/trixie/hsflowd_2.0.51-26_amd64.deb ]
[ 04 ] [ target/docker-dash-engine.gz ]
[ 05 ] [ target/debs/trixie/isc-dhcp-relay_4.4.3-P1-2_amd64.deb ]
[ 06 ] [ target/docker-base-trixie.gz ]
[ 07 ] [ target/debs/trixie/frr_10.5.4-sonic-0_amd64.deb ]
[A[K[A[K[A[K[A[K[A[K[A[K[A[K[ 01 ] [ target/debs/trixie/libpam-radius-auth_1.4.1-1_amd64.deb ]
[ 02 ] [ target/debs/trixie/grub2-common_2.06-13+deb13u1_amd64.deb ]
[ 03 ] [ target/debs/trixie/hsflowd_2.0.51-26_amd64.deb ]
[ 04 ] [ target/docker-dash-engine.gz ]
[ 05 ] [ target/debs/trixie/isc-dhcp-relay_4.4.3-P1-2_amd64.deb ]
[ 06 ] [ target/docker-base-trixie.gz ]
[ 07 ] [ target/debs/trixie/frr_10.5.4-sonic-0_amd64.deb ]
[ 08 ] [ target/debs/trixie/openssh-server_10.0p1-7_amd64.deb ]
[A[K[A[K[A[K[A[K[A[K[A[K[A[K[A[K[ 01 ] [ target/debs/trixie/grub2-common_2.06-13+deb13u1_amd64.deb ]
[ 02 ] [ target/debs/trixie/hsflowd_2.0.51-26_amd64.deb ]
[ 03 ] [ target/docker-dash-engine.gz ]
[ 04 ] [ target/debs/trixie/isc-dhcp-relay_4.4.3-P1-2_amd64.deb ]
[ 05 ] [ target/docker-base-trixie.gz ]
[ 06 ] [ target/debs/trixie/frr_10.5.4-sonic-0_amd64.deb ]
[ 07 ] [ target/debs/trixie/openssh-server_10.0p1-7_amd64.deb ]
[A[K[A[K[A[K[A[K[A[K[A[K[A[K[ 01 ] [ target/debs/trixie/grub2-common_2.06-13+deb13u1_amd64.deb ]
[ 02 ] [ target/debs/trixie/hsflowd_2.0.51-26_amd64.deb ]
[ 03 ] [ target/docker-dash-engine.gz ]
[ 04 ] [ target/debs/trixie/isc-dhcp-relay_4.4.3-P1-2_amd64.deb ]
[ 05 ] [ target/docker-base-trixie.gz ]
[ 06 ] [ target/debs/trixie/frr_10.5.4-sonic-0_amd64.deb ]
[ 07 ] [ target/debs/trixie/openssh-server_10.0p1-7_amd64.deb ]
[ 08 ] [ target/python-wheels/trixie/sonic_yang_models-1.0-py3-none-any.whl ]
[A[K[A[K[A[K[A[K[A[K[A[K[A[K[A[K[ 01 ] [ target/debs/trixie/grub2-common_2.06-13+deb13u1_amd64.deb ]
[ 02 ] [ target/debs/trixie/hsflowd_2.0.51-26_amd64.deb ]
[ 03 ] [ target/debs/trixie/isc-dhcp-relay_4.4.3-P1-2_amd64.deb ]
[ 04 ] [ target/docker-base-trixie.gz ]
[ 05 ] [ target/debs/trixie/frr_10.5.4-sonic-0_amd64.deb ]
[ 06 ] [ target/debs/trixie/openssh-server_10.0p1-7_amd64.deb ]
[ 07 ] [ target/python-wheels/trixie/sonic_yang_models-1.0-py3-none-any.whl ]
[A[K[A[K[A[K[A[K[A[K[A[K[A[K[ 01 ] [ target/debs/trixie/grub2-common_2.06-13+deb13u1_amd64.deb ]
[ 02 ] [ target/debs/trixie/hsflowd_2.0.51-26_amd64.deb ]
[ 03 ] [ target/debs/trixie/isc-dhcp-relay_4.4.3-P1-2_amd64.deb ]
[ 04 ] [ target/docker-base-trixie.gz ]
[ 05 ] [ target/debs/trixie/frr_10.5.4-sonic-0_amd64.deb ]
[ 06 ] [ target/debs/trixie/openssh-server_10.0p1-7_amd64.deb ]
[ 07 ] [ target/python-wheels/trixie/sonic_yang_models-1.0-py3-none-any.whl ]
[ 08 ] [ target/debs/trixie/libnl-nf-3-dev_3.7.0-0.2+b1sonic1_amd64.deb ]
[A[K[A[K[A[K[A[K[A[K[A[K[A[K[A[K[ 01 ] [ target/debs/trixie/grub2-common_2.06-13+deb13u1_amd64.deb ]
[ 02 ] [ target/debs/trixie/hsflowd_2.0.51-26_amd64.deb ]
[ 03 ] [ target/debs/trixie/isc-dhcp-relay_4.4.3-P1-2_amd64.deb ]
[ 04 ] [ target/docker-base-trixie.gz ]
[ 05 ] [ target/debs/trixie/frr_10.5.4-sonic-0_amd64.deb ]
[ 06 ] [ target/debs/trixie/openssh-server_10.0p1-7_amd64.deb ]
[ 07 ] [ target/python-wheels/trixie/sonic_yang_models-1.0-py3-none-any.whl ]
[A[K[A[K[A[K[A[K[A[K[A[K[A[K[ 01 ] [ target/debs/trixie/grub2-common_2.06-13+deb13u1_amd64.deb ]
[ 02 ] [ target/debs/trixie/hsflowd_2.0.51-26_amd64.deb ]
[ 03 ] [ target/debs/trixie/isc-dhcp-relay_4.4.3-P1-2_amd64.deb ]
[ 04 ] [ target/docker-base-trixie.gz ]
[ 05 ] [ target/debs/trixie/frr_10.5.4-sonic-0_amd64.deb ]
[ 06 ] [ target/debs/trixie/openssh-server_10.0p1-7_amd64.deb ]
[ 07 ] [ target/python-wheels/trixie/sonic_yang_models-1.0-py3-none-any.whl ]
[ 08 ] [ target/debs/trixie/p4lang-bmv2_1.15.0-9_amd64.deb ]
[A[K[A[K[A[K[A[K[A[K[A[K[A[K[A[K[ 01 ] [ target/debs/trixie/grub2-common_2.06-13+deb13u1_amd64.deb ]
[ 02 ] [ target/debs/trixie/hsflowd_2.0.51-26_amd64.deb ]
[ 03 ] [ target/debs/trixie/isc-dhcp-relay_4.4.3-P1-2_amd64.deb ]
[ 04 ] [ target/debs/trixie/frr_10.5.4-sonic-0_amd64.deb ]
[ 05 ] [ target/debs/trixie/openssh-server_10.0p1-7_amd64.deb ]
[ 06 ] [ target/python-wheels/trixie/sonic_yang_models-1.0-py3-none-any.whl ]
[ 07 ] [ target/debs/trixie/p4lang-bmv2_1.15.0-9_amd64.deb ]
[A[K[A[K[A[K[A[K[A[K[A[K[A[K[ 01 ] [ target/debs/trixie/grub2-common_2.06-13+deb13u1_amd64.deb ]
[ 02 ] [ target/debs/trixie/hsflowd_2.0.51-26_amd64.deb ]
[ 03 ] [ target/debs/trixie/isc-dhcp-relay_4.4.3-P1-2_amd64.deb ]
[ 04 ] [ target/debs/trixie/frr_10.5.4-sonic-0_amd64.deb ]
[ 05 ] [ target/debs/trixie/openssh-server_10.0p1-7_amd64.deb ]
[ 06 ] [ target/python-wheels/trixie/sonic_yang_models-1.0-py3-none-any.whl ]
[ 07 ] [ target/debs/trixie/p4lang-bmv2_1.15.0-9_amd64.deb ]
[ 08 ] [ target/debs/trixie/libnl-nf-3-dev_3.7.0-0.2+b1sonic1_amd64.deb-install ]
[A[K[A[K[A[K[A[K[A[K[A[K[A[K[A[K[ 01 ] [ target/debs/trixie/grub2-common_2.06-13+deb13u1_amd64.deb ]
[ 02 ] [ target/debs/trixie/hsflowd_2.0.51-26_amd64.deb ]
[ 03 ] [ target/debs/trixie/isc-dhcp-relay_4.4.3-P1-2_amd64.deb ]
[ 04 ] [ target/debs/trixie/frr_10.5.4-sonic-0_amd64.deb ]
[ 05 ] [ target/debs/trixie/openssh-server_10.0p1-7_amd64.deb ]
[ 06 ] [ target/python-wheels/trixie/sonic_yang_models-1.0-py3-none-any.whl ]
[ 07 ] [ target/debs/trixie/p4lang-bmv2_1.15.0-9_amd64.deb ]
[A[K[A[K[A[K[A[K[A[K[A[K[A[K[ 01 ] [ target/debs/trixie/grub2-common_2.06-13+deb13u1_amd64.deb ]
[ 02 ] [ target/debs/trixie/hsflowd_2.0.51-26_amd64.deb ]
[ 03 ] [ target/debs/trixie/isc-dhcp-relay_4.4.3-P1-2_amd64.deb ]
[ 04 ] [ target/debs/trixie/frr_10.5.4-sonic-0_amd64.deb ]
[ 05 ] [ target/debs/trixie/openssh-server_10.0p1-7_amd64.deb ]
[ 06 ] [ target/python-wheels/trixie/sonic_yang_models-1.0-py3-none-any.whl ]
[ 07 ] [ target/debs/trixie/p4lang-bmv2_1.15.0-9_amd64.deb ]
[ 08 ] [ target/docker-base-trixie.gz-load ]
[A[K[A[K[A[K[A[K[A[K[A[K[A[K[A[K[ 01 ] [ target/debs/trixie/grub2-common_2.06-13+deb13u1_amd64.deb ]
[ 02 ] [ target/debs/trixie/hsflowd_2.0.51-26_amd64.deb ]
[ 03 ] [ target/debs/trixie/isc-dhcp-relay_4.4.3-P1-2_amd64.deb ]
[ 04 ] [ target/debs/trixie/frr_10.5.4-sonic-0_amd64.deb ]
[ 05 ] [ target/debs/trixie/openssh-server_10.0p1-7_amd64.deb ]
[ 06 ] [ target/python-wheels/trixie/sonic_yang_models-1.0-py3-none-any.whl ]
[ 07 ] [ target/debs/trixie/p4lang-bmv2_1.15.0-9_amd64.deb ]
[A[K[A[K[A[K[A[K[A[K[A[K[A[K[ 01 ] [ target/debs/trixie/grub2-common_2.06-13+deb13u1_amd64.deb ]
[ 02 ] [ target/debs/trixie/hsflowd_2.0.51-26_amd64.deb ]
[ 03 ] [ target/debs/trixie/isc-dhcp-relay_4.4.3-P1-2_amd64.deb ]
[ 04 ] [ target/debs/trixie/frr_10.5.4-sonic-0_amd64.deb ]
[ 05 ] [ target/debs/trixie/openssh-server_10.0p1-7_amd64.deb ]
[ 06 ] [ target/python-wheels/trixie/sonic_yang_models-1.0-py3-none-any.whl ]
[ 07 ] [ target/debs/trixie/p4lang-bmv2_1.15.0-9_amd64.deb ]
[ 08 ] [ target/debs/trixie/libnl-cli-3-200_3.7.0-0.2+b1sonic1_amd64.deb ]
[A[K[A[K[A[K[A[K[A[K[A[K[A[K[A[K[ 01 ] [ target/debs/trixie/grub2-common_2.06-13+deb13u1_amd64.deb ]
[ 02 ] [ target/debs/trixie/hsflowd_2.0.51-26_amd64.deb ]
[ 03 ] [ target/debs/trixie/isc-dhcp-relay_4.4.3-P1-2_amd64.deb ]
[ 04 ] [ target/debs/trixie/frr_10.5.4-sonic-0_amd64.deb ]
[ 05 ] [ target/debs/trixie/openssh-server_10.0p1-7_amd64.deb ]
[ 06 ] [ target/python-wheels/trixie/sonic_yang_models-1.0-py3-none-any.whl ]
[ 07 ] [ target/debs/trixie/p4lang-bmv2_1.15.0-9_amd64.deb ]
[A[K[A[K[A[K[A[K[A[K[A[K[A[K[ 01 ] [ target/debs/trixie/grub2-common_2.06-13+deb13u1_amd64.deb ]
[ 02 ] [ target/debs/trixie/hsflowd_2.0.51-26_amd64.deb ]
[ 03 ] [ target/debs/trixie/isc-dhcp-relay_4.4.3-P1-2_amd64.deb ]
[ 04 ] [ target/debs/trixie/frr_10.5.4-sonic-0_amd64.deb ]
[ 05 ] [ target/debs/trixie/openssh-server_10.0p1-7_amd64.deb ]
[ 06 ] [ target/python-wheels/trixie/sonic_yang_models-1.0-py3-none-any.whl ]
[ 07 ] [ target/debs/trixie/p4lang-bmv2_1.15.0-9_amd64.deb ]
[ 08 ] [ target/debs/trixie/libnl-cli-3-dev_3.7.0-0.2+b1sonic1_amd64.deb ]
[A[K[A[K[A[K[A[K[A[K[A[K[A[K[A[K[ 01 ] [ target/debs/trixie/grub2-common_2.06-13+deb13u1_amd64.deb ]
[ 02 ] [ target/debs/trixie/hsflowd_2.0.51-26_amd64.deb ]
[ 03 ] [ target/debs/trixie/isc-dhcp-relay_4.4.3-P1-2_amd64.deb ]
[ 04 ] [ target/debs/trixie/frr_10.5.4-sonic-0_amd64.deb ]
[ 05 ] [ target/debs/trixie/openssh-server_10.0p1-7_amd64.deb ]
[ 06 ] [ target/python-wheels/trixie/sonic_yang_models-1.0-py3-none-any.whl ]
[ 07 ] [ target/debs/trixie/p4lang-bmv2_1.15.0-9_amd64.deb ]
[A[K[A[K[A[K[A[K[A[K[A[K[A[K[ 01 ] [ target/debs/trixie/grub2-common_2.06-13+deb13u1_amd64.deb ]
[ 02 ] [ target/debs/trixie/hsflowd_2.0.51-26_amd64.deb ]
[ 03 ] [ target/debs/trixie/isc-dhcp-relay_4.4.3-P1-2_amd64.deb ]
[ 04 ] [ target/debs/trixie/frr_10.5.4-sonic-0_amd64.deb ]
[ 05 ] [ target/debs/trixie/openssh-server_10.0p1-7_amd64.deb ]
[ 06 ] [ target/python-wheels/trixie/sonic_yang_models-1.0-py3-none-any.whl ]
[ 07 ] [ target/debs/trixie/p4lang-bmv2_1.15.0-9_amd64.deb ]
[ 08 ] [ target/debs/trixie/libnl-cli-3-200_3.7.0-0.2+b1sonic1_amd64.deb-install ]
[A[K[A[K[A[K[A[K[A[K[A[K[A[K[A[K[ 01 ] [ target/debs/trixie/grub2-common_2.06-13+deb13u1_amd64.deb ]
[ 02 ] [ target/debs/trixie/hsflowd_2.0.51-26_amd64.deb ]
[ 03 ] [ target/debs/trixie/isc-dhcp-relay_4.4.3-P1-2_amd64.deb ]
[ 04 ] [ target/debs/trixie/frr_10.5.4-sonic-0_amd64.deb ]
[ 05 ] [ target/debs/trixie/openssh-server_10.0p1-7_amd64.deb ]
[ 06 ] [ target/python-wheels/trixie/sonic_yang_models-1.0-py3-none-any.whl ]
[ 07 ] [ target/debs/trixie/p4lang-bmv2_1.15.0-9_amd64.deb ]
[A[K[A[K[A[K[A[K[A[K[A[K[A[K[ 01 ] [ target/debs/trixie/grub2-common_2.06-13+deb13u1_amd64.deb ]
[ 02 ] [ target/debs/trixie/hsflowd_2.0.51-26_amd64.deb ]
[ 03 ] [ target/debs/trixie/isc-dhcp-relay_4.4.3-P1-2_amd64.deb ]
[ 04 ] [ target/debs/trixie/frr_10.5.4-sonic-0_amd64.deb ]
[ 05 ] [ target/debs/trixie/openssh-server_10.0p1-7_amd64.deb ]
[ 06 ] [ target/python-wheels/trixie/sonic_yang_models-1.0-py3-none-any.whl ]
[ 07 ] [ target/debs/trixie/p4lang-bmv2_1.15.0-9_amd64.deb ]
[ 08 ] [ target/debs/trixie/libnl-cli-3-dev_3.7.0-0.2+b1sonic1_amd64.deb-install ]
[A[K[A[K[A[K[A[K[A[K[A[K[A[K[A[K[ 01 ] [ target/debs/trixie/grub2-common_2.06-13+deb13u1_amd64.deb ]
[ 02 ] [ target/debs/trixie/hsflowd_2.0.51-26_amd64.deb ]
[ 03 ] [ target/debs/trixie/isc-dhcp-relay_4.4.3-P1-2_amd64.deb ]
[ 04 ] [ target/debs/trixie/frr_10.5.4-sonic-0_amd64.deb ]
[ 05 ] [ target/debs/trixie/openssh-server_10.0p1-7_amd64.deb ]
[ 06 ] [ target/python-wheels/trixie/sonic_yang_models-1.0-py3-none-any.whl ]
[ 07 ] [ target/debs/trixie/p4lang-bmv2_1.15.0-9_amd64.deb ]
[A[K[A[K[A[K[A[K[A[K[A[K[A[K[ 01 ] [ target/debs/trixie/grub2-common_2.06-13+deb13u1_amd64.deb ]
[ 02 ] [ target/debs/trixie/hsflowd_2.0.51-26_amd64.deb ]
[ 03 ] [ target/debs/trixie/isc-dhcp-relay_4.4.3-P1-2_amd64.deb ]
[ 04 ] [ target/debs/trixie/frr_10.5.4-sonic-0_amd64.deb ]
[ 05 ] [ target/debs/trixie/openssh-server_10.0p1-7_amd64.deb ]
[ 06 ] [ target/python-wheels/trixie/sonic_yang_models-1.0-py3-none-any.whl ]
[ 07 ] [ target/debs/trixie/p4lang-bmv2_1.15.0-9_amd64.deb ]
[ 08 ] [ target/debs/trixie/libteam5_1.31-1_amd64.deb ]
[A[K[A[K[A[K[A[K[A[K[A[K[A[K[A[K[ 01 ] [ target/debs/trixie/grub2-common_2.06-13+deb13u1_amd64.deb ]
[ 02 ] [ target/debs/trixie/hsflowd_2.0.51-26_amd64.deb ]
[ 03 ] [ target/debs/trixie/isc-dhcp-relay_4.4.3-P1-2_amd64.deb ]
[ 04 ] [ target/debs/trixie/frr_10.5.4-sonic-0_amd64.deb ]
[ 05 ] [ target/debs/trixie/openssh-server_10.0p1-7_amd64.deb ]
[ 06 ] [ target/python-wheels/trixie/sonic_yang_models-1.0-py3-none-any.whl ]
[ 07 ] [ target/debs/trixie/p4lang-bmv2_1.15.0-9_amd64.deb ]
[A[K[A[K[A[K[A[K[A[K[A[K[A[K[ 01 ] [ target/debs/trixie/grub2-common_2.06-13+deb13u1_amd64.deb ]
[ 02 ] [ target/debs/trixie/hsflowd_2.0.51-26_amd64.deb ]
[ 03 ] [ target/debs/trixie/isc-dhcp-relay_4.4.3-P1-2_amd64.deb ]
[ 04 ] [ target/debs/trixie/frr_10.5.4-sonic-0_amd64.deb ]
[ 05 ] [ target/debs/trixie/openssh-server_10.0p1-7_amd64.deb ]
[ 06 ] [ target/python-wheels/trixie/sonic_yang_models-1.0-py3-none-any.whl ]
[ 07 ] [ target/debs/trixie/p4lang-bmv2_1.15.0-9_amd64.deb ]
[ 08 ] [ target/debs/trixie/libteamdctl0_1.31-1_amd64.deb ]
[A[K[A[K[A[K[A[K[A[K[A[K[A[K[A[K[ 01 ] [ target/debs/trixie/grub2-common_2.06-13+deb13u1_amd64.deb ]
[ 02 ] [ target/debs/trixie/hsflowd_2.0.51-26_amd64.deb ]
[ 03 ] [ target/debs/trixie/isc-dhcp-relay_4.4.3-P1-2_amd64.deb ]
[ 04 ] [ target/debs/trixie/frr_10.5.4-sonic-0_amd64.deb ]
[ 05 ] [ target/debs/trixie/openssh-server_10.0p1-7_amd64.deb ]
[ 06 ] [ target/python-wheels/trixie/sonic_yang_models-1.0-py3-none-any.whl ]
[ 07 ] [ target/debs/trixie/p4lang-bmv2_1.15.0-9_amd64.deb ]
[A[K[A[K[A[K[A[K[A[K[A[K[A[K[ 01 ] [ target/debs/trixie/grub2-common_2.06-13+deb13u1_amd64.deb ]
[ 02 ] [ target/debs/trixie/hsflowd_2.0.51-26_amd64.deb ]
[ 03 ] [ target/debs/trixie/isc-dhcp-relay_4.4.3-P1-2_amd64.deb ]
[ 04 ] [ target/debs/trixie/frr_10.5.4-sonic-0_amd64.deb ]
[ 05 ] [ target/debs/trixie/openssh-server_10.0p1-7_amd64.deb ]
[ 06 ] [ target/python-wheels/trixie/sonic_yang_models-1.0-py3-none-any.whl ]
[ 07 ] [ target/debs/trixie/p4lang-bmv2_1.15.0-9_amd64.deb ]
[ 08 ] [ target/debs/trixie/libteam5_1.31-1_amd64.deb-install ]
[A[K[A[K[A[K[A[K[A[K[A[K[A[K[A[K[ 01 ] [ target/debs/trixie/grub2-common_2.06-13+deb13u1_amd64.deb ]
[ 02 ] [ target/debs/trixie/hsflowd_2.0.51-26_amd64.deb ]
[ 03 ] [ target/debs/trixie/isc-dhcp-relay_4.4.3-P1-2_amd64.deb ]
[ 04 ] [ target/debs/trixie/frr_10.5.4-sonic-0_amd64.deb ]
[ 05 ] [ target/debs/trixie/openssh-server_10.0p1-7_amd64.deb ]
[ 06 ] [ target/python-wheels/trixie/sonic_yang_models-1.0-py3-none-any.whl ]
[ 07 ] [ target/debs/trixie/p4lang-bmv2_1.15.0-9_amd64.deb ]
[A[K[A[K[A[K[A[K[A[K[A[K[A[K[ 01 ] [ target/debs/trixie/grub2-common_2.06-13+deb13u1_amd64.deb ]
[ 02 ] [ target/debs/trixie/hsflowd_2.0.51-26_amd64.deb ]
[ 03 ] [ target/debs/trixie/isc-dhcp-relay_4.4.3-P1-2_amd64.deb ]
[ 04 ] [ target/debs/trixie/frr_10.5.4-sonic-0_amd64.deb ]
[ 05 ] [ target/debs/trixie/openssh-server_10.0p1-7_amd64.deb ]
[ 06 ] [ target/python-wheels/trixie/sonic_yang_models-1.0-py3-none-any.whl ]
[ 07 ] [ target/debs/trixie/p4lang-bmv2_1.15.0-9_amd64.deb ]
[ 08 ] [ target/debs/trixie/libteam-dev_1.31-1_amd64.deb ]
[A[K[A[K[A[K[A[K[A[K[A[K[A[K[A[K[ 01 ] [ target/debs/trixie/grub2-common_2.06-13+deb13u1_amd64.deb ]
[ 02 ] [ target/debs/trixie/hsflowd_2.0.51-26_amd64.deb ]
[ 03 ] [ target/debs/trixie/isc-dhcp-relay_4.4.3-P1-2_amd64.deb ]
[ 04 ] [ target/debs/trixie/frr_10.5.4-sonic-0_amd64.deb ]
[ 05 ] [ target/debs/trixie/openssh-server_10.0p1-7_amd64.deb ]
[ 06 ] [ target/python-wheels/trixie/sonic_yang_models-1.0-py3-none-any.whl ]
[ 07 ] [ target/debs/trixie/p4lang-bmv2_1.15.0-9_amd64.deb ]
[A[K[A[K[A[K[A[K[A[K[A[K[A[K[ 01 ] [ target/debs/trixie/grub2-common_2.06-13+deb13u1_amd64.deb ]
[ 02 ] [ target/debs/trixie/hsflowd_2.0.51-26_amd64.deb ]
[ 03 ] [ target/debs/trixie/isc-dhcp-relay_4.4.3-P1-2_amd64.deb ]
[ 04 ] [ target/debs/trixie/frr_10.5.4-sonic-0_amd64.deb ]
[ 05 ] [ target/debs/trixie/openssh-server_10.0p1-7_amd64.deb ]
[ 06 ] [ target/python-wheels/trixie/sonic_yang_models-1.0-py3-none-any.whl ]
[ 07 ] [ target/debs/trixie/p4lang-bmv2_1.15.0-9_amd64.deb ]
[ 08 ] [ target/debs/trixie/libteam-utils_1.31-1_amd64.deb ]
[A[K[A[K[A[K[A[K[A[K[A[K[A[K[A[K[ 01 ] [ target/debs/trixie/grub2-common_2.06-13+deb13u1_amd64.deb ]
[ 02 ] [ target/debs/trixie/hsflowd_2.0.51-26_amd64.deb ]
[ 03 ] [ target/debs/trixie/isc-dhcp-relay_4.4.3-P1-2_amd64.deb ]
[ 04 ] [ target/debs/trixie/frr_10.5.4-sonic-0_amd64.deb ]
[ 05 ] [ target/debs/trixie/openssh-server_10.0p1-7_amd64.deb ]
[ 06 ] [ target/python-wheels/trixie/sonic_yang_models-1.0-py3-none-any.whl ]
[ 07 ] [ target/debs/trixie/p4lang-bmv2_1.15.0-9_amd64.deb ]
[A[K[A[K[A[K[A[K[A[K[A[K[A[K[ 01 ] [ target/debs/trixie/grub2-common_2.06-13+deb13u1_amd64.deb ]
[ 02 ] [ target/debs/trixie/hsflowd_2.0.51-26_amd64.deb ]
[ 03 ] [ target/debs/trixie/isc-dhcp-relay_4.4.3-P1-2_amd64.deb ]
[ 04 ] [ target/debs/trixie/frr_10.5.4-sonic-0_amd64.deb ]
[ 05 ] [ target/debs/trixie/openssh-server_10.0p1-7_amd64.deb ]
[ 06 ] [ target/python-wheels/trixie/sonic_yang_models-1.0-py3-none-any.whl ]
[ 07 ] [ target/debs/trixie/p4lang-bmv2_1.15.0-9_amd64.deb ]
[ 08 ] [ target/debs/trixie/libteamdctl0_1.31-1_amd64.deb-install ]
[A[K[A[K[A[K[A[K[A[K[A[K[A[K[A[K[ 01 ] [ target/debs/trixie/grub2-common_2.06-13+deb13u1_amd64.deb ]
[ 02 ] [ target/debs/trixie/hsflowd_2.0.51-26_amd64.deb ]
[ 03 ] [ target/debs/trixie/isc-dhcp-relay_4.4.3-P1-2_amd64.deb ]
[ 04 ] [ target/debs/trixie/frr_10.5.4-sonic-0_amd64.deb ]
[ 05 ] [ target/debs/trixie/openssh-server_10.0p1-7_amd64.deb ]
[ 06 ] [ target/python-wheels/trixie/sonic_yang_models-1.0-py3-none-any.whl ]
[ 07 ] [ target/debs/trixie/p4lang-bmv2_1.15.0-9_amd64.deb ]
[A[K[A[K[A[K[A[K[A[K[A[K[A[K[ 01 ] [ target/debs/trixie/grub2-common_2.06-13+deb13u1_amd64.deb ]
[ 02 ] [ target/debs/trixie/hsflowd_2.0.51-26_amd64.deb ]
[ 03 ] [ target/debs/trixie/isc-dhcp-relay_4.4.3-P1-2_amd64.deb ]
[ 04 ] [ target/debs/trixie/frr_10.5.4-sonic-0_amd64.deb ]
[ 05 ] [ target/debs/trixie/openssh-server_10.0p1-7_amd64.deb ]
[ 06 ] [ target/python-wheels/trixie/sonic_yang_models-1.0-py3-none-any.whl ]
[ 07 ] [ target/debs/trixie/p4lang-bmv2_1.15.0-9_amd64.deb ]
[ 08 ] [ target/debs/trixie/libteam-dev_1.31-1_amd64.deb-install ]
[A[K[A[K[A[K[A[K[A[K[A[K[A[K[A[K[ 01 ] [ target/debs/trixie/grub2-common_2.06-13+deb13u1_amd64.deb ]
[ 02 ] [ target/debs/trixie/hsflowd_2.0.51-26_amd64.deb ]
[ 03 ] [ target/debs/trixie/isc-dhcp-relay_4.4.3-P1-2_amd64.deb ]
[ 04 ] [ target/debs/trixie/frr_10.5.4-sonic-0_amd64.deb ]
[ 05 ] [ target/debs/trixie/openssh-server_10.0p1-7_amd64.deb ]
[ 06 ] [ target/python-wheels/trixie/sonic_yang_models-1.0-py3-none-any.whl ]
[ 07 ] [ target/debs/trixie/p4lang-bmv2_1.15.0-9_amd64.deb ]
[A[K[A[K[A[K[A[K[A[K[A[K[A[K[ 01 ] [ target/debs/trixie/grub2-common_2.06-13+deb13u1_amd64.deb ]
[ 02 ] [ target/debs/trixie/hsflowd_2.0.51-26_amd64.deb ]
[ 03 ] [ target/debs/trixie/isc-dhcp-relay_4.4.3-P1-2_amd64.deb ]
[ 04 ] [ target/debs/trixie/frr_10.5.4-sonic-0_amd64.deb ]
[ 05 ] [ target/debs/trixie/openssh-server_10.0p1-7_amd64.deb ]
[ 06 ] [ target/python-wheels/trixie/sonic_yang_models-1.0-py3-none-any.whl ]
[ 07 ] [ target/debs/trixie/p4lang-bmv2_1.15.0-9_amd64.deb ]
[ 08 ] [ target/debs/trixie/libteam-utils_1.31-1_amd64.deb-install ]
[A[K[A[K[A[K[A[K[A[K[A[K[A[K[A[K[ 01 ] [ target/debs/trixie/grub2-common_2.06-13+deb13u1_amd64.deb ]
[ 02 ] [ target/debs/trixie/hsflowd_2.0.51-26_amd64.deb ]
[ 03 ] [ target/debs/trixie/isc-dhcp-relay_4.4.3-P1-2_amd64.deb ]
[ 04 ] [ target/debs/trixie/frr_10.5.4-sonic-0_amd64.deb ]
[ 05 ] [ target/debs/trixie/openssh-server_10.0p1-7_amd64.deb ]
[ 06 ] [ target/python-wheels/trixie/sonic_yang_models-1.0-py3-none-any.whl ]
[ 07 ] [ target/debs/trixie/p4lang-bmv2_1.15.0-9_amd64.deb ]
[A[K[A[K[A[K[A[K[A[K[A[K[A[K[ FAIL LOG START ] [ target/debs/trixie/frr_10.5.4-sonic-0_amd64.deb ]
Build start time: Wed Sep 2 18:06:25 UTC 2026
[ REASON ] :      target/debs/trixie/frr_10.5.4-sonic-0_amd64.deb does not exist   NON-EXISTENT PREREQUISITES: target/debs/trixie/libyang-dev_3.12.2-1_amd64.deb-install target/debs/trixie/libnexthopgroup-dev_1.0.0_amd64.deb-install 
[ FLAGS  FILE    ] : [] 
[ FLAGS  DEPENDS ] : [] 
[ FLAGS  DIFF    ] : [] 
make[1]: Entering directory '/sonic/src/sonic-frr'
make[1]: warning: -j192 forced in submake: resetting jobserver mode.
# Prepare source tree.
pushd ./frr
# Rebuild the patched branch only when it is missing or patch inputs changed.
current_patch_hash=$(cat ../patch/series ../patch/*.patch 2>/dev/null | sha1sum | awk '{print $1}')
recorded_patch_hash="$(cat ../.sonic-frr-patch-frr-10.5.4-patched.sha1 2>/dev/null || true)"
patched_branch_exists=no
if git rev-parse --verify --quiet "refs/heads/frr-10.5.4-patched" >/dev/null; then
patched_branch_exists=yes
fi
if [[ "$patched_branch_exists" == "no" || "$current_patch_hash" != "$recorded_patch_hash" ]]; then
git fetch origin tag frr-10.5.4
# Create a branch out of tag as stg needs a branch.
# Prefix branch name with "build-" to avoid conflicts with tag name.
git checkout -B build-frr-10.5.4 refs/tags/frr-10.5.4
if [[ "$patched_branch_exists" == "yes" ]]; then
stg branch --delete --force frr-10.5.4-patched
fi
stg branch --create frr-10.5.4-patched build-frr-10.5.4
stg import -s ../patch/series
gbp dch --ignore-branch --new-version=10.5.4-sonic-0 --dch-opt="--force-bad-version" --commit --git-author
echo "$current_patch_hash" > ../.sonic-frr-patch-frr-10.5.4-patched.sha1
else
# Reuse existing patched branch.
git checkout frr-10.5.4-patched
fi
# Copy the sonic dplane module source file.
cp ../dplane_fpm_sonic/dplane_fpm_sonic.c zebra/
# Clean artifacts in frr/debian directory from previous run.
fakeroot debian/rules clean
# Also remove the cmake/autoconf build directory to prevent stale compiled
# binaries (e.g. lib/clippy) from a previous build against a different Python
# version (e.g. bookworm/3.11 vs trixie/3.13) from being reused.
rm -rf build/
# Build the package.
FRR_BUILD_PROFILES="pkg.frr.nortrlib"
FRR_BUILD_PROFILES="${FRR_BUILD_PROFILES},pkg.frr.tcmalloc"
dpkg-buildpackage -rfakeroot -b -us -uc -P${FRR_BUILD_PROFILES} -j192 --admindir /sonic/dpkg/tmp.F1BHsIByzQ
popd
mv frr-pythontools_10.5.4-sonic-0_all.deb frr-dbgsym_10.5.4-sonic-0_amd64.deb frr-snmp_10.5.4-sonic-0_amd64.deb frr-snmp-dbgsym_10.5.4-sonic-0_amd64.deb frr_10.5.4-sonic-0_amd64.deb /sonic/target/debs/trixie/
/sonic/src/sonic-frr/frr /sonic/src/sonic-frr
fatal: unable to access 'https://github.com/FRRouting/frr.git/': Failed to connect to github.com port 443 after 134339 ms: Could not connect to server
make[1]: *** [Makefile:16: /sonic/target/debs/trixie/frr_10.5.4-sonic-0_amd64.deb] Error 128
make[1]: Leaving directory '/sonic/src/sonic-frr'
[  FAIL LOG END  ] [ target/debs/trixie/frr_10.5.4-sonic-0_amd64.deb ]
make: *** [slave.mk:919: target/debs/trixie/frr_10.5.4-sonic-0_amd64.deb] Error 1
make: *** Waiting for unfinished jobs....
[ 01 ] [ target/debs/trixie/grub2-common_2.06-13+deb13u1_amd64.deb ]
[ 02 ] [ target/debs/trixie/hsflowd_2.0.51-26_amd64.deb ]
[ 03 ] [ target/debs/trixie/isc-dhcp-relay_4.4.3-P1-2_amd64.deb ]
[ 04 ] [ target/debs/trixie/openssh-server_10.0p1-7_amd64.deb ]
[ 05 ] [ target/python-wheels/trixie/sonic_yang_models-1.0-py3-none-any.whl ]
[ 06 ] [ target/debs/trixie/p4lang-bmv2_1.15.0-9_amd64.deb ]
[A[K[A[K[A[K[A[K[A[K[A[K[ 01 ] [ target/debs/trixie/grub2-common_2.06-13+deb13u1_amd64.deb ]
[ 02 ] [ target/debs/trixie/hsflowd_2.0.51-26_amd64.deb ]
[ 03 ] [ target/debs/trixie/isc-dhcp-relay_4.4.3-P1-2_amd64.deb ]
[ 04 ] [ target/python-wheels/trixie/sonic_yang_models-1.0-py3-none-any.whl ]
[ 05 ] [ target/debs/trixie/p4lang-bmv2_1.15.0-9_amd64.deb ]
[A[K[A[K[A[K[A[K[A[K[ 01 ] [ target/debs/trixie/grub2-common_2.06-13+deb13u1_amd64.deb ]
[ 02 ] [ target/debs/trixie/hsflowd_2.0.51-26_amd64.deb ]
[ 03 ] [ target/debs/trixie/isc-dhcp-relay_4.4.3-P1-2_amd64.deb ]
[ 04 ] [ target/debs/trixie/p4lang-bmv2_1.15.0-9_amd64.deb ]
[A[K[A[K[A[K[A[K[ 01 ] [ target/debs/trixie/grub2-common_2.06-13+deb13u1_amd64.deb ]
[ 02 ] [ target/debs/trixie/hsflowd_2.0.51-26_amd64.deb ]
[ 03 ] [ target/debs/trixie/p4lang-bmv2_1.15.0-9_amd64.deb ]
[A[K[A[K[A[K[ 01 ] [ target/debs/trixie/grub2-common_2.06-13+deb13u1_amd64.deb ]
[ 02 ] [ target/debs/trixie/p4lang-bmv2_1.15.0-9_amd64.deb ]
[A[K[A[K[ 01 ] [ target/debs/trixie/grub2-common_2.06-13+deb13u1_amd64.deb ]
[A[Kmake[1]: *** [Makefile.work:751: target/sonic-vs.bin] Error 2
make[1]: Leaving directory '/data/sonic/sonic-dzf-time-measure'
make: *** [Makefile:50: target/sonic-vs.bin] Error 2
